2026-05-22 10:22:06 [INFO] Training log started: training_20260522_102206.log
2026-05-22 10:22:06 [INFO] PATCH_SIZE=(128, 128, 64), GRAD_ACCUM_STEPS=2
2026-05-22 10:22:06 [INFO] Loading clinical constraints from ./prostate_prime_constraints_v2.csv ...
2026-05-22 10:22:06 [INFO] Curriculum ramp: lambda_mse=25.0 constant, physics lambdas 0 -> target over 30 epochs
2026-05-22 10:22:06 [INFO] Model ready on cuda, epochs=100, AMP=ON
2026-05-22 10:22:06 [INFO] Epoch 1/100 [RAMP 1/30 (3% of physics)] ramp=0.033 lr=1.00e-04
2026-05-22 10:22:12 [INFO] Step 5/54 Loss=29.7887 mse=0.9941 v_opt=2.88879 v_mand=2.34008 ptv=0.2203 ptv_max=0.01448 ring=0.02909 smooth=1.0002 laplacian=3.9689 beam=0.05356 homogeneity=0.0419 body=0.00000 bowel=0.00000 femur=0.00000
2026-05-22 10:22:16 [INFO] Step 10/54 Loss=45.2557 mse=1.5670 v_opt=3.16340 v_mand=2.58720 ptv=0.3613 ptv_max=0.04998 ring=0.07059 smooth=1.6633 laplacian=6.6007 beam=0.01150 homogeneity=0.1051 body=0.00000 bowel=0.06028 femur=0.18047
2026-05-22 10:22:19 [INFO] Step 15/54 Loss=30.0344 mse=0.9798 v_opt=3.09717 v_mand=2.52800 ptv=0.2778 ptv_max=0.01624 ring=0.02955 smooth=1.0334 laplacian=4.1102 beam=0.05755 homogeneity=0.0530 body=0.00000 bowel=0.29112 femur=0.22810
2026-05-22 10:22:21 [INFO] Step 20/54 Loss=37.2365 mse=1.2634 v_opt=3.01353 v_mand=2.45664 ptv=0.3588 ptv_max=0.06480 ring=0.07041 smooth=1.2747 laplacian=5.0651 beam=0.02348 homogeneity=0.1184 body=0.00000 bowel=0.10918 femur=0.20570
2026-05-22 10:22:26 [INFO] Step 25/54 Loss=22.9664 mse=0.6893 v_opt=3.30364 v_mand=2.72424 ptv=0.1740 ptv_max=0.00530 ring=0.01157 smooth=0.8188 laplacian=3.2453 beam=0.27148 homogeneity=0.0242 body=0.00000 bowel=0.39593 femur=0.21601
2026-05-22 10:22:29 [INFO] Step 30/54 Loss=38.2394 mse=1.2488 v_opt=3.95552 v_mand=3.31072 ptv=0.3260 ptv_max=0.03852 ring=0.05790 smooth=1.3693 laplacian=5.4424 beam=0.15970 homogeneity=0.0842 body=0.00000 bowel=0.00000 femur=0.00000
2026-05-22 10:22:32 [INFO] Step 35/54 Loss=17.4054 mse=0.6682 v_opt=0.00000 v_mand=0.00000 ptv=0.0000 ptv_max=0.00000 ring=0.00000 smooth=0.8631 laplacian=3.4159 beam=0.62117 homogeneity=0.0000 body=0.00000 bowel=0.00000 femur=0.00000
2026-05-22 10:22:35 [INFO] Step 40/54 Loss=27.5721 mse=0.9264 v_opt=2.66536 v_mand=2.12158 ptv=0.2926 ptv_max=0.01159 ring=0.02154 smooth=0.6361 laplacian=2.4974 beam=0.01050 homogeneity=0.0478 body=0.00000 bowel=0.09766 femur=0.15058
2026-05-22 10:22:40 [INFO] Step 45/54 Loss=29.9059 mse=1.0315 v_opt=2.45187 v_mand=1.92396 ptv=0.3384 ptv_max=0.01815 ring=0.02965 smooth=0.6495 laplacian=2.5514 beam=0.01619 homogeneity=0.0629 body=0.00000 bowel=0.08732 femur=0.16309
2026-05-22 10:22:42 [INFO] Step 50/54 Loss=23.8161 mse=0.7809 v_opt=2.68125 v_mand=2.12494 ptv=0.2987 ptv_max=0.00869 ring=0.01259 smooth=0.4276 laplacian=1.6743 beam=0.10500 homogeneity=0.0446 body=0.00000 bowel=0.08980 femur=0.20226
2026-05-22 10:22:45 [INFO] Step 54/54 Loss=21.7561 mse=0.7186 v_opt=2.47939 v_mand=1.94740 ptv=0.2586 ptv_max=0.00182 ring=0.00732 smooth=0.3506 laplacian=1.3632 beam=0.17728 homogeneity=0.0285 body=0.00000 bowel=0.00000 femur=0.00000
2026-05-22 10:22:45 [INFO] Running validation at epoch 1...
2026-05-22 10:23:16 [INFO] Epoch 1 Summary: Train=30.8048 Val=0.0717 (MSE=0.0717)
          Metrics: PTV_D95=36.28Gy Bladder=57.80Gy Rectum=54.83Gy
          Metrics: Ring=54.93Gy Dmax=136.86Gy BG=55.89Gy
2026-05-22 10:23:16 [INFO] [PHYSICS] Saved best model val_loss=0.0717
2026-05-22 10:23:16 [INFO] [CLINICAL] Saved best model Score=136.171 PTV_D95=36.28Gy Bladder=57.80Gy Rectum=54.83Gy
2026-05-22 10:23:16 [INFO] Epoch 2/100 [RAMP 2/30 (7% of physics)] ramp=0.067 lr=1.00e-04
2026-05-22 10:23:22 [INFO] Step 5/54 Loss=24.9932 mse=0.7164 v_opt=2.27933 v_mand=1.76386 ptv=0.2812 ptv_max=0.00174 ring=0.00848 smooth=0.4093 laplacian=1.5957 beam=0.29005 homogeneity=0.0313 body=0.00000 bowel=0.00000 femur=0.00000
2026-05-22 10:23:25 [INFO] Step 10/54 Loss=26.3227 mse=0.7533 v_opt=2.36542 v_mand=1.83948 ptv=0.3158 ptv_max=0.00463 ring=0.00753 smooth=0.3358 laplacian=1.3034 beam=0.13471 homogeneity=0.0411 body=0.00000 bowel=0.11978 femur=0.19942
2026-05-22 10:23:28 [INFO] Step 15/54 Loss=24.8465 mse=0.7236 v_opt=2.11836 v_mand=1.61820 ptv=0.3205 ptv_max=0.00282 ring=0.00729 smooth=0.3465 laplacian=1.3465 beam=0.10371 homogeneity=0.0376 body=0.00000 bowel=0.13453 femur=0.23701
2026-05-22 10:23:30 [INFO] Step 20/54 Loss=17.9859 mse=0.4394 v_opt=2.27003 v_mand=1.74352 ptv=0.3201 ptv_max=0.00111 ring=0.00168 smooth=0.1436 laplacian=0.5475 beam=0.10611 homogeneity=0.0349 body=0.00000 bowel=0.18520 femur=0.31409
2026-05-22 10:23:36 [INFO] Step 25/54 Loss=23.7205 mse=0.6842 v_opt=2.08810 v_mand=1.58599 ptv=0.3330 ptv_max=0.00151 ring=0.00373 smooth=0.2926 laplacian=1.1343 beam=0.01785 homogeneity=0.0375 body=0.00000 bowel=0.17665 femur=0.28320
2026-05-22 10:23:39 [INFO] Step 30/54 Loss=21.9207 mse=0.6217 v_opt=1.98338 v_mand=1.50078 ptv=0.3616 ptv_max=0.00245 ring=0.00515 smooth=0.2435 laplacian=0.9397 beam=0.23533 homogeneity=0.0444 body=0.00000 bowel=0.16015 femur=0.34363
2026-05-22 10:23:42 [INFO] Step 35/54 Loss=23.1354 mse=0.6639 v_opt=2.05481 v_mand=1.55577 ptv=0.3487 ptv_max=0.00247 ring=0.00372 smooth=0.2650 laplacian=1.0072 beam=0.03587 homogeneity=0.0427 body=0.00000 bowel=0.14116 femur=0.40375
2026-05-22 10:23:44 [INFO] Step 40/54 Loss=23.4609 mse=0.6867 v_opt=1.95092 v_mand=1.47806 ptv=0.3362 ptv_max=0.00012 ring=0.00033 smooth=0.2540 laplacian=0.9919 beam=0.01906 homogeneity=0.0335 body=0.00000 bowel=0.18812 femur=0.44406
2026-05-22 10:23:49 [INFO] Step 45/54 Loss=17.0434 mse=0.4259 v_opt=2.16359 v_mand=1.65675 ptv=0.3497 ptv_max=0.00000 ring=0.00008 smooth=0.1612 laplacian=0.6113 beam=0.27901 homogeneity=0.0333 body=0.00000 bowel=0.00000 femur=0.00000
2026-05-22 10:23:52 [INFO] Step 50/54 Loss=21.6491 mse=0.6124 v_opt=1.95997 v_mand=1.48347 ptv=0.3467 ptv_max=0.00098 ring=0.00300 smooth=0.2263 laplacian=0.8770 beam=0.08640 homogeneity=0.0386 body=0.00000 bowel=0.19229 femur=0.47268
2026-05-22 10:23:54 [INFO] Step 54/54 Loss=17.7761 mse=0.4583 v_opt=2.02565 v_mand=1.53357 ptv=0.3467 ptv_max=0.00018 ring=0.00045 smooth=0.1265 laplacian=0.4850 beam=0.00209 homogeneity=0.0352 body=0.00000 bowel=0.21881 femur=0.40155
2026-05-22 10:23:55 [INFO] Running validation at epoch 2...
2026-05-22 10:24:24 [INFO] Epoch 2 Summary: Train=21.7988 Val=0.0615 (MSE=0.0615)
          Metrics: PTV_D95=37.85Gy Bladder=51.11Gy Rectum=49.36Gy
          Metrics: Ring=50.74Gy Dmax=113.82Gy BG=53.64Gy
2026-05-22 10:24:24 [INFO] [PHYSICS] Saved best model val_loss=0.0615
2026-05-22 10:24:24 [INFO] [CLINICAL] Saved best model Score=124.764 PTV_D95=37.85Gy Bladder=51.11Gy Rectum=49.36Gy
2026-05-22 10:24:24 [INFO] Epoch 3/100 [RAMP 3/30 (10% of physics)] ramp=0.100 lr=9.99e-05
2026-05-22 10:24:30 [INFO] Step 5/54 Loss=23.7608 mse=0.5406 v_opt=2.16605 v_mand=1.66334 ptv=0.3515 ptv_max=0.00006 ring=0.00029 smooth=0.1659 laplacian=0.6314 beam=0.18168 homogeneity=0.0350 body=0.00000 bowel=0.18470 femur=0.37400
2026-05-22 10:24:33 [INFO] Step 10/54 Loss=18.1744 mse=0.4408 v_opt=1.43608 v_mand=1.06558 ptv=0.3546 ptv_max=0.00023 ring=0.00067 smooth=0.1469 laplacian=0.5579 beam=0.16470 homogeneity=0.0360 body=0.00000 bowel=0.18380 femur=0.45797
2026-05-22 10:24:36 [INFO] Step 15/54 Loss=25.2215 mse=0.6518 v_opt=1.87102 v_mand=1.40219 ptv=0.3534 ptv_max=0.00132 ring=0.00189 smooth=0.2221 laplacian=0.8575 beam=0.04286 homogeneity=0.0395 body=0.00000 bowel=0.15955 femur=0.38745
2026-05-22 10:24:39 [INFO] Step 20/54 Loss=21.3025 mse=0.4968 v_opt=1.88789 v_mand=1.41256 ptv=0.3670 ptv_max=0.00030 ring=0.00113 smooth=0.1705 laplacian=0.6565 beam=0.11430 homogeneity=0.0383 body=0.00000 bowel=0.16192 femur=0.34992
2026-05-22 10:24:44 [INFO] Step 25/54 Loss=24.3849 mse=0.6107 v_opt=1.92993 v_mand=1.45494 ptv=0.3536 ptv_max=0.00008 ring=0.00026 smooth=0.1757 laplacian=0.6742 beam=0.05912 homogeneity=0.0348 body=0.00000 bowel=0.20380 femur=0.34213
2026-05-22 10:24:47 [INFO] Step 30/54 Loss=21.7083 mse=0.5745 v_opt=1.51796 v_mand=1.12000 ptv=0.3654 ptv_max=0.00109 ring=0.00296 smooth=0.2303 laplacian=0.8825 beam=0.00064 homogeneity=0.0410 body=0.00000 bowel=0.15593 femur=0.28521
2026-05-22 10:24:50 [INFO] Step 35/54 Loss=22.0695 mse=0.5794 v_opt=1.54028 v_mand=1.15043 ptv=0.3608 ptv_max=0.00060 ring=0.00117 smooth=0.2059 laplacian=0.7968 beam=0.10179 homogeneity=0.0397 body=0.00000 bowel=0.17110 femur=0.35260
2026-05-22 10:24:53 [INFO] Step 40/54 Loss=21.0839 mse=0.4855 v_opt=1.94233 v_mand=1.47212 ptv=0.3712 ptv_max=0.00008 ring=0.00060 smooth=0.1473 laplacian=0.5618 beam=0.32516 homogeneity=0.0372 body=0.00000 bowel=0.00000 femur=0.29117
2026-05-22 10:24:58 [INFO] Step 45/54 Loss=18.8225 mse=0.4724 v_opt=1.56905 v_mand=1.15076 ptv=0.4118 ptv_max=0.00356 ring=0.00594 smooth=0.1805 laplacian=0.6908 beam=0.08198 homogeneity=0.0509 body=0.00000 bowel=0.00000 femur=0.00000
2026-05-22 10:25:01 [INFO] Step 50/54 Loss=21.5848 mse=0.5399 v_opt=1.71050 v_mand=1.27460 ptv=0.3688 ptv_max=0.00003 ring=0.00028 smooth=0.1778 laplacian=0.6851 beam=0.14172 homogeneity=0.0370 body=0.00000 bowel=0.15672 femur=0.26166
2026-05-22 10:25:03 [INFO] Step 54/54 Loss=19.0444 mse=0.4553 v_opt=1.72310 v_mand=1.27408 ptv=0.3886 ptv_max=0.00088 ring=0.00210 smooth=0.1350 laplacian=0.5062 beam=0.01418 homogeneity=0.0438 body=0.00000 bowel=0.00000 femur=0.18888
2026-05-22 10:25:03 [INFO] Running validation at epoch 3...
2026-05-22 10:25:33 [INFO] Epoch 3 Summary: Train=20.4688 Val=0.0575 (MSE=0.0575)
          Metrics: PTV_D95=37.66Gy Bladder=50.71Gy Rectum=50.92Gy
          Metrics: Ring=50.10Gy Dmax=138.14Gy BG=52.28Gy
2026-05-22 10:25:33 [INFO] [PHYSICS] Saved best model val_loss=0.0575
2026-05-22 10:25:33 [INFO] Epoch 4/100 [RAMP 4/30 (13% of physics)] ramp=0.133 lr=9.98e-05
2026-05-22 10:25:39 [INFO] Step 5/54 Loss=16.1486 mse=0.3236 v_opt=1.40926 v_mand=1.08163 ptv=0.0000 ptv_max=0.00000 ring=0.00000 smooth=0.1037 laplacian=0.3807 beam=0.30530 homogeneity=0.0000 body=0.00000 bowel=0.00000 femur=0.00000
2026-05-22 10:25:42 [INFO] Step 10/54 Loss=22.9980 mse=0.5012 v_opt=1.69151 v_mand=1.24835 ptv=0.3846 ptv_max=0.00161 ring=0.00269 smooth=0.1882 laplacian=0.7081 beam=0.00901 homogeneity=0.0444 body=0.00000 bowel=0.13161 femur=0.21121
2026-05-22 10:25:45 [INFO] Step 15/54 Loss=21.3825 mse=0.4910 v_opt=1.45176 v_mand=1.05750 ptv=0.3697 ptv_max=0.00085 ring=0.00363 smooth=0.1827 laplacian=0.7023 beam=0.00258 homogeneity=0.0402 body=0.00000 bowel=0.14128 femur=0.20965
2026-05-22 10:25:47 [INFO] Step 20/54 Loss=23.3170 mse=0.6184 v_opt=1.23119 v_mand=0.88457 ptv=0.4323 ptv_max=0.00688 ring=0.01766 smooth=0.2920 laplacian=1.1284 beam=0.03888 homogeneity=0.0588 body=0.00000 bowel=0.00000 femur=0.00000
2026-05-22 10:25:53 [INFO] Step 25/54 Loss=24.2245 mse=0.5416 v_opt=1.69234 v_mand=1.26580 ptv=0.3618 ptv_max=0.00003 ring=0.00035 smooth=0.1622 laplacian=0.6282 beam=0.18134 homogeneity=0.0368 body=0.00000 bowel=0.21435 femur=0.16700
2026-05-22 10:25:56 [INFO] Step 30/54 Loss=23.2854 mse=0.5903 v_opt=1.30862 v_mand=0.95108 ptv=0.3781 ptv_max=0.00093 ring=0.00470 smooth=0.2284 laplacian=0.8900 beam=0.03456 homogeneity=0.0415 body=0.00000 bowel=0.14103 femur=0.21012
2026-05-22 10:25:59 [INFO] Step 35/54 Loss=18.1244 mse=0.4191 v_opt=1.18248 v_mand=0.85009 ptv=0.3957 ptv_max=0.00346 ring=0.01030 smooth=0.1860 laplacian=0.7080 beam=0.11865 homogeneity=0.0499 body=0.00000 bowel=0.07953 femur=0.16881
2026-05-22 10:26:01 [INFO] Step 40/54 Loss=23.0215 mse=0.5283 v_opt=1.56172 v_mand=1.15388 ptv=0.3712 ptv_max=0.00069 ring=0.00233 smooth=0.1695 laplacian=0.6467 beam=0.14385 homogeneity=0.0394 body=0.00000 bowel=0.16059 femur=0.16859
2026-05-22 10:26:07 [INFO] Step 45/54 Loss=23.4676 mse=0.5657 v_opt=1.45937 v_mand=1.07688 ptv=0.3750 ptv_max=0.00052 ring=0.00178 smooth=0.1896 laplacian=0.7371 beam=0.22347 homogeneity=0.0400 body=0.00000 bowel=0.13998 femur=0.14781
2026-05-22 10:26:10 [INFO] Step 50/54 Loss=8.2864 mse=0.3148 v_opt=0.00000 v_mand=0.00000 ptv=0.0000 ptv_max=0.00000 ring=0.00000 smooth=0.0847 laplacian=0.3125 beam=0.29652 homogeneity=0.0000 body=0.00000 bowel=0.00000 femur=0.00000
2026-05-22 10:26:12 [INFO] Step 54/54 Loss=20.6348 mse=0.4690 v_opt=1.41321 v_mand=1.03491 ptv=0.3806 ptv_max=0.00065 ring=0.00344 smooth=0.1479 laplacian=0.5709 beam=0.10258 homogeneity=0.0407 body=0.00000 bowel=0.15379 femur=0.17274
2026-05-22 10:26:12 [INFO] Running validation at epoch 4...
2026-05-22 10:26:41 [INFO] Epoch 4 Summary: Train=21.1142 Val=0.0550 (MSE=0.0550)
          Metrics: PTV_D95=36.72Gy Bladder=52.40Gy Rectum=53.99Gy
          Metrics: Ring=50.06Gy Dmax=195.10Gy BG=51.29Gy
2026-05-22 10:26:42 [INFO] [PHYSICS] Saved best model val_loss=0.0550
2026-05-22 10:26:42 [INFO] Epoch 5/100 [RAMP 5/30 (17% of physics)] ramp=0.167 lr=9.96e-05
2026-05-22 10:26:48 [INFO] Step 5/54 Loss=24.6425 mse=0.6168 v_opt=1.09057 v_mand=0.77485 ptv=0.3800 ptv_max=0.00155 ring=0.00866 smooth=0.2681 laplacian=1.0437 beam=0.05361 homogeneity=0.0437 body=0.00000 bowel=0.09866 femur=0.22894
2026-05-22 10:26:51 [INFO] Step 10/54 Loss=14.1823 mse=0.4931 v_opt=0.00000 v_mand=0.00000 ptv=0.3655 ptv_max=0.00002 ring=0.00008 smooth=0.1190 laplacian=0.4485 beam=0.11391 homogeneity=0.0369 body=0.00000 bowel=0.17078 femur=0.12347
2026-05-22 10:26:54 [INFO] Step 15/54 Loss=16.5495 mse=0.2916 v_opt=1.25807 v_mand=0.90285 ptv=0.4077 ptv_max=0.00317 ring=0.01325 smooth=0.0885 laplacian=0.3319 beam=0.14783 homogeneity=0.0491 body=0.00000 bowel=0.00000 femur=0.00000
2026-05-22 10:26:57 [INFO] Step 20/54 Loss=23.5075 mse=0.6007 v_opt=0.94434 v_mand=0.64977 ptv=0.3942 ptv_max=0.00253 ring=0.01280 smooth=0.3195 laplacian=1.2503 beam=0.02250 homogeneity=0.0469 body=0.00000 bowel=0.09475 femur=0.32618
2026-05-22 10:27:02 [INFO] Step 25/54 Loss=23.4443 mse=0.6183 v_opt=0.90670 v_mand=0.61913 ptv=0.4007 ptv_max=0.00327 ring=0.01356 smooth=0.3079 laplacian=1.2078 beam=0.00085 homogeneity=0.0489 body=0.00000 bowel=0.08734 femur=0.21334
2026-05-22 10:27:05 [INFO] Step 30/54 Loss=20.4611 mse=0.4804 v_opt=1.04109 v_mand=0.72115 ptv=0.4000 ptv_max=0.00261 ring=0.01398 smooth=0.1978 laplacian=0.7705 beam=0.11315 homogeneity=0.0474 body=0.00000 bowel=0.08670 femur=0.13646
2026-05-22 10:27:07 [INFO] Step 35/54 Loss=24.0465 mse=0.6347 v_opt=0.92942 v_mand=0.62937 ptv=0.3951 ptv_max=0.00199 ring=0.01023 smooth=0.3297 laplacian=1.2911 beam=0.03984 homogeneity=0.0462 body=0.00000 bowel=0.12669 femur=0.17306
2026-05-22 10:27:11 [INFO] Step 40/54 Loss=22.3532 mse=0.5114 v_opt=1.19196 v_mand=0.81891 ptv=0.4116 ptv_max=0.00267 ring=0.00589 smooth=0.2142 laplacian=0.8307 beam=0.11764 homogeneity=0.0488 body=0.00000 bowel=0.14859 femur=0.15878
2026-05-22 10:27:16 [INFO] Step 45/54 Loss=21.6315 mse=0.5583 v_opt=0.81071 v_mand=0.54227 ptv=0.4224 ptv_max=0.00346 ring=0.01632 smooth=0.2632 laplacian=1.0191 beam=0.22211 homogeneity=0.0532 body=0.00000 bowel=0.07990 femur=0.39297
2026-05-22 10:27:18 [INFO] Step 50/54 Loss=26.8993 mse=0.7606 v_opt=0.81108 v_mand=0.53436 ptv=0.4118 ptv_max=0.00254 ring=0.01039 smooth=0.4939 laplacian=1.9475 beam=0.00227 homogeneity=0.0500 body=0.00000 bowel=0.09732 femur=0.18581
2026-05-22 10:27:21 [INFO] Step 54/54 Loss=20.9841 mse=0.4710 v_opt=1.14440 v_mand=0.80079 ptv=0.3894 ptv_max=0.00064 ring=0.00403 smooth=0.1305 laplacian=0.4979 beam=0.18804 homogeneity=0.0420 body=0.00000 bowel=0.16813 femur=0.20168
2026-05-22 10:27:21 [INFO] Running validation at epoch 5...
2026-05-22 10:27:50 [INFO] Epoch 5 Summary: Train=21.1733 Val=0.0530 (MSE=0.0530)
          Metrics: PTV_D95=36.73Gy Bladder=54.28Gy Rectum=53.07Gy
          Metrics: Ring=49.50Gy Dmax=203.56Gy BG=50.47Gy
2026-05-22 10:27:50 [INFO] [PHYSICS] Saved best model val_loss=0.0530
2026-05-22 10:27:50 [INFO] Epoch 6/100 [RAMP 6/30 (20% of physics)] ramp=0.200 lr=9.94e-05
2026-05-22 10:27:57 [INFO] Step 5/54 Loss=23.0705 mse=0.5480 v_opt=0.90090 v_mand=0.59785 ptv=0.4173 ptv_max=0.00370 ring=0.01726 smooth=0.3231 laplacian=1.2673 beam=0.07745 homogeneity=0.0518 body=0.00000 bowel=0.07352 femur=0.13528
2026-05-22 10:28:00 [INFO] Step 10/54 Loss=23.3493 mse=0.5958 v_opt=0.77399 v_mand=0.50508 ptv=0.4014 ptv_max=0.00223 ring=0.01161 smooth=0.3252 laplacian=1.2702 beam=0.00232 homogeneity=0.0470 body=0.00000 bowel=0.14337 femur=0.13930
2026-05-22 10:28:03 [INFO] Step 15/54 Loss=19.2591 mse=0.4712 v_opt=0.69880 v_mand=0.44933 ptv=0.3967 ptv_max=0.00323 ring=0.01419 smooth=0.2014 laplacian=0.7756 beam=0.11916 homogeneity=0.0494 body=0.00000 bowel=0.12965 femur=0.15781
2026-05-22 10:28:06 [INFO] Step 20/54 Loss=21.1467 mse=0.5530 v_opt=0.62749 v_mand=0.45193 ptv=0.4102 ptv_max=0.00132 ring=0.00692 smooth=0.2100 laplacian=0.8076 beam=0.06290 homogeneity=0.0481 body=0.00000 bowel=0.14537 femur=0.07756
2026-05-22 10:28:10 [INFO] Step 25/54 Loss=22.6076 mse=0.4413 v_opt=1.22242 v_mand=0.86690 ptv=0.4118 ptv_max=0.00161 ring=0.00632 smooth=0.1210 laplacian=0.4607 beam=0.09922 homogeneity=0.0472 body=0.00000 bowel=0.18247 femur=0.11855
2026-05-22 10:28:13 [INFO] Step 30/54 Loss=23.0756 mse=0.6065 v_opt=0.66076 v_mand=0.42692 ptv=0.4232 ptv_max=0.00573 ring=0.02575 smooth=0.4100 laplacian=1.6155 beam=0.00070 homogeneity=0.0556 body=0.00000 bowel=0.08259 femur=0.11570
2026-05-22 10:28:16 [INFO] Step 35/54 Loss=21.8339 mse=0.5395 v_opt=0.79751 v_mand=0.52351 ptv=0.4095 ptv_max=0.00414 ring=0.01723 smooth=0.2280 laplacian=0.8928 beam=0.01834 homogeneity=0.0506 body=0.00000 bowel=0.13137 femur=0.16383
2026-05-22 10:28:19 [INFO] Step 40/54 Loss=17.3997 mse=0.3793 v_opt=0.86591 v_mand=0.57602 ptv=0.4158 ptv_max=0.00245 ring=0.01923 smooth=0.1553 laplacian=0.5992 beam=0.07353 homogeneity=0.0485 body=0.00000 bowel=0.00000 femur=0.00000
2026-05-22 10:28:23 [INFO] Step 45/54 Loss=19.6019 mse=0.4850 v_opt=0.70185 v_mand=0.45397 ptv=0.4402 ptv_max=0.00228 ring=0.01325 smooth=0.2288 laplacian=0.8911 beam=0.04884 homogeneity=0.0542 body=0.00000 bowel=0.04673 femur=0.18525
2026-05-22 10:28:27 [INFO] Step 50/54 Loss=19.3323 mse=0.4854 v_opt=0.67972 v_mand=0.41900 ptv=0.4326 ptv_max=0.00205 ring=0.01107 smooth=0.2606 laplacian=1.0203 beam=0.01886 homogeneity=0.0533 body=0.00000 bowel=0.10167 femur=0.10379
2026-05-22 10:28:30 [INFO] Step 54/54 Loss=21.5518 mse=0.5359 v_opt=0.86382 v_mand=0.57441 ptv=0.4037 ptv_max=0.00127 ring=0.00694 smooth=0.1802 laplacian=0.6852 beam=0.11830 homogeneity=0.0455 body=0.00000 bowel=0.00000 femur=0.10141
2026-05-22 10:28:30 [INFO] Running validation at epoch 6...
2026-05-22 10:28:59 [INFO] Epoch 6 Summary: Train=21.1310 Val=0.0507 (MSE=0.0507)
          Metrics: PTV_D95=36.79Gy Bladder=54.34Gy Rectum=53.89Gy
          Metrics: Ring=49.12Gy Dmax=220.18Gy BG=49.65Gy
2026-05-22 10:28:59 [INFO] [PHYSICS] Saved best model val_loss=0.0507
2026-05-22 10:28:59 [INFO] Epoch 7/100 [RAMP 7/30 (23% of physics)] ramp=0.233 lr=9.91e-05
2026-05-22 10:29:05 [INFO] Step 5/54 Loss=23.2833 mse=0.5242 v_opt=0.85779 v_mand=0.58226 ptv=0.3950 ptv_max=0.00046 ring=0.00517 smooth=0.2132 laplacian=0.8234 beam=0.02158 homogeneity=0.0420 body=0.00000 bowel=0.13012 femur=0.15181
2026-05-22 10:29:07 [INFO] Step 10/54 Loss=21.1602 mse=0.5197 v_opt=0.68171 v_mand=0.44013 ptv=0.4248 ptv_max=0.01071 ring=0.05502 smooth=0.2253 laplacian=0.8691 beam=0.05146 homogeneity=0.0598 body=0.00000 bowel=0.00000 femur=0.00000
2026-05-22 10:29:11 [INFO] Step 15/54 Loss=22.5339 mse=0.5662 v_opt=0.65386 v_mand=0.42357 ptv=0.4468 ptv_max=0.00718 ring=0.04745 smooth=0.2747 laplacian=1.0830 beam=0.19468 homogeneity=0.0614 body=0.00000 bowel=0.00000 femur=0.00000
2026-05-22 10:29:13 [INFO] Step 20/54 Loss=22.7784 mse=0.5273 v_opt=0.79062 v_mand=0.52214 ptv=0.4197 ptv_max=0.00207 ring=0.01351 smooth=0.2341 laplacian=0.9223 beam=0.04072 homogeneity=0.0493 body=0.00000 bowel=0.06730 femur=0.18928
2026-05-22 10:29:18 [INFO] Step 25/54 Loss=19.0890 mse=0.3801 v_opt=0.86611 v_mand=0.55966 ptv=0.4712 ptv_max=0.00515 ring=0.01934 smooth=0.1755 laplacian=0.6760 beam=0.08191 homogeneity=0.0634 body=0.00000 bowel=0.03087 femur=0.04092
2026-05-22 10:29:22 [INFO] Step 30/54 Loss=21.3016 mse=0.3986 v_opt=1.01472 v_mand=0.69646 ptv=0.4127 ptv_max=0.00105 ring=0.00756 smooth=0.0992 laplacian=0.3772 beam=0.17399 homogeneity=0.0457 body=0.00000 bowel=0.16461 femur=0.12036
2026-05-22 10:29:25 [INFO] Step 35/54 Loss=24.2630 mse=0.6292 v_opt=0.60607 v_mand=0.38219 ptv=0.4080 ptv_max=0.00146 ring=0.01836 smooth=0.4294 laplacian=1.7049 beam=0.07655 homogeneity=0.0467 body=0.00000 bowel=0.04730 femur=0.08359
2026-05-22 10:29:28 [INFO] Step 40/54 Loss=22.0958 mse=0.4987 v_opt=0.83130 v_mand=0.55212 ptv=0.4022 ptv_max=0.00054 ring=0.00554 smooth=0.1982 laplacian=0.7642 beam=0.00156 homogeneity=0.0437 body=0.00000 bowel=0.14896 femur=0.07303
2026-05-22 10:29:33 [INFO] Step 45/54 Loss=20.9908 mse=0.5096 v_opt=0.65938 v_mand=0.41534 ptv=0.4333 ptv_max=0.00696 ring=0.01675 smooth=0.2646 laplacian=1.0307 beam=0.06179 homogeneity=0.0577 body=0.00000 bowel=0.05188 femur=0.06785
2026-05-22 10:29:36 [INFO] Step 50/54 Loss=23.3423 mse=0.6131 v_opt=0.56776 v_mand=0.34998 ptv=0.4465 ptv_max=0.00547 ring=0.01531 smooth=0.3510 laplacian=1.3821 beam=0.00426 homogeneity=0.0585 body=0.00000 bowel=0.06376 femur=0.13385
2026-05-22 10:29:39 [INFO] Step 54/54 Loss=19.1407 mse=0.3594 v_opt=0.92494 v_mand=0.61861 ptv=0.4219 ptv_max=0.00110 ring=0.00462 smooth=0.1174 laplacian=0.4481 beam=0.09835 homogeneity=0.0485 body=0.00000 bowel=0.10900 femur=0.09471
2026-05-22 10:29:39 [INFO] Running validation at epoch 7...
2026-05-22 10:30:08 [INFO] Epoch 7 Summary: Train=21.4869 Val=0.0490 (MSE=0.0490)
          Metrics: PTV_D95=35.70Gy Bladder=55.03Gy Rectum=53.81Gy
          Metrics: Ring=48.88Gy Dmax=239.26Gy BG=48.95Gy
2026-05-22 10:30:08 [INFO] [PHYSICS] Saved best model val_loss=0.0490
2026-05-22 10:30:08 [INFO] Epoch 8/100 [RAMP 8/30 (27% of physics)] ramp=0.267 lr=9.88e-05
2026-05-22 10:30:14 [INFO] Step 5/54 Loss=18.1071 mse=0.4392 v_opt=0.41171 v_mand=0.23815 ptv=0.4321 ptv_max=0.00547 ring=0.03631 smooth=0.2595 laplacian=1.0122 beam=0.10682 homogeneity=0.0558 body=0.00000 bowel=0.06808 femur=0.08642
2026-05-22 10:30:17 [INFO] Step 10/54 Loss=19.7479 mse=0.3418 v_opt=0.89431 v_mand=0.58568 ptv=0.4163 ptv_max=0.00132 ring=0.01032 smooth=0.1276 laplacian=0.4928 beam=0.07653 homogeneity=0.0466 body=0.00000 bowel=0.08496 femur=0.13739
2026-05-22 10:30:20 [INFO] Step 15/54 Loss=19.9743 mse=0.4403 v_opt=0.58870 v_mand=0.40721 ptv=0.4268 ptv_max=0.00198 ring=0.01070 smooth=0.1771 laplacian=0.6739 beam=0.09405 homogeneity=0.0493 body=0.00000 bowel=0.12405 femur=0.06969
2026-05-22 10:30:23 [INFO] Step 20/54 Loss=21.2234 mse=0.5122 v_opt=0.51565 v_mand=0.30750 ptv=0.4574 ptv_max=0.00693 ring=0.06459 smooth=0.3460 laplacian=1.3689 beam=0.16615 homogeneity=0.0624 body=0.00000 bowel=0.00000 femur=0.00000
2026-05-22 10:30:29 [INFO] Step 25/54 Loss=23.2542 mse=0.5383 v_opt=0.63747 v_mand=0.39742 ptv=0.4129 ptv_max=0.00093 ring=0.01004 smooth=0.3753 laplacian=1.4849 beam=0.00068 homogeneity=0.0457 body=0.00000 bowel=0.11910 femur=0.07620
2026-05-22 10:30:32 [INFO] Step 30/54 Loss=23.2425 mse=0.5528 v_opt=0.64237 v_mand=0.38831 ptv=0.4232 ptv_max=0.00219 ring=0.01948 smooth=0.3406 laplacian=1.3401 beam=0.07259 homogeneity=0.0494 body=0.00000 bowel=0.07627 femur=0.04597
2026-05-22 10:30:34 [INFO] Step 35/54 Loss=10.6902 mse=0.3607 v_opt=0.00000 v_mand=0.00000 ptv=0.0000 ptv_max=0.00000 ring=0.00000 smooth=0.0612 laplacian=0.2234 beam=0.25868 homogeneity=0.0000 body=0.00000 bowel=0.18122 femur=0.10859
2026-05-22 10:30:37 [INFO] Step 40/54 Loss=17.8295 mse=0.3897 v_opt=0.54850 v_mand=0.34271 ptv=0.4731 ptv_max=0.00228 ring=0.02280 smooth=0.1856 laplacian=0.7098 beam=0.11075 homogeneity=0.0590 body=0.00000 bowel=0.06524 femur=0.04581
2026-05-22 10:30:42 [INFO] Step 45/54 Loss=20.0296 mse=0.4538 v_opt=0.60141 v_mand=0.37883 ptv=0.4266 ptv_max=0.00146 ring=0.01670 smooth=0.1939 laplacian=0.7569 beam=0.04856 homogeneity=0.0488 body=0.00000 bowel=0.10059 femur=0.11313
2026-05-22 10:30:45 [INFO] Step 50/54 Loss=21.7806 mse=0.4999 v_opt=0.63239 v_mand=0.40278 ptv=0.4591 ptv_max=0.00731 ring=0.03987 smooth=0.2950 laplacian=1.1587 beam=0.10310 homogeneity=0.0625 body=0.00000 bowel=0.00000 femur=0.00000
2026-05-22 10:30:47 [INFO] Step 54/54 Loss=20.6399 mse=0.4898 v_opt=0.55238 v_mand=0.32925 ptv=0.4305 ptv_max=0.00318 ring=0.02484 smooth=0.3026 laplacian=1.1970 beam=0.02970 homogeneity=0.0514 body=0.00000 bowel=0.07103 femur=0.05481
2026-05-22 10:30:47 [INFO] Running validation at epoch 8...
2026-05-22 10:31:16 [INFO] Epoch 8 Summary: Train=21.0810 Val=0.0475 (MSE=0.0475)
          Metrics: PTV_D95=36.29Gy Bladder=54.08Gy Rectum=52.83Gy
          Metrics: Ring=48.31Gy Dmax=225.47Gy BG=48.36Gy
2026-05-22 10:31:16 [INFO] [PHYSICS] Saved best model val_loss=0.0475
2026-05-22 10:31:16 [INFO] Epoch 9/100 [RAMP 9/30 (30% of physics)] ramp=0.300 lr=9.84e-05
2026-05-22 10:31:22 [INFO] Step 5/54 Loss=20.4419 mse=0.4290 v_opt=0.59300 v_mand=0.37469 ptv=0.4267 ptv_max=0.00238 ring=0.02164 smooth=0.2366 laplacian=0.9339 beam=0.02880 homogeneity=0.0495 body=0.00000 bowel=0.08153 femur=0.04960
2026-05-22 10:31:25 [INFO] Step 10/54 Loss=6.6645 mse=0.2434 v_opt=0.00000 v_mand=0.00000 ptv=0.0000 ptv_max=0.00000 ring=0.00000 smooth=0.0426 laplacian=0.1495 beam=0.22789 homogeneity=0.0000 body=0.00000 bowel=0.00000 femur=0.00000
2026-05-22 10:31:28 [INFO] Step 15/54 Loss=19.9048 mse=0.4417 v_opt=0.52331 v_mand=0.31173 ptv=0.4491 ptv_max=0.00294 ring=0.02788 smooth=0.2899 laplacian=1.1364 beam=0.00756 homogeneity=0.0553 body=0.00000 bowel=0.02749 femur=0.03215
2026-05-22 10:31:31 [INFO] Step 20/54 Loss=25.6462 mse=0.5965 v_opt=0.61538 v_mand=0.38173 ptv=0.4352 ptv_max=0.00133 ring=0.01657 smooth=0.3851 laplacian=1.5221 beam=0.04747 homogeneity=0.0501 body=0.00000 bowel=0.07137 femur=0.04911
2026-05-22 10:31:35 [INFO] Step 25/54 Loss=19.4930 mse=0.4564 v_opt=0.43154 v_mand=0.26192 ptv=0.4396 ptv_max=0.00214 ring=0.02074 smooth=0.2721 laplacian=1.0685 beam=0.00290 homogeneity=0.0520 body=0.00000 bowel=0.07855 femur=0.03243
2026-05-22 10:31:39 [INFO] Step 30/54 Loss=19.1058 mse=0.4458 v_opt=0.44268 v_mand=0.26004 ptv=0.4264 ptv_max=0.00085 ring=0.01679 smooth=0.2232 laplacian=0.8702 beam=0.12589 homogeneity=0.0475 body=0.00000 bowel=0.10383 femur=0.03741
2026-05-22 10:31:42 [INFO] Step 35/54 Loss=21.2237 mse=0.4799 v_opt=0.54625 v_mand=0.33344 ptv=0.4452 ptv_max=0.00260 ring=0.02161 smooth=0.2695 laplacian=1.0618 beam=0.02867 homogeneity=0.0536 body=0.00000 bowel=0.04819 femur=0.05674
2026-05-22 10:31:45 [INFO] Step 40/54 Loss=20.9264 mse=0.5028 v_opt=0.43160 v_mand=0.26317 ptv=0.4358 ptv_max=0.00139 ring=0.01891 smooth=0.3241 laplacian=1.2764 beam=0.00094 homogeneity=0.0497 body=0.00000 bowel=0.06541 femur=0.04356
2026-05-22 10:31:48 [INFO] Step 45/54 Loss=17.0726 mse=0.3579 v_opt=0.42052 v_mand=0.27778 ptv=0.4523 ptv_max=0.00417 ring=0.02804 smooth=0.2018 laplacian=0.7801 beam=0.09063 homogeneity=0.0565 body=0.00000 bowel=0.05542 femur=0.06829
2026-05-22 10:31:53 [INFO] Step 50/54 Loss=18.5170 mse=0.4204 v_opt=0.50501 v_mand=0.30445 ptv=0.4637 ptv_max=0.00508 ring=0.04840 smooth=0.1751 laplacian=0.6857 beam=0.00739 homogeneity=0.0600 body=0.00000 bowel=0.00000 femur=0.00000
2026-05-22 10:31:56 [INFO] Step 54/54 Loss=21.6952 mse=0.4901 v_opt=0.56922 v_mand=0.36051 ptv=0.4500 ptv_max=0.00255 ring=0.01364 smooth=0.2269 laplacian=0.8890 beam=0.00904 homogeneity=0.0540 body=0.00000 bowel=0.08474 femur=0.04096
2026-05-22 10:31:56 [INFO] Running validation at epoch 9...
2026-05-22 10:32:24 [INFO] Epoch 9 Summary: Train=20.3108 Val=0.0460 (MSE=0.0460)
          Metrics: PTV_D95=36.33Gy Bladder=53.87Gy Rectum=52.91Gy
          Metrics: Ring=47.94Gy Dmax=217.54Gy BG=47.67Gy
2026-05-22 10:32:24 [INFO] [PHYSICS] Saved best model val_loss=0.0460
2026-05-22 10:32:24 [INFO] Epoch 10/100 [RAMP 10/30 (33% of physics)] ramp=0.333 lr=9.80e-05
2026-05-22 10:32:31 [INFO] Step 5/54 Loss=24.7230 mse=0.5596 v_opt=0.55968 v_mand=0.33440 ptv=0.4387 ptv_max=0.00096 ring=0.01375 smooth=0.3485 laplacian=1.3833 beam=0.02774 homogeneity=0.0496 body=0.00000 bowel=0.05350 femur=0.05224
2026-05-22 10:32:34 [INFO] Step 10/54 Loss=7.4600 mse=0.2545 v_opt=0.00000 v_mand=0.00000 ptv=0.0000 ptv_max=0.00000 ring=0.00000 smooth=0.0466 laplacian=0.1570 beam=0.18554 homogeneity=0.0000 body=0.00000 bowel=0.08628 femur=0.02397
2026-05-22 10:32:37 [INFO] Step 15/54 Loss=22.3095 mse=0.5038 v_opt=0.45958 v_mand=0.30770 ptv=0.4425 ptv_max=0.00119 ring=0.01548 smooth=0.2894 laplacian=1.1342 beam=0.05788 homogeneity=0.0503 body=0.00000 bowel=0.03688 femur=0.03151
2026-05-22 10:32:40 [INFO] Step 20/54 Loss=20.5067 mse=0.3914 v_opt=0.65762 v_mand=0.41282 ptv=0.4493 ptv_max=0.00130 ring=0.00929 smooth=0.1462 laplacian=0.5681 beam=0.06470 homogeneity=0.0522 body=0.00000 bowel=0.05840 femur=0.02840
2026-05-22 10:32:45 [INFO] Step 25/54 Loss=22.2208 mse=0.4806 v_opt=0.47017 v_mand=0.29043 ptv=0.4775 ptv_max=0.00650 ring=0.04342 smooth=0.3865 laplacian=1.5395 beam=0.00765 homogeneity=0.0640 body=0.00000 bowel=0.00000 femur=0.00000
2026-05-22 10:32:48 [INFO] Step 30/54 Loss=21.8000 mse=0.5082 v_opt=0.42423 v_mand=0.24927 ptv=0.4621 ptv_max=0.00401 ring=0.02095 smooth=0.3187 laplacian=1.2542 beam=0.03046 homogeneity=0.0579 body=0.00000 bowel=0.02779 femur=0.05189
2026-05-22 10:32:51 [INFO] Step 35/54 Loss=19.3375 mse=0.2384 v_opt=0.82755 v_mand=0.62135 ptv=0.4130 ptv_max=0.00052 ring=0.00229 smooth=0.0447 laplacian=0.1617 beam=0.03521 homogeneity=0.0453 body=0.00000 bowel=0.06785 femur=0.02688
2026-05-22 10:32:54 [INFO] Step 40/54 Loss=6.7175 mse=0.2267 v_opt=0.00000 v_mand=0.00000 ptv=0.0000 ptv_max=0.00000 ring=0.00000 smooth=0.0336 laplacian=0.1129 beam=0.14238 homogeneity=0.0000 body=0.00000 bowel=0.12247 femur=0.00000
2026-05-22 10:32:59 [INFO] Step 45/54 Loss=21.4813 mse=0.4841 v_opt=0.46235 v_mand=0.26783 ptv=0.4535 ptv_max=0.00114 ring=0.02025 smooth=0.3109 laplacian=1.2305 beam=0.02434 homogeneity=0.0519 body=0.00000 bowel=0.05339 femur=0.05009
2026-05-22 10:33:02 [INFO] Step 50/54 Loss=19.3092 mse=0.3876 v_opt=0.50663 v_mand=0.31718 ptv=0.4600 ptv_max=0.00102 ring=0.01364 smooth=0.2587 laplacian=1.0136 beam=0.00041 homogeneity=0.0533 body=0.00000 bowel=0.03100 femur=0.02700
2026-05-22 10:33:04 [INFO] Step 54/54 Loss=19.8320 mse=0.4102 v_opt=0.55934 v_mand=0.33218 ptv=0.4665 ptv_max=0.00155 ring=0.01218 smooth=0.1666 laplacian=0.6459 beam=0.08718 homogeneity=0.0557 body=0.00000 bowel=0.05325 femur=0.03328
2026-05-22 10:33:04 [INFO] Running validation at epoch 10...
2026-05-22 10:33:33 [INFO] Epoch 10 Summary: Train=21.0225 Val=0.0442 (MSE=0.0442)
          Metrics: PTV_D95=35.81Gy Bladder=53.11Gy Rectum=53.71Gy
          Metrics: Ring=47.37Gy Dmax=226.01Gy BG=46.90Gy
2026-05-22 10:33:33 [INFO] [PHYSICS] Saved best model val_loss=0.0442
2026-05-22 10:33:33 [INFO] Epoch 11/100 [RAMP 11/30 (37% of physics)] ramp=0.367 lr=9.76e-05
2026-05-22 10:33:40 [INFO] Step 5/54 Loss=18.3048 mse=0.3755 v_opt=0.44813 v_mand=0.26366 ptv=0.4652 ptv_max=0.00107 ring=0.01452 smooth=0.1341 laplacian=0.5193 beam=0.08776 homogeneity=0.0539 body=0.00000 bowel=0.04869 femur=0.03363
2026-05-22 10:33:43 [INFO] Step 10/54 Loss=22.2604 mse=0.4530 v_opt=0.55780 v_mand=0.32828 ptv=0.4694 ptv_max=0.00186 ring=0.02056 smooth=0.2211 laplacian=0.8695 beam=0.09414 homogeneity=0.0562 body=0.00000 bowel=0.04696 femur=0.03337
2026-05-22 10:33:46 [INFO] Step 15/54 Loss=19.1844 mse=0.3891 v_opt=0.47008 v_mand=0.28279 ptv=0.4992 ptv_max=0.00563 ring=0.04336 smooth=0.1474 laplacian=0.5717 beam=0.08946 homogeneity=0.0667 body=0.00000 bowel=0.00000 femur=0.00000
2026-05-22 10:33:48 [INFO] Step 20/54 Loss=24.1282 mse=0.4969 v_opt=0.53931 v_mand=0.33276 ptv=0.4835 ptv_max=0.00484 ring=0.00868 smooth=0.3168 laplacian=1.2483 beam=0.07575 homogeneity=0.0621 body=0.00000 bowel=0.03650 femur=0.02727
2026-05-22 10:33:54 [INFO] Step 25/54 Loss=20.0972 mse=0.3990 v_opt=0.46967 v_mand=0.29102 ptv=0.4739 ptv_max=0.00158 ring=0.01740 smooth=0.2229 laplacian=0.8773 beam=0.02270 homogeneity=0.0559 body=0.00000 bowel=0.05868 femur=0.03129
2026-05-22 10:33:57 [INFO] Step 30/54 Loss=19.5181 mse=0.4110 v_opt=0.38561 v_mand=0.23533 ptv=0.4780 ptv_max=0.00079 ring=0.01798 smooth=0.2415 laplacian=0.9423 beam=0.13922 homogeneity=0.0560 body=0.00000 bowel=0.03322 femur=0.03154
2026-05-22 10:34:00 [INFO] Step 35/54 Loss=14.5625 mse=0.2715 v_opt=0.39854 v_mand=0.23034 ptv=0.4583 ptv_max=0.00026 ring=0.00185 smooth=0.0458 laplacian=0.1585 beam=0.21289 homogeneity=0.0526 body=0.00000 bowel=0.06830 femur=0.02868
2026-05-22 10:34:02 [INFO] Step 40/54 Loss=21.1918 mse=0.4495 v_opt=0.42940 v_mand=0.25505 ptv=0.4852 ptv_max=0.00234 ring=0.02399 smooth=0.2964 laplacian=1.1766 beam=0.02190 homogeneity=0.0589 body=0.00000 bowel=0.03408 femur=0.02310
2026-05-22 10:34:07 [INFO] Step 45/54 Loss=13.9538 mse=0.1712 v_opt=0.55207 v_mand=0.34606 ptv=0.4818 ptv_max=0.00084 ring=0.01055 smooth=0.0730 laplacian=0.2778 beam=0.02155 homogeneity=0.0563 body=0.00000 bowel=0.00269 femur=0.02194
2026-05-22 10:34:10 [INFO] Step 50/54 Loss=18.5906 mse=0.3776 v_opt=0.45288 v_mand=0.26550 ptv=0.5183 ptv_max=0.00096 ring=0.00964 smooth=0.1648 laplacian=0.6398 beam=0.02752 homogeneity=0.0638 body=0.00000 bowel=0.01651 femur=0.03769
2026-05-22 10:34:12 [INFO] Step 54/54 Loss=22.1173 mse=0.5021 v_opt=0.37094 v_mand=0.22218 ptv=0.5243 ptv_max=0.00317 ring=0.04842 smooth=0.2776 laplacian=1.1014 beam=0.19143 homogeneity=0.0684 body=0.00000 bowel=0.00000 femur=0.00000
2026-05-22 10:34:12 [INFO] Running validation at epoch 11...
2026-05-22 10:34:41 [INFO] Epoch 11 Summary: Train=20.4051 Val=0.0424 (MSE=0.0424)
          Metrics: PTV_D95=35.05Gy Bladder=52.74Gy Rectum=53.34Gy
          Metrics: Ring=46.74Gy Dmax=228.50Gy BG=46.01Gy
2026-05-22 10:34:41 [INFO] [PHYSICS] Saved best model val_loss=0.0424
2026-05-22 10:34:41 [INFO] Epoch 12/100 [RAMP 12/30 (40% of physics)] ramp=0.400 lr=9.71e-05
2026-05-22 10:34:48 [INFO] Step 5/54 Loss=26.7946 mse=0.5805 v_opt=0.42064 v_mand=0.23356 ptv=0.4953 ptv_max=0.00180 ring=0.03093 smooth=0.5121 laplacian=2.0421 beam=0.02823 homogeneity=0.0598 body=0.00000 bowel=0.02377 femur=0.02631
2026-05-22 10:34:51 [INFO] Step 10/54 Loss=31.9258 mse=0.2849 v_opt=1.37165 v_mand=1.00762 ptv=0.4813 ptv_max=0.00010 ring=0.00085 smooth=0.0393 laplacian=0.1416 beam=0.14392 homogeneity=0.0551 body=0.00000 bowel=0.07522 femur=0.03535
2026-05-22 10:34:54 [INFO] Step 15/54 Loss=19.4141 mse=0.3915 v_opt=0.41025 v_mand=0.24672 ptv=0.4942 ptv_max=0.00070 ring=0.00732 smooth=0.1932 laplacian=0.7580 beam=0.00612 homogeneity=0.0577 body=0.00000 bowel=0.02682 femur=0.02492
2026-05-22 10:34:57 [INFO] Step 20/54 Loss=23.3558 mse=0.4820 v_opt=0.48710 v_mand=0.27386 ptv=0.5076 ptv_max=0.00193 ring=0.02067 smooth=0.2953 laplacian=1.1691 beam=0.08921 homogeneity=0.0626 body=0.00000 bowel=0.00876 femur=0.01413
2026-05-22 10:35:02 [INFO] Step 25/54 Loss=26.1235 mse=0.5678 v_opt=0.33604 v_mand=0.20880 ptv=0.5026 ptv_max=0.00088 ring=0.02122 smooth=0.5625 laplacian=2.2382 beam=0.00031 homogeneity=0.0600 body=0.00000 bowel=0.01326 femur=0.01674
2026-05-22 10:35:05 [INFO] Step 30/54 Loss=22.9385 mse=0.4803 v_opt=0.40400 v_mand=0.22810 ptv=0.5119 ptv_max=0.00232 ring=0.02316 smooth=0.3587 laplacian=1.4233 beam=0.05160 homogeneity=0.0634 body=0.00000 bowel=0.02048 femur=0.02242
2026-05-22 10:35:07 [INFO] Step 35/54 Loss=17.2047 mse=0.2078 v_opt=0.58721 v_mand=0.38917 ptv=0.5298 ptv_max=0.00208 ring=0.01064 smooth=0.0464 laplacian=0.1707 beam=0.10186 homogeneity=0.0674 body=0.00000 bowel=0.01906 femur=0.07857
2026-05-22 10:35:10 [INFO] Step 40/54 Loss=20.7830 mse=0.4333 v_opt=0.36275 v_mand=0.20065 ptv=0.5096 ptv_max=0.00066 ring=0.01508 smooth=0.3399 laplacian=1.3474 beam=0.00464 homogeneity=0.0604 body=0.00000 bowel=0.01582 femur=0.02170
2026-05-22 10:35:15 [INFO] Step 45/54 Loss=19.7244 mse=0.4367 v_opt=0.33294 v_mand=0.17722 ptv=0.5137 ptv_max=0.00044 ring=0.01225 smooth=0.2664 laplacian=1.0496 beam=0.02335 homogeneity=0.0607 body=0.00000 bowel=0.01132 femur=0.01334
2026-05-22 10:35:18 [INFO] Step 50/54 Loss=17.7298 mse=0.3544 v_opt=0.41819 v_mand=0.23109 ptv=0.5122 ptv_max=0.00026 ring=0.00776 smooth=0.1166 laplacian=0.4447 beam=0.11325 homogeneity=0.0598 body=0.00000 bowel=0.01815 femur=0.01561
2026-05-22 10:35:20 [INFO] Step 54/54 Loss=20.0384 mse=0.3910 v_opt=0.47056 v_mand=0.26759 ptv=0.5333 ptv_max=0.00109 ring=0.01696 smooth=0.1628 laplacian=0.6373 beam=0.10764 homogeneity=0.0657 body=0.00000 bowel=0.02483 femur=0.01228
2026-05-22 10:35:20 [INFO] Running validation at epoch 12...
2026-05-22 10:35:49 [INFO] Epoch 12 Summary: Train=19.9528 Val=0.0402 (MSE=0.0402)
          Metrics: PTV_D95=35.64Gy Bladder=50.14Gy Rectum=52.63Gy
          Metrics: Ring=45.46Gy Dmax=229.14Gy BG=45.02Gy
2026-05-22 10:35:49 [INFO] [PHYSICS] Saved best model val_loss=0.0402
2026-05-22 10:35:49 [INFO] Epoch 13/100 [RAMP 13/30 (43% of physics)] ramp=0.433 lr=9.65e-05
2026-05-22 10:35:56 [INFO] Step 5/54 Loss=20.5243 mse=0.3510 v_opt=0.52478 v_mand=0.33093 ptv=0.5387 ptv_max=0.00014 ring=0.00357 smooth=0.1099 laplacian=0.4222 beam=0.01449 homogeneity=0.0646 body=0.00000 bowel=0.02293 femur=0.01400
2026-05-22 10:35:58 [INFO] Step 10/54 Loss=19.8524 mse=0.4005 v_opt=0.35045 v_mand=0.20356 ptv=0.5316 ptv_max=0.00016 ring=0.00956 smooth=0.2138 laplacian=0.8399 beam=0.02036 homogeneity=0.0634 body=0.00000 bowel=0.02654 femur=0.01778
2026-05-22 10:36:01 [INFO] Step 15/54 Loss=17.8573 mse=0.3685 v_opt=0.31833 v_mand=0.16748 ptv=0.5454 ptv_max=0.00150 ring=0.01457 smooth=0.1708 laplacian=0.6624 beam=0.02544 homogeneity=0.0673 body=0.00000 bowel=0.00533 femur=0.01577
2026-05-22 10:36:04 [INFO] Step 20/54 Loss=19.6841 mse=0.4083 v_opt=0.32035 v_mand=0.16357 ptv=0.5333 ptv_max=0.00024 ring=0.01249 smooth=0.2833 laplacian=1.1191 beam=0.00074 homogeneity=0.0633 body=0.00000 bowel=0.01223 femur=0.01819
2026-05-22 10:36:10 [INFO] Step 25/54 Loss=19.9494 mse=0.3940 v_opt=0.37088 v_mand=0.19543 ptv=0.5373 ptv_max=0.00011 ring=0.00823 smooth=0.2542 laplacian=1.0009 beam=0.04825 homogeneity=0.0635 body=0.00000 bowel=0.01897 femur=0.02361
2026-05-22 10:36:13 [INFO] Step 30/54 Loss=16.5618 mse=0.3124 v_opt=0.35172 v_mand=0.19496 ptv=0.5474 ptv_max=0.00009 ring=0.00493 smooth=0.1058 laplacian=0.4100 beam=0.06911 homogeneity=0.0655 body=0.00000 bowel=0.01815 femur=0.01071
2026-05-22 10:36:16 [INFO] Step 35/54 Loss=18.6630 mse=0.3935 v_opt=0.28421 v_mand=0.15600 ptv=0.5545 ptv_max=0.00015 ring=0.00593 smooth=0.2192 laplacian=0.8658 beam=0.05862 homogeneity=0.0669 body=0.00000 bowel=0.00677 femur=0.00790
2026-05-22 10:36:19 [INFO] Step 40/54 Loss=21.4244 mse=0.4246 v_opt=0.40232 v_mand=0.22900 ptv=0.5589 ptv_max=0.00001 ring=0.00406 smooth=0.2414 laplacian=0.9567 beam=0.05104 homogeneity=0.0672 body=0.00000 bowel=0.01703 femur=0.01617
2026-05-22 10:36:23 [INFO] Step 45/54 Loss=17.9406 mse=0.3123 v_opt=0.47503 v_mand=0.26205 ptv=0.5760 ptv_max=0.00004 ring=0.00269 smooth=0.0866 laplacian=0.3347 beam=0.04802 homogeneity=0.0702 body=0.00000 bowel=0.00576 femur=0.00412
2026-05-22 10:36:26 [INFO] Step 50/54 Loss=17.0218 mse=0.3423 v_opt=0.31164 v_mand=0.16412 ptv=0.5764 ptv_max=0.00029 ring=0.00448 smooth=0.1310 laplacian=0.5101 beam=0.10508 homogeneity=0.0710 body=0.00000 bowel=0.00592 femur=0.01438
2026-05-22 10:36:28 [INFO] Step 54/54 Loss=18.5714 mse=0.3778 v_opt=0.34490 v_mand=0.18070 ptv=0.5726 ptv_max=0.00031 ring=0.00396 smooth=0.1775 laplacian=0.6941 beam=0.03328 homogeneity=0.0700 body=0.00000 bowel=0.01121 femur=0.01496
2026-05-22 10:36:28 [INFO] Running validation at epoch 13...
2026-05-22 10:36:57 [INFO] Epoch 13 Summary: Train=18.2812 Val=0.0379 (MSE=0.0379)
          Metrics: PTV_D95=34.23Gy Bladder=46.22Gy Rectum=49.17Gy
          Metrics: Ring=43.65Gy Dmax=221.12Gy BG=43.89Gy
2026-05-22 10:36:57 [INFO] [PHYSICS] Saved best model val_loss=0.0379
2026-05-22 10:36:57 [INFO] Epoch 14/100 [RAMP 14/30 (47% of physics)] ramp=0.467 lr=9.59e-05
2026-05-22 10:37:03 [INFO] Step 5/54 Loss=16.2676 mse=0.2898 v_opt=0.28741 v_mand=0.15250 ptv=0.5799 ptv_max=0.00027 ring=0.00973 smooth=0.1684 laplacian=0.6557 beam=0.00814 homogeneity=0.0715 body=0.00000 bowel=0.00906 femur=0.01222
2026-05-22 10:37:06 [INFO] Step 10/54 Loss=16.7161 mse=0.3133 v_opt=0.30406 v_mand=0.14697 ptv=0.6167 ptv_max=0.00001 ring=0.00178 smooth=0.1523 laplacian=0.5856 beam=0.01717 homogeneity=0.0783 body=0.00000 bowel=0.00033 femur=0.01487
2026-05-22 10:37:09 [INFO] Step 15/54 Loss=18.5048 mse=0.3682 v_opt=0.33430 v_mand=0.17000 ptv=0.6012 ptv_max=0.00011 ring=0.00441 smooth=0.1222 laplacian=0.4762 beam=0.08581 homogeneity=0.0751 body=0.00000 bowel=0.00668 femur=0.01437
2026-05-22 10:37:12 [INFO] Step 20/54 Loss=15.8419 mse=0.2588 v_opt=0.34933 v_mand=0.18985 ptv=0.5843 ptv_max=0.00026 ring=0.00974 smooth=0.0943 laplacian=0.3628 beam=0.06066 homogeneity=0.0718 body=0.00000 bowel=0.01071 femur=0.00809
2026-05-22 10:37:17 [INFO] Step 25/54 Loss=20.0175 mse=0.4282 v_opt=0.22880 v_mand=0.11988 ptv=0.6653 ptv_max=0.00000 ring=0.00415 smooth=0.2006 laplacian=0.7915 beam=0.18132 homogeneity=0.0861 body=0.00000 bowel=0.00000 femur=0.00000
2026-05-22 10:37:20 [INFO] Step 30/54 Loss=14.5963 mse=0.2297 v_opt=0.33939 v_mand=0.17167 ptv=0.6277 ptv_max=0.00005 ring=0.00347 smooth=0.0633 laplacian=0.2365 beam=0.08257 homogeneity=0.0796 body=0.00000 bowel=0.00008 femur=0.01262
2026-05-22 10:37:23 [INFO] Step 35/54 Loss=16.5236 mse=0.3192 v_opt=0.30207 v_mand=0.14672 ptv=0.6133 ptv_max=0.00003 ring=0.00132 smooth=0.1161 laplacian=0.4484 beam=0.00228 homogeneity=0.0763 body=0.00000 bowel=0.01552 femur=0.00823
2026-05-22 10:37:26 [INFO] Step 40/54 Loss=15.5752 mse=0.3002 v_opt=0.24776 v_mand=0.11058 ptv=0.6318 ptv_max=0.00051 ring=0.00440 smooth=0.1394 laplacian=0.5425 beam=0.02647 homogeneity=0.0808 body=0.00000 bowel=0.00524 femur=0.01796
2026-05-22 10:37:31 [INFO] Step 45/54 Loss=16.0852 mse=0.3351 v_opt=0.26690 v_mand=0.11935 ptv=0.6255 ptv_max=0.00008 ring=0.00028 smooth=0.1017 laplacian=0.3916 beam=0.00160 homogeneity=0.0785 body=0.00000 bowel=0.00401 femur=0.00527
2026-05-22 10:37:34 [INFO] Step 50/54 Loss=17.4828 mse=0.3677 v_opt=0.24073 v_mand=0.11279 ptv=0.6732 ptv_max=0.00014 ring=0.00078 smooth=0.1226 laplacian=0.4763 beam=0.09708 homogeneity=0.0879 body=0.00000 bowel=0.00032 femur=0.01432
2026-05-22 10:37:36 [INFO] Step 54/54 Loss=18.8474 mse=0.3996 v_opt=0.30167 v_mand=0.13841 ptv=0.7038 ptv_max=0.00000 ring=0.00005 smooth=0.1086 laplacian=0.4178 beam=0.07470 homogeneity=0.0924 body=0.00000 bowel=0.00000 femur=0.00000
2026-05-22 10:37:36 [INFO] Running validation at epoch 14...
2026-05-22 10:38:05 [INFO] Epoch 14 Summary: Train=16.3973 Val=0.0354 (MSE=0.0354)
          Metrics: PTV_D95=32.74Gy Bladder=38.27Gy Rectum=43.14Gy
          Metrics: Ring=40.87Gy Dmax=198.04Gy BG=42.68Gy
2026-05-22 10:38:05 [INFO] [PHYSICS] Saved best model val_loss=0.0354
2026-05-22 10:38:05 [INFO] Epoch 15/100 [RAMP 15/30 (50% of physics)] ramp=0.500 lr=9.53e-05
2026-05-22 10:38:11 [INFO] Step 5/54 Loss=15.4030 mse=0.3032 v_opt=0.19349 v_mand=0.08314 ptv=0.6597 ptv_max=0.00081 ring=0.00194 smooth=0.1195 laplacian=0.4630 beam=0.04230 homogeneity=0.0861 body=0.00000 bowel=0.00085 femur=0.00567
2026-05-22 10:38:14 [INFO] Step 10/54 Loss=16.2870 mse=0.3240 v_opt=0.24424 v_mand=0.10896 ptv=0.6504 ptv_max=0.00001 ring=0.00091 smooth=0.0959 laplacian=0.3729 beam=0.01954 homogeneity=0.0830 body=0.00000 bowel=0.00813 femur=0.00771
2026-05-22 10:38:17 [INFO] Step 15/54 Loss=16.0321 mse=0.3185 v_opt=0.22044 v_mand=0.09168 ptv=0.7175 ptv_max=0.00007 ring=0.00038 smooth=0.0850 laplacian=0.3207 beam=0.05848 homogeneity=0.0959 body=0.00000 bowel=0.00000 femur=0.00309
2026-05-22 10:38:20 [INFO] Step 20/54 Loss=13.8507 mse=0.2404 v_opt=0.22066 v_mand=0.11000 ptv=0.6507 ptv_max=0.00005 ring=0.00136 smooth=0.0553 laplacian=0.2055 beam=0.00597 homogeneity=0.0832 body=0.00000 bowel=0.01561 femur=0.02006
2026-05-22 10:38:26 [INFO] Step 25/54 Loss=16.6080 mse=0.3302 v_opt=0.21713 v_mand=0.09222 ptv=0.6427 ptv_max=0.00032 ring=0.00253 smooth=0.1438 laplacian=0.5592 beam=0.00521 homogeneity=0.0823 body=0.00000 bowel=0.01571 femur=0.03334
2026-05-22 10:38:28 [INFO] Step 30/54 Loss=15.3951 mse=0.3131 v_opt=0.19971 v_mand=0.07732 ptv=0.7194 ptv_max=0.00003 ring=0.00067 smooth=0.0610 laplacian=0.2262 beam=0.10739 homogeneity=0.0956 body=0.00000 bowel=0.00000 femur=0.00218
2026-05-22 10:38:31 [INFO] Step 35/54 Loss=13.3927 mse=0.2956 v_opt=0.08614 v_mand=0.02588 ptv=0.6771 ptv_max=0.00009 ring=0.00091 smooth=0.0918 laplacian=0.3458 beam=0.00026 homogeneity=0.0882 body=0.00000 bowel=0.00105 femur=0.01457
2026-05-22 10:38:34 [INFO] Step 40/54 Loss=12.4670 mse=0.2466 v_opt=0.12696 v_mand=0.03850 ptv=0.7280 ptv_max=0.00006 ring=0.00027 smooth=0.0519 laplacian=0.1899 beam=0.03518 homogeneity=0.0972 body=0.00000 bowel=0.00000 femur=0.00174
2026-05-22 10:38:38 [INFO] Step 45/54 Loss=14.2135 mse=0.2839 v_opt=0.10719 v_mand=0.02717 ptv=0.8270 ptv_max=0.00000 ring=0.00005 smooth=0.0496 laplacian=0.1827 beam=0.22027 homogeneity=0.1162 body=0.00000 bowel=0.00000 femur=0.00000
2026-05-22 10:38:41 [INFO] Step 50/54 Loss=14.3188 mse=0.3095 v_opt=0.13915 v_mand=0.03925 ptv=0.7331 ptv_max=0.00000 ring=0.00008 smooth=0.0751 laplacian=0.2845 beam=0.02244 homogeneity=0.0984 body=0.00000 bowel=0.00001 femur=0.00109
2026-05-22 10:38:44 [INFO] Step 54/54 Loss=12.5075 mse=0.2308 v_opt=0.11936 v_mand=0.03071 ptv=0.8126 ptv_max=0.00005 ring=0.00025 smooth=0.0489 laplacian=0.1746 beam=0.07511 homogeneity=0.1134 body=0.00000 bowel=0.00000 femur=0.00039
2026-05-22 10:38:44 [INFO] Running validation at epoch 15...
2026-05-22 10:39:13 [INFO] Epoch 15 Summary: Train=14.5057 Val=0.0332 (MSE=0.0332)
          Metrics: PTV_D95=30.25Gy Bladder=32.51Gy Rectum=36.10Gy
          Metrics: Ring=38.32Gy Dmax=164.03Gy BG=41.45Gy
2026-05-22 10:39:13 [INFO] [PHYSICS] Saved best model val_loss=0.0332
2026-05-22 10:39:13 [INFO] Epoch 16/100 [RAMP 16/30 (53% of physics)] ramp=0.533 lr=9.46e-05
2026-05-22 10:39:19 [INFO] Step 5/54 Loss=12.3707 mse=0.2632 v_opt=0.05075 v_mand=0.00520 ptv=0.7595 ptv_max=0.00002 ring=0.00002 smooth=0.0374 laplacian=0.1321 beam=0.02914 homogeneity=0.1028 body=0.00000 bowel=0.00000 femur=0.00000
2026-05-22 10:39:22 [INFO] Step 10/54 Loss=13.8517 mse=0.2837 v_opt=0.12282 v_mand=0.03376 ptv=0.7685 ptv_max=0.00003 ring=0.00007 smooth=0.0373 laplacian=0.1326 beam=0.05452 homogeneity=0.1040 body=0.00000 bowel=0.00000 femur=0.00015
2026-05-22 10:39:25 [INFO] Step 15/54 Loss=11.3025 mse=0.2239 v_opt=0.10303 v_mand=0.01980 ptv=0.6674 ptv_max=0.00001 ring=0.00023 smooth=0.0565 laplacian=0.1953 beam=0.00116 homogeneity=0.0861 body=0.00000 bowel=0.00000 femur=0.00611
2026-05-22 10:39:28 [INFO] Step 20/54 Loss=11.5814 mse=0.2012 v_opt=0.10396 v_mand=0.02755 ptv=0.7786 ptv_max=0.00001 ring=0.00006 smooth=0.0309 laplacian=0.1077 beam=0.04190 homogeneity=0.1061 body=0.00000 bowel=0.00000 femur=0.00076
2026-05-22 10:39:33 [INFO] Step 25/54 Loss=9.0504 mse=0.1376 v_opt=0.05858 v_mand=0.00942 ptv=0.7329 ptv_max=0.00001 ring=0.00001 smooth=0.0257 laplacian=0.0849 beam=0.04072 homogeneity=0.0975 body=0.00000 bowel=0.00000 femur=0.00000
2026-05-22 10:39:36 [INFO] Step 30/54 Loss=14.3073 mse=0.3146 v_opt=0.07082 v_mand=0.01111 ptv=0.7971 ptv_max=0.00000 ring=0.00008 smooth=0.0507 laplacian=0.1866 beam=0.04224 homogeneity=0.1107 body=0.00000 bowel=0.00000 femur=0.00000
2026-05-22 10:39:39 [INFO] Step 35/54 Loss=16.0117 mse=0.2155 v_opt=0.27583 v_mand=0.17212 ptv=0.7582 ptv_max=0.00000 ring=0.00001 smooth=0.0316 laplacian=0.1044 beam=0.11799 homogeneity=0.1018 body=0.00000 bowel=0.00000 femur=0.00000
2026-05-22 10:39:42 [INFO] Step 40/54 Loss=5.0992 mse=0.1771 v_opt=0.00000 v_mand=0.00000 ptv=0.0000 ptv_max=0.00000 ring=0.00000 smooth=0.0247 laplacian=0.0772 beam=0.16952 homogeneity=0.0000 body=0.00000 bowel=0.00000 femur=0.00000
2026-05-22 10:39:48 [INFO] Step 45/54 Loss=11.2526 mse=0.2203 v_opt=0.06049 v_mand=0.01042 ptv=0.7309 ptv_max=0.00005 ring=0.00009 smooth=0.0310 laplacian=0.1082 beam=0.05850 homogeneity=0.0975 body=0.00000 bowel=0.00000 femur=0.00003
2026-05-22 10:39:50 [INFO] Step 50/54 Loss=11.1672 mse=0.2204 v_opt=0.03315 v_mand=0.00280 ptv=0.7483 ptv_max=0.00012 ring=0.00014 smooth=0.0470 laplacian=0.1676 beam=0.00033 homogeneity=0.1011 body=0.00000 bowel=0.00000 femur=0.00002
2026-05-22 10:39:53 [INFO] Step 54/54 Loss=13.8455 mse=0.2657 v_opt=0.10484 v_mand=0.02820 ptv=0.8540 ptv_max=0.00002 ring=0.00002 smooth=0.0278 laplacian=0.0968 beam=0.08599 homogeneity=0.1201 body=0.00000 bowel=0.00000 femur=0.00000
2026-05-22 10:39:53 [INFO] Running validation at epoch 16...
2026-05-22 10:40:21 [INFO] Epoch 16 Summary: Train=12.4867 Val=0.0314 (MSE=0.0314)
          Metrics: PTV_D95=30.90Gy Bladder=30.77Gy Rectum=33.17Gy
          Metrics: Ring=37.71Gy Dmax=111.46Gy BG=40.53Gy
2026-05-22 10:40:21 [INFO] [PHYSICS] Saved best model val_loss=0.0314
2026-05-22 10:40:21 [INFO] Epoch 17/100 [RAMP 17/30 (57% of physics)] ramp=0.567 lr=9.39e-05
2026-05-22 10:40:28 [INFO] Step 5/54 Loss=12.0220 mse=0.2474 v_opt=0.03532 v_mand=0.00379 ptv=0.7259 ptv_max=0.00002 ring=0.00010 smooth=0.0434 laplacian=0.1541 beam=0.00604 homogeneity=0.0967 body=0.00000 bowel=0.00000 femur=0.00002
2026-05-22 10:40:31 [INFO] Step 10/54 Loss=12.1559 mse=0.2427 v_opt=0.05658 v_mand=0.00679 ptv=0.7431 ptv_max=0.00000 ring=0.00001 smooth=0.0381 laplacian=0.1369 beam=0.02933 homogeneity=0.0995 body=0.00000 bowel=0.00000 femur=0.00008
2026-05-22 10:40:34 [INFO] Step 15/54 Loss=9.5075 mse=0.1539 v_opt=0.04419 v_mand=0.00296 ptv=0.7216 ptv_max=0.00001 ring=0.00001 smooth=0.0250 laplacian=0.0816 beam=0.03694 homogeneity=0.0956 body=0.00000 bowel=0.00000 femur=0.00044
2026-05-22 10:40:36 [INFO] Step 20/54 Loss=12.5133 mse=0.2560 v_opt=0.06033 v_mand=0.00721 ptv=0.7251 ptv_max=0.00004 ring=0.00005 smooth=0.0427 laplacian=0.1559 beam=0.05933 homogeneity=0.0968 body=0.00000 bowel=0.00000 femur=0.00000
2026-05-22 10:40:41 [INFO] Step 25/54 Loss=12.7246 mse=0.2411 v_opt=0.08096 v_mand=0.01836 ptv=0.7305 ptv_max=0.00002 ring=0.00007 smooth=0.0342 laplacian=0.1176 beam=0.17087 homogeneity=0.0977 body=0.00000 bowel=0.00000 femur=0.00000
2026-05-22 10:40:45 [INFO] Step 30/54 Loss=4.0618 mse=0.1454 v_opt=0.00000 v_mand=0.00000 ptv=0.0000 ptv_max=0.00000 ring=0.00000 smooth=0.0143 laplacian=0.0447 beam=0.10303 homogeneity=0.0000 body=0.00000 bowel=0.00000 femur=0.00000
2026-05-22 10:40:48 [INFO] Step 35/54 Loss=11.7971 mse=0.2487 v_opt=0.04717 v_mand=0.00398 ptv=0.6511 ptv_max=0.00000 ring=0.00004 smooth=0.0387 laplacian=0.1367 beam=0.13127 homogeneity=0.0831 body=0.00000 bowel=0.00000 femur=0.00004
2026-05-22 10:40:51 [INFO] Step 40/54 Loss=14.3949 mse=0.3237 v_opt=0.04119 v_mand=0.00346 ptv=0.7148 ptv_max=0.00002 ring=0.00005 smooth=0.0562 laplacian=0.2108 beam=0.13712 homogeneity=0.0960 body=0.00000 bowel=0.00000 femur=0.00000
2026-05-22 10:40:55 [INFO] Step 45/54 Loss=11.5306 mse=0.2219 v_opt=0.06015 v_mand=0.00743 ptv=0.7067 ptv_max=0.00001 ring=0.00003 smooth=0.0425 laplacian=0.1551 beam=0.06133 homogeneity=0.0936 body=0.00000 bowel=0.00000 femur=0.00000
2026-05-22 10:40:58 [INFO] Step 50/54 Loss=12.4188 mse=0.2163 v_opt=0.08562 v_mand=0.02258 ptv=0.8034 ptv_max=0.00002 ring=0.00001 smooth=0.0269 laplacian=0.0908 beam=0.06380 homogeneity=0.1116 body=0.00000 bowel=0.00000 femur=0.00041
2026-05-22 10:41:01 [INFO] Step 54/54 Loss=9.8237 mse=0.1878 v_opt=0.02641 v_mand=0.00230 ptv=0.6563 ptv_max=0.00001 ring=0.00006 smooth=0.0277 laplacian=0.0979 beam=0.02363 homogeneity=0.0842 body=0.00000 bowel=0.00000 femur=0.00000
2026-05-22 10:41:01 [INFO] Running validation at epoch 17...
2026-05-22 10:41:30 [INFO] Epoch 17 Summary: Train=11.5195 Val=0.0303 (MSE=0.0303)
          Metrics: PTV_D95=32.38Gy Bladder=30.16Gy Rectum=33.28Gy
          Metrics: Ring=38.43Gy Dmax=105.69Gy BG=39.94Gy
2026-05-22 10:41:30 [INFO] [PHYSICS] Saved best model val_loss=0.0303
2026-05-22 10:41:30 [INFO] [CLINICAL] Saved best model Score=123.351 PTV_D95=32.38Gy Bladder=30.16Gy Rectum=33.28Gy
2026-05-22 10:41:30 [INFO] Epoch 18/100 [RAMP 18/30 (60% of physics)] ramp=0.600 lr=9.31e-05
2026-05-22 10:41:36 [INFO] Step 5/54 Loss=10.1523 mse=0.1858 v_opt=0.02739 v_mand=0.00036 ptv=0.6642 ptv_max=0.00002 ring=0.00002 smooth=0.0375 laplacian=0.1325 beam=0.01079 homogeneity=0.0853 body=0.00000 bowel=0.00000 femur=0.00017
2026-05-22 10:41:38 [INFO] Step 10/54 Loss=10.6610 mse=0.2050 v_opt=0.04073 v_mand=0.00712 ptv=0.6155 ptv_max=0.00002 ring=0.00005 smooth=0.0560 laplacian=0.2053 beam=0.00021 homogeneity=0.0774 body=0.00000 bowel=0.00000 femur=0.00001
2026-05-22 10:41:42 [INFO] Step 15/54 Loss=11.8572 mse=0.2580 v_opt=0.03405 v_mand=0.00136 ptv=0.5643 ptv_max=0.00029 ring=0.00006 smooth=0.0409 laplacian=0.1415 beam=0.20790 homogeneity=0.0715 body=0.00000 bowel=0.00000 femur=0.00000
2026-05-22 10:41:44 [INFO] Step 20/54 Loss=10.3747 mse=0.2015 v_opt=0.05826 v_mand=0.00803 ptv=0.6213 ptv_max=0.00002 ring=0.00002 smooth=0.0316 laplacian=0.1125 beam=0.00237 homogeneity=0.0778 body=0.00000 bowel=0.00000 femur=0.00000
2026-05-22 10:41:50 [INFO] Step 25/54 Loss=13.6675 mse=0.3137 v_opt=0.06737 v_mand=0.01235 ptv=0.6292 ptv_max=0.00000 ring=0.00001 smooth=0.0382 laplacian=0.1358 beam=0.06948 homogeneity=0.0799 body=0.00000 bowel=0.00000 femur=0.00000
2026-05-22 10:41:52 [INFO] Step 30/54 Loss=8.9327 mse=0.1440 v_opt=0.03412 v_mand=0.00592 ptv=0.6406 ptv_max=0.00001 ring=0.00003 smooth=0.0260 laplacian=0.0902 beam=0.00297 homogeneity=0.0813 body=0.00000 bowel=0.00000 femur=0.00000
2026-05-22 10:41:56 [INFO] Step 35/54 Loss=13.6670 mse=0.3129 v_opt=0.01643 v_mand=0.00099 ptv=0.6389 ptv_max=0.00009 ring=0.00007 smooth=0.0426 laplacian=0.1571 beam=0.15289 homogeneity=0.0835 body=0.00000 bowel=0.00000 femur=0.00000
2026-05-22 10:41:59 [INFO] Step 40/54 Loss=11.3172 mse=0.1868 v_opt=0.09356 v_mand=0.02620 ptv=0.6758 ptv_max=0.00000 ring=0.00001 smooth=0.0256 laplacian=0.0884 beam=0.07265 homogeneity=0.0874 body=0.00000 bowel=0.00000 femur=0.02465
2026-05-22 10:42:03 [INFO] Step 45/54 Loss=10.1006 mse=0.2003 v_opt=0.01442 v_mand=0.00000 ptv=0.5982 ptv_max=0.00001 ring=0.00002 smooth=0.0330 laplacian=0.1153 beam=0.07346 homogeneity=0.0750 body=0.00000 bowel=0.00000 femur=0.00000
2026-05-22 10:42:06 [INFO] Step 50/54 Loss=10.7288 mse=0.2240 v_opt=0.03711 v_mand=0.00626 ptv=0.5603 ptv_max=0.00001 ring=0.00006 smooth=0.0494 laplacian=0.1759 beam=0.05177 homogeneity=0.0680 body=0.00000 bowel=0.00000 femur=0.00079
2026-05-22 10:42:08 [INFO] Step 54/54 Loss=9.3665 mse=0.1954 v_opt=0.03192 v_mand=0.00052 ptv=0.5245 ptv_max=0.00001 ring=0.00001 smooth=0.0446 laplacian=0.1614 beam=0.00758 homogeneity=0.0622 body=0.00000 bowel=0.00000 femur=0.00022
2026-05-22 10:42:08 [INFO] Running validation at epoch 18...
2026-05-22 10:42:37 [INFO] Epoch 18 Summary: Train=11.3952 Val=0.0294 (MSE=0.0294)
          Metrics: PTV_D95=33.75Gy Bladder=28.51Gy Rectum=31.47Gy
          Metrics: Ring=38.52Gy Dmax=103.92Gy BG=39.48Gy
2026-05-22 10:42:37 [INFO] [PHYSICS] Saved best model val_loss=0.0294
2026-05-22 10:42:37 [INFO] [CLINICAL] Saved best model Score=117.425 PTV_D95=33.75Gy Bladder=28.51Gy Rectum=31.47Gy
2026-05-22 10:42:37 [INFO] Epoch 19/100 [RAMP 19/30 (63% of physics)] ramp=0.633 lr=9.23e-05
2026-05-22 10:42:44 [INFO] Step 5/54 Loss=12.1227 mse=0.1871 v_opt=0.16742 v_mand=0.06661 ptv=0.5891 ptv_max=0.00000 ring=0.00002 smooth=0.0227 laplacian=0.0730 beam=0.07267 homogeneity=0.0724 body=0.00000 bowel=0.00000 femur=0.00000
2026-05-22 10:42:46 [INFO] Step 10/54 Loss=11.9362 mse=0.2230 v_opt=0.06080 v_mand=0.01142 ptv=0.6701 ptv_max=0.00000 ring=0.00000 smooth=0.0315 laplacian=0.1108 beam=0.06569 homogeneity=0.0868 body=0.00000 bowel=0.00000 femur=0.00000
2026-05-22 10:42:49 [INFO] Step 15/54 Loss=10.6393 mse=0.2189 v_opt=0.03724 v_mand=0.00586 ptv=0.5483 ptv_max=0.00002 ring=0.00003 smooth=0.0459 laplacian=0.1637 beam=0.02214 homogeneity=0.0662 body=0.00000 bowel=0.00000 femur=0.00070
2026-05-22 10:42:52 [INFO] Step 20/54 Loss=9.7341 mse=0.1825 v_opt=0.03062 v_mand=0.00137 ptv=0.5781 ptv_max=0.00001 ring=0.00006 smooth=0.0390 laplacian=0.1404 beam=0.01670 homogeneity=0.0715 body=0.00000 bowel=0.00000 femur=0.00000
2026-05-22 10:42:58 [INFO] Step 25/54 Loss=11.2905 mse=0.2259 v_opt=0.07536 v_mand=0.02009 ptv=0.5493 ptv_max=0.00000 ring=0.00001 smooth=0.0453 laplacian=0.1581 beam=0.02127 homogeneity=0.0660 body=0.00000 bowel=0.00000 femur=0.00000
2026-05-22 10:43:01 [INFO] Step 30/54 Loss=7.6776 mse=0.1491 v_opt=0.04980 v_mand=0.00433 ptv=0.4415 ptv_max=0.00000 ring=0.00007 smooth=0.0277 laplacian=0.0948 beam=0.00687 homogeneity=0.0476 body=0.00000 bowel=0.00000 femur=0.00153
2026-05-22 10:43:04 [INFO] Step 35/54 Loss=9.5624 mse=0.1758 v_opt=0.01570 v_mand=0.00138 ptv=0.5776 ptv_max=0.00003 ring=0.00012 smooth=0.0323 laplacian=0.1112 beam=0.05159 homogeneity=0.0717 body=0.00000 bowel=0.00000 femur=0.00000
2026-05-22 10:43:07 [INFO] Step 40/54 Loss=11.1761 mse=0.2365 v_opt=0.02914 v_mand=0.00393 ptv=0.5533 ptv_max=0.00000 ring=0.00001 smooth=0.0449 laplacian=0.1628 beam=0.06656 homogeneity=0.0665 body=0.00000 bowel=0.00000 femur=0.00000
2026-05-22 10:43:12 [INFO] Step 45/54 Loss=10.2193 mse=0.2218 v_opt=0.01014 v_mand=0.00018 ptv=0.5214 ptv_max=0.00002 ring=0.00006 smooth=0.0434 laplacian=0.1542 beam=0.01647 homogeneity=0.0618 body=0.00000 bowel=0.00000 femur=0.00012
2026-05-22 10:43:15 [INFO] Step 50/54 Loss=9.4531 mse=0.2080 v_opt=0.01869 v_mand=0.00096 ptv=0.4724 ptv_max=0.00000 ring=0.00001 smooth=0.0441 laplacian=0.1550 beam=0.00631 homogeneity=0.0528 body=0.00000 bowel=0.00000 femur=0.00000
2026-05-22 10:43:17 [INFO] Step 54/54 Loss=9.7227 mse=0.1655 v_opt=0.09943 v_mand=0.02323 ptv=0.5338 ptv_max=0.00000 ring=0.00001 smooth=0.0211 laplacian=0.0708 beam=0.09465 homogeneity=0.0635 body=0.00000 bowel=0.00000 femur=0.00000
2026-05-22 10:43:17 [INFO] Running validation at epoch 19...
2026-05-22 10:43:46 [INFO] Epoch 19 Summary: Train=10.4811 Val=0.0291 (MSE=0.0291)
          Metrics: PTV_D95=37.54Gy Bladder=28.74Gy Rectum=31.92Gy
          Metrics: Ring=40.48Gy Dmax=104.81Gy BG=39.35Gy
2026-05-22 10:43:46 [INFO] [PHYSICS] Saved best model val_loss=0.0291
2026-05-22 10:43:46 [INFO] [CLINICAL] Saved best model Score=106.509 PTV_D95=37.54Gy Bladder=28.74Gy Rectum=31.92Gy
2026-05-22 10:43:46 [INFO] Epoch 20/100 [RAMP 20/30 (67% of physics)] ramp=0.667 lr=9.14e-05
2026-05-22 10:43:52 [INFO] Step 5/54 Loss=9.4932 mse=0.1858 v_opt=0.02791 v_mand=0.00053 ptv=0.5348 ptv_max=0.00002 ring=0.00001 smooth=0.0255 laplacian=0.0881 beam=0.02054 homogeneity=0.0636 body=0.00000 bowel=0.00000 femur=0.00000
2026-05-22 10:43:55 [INFO] Step 10/54 Loss=10.3408 mse=0.2099 v_opt=0.03202 v_mand=0.00138 ptv=0.5316 ptv_max=0.00000 ring=0.00000 smooth=0.0295 laplacian=0.1019 beam=0.07824 homogeneity=0.0631 body=0.00000 bowel=0.00000 femur=0.00000
2026-05-22 10:43:58 [INFO] Step 15/54 Loss=9.8276 mse=0.2166 v_opt=0.05184 v_mand=0.01508 ptv=0.3760 ptv_max=0.00000 ring=0.00001 smooth=0.0260 laplacian=0.0888 beam=0.16037 homogeneity=0.0365 body=0.00000 bowel=0.00000 femur=0.00000
2026-05-22 10:44:01 [INFO] Step 20/54 Loss=10.7923 mse=0.2404 v_opt=0.05070 v_mand=0.00660 ptv=0.4576 ptv_max=0.00000 ring=0.00002 smooth=0.0376 laplacian=0.1338 beam=0.08992 homogeneity=0.0504 body=0.00000 bowel=0.00000 femur=0.00000
2026-05-22 10:44:06 [INFO] Step 25/54 Loss=11.8804 mse=0.3180 v_opt=0.01365 v_mand=0.00000 ptv=0.4091 ptv_max=0.00000 ring=0.00001 smooth=0.0443 laplacian=0.1569 beam=0.02031 homogeneity=0.0424 body=0.00000 bowel=0.00000 femur=0.00001
2026-05-22 10:44:09 [INFO] Step 30/54 Loss=8.0351 mse=0.1330 v_opt=0.08403 v_mand=0.02271 ptv=0.4281 ptv_max=0.00001 ring=0.00003 smooth=0.0305 laplacian=0.1051 beam=0.00024 homogeneity=0.0460 body=0.00000 bowel=0.00000 femur=0.00000
2026-05-22 10:44:12 [INFO] Step 35/54 Loss=8.0772 mse=0.1709 v_opt=0.01549 v_mand=0.00009 ptv=0.4014 ptv_max=0.00002 ring=0.00003 smooth=0.0413 laplacian=0.1432 beam=0.01283 homogeneity=0.0414 body=0.00000 bowel=0.00000 femur=0.00061
2026-05-22 10:44:15 [INFO] Step 40/54 Loss=7.8626 mse=0.1723 v_opt=0.00136 v_mand=0.00000 ptv=0.3800 ptv_max=0.00000 ring=0.00005 smooth=0.0409 laplacian=0.1442 beam=0.00149 homogeneity=0.0379 body=0.00000 bowel=0.00000 femur=0.00000
2026-05-22 10:44:20 [INFO] Step 45/54 Loss=8.9720 mse=0.1977 v_opt=0.01735 v_mand=0.00064 ptv=0.4256 ptv_max=0.00002 ring=0.00005 smooth=0.0395 laplacian=0.1351 beam=0.01843 homogeneity=0.0456 body=0.00000 bowel=0.00000 femur=0.00000
2026-05-22 10:44:23 [INFO] Step 50/54 Loss=9.2869 mse=0.2113 v_opt=0.04448 v_mand=0.00617 ptv=0.3867 ptv_max=0.00000 ring=0.00008 smooth=0.0343 laplacian=0.1181 beam=0.06652 homogeneity=0.0391 body=0.00000 bowel=0.00000 femur=0.00001
2026-05-22 10:44:25 [INFO] Step 54/54 Loss=8.1883 mse=0.1609 v_opt=0.01797 v_mand=0.00051 ptv=0.4665 ptv_max=0.00000 ring=0.00000 smooth=0.0229 laplacian=0.0780 beam=0.01225 homogeneity=0.0521 body=0.00000 bowel=0.00000 femur=0.00042
2026-05-22 10:44:25 [INFO] Running validation at epoch 20...
2026-05-22 10:44:54 [INFO] Epoch 20 Summary: Train=9.2809 Val=0.0286 (MSE=0.0286)
          Metrics: PTV_D95=40.45Gy Bladder=29.68Gy Rectum=30.06Gy
          Metrics: Ring=42.63Gy Dmax=109.41Gy BG=39.06Gy
2026-05-22 10:44:54 [INFO] [PHYSICS] Saved best model val_loss=0.0286
2026-05-22 10:44:54 [INFO] [CLINICAL] Saved best model Score=95.901 PTV_D95=40.45Gy Bladder=29.68Gy Rectum=30.06Gy
2026-05-22 10:44:54 [INFO] Epoch 21/100 [RAMP 21/30 (70% of physics)] ramp=0.700 lr=9.05e-05
2026-05-22 10:45:01 [INFO] Step 5/54 Loss=9.5458 mse=0.2074 v_opt=0.06534 v_mand=0.00925 ptv=0.3898 ptv_max=0.00001 ring=0.00003 smooth=0.0384 laplacian=0.1346 beam=0.04772 homogeneity=0.0393 body=0.00000 bowel=0.00005 femur=0.00000
2026-05-22 10:45:04 [INFO] Step 10/54 Loss=6.9376 mse=0.1473 v_opt=0.03362 v_mand=0.00080 ptv=0.3167 ptv_max=0.00001 ring=0.00004 smooth=0.0257 laplacian=0.0820 beam=0.07380 homogeneity=0.0283 body=0.00000 bowel=0.00024 femur=0.00006
2026-05-22 10:45:06 [INFO] Step 15/54 Loss=8.3336 mse=0.1815 v_opt=0.00949 v_mand=0.00000 ptv=0.3661 ptv_max=0.00001 ring=0.00002 smooth=0.0317 laplacian=0.1041 beam=0.09539 homogeneity=0.0357 body=0.00000 bowel=0.00000 femur=0.00000
2026-05-22 10:45:09 [INFO] Step 20/54 Loss=8.1846 mse=0.1653 v_opt=0.01771 v_mand=0.00109 ptv=0.4021 ptv_max=0.00000 ring=0.00001 smooth=0.0227 laplacian=0.0739 beam=0.09315 homogeneity=0.0410 body=0.00000 bowel=0.00000 femur=0.00000
2026-05-22 10:45:15 [INFO] Step 25/54 Loss=8.7031 mse=0.1901 v_opt=0.05845 v_mand=0.00836 ptv=0.3605 ptv_max=0.00000 ring=0.00002 smooth=0.0298 laplacian=0.1024 beam=0.02837 homogeneity=0.0350 body=0.00000 bowel=0.00810 femur=0.00000
2026-05-22 10:45:18 [INFO] Step 30/54 Loss=9.6093 mse=0.2200 v_opt=0.02265 v_mand=0.00020 ptv=0.4019 ptv_max=0.00005 ring=0.00006 smooth=0.0359 laplacian=0.1236 beam=0.05732 homogeneity=0.0426 body=0.00000 bowel=0.00000 femur=0.00000
2026-05-22 10:45:21 [INFO] Step 35/54 Loss=7.5412 mse=0.1459 v_opt=0.00369 v_mand=0.00000 ptv=0.4144 ptv_max=0.00004 ring=0.00008 smooth=0.0279 laplacian=0.0944 beam=0.00388 homogeneity=0.0443 body=0.00000 bowel=0.00000 femur=0.00034
2026-05-22 10:45:24 [INFO] Step 40/54 Loss=9.2501 mse=0.1887 v_opt=0.05596 v_mand=0.01592 ptv=0.3819 ptv_max=0.00000 ring=0.00010 smooth=0.0344 laplacian=0.1183 beam=0.07333 homogeneity=0.0377 body=0.00000 bowel=0.00000 femur=0.00000
2026-05-22 10:45:29 [INFO] Step 45/54 Loss=8.9987 mse=0.1902 v_opt=0.03066 v_mand=0.00525 ptv=0.3972 ptv_max=0.00002 ring=0.00016 smooth=0.0387 laplacian=0.1276 beam=0.04255 homogeneity=0.0429 body=0.00000 bowel=0.00085 femur=0.00041
2026-05-22 10:45:31 [INFO] Step 50/54 Loss=7.7881 mse=0.1645 v_opt=0.02665 v_mand=0.00400 ptv=0.3750 ptv_max=0.00000 ring=0.00002 smooth=0.0254 laplacian=0.0877 beam=0.00832 homogeneity=0.0367 body=0.00000 bowel=0.00056 femur=0.00000
2026-05-22 10:45:34 [INFO] Step 54/54 Loss=7.5250 mse=0.1776 v_opt=0.00505 v_mand=0.00006 ptv=0.3149 ptv_max=0.00002 ring=0.00007 smooth=0.0377 laplacian=0.1273 beam=0.00031 homogeneity=0.0283 body=0.00000 bowel=0.00000 femur=0.00022
2026-05-22 10:45:34 [INFO] Running validation at epoch 21...
2026-05-22 10:46:03 [INFO] Epoch 21 Summary: Train=8.6189 Val=0.0275 (MSE=0.0275)
          Metrics: PTV_D95=41.27Gy Bladder=26.96Gy Rectum=32.12Gy
          Metrics: Ring=42.30Gy Dmax=107.45Gy BG=38.38Gy
2026-05-22 10:46:03 [INFO] [PHYSICS] Saved best model val_loss=0.0275
2026-05-22 10:46:03 [INFO] [CLINICAL] Saved best model Score=95.515 PTV_D95=41.27Gy Bladder=26.96Gy Rectum=32.12Gy
2026-05-22 10:46:03 [INFO] Epoch 22/100 [RAMP 22/30 (73% of physics)] ramp=0.733 lr=8.96e-05
2026-05-22 10:46:09 [INFO] Step 5/54 Loss=7.2674 mse=0.1373 v_opt=0.04597 v_mand=0.00836 ptv=0.3557 ptv_max=0.00003 ring=0.00003 smooth=0.0257 laplacian=0.0863 beam=0.00052 homogeneity=0.0348 body=0.00000 bowel=0.00020 femur=0.00001
2026-05-22 10:46:12 [INFO] Step 10/54 Loss=7.8199 mse=0.1443 v_opt=0.06363 v_mand=0.01227 ptv=0.3623 ptv_max=0.00000 ring=0.00001 smooth=0.0258 laplacian=0.0793 beam=0.05176 homogeneity=0.0350 body=0.00000 bowel=0.00000 femur=0.00000
2026-05-22 10:46:15 [INFO] Step 15/54 Loss=7.5441 mse=0.1620 v_opt=0.01720 v_mand=0.00085 ptv=0.3202 ptv_max=0.00001 ring=0.00001 smooth=0.0267 laplacian=0.0895 beam=0.08338 homogeneity=0.0291 body=0.00000 bowel=0.00024 femur=0.00094
2026-05-22 10:46:18 [INFO] Step 20/54 Loss=7.7916 mse=0.1690 v_opt=0.01518 v_mand=0.00054 ptv=0.3369 ptv_max=0.00001 ring=0.00003 smooth=0.0334 laplacian=0.1145 beam=0.03883 homogeneity=0.0316 body=0.00000 bowel=0.00015 femur=0.00000
2026-05-22 10:46:24 [INFO] Step 25/54 Loss=7.8812 mse=0.1693 v_opt=0.00164 v_mand=0.00000 ptv=0.3546 ptv_max=0.00003 ring=0.00002 smooth=0.0361 laplacian=0.1241 beam=0.01586 homogeneity=0.0345 body=0.00000 bowel=0.00000 femur=0.00000
2026-05-22 10:46:26 [INFO] Step 30/54 Loss=8.1782 mse=0.1736 v_opt=0.00758 v_mand=0.00000 ptv=0.3792 ptv_max=0.00014 ring=0.00005 smooth=0.0307 laplacian=0.1052 beam=0.01982 homogeneity=0.0381 body=0.00000 bowel=0.00000 femur=0.00000
2026-05-22 10:46:29 [INFO] Step 35/54 Loss=6.9261 mse=0.1335 v_opt=0.07837 v_mand=0.00970 ptv=0.2933 ptv_max=0.00000 ring=0.00005 smooth=0.0281 laplacian=0.0961 beam=0.06010 homogeneity=0.0249 body=0.00000 bowel=0.00000 femur=0.00109
2026-05-22 10:46:32 [INFO] Step 40/54 Loss=8.0211 mse=0.1834 v_opt=0.02154 v_mand=0.00192 ptv=0.3122 ptv_max=0.00000 ring=0.00002 smooth=0.0310 laplacian=0.1063 beam=0.05999 homogeneity=0.0275 body=0.00000 bowel=0.00093 femur=0.00002
2026-05-22 10:46:38 [INFO] Step 45/54 Loss=6.6168 mse=0.1266 v_opt=0.00203 v_mand=0.00000 ptv=0.3586 ptv_max=0.00001 ring=0.00001 smooth=0.0215 laplacian=0.0740 beam=0.00248 homogeneity=0.0343 body=0.00000 bowel=0.00163 femur=0.00000
2026-05-22 10:46:41 [INFO] Step 50/54 Loss=9.7684 mse=0.2523 v_opt=0.02230 v_mand=0.00039 ptv=0.2973 ptv_max=0.00006 ring=0.00014 smooth=0.0281 laplacian=0.0949 beam=0.12937 homogeneity=0.0264 body=0.00000 bowel=0.00000 femur=0.00000
2026-05-22 10:46:43 [INFO] Step 54/54 Loss=7.3333 mse=0.1345 v_opt=0.04935 v_mand=0.01089 ptv=0.3243 ptv_max=0.00003 ring=0.00002 smooth=0.0204 laplacian=0.0653 beam=0.06584 homogeneity=0.0295 body=0.00000 bowel=0.01741 femur=0.00000
2026-05-22 10:46:43 [INFO] Running validation at epoch 22...
2026-05-22 10:47:12 [INFO] Epoch 22 Summary: Train=8.1519 Val=0.0266 (MSE=0.0266)
          Metrics: PTV_D95=43.05Gy Bladder=28.01Gy Rectum=30.60Gy
          Metrics: Ring=42.58Gy Dmax=105.76Gy BG=37.80Gy
2026-05-22 10:47:12 [INFO] [PHYSICS] Saved best model val_loss=0.0266
2026-05-22 10:47:12 [INFO] [CLINICAL] Saved best model Score=88.650 PTV_D95=43.05Gy Bladder=28.01Gy Rectum=30.60Gy
2026-05-22 10:47:12 [INFO] Epoch 23/100 [RAMP 23/30 (77% of physics)] ramp=0.767 lr=8.86e-05
2026-05-22 10:47:18 [INFO] Step 5/54 Loss=7.7869 mse=0.2005 v_opt=0.00076 v_mand=0.00000 ptv=0.2327 ptv_max=0.00058 ring=0.00005 smooth=0.0194 laplacian=0.0639 beam=0.10807 homogeneity=0.0191 body=0.00000 bowel=0.00000 femur=0.00000
2026-05-22 10:47:21 [INFO] Step 10/54 Loss=7.1701 mse=0.1494 v_opt=0.06372 v_mand=0.01461 ptv=0.2666 ptv_max=0.00006 ring=0.00006 smooth=0.0270 laplacian=0.0883 beam=0.00950 homogeneity=0.0219 body=0.00000 bowel=0.00000 femur=0.00000
2026-05-22 10:47:24 [INFO] Step 15/54 Loss=6.1839 mse=0.1271 v_opt=0.04462 v_mand=0.00272 ptv=0.2586 ptv_max=0.00004 ring=0.00007 smooth=0.0222 laplacian=0.0743 beam=0.05979 homogeneity=0.0208 body=0.00000 bowel=0.00000 femur=0.00001
2026-05-22 10:47:27 [INFO] Step 20/54 Loss=6.4865 mse=0.1400 v_opt=0.01043 v_mand=0.00000 ptv=0.2718 ptv_max=0.00002 ring=0.00007 smooth=0.0268 laplacian=0.0913 beam=0.04521 homogeneity=0.0222 body=0.00000 bowel=0.00000 femur=0.00000
2026-05-22 10:47:32 [INFO] Step 25/54 Loss=8.7498 mse=0.1982 v_opt=0.01537 v_mand=0.00051 ptv=0.3412 ptv_max=0.00001 ring=0.00001 smooth=0.0261 laplacian=0.0861 beam=0.07659 homogeneity=0.0321 body=0.00000 bowel=0.00000 femur=0.00000
2026-05-22 10:47:35 [INFO] Step 30/54 Loss=8.6200 mse=0.1814 v_opt=0.00928 v_mand=0.00000 ptv=0.3761 ptv_max=0.00000 ring=0.00000 smooth=0.0207 laplacian=0.0683 beam=0.08860 homogeneity=0.0372 body=0.00000 bowel=0.00000 femur=0.00000
2026-05-22 10:47:38 [INFO] Step 35/54 Loss=7.9636 mse=0.1709 v_opt=0.00561 v_mand=0.00000 ptv=0.3489 ptv_max=0.00002 ring=0.00006 smooth=0.0275 laplacian=0.0960 beam=0.02695 homogeneity=0.0334 body=0.00000 bowel=0.00000 femur=0.00000
2026-05-22 10:47:41 [INFO] Step 40/54 Loss=6.6742 mse=0.1212 v_opt=0.00328 v_mand=0.00000 ptv=0.3549 ptv_max=0.00001 ring=0.00001 smooth=0.0161 laplacian=0.0527 beam=0.04350 homogeneity=0.0344 body=0.00000 bowel=0.00087 femur=0.00000
2026-05-22 10:47:47 [INFO] Step 45/54 Loss=7.3511 mse=0.1696 v_opt=0.02970 v_mand=0.00336 ptv=0.2819 ptv_max=0.00000 ring=0.00000 smooth=0.0267 laplacian=0.0880 beam=0.01534 homogeneity=0.0234 body=0.00000 bowel=0.00000 femur=0.00000
2026-05-22 10:47:50 [INFO] Step 50/54 Loss=7.3130 mse=0.1653 v_opt=0.00091 v_mand=0.00000 ptv=0.2990 ptv_max=0.00001 ring=0.00001 smooth=0.0257 laplacian=0.0886 beam=0.03465 homogeneity=0.0258 body=0.00000 bowel=0.00000 femur=0.00000
2026-05-22 10:47:52 [INFO] Step 54/54 Loss=9.0566 mse=0.1884 v_opt=0.03343 v_mand=0.00334 ptv=0.3644 ptv_max=0.00002 ring=0.00003 smooth=0.0241 laplacian=0.0774 beam=0.13183 homogeneity=0.0360 body=0.00000 bowel=0.00000 femur=0.00000
2026-05-22 10:47:52 [INFO] Running validation at epoch 23...
2026-05-22 10:48:22 [INFO] Epoch 23 Summary: Train=7.9293 Val=0.0257 (MSE=0.0257)
          Metrics: PTV_D95=42.27Gy Bladder=25.68Gy Rectum=27.88Gy
          Metrics: Ring=41.22Gy Dmax=112.42Gy BG=37.10Gy
2026-05-22 10:48:22 [INFO] [PHYSICS] Saved best model val_loss=0.0257
2026-05-22 10:48:22 [INFO] [CLINICAL] Saved best model Score=88.268 PTV_D95=42.27Gy Bladder=25.68Gy Rectum=27.88Gy
2026-05-22 10:48:22 [INFO] Epoch 24/100 [RAMP 24/30 (80% of physics)] ramp=0.800 lr=8.76e-05
2026-05-22 10:48:28 [INFO] Step 5/54 Loss=6.8035 mse=0.1533 v_opt=0.03117 v_mand=0.00062 ptv=0.2600 ptv_max=0.00010 ring=0.00005 smooth=0.0255 laplacian=0.0852 beam=0.02807 homogeneity=0.0212 body=0.00000 bowel=0.00002 femur=0.00000
2026-05-22 10:48:31 [INFO] Step 10/54 Loss=10.0301 mse=0.2668 v_opt=0.04457 v_mand=0.00422 ptv=0.2882 ptv_max=0.00002 ring=0.00002 smooth=0.0256 laplacian=0.0877 beam=0.01218 homogeneity=0.0245 body=0.00000 bowel=0.00000 femur=0.00000
2026-05-22 10:48:34 [INFO] Step 15/54 Loss=9.5790 mse=0.2138 v_opt=0.05501 v_mand=0.00922 ptv=0.3058 ptv_max=0.00000 ring=0.00000 smooth=0.0259 laplacian=0.0868 beam=0.13498 homogeneity=0.0265 body=0.00000 bowel=0.00000 femur=0.00000
2026-05-22 10:48:36 [INFO] Step 20/54 Loss=4.6491 mse=0.1550 v_opt=0.00000 v_mand=0.00000 ptv=0.0000 ptv_max=0.00000 ring=0.00000 smooth=0.0153 laplacian=0.0470 beam=0.14337 homogeneity=0.0000 body=0.00000 bowel=0.00000 femur=0.00000
2026-05-22 10:48:42 [INFO] Step 25/54 Loss=5.7579 mse=0.1149 v_opt=0.00291 v_mand=0.00000 ptv=0.2690 ptv_max=0.00004 ring=0.00001 smooth=0.0237 laplacian=0.0753 beam=0.01174 homogeneity=0.0225 body=0.00000 bowel=0.00000 femur=0.00000
2026-05-22 10:48:45 [INFO] Step 30/54 Loss=9.9583 mse=0.2010 v_opt=0.04573 v_mand=0.01134 ptv=0.3392 ptv_max=0.00001 ring=0.00003 smooth=0.0240 laplacian=0.0806 beam=0.09562 homogeneity=0.0317 body=0.00000 bowel=0.03841 femur=0.00000
2026-05-22 10:48:47 [INFO] Step 35/54 Loss=7.6760 mse=0.1481 v_opt=0.00019 v_mand=0.00000 ptv=0.3509 ptv_max=0.00001 ring=0.00001 smooth=0.0229 laplacian=0.0761 beam=0.07685 homogeneity=0.0334 body=0.00000 bowel=0.00000 femur=0.00000
2026-05-22 10:48:50 [INFO] Step 40/54 Loss=6.9751 mse=0.1553 v_opt=0.00060 v_mand=0.00000 ptv=0.2877 ptv_max=0.00002 ring=0.00001 smooth=0.0257 laplacian=0.0846 beam=0.00571 homogeneity=0.0255 body=0.00000 bowel=0.00000 femur=0.00000
2026-05-22 10:48:55 [INFO] Step 45/54 Loss=8.5925 mse=0.2444 v_opt=0.02197 v_mand=0.00165 ptv=0.1298 ptv_max=0.00311 ring=0.00019 smooth=0.0299 laplacian=0.1005 beam=0.14995 homogeneity=0.0119 body=0.00000 bowel=0.00000 femur=0.00000
2026-05-22 10:48:58 [INFO] Step 50/54 Loss=7.9268 mse=0.1532 v_opt=0.06309 v_mand=0.00796 ptv=0.3263 ptv_max=0.00004 ring=0.00002 smooth=0.0400 laplacian=0.1300 beam=0.00437 homogeneity=0.0310 body=0.00000 bowel=0.00000 femur=0.00000
2026-05-22 10:49:00 [INFO] Step 54/54 Loss=6.4442 mse=0.1271 v_opt=0.00873 v_mand=0.00000 ptv=0.2990 ptv_max=0.00001 ring=0.00002 smooth=0.0214 laplacian=0.0727 beam=0.02524 homogeneity=0.0259 body=0.00000 bowel=0.00307 femur=0.00000
2026-05-22 10:49:00 [INFO] Running validation at epoch 24...
2026-05-22 10:49:30 [INFO] Epoch 24 Summary: Train=7.9136 Val=0.0250 (MSE=0.0250)
          Metrics: PTV_D95=45.28Gy Bladder=28.87Gy Rectum=28.23Gy
          Metrics: Ring=43.46Gy Dmax=106.00Gy BG=36.75Gy
2026-05-22 10:49:30 [INFO] [PHYSICS] Saved best model val_loss=0.0250
2026-05-22 10:49:30 [INFO] [CLINICAL] Saved best model Score=80.236 PTV_D95=45.28Gy Bladder=28.87Gy Rectum=28.23Gy
2026-05-22 10:49:30 [INFO] Epoch 25/100 [RAMP 25/30 (83% of physics)] ramp=0.833 lr=8.66e-05
2026-05-22 10:49:35 [INFO] Step 5/54 Loss=7.9751 mse=0.1679 v_opt=0.02741 v_mand=0.00288 ptv=0.2996 ptv_max=0.00000 ring=0.00001 smooth=0.0208 laplacian=0.0664 beam=0.09431 homogeneity=0.0257 body=0.00000 bowel=0.00000 femur=0.00000
2026-05-22 10:49:39 [INFO] Step 10/54 Loss=7.6197 mse=0.1461 v_opt=0.01173 v_mand=0.00003 ptv=0.3026 ptv_max=0.00001 ring=0.00001 smooth=0.0213 laplacian=0.0711 beam=0.04183 homogeneity=0.0264 body=0.00000 bowel=0.03973 femur=0.00000
2026-05-22 10:49:41 [INFO] Step 15/54 Loss=6.8110 mse=0.1269 v_opt=0.00396 v_mand=0.00000 ptv=0.2992 ptv_max=0.00004 ring=0.00005 smooth=0.0260 laplacian=0.0774 beam=0.07567 homogeneity=0.0286 body=0.00000 bowel=0.00000 femur=0.00000
2026-05-22 10:49:44 [INFO] Step 20/54 Loss=7.4580 mse=0.1707 v_opt=0.02890 v_mand=0.00371 ptv=0.2600 ptv_max=0.00007 ring=0.00004 smooth=0.0213 laplacian=0.0716 beam=0.03628 homogeneity=0.0210 body=0.00000 bowel=0.00000 femur=0.00000
2026-05-22 10:49:50 [INFO] Step 25/54 Loss=6.2551 mse=0.1271 v_opt=0.00395 v_mand=0.00000 ptv=0.2752 ptv_max=0.00002 ring=0.00001 smooth=0.0213 laplacian=0.0717 beam=0.01398 homogeneity=0.0230 body=0.00000 bowel=0.00139 femur=0.00000
2026-05-22 10:49:53 [INFO] Step 30/54 Loss=9.2149 mse=0.2929 v_opt=0.00000 v_mand=0.00000 ptv=0.1343 ptv_max=0.00188 ring=0.00000 smooth=0.0278 laplacian=0.0931 beam=0.02625 homogeneity=0.0105 body=0.00000 bowel=0.00000 femur=0.00000
2026-05-22 10:49:56 [INFO] Step 35/54 Loss=6.9898 mse=0.1564 v_opt=0.00009 v_mand=0.00000 ptv=0.2624 ptv_max=0.00001 ring=0.00001 smooth=0.0288 laplacian=0.0969 beam=0.02275 homogeneity=0.0222 body=0.00000 bowel=0.00000 femur=0.00000
2026-05-22 10:49:59 [INFO] Step 40/54 Loss=7.9055 mse=0.2242 v_opt=0.01500 v_mand=0.00038 ptv=0.1175 ptv_max=0.00340 ring=0.00031 smooth=0.0233 laplacian=0.0808 beam=0.14070 homogeneity=0.0115 body=0.00000 bowel=0.00000 femur=0.00000
2026-05-22 10:50:04 [INFO] Step 45/54 Loss=6.7058 mse=0.1440 v_opt=0.00040 v_mand=0.00000 ptv=0.2676 ptv_max=0.00001 ring=0.00001 smooth=0.0285 laplacian=0.0953 beam=0.02109 homogeneity=0.0220 body=0.00000 bowel=0.00000 femur=0.00000
2026-05-22 10:50:07 [INFO] Step 50/54 Loss=6.5187 mse=0.1509 v_opt=0.01039 v_mand=0.00000 ptv=0.2280 ptv_max=0.00003 ring=0.00002 smooth=0.0234 laplacian=0.0756 beam=0.04931 homogeneity=0.0172 body=0.00000 bowel=0.00000 femur=0.00000
2026-05-22 10:50:10 [INFO] Step 54/54 Loss=6.2795 mse=0.1309 v_opt=0.00566 v_mand=0.00000 ptv=0.2652 ptv_max=0.00010 ring=0.00003 smooth=0.0280 laplacian=0.0894 beam=0.00032 homogeneity=0.0231 body=0.00000 bowel=0.00000 femur=0.00000
2026-05-22 10:50:10 [INFO] Running validation at epoch 25...
2026-05-22 10:50:39 [INFO] Epoch 25 Summary: Train=7.1340 Val=0.0245 (MSE=0.0245)
          Metrics: PTV_D95=44.25Gy Bladder=24.30Gy Rectum=29.85Gy
          Metrics: Ring=41.52Gy Dmax=111.01Gy BG=36.35Gy
2026-05-22 10:50:39 [INFO] [PHYSICS] Saved best model val_loss=0.0245
2026-05-22 10:50:39 [INFO] Epoch 26/100 [RAMP 26/30 (87% of physics)] ramp=0.867 lr=8.55e-05
2026-05-22 10:50:45 [INFO] Step 5/54 Loss=5.8880 mse=0.1352 v_opt=0.00576 v_mand=0.00000 ptv=0.2106 ptv_max=0.00002 ring=0.00006 smooth=0.0271 laplacian=0.0911 beam=0.00014 homogeneity=0.0146 body=0.00000 bowel=0.00000 femur=0.00000
2026-05-22 10:50:48 [INFO] Step 10/54 Loss=7.0694 mse=0.1602 v_opt=0.01358 v_mand=0.00027 ptv=0.2416 ptv_max=0.00000 ring=0.00001 smooth=0.0220 laplacian=0.0710 beam=0.06873 homogeneity=0.0179 body=0.00000 bowel=0.00000 femur=0.00000
2026-05-22 10:50:51 [INFO] Step 15/54 Loss=7.2501 mse=0.1085 v_opt=0.07035 v_mand=0.01507 ptv=0.3181 ptv_max=0.00000 ring=0.00000 smooth=0.0150 laplacian=0.0462 beam=0.06474 homogeneity=0.0296 body=0.00000 bowel=0.00000 femur=0.00000
2026-05-22 10:50:54 [INFO] Step 20/54 Loss=6.2261 mse=0.1282 v_opt=0.04464 v_mand=0.00610 ptv=0.2203 ptv_max=0.00009 ring=0.00002 smooth=0.0222 laplacian=0.0710 beam=0.03401 homogeneity=0.0168 body=0.00000 bowel=0.00000 femur=0.00000
2026-05-22 10:51:00 [INFO] Step 25/54 Loss=7.2082 mse=0.1614 v_opt=0.00605 v_mand=0.00000 ptv=0.2631 ptv_max=0.00001 ring=0.00003 smooth=0.0235 laplacian=0.0799 beam=0.02972 homogeneity=0.0212 body=0.00000 bowel=0.00146 femur=0.00000
2026-05-22 10:51:02 [INFO] Step 30/54 Loss=7.2822 mse=0.1819 v_opt=0.01728 v_mand=0.00038 ptv=0.2084 ptv_max=0.00002 ring=0.00000 smooth=0.0252 laplacian=0.0809 beam=0.05843 homogeneity=0.0147 body=0.00000 bowel=0.00000 femur=0.00009
2026-05-22 10:51:05 [INFO] Step 35/54 Loss=9.7278 mse=0.2763 v_opt=0.01734 v_mand=0.00090 ptv=0.2363 ptv_max=0.00001 ring=0.00001 smooth=0.0254 laplacian=0.0857 beam=0.00070 homogeneity=0.0177 body=0.00000 bowel=0.00000 femur=0.00000
2026-05-22 10:51:08 [INFO] Step 40/54 Loss=7.8101 mse=0.1648 v_opt=0.01776 v_mand=0.00022 ptv=0.2958 ptv_max=0.00001 ring=0.00001 smooth=0.0356 laplacian=0.1099 beam=0.02846 homogeneity=0.0262 body=0.00000 bowel=0.00000 femur=0.00000
2026-05-22 10:51:14 [INFO] Step 45/54 Loss=8.9377 mse=0.1839 v_opt=0.00000 v_mand=0.00000 ptv=0.3440 ptv_max=0.00000 ring=0.00000 smooth=0.0190 laplacian=0.0563 beam=0.12655 homogeneity=0.0318 body=0.00000 bowel=0.00000 femur=0.00000
2026-05-22 10:51:16 [INFO] Step 50/54 Loss=5.5971 mse=0.1303 v_opt=0.00373 v_mand=0.00000 ptv=0.1961 ptv_max=0.00009 ring=0.00000 smooth=0.0235 laplacian=0.0776 beam=0.00869 homogeneity=0.0136 body=0.00000 bowel=0.00000 femur=0.00000
2026-05-22 10:51:18 [INFO] Step 54/54 Loss=6.3459 mse=0.1302 v_opt=0.04426 v_mand=0.00265 ptv=0.2528 ptv_max=0.00003 ring=0.00002 smooth=0.0231 laplacian=0.0769 beam=0.00132 homogeneity=0.0200 body=0.00000 bowel=0.00000 femur=0.00000
2026-05-22 10:51:18 [INFO] Running validation at epoch 26...
2026-05-22 10:51:47 [INFO] Epoch 26 Summary: Train=6.8557 Val=0.0238 (MSE=0.0238)
          Metrics: PTV_D95=46.50Gy Bladder=27.83Gy Rectum=29.08Gy
          Metrics: Ring=43.34Gy Dmax=112.46Gy BG=35.93Gy
2026-05-22 10:51:47 [INFO] [PHYSICS] Saved best model val_loss=0.0238
2026-05-22 10:51:47 [INFO] [CLINICAL] Saved best model Score=76.774 PTV_D95=46.50Gy Bladder=27.83Gy Rectum=29.08Gy
2026-05-22 10:51:47 [INFO] Epoch 27/100 [RAMP 27/30 (90% of physics)] ramp=0.900 lr=8.44e-05
2026-05-22 10:51:54 [INFO] Step 5/54 Loss=12.4252 mse=0.2119 v_opt=0.00000 v_mand=0.00000 ptv=0.5373 ptv_max=0.00000 ring=0.00000 smooth=0.0268 laplacian=0.0838 beam=0.16507 homogeneity=0.0638 body=0.00000 bowel=0.00000 femur=0.00000
2026-05-22 10:51:57 [INFO] Step 10/54 Loss=6.1379 mse=0.1349 v_opt=0.01022 v_mand=0.00000 ptv=0.2154 ptv_max=0.00002 ring=0.00003 smooth=0.0318 laplacian=0.1062 beam=0.00378 homogeneity=0.0157 body=0.00000 bowel=0.00000 femur=0.00000
2026-05-22 10:52:00 [INFO] Step 15/54 Loss=5.9168 mse=0.1178 v_opt=0.00725 v_mand=0.00000 ptv=0.2366 ptv_max=0.00001 ring=0.00000 smooth=0.0167 laplacian=0.0512 beam=0.05810 homogeneity=0.0179 body=0.00000 bowel=0.00000 femur=0.00000
2026-05-22 10:52:02 [INFO] Step 20/54 Loss=8.3620 mse=0.2347 v_opt=0.00000 v_mand=0.00000 ptv=0.0619 ptv_max=0.00975 ring=0.00015 smooth=0.0331 laplacian=0.1166 beam=0.13730 homogeneity=0.0180 body=0.00000 bowel=0.00000 femur=0.00000
2026-05-22 10:52:07 [INFO] Step 25/54 Loss=5.4899 mse=0.1229 v_opt=0.00226 v_mand=0.00000 ptv=0.1900 ptv_max=0.00005 ring=0.00001 smooth=0.0276 laplacian=0.0923 beam=0.00662 homogeneity=0.0129 body=0.00000 bowel=0.00000 femur=0.00000
2026-05-22 10:52:11 [INFO] Step 30/54 Loss=7.2809 mse=0.1682 v_opt=0.02848 v_mand=0.00268 ptv=0.2203 ptv_max=0.00005 ring=0.00004 smooth=0.0257 laplacian=0.0827 beam=0.04656 homogeneity=0.0174 body=0.00000 bowel=0.00000 femur=0.00000
2026-05-22 10:52:14 [INFO] Step 35/54 Loss=5.8630 mse=0.1230 v_opt=0.00953 v_mand=0.00000 ptv=0.2128 ptv_max=0.00004 ring=0.00002 smooth=0.0166 laplacian=0.0528 beam=0.07142 homogeneity=0.0151 body=0.00000 bowel=0.00044 femur=0.00000
2026-05-22 10:52:16 [INFO] Step 40/54 Loss=5.4713 mse=0.1118 v_opt=0.01337 v_mand=0.00000 ptv=0.2121 ptv_max=0.00003 ring=0.00001 smooth=0.0235 laplacian=0.0789 beam=0.01445 homogeneity=0.0150 body=0.00000 bowel=0.00220 femur=0.00000
2026-05-22 10:52:21 [INFO] Step 45/54 Loss=7.0159 mse=0.1595 v_opt=0.01415 v_mand=0.00006 ptv=0.2157 ptv_max=0.00005 ring=0.00000 smooth=0.0267 laplacian=0.0844 beam=0.08187 homogeneity=0.0158 body=0.00000 bowel=0.00000 femur=0.00000
2026-05-22 10:52:24 [INFO] Step 50/54 Loss=6.3344 mse=0.1518 v_opt=0.00229 v_mand=0.00000 ptv=0.1880 ptv_max=0.00008 ring=0.00003 smooth=0.0204 laplacian=0.0639 beam=0.06858 homogeneity=0.0124 body=0.00000 bowel=0.00000 femur=0.00000
2026-05-22 10:52:27 [INFO] Step 54/54 Loss=7.4663 mse=0.1882 v_opt=0.00000 v_mand=0.00000 ptv=0.2070 ptv_max=0.00009 ring=0.00001 smooth=0.0217 laplacian=0.0703 beam=0.06494 homogeneity=0.0148 body=0.00000 bowel=0.00000 femur=0.00000
2026-05-22 10:52:27 [INFO] Running validation at epoch 27...
2026-05-22 10:52:55 [INFO] Epoch 27 Summary: Train=6.7299 Val=0.0229 (MSE=0.0229)
          Metrics: PTV_D95=46.52Gy Bladder=25.88Gy Rectum=28.47Gy
          Metrics: Ring=41.77Gy Dmax=116.70Gy BG=35.31Gy
2026-05-22 10:52:55 [INFO] [PHYSICS] Saved best model val_loss=0.0229
2026-05-22 10:52:55 [INFO] [CLINICAL] Saved best model Score=76.122 PTV_D95=46.52Gy Bladder=25.88Gy Rectum=28.47Gy
2026-05-22 10:52:55 [INFO] Epoch 28/100 [RAMP 28/30 (93% of physics)] ramp=0.933 lr=8.32e-05
2026-05-22 10:53:02 [INFO] Step 5/54 Loss=5.8307 mse=0.1133 v_opt=0.03414 v_mand=0.00450 ptv=0.2178 ptv_max=0.00003 ring=0.00000 smooth=0.0165 laplacian=0.0519 beam=0.03044 homogeneity=0.0156 body=0.00000 bowel=0.00000 femur=0.00000
2026-05-22 10:53:05 [INFO] Step 10/54 Loss=6.6852 mse=0.1960 v_opt=0.00682 v_mand=0.00000 ptv=0.0687 ptv_max=0.00301 ring=0.00000 smooth=0.0255 laplacian=0.0832 beam=0.09036 homogeneity=0.0084 body=0.00000 bowel=0.00000 femur=0.00000
2026-05-22 10:53:08 [INFO] Step 15/54 Loss=6.1432 mse=0.1174 v_opt=0.08415 v_mand=0.01228 ptv=0.1972 ptv_max=0.00003 ring=0.00000 smooth=0.0228 laplacian=0.0766 beam=0.00063 homogeneity=0.0136 body=0.00000 bowel=0.00000 femur=0.00000
2026-05-22 10:53:11 [INFO] Step 20/54 Loss=6.6314 mse=0.1557 v_opt=0.01914 v_mand=0.00128 ptv=0.1987 ptv_max=0.00004 ring=0.00001 smooth=0.0233 laplacian=0.0777 beam=0.03187 homogeneity=0.0136 body=0.00000 bowel=0.00000 femur=0.00000
2026-05-22 10:53:16 [INFO] Step 25/54 Loss=6.1658 mse=0.1393 v_opt=0.00284 v_mand=0.00000 ptv=0.1919 ptv_max=0.00004 ring=0.00000 smooth=0.0280 laplacian=0.0850 beam=0.04650 homogeneity=0.0131 body=0.00000 bowel=0.00000 femur=0.00000
2026-05-22 10:53:19 [INFO] Step 30/54 Loss=6.0789 mse=0.1152 v_opt=0.01465 v_mand=0.00010 ptv=0.2068 ptv_max=0.00001 ring=0.00001 smooth=0.0153 laplacian=0.0478 beam=0.05311 homogeneity=0.0139 body=0.00000 bowel=0.03500 femur=0.00000
2026-05-22 10:53:22 [INFO] Step 35/54 Loss=6.9832 mse=0.1455 v_opt=0.05469 v_mand=0.01383 ptv=0.1822 ptv_max=0.00004 ring=0.00002 smooth=0.0369 laplacian=0.1177 beam=0.01947 homogeneity=0.0119 body=0.00000 bowel=0.00000 femur=0.00000
2026-05-22 10:53:25 [INFO] Step 40/54 Loss=7.4217 mse=0.2126 v_opt=0.00170 v_mand=0.00000 ptv=0.0452 ptv_max=0.00739 ring=0.00004 smooth=0.0256 laplacian=0.0821 beam=0.14093 homogeneity=0.0146 body=0.00000 bowel=0.00000 femur=0.00000
2026-05-22 10:53:30 [INFO] Step 45/54 Loss=5.5935 mse=0.1034 v_opt=0.00012 v_mand=0.00000 ptv=0.2399 ptv_max=0.00001 ring=0.00002 smooth=0.0169 laplacian=0.0554 beam=0.02479 homogeneity=0.0183 body=0.00000 bowel=0.00261 femur=0.00000
2026-05-22 10:53:33 [INFO] Step 50/54 Loss=7.8695 mse=0.0958 v_opt=0.00665 v_mand=0.00000 ptv=0.4467 ptv_max=0.00003 ring=0.00001 smooth=0.0158 laplacian=0.0490 beam=0.02530 homogeneity=0.0498 body=0.00000 bowel=0.00000 femur=0.00000
2026-05-22 10:53:36 [INFO] Step 54/54 Loss=3.7678 mse=0.0640 v_opt=0.00000 v_mand=0.00000 ptv=0.1819 ptv_max=0.00001 ring=0.00000 smooth=0.0155 laplacian=0.0488 beam=0.00363 homogeneity=0.0113 body=0.00000 bowel=0.00000 femur=0.00000
2026-05-22 10:53:36 [INFO] Running validation at epoch 28...
2026-05-22 10:54:05 [INFO] Epoch 28 Summary: Train=6.7656 Val=0.0225 (MSE=0.0225)
          Metrics: PTV_D95=46.97Gy Bladder=26.31Gy Rectum=28.34Gy
          Metrics: Ring=42.02Gy Dmax=115.02Gy BG=34.97Gy
2026-05-22 10:54:05 [INFO] [PHYSICS] Saved best model val_loss=0.0225
2026-05-22 10:54:05 [INFO] [CLINICAL] Saved best model Score=74.614 PTV_D95=46.97Gy Bladder=26.31Gy Rectum=28.34Gy
2026-05-22 10:54:05 [INFO] Epoch 29/100 [RAMP 29/30 (97% of physics)] ramp=0.967 lr=8.21e-05
2026-05-22 10:54:10 [INFO] Step 5/54 Loss=5.4988 mse=0.1253 v_opt=0.01955 v_mand=0.00001 ptv=0.1610 ptv_max=0.00004 ring=0.00000 smooth=0.0259 laplacian=0.0881 beam=0.02490 homogeneity=0.0095 body=0.00000 bowel=0.00101 femur=0.00000
2026-05-22 10:54:14 [INFO] Step 10/54 Loss=6.0910 mse=0.1308 v_opt=0.03965 v_mand=0.00845 ptv=0.1722 ptv_max=0.00004 ring=0.00001 smooth=0.0232 laplacian=0.0759 beam=0.01575 homogeneity=0.0105 body=0.00000 bowel=0.00000 femur=0.00000
2026-05-22 10:54:17 [INFO] Step 15/54 Loss=5.8222 mse=0.1342 v_opt=0.00476 v_mand=0.00000 ptv=0.1838 ptv_max=0.00008 ring=0.00001 smooth=0.0236 laplacian=0.0756 beam=0.01061 homogeneity=0.0123 body=0.00000 bowel=0.00000 femur=0.00000
2026-05-22 10:54:20 [INFO] Step 20/54 Loss=5.9175 mse=0.1451 v_opt=0.00024 v_mand=0.00000 ptv=0.1547 ptv_max=0.00028 ring=0.00000 smooth=0.0228 laplacian=0.0742 beam=0.04074 homogeneity=0.0105 body=0.00000 bowel=0.00000 femur=0.00000
2026-05-22 10:54:25 [INFO] Step 25/54 Loss=6.9399 mse=0.1659 v_opt=0.02066 v_mand=0.00161 ptv=0.1828 ptv_max=0.00003 ring=0.00001 smooth=0.0225 laplacian=0.0749 beam=0.06175 homogeneity=0.0116 body=0.00000 bowel=0.00000 femur=0.00000
2026-05-22 10:54:28 [INFO] Step 30/54 Loss=5.6802 mse=0.1207 v_opt=0.00379 v_mand=0.00000 ptv=0.1874 ptv_max=0.00001 ring=0.00002 smooth=0.0296 laplacian=0.0991 beam=0.02126 homogeneity=0.0121 body=0.00000 bowel=0.00000 femur=0.00000
2026-05-22 10:54:31 [INFO] Step 35/54 Loss=5.0662 mse=0.1059 v_opt=0.01061 v_mand=0.00000 ptv=0.1816 ptv_max=0.00009 ring=0.00002 smooth=0.0210 laplacian=0.0693 beam=0.00965 homogeneity=0.0122 body=0.00000 bowel=0.00000 femur=0.00000
2026-05-22 10:54:34 [INFO] Step 40/54 Loss=5.1249 mse=0.1053 v_opt=0.01901 v_mand=0.00092 ptv=0.1889 ptv_max=0.00003 ring=0.00001 smooth=0.0196 laplacian=0.0629 beam=0.00418 homogeneity=0.0125 body=0.00000 bowel=0.00000 femur=0.00000
2026-05-22 10:54:39 [INFO] Step 45/54 Loss=6.1772 mse=0.1436 v_opt=0.00030 v_mand=0.00000 ptv=0.1872 ptv_max=0.00002 ring=0.00001 smooth=0.0236 laplacian=0.0770 beam=0.02958 homogeneity=0.0123 body=0.00000 bowel=0.00000 femur=0.00000
2026-05-22 10:54:41 [INFO] Step 50/54 Loss=7.9899 mse=0.2344 v_opt=0.00293 v_mand=0.00000 ptv=0.0292 ptv_max=0.00959 ring=0.00005 smooth=0.0256 laplacian=0.0846 beam=0.12472 homogeneity=0.0177 body=0.00000 bowel=0.00000 femur=0.00000
2026-05-22 10:54:44 [INFO] Step 54/54 Loss=9.0584 mse=0.2562 v_opt=0.01406 v_mand=0.00016 ptv=0.0183 ptv_max=0.01474 ring=0.00031 smooth=0.0271 laplacian=0.0915 beam=0.16046 homogeneity=0.0249 body=0.00000 bowel=0.00000 femur=0.00000
2026-05-22 10:54:44 [INFO] Running validation at epoch 29...
2026-05-22 10:55:13 [INFO] Epoch 29 Summary: Train=6.1131 Val=0.0221 (MSE=0.0221)
          Metrics: PTV_D95=49.27Gy Bladder=26.91Gy Rectum=33.57Gy
          Metrics: Ring=44.74Gy Dmax=113.54Gy BG=34.75Gy
2026-05-22 10:55:13 [INFO] [PHYSICS] Saved best model val_loss=0.0221
2026-05-22 10:55:13 [INFO] [CLINICAL] Saved best model Score=72.972 PTV_D95=49.27Gy Bladder=26.91Gy Rectum=33.57Gy
2026-05-22 10:55:13 [INFO] Epoch 30/100 [RAMP 30/30 (100% of physics)] ramp=1.000 lr=8.08e-05
2026-05-22 10:55:19 [INFO] Step 5/54 Loss=6.1246 mse=0.1534 v_opt=0.00962 v_mand=0.00000 ptv=0.1512 ptv_max=0.00006 ring=0.00002 smooth=0.0254 laplacian=0.0859 beam=0.02476 homogeneity=0.0088 body=0.00000 bowel=0.00000 femur=0.00000
2026-05-22 10:55:22 [INFO] Step 10/54 Loss=5.0286 mse=0.1075 v_opt=0.00185 v_mand=0.00000 ptv=0.1586 ptv_max=0.00003 ring=0.00000 smooth=0.0185 laplacian=0.0599 beam=0.04974 homogeneity=0.0091 body=0.00000 bowel=0.00000 femur=0.00000
2026-05-22 10:55:25 [INFO] Step 15/54 Loss=5.6272 mse=0.1341 v_opt=0.00622 v_mand=0.00000 ptv=0.1542 ptv_max=0.00018 ring=0.00000 smooth=0.0208 laplacian=0.0642 beam=0.03426 homogeneity=0.0099 body=0.00000 bowel=0.00000 femur=0.00000
2026-05-22 10:55:28 [INFO] Step 20/54 Loss=5.8049 mse=0.1418 v_opt=0.00908 v_mand=0.00000 ptv=0.1504 ptv_max=0.00009 ring=0.00010 smooth=0.0196 laplacian=0.0621 beam=0.04351 homogeneity=0.0090 body=0.00000 bowel=0.00000 femur=0.00052
2026-05-22 10:55:33 [INFO] Step 25/54 Loss=5.2908 mse=0.1072 v_opt=0.00038 v_mand=0.00000 ptv=0.1975 ptv_max=0.00001 ring=0.00001 smooth=0.0209 laplacian=0.0703 beam=0.00118 homogeneity=0.0128 body=0.00000 bowel=0.00000 femur=0.00000
2026-05-22 10:55:37 [INFO] Step 30/54 Loss=5.6132 mse=0.1228 v_opt=0.02998 v_mand=0.00053 ptv=0.1772 ptv_max=0.00003 ring=0.00002 smooth=0.0212 laplacian=0.0689 beam=0.01825 homogeneity=0.0111 body=0.00000 bowel=0.00017 femur=0.00000
2026-05-22 10:55:40 [INFO] Step 35/54 Loss=7.3568 mse=0.2305 v_opt=0.01670 v_mand=0.00084 ptv=0.0650 ptv_max=0.00170 ring=0.00000 smooth=0.0249 laplacian=0.0818 beam=0.04654 homogeneity=0.0059 body=0.00000 bowel=0.00000 femur=0.00000
2026-05-22 10:55:42 [INFO] Step 40/54 Loss=5.9879 mse=0.1396 v_opt=0.00350 v_mand=0.00000 ptv=0.1677 ptv_max=0.00001 ring=0.00000 smooth=0.0194 laplacian=0.0630 beam=0.05657 homogeneity=0.0098 body=0.00000 bowel=0.00000 femur=0.00000
2026-05-22 10:55:48 [INFO] Step 45/54 Loss=6.3645 mse=0.1329 v_opt=0.00958 v_mand=0.00000 ptv=0.2168 ptv_max=0.00001 ring=0.00000 smooth=0.0199 laplacian=0.0650 beam=0.04097 homogeneity=0.0153 body=0.00000 bowel=0.00000 femur=0.00000
2026-05-22 10:55:51 [INFO] Step 50/54 Loss=4.7884 mse=0.1113 v_opt=0.01105 v_mand=0.00000 ptv=0.1472 ptv_max=0.00008 ring=0.00000 smooth=0.0170 laplacian=0.0546 beam=0.00932 homogeneity=0.0086 body=0.00000 bowel=0.00000 femur=0.00000
2026-05-22 10:55:53 [INFO] Step 54/54 Loss=4.6581 mse=0.0934 v_opt=0.00114 v_mand=0.00000 ptv=0.1674 ptv_max=0.00001 ring=0.00000 smooth=0.0151 laplacian=0.0471 beam=0.03921 homogeneity=0.0099 body=0.00000 bowel=0.00000 femur=0.00000
2026-05-22 10:55:53 [INFO] Running validation at epoch 30...
2026-05-22 10:56:23 [INFO] Epoch 30 Summary: Train=5.8819 Val=0.0214 (MSE=0.0214)
          Metrics: PTV_D95=49.42Gy Bladder=28.02Gy Rectum=26.16Gy
          Metrics: Ring=44.15Gy Dmax=116.40Gy BG=34.22Gy
2026-05-22 10:56:23 [INFO] [PHYSICS] Saved best model val_loss=0.0214
2026-05-22 10:56:23 [INFO] [CLINICAL] Saved best model Score=66.957 PTV_D95=49.42Gy Bladder=28.02Gy Rectum=26.16Gy
2026-05-22 10:56:23 [INFO] Epoch 31/100 [FULL PHYSICS] ramp=1.000 lr=7.96e-05
2026-05-22 10:56:29 [INFO] Step 5/54 Loss=4.9819 mse=0.1128 v_opt=0.00160 v_mand=0.00000 ptv=0.1568 ptv_max=0.00001 ring=0.00000 smooth=0.0212 laplacian=0.0679 beam=0.00961 homogeneity=0.0090 body=0.00000 bowel=0.00000 femur=0.00000
2026-05-22 10:56:32 [INFO] Step 10/54 Loss=4.5912 mse=0.0947 v_opt=0.00409 v_mand=0.00000 ptv=0.1697 ptv_max=0.00005 ring=0.00001 smooth=0.0175 laplacian=0.0546 beam=0.00228 homogeneity=0.0107 body=0.00000 bowel=0.00000 femur=0.00000
2026-05-22 10:56:35 [INFO] Step 15/54 Loss=7.7630 mse=0.1744 v_opt=0.00000 v_mand=0.00000 ptv=0.2188 ptv_max=0.00000 ring=0.00000 smooth=0.0186 laplacian=0.0567 beam=0.12274 homogeneity=0.0149 body=0.00000 bowel=0.00000 femur=0.00000
2026-05-22 10:56:38 [INFO] Step 20/54 Loss=5.2738 mse=0.1289 v_opt=0.01534 v_mand=0.00000 ptv=0.1360 ptv_max=0.00008 ring=0.00000 smooth=0.0192 laplacian=0.0602 beam=0.03762 homogeneity=0.0075 body=0.00000 bowel=0.00000 femur=0.00000
2026-05-22 10:56:43 [INFO] Step 25/54 Loss=5.1746 mse=0.1262 v_opt=0.00000 v_mand=0.00000 ptv=0.1254 ptv_max=0.00010 ring=0.00000 smooth=0.0161 laplacian=0.0498 beam=0.07322 homogeneity=0.0064 body=0.00000 bowel=0.00000 femur=0.00000
2026-05-22 10:56:46 [INFO] Step 30/54 Loss=5.8102 mse=0.1336 v_opt=0.00410 v_mand=0.00000 ptv=0.1656 ptv_max=0.00011 ring=0.00001 smooth=0.0178 laplacian=0.0575 beam=0.03205 homogeneity=0.0103 body=0.00000 bowel=0.00848 femur=0.00000
2026-05-22 10:56:49 [INFO] Step 35/54 Loss=5.5113 mse=0.1122 v_opt=0.00000 v_mand=0.00000 ptv=0.1909 ptv_max=0.00000 ring=0.00000 smooth=0.0151 laplacian=0.0474 beam=0.05840 homogeneity=0.0127 body=0.00000 bowel=0.00000 femur=0.00000
2026-05-22 10:56:52 [INFO] Step 40/54 Loss=5.3600 mse=0.1207 v_opt=0.00000 v_mand=0.00000 ptv=0.1582 ptv_max=0.00000 ring=0.00000 smooth=0.0186 laplacian=0.0578 beam=0.05562 homogeneity=0.0088 body=0.00000 bowel=0.00000 femur=0.00000
2026-05-22 10:56:57 [INFO] Step 45/54 Loss=5.8285 mse=0.1213 v_opt=0.00746 v_mand=0.00000 ptv=0.1775 ptv_max=0.00006 ring=0.00000 smooth=0.0239 laplacian=0.0729 beam=0.06233 homogeneity=0.0152 body=0.00000 bowel=0.00000 femur=0.00000
2026-05-22 10:57:00 [INFO] Step 50/54 Loss=6.3930 mse=0.1608 v_opt=0.01513 v_mand=0.00025 ptv=0.1473 ptv_max=0.00024 ring=0.00001 smooth=0.0204 laplacian=0.0649 beam=0.05893 homogeneity=0.0102 body=0.00000 bowel=0.00000 femur=0.00000
2026-05-22 10:57:02 [INFO] Step 54/54 Loss=62.8827 mse=0.1067 v_opt=1.39460 v_mand=1.13495 ptv=0.0000 ptv_max=0.00000 ring=0.00000 smooth=0.0129 laplacian=0.0398 beam=0.09337 homogeneity=0.0000 body=0.00000 bowel=0.00000 femur=0.00000
2026-05-22 10:57:02 [INFO] Running validation at epoch 31...
2026-05-22 10:57:32 [INFO] Epoch 31 Summary: Train=7.1817 Val=0.0221 (MSE=0.0221)
          Metrics: PTV_D95=48.68Gy Bladder=25.28Gy Rectum=28.17Gy
          Metrics: Ring=42.95Gy Dmax=122.68Gy BG=34.40Gy
2026-05-22 10:57:32 [INFO] Epoch 32/100 [FULL PHYSICS] ramp=1.000 lr=7.83e-05
2026-05-22 10:57:38 [INFO] Step 5/54 Loss=6.5873 mse=0.1774 v_opt=0.00008 v_mand=0.00000 ptv=0.0305 ptv_max=0.00684 ring=0.00004 smooth=0.0313 laplacian=0.1045 beam=0.13450 homogeneity=0.0140 body=0.00000 bowel=0.00000 femur=0.00000
2026-05-22 10:57:40 [INFO] Step 10/54 Loss=5.1656 mse=0.1091 v_opt=0.00007 v_mand=0.00000 ptv=0.1711 ptv_max=0.00004 ring=0.00002 smooth=0.0279 laplacian=0.0916 beam=0.00309 homogeneity=0.0112 body=0.00000 bowel=0.00000 femur=0.00000
2026-05-22 10:57:43 [INFO] Step 15/54 Loss=3.2786 mse=0.1081 v_opt=0.00000 v_mand=0.00000 ptv=0.0000 ptv_max=0.00000 ring=0.00000 smooth=0.0105 laplacian=0.0301 beam=0.06913 homogeneity=0.0000 body=0.00000 bowel=0.00459 femur=0.00000
2026-05-22 10:57:46 [INFO] Step 20/54 Loss=9.5424 mse=0.2823 v_opt=0.01755 v_mand=0.00181 ptv=0.0380 ptv_max=0.01296 ring=0.00025 smooth=0.0428 laplacian=0.1506 beam=0.00911 homogeneity=0.0243 body=0.00000 bowel=0.00000 femur=0.00000
2026-05-22 10:57:52 [INFO] Step 25/54 Loss=5.7919 mse=0.1444 v_opt=0.00380 v_mand=0.00000 ptv=0.1369 ptv_max=0.00009 ring=0.00004 smooth=0.0267 laplacian=0.0896 beam=0.03188 homogeneity=0.0080 body=0.00000 bowel=0.00036 femur=0.00000
2026-05-22 10:57:54 [INFO] Step 30/54 Loss=5.2737 mse=0.1309 v_opt=0.00420 v_mand=0.00000 ptv=0.1450 ptv_max=0.00002 ring=0.00000 smooth=0.0191 laplacian=0.0650 beam=0.00758 homogeneity=0.0080 body=0.00000 bowel=0.00000 femur=0.00000
2026-05-22 10:57:57 [INFO] Step 35/54 Loss=5.1579 mse=0.1282 v_opt=0.00333 v_mand=0.00000 ptv=0.1333 ptv_max=0.00011 ring=0.00000 smooth=0.0195 laplacian=0.0616 beam=0.02414 homogeneity=0.0080 body=0.00000 bowel=0.00000 femur=0.00000
2026-05-22 10:58:00 [INFO] Step 40/54 Loss=6.4411 mse=0.1565 v_opt=0.01615 v_mand=0.00055 ptv=0.1619 ptv_max=0.00004 ring=0.00002 smooth=0.0230 laplacian=0.0754 beam=0.05031 homogeneity=0.0097 body=0.00000 bowel=0.00000 femur=0.00000
2026-05-22 10:58:06 [INFO] Step 45/54 Loss=6.7586 mse=0.1172 v_opt=0.05589 v_mand=0.01473 ptv=0.1631 ptv_max=0.00001 ring=0.00000 smooth=0.0126 laplacian=0.0386 beam=0.06387 homogeneity=0.0094 body=0.00000 bowel=0.04233 femur=0.00000
2026-05-22 10:58:09 [INFO] Step 50/54 Loss=4.4496 mse=0.0960 v_opt=0.00052 v_mand=0.00000 ptv=0.1416 ptv_max=0.00002 ring=0.00000 smooth=0.0211 laplacian=0.0637 beam=0.02643 homogeneity=0.0080 body=0.00000 bowel=0.00000 femur=0.00000
2026-05-22 10:58:11 [INFO] Step 54/54 Loss=13.8781 mse=0.1210 v_opt=0.30337 v_mand=0.15778 ptv=0.1523 ptv_max=0.00013 ring=0.00005 smooth=0.0277 laplacian=0.0805 beam=0.03339 homogeneity=0.0115 body=0.00000 bowel=0.00000 femur=0.00000
2026-05-22 10:58:11 [INFO] Running validation at epoch 32...
2026-05-22 10:58:40 [INFO] Epoch 32 Summary: Train=6.3538 Val=0.0208 (MSE=0.0208)
          Metrics: PTV_D95=49.29Gy Bladder=25.25Gy Rectum=25.39Gy
          Metrics: Ring=42.91Gy Dmax=118.54Gy BG=33.74Gy
2026-05-22 10:58:40 [INFO] [PHYSICS] Saved best model val_loss=0.0208
2026-05-22 10:58:40 [INFO] [CLINICAL] Saved best model Score=64.730 PTV_D95=49.29Gy Bladder=25.25Gy Rectum=25.39Gy
2026-05-22 10:58:40 [INFO] Epoch 33/100 [FULL PHYSICS] ramp=1.000 lr=7.70e-05
2026-05-22 10:58:46 [INFO] Step 5/54 Loss=5.5446 mse=0.1327 v_opt=0.00400 v_mand=0.00000 ptv=0.1540 ptv_max=0.00003 ring=0.00001 smooth=0.0218 laplacian=0.0725 beam=0.02347 homogeneity=0.0088 body=0.00000 bowel=0.00000 femur=0.00000
2026-05-22 10:58:49 [INFO] Step 10/54 Loss=5.5735 mse=0.1282 v_opt=0.02078 v_mand=0.00117 ptv=0.1595 ptv_max=0.00005 ring=0.00001 smooth=0.0220 laplacian=0.0700 beam=0.01837 homogeneity=0.0103 body=0.00000 bowel=0.00000 femur=0.00000
2026-05-22 10:58:52 [INFO] Step 15/54 Loss=4.9365 mse=0.1147 v_opt=0.01246 v_mand=0.00041 ptv=0.1515 ptv_max=0.00006 ring=0.00000 smooth=0.0156 laplacian=0.0511 beam=0.00608 homogeneity=0.0088 body=0.00000 bowel=0.00197 femur=0.00000
2026-05-22 10:58:55 [INFO] Step 20/54 Loss=5.9718 mse=0.1390 v_opt=0.00521 v_mand=0.00000 ptv=0.1759 ptv_max=0.00012 ring=0.00001 smooth=0.0162 laplacian=0.0510 beam=0.03843 homogeneity=0.0120 body=0.00000 bowel=0.00115 femur=0.00000
2026-05-22 10:59:00 [INFO] Step 25/54 Loss=4.8597 mse=0.1192 v_opt=0.00272 v_mand=0.00000 ptv=0.1349 ptv_max=0.00010 ring=0.00001 smooth=0.0225 laplacian=0.0678 beam=0.00080 homogeneity=0.0077 body=0.00000 bowel=0.00000 femur=0.00000
2026-05-22 10:59:03 [INFO] Step 30/54 Loss=6.4214 mse=0.1461 v_opt=0.00253 v_mand=0.00000 ptv=0.1748 ptv_max=0.00000 ring=0.00000 smooth=0.0190 laplacian=0.0573 beam=0.10003 homogeneity=0.0105 body=0.00000 bowel=0.00000 femur=0.00000
2026-05-22 10:59:06 [INFO] Step 35/54 Loss=8.4055 mse=0.2667 v_opt=0.02062 v_mand=0.00146 ptv=0.0390 ptv_max=0.00680 ring=0.00005 smooth=0.0324 laplacian=0.1030 beam=0.01001 homogeneity=0.0148 body=0.00000 bowel=0.00000 femur=0.00000
2026-05-22 10:59:09 [INFO] Step 40/54 Loss=7.3179 mse=0.2158 v_opt=0.00000 v_mand=0.00000 ptv=0.0274 ptv_max=0.00674 ring=0.00003 smooth=0.0235 laplacian=0.0771 beam=0.12287 homogeneity=0.0144 body=0.00000 bowel=0.00000 femur=0.00000
2026-05-22 10:59:14 [INFO] Step 45/54 Loss=8.6248 mse=0.2440 v_opt=0.02360 v_mand=0.00288 ptv=0.1436 ptv_max=0.00001 ring=0.00000 smooth=0.0261 laplacian=0.0826 beam=0.06141 homogeneity=0.0076 body=0.00000 bowel=0.00000 femur=0.00000
2026-05-22 10:59:17 [INFO] Step 50/54 Loss=5.2130 mse=0.1272 v_opt=0.00429 v_mand=0.00000 ptv=0.1510 ptv_max=0.00000 ring=0.00001 smooth=0.0189 laplacian=0.0613 beam=0.00566 homogeneity=0.0080 body=0.00000 bowel=0.00000 femur=0.00000
2026-05-22 10:59:19 [INFO] Step 54/54 Loss=10.6150 mse=0.1930 v_opt=0.14991 v_mand=0.06471 ptv=0.1104 ptv_max=0.00016 ring=0.00001 smooth=0.0283 laplacian=0.0936 beam=0.10669 homogeneity=0.0057 body=0.00000 bowel=0.00000 femur=0.00000
2026-05-22 10:59:19 [INFO] Running validation at epoch 33...
2026-05-22 10:59:49 [INFO] Epoch 33 Summary: Train=5.8265 Val=0.0208 (MSE=0.0208)
          Metrics: PTV_D95=50.87Gy Bladder=27.68Gy Rectum=30.32Gy
          Metrics: Ring=45.74Gy Dmax=113.84Gy BG=33.79Gy
2026-05-22 10:59:49 [INFO] Epoch 34/100 [FULL PHYSICS] ramp=1.000 lr=7.57e-05
2026-05-22 10:59:55 [INFO] Step 5/54 Loss=6.2428 mse=0.1501 v_opt=0.03630 v_mand=0.00577 ptv=0.1530 ptv_max=0.00003 ring=0.00000 smooth=0.0156 laplacian=0.0482 beam=0.03248 homogeneity=0.0089 body=0.00000 bowel=0.00000 femur=0.00000
2026-05-22 10:59:58 [INFO] Step 10/54 Loss=12.4172 mse=0.1106 v_opt=0.27289 v_mand=0.11728 ptv=0.2321 ptv_max=0.00004 ring=0.00000 smooth=0.0154 laplacian=0.0481 beam=0.05467 homogeneity=0.0195 body=0.00000 bowel=0.00000 femur=0.00000
2026-05-22 11:00:01 [INFO] Step 15/54 Loss=5.5932 mse=0.1393 v_opt=0.00135 v_mand=0.00000 ptv=0.1449 ptv_max=0.00008 ring=0.00000 smooth=0.0197 laplacian=0.0606 beam=0.02527 homogeneity=0.0103 body=0.00000 bowel=0.00000 femur=0.00000
2026-05-22 11:00:04 [INFO] Step 20/54 Loss=9.1474 mse=0.2502 v_opt=0.00076 v_mand=0.00000 ptv=0.0267 ptv_max=0.01398 ring=0.00016 smooth=0.0307 laplacian=0.1022 beam=0.17469 homogeneity=0.0254 body=0.00000 bowel=0.00000 femur=0.00000
2026-05-22 11:00:09 [INFO] Step 25/54 Loss=6.1996 mse=0.1463 v_opt=0.00640 v_mand=0.00000 ptv=0.1606 ptv_max=0.00000 ring=0.00000 smooth=0.0194 laplacian=0.0630 beam=0.08370 homogeneity=0.0085 body=0.00000 bowel=0.00000 femur=0.00000
2026-05-22 11:00:12 [INFO] Step 30/54 Loss=5.8895 mse=0.1356 v_opt=0.02848 v_mand=0.00262 ptv=0.1488 ptv_max=0.00001 ring=0.00001 smooth=0.0168 laplacian=0.0512 beam=0.07894 homogeneity=0.0078 body=0.00000 bowel=0.00000 femur=0.00000
2026-05-22 11:00:15 [INFO] Step 35/54 Loss=6.2174 mse=0.1524 v_opt=0.00875 v_mand=0.00036 ptv=0.1429 ptv_max=0.00007 ring=0.00003 smooth=0.0198 laplacian=0.0622 beam=0.08422 homogeneity=0.0093 body=0.00000 bowel=0.00000 femur=0.00000
2026-05-22 11:00:18 [INFO] Step 40/54 Loss=5.3950 mse=0.1195 v_opt=0.01255 v_mand=0.00012 ptv=0.1728 ptv_max=0.00011 ring=0.00001 smooth=0.0137 laplacian=0.0419 beam=0.03243 homogeneity=0.0129 body=0.00000 bowel=0.00000 femur=0.00000
2026-05-22 11:00:22 [INFO] Step 45/54 Loss=7.5099 mse=0.1988 v_opt=0.03538 v_mand=0.00620 ptv=0.1305 ptv_max=0.00004 ring=0.00001 smooth=0.0167 laplacian=0.0506 beam=0.08931 homogeneity=0.0068 body=0.00000 bowel=0.00000 femur=0.00000
2026-05-22 11:00:26 [INFO] Step 50/54 Loss=10.1986 mse=0.3216 v_opt=0.03106 v_mand=0.00556 ptv=0.0139 ptv_max=0.01223 ring=0.00015 smooth=0.0298 laplacian=0.0984 beam=0.01676 homogeneity=0.0230 body=0.00000 bowel=0.00000 femur=0.00000
2026-05-22 11:00:28 [INFO] Step 54/54 Loss=5.0880 mse=0.1250 v_opt=0.01089 v_mand=0.00000 ptv=0.1351 ptv_max=0.00005 ring=0.00000 smooth=0.0218 laplacian=0.0666 beam=0.01656 homogeneity=0.0075 body=0.00000 bowel=0.00000 femur=0.00000
2026-05-22 11:00:28 [INFO] Running validation at epoch 34...
2026-05-22 11:00:59 [INFO] Epoch 34 Summary: Train=5.9369 Val=0.0205 (MSE=0.0205)
          Metrics: PTV_D95=51.55Gy Bladder=28.82Gy Rectum=28.82Gy
          Metrics: Ring=45.78Gy Dmax=119.39Gy BG=33.58Gy
2026-05-22 11:00:59 [INFO] [PHYSICS] Saved best model val_loss=0.0205
2026-05-22 11:00:59 [INFO] [CLINICAL] Saved best model Score=61.370 PTV_D95=51.55Gy Bladder=28.82Gy Rectum=28.82Gy
2026-05-22 11:00:59 [INFO] Epoch 35/100 [FULL PHYSICS] ramp=1.000 lr=7.43e-05
2026-05-22 11:01:05 [INFO] Step 5/54 Loss=4.9012 mse=0.1224 v_opt=0.00348 v_mand=0.00000 ptv=0.1319 ptv_max=0.00011 ring=0.00002 smooth=0.0183 laplacian=0.0590 beam=0.00959 homogeneity=0.0074 body=0.00000 bowel=0.00000 femur=0.00000
2026-05-22 11:01:09 [INFO] Step 10/54 Loss=4.8792 mse=0.1174 v_opt=0.00063 v_mand=0.00000 ptv=0.1354 ptv_max=0.00002 ring=0.00000 smooth=0.0241 laplacian=0.0810 beam=0.00386 homogeneity=0.0070 body=0.00000 bowel=0.00000 femur=0.00000
2026-05-22 11:01:12 [INFO] Step 15/54 Loss=4.8354 mse=0.1172 v_opt=0.00034 v_mand=0.00000 ptv=0.1348 ptv_max=0.00003 ring=0.00000 smooth=0.0228 laplacian=0.0757 beam=0.00231 homogeneity=0.0071 body=0.00000 bowel=0.00000 femur=0.00000
2026-05-22 11:01:15 [INFO] Step 20/54 Loss=4.7022 mse=0.1093 v_opt=0.02042 v_mand=0.00008 ptv=0.1430 ptv_max=0.00001 ring=0.00002 smooth=0.0196 laplacian=0.0652 beam=0.00027 homogeneity=0.0073 body=0.00000 bowel=0.00000 femur=0.00000
2026-05-22 11:01:19 [INFO] Step 25/54 Loss=3.7383 mse=0.0741 v_opt=0.01888 v_mand=0.00097 ptv=0.1395 ptv_max=0.00002 ring=0.00000 smooth=0.0151 laplacian=0.0477 beam=0.00091 homogeneity=0.0072 body=0.00000 bowel=0.00000 femur=0.00000
2026-05-22 11:01:23 [INFO] Step 30/54 Loss=8.2362 mse=0.2466 v_opt=0.01253 v_mand=0.00001 ptv=0.1396 ptv_max=0.00006 ring=0.00000 smooth=0.0158 laplacian=0.0509 beam=0.04403 homogeneity=0.0078 body=0.00000 bowel=0.00000 femur=0.00000
2026-05-22 11:01:25 [INFO] Step 35/54 Loss=5.4014 mse=0.1174 v_opt=0.00149 v_mand=0.00000 ptv=0.1793 ptv_max=0.00000 ring=0.00001 smooth=0.0214 laplacian=0.0714 beam=0.01456 homogeneity=0.0110 body=0.00000 bowel=0.00000 femur=0.00000
2026-05-22 11:01:29 [INFO] Step 40/54 Loss=36.8098 mse=0.1323 v_opt=0.82569 v_mand=0.57591 ptv=0.1972 ptv_max=0.00004 ring=0.00003 smooth=0.0343 laplacian=0.1178 beam=0.03468 homogeneity=0.0143 body=0.00000 bowel=0.00000 femur=0.00000
2026-05-22 11:01:32 [INFO] Step 45/54 Loss=6.8018 mse=0.1693 v_opt=0.00000 v_mand=0.00000 ptv=0.1555 ptv_max=0.00006 ring=0.00000 smooth=0.0277 laplacian=0.0902 beam=0.06646 homogeneity=0.0100 body=0.00000 bowel=0.00000 femur=0.00000
2026-05-22 11:01:36 [INFO] Step 50/54 Loss=5.8659 mse=0.1173 v_opt=0.00058 v_mand=0.00000 ptv=0.1926 ptv_max=0.00000 ring=0.00001 smooth=0.0239 laplacian=0.0715 beam=0.00609 homogeneity=0.0159 body=0.00000 bowel=0.01844 femur=0.00000
2026-05-22 11:01:38 [INFO] Step 54/54 Loss=5.0200 mse=0.1173 v_opt=0.00033 v_mand=0.00000 ptv=0.1510 ptv_max=0.00000 ring=0.00000 smooth=0.0219 laplacian=0.0691 beam=0.00950 homogeneity=0.0081 body=0.00000 bowel=0.00000 femur=0.00000
2026-05-22 11:01:39 [INFO] Running validation at epoch 35...
2026-05-22 11:02:08 [INFO] Epoch 35 Summary: Train=5.8995 Val=0.0195 (MSE=0.0195)
          Metrics: PTV_D95=50.97Gy Bladder=29.63Gy Rectum=29.84Gy
          Metrics: Ring=45.01Gy Dmax=108.44Gy BG=32.90Gy
2026-05-22 11:02:08 [INFO] [PHYSICS] Saved best model val_loss=0.0195
2026-05-22 11:02:08 [INFO] Epoch 36/100 [FULL PHYSICS] ramp=1.000 lr=7.30e-05
2026-05-22 11:02:14 [INFO] Step 5/54 Loss=4.5577 mse=0.0961 v_opt=0.04786 v_mand=0.00364 ptv=0.1351 ptv_max=0.00001 ring=0.00000 smooth=0.0165 laplacian=0.0536 beam=0.01921 homogeneity=0.0072 body=0.00000 bowel=0.00000 femur=0.00000
2026-05-22 11:02:17 [INFO] Step 10/54 Loss=4.2824 mse=0.1019 v_opt=0.00579 v_mand=0.00000 ptv=0.1225 ptv_max=0.00009 ring=0.00003 smooth=0.0170 laplacian=0.0534 beam=0.01478 homogeneity=0.0067 body=0.00000 bowel=0.00000 femur=0.00000
2026-05-22 11:02:20 [INFO] Step 15/54 Loss=4.9210 mse=0.1242 v_opt=0.00373 v_mand=0.00000 ptv=0.1213 ptv_max=0.00004 ring=0.00001 smooth=0.0169 laplacian=0.0534 beam=0.03766 homogeneity=0.0060 body=0.00000 bowel=0.00000 femur=0.00000
2026-05-22 11:02:23 [INFO] Step 20/54 Loss=4.4485 mse=0.1063 v_opt=0.01741 v_mand=0.00007 ptv=0.1305 ptv_max=0.00002 ring=0.00004 smooth=0.0177 laplacian=0.0562 beam=0.00046 homogeneity=0.0072 body=0.00000 bowel=0.00000 femur=0.00000
2026-05-22 11:02:26 [INFO] Step 25/54 Loss=4.7948 mse=0.1214 v_opt=0.01871 v_mand=0.00130 ptv=0.1060 ptv_max=0.00025 ring=0.00000 smooth=0.0185 laplacian=0.0570 beam=0.03167 homogeneity=0.0061 body=0.00000 bowel=0.00000 femur=0.00000
2026-05-22 11:02:31 [INFO] Step 30/54 Loss=4.1243 mse=0.1004 v_opt=0.00005 v_mand=0.00000 ptv=0.1081 ptv_max=0.00004 ring=0.00000 smooth=0.0144 laplacian=0.0456 beam=0.03884 homogeneity=0.0047 body=0.00000 bowel=0.00000 femur=0.00000
2026-05-22 11:02:34 [INFO] Step 35/54 Loss=7.1404 mse=0.1344 v_opt=0.00030 v_mand=0.00000 ptv=0.0035 ptv_max=0.03740 ring=0.00064 smooth=0.0154 laplacian=0.0498 beam=0.09184 homogeneity=0.0572 body=0.00000 bowel=0.00000 femur=0.00000
2026-05-22 11:02:37 [INFO] Step 40/54 Loss=5.3322 mse=0.1409 v_opt=0.00000 v_mand=0.00000 ptv=0.1130 ptv_max=0.00007 ring=0.00001 smooth=0.0249 laplacian=0.0807 beam=0.02688 homogeneity=0.0056 body=0.00000 bowel=0.00000 femur=0.00000
2026-05-22 11:02:40 [INFO] Step 45/54 Loss=5.5280 mse=0.1300 v_opt=0.05335 v_mand=0.01038 ptv=0.1121 ptv_max=0.00005 ring=0.00000 smooth=0.0208 laplacian=0.0640 beam=0.01425 homogeneity=0.0058 body=0.00000 bowel=0.00000 femur=0.00000
2026-05-22 11:02:45 [INFO] Step 50/54 Loss=5.4295 mse=0.1377 v_opt=0.00443 v_mand=0.00001 ptv=0.1300 ptv_max=0.00006 ring=0.00000 smooth=0.0190 laplacian=0.0624 beam=0.03959 homogeneity=0.0073 body=0.00000 bowel=0.00000 femur=0.00000
2026-05-22 11:02:47 [INFO] Step 54/54 Loss=4.5884 mse=0.0991 v_opt=0.00011 v_mand=0.00000 ptv=0.1596 ptv_max=0.00000 ring=0.00000 smooth=0.0169 laplacian=0.0549 beam=0.01099 homogeneity=0.0084 body=0.00000 bowel=0.00000 femur=0.00000
2026-05-22 11:02:47 [INFO] Running validation at epoch 36...
2026-05-22 11:03:16 [INFO] Epoch 36 Summary: Train=5.0290 Val=0.0194 (MSE=0.0194)
          Metrics: PTV_D95=51.34Gy Bladder=28.22Gy Rectum=26.00Gy
          Metrics: Ring=44.46Gy Dmax=111.83Gy BG=32.81Gy
2026-05-22 11:03:16 [INFO] [PHYSICS] Saved best model val_loss=0.0194
2026-05-22 11:03:16 [INFO] Epoch 37/100 [FULL PHYSICS] ramp=1.000 lr=7.16e-05
2026-05-22 11:03:23 [INFO] Step 5/54 Loss=5.0032 mse=0.1156 v_opt=0.03728 v_mand=0.00761 ptv=0.1169 ptv_max=0.00007 ring=0.00000 smooth=0.0177 laplacian=0.0573 beam=0.01014 homogeneity=0.0065 body=0.00000 bowel=0.00000 femur=0.00000
2026-05-22 11:03:25 [INFO] Step 10/54 Loss=4.1998 mse=0.0897 v_opt=0.00005 v_mand=0.00000 ptv=0.1467 ptv_max=0.00000 ring=0.00000 smooth=0.0153 laplacian=0.0484 beam=0.01476 homogeneity=0.0080 body=0.00000 bowel=0.00000 femur=0.00000
2026-05-22 11:03:28 [INFO] Step 15/54 Loss=4.9565 mse=0.1170 v_opt=0.00026 v_mand=0.00000 ptv=0.1445 ptv_max=0.00001 ring=0.00000 smooth=0.0199 laplacian=0.0606 beam=0.02044 homogeneity=0.0080 body=0.00000 bowel=0.00000 femur=0.00000
2026-05-22 11:03:31 [INFO] Step 20/54 Loss=5.1731 mse=0.1367 v_opt=0.00000 v_mand=0.00000 ptv=0.1160 ptv_max=0.00005 ring=0.00001 smooth=0.0240 laplacian=0.0801 beam=0.01170 homogeneity=0.0055 body=0.00000 bowel=0.00000 femur=0.00000
2026-05-22 11:03:37 [INFO] Step 25/54 Loss=4.3762 mse=0.0963 v_opt=0.01274 v_mand=0.00004 ptv=0.1478 ptv_max=0.00000 ring=0.00000 smooth=0.0174 laplacian=0.0562 beam=0.00105 homogeneity=0.0080 body=0.00000 bowel=0.00000 femur=0.00000
2026-05-22 11:03:40 [INFO] Step 30/54 Loss=4.4012 mse=0.0970 v_opt=0.00586 v_mand=0.00000 ptv=0.1483 ptv_max=0.00002 ring=0.00001 smooth=0.0175 laplacian=0.0564 beam=0.00204 homogeneity=0.0086 body=0.00000 bowel=0.00000 femur=0.00000
2026-05-22 11:03:43 [INFO] Step 35/54 Loss=5.0855 mse=0.1311 v_opt=0.00088 v_mand=0.00000 ptv=0.1190 ptv_max=0.00005 ring=0.00000 smooth=0.0168 laplacian=0.0525 beam=0.04197 homogeneity=0.0063 body=0.00000 bowel=0.00000 femur=0.00000
2026-05-22 11:03:46 [INFO] Step 40/54 Loss=4.0845 mse=0.0842 v_opt=0.01432 v_mand=0.00030 ptv=0.1471 ptv_max=0.00004 ring=0.00002 smooth=0.0157 laplacian=0.0490 beam=0.00440 homogeneity=0.0090 body=0.00000 bowel=0.00000 femur=0.00000
2026-05-22 11:03:51 [INFO] Step 45/54 Loss=4.5853 mse=0.0996 v_opt=0.02143 v_mand=0.00171 ptv=0.1409 ptv_max=0.00019 ring=0.00005 smooth=0.0138 laplacian=0.0419 beam=0.02640 homogeneity=0.0097 body=0.00000 bowel=0.00000 femur=0.00000
2026-05-22 11:03:54 [INFO] Step 50/54 Loss=5.2010 mse=0.1386 v_opt=0.00618 v_mand=0.00002 ptv=0.1017 ptv_max=0.00035 ring=0.00000 smooth=0.0154 laplacian=0.0481 beam=0.05036 homogeneity=0.0068 body=0.00000 bowel=0.00305 femur=0.00000
2026-05-22 11:03:56 [INFO] Step 54/54 Loss=5.6456 mse=0.1435 v_opt=0.00046 v_mand=0.00000 ptv=0.1314 ptv_max=0.00002 ring=0.00001 smooth=0.0204 laplacian=0.0669 beam=0.05212 homogeneity=0.0064 body=0.00000 bowel=0.00000 femur=0.00000
2026-05-22 11:03:56 [INFO] Running validation at epoch 37...
2026-05-22 11:04:25 [INFO] Epoch 37 Summary: Train=5.4215 Val=0.0191 (MSE=0.0191)
          Metrics: PTV_D95=49.08Gy Bladder=23.99Gy Rectum=26.13Gy
          Metrics: Ring=41.80Gy Dmax=117.49Gy BG=32.40Gy
2026-05-22 11:04:25 [INFO] [PHYSICS] Saved best model val_loss=0.0191
2026-05-22 11:04:25 [INFO] Epoch 38/100 [FULL PHYSICS] ramp=1.000 lr=7.02e-05
2026-05-22 11:04:31 [INFO] Step 5/54 Loss=4.5097 mse=0.1068 v_opt=0.00033 v_mand=0.00000 ptv=0.1311 ptv_max=0.00003 ring=0.00001 smooth=0.0126 laplacian=0.0397 beam=0.01196 homogeneity=0.0070 body=0.00000 bowel=0.00773 femur=0.00000
2026-05-22 11:04:35 [INFO] Step 10/54 Loss=5.3034 mse=0.1149 v_opt=0.04182 v_mand=0.00295 ptv=0.1359 ptv_max=0.00040 ring=0.00000 smooth=0.0137 laplacian=0.0399 beam=0.07854 homogeneity=0.0108 body=0.00000 bowel=0.00000 femur=0.00000
2026-05-22 11:04:38 [INFO] Step 15/54 Loss=4.9215 mse=0.1089 v_opt=0.00044 v_mand=0.00000 ptv=0.1656 ptv_max=0.00000 ring=0.00000 smooth=0.0164 laplacian=0.0517 beam=0.01545 homogeneity=0.0095 body=0.00000 bowel=0.00000 femur=0.00000
2026-05-22 11:04:41 [INFO] Step 20/54 Loss=5.1878 mse=0.1269 v_opt=0.01419 v_mand=0.00058 ptv=0.1183 ptv_max=0.00011 ring=0.00000 smooth=0.0152 laplacian=0.0462 beam=0.07432 homogeneity=0.0076 body=0.00000 bowel=0.00000 femur=0.00000
2026-05-22 11:04:46 [INFO] Step 25/54 Loss=4.3656 mse=0.1126 v_opt=0.00348 v_mand=0.00008 ptv=0.1054 ptv_max=0.00011 ring=0.00001 smooth=0.0161 laplacian=0.0478 beam=0.02227 homogeneity=0.0057 body=0.00000 bowel=0.00000 femur=0.00000
2026-05-22 11:04:49 [INFO] Step 30/54 Loss=5.0996 mse=0.1381 v_opt=0.00823 v_mand=0.00000 ptv=0.1016 ptv_max=0.00016 ring=0.00000 smooth=0.0181 laplacian=0.0562 beam=0.04098 homogeneity=0.0052 body=0.00000 bowel=0.00000 femur=0.00000
2026-05-22 11:04:52 [INFO] Step 35/54 Loss=4.7902 mse=0.1206 v_opt=0.00394 v_mand=0.00000 ptv=0.1162 ptv_max=0.00004 ring=0.00000 smooth=0.0164 laplacian=0.0490 beam=0.04265 homogeneity=0.0064 body=0.00000 bowel=0.00000 femur=0.00000
2026-05-22 11:04:54 [INFO] Step 40/54 Loss=3.8734 mse=0.0845 v_opt=0.02856 v_mand=0.00314 ptv=0.1144 ptv_max=0.00006 ring=0.00001 smooth=0.0148 laplacian=0.0457 beam=0.00585 homogeneity=0.0063 body=0.00000 bowel=0.00000 femur=0.00000
2026-05-22 11:05:00 [INFO] Step 45/54 Loss=7.5887 mse=0.2186 v_opt=0.00002 v_mand=0.00000 ptv=0.0227 ptv_max=0.00707 ring=0.00006 smooth=0.0279 laplacian=0.0967 beam=0.14629 homogeneity=0.0149 body=0.00000 bowel=0.00000 femur=0.00000
2026-05-22 11:05:02 [INFO] Step 50/54 Loss=3.5565 mse=0.0931 v_opt=0.00021 v_mand=0.00000 ptv=0.0656 ptv_max=0.00156 ring=0.00001 smooth=0.0196 laplacian=0.0619 beam=0.00078 homogeneity=0.0081 body=0.00000 bowel=0.00000 femur=0.00000
2026-05-22 11:05:04 [INFO] Step 54/54 Loss=4.5684 mse=0.1173 v_opt=0.01583 v_mand=0.00069 ptv=0.1083 ptv_max=0.00003 ring=0.00000 smooth=0.0172 laplacian=0.0545 beam=0.01826 homogeneity=0.0052 body=0.00000 bowel=0.00000 femur=0.00000
2026-05-22 11:05:04 [INFO] Running validation at epoch 38...
2026-05-22 11:05:33 [INFO] Epoch 38 Summary: Train=5.8632 Val=0.0189 (MSE=0.0189)
          Metrics: PTV_D95=51.08Gy Bladder=26.12Gy Rectum=32.47Gy
          Metrics: Ring=43.90Gy Dmax=108.98Gy BG=32.37Gy
2026-05-22 11:05:33 [INFO] [PHYSICS] Saved best model val_loss=0.0189
2026-05-22 11:05:33 [INFO] Epoch 39/100 [FULL PHYSICS] ramp=1.000 lr=6.87e-05
2026-05-22 11:05:40 [INFO] Step 5/54 Loss=3.9227 mse=0.0872 v_opt=0.00000 v_mand=0.00000 ptv=0.1337 ptv_max=0.00000 ring=0.00000 smooth=0.0166 laplacian=0.0503 beam=0.00250 homogeneity=0.0063 body=0.00000 bowel=0.00000 femur=0.00000
2026-05-22 11:05:42 [INFO] Step 10/54 Loss=5.7093 mse=0.0983 v_opt=0.10126 v_mand=0.02693 ptv=0.1207 ptv_max=0.00013 ring=0.00001 smooth=0.0155 laplacian=0.0476 beam=0.01779 homogeneity=0.0073 body=0.00000 bowel=0.00000 femur=0.00000
2026-05-22 11:05:46 [INFO] Step 15/54 Loss=4.6528 mse=0.1099 v_opt=0.00600 v_mand=0.00000 ptv=0.1315 ptv_max=0.00001 ring=0.00000 smooth=0.0124 laplacian=0.0378 beam=0.05020 homogeneity=0.0063 body=0.00000 bowel=0.00000 femur=0.00000
2026-05-22 11:05:49 [INFO] Step 20/54 Loss=4.4389 mse=0.1052 v_opt=0.01991 v_mand=0.00163 ptv=0.1067 ptv_max=0.00003 ring=0.00000 smooth=0.0149 laplacian=0.0463 beam=0.05566 homogeneity=0.0048 body=0.00000 bowel=0.00000 femur=0.00000
2026-05-22 11:05:53 [INFO] Step 25/54 Loss=5.3198 mse=0.1130 v_opt=0.00515 v_mand=0.00000 ptv=0.1744 ptv_max=0.00002 ring=0.00000 smooth=0.0176 laplacian=0.0508 beam=0.02935 homogeneity=0.0160 body=0.00000 bowel=0.00000 femur=0.00000
2026-05-22 11:05:56 [INFO] Step 30/54 Loss=4.4174 mse=0.1047 v_opt=0.00115 v_mand=0.00004 ptv=0.1362 ptv_max=0.00003 ring=0.00001 smooth=0.0147 laplacian=0.0453 beam=0.00726 homogeneity=0.0077 body=0.00000 bowel=0.00000 femur=0.00000
2026-05-22 11:05:59 [INFO] Step 35/54 Loss=4.0693 mse=0.0959 v_opt=0.01501 v_mand=0.00011 ptv=0.1217 ptv_max=0.00002 ring=0.00001 smooth=0.0133 laplacian=0.0389 beam=0.01748 homogeneity=0.0061 body=0.00000 bowel=0.00000 femur=0.00000
2026-05-22 11:06:02 [INFO] Step 40/54 Loss=5.9720 mse=0.1687 v_opt=0.00064 v_mand=0.00001 ptv=0.0620 ptv_max=0.00281 ring=0.00003 smooth=0.0177 laplacian=0.0535 beam=0.09799 homogeneity=0.0108 body=0.00000 bowel=0.00000 femur=0.00000
2026-05-22 11:06:07 [INFO] Step 45/54 Loss=4.5772 mse=0.1043 v_opt=0.00387 v_mand=0.00000 ptv=0.1450 ptv_max=0.00000 ring=0.00000 smooth=0.0179 laplacian=0.0556 beam=0.01435 homogeneity=0.0073 body=0.00000 bowel=0.00000 femur=0.00000
2026-05-22 11:06:10 [INFO] Step 50/54 Loss=4.1797 mse=0.0859 v_opt=0.01711 v_mand=0.00052 ptv=0.1403 ptv_max=0.00005 ring=0.00000 smooth=0.0216 laplacian=0.0643 beam=0.00489 homogeneity=0.0099 body=0.00000 bowel=0.00000 femur=0.00000
2026-05-22 11:06:12 [INFO] Step 54/54 Loss=5.5159 mse=0.1377 v_opt=0.01312 v_mand=0.00005 ptv=0.1386 ptv_max=0.00000 ring=0.00001 smooth=0.0129 laplacian=0.0396 beam=0.06117 homogeneity=0.0071 body=0.00000 bowel=0.00000 femur=0.00000
2026-05-22 11:06:12 [INFO] Running validation at epoch 39...
2026-05-22 11:06:42 [INFO] Epoch 39 Summary: Train=6.6227 Val=0.0183 (MSE=0.0183)
          Metrics: PTV_D95=50.58Gy Bladder=28.54Gy Rectum=29.73Gy
          Metrics: Ring=43.60Gy Dmax=113.75Gy BG=31.95Gy
2026-05-22 11:06:42 [INFO] [PHYSICS] Saved best model val_loss=0.0183
2026-05-22 11:06:42 [INFO] Epoch 40/100 [FULL PHYSICS] ramp=1.000 lr=6.73e-05
2026-05-22 11:06:48 [INFO] Step 5/54 Loss=5.0307 mse=0.1367 v_opt=0.01560 v_mand=0.00038 ptv=0.0952 ptv_max=0.00019 ring=0.00000 smooth=0.0160 laplacian=0.0489 beam=0.04459 homogeneity=0.0059 body=0.00000 bowel=0.00000 femur=0.00000
2026-05-22 11:06:51 [INFO] Step 10/54 Loss=5.0082 mse=0.1213 v_opt=0.02570 v_mand=0.00112 ptv=0.1245 ptv_max=0.00002 ring=0.00002 smooth=0.0157 laplacian=0.0470 beam=0.04949 homogeneity=0.0062 body=0.00000 bowel=0.00000 femur=0.00000
2026-05-22 11:06:54 [INFO] Step 15/54 Loss=4.0637 mse=0.0838 v_opt=0.00348 v_mand=0.00000 ptv=0.1519 ptv_max=0.00000 ring=0.00000 smooth=0.0168 laplacian=0.0535 beam=0.00055 homogeneity=0.0078 body=0.00000 bowel=0.00000 femur=0.00000
2026-05-22 11:06:57 [INFO] Step 20/54 Loss=4.4141 mse=0.0805 v_opt=0.04567 v_mand=0.00974 ptv=0.1473 ptv_max=0.00000 ring=0.00000 smooth=0.0103 laplacian=0.0307 beam=0.00689 homogeneity=0.0076 body=0.00000 bowel=0.00000 femur=0.00000
2026-05-22 11:07:02 [INFO] Step 25/54 Loss=8.1927 mse=0.2690 v_opt=0.00077 v_mand=0.00000 ptv=0.1077 ptv_max=0.00001 ring=0.00000 smooth=0.0173 laplacian=0.0562 beam=0.00056 homogeneity=0.0043 body=0.00000 bowel=0.00000 femur=0.00000
2026-05-22 11:07:05 [INFO] Step 30/54 Loss=3.8160 mse=0.0974 v_opt=0.00000 v_mand=0.00000 ptv=0.1012 ptv_max=0.00003 ring=0.00000 smooth=0.0165 laplacian=0.0520 beam=0.00089 homogeneity=0.0043 body=0.00000 bowel=0.00000 femur=0.00000
2026-05-22 11:07:09 [INFO] Step 35/54 Loss=4.8164 mse=0.1171 v_opt=0.01994 v_mand=0.00000 ptv=0.1229 ptv_max=0.00001 ring=0.00005 smooth=0.0193 laplacian=0.0546 beam=0.04201 homogeneity=0.0058 body=0.00000 bowel=0.00000 femur=0.00000
2026-05-22 11:07:11 [INFO] Step 40/54 Loss=3.8892 mse=0.1013 v_opt=0.00392 v_mand=0.00000 ptv=0.0958 ptv_max=0.00005 ring=0.00000 smooth=0.0135 laplacian=0.0416 beam=0.01704 homogeneity=0.0041 body=0.00000 bowel=0.00000 femur=0.00000
2026-05-22 11:07:16 [INFO] Step 45/54 Loss=4.4086 mse=0.0914 v_opt=0.02472 v_mand=0.00175 ptv=0.1437 ptv_max=0.00000 ring=0.00000 smooth=0.0136 laplacian=0.0399 beam=0.02499 homogeneity=0.0094 body=0.00000 bowel=0.00165 femur=0.00000
2026-05-22 11:07:19 [INFO] Step 50/54 Loss=4.4602 mse=0.1024 v_opt=0.00183 v_mand=0.00000 ptv=0.1408 ptv_max=0.00001 ring=0.00001 smooth=0.0188 laplacian=0.0589 beam=0.00692 homogeneity=0.0070 body=0.00000 bowel=0.00000 femur=0.00000
2026-05-22 11:07:22 [INFO] Step 54/54 Loss=4.5435 mse=0.1100 v_opt=0.00090 v_mand=0.00000 ptv=0.1323 ptv_max=0.00002 ring=0.00000 smooth=0.0195 laplacian=0.0571 beam=0.00263 homogeneity=0.0075 body=0.00000 bowel=0.00000 femur=0.00000
2026-05-22 11:07:22 [INFO] Running validation at epoch 40...
2026-05-22 11:07:51 [INFO] Epoch 40 Summary: Train=5.3580 Val=0.0182 (MSE=0.0182)
          Metrics: PTV_D95=49.66Gy Bladder=26.54Gy Rectum=27.21Gy
          Metrics: Ring=41.99Gy Dmax=116.32Gy BG=31.79Gy
2026-05-22 11:07:51 [INFO] [PHYSICS] Saved best model val_loss=0.0182
2026-05-22 11:07:51 [INFO] Epoch 41/100 [FULL PHYSICS] ramp=1.000 lr=6.58e-05
2026-05-22 11:07:56 [INFO] Step 5/54 Loss=6.4488 mse=0.1530 v_opt=0.04020 v_mand=0.00359 ptv=0.1472 ptv_max=0.00008 ring=0.00000 smooth=0.0140 laplacian=0.0427 beam=0.09075 homogeneity=0.0104 body=0.00000 bowel=0.00000 femur=0.00000
2026-05-22 11:08:00 [INFO] Step 10/54 Loss=4.5183 mse=0.1173 v_opt=0.02218 v_mand=0.00055 ptv=0.1022 ptv_max=0.00003 ring=0.00001 smooth=0.0190 laplacian=0.0574 beam=0.01674 homogeneity=0.0049 body=0.00000 bowel=0.00000 femur=0.00000
2026-05-22 11:08:03 [INFO] Step 15/54 Loss=4.0509 mse=0.0911 v_opt=0.05886 v_mand=0.00759 ptv=0.0903 ptv_max=0.00020 ring=0.00001 smooth=0.0149 laplacian=0.0453 beam=0.00249 homogeneity=0.0055 body=0.00000 bowel=0.00000 femur=0.00000
2026-05-22 11:08:06 [INFO] Step 20/54 Loss=3.9102 mse=0.0843 v_opt=0.00691 v_mand=0.00003 ptv=0.1197 ptv_max=0.00002 ring=0.00002 smooth=0.0117 laplacian=0.0368 beam=0.04147 homogeneity=0.0059 body=0.00000 bowel=0.00445 femur=0.00000
2026-05-22 11:08:09 [INFO] Step 25/54 Loss=4.3133 mse=0.1136 v_opt=0.00000 v_mand=0.00000 ptv=0.1089 ptv_max=0.00003 ring=0.00003 smooth=0.0128 laplacian=0.0377 beam=0.01526 homogeneity=0.0053 body=0.00000 bowel=0.00000 femur=0.00000
2026-05-22 11:08:14 [INFO] Step 30/54 Loss=4.3088 mse=0.1086 v_opt=0.00437 v_mand=0.00000 ptv=0.1171 ptv_max=0.00006 ring=0.00000 smooth=0.0153 laplacian=0.0474 beam=0.00475 homogeneity=0.0067 body=0.00000 bowel=0.00000 femur=0.00000
2026-05-22 11:08:17 [INFO] Step 35/54 Loss=6.3180 mse=0.1409 v_opt=0.00000 v_mand=0.00000 ptv=0.1901 ptv_max=0.00000 ring=0.00000 smooth=0.0127 laplacian=0.0368 beam=0.08779 homogeneity=0.0129 body=0.00000 bowel=0.00000 femur=0.00000
2026-05-22 11:08:20 [INFO] Step 40/54 Loss=4.1126 mse=0.1027 v_opt=0.02353 v_mand=0.00176 ptv=0.1028 ptv_max=0.00020 ring=0.00001 smooth=0.0156 laplacian=0.0466 beam=0.00018 homogeneity=0.0062 body=0.00000 bowel=0.00000 femur=0.00000
2026-05-22 11:08:23 [INFO] Step 45/54 Loss=3.7824 mse=0.0904 v_opt=0.00166 v_mand=0.00000 ptv=0.1186 ptv_max=0.00001 ring=0.00000 smooth=0.0136 laplacian=0.0416 beam=0.00055 homogeneity=0.0054 body=0.00000 bowel=0.00000 femur=0.00000
2026-05-22 11:08:27 [INFO] Step 50/54 Loss=4.4232 mse=0.1124 v_opt=0.01847 v_mand=0.00065 ptv=0.1077 ptv_max=0.00028 ring=0.00000 smooth=0.0143 laplacian=0.0433 beam=0.01638 homogeneity=0.0070 body=0.00000 bowel=0.00000 femur=0.00000
2026-05-22 11:08:29 [INFO] Step 54/54 Loss=3.9112 mse=0.0944 v_opt=0.00824 v_mand=0.00063 ptv=0.1111 ptv_max=0.00002 ring=0.00001 smooth=0.0160 laplacian=0.0497 beam=0.00264 homogeneity=0.0057 body=0.00000 bowel=0.00000 femur=0.00000
2026-05-22 11:08:29 [INFO] Running validation at epoch 41...
2026-05-22 11:08:59 [INFO] Epoch 41 Summary: Train=4.8738 Val=0.0174 (MSE=0.0174)
          Metrics: PTV_D95=52.16Gy Bladder=27.40Gy Rectum=25.27Gy
          Metrics: Ring=44.25Gy Dmax=115.81Gy BG=31.19Gy
2026-05-22 11:08:59 [INFO] [PHYSICS] Saved best model val_loss=0.0174
2026-05-22 11:08:59 [INFO] [CLINICAL] Saved best model Score=58.125 PTV_D95=52.16Gy Bladder=27.40Gy Rectum=25.27Gy
2026-05-22 11:08:59 [INFO] Epoch 42/100 [FULL PHYSICS] ramp=1.000 lr=6.43e-05
2026-05-22 11:09:05 [INFO] Step 5/54 Loss=4.2947 mse=0.1180 v_opt=0.00000 v_mand=0.00000 ptv=0.0925 ptv_max=0.00004 ring=0.00000 smooth=0.0173 laplacian=0.0521 beam=0.01188 homogeneity=0.0041 body=0.00000 bowel=0.00000 femur=0.00000
2026-05-22 11:09:08 [INFO] Step 10/54 Loss=4.2401 mse=0.1046 v_opt=0.00063 v_mand=0.00000 ptv=0.1179 ptv_max=0.00018 ring=0.00000 smooth=0.0179 laplacian=0.0546 beam=0.00562 homogeneity=0.0059 body=0.00000 bowel=0.00000 femur=0.00000
2026-05-22 11:09:11 [INFO] Step 15/54 Loss=4.4657 mse=0.0898 v_opt=0.00779 v_mand=0.00001 ptv=0.1493 ptv_max=0.00001 ring=0.00000 smooth=0.0161 laplacian=0.0430 beam=0.04795 homogeneity=0.0120 body=0.00000 bowel=0.00000 femur=0.00000
2026-05-22 11:09:14 [INFO] Step 20/54 Loss=4.7284 mse=0.0752 v_opt=0.06960 v_mand=0.02023 ptv=0.1119 ptv_max=0.00004 ring=0.00002 smooth=0.0102 laplacian=0.0308 beam=0.03312 homogeneity=0.0063 body=0.00000 bowel=0.00805 femur=0.00000
2026-05-22 11:09:20 [INFO] Step 25/54 Loss=5.1827 mse=0.1379 v_opt=0.01607 v_mand=0.00064 ptv=0.1027 ptv_max=0.00005 ring=0.00002 smooth=0.0128 laplacian=0.0381 beam=0.06772 homogeneity=0.0050 body=0.00000 bowel=0.00000 femur=0.00000
2026-05-22 11:09:22 [INFO] Step 30/54 Loss=3.8213 mse=0.0966 v_opt=0.00411 v_mand=0.00000 ptv=0.1016 ptv_max=0.00004 ring=0.00001 smooth=0.0179 laplacian=0.0544 beam=0.00002 homogeneity=0.0045 body=0.00000 bowel=0.00000 femur=0.00000
2026-05-22 11:09:25 [INFO] Step 35/54 Loss=3.9707 mse=0.0961 v_opt=0.00000 v_mand=0.00000 ptv=0.1177 ptv_max=0.00001 ring=0.00000 smooth=0.0155 laplacian=0.0448 beam=0.00861 homogeneity=0.0054 body=0.00000 bowel=0.00000 femur=0.00000
2026-05-22 11:09:28 [INFO] Step 40/54 Loss=7.0757 mse=0.2419 v_opt=0.00045 v_mand=0.00000 ptv=0.0418 ptv_max=0.00103 ring=0.00001 smooth=0.0242 laplacian=0.0736 beam=0.01281 homogeneity=0.0051 body=0.00000 bowel=0.00000 femur=0.00000
2026-05-22 11:09:33 [INFO] Step 45/54 Loss=3.4291 mse=0.0681 v_opt=0.01813 v_mand=0.00054 ptv=0.1182 ptv_max=0.00020 ring=0.00000 smooth=0.0153 laplacian=0.0454 beam=0.00667 homogeneity=0.0097 body=0.00000 bowel=0.00000 femur=0.00000
2026-05-22 11:09:35 [INFO] Step 50/54 Loss=52.5578 mse=0.1062 v_opt=1.17465 v_mand=0.94017 ptv=0.0000 ptv_max=0.00000 ring=0.00000 smooth=0.0105 laplacian=0.0298 beam=0.07705 homogeneity=0.0000 body=0.00000 bowel=0.00000 femur=0.00000
2026-05-22 11:09:38 [INFO] Step 54/54 Loss=3.5949 mse=0.0849 v_opt=0.02156 v_mand=0.00254 ptv=0.0736 ptv_max=0.00076 ring=0.00002 smooth=0.0155 laplacian=0.0481 beam=0.02366 homogeneity=0.0077 body=0.00000 bowel=0.00000 femur=0.00000
2026-05-22 11:09:38 [INFO] Running validation at epoch 42...
2026-05-22 11:10:07 [INFO] Epoch 42 Summary: Train=5.7646 Val=0.0178 (MSE=0.0178)
          Metrics: PTV_D95=52.28Gy Bladder=28.57Gy Rectum=25.29Gy
          Metrics: Ring=44.93Gy Dmax=112.05Gy BG=31.59Gy
2026-05-22 11:10:07 [INFO] Epoch 43/100 [FULL PHYSICS] ramp=1.000 lr=6.28e-05
2026-05-22 11:10:13 [INFO] Step 5/54 Loss=2.6473 mse=0.0550 v_opt=0.01850 v_mand=0.00069 ptv=0.0919 ptv_max=0.00002 ring=0.00000 smooth=0.0115 laplacian=0.0345 beam=0.00331 homogeneity=0.0040 body=0.00000 bowel=0.00000 femur=0.00000
2026-05-22 11:10:16 [INFO] Step 10/54 Loss=4.9465 mse=0.1345 v_opt=0.00209 v_mand=0.00000 ptv=0.1030 ptv_max=0.00002 ring=0.00000 smooth=0.0150 laplacian=0.0457 beam=0.04224 homogeneity=0.0047 body=0.00000 bowel=0.00000 femur=0.00000
2026-05-22 11:10:19 [INFO] Step 15/54 Loss=4.1861 mse=0.1051 v_opt=0.00163 v_mand=0.00000 ptv=0.1117 ptv_max=0.00006 ring=0.00001 smooth=0.0130 laplacian=0.0382 beam=0.02419 homogeneity=0.0054 body=0.00000 bowel=0.00000 femur=0.00000
2026-05-22 11:10:22 [INFO] Step 20/54 Loss=4.0516 mse=0.1106 v_opt=0.01864 v_mand=0.00053 ptv=0.0779 ptv_max=0.00019 ring=0.00000 smooth=0.0140 laplacian=0.0410 beam=0.02665 homogeneity=0.0041 body=0.00000 bowel=0.00000 femur=0.00000
2026-05-22 11:10:26 [INFO] Step 25/54 Loss=6.5462 mse=0.1931 v_opt=0.01570 v_mand=0.00026 ptv=0.1175 ptv_max=0.00001 ring=0.00000 smooth=0.0156 laplacian=0.0497 beam=0.02566 homogeneity=0.0054 body=0.00000 bowel=0.00000 femur=0.00000
2026-05-22 11:10:30 [INFO] Step 30/54 Loss=4.0175 mse=0.1010 v_opt=0.00397 v_mand=0.00000 ptv=0.1016 ptv_max=0.00005 ring=0.00000 smooth=0.0173 laplacian=0.0542 beam=0.01540 homogeneity=0.0051 body=0.00000 bowel=0.00000 femur=0.00000
2026-05-22 11:10:33 [INFO] Step 35/54 Loss=4.5075 mse=0.1107 v_opt=0.00001 v_mand=0.00000 ptv=0.1247 ptv_max=0.00003 ring=0.00000 smooth=0.0208 laplacian=0.0609 beam=0.00563 homogeneity=0.0069 body=0.00000 bowel=0.00000 femur=0.00000
2026-05-22 11:10:36 [INFO] Step 40/54 Loss=4.4549 mse=0.1250 v_opt=0.00860 v_mand=0.00000 ptv=0.0804 ptv_max=0.00008 ring=0.00000 smooth=0.0134 laplacian=0.0417 beam=0.04171 homogeneity=0.0038 body=0.00000 bowel=0.00000 femur=0.00000
2026-05-22 11:10:40 [INFO] Step 45/54 Loss=4.2385 mse=0.0982 v_opt=0.03730 v_mand=0.00607 ptv=0.0901 ptv_max=0.00007 ring=0.00000 smooth=0.0128 laplacian=0.0371 beam=0.04121 homogeneity=0.0048 body=0.00000 bowel=0.00000 femur=0.00000
2026-05-22 11:10:44 [INFO] Step 50/54 Loss=3.5662 mse=0.0858 v_opt=0.00267 v_mand=0.00017 ptv=0.0908 ptv_max=0.00008 ring=0.00000 smooth=0.0116 laplacian=0.0332 beam=0.04598 homogeneity=0.0044 body=0.00000 bowel=0.00000 femur=0.00000
2026-05-22 11:10:47 [INFO] Step 54/54 Loss=5.2811 mse=0.1285 v_opt=0.00000 v_mand=0.00000 ptv=0.1409 ptv_max=0.00001 ring=0.00000 smooth=0.0154 laplacian=0.0471 beam=0.05118 homogeneity=0.0076 body=0.00000 bowel=0.00000 femur=0.00000
2026-05-22 11:10:47 [INFO] Running validation at epoch 43...
2026-05-22 11:11:16 [INFO] Epoch 43 Summary: Train=6.0032 Val=0.0175 (MSE=0.0175)
          Metrics: PTV_D95=50.49Gy Bladder=23.64Gy Rectum=26.73Gy
          Metrics: Ring=41.50Gy Dmax=115.60Gy BG=31.09Gy
2026-05-22 11:11:16 [INFO] Epoch 44/100 [FULL PHYSICS] ramp=1.000 lr=6.13e-05
2026-05-22 11:11:23 [INFO] Step 5/54 Loss=4.6543 mse=0.1216 v_opt=0.00000 v_mand=0.00000 ptv=0.0909 ptv_max=0.00008 ring=0.00000 smooth=0.0155 laplacian=0.0473 beam=0.07065 homogeneity=0.0048 body=0.00000 bowel=0.00000 femur=0.00000
2026-05-22 11:11:25 [INFO] Step 10/54 Loss=4.1987 mse=0.0968 v_opt=0.00029 v_mand=0.00000 ptv=0.1285 ptv_max=0.00000 ring=0.00000 smooth=0.0142 laplacian=0.0418 beam=0.02769 homogeneity=0.0065 body=0.00000 bowel=0.00000 femur=0.00000
2026-05-22 11:11:28 [INFO] Step 15/54 Loss=3.3450 mse=0.0734 v_opt=0.00096 v_mand=0.00000 ptv=0.1219 ptv_max=0.00000 ring=0.00002 smooth=0.0109 laplacian=0.0332 beam=0.00130 homogeneity=0.0052 body=0.00000 bowel=0.00000 femur=0.00000
2026-05-22 11:11:31 [INFO] Step 20/54 Loss=3.8727 mse=0.0752 v_opt=0.01406 v_mand=0.00020 ptv=0.1567 ptv_max=0.00000 ring=0.00000 smooth=0.0123 laplacian=0.0384 beam=0.00450 homogeneity=0.0081 body=0.00000 bowel=0.00000 femur=0.00000
2026-05-22 11:11:35 [INFO] Step 25/54 Loss=5.3860 mse=0.1207 v_opt=0.03720 v_mand=0.00670 ptv=0.1032 ptv_max=0.00017 ring=0.00000 smooth=0.0128 laplacian=0.0386 beam=0.03475 homogeneity=0.0060 body=0.00000 bowel=0.02787 femur=0.00000
2026-05-22 11:11:39 [INFO] Step 30/54 Loss=3.9641 mse=0.0979 v_opt=0.00000 v_mand=0.00000 ptv=0.0786 ptv_max=0.00036 ring=0.00007 smooth=0.0134 laplacian=0.0393 beam=0.07461 homogeneity=0.0065 body=0.00000 bowel=0.00000 femur=0.00000
2026-05-22 11:11:42 [INFO] Step 35/54 Loss=3.5030 mse=0.0851 v_opt=0.00355 v_mand=0.00002 ptv=0.1054 ptv_max=0.00003 ring=0.00000 smooth=0.0137 laplacian=0.0406 beam=0.00034 homogeneity=0.0047 body=0.00000 bowel=0.00000 femur=0.00000
2026-05-22 11:11:45 [INFO] Step 40/54 Loss=5.4216 mse=0.1446 v_opt=0.00227 v_mand=0.00000 ptv=0.1043 ptv_max=0.00002 ring=0.00000 smooth=0.0188 laplacian=0.0531 beam=0.07807 homogeneity=0.0041 body=0.00000 bowel=0.00000 femur=0.00000
2026-05-22 11:11:49 [INFO] Step 45/54 Loss=3.5539 mse=0.0859 v_opt=0.00361 v_mand=0.00003 ptv=0.1022 ptv_max=0.00003 ring=0.00001 smooth=0.0147 laplacian=0.0425 beam=0.00898 homogeneity=0.0051 body=0.00000 bowel=0.00000 femur=0.00000
2026-05-22 11:11:52 [INFO] Step 50/54 Loss=4.0063 mse=0.1005 v_opt=0.00912 v_mand=0.00000 ptv=0.1042 ptv_max=0.00012 ring=0.00000 smooth=0.0135 laplacian=0.0394 beam=0.02356 homogeneity=0.0049 body=0.00000 bowel=0.00000 femur=0.00000
2026-05-22 11:11:54 [INFO] Step 54/54 Loss=4.1205 mse=0.1039 v_opt=0.00073 v_mand=0.00000 ptv=0.1152 ptv_max=0.00001 ring=0.00000 smooth=0.0126 laplacian=0.0367 beam=0.01341 homogeneity=0.0053 body=0.00000 bowel=0.00000 femur=0.00000
2026-05-22 11:11:54 [INFO] Running validation at epoch 44...
2026-05-22 11:12:24 [INFO] Epoch 44 Summary: Train=4.4296 Val=0.0170 (MSE=0.0170)
          Metrics: PTV_D95=52.05Gy Bladder=26.77Gy Rectum=27.56Gy
          Metrics: Ring=43.50Gy Dmax=110.90Gy BG=30.85Gy
2026-05-22 11:12:24 [INFO] [PHYSICS] Saved best model val_loss=0.0170
2026-05-22 11:12:24 [INFO] Epoch 45/100 [FULL PHYSICS] ramp=1.000 lr=5.98e-05
2026-05-22 11:12:29 [INFO] Step 5/54 Loss=4.0603 mse=0.1028 v_opt=0.01681 v_mand=0.00161 ptv=0.0961 ptv_max=0.00007 ring=0.00001 smooth=0.0154 laplacian=0.0443 beam=0.01199 homogeneity=0.0057 body=0.00000 bowel=0.00000 femur=0.00000
2026-05-22 11:12:32 [INFO] Step 10/54 Loss=6.1736 mse=0.1879 v_opt=0.00491 v_mand=0.00000 ptv=0.0149 ptv_max=0.00390 ring=0.00003 smooth=0.0184 laplacian=0.0555 beam=0.12105 homogeneity=0.0111 body=0.00000 bowel=0.00000 femur=0.00000
2026-05-22 11:12:35 [INFO] Step 15/54 Loss=4.5967 mse=0.1180 v_opt=0.00178 v_mand=0.00000 ptv=0.1099 ptv_max=0.00002 ring=0.00000 smooth=0.0136 laplacian=0.0426 beam=0.04238 homogeneity=0.0052 body=0.00000 bowel=0.00000 femur=0.00000
2026-05-22 11:12:39 [INFO] Step 20/54 Loss=6.0284 mse=0.1822 v_opt=0.00263 v_mand=0.00000 ptv=0.1138 ptv_max=0.00002 ring=0.00000 smooth=0.0103 laplacian=0.0304 beam=0.01091 homogeneity=0.0055 body=0.00000 bowel=0.00000 femur=0.00000
2026-05-22 11:12:44 [INFO] Step 25/54 Loss=3.7611 mse=0.1022 v_opt=0.01790 v_mand=0.00068 ptv=0.0823 ptv_max=0.00009 ring=0.00001 smooth=0.0124 laplacian=0.0381 beam=0.00539 homogeneity=0.0039 body=0.00000 bowel=0.00000 femur=0.00000
2026-05-22 11:12:47 [INFO] Step 30/54 Loss=4.7082 mse=0.1315 v_opt=0.00849 v_mand=0.00000 ptv=0.0843 ptv_max=0.00012 ring=0.00001 smooth=0.0156 laplacian=0.0455 beam=0.04386 homogeneity=0.0045 body=0.00000 bowel=0.00000 femur=0.00000
2026-05-22 11:12:50 [INFO] Step 35/54 Loss=3.8901 mse=0.0961 v_opt=0.01595 v_mand=0.00059 ptv=0.1029 ptv_max=0.00005 ring=0.00000 smooth=0.0101 laplacian=0.0294 beam=0.02694 homogeneity=0.0046 body=0.00000 bowel=0.00071 femur=0.00000
2026-05-22 11:12:53 [INFO] Step 40/54 Loss=4.0003 mse=0.1074 v_opt=0.00116 v_mand=0.00000 ptv=0.0914 ptv_max=0.00007 ring=0.00000 smooth=0.0154 laplacian=0.0438 beam=0.00904 homogeneity=0.0058 body=0.00000 bowel=0.00000 femur=0.00000
2026-05-22 11:12:58 [INFO] Step 45/54 Loss=3.3174 mse=0.0655 v_opt=0.01160 v_mand=0.00058 ptv=0.1230 ptv_max=0.00001 ring=0.00000 smooth=0.0084 laplacian=0.0238 beam=0.00892 homogeneity=0.0062 body=0.00000 bowel=0.00660 femur=0.00000
2026-05-22 11:13:01 [INFO] Step 50/54 Loss=3.8629 mse=0.0977 v_opt=0.01350 v_mand=0.00013 ptv=0.1013 ptv_max=0.00025 ring=0.00001 smooth=0.0133 laplacian=0.0398 beam=0.00717 homogeneity=0.0056 body=0.00000 bowel=0.00000 femur=0.00000
2026-05-22 11:13:03 [INFO] Step 54/54 Loss=3.5276 mse=0.0828 v_opt=0.04108 v_mand=0.00339 ptv=0.0813 ptv_max=0.00014 ring=0.00000 smooth=0.0112 laplacian=0.0323 beam=0.02554 homogeneity=0.0044 body=0.00000 bowel=0.00000 femur=0.00000
2026-05-22 11:13:03 [INFO] Running validation at epoch 45...
2026-05-22 11:13:32 [INFO] Epoch 45 Summary: Train=4.2737 Val=0.0164 (MSE=0.0164)
          Metrics: PTV_D95=52.89Gy Bladder=28.95Gy Rectum=31.46Gy
          Metrics: Ring=44.68Gy Dmax=111.54Gy BG=30.43Gy
2026-05-22 11:13:32 [INFO] [PHYSICS] Saved best model val_loss=0.0164
2026-05-22 11:13:32 [INFO] Epoch 46/100 [FULL PHYSICS] ramp=1.000 lr=5.82e-05
2026-05-22 11:13:39 [INFO] Step 5/54 Loss=3.5423 mse=0.0972 v_opt=0.00067 v_mand=0.00001 ptv=0.0784 ptv_max=0.00007 ring=0.00000 smooth=0.0158 laplacian=0.0469 beam=0.00095 homogeneity=0.0034 body=0.00000 bowel=0.00000 femur=0.00000
2026-05-22 11:13:41 [INFO] Step 10/54 Loss=3.4876 mse=0.0831 v_opt=0.00002 v_mand=0.00000 ptv=0.1100 ptv_max=0.00002 ring=0.00000 smooth=0.0131 laplacian=0.0384 beam=0.00034 homogeneity=0.0051 body=0.00000 bowel=0.00000 femur=0.00000
2026-05-22 11:13:44 [INFO] Step 15/54 Loss=4.7688 mse=0.1271 v_opt=0.00151 v_mand=0.00024 ptv=0.1028 ptv_max=0.00019 ring=0.00000 smooth=0.0163 laplacian=0.0509 beam=0.03088 homogeneity=0.0057 body=0.00000 bowel=0.00000 femur=0.00000
2026-05-22 11:13:47 [INFO] Step 20/54 Loss=4.1313 mse=0.0967 v_opt=0.00000 v_mand=0.00000 ptv=0.1266 ptv_max=0.00000 ring=0.00000 smooth=0.0121 laplacian=0.0353 beam=0.03047 homogeneity=0.0053 body=0.00000 bowel=0.00000 femur=0.00000
2026-05-22 11:13:53 [INFO] Step 25/54 Loss=4.2506 mse=0.1071 v_opt=0.00634 v_mand=0.00018 ptv=0.1040 ptv_max=0.00001 ring=0.00000 smooth=0.0144 laplacian=0.0409 beam=0.04038 homogeneity=0.0045 body=0.00000 bowel=0.00000 femur=0.00000
2026-05-22 11:13:56 [INFO] Step 30/54 Loss=3.6151 mse=0.0913 v_opt=0.02319 v_mand=0.00198 ptv=0.0897 ptv_max=0.00007 ring=0.00001 smooth=0.0127 laplacian=0.0370 beam=0.00102 homogeneity=0.0041 body=0.00000 bowel=0.00000 femur=0.00000
2026-05-22 11:13:59 [INFO] Step 35/54 Loss=2.9723 mse=0.0613 v_opt=0.00000 v_mand=0.00000 ptv=0.1136 ptv_max=0.00003 ring=0.00000 smooth=0.0119 laplacian=0.0348 beam=0.00010 homogeneity=0.0058 body=0.00000 bowel=0.00000 femur=0.00000
2026-05-22 11:14:02 [INFO] Step 40/54 Loss=4.2540 mse=0.1259 v_opt=0.00031 v_mand=0.00000 ptv=0.0370 ptv_max=0.00094 ring=0.00000 smooth=0.0126 laplacian=0.0393 beam=0.07703 homogeneity=0.0047 body=0.00000 bowel=0.00000 femur=0.00000
2026-05-22 11:14:07 [INFO] Step 45/54 Loss=3.7571 mse=0.0926 v_opt=0.02412 v_mand=0.00207 ptv=0.0891 ptv_max=0.00045 ring=0.00000 smooth=0.0162 laplacian=0.0487 beam=0.00363 homogeneity=0.0050 body=0.00000 bowel=0.00000 femur=0.00000
2026-05-22 11:14:10 [INFO] Step 50/54 Loss=3.8676 mse=0.0875 v_opt=0.04142 v_mand=0.00419 ptv=0.0989 ptv_max=0.00007 ring=0.00002 smooth=0.0105 laplacian=0.0290 beam=0.02319 homogeneity=0.0062 body=0.00000 bowel=0.00000 femur=0.00000
2026-05-22 11:14:12 [INFO] Step 54/54 Loss=4.5296 mse=0.1305 v_opt=0.00891 v_mand=0.00006 ptv=0.0754 ptv_max=0.00042 ring=0.00000 smooth=0.0149 laplacian=0.0455 beam=0.02562 homogeneity=0.0051 body=0.00000 bowel=0.00000 femur=0.00000
2026-05-22 11:14:12 [INFO] Running validation at epoch 46...
2026-05-22 11:14:41 [INFO] Epoch 46 Summary: Train=4.2531 Val=0.0161 (MSE=0.0161)
          Metrics: PTV_D95=52.92Gy Bladder=27.22Gy Rectum=30.91Gy
          Metrics: Ring=44.11Gy Dmax=113.06Gy BG=30.13Gy
2026-05-22 11:14:41 [INFO] [PHYSICS] Saved best model val_loss=0.0161
2026-05-22 11:14:41 [INFO] Epoch 47/100 [FULL PHYSICS] ramp=1.000 lr=5.67e-05
2026-05-22 11:14:48 [INFO] Step 5/54 Loss=5.0288 mse=0.1497 v_opt=0.00192 v_mand=0.00000 ptv=0.0670 ptv_max=0.00050 ring=0.00000 smooth=0.0171 laplacian=0.0538 beam=0.04130 homogeneity=0.0048 body=0.00000 bowel=0.00000 femur=0.00000
2026-05-22 11:14:51 [INFO] Step 10/54 Loss=2.2701 mse=0.0520 v_opt=0.00046 v_mand=0.00000 ptv=0.0633 ptv_max=0.00018 ring=0.00000 smooth=0.0073 laplacian=0.0209 beam=0.02960 homogeneity=0.0033 body=0.00000 bowel=0.00000 femur=0.00000
2026-05-22 11:14:54 [INFO] Step 15/54 Loss=3.7758 mse=0.0929 v_opt=0.00035 v_mand=0.00000 ptv=0.1103 ptv_max=0.00001 ring=0.00000 smooth=0.0121 laplacian=0.0363 beam=0.01346 homogeneity=0.0044 body=0.00000 bowel=0.00000 femur=0.00000
2026-05-22 11:14:57 [INFO] Step 20/54 Loss=4.2683 mse=0.1127 v_opt=0.00422 v_mand=0.00000 ptv=0.0954 ptv_max=0.00014 ring=0.00001 smooth=0.0106 laplacian=0.0311 beam=0.03785 homogeneity=0.0063 body=0.00000 bowel=0.00000 femur=0.00000
2026-05-22 11:15:02 [INFO] Step 25/54 Loss=4.4902 mse=0.1116 v_opt=0.03360 v_mand=0.00419 ptv=0.0858 ptv_max=0.00046 ring=0.00000 smooth=0.0116 laplacian=0.0340 beam=0.04418 homogeneity=0.0070 body=0.00000 bowel=0.00000 femur=0.00000
2026-05-22 11:15:05 [INFO] Step 30/54 Loss=4.1842 mse=0.0994 v_opt=0.01322 v_mand=0.00026 ptv=0.1097 ptv_max=0.00008 ring=0.00000 smooth=0.0132 laplacian=0.0376 beam=0.04970 homogeneity=0.0055 body=0.00000 bowel=0.00000 femur=0.00000
2026-05-22 11:15:08 [INFO] Step 35/54 Loss=3.8353 mse=0.1086 v_opt=0.00071 v_mand=0.00000 ptv=0.0748 ptv_max=0.00025 ring=0.00000 smooth=0.0141 laplacian=0.0423 beam=0.00899 homogeneity=0.0044 body=0.00000 bowel=0.00000 femur=0.00000
2026-05-22 11:15:11 [INFO] Step 40/54 Loss=5.4791 mse=0.1617 v_opt=0.00186 v_mand=0.00000 ptv=0.0217 ptv_max=0.00402 ring=0.00004 smooth=0.0152 laplacian=0.0456 beam=0.10801 homogeneity=0.0116 body=0.00000 bowel=0.00000 femur=0.00000
2026-05-22 11:15:16 [INFO] Step 45/54 Loss=3.9034 mse=0.1040 v_opt=0.00855 v_mand=0.00000 ptv=0.0818 ptv_max=0.00007 ring=0.00001 smooth=0.0122 laplacian=0.0346 beam=0.04116 homogeneity=0.0038 body=0.00000 bowel=0.00000 femur=0.00000
2026-05-22 11:15:19 [INFO] Step 50/54 Loss=41.1165 mse=0.1264 v_opt=0.81245 v_mand=0.61229 ptv=0.4228 ptv_max=0.00000 ring=0.00000 smooth=0.0118 laplacian=0.0345 beam=0.08459 homogeneity=0.0441 body=0.00000 bowel=0.00000 femur=0.00000
2026-05-22 11:15:21 [INFO] Step 54/54 Loss=3.9228 mse=0.0929 v_opt=0.00000 v_mand=0.00000 ptv=0.1140 ptv_max=0.00000 ring=0.00000 smooth=0.0106 laplacian=0.0307 beam=0.02817 homogeneity=0.0051 body=0.00000 bowel=0.00361 femur=0.00000
2026-05-22 11:15:21 [INFO] Running validation at epoch 47...
2026-05-22 11:15:50 [INFO] Epoch 47 Summary: Train=5.1903 Val=0.0160 (MSE=0.0160)
          Metrics: PTV_D95=51.81Gy Bladder=25.45Gy Rectum=27.15Gy
          Metrics: Ring=42.44Gy Dmax=115.85Gy BG=29.85Gy
2026-05-22 11:15:50 [INFO] [PHYSICS] Saved best model val_loss=0.0160
2026-05-22 11:15:50 [INFO] Epoch 48/100 [FULL PHYSICS] ramp=1.000 lr=5.52e-05
2026-05-22 11:15:56 [INFO] Step 5/54 Loss=4.8062 mse=0.1269 v_opt=0.00000 v_mand=0.00000 ptv=0.0796 ptv_max=0.00022 ring=0.00000 smooth=0.0121 laplacian=0.0360 beam=0.10547 homogeneity=0.0054 body=0.00000 bowel=0.00000 femur=0.00000
2026-05-22 11:15:59 [INFO] Step 10/54 Loss=3.2392 mse=0.0835 v_opt=0.00126 v_mand=0.00000 ptv=0.0815 ptv_max=0.00006 ring=0.00000 smooth=0.0120 laplacian=0.0357 beam=0.01081 homogeneity=0.0043 body=0.00000 bowel=0.00000 femur=0.00000
2026-05-22 11:16:02 [INFO] Step 15/54 Loss=4.2484 mse=0.1105 v_opt=0.00699 v_mand=0.00005 ptv=0.0909 ptv_max=0.00001 ring=0.00000 smooth=0.0124 laplacian=0.0358 beam=0.06037 homogeneity=0.0034 body=0.00000 bowel=0.00000 femur=0.00000
2026-05-22 11:16:05 [INFO] Step 20/54 Loss=3.9573 mse=0.1099 v_opt=0.00225 v_mand=0.00000 ptv=0.0762 ptv_max=0.00010 ring=0.00000 smooth=0.0153 laplacian=0.0456 beam=0.02303 homogeneity=0.0040 body=0.00000 bowel=0.00000 femur=0.00000
2026-05-22 11:16:10 [INFO] Step 25/54 Loss=3.8553 mse=0.0864 v_opt=0.00000 v_mand=0.00000 ptv=0.1159 ptv_max=0.00004 ring=0.00000 smooth=0.0142 laplacian=0.0395 beam=0.03749 homogeneity=0.0068 body=0.00000 bowel=0.00000 femur=0.00000
2026-05-22 11:16:13 [INFO] Step 30/54 Loss=2.6718 mse=0.0536 v_opt=0.00194 v_mand=0.00000 ptv=0.1000 ptv_max=0.00004 ring=0.00000 smooth=0.0112 laplacian=0.0309 beam=0.00892 homogeneity=0.0056 body=0.00000 bowel=0.00015 femur=0.00000
2026-05-22 11:16:16 [INFO] Step 35/54 Loss=4.2026 mse=0.1174 v_opt=0.00000 v_mand=0.00000 ptv=0.0164 ptv_max=0.00517 ring=0.00006 smooth=0.0115 laplacian=0.0349 beam=0.07848 homogeneity=0.0133 body=0.00000 bowel=0.00000 femur=0.00000
2026-05-22 11:16:19 [INFO] Step 40/54 Loss=4.5334 mse=0.1349 v_opt=0.00807 v_mand=0.00000 ptv=0.0718 ptv_max=0.00017 ring=0.00001 smooth=0.0163 laplacian=0.0498 beam=0.01409 homogeneity=0.0041 body=0.00000 bowel=0.00000 femur=0.00000
2026-05-22 11:16:23 [INFO] Step 45/54 Loss=4.7795 mse=0.1132 v_opt=0.01428 v_mand=0.00005 ptv=0.1212 ptv_max=0.00011 ring=0.00000 smooth=0.0093 laplacian=0.0267 beam=0.07685 homogeneity=0.0087 body=0.00000 bowel=0.00000 femur=0.00000
2026-05-22 11:16:27 [INFO] Step 50/54 Loss=3.8045 mse=0.1016 v_opt=0.02295 v_mand=0.00204 ptv=0.0752 ptv_max=0.00010 ring=0.00000 smooth=0.0130 laplacian=0.0392 beam=0.01685 homogeneity=0.0033 body=0.00000 bowel=0.00000 femur=0.00000
2026-05-22 11:16:29 [INFO] Step 54/54 Loss=3.5239 mse=0.0944 v_opt=0.01145 v_mand=0.00071 ptv=0.0847 ptv_max=0.00005 ring=0.00001 smooth=0.0116 laplacian=0.0335 beam=0.00110 homogeneity=0.0036 body=0.00000 bowel=0.00000 femur=0.00000
2026-05-22 11:16:29 [INFO] Running validation at epoch 48...
2026-05-22 11:16:58 [INFO] Epoch 48 Summary: Train=3.9855 Val=0.0155 (MSE=0.0155)
          Metrics: PTV_D95=53.18Gy Bladder=26.74Gy Rectum=29.65Gy
          Metrics: Ring=44.17Gy Dmax=112.77Gy BG=29.62Gy
2026-05-22 11:16:58 [INFO] [PHYSICS] Saved best model val_loss=0.0155
2026-05-22 11:16:58 [INFO] [CLINICAL] Saved best model Score=57.302 PTV_D95=53.18Gy Bladder=26.74Gy Rectum=29.65Gy
2026-05-22 11:16:58 [INFO] Epoch 49/100 [FULL PHYSICS] ramp=1.000 lr=5.36e-05
2026-05-22 11:17:05 [INFO] Step 5/54 Loss=3.7532 mse=0.1024 v_opt=0.00101 v_mand=0.00000 ptv=0.0819 ptv_max=0.00007 ring=0.00000 smooth=0.0126 laplacian=0.0366 beam=0.01831 homogeneity=0.0040 body=0.00000 bowel=0.00000 femur=0.00000
2026-05-22 11:17:08 [INFO] Step 10/54 Loss=2.7448 mse=0.0586 v_opt=0.00066 v_mand=0.00000 ptv=0.1017 ptv_max=0.00004 ring=0.00001 smooth=0.0097 laplacian=0.0277 beam=0.00210 homogeneity=0.0051 body=0.00000 bowel=0.00000 femur=0.00000
2026-05-22 11:17:11 [INFO] Step 15/54 Loss=3.7743 mse=0.0908 v_opt=0.00867 v_mand=0.00065 ptv=0.0994 ptv_max=0.00001 ring=0.00000 smooth=0.0104 laplacian=0.0292 beam=0.04479 homogeneity=0.0040 body=0.00000 bowel=0.00000 femur=0.00000
2026-05-22 11:17:14 [INFO] Step 20/54 Loss=7.1086 mse=0.2373 v_opt=0.00235 v_mand=0.00000 ptv=0.0825 ptv_max=0.00007 ring=0.00001 smooth=0.0105 laplacian=0.0321 beam=0.01967 homogeneity=0.0036 body=0.00000 bowel=0.00000 femur=0.00000
2026-05-22 11:17:19 [INFO] Step 25/54 Loss=2.6845 mse=0.0753 v_opt=0.00161 v_mand=0.00041 ptv=0.0263 ptv_max=0.00142 ring=0.00000 smooth=0.0100 laplacian=0.0299 beam=0.03192 homogeneity=0.0062 body=0.00000 bowel=0.00000 femur=0.00000
2026-05-22 11:17:22 [INFO] Step 30/54 Loss=5.0374 mse=0.1450 v_opt=0.00409 v_mand=0.00000 ptv=0.0602 ptv_max=0.00021 ring=0.00000 smooth=0.0155 laplacian=0.0442 beam=0.09665 homogeneity=0.0036 body=0.00000 bowel=0.00000 femur=0.00000
2026-05-22 11:17:24 [INFO] Step 35/54 Loss=3.3841 mse=0.0935 v_opt=0.00646 v_mand=0.00000 ptv=0.0661 ptv_max=0.00012 ring=0.00000 smooth=0.0127 laplacian=0.0370 beam=0.02041 homogeneity=0.0033 body=0.00000 bowel=0.00000 femur=0.00000
2026-05-22 11:17:27 [INFO] Step 40/54 Loss=4.2243 mse=0.1149 v_opt=0.00000 v_mand=0.00000 ptv=0.0952 ptv_max=0.00008 ring=0.00000 smooth=0.0144 laplacian=0.0425 beam=0.00397 homogeneity=0.0075 body=0.00000 bowel=0.00000 femur=0.00000
2026-05-22 11:17:33 [INFO] Step 45/54 Loss=3.8992 mse=0.1007 v_opt=0.00006 v_mand=0.00000 ptv=0.0912 ptv_max=0.00001 ring=0.00000 smooth=0.0124 laplacian=0.0357 beam=0.04284 homogeneity=0.0031 body=0.00000 bowel=0.00000 femur=0.00000
2026-05-22 11:17:35 [INFO] Step 50/54 Loss=3.7423 mse=0.1013 v_opt=0.00812 v_mand=0.00014 ptv=0.0797 ptv_max=0.00007 ring=0.00001 smooth=0.0114 laplacian=0.0316 beam=0.02932 homogeneity=0.0035 body=0.00000 bowel=0.00000 femur=0.00000
2026-05-22 11:17:38 [INFO] Step 54/54 Loss=5.1755 mse=0.1561 v_opt=0.00022 v_mand=0.00000 ptv=0.0301 ptv_max=0.00226 ring=0.00004 smooth=0.0152 laplacian=0.0462 beam=0.09173 homogeneity=0.0076 body=0.00000 bowel=0.00000 femur=0.00000
2026-05-22 11:17:38 [INFO] Running validation at epoch 49...
2026-05-22 11:18:07 [INFO] Epoch 49 Summary: Train=4.1000 Val=0.0153 (MSE=0.0153)
          Metrics: PTV_D95=52.75Gy Bladder=27.15Gy Rectum=30.43Gy
          Metrics: Ring=43.41Gy Dmax=110.32Gy BG=29.48Gy
2026-05-22 11:18:07 [INFO] [PHYSICS] Saved best model val_loss=0.0153
2026-05-22 11:18:07 [INFO] Epoch 50/100 [FULL PHYSICS] ramp=1.000 lr=5.21e-05
2026-05-22 11:18:14 [INFO] Step 5/54 Loss=4.4244 mse=0.1292 v_opt=0.00162 v_mand=0.00000 ptv=0.0221 ptv_max=0.00253 ring=0.00003 smooth=0.0140 laplacian=0.0398 beam=0.09343 homogeneity=0.0082 body=0.00000 bowel=0.00000 femur=0.00000
2026-05-22 11:18:16 [INFO] Step 10/54 Loss=3.9597 mse=0.0884 v_opt=0.02672 v_mand=0.00223 ptv=0.0991 ptv_max=0.00013 ring=0.00000 smooth=0.0102 laplacian=0.0302 beam=0.05651 homogeneity=0.0072 body=0.00000 bowel=0.00000 femur=0.00000
2026-05-22 11:18:19 [INFO] Step 15/54 Loss=3.1056 mse=0.0757 v_opt=0.00385 v_mand=0.00004 ptv=0.0938 ptv_max=0.00002 ring=0.00000 smooth=0.0126 laplacian=0.0354 beam=0.00031 homogeneity=0.0036 body=0.00000 bowel=0.00000 femur=0.00000
2026-05-22 11:18:22 [INFO] Step 20/54 Loss=3.3999 mse=0.0807 v_opt=0.03723 v_mand=0.00221 ptv=0.0766 ptv_max=0.00006 ring=0.00000 smooth=0.0098 laplacian=0.0280 beam=0.04225 homogeneity=0.0034 body=0.00000 bowel=0.00000 femur=0.00000
2026-05-22 11:18:27 [INFO] Step 25/54 Loss=3.6875 mse=0.1013 v_opt=0.00000 v_mand=0.00000 ptv=0.0785 ptv_max=0.00006 ring=0.00000 smooth=0.0130 laplacian=0.0362 beam=0.02083 homogeneity=0.0034 body=0.00000 bowel=0.00000 femur=0.00000
2026-05-22 11:18:30 [INFO] Step 30/54 Loss=3.7933 mse=0.0954 v_opt=0.00176 v_mand=0.00000 ptv=0.1059 ptv_max=0.00001 ring=0.00000 smooth=0.0124 laplacian=0.0352 beam=0.01226 homogeneity=0.0048 body=0.00000 bowel=0.00000 femur=0.00000
2026-05-22 11:18:33 [INFO] Step 35/54 Loss=1.9975 mse=0.0424 v_opt=0.00000 v_mand=0.00000 ptv=0.0000 ptv_max=0.00000 ring=0.00000 smooth=0.0060 laplacian=0.0164 beam=0.01282 homogeneity=0.0000 body=0.00000 bowel=0.05233 femur=0.00000
2026-05-22 11:18:36 [INFO] Step 40/54 Loss=5.7261 mse=0.1757 v_opt=0.00820 v_mand=0.00000 ptv=0.0324 ptv_max=0.00130 ring=0.00003 smooth=0.0144 laplacian=0.0431 beam=0.11601 homogeneity=0.0059 body=0.00000 bowel=0.00000 femur=0.00000
2026-05-22 11:18:41 [INFO] Step 45/54 Loss=3.9011 mse=0.0838 v_opt=0.03875 v_mand=0.00684 ptv=0.0891 ptv_max=0.00004 ring=0.00000 smooth=0.0117 laplacian=0.0319 beam=0.04276 homogeneity=0.0055 body=0.00000 bowel=0.00000 femur=0.00000
2026-05-22 11:18:44 [INFO] Step 50/54 Loss=3.0377 mse=0.0787 v_opt=0.00235 v_mand=0.00000 ptv=0.0802 ptv_max=0.00002 ring=0.00000 smooth=0.0121 laplacian=0.0356 beam=0.00033 homogeneity=0.0036 body=0.00000 bowel=0.00000 femur=0.00000
2026-05-22 11:18:46 [INFO] Step 54/54 Loss=4.4056 mse=0.0838 v_opt=0.06526 v_mand=0.01184 ptv=0.1201 ptv_max=0.00001 ring=0.00001 smooth=0.0160 laplacian=0.0449 beam=0.00356 homogeneity=0.0065 body=0.00000 bowel=0.00000 femur=0.00000
2026-05-22 11:18:46 [INFO] Running validation at epoch 50...
2026-05-22 11:19:16 [INFO] Epoch 50 Summary: Train=4.3011 Val=0.0152 (MSE=0.0152)
          Metrics: PTV_D95=52.94Gy Bladder=26.69Gy Rectum=31.62Gy
          Metrics: Ring=43.60Gy Dmax=108.06Gy BG=29.33Gy
2026-05-22 11:19:16 [INFO] [PHYSICS] Saved best model val_loss=0.0152
2026-05-22 11:19:16 [INFO] Epoch 51/100 [FULL PHYSICS] ramp=1.000 lr=5.05e-05
2026-05-22 11:19:21 [INFO] Step 5/54 Loss=5.8821 mse=0.1522 v_opt=0.00999 v_mand=0.00036 ptv=0.1117 ptv_max=0.00019 ring=0.00000 smooth=0.0162 laplacian=0.0444 beam=0.10017 homogeneity=0.0086 body=0.00000 bowel=0.00000 femur=0.00000
2026-05-22 11:19:25 [INFO] Step 10/54 Loss=3.0326 mse=0.0772 v_opt=0.00206 v_mand=0.00000 ptv=0.0791 ptv_max=0.00009 ring=0.00000 smooth=0.0130 laplacian=0.0381 beam=0.00285 homogeneity=0.0043 body=0.00000 bowel=0.00000 femur=0.00000
2026-05-22 11:19:28 [INFO] Step 15/54 Loss=4.5980 mse=0.1229 v_opt=0.00076 v_mand=0.00000 ptv=0.0916 ptv_max=0.00034 ring=0.00000 smooth=0.0136 laplacian=0.0401 beam=0.04609 homogeneity=0.0074 body=0.00000 bowel=0.00000 femur=0.00000
2026-05-22 11:19:31 [INFO] Step 20/54 Loss=3.1136 mse=0.0757 v_opt=0.00676 v_mand=0.00000 ptv=0.0927 ptv_max=0.00010 ring=0.00000 smooth=0.0097 laplacian=0.0275 beam=0.00802 homogeneity=0.0044 body=0.00000 bowel=0.00000 femur=0.00000
2026-05-22 11:19:37 [INFO] Step 25/54 Loss=5.6061 mse=0.1254 v_opt=0.07418 v_mand=0.01109 ptv=0.1082 ptv_max=0.00002 ring=0.00001 smooth=0.0135 laplacian=0.0380 beam=0.07585 homogeneity=0.0051 body=0.00000 bowel=0.00000 femur=0.00000
2026-05-22 11:19:39 [INFO] Step 30/54 Loss=3.3535 mse=0.0864 v_opt=0.01191 v_mand=0.00023 ptv=0.0859 ptv_max=0.00010 ring=0.00000 smooth=0.0112 laplacian=0.0328 beam=0.00563 homogeneity=0.0045 body=0.00000 bowel=0.00000 femur=0.00000
2026-05-22 11:19:42 [INFO] Step 35/54 Loss=3.2727 mse=0.0830 v_opt=0.00000 v_mand=0.00000 ptv=0.0932 ptv_max=0.00005 ring=0.00000 smooth=0.0118 laplacian=0.0329 beam=0.00234 homogeneity=0.0038 body=0.00000 bowel=0.00000 femur=0.00000
2026-05-22 11:19:45 [INFO] Step 40/54 Loss=3.3814 mse=0.0766 v_opt=0.00028 v_mand=0.00000 ptv=0.1027 ptv_max=0.00000 ring=0.00000 smooth=0.0108 laplacian=0.0295 beam=0.03915 homogeneity=0.0043 body=0.00000 bowel=0.00000 femur=0.00000
2026-05-22 11:19:51 [INFO] Step 45/54 Loss=3.6133 mse=0.0981 v_opt=0.01718 v_mand=0.00043 ptv=0.0764 ptv_max=0.00005 ring=0.00000 smooth=0.0104 laplacian=0.0307 beam=0.02202 homogeneity=0.0032 body=0.00000 bowel=0.00000 femur=0.00000
2026-05-22 11:19:53 [INFO] Step 50/54 Loss=3.0455 mse=0.0801 v_opt=0.02174 v_mand=0.00029 ptv=0.0743 ptv_max=0.00005 ring=0.00000 smooth=0.0108 laplacian=0.0318 beam=0.00192 homogeneity=0.0030 body=0.00000 bowel=0.00000 femur=0.00000
2026-05-22 11:19:56 [INFO] Step 54/54 Loss=4.1770 mse=0.1067 v_opt=0.02773 v_mand=0.00124 ptv=0.0850 ptv_max=0.00001 ring=0.00001 smooth=0.0109 laplacian=0.0319 beam=0.06201 homogeneity=0.0030 body=0.00000 bowel=0.00000 femur=0.00000
2026-05-22 11:19:56 [INFO] Running validation at epoch 51...
2026-05-22 11:20:26 [INFO] Epoch 51 Summary: Train=5.4679 Val=0.0148 (MSE=0.0148)
          Metrics: PTV_D95=53.24Gy Bladder=27.20Gy Rectum=30.39Gy
          Metrics: Ring=43.89Gy Dmax=106.81Gy BG=29.04Gy
2026-05-22 11:20:26 [INFO] [PHYSICS] Saved best model val_loss=0.0148
2026-05-22 11:20:26 [INFO] Epoch 52/100 [FULL PHYSICS] ramp=1.000 lr=4.89e-05
2026-05-22 11:20:32 [INFO] Step 5/54 Loss=5.1137 mse=0.1449 v_opt=0.00000 v_mand=0.00000 ptv=0.0861 ptv_max=0.00010 ring=0.00000 smooth=0.0133 laplacian=0.0388 beam=0.05852 homogeneity=0.0063 body=0.00000 bowel=0.00000 femur=0.00000
2026-05-22 11:20:35 [INFO] Step 10/54 Loss=4.6667 mse=0.1370 v_opt=0.00000 v_mand=0.00000 ptv=0.0471 ptv_max=0.00036 ring=0.00000 smooth=0.0157 laplacian=0.0464 beam=0.08910 homogeneity=0.0030 body=0.00000 bowel=0.00000 femur=0.00000
2026-05-22 11:20:38 [INFO] Step 15/54 Loss=3.0139 mse=0.0727 v_opt=0.00594 v_mand=0.00000 ptv=0.0915 ptv_max=0.00006 ring=0.00000 smooth=0.0107 laplacian=0.0306 beam=0.00121 homogeneity=0.0049 body=0.00000 bowel=0.00000 femur=0.00000
2026-05-22 11:20:41 [INFO] Step 20/54 Loss=3.8485 mse=0.0875 v_opt=0.04258 v_mand=0.00767 ptv=0.0846 ptv_max=0.00007 ring=0.00000 smooth=0.0142 laplacian=0.0387 beam=0.00677 homogeneity=0.0050 body=0.00000 bowel=0.00000 femur=0.00000
2026-05-22 11:20:46 [INFO] Step 25/54 Loss=2.7287 mse=0.0640 v_opt=0.01453 v_mand=0.00040 ptv=0.0852 ptv_max=0.00005 ring=0.00000 smooth=0.0074 laplacian=0.0208 beam=0.00844 homogeneity=0.0036 body=0.00000 bowel=0.00000 femur=0.00000
2026-05-22 11:20:49 [INFO] Step 30/54 Loss=3.0578 mse=0.0832 v_opt=0.00988 v_mand=0.00213 ptv=0.0360 ptv_max=0.00078 ring=0.00000 smooth=0.0126 laplacian=0.0341 beam=0.03606 homogeneity=0.0045 body=0.00000 bowel=0.00000 femur=0.00000
2026-05-22 11:20:52 [INFO] Step 35/54 Loss=4.9096 mse=0.0721 v_opt=0.02754 v_mand=0.00252 ptv=0.2122 ptv_max=0.00004 ring=0.00000 smooth=0.0108 laplacian=0.0275 beam=0.02585 homogeneity=0.0262 body=0.00000 bowel=0.00000 femur=0.00000
2026-05-22 11:20:55 [INFO] Step 40/54 Loss=3.3010 mse=0.0837 v_opt=0.01056 v_mand=0.00000 ptv=0.0777 ptv_max=0.00045 ring=0.00000 smooth=0.0102 laplacian=0.0292 beam=0.01950 homogeneity=0.0067 body=0.00000 bowel=0.00005 femur=0.00000
2026-05-22 11:21:00 [INFO] Step 45/54 Loss=4.1459 mse=0.0979 v_opt=0.00000 v_mand=0.00000 ptv=0.1177 ptv_max=0.00000 ring=0.00000 smooth=0.0086 laplacian=0.0246 beam=0.05672 homogeneity=0.0050 body=0.00000 bowel=0.00045 femur=0.00000
2026-05-22 11:21:02 [INFO] Step 50/54 Loss=11.8234 mse=0.1294 v_opt=0.02553 v_mand=0.00357 ptv=0.6169 ptv_max=0.00000 ring=0.00000 smooth=0.0112 laplacian=0.0298 beam=0.10028 homogeneity=0.0764 body=0.00000 bowel=0.00000 femur=0.00000
2026-05-22 11:21:05 [INFO] Step 54/54 Loss=4.9804 mse=0.1488 v_opt=0.00468 v_mand=0.00121 ptv=0.0128 ptv_max=0.00360 ring=0.00001 smooth=0.0144 laplacian=0.0433 beam=0.08705 homogeneity=0.0108 body=0.00000 bowel=0.00000 femur=0.00000
2026-05-22 11:21:05 [INFO] Running validation at epoch 52...
2026-05-22 11:21:34 [INFO] Epoch 52 Summary: Train=4.2466 Val=0.0144 (MSE=0.0144)
          Metrics: PTV_D95=54.10Gy Bladder=26.20Gy Rectum=32.01Gy
          Metrics: Ring=44.10Gy Dmax=108.57Gy BG=28.71Gy
2026-05-22 11:21:34 [INFO] [PHYSICS] Saved best model val_loss=0.0144
2026-05-22 11:21:34 [INFO] [CLINICAL] Saved best model Score=56.919 PTV_D95=54.10Gy Bladder=26.20Gy Rectum=32.01Gy
2026-05-22 11:21:34 [INFO] Epoch 53/100 [FULL PHYSICS] ramp=1.000 lr=4.74e-05
2026-05-22 11:21:40 [INFO] Step 5/54 Loss=3.5555 mse=0.0981 v_opt=0.02394 v_mand=0.00010 ptv=0.0643 ptv_max=0.00024 ring=0.00000 smooth=0.0142 laplacian=0.0396 beam=0.01836 homogeneity=0.0046 body=0.00000 bowel=0.00000 femur=0.00000
2026-05-22 11:21:43 [INFO] Step 10/54 Loss=3.0235 mse=0.0759 v_opt=0.01079 v_mand=0.00054 ptv=0.0844 ptv_max=0.00001 ring=0.00000 smooth=0.0106 laplacian=0.0304 beam=0.00040 homogeneity=0.0034 body=0.00000 bowel=0.00000 femur=0.00000
2026-05-22 11:21:46 [INFO] Step 15/54 Loss=3.3205 mse=0.0666 v_opt=0.00091 v_mand=0.00000 ptv=0.1240 ptv_max=0.00009 ring=0.00000 smooth=0.0113 laplacian=0.0303 beam=0.00142 homogeneity=0.0107 body=0.00000 bowel=0.00162 femur=0.00000
2026-05-22 11:21:49 [INFO] Step 20/54 Loss=3.5284 mse=0.0961 v_opt=0.00402 v_mand=0.00000 ptv=0.0806 ptv_max=0.00004 ring=0.00000 smooth=0.0139 laplacian=0.0403 beam=0.00643 homogeneity=0.0031 body=0.00000 bowel=0.00000 femur=0.00000
2026-05-22 11:21:54 [INFO] Step 25/54 Loss=5.3666 mse=0.1648 v_opt=0.00030 v_mand=0.00000 ptv=0.0252 ptv_max=0.00128 ring=0.00000 smooth=0.0167 laplacian=0.0495 beam=0.11052 homogeneity=0.0057 body=0.00000 bowel=0.00000 femur=0.00000
2026-05-22 11:21:57 [INFO] Step 30/54 Loss=3.2115 mse=0.0836 v_opt=0.01302 v_mand=0.00000 ptv=0.0765 ptv_max=0.00015 ring=0.00000 smooth=0.0098 laplacian=0.0291 beam=0.00949 homogeneity=0.0035 body=0.00000 bowel=0.00335 femur=0.00000
2026-05-22 11:22:00 [INFO] Step 35/54 Loss=4.5916 mse=0.1167 v_opt=0.00038 v_mand=0.00000 ptv=0.0689 ptv_max=0.00152 ring=0.00012 smooth=0.0126 laplacian=0.0361 beam=0.10110 homogeneity=0.0105 body=0.00000 bowel=0.00000 femur=0.00000
2026-05-22 11:22:03 [INFO] Step 40/54 Loss=3.3746 mse=0.0742 v_opt=0.00260 v_mand=0.00000 ptv=0.1142 ptv_max=0.00004 ring=0.00000 smooth=0.0090 laplacian=0.0264 beam=0.02060 homogeneity=0.0064 body=0.00000 bowel=0.00000 femur=0.00000
2026-05-22 11:22:08 [INFO] Step 45/54 Loss=3.1513 mse=0.0809 v_opt=0.00100 v_mand=0.00000 ptv=0.0845 ptv_max=0.00013 ring=0.00000 smooth=0.0111 laplacian=0.0313 beam=0.00480 homogeneity=0.0042 body=0.00000 bowel=0.00000 femur=0.00000
2026-05-22 11:22:11 [INFO] Step 50/54 Loss=3.8510 mse=0.0934 v_opt=0.01270 v_mand=0.00000 ptv=0.1039 ptv_max=0.00007 ring=0.00000 smooth=0.0092 laplacian=0.0261 beam=0.03546 homogeneity=0.0065 body=0.00000 bowel=0.00000 femur=0.00000
2026-05-22 11:22:14 [INFO] Step 54/54 Loss=3.1685 mse=0.0787 v_opt=0.02640 v_mand=0.00289 ptv=0.0727 ptv_max=0.00019 ring=0.00000 smooth=0.0121 laplacian=0.0348 beam=0.00118 homogeneity=0.0038 body=0.00000 bowel=0.00000 femur=0.00000
2026-05-22 11:22:14 [INFO] Running validation at epoch 53...
2026-05-22 11:22:43 [INFO] Epoch 53 Summary: Train=3.9558 Val=0.0144 (MSE=0.0144)
          Metrics: PTV_D95=54.02Gy Bladder=28.64Gy Rectum=29.70Gy
          Metrics: Ring=43.90Gy Dmax=106.75Gy BG=28.67Gy
2026-05-22 11:22:43 [INFO] [PHYSICS] Saved best model val_loss=0.0144
2026-05-22 11:22:43 [INFO] [CLINICAL] Saved best model Score=54.840 PTV_D95=54.02Gy Bladder=28.64Gy Rectum=29.70Gy
2026-05-22 11:22:43 [INFO] Epoch 54/100 [FULL PHYSICS] ramp=1.000 lr=4.58e-05
2026-05-22 11:22:48 [INFO] Step 5/54 Loss=2.9693 mse=0.0683 v_opt=0.00997 v_mand=0.00060 ptv=0.0829 ptv_max=0.00007 ring=0.00000 smooth=0.0106 laplacian=0.0303 beam=0.02747 homogeneity=0.0040 body=0.00000 bowel=0.00000 femur=0.00000
2026-05-22 11:22:51 [INFO] Step 10/54 Loss=2.9905 mse=0.0768 v_opt=0.01211 v_mand=0.00020 ptv=0.0757 ptv_max=0.00007 ring=0.00000 smooth=0.0085 laplacian=0.0240 beam=0.01488 homogeneity=0.0037 body=0.00000 bowel=0.00000 femur=0.00000
2026-05-22 11:22:55 [INFO] Step 15/54 Loss=3.6931 mse=0.0997 v_opt=0.00346 v_mand=0.00000 ptv=0.0773 ptv_max=0.00012 ring=0.00000 smooth=0.0121 laplacian=0.0352 beam=0.02817 homogeneity=0.0042 body=0.00000 bowel=0.00000 femur=0.00000
2026-05-22 11:22:57 [INFO] Step 20/54 Loss=3.2809 mse=0.0757 v_opt=0.00000 v_mand=0.00000 ptv=0.1114 ptv_max=0.00002 ring=0.00000 smooth=0.0108 laplacian=0.0311 beam=0.00060 homogeneity=0.0052 body=0.00000 bowel=0.00000 femur=0.00000
2026-05-22 11:23:03 [INFO] Step 25/54 Loss=3.3215 mse=0.0821 v_opt=0.04048 v_mand=0.00215 ptv=0.0759 ptv_max=0.00016 ring=0.00000 smooth=0.0140 laplacian=0.0409 beam=0.00488 homogeneity=0.0035 body=0.00000 bowel=0.00000 femur=0.00000
2026-05-22 11:23:06 [INFO] Step 30/54 Loss=3.3681 mse=0.0750 v_opt=0.03331 v_mand=0.00369 ptv=0.0665 ptv_max=0.00013 ring=0.00002 smooth=0.0089 laplacian=0.0254 beam=0.03673 homogeneity=0.0040 body=0.00000 bowel=0.01147 femur=0.00000
2026-05-22 11:23:10 [INFO] Step 35/54 Loss=3.1333 mse=0.0813 v_opt=0.00000 v_mand=0.00000 ptv=0.0834 ptv_max=0.00004 ring=0.00000 smooth=0.0112 laplacian=0.0309 beam=0.00523 homogeneity=0.0037 body=0.00000 bowel=0.00000 femur=0.00000
2026-05-22 11:23:13 [INFO] Step 40/54 Loss=3.6480 mse=0.0901 v_opt=0.00055 v_mand=0.00000 ptv=0.1087 ptv_max=0.00001 ring=0.00000 smooth=0.0122 laplacian=0.0342 beam=0.00515 homogeneity=0.0048 body=0.00000 bowel=0.00000 femur=0.00000
2026-05-22 11:23:18 [INFO] Step 45/54 Loss=2.9808 mse=0.0582 v_opt=0.00340 v_mand=0.00000 ptv=0.1203 ptv_max=0.00001 ring=0.00003 smooth=0.0099 laplacian=0.0280 beam=0.00545 homogeneity=0.0066 body=0.00000 bowel=0.00038 femur=0.00000
2026-05-22 11:23:21 [INFO] Step 50/54 Loss=3.0276 mse=0.0704 v_opt=0.00488 v_mand=0.00000 ptv=0.0918 ptv_max=0.00003 ring=0.00000 smooth=0.0089 laplacian=0.0246 beam=0.00419 homogeneity=0.0043 body=0.00000 bowel=0.00662 femur=0.00000
2026-05-22 11:23:23 [INFO] Step 54/54 Loss=2.9922 mse=0.0842 v_opt=0.00612 v_mand=0.00172 ptv=0.0257 ptv_max=0.00163 ring=0.00002 smooth=0.0192 laplacian=0.0586 beam=0.00203 homogeneity=0.0064 body=0.00000 bowel=0.00000 femur=0.00000
2026-05-22 11:23:23 [INFO] Running validation at epoch 54...
2026-05-22 11:23:52 [INFO] Epoch 54 Summary: Train=3.7723 Val=0.0142 (MSE=0.0142)
          Metrics: PTV_D95=54.11Gy Bladder=28.54Gy Rectum=27.88Gy
          Metrics: Ring=44.54Gy Dmax=105.22Gy BG=28.60Gy
2026-05-22 11:23:52 [INFO] [PHYSICS] Saved best model val_loss=0.0142
2026-05-22 11:23:52 [INFO] [CLINICAL] Saved best model Score=53.425 PTV_D95=54.11Gy Bladder=28.54Gy Rectum=27.88Gy
2026-05-22 11:23:52 [INFO] Epoch 55/100 [FULL PHYSICS] ramp=1.000 lr=4.43e-05
2026-05-22 11:23:58 [INFO] Step 5/54 Loss=2.8258 mse=0.0916 v_opt=0.00000 v_mand=0.00000 ptv=0.0000 ptv_max=0.00000 ring=0.00000 smooth=0.0086 laplacian=0.0245 beam=0.08111 homogeneity=0.0000 body=0.00000 bowel=0.00000 femur=0.00000
2026-05-22 11:24:01 [INFO] Step 10/54 Loss=2.7707 mse=0.0611 v_opt=0.00082 v_mand=0.00000 ptv=0.0873 ptv_max=0.00003 ring=0.00000 smooth=0.0104 laplacian=0.0279 beam=0.02809 homogeneity=0.0039 body=0.00000 bowel=0.00000 femur=0.00000
2026-05-22 11:24:05 [INFO] Step 15/54 Loss=3.1387 mse=0.0879 v_opt=0.00741 v_mand=0.00010 ptv=0.0625 ptv_max=0.00027 ring=0.00000 smooth=0.0125 laplacian=0.0359 beam=0.00159 homogeneity=0.0042 body=0.00000 bowel=0.00000 femur=0.00000
2026-05-22 11:24:08 [INFO] Step 20/54 Loss=3.7733 mse=0.0953 v_opt=0.01075 v_mand=0.00008 ptv=0.0857 ptv_max=0.00002 ring=0.00000 smooth=0.0087 laplacian=0.0242 beam=0.05859 homogeneity=0.0042 body=0.00000 bowel=0.00001 femur=0.00000
2026-05-22 11:24:13 [INFO] Step 25/54 Loss=4.4801 mse=0.1186 v_opt=0.00677 v_mand=0.00015 ptv=0.0924 ptv_max=0.00001 ring=0.00000 smooth=0.0124 laplacian=0.0347 beam=0.06320 homogeneity=0.0034 body=0.00000 bowel=0.00000 femur=0.00000
2026-05-22 11:24:16 [INFO] Step 30/54 Loss=3.4597 mse=0.0808 v_opt=0.00006 v_mand=0.00000 ptv=0.1063 ptv_max=0.00000 ring=0.00002 smooth=0.0109 laplacian=0.0315 beam=0.02329 homogeneity=0.0046 body=0.00000 bowel=0.00000 femur=0.00000
2026-05-22 11:24:19 [INFO] Step 35/54 Loss=2.6141 mse=0.0557 v_opt=0.00922 v_mand=0.00015 ptv=0.0958 ptv_max=0.00002 ring=0.00000 smooth=0.0092 laplacian=0.0262 beam=0.00197 homogeneity=0.0043 body=0.00000 bowel=0.00000 femur=0.00000
2026-05-22 11:24:22 [INFO] Step 40/54 Loss=4.2292 mse=0.1256 v_opt=0.00221 v_mand=0.00000 ptv=0.0661 ptv_max=0.00010 ring=0.00000 smooth=0.0151 laplacian=0.0411 beam=0.02569 homogeneity=0.0034 body=0.00000 bowel=0.00000 femur=0.00000
2026-05-22 11:24:27 [INFO] Step 45/54 Loss=3.9771 mse=0.1059 v_opt=0.02795 v_mand=0.00153 ptv=0.0797 ptv_max=0.00008 ring=0.00000 smooth=0.0145 laplacian=0.0419 beam=0.01928 homogeneity=0.0037 body=0.00000 bowel=0.00000 femur=0.00000
2026-05-22 11:24:30 [INFO] Step 50/54 Loss=2.5624 mse=0.0664 v_opt=0.02317 v_mand=0.00022 ptv=0.0549 ptv_max=0.00038 ring=0.00000 smooth=0.0121 laplacian=0.0333 beam=0.00177 homogeneity=0.0045 body=0.00000 bowel=0.00000 femur=0.00000
2026-05-22 11:24:32 [INFO] Step 54/54 Loss=3.5952 mse=0.1064 v_opt=0.00249 v_mand=0.00088 ptv=0.0315 ptv_max=0.00176 ring=0.00002 smooth=0.0175 laplacian=0.0488 beam=0.01899 homogeneity=0.0063 body=0.00000 bowel=0.00000 femur=0.00000
2026-05-22 11:24:32 [INFO] Running validation at epoch 55...
2026-05-22 11:25:02 [INFO] Epoch 55 Summary: Train=3.8800 Val=0.0142 (MSE=0.0142)
          Metrics: PTV_D95=52.38Gy Bladder=25.24Gy Rectum=26.91Gy
          Metrics: Ring=41.74Gy Dmax=106.11Gy BG=28.43Gy
2026-05-22 11:25:02 [INFO] [PHYSICS] Saved best model val_loss=0.0142
2026-05-22 11:25:02 [INFO] Epoch 56/100 [FULL PHYSICS] ramp=1.000 lr=4.28e-05
2026-05-22 11:25:08 [INFO] Step 5/54 Loss=2.4629 mse=0.0488 v_opt=0.00306 v_mand=0.00002 ptv=0.0988 ptv_max=0.00007 ring=0.00000 smooth=0.0089 laplacian=0.0249 beam=0.00015 homogeneity=0.0056 body=0.00000 bowel=0.00000 femur=0.00000
2026-05-22 11:25:11 [INFO] Step 10/54 Loss=4.0117 mse=0.1016 v_opt=0.01495 v_mand=0.00023 ptv=0.0954 ptv_max=0.00008 ring=0.00000 smooth=0.0099 laplacian=0.0286 beam=0.04310 homogeneity=0.0051 body=0.00000 bowel=0.00000 femur=0.00000
2026-05-22 11:25:14 [INFO] Step 15/54 Loss=3.4912 mse=0.0905 v_opt=0.00085 v_mand=0.00002 ptv=0.0815 ptv_max=0.00017 ring=0.00000 smooth=0.0130 laplacian=0.0376 beam=0.02403 homogeneity=0.0040 body=0.00000 bowel=0.00000 femur=0.00000
2026-05-22 11:25:17 [INFO] Step 20/54 Loss=2.9364 mse=0.0829 v_opt=0.00219 v_mand=0.00000 ptv=0.0655 ptv_max=0.00006 ring=0.00000 smooth=0.0095 laplacian=0.0274 beam=0.00067 homogeneity=0.0026 body=0.00000 bowel=0.00000 femur=0.00000
2026-05-22 11:25:23 [INFO] Step 25/54 Loss=3.2557 mse=0.0665 v_opt=0.02279 v_mand=0.00225 ptv=0.0900 ptv_max=0.00035 ring=0.00000 smooth=0.0111 laplacian=0.0300 beam=0.04701 homogeneity=0.0060 body=0.00000 bowel=0.00000 femur=0.00012
2026-05-22 11:25:25 [INFO] Step 30/54 Loss=3.7065 mse=0.0809 v_opt=0.00076 v_mand=0.00000 ptv=0.1230 ptv_max=0.00001 ring=0.00000 smooth=0.0104 laplacian=0.0284 beam=0.02267 homogeneity=0.0092 body=0.00000 bowel=0.00017 femur=0.00000
2026-05-22 11:25:28 [INFO] Step 35/54 Loss=3.9509 mse=0.1083 v_opt=0.00000 v_mand=0.00000 ptv=0.0773 ptv_max=0.00006 ring=0.00000 smooth=0.0124 laplacian=0.0348 beam=0.04278 homogeneity=0.0034 body=0.00000 bowel=0.00000 femur=0.00000
2026-05-22 11:25:31 [INFO] Step 40/54 Loss=3.3576 mse=0.0895 v_opt=0.00034 v_mand=0.00000 ptv=0.0882 ptv_max=0.00002 ring=0.00001 smooth=0.0101 laplacian=0.0290 beam=0.00201 homogeneity=0.0035 body=0.00000 bowel=0.00000 femur=0.00000
2026-05-22 11:25:37 [INFO] Step 45/54 Loss=7.5812 mse=0.0989 v_opt=0.00591 v_mand=0.00000 ptv=0.0595 ptv_max=0.00049 ring=0.00000 smooth=0.0095 laplacian=0.0276 beam=0.03006 homogeneity=0.0053 body=0.00000 bowel=0.27149 femur=0.00000
2026-05-22 11:25:39 [INFO] Step 50/54 Loss=3.8924 mse=0.1120 v_opt=0.00140 v_mand=0.00000 ptv=0.0151 ptv_max=0.00275 ring=0.00001 smooth=0.0133 laplacian=0.0398 beam=0.08186 homogeneity=0.0091 body=0.00000 bowel=0.00000 femur=0.00000
2026-05-22 11:25:42 [INFO] Step 54/54 Loss=3.2077 mse=0.0803 v_opt=0.04008 v_mand=0.00300 ptv=0.0707 ptv_max=0.00016 ring=0.00001 smooth=0.0108 laplacian=0.0323 beam=0.00210 homogeneity=0.0037 body=0.00000 bowel=0.00000 femur=0.00000
2026-05-22 11:25:42 [INFO] Running validation at epoch 56...
2026-05-22 11:26:11 [INFO] Epoch 56 Summary: Train=4.1841 Val=0.0140 (MSE=0.0140)
          Metrics: PTV_D95=54.35Gy Bladder=28.44Gy Rectum=31.64Gy
          Metrics: Ring=45.20Gy Dmax=103.93Gy BG=28.41Gy
2026-05-22 11:26:11 [INFO] [PHYSICS] Saved best model val_loss=0.0140
2026-05-22 11:26:11 [INFO] Epoch 57/100 [FULL PHYSICS] ramp=1.000 lr=4.12e-05
2026-05-22 11:26:16 [INFO] Step 5/54 Loss=3.2878 mse=0.0841 v_opt=0.00672 v_mand=0.00103 ptv=0.0683 ptv_max=0.00015 ring=0.00000 smooth=0.0102 laplacian=0.0278 beam=0.03757 homogeneity=0.0046 body=0.00000 bowel=0.00000 femur=0.00000
2026-05-22 11:26:20 [INFO] Step 10/54 Loss=3.8139 mse=0.0977 v_opt=0.00465 v_mand=0.00006 ptv=0.1018 ptv_max=0.00001 ring=0.00000 smooth=0.0104 laplacian=0.0286 beam=0.01944 homogeneity=0.0045 body=0.00000 bowel=0.00000 femur=0.00000
2026-05-22 11:26:23 [INFO] Step 15/54 Loss=5.2000 mse=0.1615 v_opt=0.00467 v_mand=0.00000 ptv=0.0238 ptv_max=0.00087 ring=0.00000 smooth=0.0156 laplacian=0.0450 beam=0.10734 homogeneity=0.0048 body=0.00000 bowel=0.00000 femur=0.00000
2026-05-22 11:26:26 [INFO] Step 20/54 Loss=2.7724 mse=0.0713 v_opt=0.00097 v_mand=0.00000 ptv=0.0755 ptv_max=0.00007 ring=0.00000 smooth=0.0101 laplacian=0.0289 beam=0.00035 homogeneity=0.0036 body=0.00000 bowel=0.00000 femur=0.00000
2026-05-22 11:26:30 [INFO] Step 25/54 Loss=3.3523 mse=0.0907 v_opt=0.00168 v_mand=0.00000 ptv=0.0808 ptv_max=0.00007 ring=0.00000 smooth=0.0100 laplacian=0.0301 beam=0.00560 homogeneity=0.0035 body=0.00000 bowel=0.00072 femur=0.00000
2026-05-22 11:26:34 [INFO] Step 30/54 Loss=2.7009 mse=0.0777 v_opt=0.00617 v_mand=0.00201 ptv=0.0235 ptv_max=0.00079 ring=0.00000 smooth=0.0121 laplacian=0.0346 beam=0.01870 homogeneity=0.0046 body=0.00000 bowel=0.00000 femur=0.00000
2026-05-22 11:26:37 [INFO] Step 35/54 Loss=2.7559 mse=0.0673 v_opt=0.01446 v_mand=0.00194 ptv=0.0705 ptv_max=0.00013 ring=0.00000 smooth=0.0101 laplacian=0.0283 beam=0.00075 homogeneity=0.0040 body=0.00000 bowel=0.00000 femur=0.00000
2026-05-22 11:26:40 [INFO] Step 40/54 Loss=3.6200 mse=0.0945 v_opt=0.00965 v_mand=0.00044 ptv=0.0870 ptv_max=0.00009 ring=0.00000 smooth=0.0119 laplacian=0.0332 beam=0.01430 homogeneity=0.0046 body=0.00000 bowel=0.00000 femur=0.00000
2026-05-22 11:26:43 [INFO] Step 45/54 Loss=2.9253 mse=0.0677 v_opt=0.00235 v_mand=0.00000 ptv=0.0945 ptv_max=0.00001 ring=0.00000 smooth=0.0099 laplacian=0.0274 beam=0.00973 homogeneity=0.0043 body=0.00000 bowel=0.00000 femur=0.00000
2026-05-22 11:26:48 [INFO] Step 50/54 Loss=4.0035 mse=0.1022 v_opt=0.02171 v_mand=0.00156 ptv=0.0907 ptv_max=0.00002 ring=0.00000 smooth=0.0151 laplacian=0.0410 beam=0.02137 homogeneity=0.0046 body=0.00000 bowel=0.00000 femur=0.00000
2026-05-22 11:26:50 [INFO] Step 54/54 Loss=2.6908 mse=0.0661 v_opt=0.02368 v_mand=0.00093 ptv=0.0674 ptv_max=0.00026 ring=0.00001 smooth=0.0101 laplacian=0.0295 beam=0.00343 homogeneity=0.0042 body=0.00000 bowel=0.00000 femur=0.00000
2026-05-22 11:26:50 [INFO] Running validation at epoch 57...
2026-05-22 11:27:19 [INFO] Epoch 57 Summary: Train=3.4300 Val=0.0136 (MSE=0.0136)
          Metrics: PTV_D95=54.00Gy Bladder=27.05Gy Rectum=29.71Gy
          Metrics: Ring=43.65Gy Dmax=103.92Gy BG=27.92Gy
2026-05-22 11:27:19 [INFO] [PHYSICS] Saved best model val_loss=0.0136
2026-05-22 11:27:19 [INFO] Epoch 58/100 [FULL PHYSICS] ramp=1.000 lr=3.97e-05
2026-05-22 11:27:25 [INFO] Step 5/54 Loss=3.5995 mse=0.0781 v_opt=0.01540 v_mand=0.00063 ptv=0.1139 ptv_max=0.00008 ring=0.00000 smooth=0.0080 laplacian=0.0223 beam=0.02232 homogeneity=0.0073 body=0.00000 bowel=0.00431 femur=0.00000
2026-05-22 11:27:29 [INFO] Step 10/54 Loss=2.8869 mse=0.0717 v_opt=0.00866 v_mand=0.00039 ptv=0.0798 ptv_max=0.00010 ring=0.00000 smooth=0.0106 laplacian=0.0288 beam=0.00254 homogeneity=0.0044 body=0.00000 bowel=0.00000 femur=0.00000
2026-05-22 11:27:32 [INFO] Step 15/54 Loss=4.2478 mse=0.1137 v_opt=0.00566 v_mand=0.00000 ptv=0.0827 ptv_max=0.00003 ring=0.00000 smooth=0.0154 laplacian=0.0411 beam=0.05647 homogeneity=0.0031 body=0.00000 bowel=0.00000 femur=0.00000
2026-05-22 11:27:35 [INFO] Step 20/54 Loss=4.5731 mse=0.1316 v_opt=0.01679 v_mand=0.00036 ptv=0.0627 ptv_max=0.00019 ring=0.00000 smooth=0.0113 laplacian=0.0331 beam=0.07024 homogeneity=0.0034 body=0.00000 bowel=0.00000 femur=0.00000
2026-05-22 11:27:39 [INFO] Step 25/54 Loss=5.3153 mse=0.1031 v_opt=0.07917 v_mand=0.02775 ptv=0.0738 ptv_max=0.00009 ring=0.00000 smooth=0.0108 laplacian=0.0304 beam=0.04176 homogeneity=0.0039 body=0.00000 bowel=0.00000 femur=0.00000
2026-05-22 11:27:43 [INFO] Step 30/54 Loss=2.6326 mse=0.0643 v_opt=0.00157 v_mand=0.00000 ptv=0.0831 ptv_max=0.00003 ring=0.00000 smooth=0.0080 laplacian=0.0222 beam=0.00061 homogeneity=0.0034 body=0.00000 bowel=0.00000 femur=0.00000
2026-05-22 11:27:46 [INFO] Step 35/54 Loss=3.2394 mse=0.0766 v_opt=0.00089 v_mand=0.00000 ptv=0.0945 ptv_max=0.00002 ring=0.00000 smooth=0.0112 laplacian=0.0298 beam=0.02769 homogeneity=0.0039 body=0.00000 bowel=0.00000 femur=0.00000
2026-05-22 11:27:48 [INFO] Step 40/54 Loss=3.4612 mse=0.0926 v_opt=0.00149 v_mand=0.00000 ptv=0.0840 ptv_max=0.00001 ring=0.00000 smooth=0.0111 laplacian=0.0311 beam=0.01568 homogeneity=0.0028 body=0.00000 bowel=0.00000 femur=0.00000
2026-05-22 11:27:54 [INFO] Step 45/54 Loss=3.3037 mse=0.0728 v_opt=0.00926 v_mand=0.00000 ptv=0.1130 ptv_max=0.00003 ring=0.00000 smooth=0.0098 laplacian=0.0273 beam=0.00339 homogeneity=0.0085 body=0.00000 bowel=0.00000 femur=0.00000
2026-05-22 11:27:57 [INFO] Step 50/54 Loss=3.1154 mse=0.0831 v_opt=0.00701 v_mand=0.00000 ptv=0.0769 ptv_max=0.00008 ring=0.00000 smooth=0.0101 laplacian=0.0287 beam=0.00680 homogeneity=0.0031 body=0.00000 bowel=0.00000 femur=0.00000
2026-05-22 11:27:59 [INFO] Step 54/54 Loss=3.5445 mse=0.0947 v_opt=0.00618 v_mand=0.00000 ptv=0.0806 ptv_max=0.00008 ring=0.00000 smooth=0.0125 laplacian=0.0340 beam=0.01313 homogeneity=0.0053 body=0.00000 bowel=0.00000 femur=0.00000
2026-05-22 11:27:59 [INFO] Running validation at epoch 58...
2026-05-22 11:28:29 [INFO] Epoch 58 Summary: Train=3.6300 Val=0.0135 (MSE=0.0135)
          Metrics: PTV_D95=53.54Gy Bladder=25.61Gy Rectum=29.71Gy
          Metrics: Ring=42.65Gy Dmax=104.56Gy BG=27.85Gy
2026-05-22 11:28:29 [INFO] [PHYSICS] Saved best model val_loss=0.0135
2026-05-22 11:28:29 [INFO] Epoch 59/100 [FULL PHYSICS] ramp=1.000 lr=3.82e-05
2026-05-22 11:28:34 [INFO] Step 5/54 Loss=3.1598 mse=0.0871 v_opt=0.00093 v_mand=0.00000 ptv=0.0584 ptv_max=0.00026 ring=0.00000 smooth=0.0105 laplacian=0.0299 beam=0.02838 homogeneity=0.0040 body=0.00000 bowel=0.00000 femur=0.00000
2026-05-22 11:28:37 [INFO] Step 10/54 Loss=3.0612 mse=0.0736 v_opt=0.00000 v_mand=0.00000 ptv=0.0920 ptv_max=0.00001 ring=0.00000 smooth=0.0078 laplacian=0.0217 beam=0.01312 homogeneity=0.0033 body=0.00000 bowel=0.00349 femur=0.00000
2026-05-22 11:28:41 [INFO] Step 15/54 Loss=2.3782 mse=0.0545 v_opt=0.00966 v_mand=0.00016 ptv=0.0777 ptv_max=0.00007 ring=0.00000 smooth=0.0093 laplacian=0.0249 beam=0.00063 homogeneity=0.0035 body=0.00000 bowel=0.00000 femur=0.00000
2026-05-22 11:28:43 [INFO] Step 20/54 Loss=3.0595 mse=0.0788 v_opt=0.00719 v_mand=0.00000 ptv=0.0791 ptv_max=0.00001 ring=0.00000 smooth=0.0089 laplacian=0.0258 beam=0.01773 homogeneity=0.0028 body=0.00000 bowel=0.00000 femur=0.00000
2026-05-22 11:28:49 [INFO] Step 25/54 Loss=3.6752 mse=0.1000 v_opt=0.02919 v_mand=0.00333 ptv=0.0558 ptv_max=0.00031 ring=0.00000 smooth=0.0126 laplacian=0.0353 beam=0.02085 homogeneity=0.0043 body=0.00000 bowel=0.00000 femur=0.00000
2026-05-22 11:28:52 [INFO] Step 30/54 Loss=4.2719 mse=0.1202 v_opt=0.00000 v_mand=0.00000 ptv=0.0648 ptv_max=0.00026 ring=0.00000 smooth=0.0082 laplacian=0.0232 beam=0.07982 homogeneity=0.0041 body=0.00000 bowel=0.00000 femur=0.00000
2026-05-22 11:28:55 [INFO] Step 35/54 Loss=6.1690 mse=0.1871 v_opt=0.00004 v_mand=0.00000 ptv=0.0102 ptv_max=0.00438 ring=0.00002 smooth=0.0186 laplacian=0.0553 beam=0.12628 homogeneity=0.0121 body=0.00000 bowel=0.00000 femur=0.00000
2026-05-22 11:28:58 [INFO] Step 40/54 Loss=3.5378 mse=0.0916 v_opt=0.03446 v_mand=0.00289 ptv=0.0687 ptv_max=0.00022 ring=0.00000 smooth=0.0097 laplacian=0.0274 beam=0.02098 homogeneity=0.0042 body=0.00000 bowel=0.00000 femur=0.00000
2026-05-22 11:29:03 [INFO] Step 45/54 Loss=3.6264 mse=0.0750 v_opt=0.04540 v_mand=0.00906 ptv=0.0794 ptv_max=0.00003 ring=0.00000 smooth=0.0085 laplacian=0.0233 beam=0.04042 homogeneity=0.0030 body=0.00000 bowel=0.00163 femur=0.00000
2026-05-22 11:29:06 [INFO] Step 50/54 Loss=2.7790 mse=0.0737 v_opt=0.00374 v_mand=0.00000 ptv=0.0654 ptv_max=0.00011 ring=0.00000 smooth=0.0118 laplacian=0.0320 beam=0.00608 homogeneity=0.0034 body=0.00000 bowel=0.00000 femur=0.00000
2026-05-22 11:29:08 [INFO] Step 54/54 Loss=3.1706 mse=0.0777 v_opt=0.00226 v_mand=0.00000 ptv=0.0871 ptv_max=0.00002 ring=0.00000 smooth=0.0096 laplacian=0.0261 beam=0.01971 homogeneity=0.0044 body=0.00000 bowel=0.00172 femur=0.00000
2026-05-22 11:29:08 [INFO] Running validation at epoch 59...
2026-05-22 11:29:38 [INFO] Epoch 59 Summary: Train=4.1360 Val=0.0131 (MSE=0.0131)
          Metrics: PTV_D95=54.07Gy Bladder=27.04Gy Rectum=28.59Gy
          Metrics: Ring=43.32Gy Dmax=104.14Gy BG=27.47Gy
2026-05-22 11:29:38 [INFO] [PHYSICS] Saved best model val_loss=0.0131
2026-05-22 11:29:38 [INFO] Epoch 60/100 [FULL PHYSICS] ramp=1.000 lr=3.67e-05
2026-05-22 11:29:44 [INFO] Step 5/54 Loss=4.1947 mse=0.1152 v_opt=0.00888 v_mand=0.00000 ptv=0.0691 ptv_max=0.00005 ring=0.00000 smooth=0.0122 laplacian=0.0342 beam=0.07333 homogeneity=0.0027 body=0.00000 bowel=0.00000 femur=0.00000
2026-05-22 11:29:47 [INFO] Step 10/54 Loss=3.6358 mse=0.1014 v_opt=0.02484 v_mand=0.00020 ptv=0.0500 ptv_max=0.00029 ring=0.00000 smooth=0.0102 laplacian=0.0285 beam=0.06028 homogeneity=0.0037 body=0.00000 bowel=0.00000 femur=0.00000
2026-05-22 11:29:50 [INFO] Step 15/54 Loss=2.7584 mse=0.0577 v_opt=0.02559 v_mand=0.00299 ptv=0.0905 ptv_max=0.00001 ring=0.00000 smooth=0.0060 laplacian=0.0164 beam=0.01042 homogeneity=0.0035 body=0.00000 bowel=0.00000 femur=0.00000
2026-05-22 11:29:53 [INFO] Step 20/54 Loss=3.6837 mse=0.1072 v_opt=0.00000 v_mand=0.00000 ptv=0.0616 ptv_max=0.00026 ring=0.00000 smooth=0.0125 laplacian=0.0355 beam=0.02116 homogeneity=0.0039 body=0.00000 bowel=0.00000 femur=0.00000
2026-05-22 11:29:58 [INFO] Step 25/54 Loss=46.1735 mse=0.0355 v_opt=1.02393 v_mand=0.81124 ptv=0.1971 ptv_max=0.00022 ring=0.00000 smooth=0.0071 laplacian=0.0184 beam=0.02302 homogeneity=0.0240 body=0.00000 bowel=0.00000 femur=0.00000
2026-05-22 11:30:01 [INFO] Step 30/54 Loss=2.8387 mse=0.0724 v_opt=0.00028 v_mand=0.00000 ptv=0.0816 ptv_max=0.00003 ring=0.00000 smooth=0.0102 laplacian=0.0275 beam=0.00032 homogeneity=0.0031 body=0.00000 bowel=0.00000 femur=0.00000
2026-05-22 11:30:04 [INFO] Step 35/54 Loss=2.4223 mse=0.0540 v_opt=0.00328 v_mand=0.00000 ptv=0.0840 ptv_max=0.00012 ring=0.00000 smooth=0.0069 laplacian=0.0192 beam=0.00487 homogeneity=0.0046 body=0.00000 bowel=0.00000 femur=0.00000
2026-05-22 11:30:07 [INFO] Step 40/54 Loss=4.3385 mse=0.1000 v_opt=0.01663 v_mand=0.00029 ptv=0.0697 ptv_max=0.00038 ring=0.00001 smooth=0.0085 laplacian=0.0242 beam=0.04328 homogeneity=0.0057 body=0.00000 bowel=0.04090 femur=0.00000
2026-05-22 11:30:12 [INFO] Step 45/54 Loss=3.9744 mse=0.1173 v_opt=0.01548 v_mand=0.00060 ptv=0.0257 ptv_max=0.00082 ring=0.00000 smooth=0.0118 laplacian=0.0338 beam=0.08148 homogeneity=0.0047 body=0.00000 bowel=0.00000 femur=0.00000
2026-05-22 11:30:15 [INFO] Step 50/54 Loss=3.6828 mse=0.0932 v_opt=0.00458 v_mand=0.00000 ptv=0.0989 ptv_max=0.00002 ring=0.00000 smooth=0.0104 laplacian=0.0303 beam=0.02272 homogeneity=0.0039 body=0.00000 bowel=0.00000 femur=0.00000
2026-05-22 11:30:17 [INFO] Step 54/54 Loss=3.8632 mse=0.0877 v_opt=0.03514 v_mand=0.00317 ptv=0.0975 ptv_max=0.00004 ring=0.00000 smooth=0.0119 laplacian=0.0331 beam=0.03831 homogeneity=0.0048 body=0.00000 bowel=0.00000 femur=0.00000
2026-05-22 11:30:17 [INFO] Running validation at epoch 60...
2026-05-22 11:30:47 [INFO] Epoch 60 Summary: Train=4.7996 Val=0.0132 (MSE=0.0132)
          Metrics: PTV_D95=52.36Gy Bladder=25.05Gy Rectum=26.01Gy
          Metrics: Ring=41.47Gy Dmax=114.41Gy BG=27.33Gy
2026-05-22 11:30:47 [INFO] Epoch 61/100 [FULL PHYSICS] ramp=1.000 lr=3.52e-05
2026-05-22 11:30:53 [INFO] Step 5/54 Loss=3.5885 mse=0.0926 v_opt=0.00000 v_mand=0.00000 ptv=0.0757 ptv_max=0.00002 ring=0.00000 smooth=0.0130 laplacian=0.0371 beam=0.05208 homogeneity=0.0028 body=0.00000 bowel=0.00000 femur=0.00000
2026-05-22 11:30:56 [INFO] Step 10/54 Loss=2.7142 mse=0.0623 v_opt=0.00000 v_mand=0.00000 ptv=0.0952 ptv_max=0.00007 ring=0.00000 smooth=0.0079 laplacian=0.0214 beam=0.00008 homogeneity=0.0042 body=0.00000 bowel=0.00000 femur=0.00000
2026-05-22 11:30:59 [INFO] Step 15/54 Loss=2.8363 mse=0.0753 v_opt=0.00789 v_mand=0.00010 ptv=0.0674 ptv_max=0.00013 ring=0.00000 smooth=0.0104 laplacian=0.0296 beam=0.00345 homogeneity=0.0039 body=0.00000 bowel=0.00000 femur=0.00000
2026-05-22 11:31:02 [INFO] Step 20/54 Loss=2.7983 mse=0.0733 v_opt=0.00907 v_mand=0.00008 ptv=0.0555 ptv_max=0.00022 ring=0.00000 smooth=0.0091 laplacian=0.0246 beam=0.03529 homogeneity=0.0034 body=0.00000 bowel=0.00000 femur=0.00000
2026-05-22 11:31:08 [INFO] Step 25/54 Loss=4.4296 mse=0.1277 v_opt=0.00323 v_mand=0.00000 ptv=0.0616 ptv_max=0.00026 ring=0.00002 smooth=0.0097 laplacian=0.0268 beam=0.07317 homogeneity=0.0046 body=0.00000 bowel=0.00000 femur=0.00000
2026-05-22 11:31:10 [INFO] Step 30/54 Loss=2.9281 mse=0.0816 v_opt=0.00137 v_mand=0.00000 ptv=0.0684 ptv_max=0.00002 ring=0.00000 smooth=0.0090 laplacian=0.0253 beam=0.00357 homogeneity=0.0024 body=0.00000 bowel=0.00000 femur=0.00000
2026-05-22 11:31:13 [INFO] Step 35/54 Loss=3.3427 mse=0.0642 v_opt=0.02986 v_mand=0.00339 ptv=0.0936 ptv_max=0.00004 ring=0.00001 smooth=0.0072 laplacian=0.0199 beam=0.01834 homogeneity=0.0046 body=0.00000 bowel=0.01858 femur=0.00000
2026-05-22 11:31:16 [INFO] Step 40/54 Loss=3.4111 mse=0.0918 v_opt=0.00001 v_mand=0.00000 ptv=0.0780 ptv_max=0.00011 ring=0.00000 smooth=0.0103 laplacian=0.0289 beam=0.01898 homogeneity=0.0040 body=0.00000 bowel=0.00000 femur=0.00000
2026-05-22 11:31:21 [INFO] Step 45/54 Loss=3.4762 mse=0.0788 v_opt=0.00001 v_mand=0.00000 ptv=0.1206 ptv_max=0.00002 ring=0.00000 smooth=0.0085 laplacian=0.0234 beam=0.01186 homogeneity=0.0057 body=0.00000 bowel=0.00000 femur=0.00000
2026-05-22 11:31:24 [INFO] Step 50/54 Loss=5.6834 mse=0.1921 v_opt=0.00446 v_mand=0.00211 ptv=0.0131 ptv_max=0.00346 ring=0.00002 smooth=0.0145 laplacian=0.0402 beam=0.00775 homogeneity=0.0105 body=0.00000 bowel=0.00000 femur=0.00000
2026-05-22 11:31:27 [INFO] Step 54/54 Loss=6.3519 mse=0.2113 v_opt=0.00667 v_mand=0.00002 ptv=0.0759 ptv_max=0.00011 ring=0.00000 smooth=0.0084 laplacian=0.0239 beam=0.01628 homogeneity=0.0041 body=0.00000 bowel=0.00000 femur=0.00000
2026-05-22 11:31:27 [INFO] Running validation at epoch 61...
2026-05-22 11:31:56 [INFO] Epoch 61 Summary: Train=3.3028 Val=0.0128 (MSE=0.0128)
          Metrics: PTV_D95=54.43Gy Bladder=26.05Gy Rectum=31.89Gy
          Metrics: Ring=43.61Gy Dmax=104.71Gy BG=27.27Gy
2026-05-22 11:31:56 [INFO] [PHYSICS] Saved best model val_loss=0.0128
2026-05-22 11:31:56 [INFO] Epoch 62/100 [FULL PHYSICS] ramp=1.000 lr=3.37e-05
2026-05-22 11:32:02 [INFO] Step 5/54 Loss=2.9445 mse=0.0764 v_opt=0.00682 v_mand=0.00014 ptv=0.0773 ptv_max=0.00006 ring=0.00000 smooth=0.0106 laplacian=0.0294 beam=0.00340 homogeneity=0.0031 body=0.00000 bowel=0.00000 femur=0.00000
2026-05-22 11:32:05 [INFO] Step 10/54 Loss=3.0273 mse=0.0832 v_opt=0.00915 v_mand=0.00000 ptv=0.0552 ptv_max=0.00018 ring=0.00000 smooth=0.0085 laplacian=0.0237 beam=0.03456 homogeneity=0.0034 body=0.00000 bowel=0.00000 femur=0.00000
2026-05-22 11:32:08 [INFO] Step 15/54 Loss=2.6308 mse=0.0648 v_opt=0.01120 v_mand=0.00000 ptv=0.0735 ptv_max=0.00006 ring=0.00000 smooth=0.0081 laplacian=0.0225 beam=0.01228 homogeneity=0.0034 body=0.00000 bowel=0.00000 femur=0.00000
2026-05-22 11:32:11 [INFO] Step 20/54 Loss=3.6572 mse=0.0837 v_opt=0.00379 v_mand=0.00000 ptv=0.1168 ptv_max=0.00002 ring=0.00000 smooth=0.0117 laplacian=0.0328 beam=0.01098 homogeneity=0.0079 body=0.00000 bowel=0.00000 femur=0.00000
2026-05-22 11:32:17 [INFO] Step 25/54 Loss=3.1649 mse=0.0810 v_opt=0.01629 v_mand=0.00045 ptv=0.0774 ptv_max=0.00003 ring=0.00000 smooth=0.0089 laplacian=0.0247 beam=0.00259 homogeneity=0.0034 body=0.00000 bowel=0.00642 femur=0.00000
2026-05-22 11:32:19 [INFO] Step 30/54 Loss=3.3279 mse=0.0945 v_opt=0.01826 v_mand=0.00098 ptv=0.0612 ptv_max=0.00016 ring=0.00000 smooth=0.0104 laplacian=0.0295 beam=0.00763 homogeneity=0.0032 body=0.00000 bowel=0.00000 femur=0.00000
2026-05-22 11:32:22 [INFO] Step 35/54 Loss=5.7610 mse=0.1780 v_opt=0.00000 v_mand=0.00000 ptv=0.0262 ptv_max=0.00110 ring=0.00000 smooth=0.0149 laplacian=0.0464 beam=0.12913 homogeneity=0.0051 body=0.00000 bowel=0.00000 femur=0.00000
2026-05-22 11:32:25 [INFO] Step 40/54 Loss=2.9682 mse=0.0782 v_opt=0.00449 v_mand=0.00003 ptv=0.0751 ptv_max=0.00004 ring=0.00000 smooth=0.0123 laplacian=0.0333 beam=0.00003 homogeneity=0.0035 body=0.00000 bowel=0.00000 femur=0.00000
2026-05-22 11:32:31 [INFO] Step 45/54 Loss=6.5620 mse=0.1067 v_opt=0.00000 v_mand=0.00000 ptv=0.2832 ptv_max=0.00000 ring=0.00000 smooth=0.0085 laplacian=0.0225 beam=0.09621 homogeneity=0.0230 body=0.00000 bowel=0.00000 femur=0.00000
2026-05-22 11:32:34 [INFO] Step 50/54 Loss=3.2280 mse=0.0878 v_opt=0.00436 v_mand=0.00000 ptv=0.0605 ptv_max=0.00006 ring=0.00000 smooth=0.0100 laplacian=0.0275 beam=0.04266 homogeneity=0.0028 body=0.00000 bowel=0.00000 femur=0.00000
2026-05-22 11:32:36 [INFO] Step 54/54 Loss=2.6717 mse=0.0675 v_opt=0.00823 v_mand=0.00000 ptv=0.0744 ptv_max=0.00002 ring=0.00000 smooth=0.0094 laplacian=0.0258 beam=0.00354 homogeneity=0.0034 body=0.00000 bowel=0.00000 femur=0.00000
2026-05-22 11:32:36 [INFO] Running validation at epoch 62...
2026-05-22 11:33:05 [INFO] Epoch 62 Summary: Train=3.6791 Val=0.0127 (MSE=0.0127)
          Metrics: PTV_D95=55.11Gy Bladder=27.58Gy Rectum=28.53Gy
          Metrics: Ring=44.66Gy Dmax=103.38Gy BG=27.16Gy
2026-05-22 11:33:05 [INFO] [PHYSICS] Saved best model val_loss=0.0127
2026-05-22 11:33:05 [INFO] [CLINICAL] Saved best model Score=50.407 PTV_D95=55.11Gy Bladder=27.58Gy Rectum=28.53Gy
2026-05-22 11:33:05 [INFO] Epoch 63/100 [FULL PHYSICS] ramp=1.000 lr=3.23e-05
2026-05-22 11:33:12 [INFO] Step 5/54 Loss=4.2513 mse=0.1128 v_opt=0.00047 v_mand=0.00000 ptv=0.0798 ptv_max=0.00052 ring=0.00000 smooth=0.0103 laplacian=0.0286 beam=0.06250 homogeneity=0.0070 body=0.00000 bowel=0.00000 femur=0.00000
2026-05-22 11:33:15 [INFO] Step 10/54 Loss=2.7573 mse=0.0652 v_opt=0.00000 v_mand=0.00000 ptv=0.0818 ptv_max=0.00006 ring=0.00000 smooth=0.0081 laplacian=0.0216 beam=0.02279 homogeneity=0.0038 body=0.00000 bowel=0.00000 femur=0.00000
2026-05-22 11:33:18 [INFO] Step 15/54 Loss=4.2705 mse=0.1191 v_opt=0.00485 v_mand=0.00003 ptv=0.0645 ptv_max=0.00060 ring=0.00000 smooth=0.0114 laplacian=0.0311 beam=0.06803 homogeneity=0.0050 body=0.00000 bowel=0.00000 femur=0.00000
2026-05-22 11:33:21 [INFO] Step 20/54 Loss=4.5270 mse=0.1234 v_opt=0.00667 v_mand=0.00000 ptv=0.0765 ptv_max=0.00005 ring=0.00000 smooth=0.0129 laplacian=0.0364 beam=0.08086 homogeneity=0.0031 body=0.00000 bowel=0.00000 femur=0.00000
2026-05-22 11:33:26 [INFO] Step 25/54 Loss=2.7732 mse=0.0714 v_opt=0.01853 v_mand=0.00042 ptv=0.0736 ptv_max=0.00006 ring=0.00000 smooth=0.0086 laplacian=0.0239 beam=0.00051 homogeneity=0.0031 body=0.00000 bowel=0.00000 femur=0.00000
2026-05-22 11:33:30 [INFO] Step 30/54 Loss=2.3987 mse=0.0446 v_opt=0.04152 v_mand=0.00272 ptv=0.0870 ptv_max=0.00002 ring=0.00000 smooth=0.0067 laplacian=0.0182 beam=0.00496 homogeneity=0.0035 body=0.00000 bowel=0.00000 femur=0.00000
2026-05-22 11:33:32 [INFO] Step 35/54 Loss=4.1135 mse=0.1233 v_opt=0.00000 v_mand=0.00000 ptv=0.0223 ptv_max=0.00101 ring=0.00000 smooth=0.0103 laplacian=0.0295 beam=0.09940 homogeneity=0.0051 body=0.00000 bowel=0.00000 femur=0.00000
2026-05-22 11:33:35 [INFO] Step 40/54 Loss=2.8056 mse=0.0595 v_opt=0.00164 v_mand=0.00000 ptv=0.1053 ptv_max=0.00001 ring=0.00001 smooth=0.0083 laplacian=0.0231 beam=0.01260 homogeneity=0.0037 body=0.00000 bowel=0.00000 femur=0.00000
2026-05-22 11:33:40 [INFO] Step 45/54 Loss=4.0367 mse=0.1080 v_opt=0.00000 v_mand=0.00000 ptv=0.0937 ptv_max=0.00002 ring=0.00000 smooth=0.0128 laplacian=0.0368 beam=0.02583 homogeneity=0.0037 body=0.00000 bowel=0.00000 femur=0.00000
2026-05-22 11:33:43 [INFO] Step 50/54 Loss=2.1588 mse=0.0736 v_opt=0.00000 v_mand=0.00000 ptv=0.0000 ptv_max=0.00000 ring=0.00000 smooth=0.0075 laplacian=0.0198 beam=0.04231 homogeneity=0.0000 body=0.00000 bowel=0.00000 femur=0.00000
2026-05-22 11:33:45 [INFO] Step 54/54 Loss=3.0000 mse=0.0629 v_opt=0.03423 v_mand=0.00475 ptv=0.0875 ptv_max=0.00004 ring=0.00000 smooth=0.0068 laplacian=0.0191 beam=0.01227 homogeneity=0.0041 body=0.00000 bowel=0.00000 femur=0.00000
2026-05-22 11:33:45 [INFO] Running validation at epoch 63...
2026-05-22 11:34:15 [INFO] Epoch 63 Summary: Train=4.9206 Val=0.0124 (MSE=0.0124)
          Metrics: PTV_D95=54.63Gy Bladder=28.12Gy Rectum=28.02Gy
          Metrics: Ring=43.60Gy Dmax=106.39Gy BG=26.82Gy
2026-05-22 11:34:15 [INFO] [PHYSICS] Saved best model val_loss=0.0124
2026-05-22 11:34:15 [INFO] Epoch 64/100 [FULL PHYSICS] ramp=1.000 lr=3.08e-05
2026-05-22 11:34:21 [INFO] Step 5/54 Loss=2.9139 mse=0.0823 v_opt=0.00759 v_mand=0.00000 ptv=0.0584 ptv_max=0.00018 ring=0.00000 smooth=0.0104 laplacian=0.0297 beam=0.00261 homogeneity=0.0038 body=0.00000 bowel=0.00000 femur=0.00000
2026-05-22 11:34:24 [INFO] Step 10/54 Loss=5.0025 mse=0.1700 v_opt=0.00714 v_mand=0.00137 ptv=0.0183 ptv_max=0.00131 ring=0.00000 smooth=0.0108 laplacian=0.0295 beam=0.02810 homogeneity=0.0061 body=0.00000 bowel=0.00000 femur=0.00000
2026-05-22 11:34:27 [INFO] Step 15/54 Loss=3.2321 mse=0.0864 v_opt=0.00018 v_mand=0.00000 ptv=0.0811 ptv_max=0.00001 ring=0.00000 smooth=0.0102 laplacian=0.0298 beam=0.00696 homogeneity=0.0033 body=0.00000 bowel=0.00000 femur=0.00000
2026-05-22 11:34:30 [INFO] Step 20/54 Loss=3.5049 mse=0.0988 v_opt=0.00409 v_mand=0.00005 ptv=0.0670 ptv_max=0.00020 ring=0.00000 smooth=0.0111 laplacian=0.0302 beam=0.01736 homogeneity=0.0048 body=0.00000 bowel=0.00000 femur=0.00000
2026-05-22 11:34:35 [INFO] Step 25/54 Loss=3.9584 mse=0.1030 v_opt=0.00003 v_mand=0.00000 ptv=0.0789 ptv_max=0.00002 ring=0.00000 smooth=0.0115 laplacian=0.0321 beam=0.06951 homogeneity=0.0036 body=0.00000 bowel=0.00000 femur=0.00000
2026-05-22 11:34:38 [INFO] Step 30/54 Loss=3.0208 mse=0.0674 v_opt=0.00004 v_mand=0.00000 ptv=0.1059 ptv_max=0.00002 ring=0.00000 smooth=0.0104 laplacian=0.0276 beam=0.00434 homogeneity=0.0053 body=0.00000 bowel=0.00000 femur=0.00000
2026-05-22 11:34:41 [INFO] Step 35/54 Loss=3.3856 mse=0.1108 v_opt=0.00000 v_mand=0.00000 ptv=0.0000 ptv_max=0.00000 ring=0.00000 smooth=0.0088 laplacian=0.0240 beam=0.09754 homogeneity=0.0000 body=0.00000 bowel=0.00000 femur=0.00000
2026-05-22 11:34:44 [INFO] Step 40/54 Loss=2.7422 mse=0.0680 v_opt=0.00001 v_mand=0.00000 ptv=0.0700 ptv_max=0.00006 ring=0.00000 smooth=0.0080 laplacian=0.0213 beam=0.03247 homogeneity=0.0031 body=0.00000 bowel=0.00000 femur=0.00000
2026-05-22 11:34:48 [INFO] Step 45/54 Loss=2.2717 mse=0.0633 v_opt=0.00413 v_mand=0.00141 ptv=0.0268 ptv_max=0.00113 ring=0.00000 smooth=0.0099 laplacian=0.0293 beam=0.00267 homogeneity=0.0058 body=0.00000 bowel=0.00000 femur=0.00000
2026-05-22 11:34:52 [INFO] Step 50/54 Loss=6.3969 mse=0.1864 v_opt=0.00004 v_mand=0.00000 ptv=0.0104 ptv_max=0.00763 ring=0.00010 smooth=0.0199 laplacian=0.0608 beam=0.11491 homogeneity=0.0176 body=0.00000 bowel=0.00000 femur=0.00000
2026-05-22 11:34:54 [INFO] Step 54/54 Loss=2.5862 mse=0.0641 v_opt=0.00533 v_mand=0.00000 ptv=0.0736 ptv_max=0.00006 ring=0.00000 smooth=0.0097 laplacian=0.0262 beam=0.00604 homogeneity=0.0032 body=0.00000 bowel=0.00000 femur=0.00000
2026-05-22 11:34:54 [INFO] Running validation at epoch 64...
2026-05-22 11:35:23 [INFO] Epoch 64 Summary: Train=3.5859 Val=0.0125 (MSE=0.0125)
          Metrics: PTV_D95=52.28Gy Bladder=25.33Gy Rectum=27.22Gy
          Metrics: Ring=40.53Gy Dmax=107.52Gy BG=26.71Gy
2026-05-22 11:35:23 [INFO] Epoch 65/100 [FULL PHYSICS] ramp=1.000 lr=2.94e-05
2026-05-22 11:35:29 [INFO] Step 5/54 Loss=3.0524 mse=0.0742 v_opt=0.00263 v_mand=0.00000 ptv=0.0754 ptv_max=0.00016 ring=0.00000 smooth=0.0090 laplacian=0.0246 beam=0.04289 homogeneity=0.0042 body=0.00000 bowel=0.00000 femur=0.00000
2026-05-22 11:35:33 [INFO] Step 10/54 Loss=5.5479 mse=0.1934 v_opt=0.00103 v_mand=0.00013 ptv=0.0321 ptv_max=0.00055 ring=0.00000 smooth=0.0143 laplacian=0.0399 beam=0.01362 homogeneity=0.0037 body=0.00000 bowel=0.00000 femur=0.00000
2026-05-22 11:35:36 [INFO] Step 15/54 Loss=3.3263 mse=0.0893 v_opt=0.00496 v_mand=0.00004 ptv=0.0813 ptv_max=0.00002 ring=0.00000 smooth=0.0100 laplacian=0.0277 beam=0.01156 homogeneity=0.0030 body=0.00000 bowel=0.00000 femur=0.00000
2026-05-22 11:35:38 [INFO] Step 20/54 Loss=3.1768 mse=0.0908 v_opt=0.01131 v_mand=0.00037 ptv=0.0647 ptv_max=0.00008 ring=0.00001 smooth=0.0104 laplacian=0.0285 beam=0.00009 homogeneity=0.0031 body=0.00000 bowel=0.00000 femur=0.00000
2026-05-22 11:35:43 [INFO] Step 25/54 Loss=3.1757 mse=0.0786 v_opt=0.02111 v_mand=0.00019 ptv=0.0790 ptv_max=0.00006 ring=0.00000 smooth=0.0095 laplacian=0.0267 beam=0.02881 homogeneity=0.0039 body=0.00000 bowel=0.00000 femur=0.00000
2026-05-22 11:35:47 [INFO] Step 30/54 Loss=6.7745 mse=0.2315 v_opt=0.00144 v_mand=0.00000 ptv=0.0747 ptv_max=0.00003 ring=0.00000 smooth=0.0104 laplacian=0.0300 beam=0.00486 homogeneity=0.0025 body=0.00000 bowel=0.00000 femur=0.00000
2026-05-22 11:35:50 [INFO] Step 35/54 Loss=3.9568 mse=0.0887 v_opt=0.00509 v_mand=0.00000 ptv=0.0619 ptv_max=0.00044 ring=0.00002 smooth=0.0094 laplacian=0.0272 beam=0.04326 homogeneity=0.0056 body=0.00000 bowel=0.04090 femur=0.00000
2026-05-22 11:35:53 [INFO] Step 40/54 Loss=2.8341 mse=0.0762 v_opt=0.00203 v_mand=0.00000 ptv=0.0672 ptv_max=0.00009 ring=0.00000 smooth=0.0120 laplacian=0.0333 beam=0.00016 homogeneity=0.0035 body=0.00000 bowel=0.00000 femur=0.00000
2026-05-22 11:35:57 [INFO] Step 45/54 Loss=3.1235 mse=0.0613 v_opt=0.00639 v_mand=0.00005 ptv=0.1012 ptv_max=0.00004 ring=0.00000 smooth=0.0067 laplacian=0.0184 beam=0.02735 homogeneity=0.0053 body=0.00000 bowel=0.01458 femur=0.00000
2026-05-22 11:36:01 [INFO] Step 50/54 Loss=3.0461 mse=0.0734 v_opt=0.00737 v_mand=0.00025 ptv=0.0833 ptv_max=0.00012 ring=0.00001 smooth=0.0094 laplacian=0.0255 beam=0.02378 homogeneity=0.0045 body=0.00000 bowel=0.00000 femur=0.00000
2026-05-22 11:36:03 [INFO] Step 54/54 Loss=2.9927 mse=0.0683 v_opt=0.02315 v_mand=0.00307 ptv=0.0756 ptv_max=0.00029 ring=0.00002 smooth=0.0077 laplacian=0.0207 beam=0.01645 homogeneity=0.0061 body=0.00000 bowel=0.00000 femur=0.00000
2026-05-22 11:36:03 [INFO] Running validation at epoch 65...
2026-05-22 11:36:32 [INFO] Epoch 65 Summary: Train=5.9018 Val=0.0122 (MSE=0.0122)
          Metrics: PTV_D95=53.97Gy Bladder=28.08Gy Rectum=28.90Gy
          Metrics: Ring=43.37Gy Dmax=101.42Gy BG=26.67Gy
2026-05-22 11:36:32 [INFO] [PHYSICS] Saved best model val_loss=0.0122
2026-05-22 11:36:32 [INFO] Epoch 66/100 [FULL PHYSICS] ramp=1.000 lr=2.80e-05
2026-05-22 11:36:38 [INFO] Step 5/54 Loss=3.7057 mse=0.0943 v_opt=0.03494 v_mand=0.00755 ptv=0.0564 ptv_max=0.00006 ring=0.00000 smooth=0.0076 laplacian=0.0213 beam=0.03418 homogeneity=0.0025 body=0.00000 bowel=0.00000 femur=0.00000
2026-05-22 11:36:41 [INFO] Step 10/54 Loss=3.5758 mse=0.0959 v_opt=0.00000 v_mand=0.00000 ptv=0.0494 ptv_max=0.00047 ring=0.00000 smooth=0.0091 laplacian=0.0258 beam=0.08653 homogeneity=0.0045 body=0.00000 bowel=0.00000 femur=0.00000
2026-05-22 11:36:44 [INFO] Step 15/54 Loss=4.5853 mse=0.1389 v_opt=0.00002 v_mand=0.00000 ptv=0.0397 ptv_max=0.00014 ring=0.00000 smooth=0.0123 laplacian=0.0362 beam=0.09436 homogeneity=0.0021 body=0.00000 bowel=0.00000 femur=0.00000
2026-05-22 11:36:47 [INFO] Step 20/54 Loss=2.8129 mse=0.0722 v_opt=0.00001 v_mand=0.00000 ptv=0.0754 ptv_max=0.00011 ring=0.00000 smooth=0.0096 laplacian=0.0265 beam=0.00295 homogeneity=0.0046 body=0.00000 bowel=0.00000 femur=0.00000
2026-05-22 11:36:52 [INFO] Step 25/54 Loss=3.6639 mse=0.0866 v_opt=0.00383 v_mand=0.00000 ptv=0.1146 ptv_max=0.00000 ring=0.00000 smooth=0.0098 laplacian=0.0270 beam=0.01306 homogeneity=0.0067 body=0.00000 bowel=0.00000 femur=0.00000
2026-05-22 11:36:55 [INFO] Step 30/54 Loss=2.9634 mse=0.0674 v_opt=0.02547 v_mand=0.00334 ptv=0.0763 ptv_max=0.00012 ring=0.00001 smooth=0.0083 laplacian=0.0219 beam=0.01354 homogeneity=0.0052 body=0.00000 bowel=0.00000 femur=0.00000
2026-05-22 11:36:59 [INFO] Step 35/54 Loss=2.7000 mse=0.0723 v_opt=0.00317 v_mand=0.00029 ptv=0.0687 ptv_max=0.00006 ring=0.00000 smooth=0.0083 laplacian=0.0228 beam=0.00095 homogeneity=0.0027 body=0.00000 bowel=0.00000 femur=0.00000
2026-05-22 11:37:01 [INFO] Step 40/54 Loss=2.7440 mse=0.0654 v_opt=0.00354 v_mand=0.00000 ptv=0.0870 ptv_max=0.00002 ring=0.00000 smooth=0.0084 laplacian=0.0236 beam=0.00787 homogeneity=0.0032 body=0.00000 bowel=0.00000 femur=0.00000
2026-05-22 11:37:06 [INFO] Step 45/54 Loss=2.6280 mse=0.0733 v_opt=0.00122 v_mand=0.00000 ptv=0.0567 ptv_max=0.00013 ring=0.00000 smooth=0.0092 laplacian=0.0260 beam=0.00523 homogeneity=0.0027 body=0.00000 bowel=0.00000 femur=0.00000
2026-05-22 11:37:09 [INFO] Step 50/54 Loss=3.5958 mse=0.0853 v_opt=0.03220 v_mand=0.00447 ptv=0.0717 ptv_max=0.00048 ring=0.00002 smooth=0.0104 laplacian=0.0285 beam=0.03069 homogeneity=0.0064 body=0.00000 bowel=0.00000 femur=0.00000
2026-05-22 11:37:11 [INFO] Step 54/54 Loss=2.2968 mse=0.0606 v_opt=0.00140 v_mand=0.00006 ptv=0.0435 ptv_max=0.00026 ring=0.00000 smooth=0.0080 laplacian=0.0222 beam=0.03010 homogeneity=0.0029 body=0.00000 bowel=0.00000 femur=0.00000
2026-05-22 11:37:11 [INFO] Running validation at epoch 66...
2026-05-22 11:37:41 [INFO] Epoch 66 Summary: Train=4.2642 Val=0.0122 (MSE=0.0122)
          Metrics: PTV_D95=54.00Gy Bladder=27.25Gy Rectum=29.93Gy
          Metrics: Ring=42.57Gy Dmax=101.20Gy BG=26.56Gy
2026-05-22 11:37:41 [INFO] [PHYSICS] Saved best model val_loss=0.0122
2026-05-22 11:37:41 [INFO] Epoch 67/100 [FULL PHYSICS] ramp=1.000 lr=2.67e-05
2026-05-22 11:37:47 [INFO] Step 5/54 Loss=2.4173 mse=0.0607 v_opt=0.00204 v_mand=0.00003 ptv=0.0698 ptv_max=0.00004 ring=0.00000 smooth=0.0086 laplacian=0.0245 beam=0.00250 homogeneity=0.0025 body=0.00000 bowel=0.00000 femur=0.00000
2026-05-22 11:37:50 [INFO] Step 10/54 Loss=6.7223 mse=0.2288 v_opt=0.00245 v_mand=0.00000 ptv=0.0750 ptv_max=0.00006 ring=0.00000 smooth=0.0102 laplacian=0.0290 beam=0.00776 homogeneity=0.0026 body=0.00000 bowel=0.00000 femur=0.00000
2026-05-22 11:37:53 [INFO] Step 15/54 Loss=3.0631 mse=0.0810 v_opt=0.00000 v_mand=0.00000 ptv=0.0680 ptv_max=0.00009 ring=0.00000 smooth=0.0109 laplacian=0.0297 beam=0.02506 homogeneity=0.0035 body=0.00000 bowel=0.00000 femur=0.00000
2026-05-22 11:37:56 [INFO] Step 20/54 Loss=2.8555 mse=0.0798 v_opt=0.00162 v_mand=0.00000 ptv=0.0665 ptv_max=0.00007 ring=0.00000 smooth=0.0085 laplacian=0.0240 beam=0.00238 homogeneity=0.0024 body=0.00000 bowel=0.00000 femur=0.00000
2026-05-22 11:38:02 [INFO] Step 25/54 Loss=2.6038 mse=0.0545 v_opt=0.01513 v_mand=0.00050 ptv=0.0969 ptv_max=0.00002 ring=0.00000 smooth=0.0068 laplacian=0.0183 beam=0.00607 homogeneity=0.0044 body=0.00000 bowel=0.00000 femur=0.00000
2026-05-22 11:38:04 [INFO] Step 30/54 Loss=2.7175 mse=0.0722 v_opt=0.00392 v_mand=0.00006 ptv=0.0688 ptv_max=0.00009 ring=0.00000 smooth=0.0110 laplacian=0.0284 beam=0.00053 homogeneity=0.0027 body=0.00000 bowel=0.00000 femur=0.00000
2026-05-22 11:38:07 [INFO] Step 35/54 Loss=2.3204 mse=0.0652 v_opt=0.00304 v_mand=0.00121 ptv=0.0313 ptv_max=0.00057 ring=0.00000 smooth=0.0112 laplacian=0.0330 beam=0.00451 homogeneity=0.0042 body=0.00000 bowel=0.00000 femur=0.00000
2026-05-22 11:38:10 [INFO] Step 40/54 Loss=2.4735 mse=0.0644 v_opt=0.00005 v_mand=0.00000 ptv=0.0663 ptv_max=0.00006 ring=0.00000 smooth=0.0090 laplacian=0.0247 beam=0.00249 homogeneity=0.0027 body=0.00000 bowel=0.00000 femur=0.00000
2026-05-22 11:38:16 [INFO] Step 45/54 Loss=3.1887 mse=0.0901 v_opt=0.00493 v_mand=0.00008 ptv=0.0645 ptv_max=0.00006 ring=0.00000 smooth=0.0097 laplacian=0.0265 beam=0.01567 homogeneity=0.0028 body=0.00000 bowel=0.00000 femur=0.00000
2026-05-22 11:38:18 [INFO] Step 50/54 Loss=4.0251 mse=0.1071 v_opt=0.00199 v_mand=0.00000 ptv=0.0874 ptv_max=0.00008 ring=0.00000 smooth=0.0102 laplacian=0.0285 beam=0.04691 homogeneity=0.0039 body=0.00000 bowel=0.00000 femur=0.00000
2026-05-22 11:38:21 [INFO] Step 54/54 Loss=3.8023 mse=0.0728 v_opt=0.05610 v_mand=0.01377 ptv=0.0710 ptv_max=0.00010 ring=0.00000 smooth=0.0067 laplacian=0.0187 beam=0.04892 homogeneity=0.0047 body=0.00000 bowel=0.00174 femur=0.00000
2026-05-22 11:38:21 [INFO] Running validation at epoch 67...
2026-05-22 11:38:50 [INFO] Epoch 67 Summary: Train=4.3811 Val=0.0120 (MSE=0.0120)
          Metrics: PTV_D95=54.61Gy Bladder=28.47Gy Rectum=27.91Gy
          Metrics: Ring=43.37Gy Dmax=99.61Gy BG=26.50Gy
2026-05-22 11:38:50 [INFO] [PHYSICS] Saved best model val_loss=0.0120
2026-05-22 11:38:50 [INFO] Epoch 68/100 [FULL PHYSICS] ramp=1.000 lr=2.53e-05
2026-05-22 11:38:56 [INFO] Step 5/54 Loss=2.8539 mse=0.0736 v_opt=0.00593 v_mand=0.00000 ptv=0.0718 ptv_max=0.00006 ring=0.00000 smooth=0.0089 laplacian=0.0241 beam=0.01711 homogeneity=0.0033 body=0.00000 bowel=0.00000 femur=0.00000
2026-05-22 11:38:59 [INFO] Step 10/54 Loss=2.8108 mse=0.0769 v_opt=0.00248 v_mand=0.00000 ptv=0.0507 ptv_max=0.00018 ring=0.00000 smooth=0.0090 laplacian=0.0247 beam=0.03572 homogeneity=0.0028 body=0.00000 bowel=0.00000 femur=0.00000
2026-05-22 11:39:02 [INFO] Step 15/54 Loss=2.5330 mse=0.0556 v_opt=0.00010 v_mand=0.00000 ptv=0.0801 ptv_max=0.00033 ring=0.00000 smooth=0.0073 laplacian=0.0194 beam=0.01460 homogeneity=0.0074 body=0.00000 bowel=0.00000 femur=0.00000
2026-05-22 11:39:05 [INFO] Step 20/54 Loss=4.6508 mse=0.0843 v_opt=0.08378 v_mand=0.02248 ptv=0.0946 ptv_max=0.00002 ring=0.00000 smooth=0.0100 laplacian=0.0295 beam=0.01403 homogeneity=0.0039 body=0.00000 bowel=0.00000 femur=0.00000
2026-05-22 11:39:10 [INFO] Step 25/54 Loss=2.8042 mse=0.0705 v_opt=0.00001 v_mand=0.00000 ptv=0.0788 ptv_max=0.00006 ring=0.00000 smooth=0.0116 laplacian=0.0315 beam=0.00011 homogeneity=0.0040 body=0.00000 bowel=0.00000 femur=0.00000
2026-05-22 11:39:13 [INFO] Step 30/54 Loss=2.8099 mse=0.0674 v_opt=0.00809 v_mand=0.00008 ptv=0.0830 ptv_max=0.00003 ring=0.00000 smooth=0.0070 laplacian=0.0192 beam=0.01774 homogeneity=0.0041 body=0.00000 bowel=0.00000 femur=0.00000
2026-05-22 11:39:16 [INFO] Step 35/54 Loss=2.7219 mse=0.0740 v_opt=0.00651 v_mand=0.00003 ptv=0.0643 ptv_max=0.00009 ring=0.00000 smooth=0.0107 laplacian=0.0277 beam=0.00134 homogeneity=0.0027 body=0.00000 bowel=0.00000 femur=0.00000
2026-05-22 11:39:19 [INFO] Step 40/54 Loss=2.8411 mse=0.0753 v_opt=0.01377 v_mand=0.00000 ptv=0.0711 ptv_max=0.00008 ring=0.00000 smooth=0.0094 laplacian=0.0263 beam=0.00211 homogeneity=0.0033 body=0.00000 bowel=0.00000 femur=0.00000
2026-05-22 11:39:24 [INFO] Step 45/54 Loss=3.7378 mse=0.1205 v_opt=0.00198 v_mand=0.00058 ptv=0.0229 ptv_max=0.00082 ring=0.00000 smooth=0.0118 laplacian=0.0320 beam=0.03138 homogeneity=0.0047 body=0.00000 bowel=0.00000 femur=0.00000
2026-05-22 11:39:27 [INFO] Step 50/54 Loss=2.4852 mse=0.0587 v_opt=0.00619 v_mand=0.00017 ptv=0.0798 ptv_max=0.00005 ring=0.00001 smooth=0.0082 laplacian=0.0229 beam=0.00006 homogeneity=0.0036 body=0.00000 bowel=0.00000 femur=0.00000
2026-05-22 11:39:30 [INFO] Step 54/54 Loss=2.4526 mse=0.0582 v_opt=0.00140 v_mand=0.00000 ptv=0.0774 ptv_max=0.00008 ring=0.00000 smooth=0.0101 laplacian=0.0268 beam=0.00007 homogeneity=0.0036 body=0.00000 bowel=0.00000 femur=0.00000
2026-05-22 11:39:30 [INFO] Running validation at epoch 68...
2026-05-22 11:39:59 [INFO] Epoch 68 Summary: Train=3.1428 Val=0.0118 (MSE=0.0118)
          Metrics: PTV_D95=54.15Gy Bladder=26.81Gy Rectum=28.85Gy
          Metrics: Ring=42.63Gy Dmax=100.78Gy BG=26.23Gy
2026-05-22 11:39:59 [INFO] [PHYSICS] Saved best model val_loss=0.0118
2026-05-22 11:39:59 [INFO] Epoch 69/100 [FULL PHYSICS] ramp=1.000 lr=2.40e-05
2026-05-22 11:40:05 [INFO] Step 5/54 Loss=2.9143 mse=0.0728 v_opt=0.00625 v_mand=0.00085 ptv=0.0782 ptv_max=0.00006 ring=0.00000 smooth=0.0086 laplacian=0.0229 beam=0.01485 homogeneity=0.0029 body=0.00000 bowel=0.00000 femur=0.00000
2026-05-22 11:40:09 [INFO] Step 10/54 Loss=3.0140 mse=0.0811 v_opt=0.00706 v_mand=0.00020 ptv=0.0726 ptv_max=0.00009 ring=0.00000 smooth=0.0107 laplacian=0.0300 beam=0.00098 homogeneity=0.0033 body=0.00000 bowel=0.00000 femur=0.00000
2026-05-22 11:40:11 [INFO] Step 15/54 Loss=2.8689 mse=0.0724 v_opt=0.00122 v_mand=0.00000 ptv=0.0754 ptv_max=0.00006 ring=0.00000 smooth=0.0101 laplacian=0.0260 beam=0.02066 homogeneity=0.0028 body=0.00000 bowel=0.00000 femur=0.00000
2026-05-22 11:40:14 [INFO] Step 20/54 Loss=3.1420 mse=0.0868 v_opt=0.00093 v_mand=0.00000 ptv=0.0738 ptv_max=0.00005 ring=0.00000 smooth=0.0084 laplacian=0.0232 beam=0.00941 homogeneity=0.0029 body=0.00000 bowel=0.00000 femur=0.00000
2026-05-22 11:40:20 [INFO] Step 25/54 Loss=2.9942 mse=0.0669 v_opt=0.00378 v_mand=0.00000 ptv=0.1016 ptv_max=0.00000 ring=0.00000 smooth=0.0092 laplacian=0.0247 beam=0.01502 homogeneity=0.0045 body=0.00000 bowel=0.00000 femur=0.00000
2026-05-22 11:40:22 [INFO] Step 30/54 Loss=1.5820 mse=0.0511 v_opt=0.00000 v_mand=0.00000 ptv=0.0000 ptv_max=0.00000 ring=0.00000 smooth=0.0054 laplacian=0.0140 beam=0.04595 homogeneity=0.0000 body=0.00000 bowel=0.00000 femur=0.00000
2026-05-22 11:40:25 [INFO] Step 35/54 Loss=2.5373 mse=0.0581 v_opt=0.00898 v_mand=0.00001 ptv=0.0889 ptv_max=0.00000 ring=0.00000 smooth=0.0076 laplacian=0.0202 beam=0.00017 homogeneity=0.0034 body=0.00000 bowel=0.00000 femur=0.00000
2026-05-22 11:40:28 [INFO] Step 40/54 Loss=3.8085 mse=0.1061 v_opt=0.00127 v_mand=0.00000 ptv=0.0748 ptv_max=0.00021 ring=0.00002 smooth=0.0094 laplacian=0.0266 beam=0.01619 homogeneity=0.0074 body=0.00000 bowel=0.00161 femur=0.00000
2026-05-22 11:40:34 [INFO] Step 45/54 Loss=3.0373 mse=0.0795 v_opt=0.00049 v_mand=0.00000 ptv=0.0721 ptv_max=0.00005 ring=0.00000 smooth=0.0104 laplacian=0.0276 beam=0.02379 homogeneity=0.0029 body=0.00000 bowel=0.00000 femur=0.00000
2026-05-22 11:40:37 [INFO] Step 50/54 Loss=3.2568 mse=0.0847 v_opt=0.00202 v_mand=0.00000 ptv=0.0682 ptv_max=0.00008 ring=0.00000 smooth=0.0107 laplacian=0.0285 beam=0.04644 homogeneity=0.0032 body=0.00000 bowel=0.00000 femur=0.00000
2026-05-22 11:40:39 [INFO] Step 54/54 Loss=2.7665 mse=0.0751 v_opt=0.00821 v_mand=0.00000 ptv=0.0630 ptv_max=0.00011 ring=0.00000 smooth=0.0088 laplacian=0.0241 beam=0.00956 homogeneity=0.0030 body=0.00000 bowel=0.00000 femur=0.00000
2026-05-22 11:40:39 [INFO] Running validation at epoch 69...
2026-05-22 11:41:09 [INFO] Epoch 69 Summary: Train=3.1228 Val=0.0116 (MSE=0.0116)
          Metrics: PTV_D95=54.68Gy Bladder=26.68Gy Rectum=30.50Gy
          Metrics: Ring=43.12Gy Dmax=100.54Gy BG=26.07Gy
2026-05-22 11:41:09 [INFO] [PHYSICS] Saved best model val_loss=0.0116
2026-05-22 11:41:09 [INFO] Epoch 70/100 [FULL PHYSICS] ramp=1.000 lr=2.27e-05
2026-05-22 11:41:15 [INFO] Step 5/54 Loss=3.1315 mse=0.0818 v_opt=0.00032 v_mand=0.00000 ptv=0.0736 ptv_max=0.00004 ring=0.00000 smooth=0.0091 laplacian=0.0243 beam=0.03090 homogeneity=0.0031 body=0.00000 bowel=0.00000 femur=0.00000
2026-05-22 11:41:18 [INFO] Step 10/54 Loss=2.6456 mse=0.0725 v_opt=0.02354 v_mand=0.00046 ptv=0.0535 ptv_max=0.00014 ring=0.00001 smooth=0.0106 laplacian=0.0295 beam=0.00101 homogeneity=0.0029 body=0.00000 bowel=0.00000 femur=0.00000
2026-05-22 11:41:21 [INFO] Step 15/54 Loss=3.2254 mse=0.0864 v_opt=0.00558 v_mand=0.00000 ptv=0.0643 ptv_max=0.00006 ring=0.00000 smooth=0.0098 laplacian=0.0268 beam=0.04299 homogeneity=0.0025 body=0.00000 bowel=0.00000 femur=0.00000
2026-05-22 11:41:24 [INFO] Step 20/54 Loss=2.7098 mse=0.0711 v_opt=0.00001 v_mand=0.00000 ptv=0.0673 ptv_max=0.00006 ring=0.00000 smooth=0.0077 laplacian=0.0216 beam=0.01566 homogeneity=0.0031 body=0.00000 bowel=0.00000 femur=0.00000
2026-05-22 11:41:29 [INFO] Step 25/54 Loss=3.3304 mse=0.0863 v_opt=0.00092 v_mand=0.00000 ptv=0.0710 ptv_max=0.00009 ring=0.00000 smooth=0.0101 laplacian=0.0270 beam=0.04311 homogeneity=0.0048 body=0.00000 bowel=0.00000 femur=0.00000
2026-05-22 11:41:32 [INFO] Step 30/54 Loss=3.2575 mse=0.0614 v_opt=0.00067 v_mand=0.00000 ptv=0.1290 ptv_max=0.00003 ring=0.00000 smooth=0.0085 laplacian=0.0209 beam=0.01158 homogeneity=0.0112 body=0.00000 bowel=0.00234 femur=0.00000
2026-05-22 11:41:35 [INFO] Step 35/54 Loss=4.1155 mse=0.1094 v_opt=0.00176 v_mand=0.00000 ptv=0.0829 ptv_max=0.00001 ring=0.00000 smooth=0.0097 laplacian=0.0263 beam=0.07088 homogeneity=0.0026 body=0.00000 bowel=0.00000 femur=0.00000
2026-05-22 11:41:38 [INFO] Step 40/54 Loss=2.3248 mse=0.0560 v_opt=0.00187 v_mand=0.00002 ptv=0.0734 ptv_max=0.00003 ring=0.00001 smooth=0.0081 laplacian=0.0227 beam=0.00243 homogeneity=0.0025 body=0.00000 bowel=0.00000 femur=0.00000
2026-05-22 11:41:44 [INFO] Step 45/54 Loss=2.7384 mse=0.0648 v_opt=0.01902 v_mand=0.00060 ptv=0.0750 ptv_max=0.00003 ring=0.00000 smooth=0.0094 laplacian=0.0255 beam=0.02035 homogeneity=0.0030 body=0.00000 bowel=0.00000 femur=0.00000
2026-05-22 11:41:47 [INFO] Step 50/54 Loss=3.2963 mse=0.0949 v_opt=0.00365 v_mand=0.00000 ptv=0.0623 ptv_max=0.00014 ring=0.00000 smooth=0.0082 laplacian=0.0238 beam=0.02065 homogeneity=0.0028 body=0.00000 bowel=0.00000 femur=0.00000
2026-05-22 11:41:49 [INFO] Step 54/54 Loss=5.4202 mse=0.1864 v_opt=0.00373 v_mand=0.00165 ptv=0.0217 ptv_max=0.00146 ring=0.00001 smooth=0.0167 laplacian=0.0459 beam=0.00204 homogeneity=0.0062 body=0.00000 bowel=0.00000 femur=0.00000
2026-05-22 11:41:49 [INFO] Running validation at epoch 70...
2026-05-22 11:42:18 [INFO] Epoch 70 Summary: Train=3.6874 Val=0.0115 (MSE=0.0115)
          Metrics: PTV_D95=53.68Gy Bladder=26.98Gy Rectum=28.72Gy
          Metrics: Ring=41.93Gy Dmax=100.47Gy BG=25.96Gy
2026-05-22 11:42:18 [INFO] [PHYSICS] Saved best model val_loss=0.0115
2026-05-22 11:42:18 [INFO] Epoch 71/100 [FULL PHYSICS] ramp=1.000 lr=2.14e-05
2026-05-22 11:42:24 [INFO] Step 5/54 Loss=4.1463 mse=0.1149 v_opt=0.00747 v_mand=0.00020 ptv=0.0744 ptv_max=0.00007 ring=0.00000 smooth=0.0105 laplacian=0.0301 beam=0.05703 homogeneity=0.0028 body=0.00000 bowel=0.00000 femur=0.00000
2026-05-22 11:42:27 [INFO] Step 10/54 Loss=2.9398 mse=0.0804 v_opt=0.00154 v_mand=0.00000 ptv=0.0630 ptv_max=0.00010 ring=0.00000 smooth=0.0096 laplacian=0.0261 beam=0.02078 homogeneity=0.0024 body=0.00000 bowel=0.00000 femur=0.00000
2026-05-22 11:42:30 [INFO] Step 15/54 Loss=2.8480 mse=0.0727 v_opt=0.00157 v_mand=0.00000 ptv=0.0812 ptv_max=0.00002 ring=0.00000 smooth=0.0099 laplacian=0.0265 beam=0.00295 homogeneity=0.0029 body=0.00000 bowel=0.00000 femur=0.00000
2026-05-22 11:42:33 [INFO] Step 20/54 Loss=3.4398 mse=0.1013 v_opt=0.00004 v_mand=0.00000 ptv=0.0262 ptv_max=0.00059 ring=0.00000 smooth=0.0099 laplacian=0.0275 beam=0.07748 homogeneity=0.0041 body=0.00000 bowel=0.00000 femur=0.00000
2026-05-22 11:42:38 [INFO] Step 25/54 Loss=2.4811 mse=0.0606 v_opt=0.00224 v_mand=0.00004 ptv=0.0752 ptv_max=0.00005 ring=0.00000 smooth=0.0085 laplacian=0.0234 beam=0.00231 homogeneity=0.0034 body=0.00000 bowel=0.00000 femur=0.00000
2026-05-22 11:42:42 [INFO] Step 30/54 Loss=3.1893 mse=0.0884 v_opt=0.00042 v_mand=0.00000 ptv=0.0751 ptv_max=0.00006 ring=0.00000 smooth=0.0103 laplacian=0.0286 beam=0.00249 homogeneity=0.0030 body=0.00000 bowel=0.00000 femur=0.00000
2026-05-22 11:42:45 [INFO] Step 35/54 Loss=4.1838 mse=0.1427 v_opt=0.00270 v_mand=0.00057 ptv=0.0292 ptv_max=0.00047 ring=0.00000 smooth=0.0084 laplacian=0.0234 beam=0.01357 homogeneity=0.0037 body=0.00000 bowel=0.00000 femur=0.00000
2026-05-22 11:42:48 [INFO] Step 40/54 Loss=2.8172 mse=0.0768 v_opt=0.00361 v_mand=0.00063 ptv=0.0644 ptv_max=0.00013 ring=0.00000 smooth=0.0094 laplacian=0.0257 beam=0.00276 homogeneity=0.0029 body=0.00000 bowel=0.00000 femur=0.00000
2026-05-22 11:42:53 [INFO] Step 45/54 Loss=3.8632 mse=0.1024 v_opt=0.00253 v_mand=0.00000 ptv=0.0767 ptv_max=0.00015 ring=0.00000 smooth=0.0123 laplacian=0.0315 beam=0.05086 homogeneity=0.0050 body=0.00000 bowel=0.00000 femur=0.00000
2026-05-22 11:42:56 [INFO] Step 50/54 Loss=2.6990 mse=0.0767 v_opt=0.00418 v_mand=0.00000 ptv=0.0562 ptv_max=0.00012 ring=0.00000 smooth=0.0092 laplacian=0.0256 beam=0.00284 homogeneity=0.0026 body=0.00000 bowel=0.00000 femur=0.00000
2026-05-22 11:42:58 [INFO] Step 54/54 Loss=3.2187 mse=0.0714 v_opt=0.00144 v_mand=0.00000 ptv=0.1110 ptv_max=0.00001 ring=0.00000 smooth=0.0086 laplacian=0.0229 beam=0.02017 homogeneity=0.0048 body=0.00000 bowel=0.00000 femur=0.00000
2026-05-22 11:42:58 [INFO] Running validation at epoch 71...
2026-05-22 11:43:27 [INFO] Epoch 71 Summary: Train=3.2865 Val=0.0114 (MSE=0.0114)
          Metrics: PTV_D95=54.04Gy Bladder=26.26Gy Rectum=30.15Gy
          Metrics: Ring=42.31Gy Dmax=101.34Gy BG=25.84Gy
2026-05-22 11:43:27 [INFO] [PHYSICS] Saved best model val_loss=0.0114
2026-05-22 11:43:27 [INFO] Epoch 72/100 [FULL PHYSICS] ramp=1.000 lr=2.02e-05
2026-05-22 11:43:33 [INFO] Step 5/54 Loss=2.7045 mse=0.0640 v_opt=0.00145 v_mand=0.00000 ptv=0.0726 ptv_max=0.00004 ring=0.00000 smooth=0.0112 laplacian=0.0283 beam=0.03245 homogeneity=0.0029 body=0.00000 bowel=0.00000 femur=0.00000
2026-05-22 11:43:37 [INFO] Step 10/54 Loss=4.0048 mse=0.1167 v_opt=0.00131 v_mand=0.00000 ptv=0.0595 ptv_max=0.00036 ring=0.00000 smooth=0.0106 laplacian=0.0296 beam=0.04203 homogeneity=0.0051 body=0.00000 bowel=0.00000 femur=0.00000
2026-05-22 11:43:39 [INFO] Step 15/54 Loss=2.8185 mse=0.0674 v_opt=0.00000 v_mand=0.00000 ptv=0.0950 ptv_max=0.00001 ring=0.00000 smooth=0.0079 laplacian=0.0210 beam=0.00042 homogeneity=0.0033 body=0.00000 bowel=0.00000 femur=0.00000
2026-05-22 11:43:42 [INFO] Step 20/54 Loss=3.6322 mse=0.0824 v_opt=0.00600 v_mand=0.00000 ptv=0.1103 ptv_max=0.00009 ring=0.00000 smooth=0.0125 laplacian=0.0320 beam=0.03151 homogeneity=0.0061 body=0.00000 bowel=0.00000 femur=0.00000
2026-05-22 11:43:48 [INFO] Step 25/54 Loss=3.3115 mse=0.0908 v_opt=0.02001 v_mand=0.00002 ptv=0.0621 ptv_max=0.00012 ring=0.00000 smooth=0.0104 laplacian=0.0269 beam=0.03251 homogeneity=0.0033 body=0.00000 bowel=0.00000 femur=0.00000
2026-05-22 11:43:51 [INFO] Step 30/54 Loss=3.7498 mse=0.1064 v_opt=0.00172 v_mand=0.00008 ptv=0.0132 ptv_max=0.00315 ring=0.00001 smooth=0.0129 laplacian=0.0369 beam=0.07960 homogeneity=0.0099 body=0.00000 bowel=0.00000 femur=0.00000
2026-05-22 11:43:54 [INFO] Step 35/54 Loss=2.4423 mse=0.0589 v_opt=0.01438 v_mand=0.00062 ptv=0.0734 ptv_max=0.00004 ring=0.00000 smooth=0.0074 laplacian=0.0201 beam=0.00196 homogeneity=0.0028 body=0.00000 bowel=0.00000 femur=0.00000
2026-05-22 11:43:57 [INFO] Step 40/54 Loss=1.5672 mse=0.0197 v_opt=0.01073 v_mand=0.00024 ptv=0.0821 ptv_max=0.00016 ring=0.00000 smooth=0.0057 laplacian=0.0155 beam=0.00406 homogeneity=0.0054 body=0.00000 bowel=0.00000 femur=0.00000
2026-05-22 11:44:02 [INFO] Step 45/54 Loss=2.3499 mse=0.0573 v_opt=0.01118 v_mand=0.00128 ptv=0.0641 ptv_max=0.00010 ring=0.00000 smooth=0.0082 laplacian=0.0221 beam=0.00033 homogeneity=0.0033 body=0.00000 bowel=0.00000 femur=0.00000
2026-05-22 11:44:05 [INFO] Step 50/54 Loss=2.7993 mse=0.0732 v_opt=0.00592 v_mand=0.00000 ptv=0.0737 ptv_max=0.00006 ring=0.00000 smooth=0.0068 laplacian=0.0184 beam=0.01148 homogeneity=0.0031 body=0.00000 bowel=0.00000 femur=0.00000
2026-05-22 11:44:07 [INFO] Step 54/54 Loss=3.6503 mse=0.0930 v_opt=0.03021 v_mand=0.00298 ptv=0.0773 ptv_max=0.00006 ring=0.00000 smooth=0.0124 laplacian=0.0318 beam=0.01550 homogeneity=0.0045 body=0.00000 bowel=0.00000 femur=0.00000
2026-05-22 11:44:08 [INFO] Running validation at epoch 72...
2026-05-22 11:44:37 [INFO] Epoch 72 Summary: Train=3.7833 Val=0.0112 (MSE=0.0112)
          Metrics: PTV_D95=54.98Gy Bladder=28.00Gy Rectum=29.94Gy
          Metrics: Ring=43.69Gy Dmax=98.87Gy BG=25.71Gy
2026-05-22 11:44:37 [INFO] [PHYSICS] Saved best model val_loss=0.0112
2026-05-22 11:44:37 [INFO] Epoch 73/100 [FULL PHYSICS] ramp=1.000 lr=1.89e-05
2026-05-22 11:44:43 [INFO] Step 5/54 Loss=2.8325 mse=0.0750 v_opt=0.01119 v_mand=0.00000 ptv=0.0751 ptv_max=0.00003 ring=0.00000 smooth=0.0091 laplacian=0.0249 beam=0.00027 homogeneity=0.0025 body=0.00000 bowel=0.00000 femur=0.00000
2026-05-22 11:44:46 [INFO] Step 10/54 Loss=2.6830 mse=0.0669 v_opt=0.00321 v_mand=0.00000 ptv=0.0779 ptv_max=0.00005 ring=0.00000 smooth=0.0085 laplacian=0.0225 beam=0.00656 homogeneity=0.0034 body=0.00000 bowel=0.00000 femur=0.00000
2026-05-22 11:44:49 [INFO] Step 15/54 Loss=2.5521 mse=0.0667 v_opt=0.00793 v_mand=0.00017 ptv=0.0651 ptv_max=0.00007 ring=0.00000 smooth=0.0084 laplacian=0.0228 beam=0.00567 homogeneity=0.0027 body=0.00000 bowel=0.00000 femur=0.00000
2026-05-22 11:44:52 [INFO] Step 20/54 Loss=2.8579 mse=0.0650 v_opt=0.00000 v_mand=0.00000 ptv=0.1023 ptv_max=0.00001 ring=0.00000 smooth=0.0087 laplacian=0.0234 beam=0.00194 homogeneity=0.0037 body=0.00000 bowel=0.00000 femur=0.00000
2026-05-22 11:44:58 [INFO] Step 25/54 Loss=3.1578 mse=0.0724 v_opt=0.00895 v_mand=0.00050 ptv=0.0844 ptv_max=0.00007 ring=0.00001 smooth=0.0086 laplacian=0.0228 beam=0.04570 homogeneity=0.0053 body=0.00000 bowel=0.00000 femur=0.00000
2026-05-22 11:45:00 [INFO] Step 30/54 Loss=1.9271 mse=0.0619 v_opt=0.00000 v_mand=0.00000 ptv=0.0000 ptv_max=0.00000 ring=0.00000 smooth=0.0051 laplacian=0.0138 beam=0.06135 homogeneity=0.0000 body=0.00000 bowel=0.00000 femur=0.00000
2026-05-22 11:45:03 [INFO] Step 35/54 Loss=2.6812 mse=0.0648 v_opt=0.00003 v_mand=0.00000 ptv=0.0678 ptv_max=0.00007 ring=0.00002 smooth=0.0089 laplacian=0.0245 beam=0.03656 homogeneity=0.0033 body=0.00000 bowel=0.00000 femur=0.00000
2026-05-22 11:45:06 [INFO] Step 40/54 Loss=2.7210 mse=0.0696 v_opt=0.00788 v_mand=0.00000 ptv=0.0694 ptv_max=0.00003 ring=0.00000 smooth=0.0086 laplacian=0.0229 beam=0.01854 homogeneity=0.0027 body=0.00000 bowel=0.00000 femur=0.00000
2026-05-22 11:45:11 [INFO] Step 45/54 Loss=2.5985 mse=0.0621 v_opt=0.02278 v_mand=0.00181 ptv=0.0628 ptv_max=0.00009 ring=0.00000 smooth=0.0066 laplacian=0.0179 beam=0.00273 homogeneity=0.0032 body=0.00000 bowel=0.00693 femur=0.00000
2026-05-22 11:45:14 [INFO] Step 50/54 Loss=1.4336 mse=0.0202 v_opt=0.00018 v_mand=0.00000 ptv=0.0740 ptv_max=0.00009 ring=0.00000 smooth=0.0059 laplacian=0.0158 beam=0.00273 homogeneity=0.0042 body=0.00000 bowel=0.00000 femur=0.00000
2026-05-22 11:45:16 [INFO] Step 54/54 Loss=2.5586 mse=0.0721 v_opt=0.00000 v_mand=0.00000 ptv=0.0209 ptv_max=0.00110 ring=0.00000 smooth=0.0074 laplacian=0.0212 beam=0.05374 homogeneity=0.0055 body=0.00000 bowel=0.00000 femur=0.00000
2026-05-22 11:45:17 [INFO] Running validation at epoch 73...
2026-05-22 11:45:46 [INFO] Epoch 73 Summary: Train=3.1929 Val=0.0111 (MSE=0.0111)
          Metrics: PTV_D95=54.72Gy Bladder=25.61Gy Rectum=28.29Gy
          Metrics: Ring=42.44Gy Dmax=102.08Gy BG=25.50Gy
2026-05-22 11:45:46 [INFO] [PHYSICS] Saved best model val_loss=0.0111
2026-05-22 11:45:46 [INFO] Epoch 74/100 [FULL PHYSICS] ramp=1.000 lr=1.78e-05
2026-05-22 11:45:52 [INFO] Step 5/54 Loss=2.7450 mse=0.0676 v_opt=0.00000 v_mand=0.00000 ptv=0.0731 ptv_max=0.00011 ring=0.00000 smooth=0.0082 laplacian=0.0227 beam=0.01428 homogeneity=0.0063 body=0.00000 bowel=0.00000 femur=0.00000
2026-05-22 11:45:55 [INFO] Step 10/54 Loss=2.7447 mse=0.0698 v_opt=0.00073 v_mand=0.00000 ptv=0.0645 ptv_max=0.00016 ring=0.00000 smooth=0.0099 laplacian=0.0256 beam=0.02510 homogeneity=0.0041 body=0.00000 bowel=0.00000 femur=0.00000
2026-05-22 11:45:58 [INFO] Step 15/54 Loss=1.6978 mse=0.0279 v_opt=0.00718 v_mand=0.00000 ptv=0.0717 ptv_max=0.00010 ring=0.00000 smooth=0.0051 laplacian=0.0138 beam=0.00397 homogeneity=0.0042 body=0.00000 bowel=0.00563 femur=0.00000
2026-05-22 11:46:01 [INFO] Step 20/54 Loss=2.9761 mse=0.0842 v_opt=0.00247 v_mand=0.00000 ptv=0.0647 ptv_max=0.00005 ring=0.00000 smooth=0.0103 laplacian=0.0285 beam=0.00286 homogeneity=0.0025 body=0.00000 bowel=0.00000 femur=0.00000
2026-05-22 11:46:07 [INFO] Step 25/54 Loss=3.0906 mse=0.0820 v_opt=0.00243 v_mand=0.00001 ptv=0.0796 ptv_max=0.00003 ring=0.00000 smooth=0.0102 laplacian=0.0275 beam=0.00851 homogeneity=0.0024 body=0.00000 bowel=0.00000 femur=0.00000
2026-05-22 11:46:10 [INFO] Step 30/54 Loss=2.7292 mse=0.0734 v_opt=0.01637 v_mand=0.00034 ptv=0.0640 ptv_max=0.00011 ring=0.00000 smooth=0.0076 laplacian=0.0213 beam=0.00580 homogeneity=0.0028 body=0.00000 bowel=0.00000 femur=0.00000
2026-05-22 11:46:13 [INFO] Step 35/54 Loss=3.0070 mse=0.0782 v_opt=0.02301 v_mand=0.00203 ptv=0.0581 ptv_max=0.00029 ring=0.00000 smooth=0.0087 laplacian=0.0234 beam=0.01870 homogeneity=0.0045 body=0.00000 bowel=0.00006 femur=0.00000
2026-05-22 11:46:15 [INFO] Step 40/54 Loss=4.1429 mse=0.1203 v_opt=0.00000 v_mand=0.00000 ptv=0.0367 ptv_max=0.00066 ring=0.00001 smooth=0.0143 laplacian=0.0440 beam=0.08506 homogeneity=0.0038 body=0.00000 bowel=0.00000 femur=0.00000
2026-05-22 11:46:21 [INFO] Step 45/54 Loss=3.7218 mse=0.0646 v_opt=0.00059 v_mand=0.00002 ptv=0.1579 ptv_max=0.00002 ring=0.00000 smooth=0.0138 laplacian=0.0355 beam=0.00737 homogeneity=0.0148 body=0.00000 bowel=0.00000 femur=0.00000
2026-05-22 11:46:24 [INFO] Step 50/54 Loss=2.7724 mse=0.0738 v_opt=0.00007 v_mand=0.00000 ptv=0.0687 ptv_max=0.00014 ring=0.00001 smooth=0.0087 laplacian=0.0242 beam=0.00765 homogeneity=0.0033 body=0.00000 bowel=0.00000 femur=0.00000
2026-05-22 11:46:26 [INFO] Step 54/54 Loss=3.0341 mse=0.0835 v_opt=0.00221 v_mand=0.00040 ptv=0.0656 ptv_max=0.00020 ring=0.00001 smooth=0.0087 laplacian=0.0234 beam=0.00876 homogeneity=0.0043 body=0.00000 bowel=0.00000 femur=0.00000
2026-05-22 11:46:26 [INFO] Running validation at epoch 74...
2026-05-22 11:46:55 [INFO] Epoch 74 Summary: Train=3.4501 Val=0.0110 (MSE=0.0110)
          Metrics: PTV_D95=54.08Gy Bladder=25.63Gy Rectum=29.29Gy
          Metrics: Ring=41.81Gy Dmax=100.64Gy BG=25.37Gy
2026-05-22 11:46:55 [INFO] [PHYSICS] Saved best model val_loss=0.0110
2026-05-22 11:46:55 [INFO] Epoch 75/100 [FULL PHYSICS] ramp=1.000 lr=1.66e-05
2026-05-22 11:47:01 [INFO] Step 5/54 Loss=5.0879 mse=0.1513 v_opt=0.00000 v_mand=0.00000 ptv=0.0287 ptv_max=0.00159 ring=0.00000 smooth=0.0187 laplacian=0.0596 beam=0.10024 homogeneity=0.0060 body=0.00000 bowel=0.00000 femur=0.00000
2026-05-22 11:47:04 [INFO] Step 10/54 Loss=2.3710 mse=0.0517 v_opt=0.03406 v_mand=0.00109 ptv=0.0777 ptv_max=0.00003 ring=0.00000 smooth=0.0072 laplacian=0.0191 beam=0.00042 homogeneity=0.0036 body=0.00000 bowel=0.00000 femur=0.00000
2026-05-22 11:47:07 [INFO] Step 15/54 Loss=3.0778 mse=0.0790 v_opt=0.01197 v_mand=0.00015 ptv=0.0692 ptv_max=0.00021 ring=0.00000 smooth=0.0101 laplacian=0.0266 beam=0.02823 homogeneity=0.0043 body=0.00000 bowel=0.00000 femur=0.00000
2026-05-22 11:47:11 [INFO] Step 20/54 Loss=4.7154 mse=0.0879 v_opt=0.07892 v_mand=0.02579 ptv=0.0697 ptv_max=0.00011 ring=0.00000 smooth=0.0087 laplacian=0.0240 beam=0.03370 homogeneity=0.0035 body=0.00000 bowel=0.00000 femur=0.00000
2026-05-22 11:47:15 [INFO] Step 25/54 Loss=2.5350 mse=0.0605 v_opt=0.00192 v_mand=0.00000 ptv=0.0819 ptv_max=0.00002 ring=0.00000 smooth=0.0079 laplacian=0.0213 beam=0.00473 homogeneity=0.0030 body=0.00000 bowel=0.00000 femur=0.00000
2026-05-22 11:47:19 [INFO] Step 30/54 Loss=3.0039 mse=0.0765 v_opt=0.00187 v_mand=0.00000 ptv=0.0869 ptv_max=0.00001 ring=0.00000 smooth=0.0098 laplacian=0.0258 beam=0.00076 homogeneity=0.0038 body=0.00000 bowel=0.00000 femur=0.00000
2026-05-22 11:47:21 [INFO] Step 35/54 Loss=3.0826 mse=0.0797 v_opt=0.00292 v_mand=0.00000 ptv=0.0643 ptv_max=0.00011 ring=0.00000 smooth=0.0106 laplacian=0.0272 beam=0.04563 homogeneity=0.0031 body=0.00000 bowel=0.00000 femur=0.00000
2026-05-22 11:47:24 [INFO] Step 40/54 Loss=2.5613 mse=0.0691 v_opt=0.00725 v_mand=0.00062 ptv=0.0572 ptv_max=0.00010 ring=0.00000 smooth=0.0096 laplacian=0.0260 beam=0.00355 homogeneity=0.0027 body=0.00000 bowel=0.00000 femur=0.00000
2026-05-22 11:47:29 [INFO] Step 45/54 Loss=2.7827 mse=0.0736 v_opt=0.00259 v_mand=0.00000 ptv=0.0715 ptv_max=0.00005 ring=0.00000 smooth=0.0070 laplacian=0.0195 beam=0.01134 homogeneity=0.0029 body=0.00000 bowel=0.00000 femur=0.00000
2026-05-22 11:47:32 [INFO] Step 50/54 Loss=3.4833 mse=0.1031 v_opt=0.00082 v_mand=0.00000 ptv=0.0247 ptv_max=0.00092 ring=0.00000 smooth=0.0120 laplacian=0.0337 beam=0.06617 homogeneity=0.0050 body=0.00000 bowel=0.00000 femur=0.00000
2026-05-22 11:47:34 [INFO] Step 54/54 Loss=2.6864 mse=0.0642 v_opt=0.00477 v_mand=0.00000 ptv=0.0831 ptv_max=0.00003 ring=0.00000 smooth=0.0084 laplacian=0.0215 beam=0.00671 homogeneity=0.0044 body=0.00000 bowel=0.00000 femur=0.00000
2026-05-22 11:47:34 [INFO] Running validation at epoch 75...
2026-05-22 11:48:04 [INFO] Epoch 75 Summary: Train=2.9943 Val=0.0110 (MSE=0.0110)
          Metrics: PTV_D95=54.58Gy Bladder=25.54Gy Rectum=29.93Gy
          Metrics: Ring=42.44Gy Dmax=101.06Gy BG=25.38Gy
2026-05-22 11:48:04 [INFO] Epoch 76/100 [FULL PHYSICS] ramp=1.000 lr=1.55e-05
2026-05-22 11:48:09 [INFO] Step 5/54 Loss=2.4777 mse=0.0634 v_opt=0.00263 v_mand=0.00025 ptv=0.0597 ptv_max=0.00014 ring=0.00000 smooth=0.0079 laplacian=0.0213 beam=0.01856 homogeneity=0.0032 body=0.00000 bowel=0.00000 femur=0.00000
2026-05-22 11:48:12 [INFO] Step 10/54 Loss=2.4166 mse=0.0560 v_opt=0.00229 v_mand=0.00000 ptv=0.0787 ptv_max=0.00003 ring=0.00000 smooth=0.0086 laplacian=0.0231 beam=0.00639 homogeneity=0.0034 body=0.00000 bowel=0.00000 femur=0.00000
2026-05-22 11:48:16 [INFO] Step 15/54 Loss=2.5601 mse=0.0677 v_opt=0.00659 v_mand=0.00000 ptv=0.0643 ptv_max=0.00012 ring=0.00003 smooth=0.0082 laplacian=0.0228 beam=0.00226 homogeneity=0.0036 body=0.00000 bowel=0.00000 femur=0.00000
2026-05-22 11:48:19 [INFO] Step 20/54 Loss=2.2884 mse=0.0522 v_opt=0.01239 v_mand=0.00000 ptv=0.0775 ptv_max=0.00003 ring=0.00000 smooth=0.0068 laplacian=0.0182 beam=0.00467 homogeneity=0.0030 body=0.00000 bowel=0.00000 femur=0.00000
2026-05-22 11:48:23 [INFO] Step 25/54 Loss=2.8171 mse=0.0710 v_opt=0.00708 v_mand=0.00000 ptv=0.0748 ptv_max=0.00005 ring=0.00000 smooth=0.0076 laplacian=0.0203 beam=0.02431 homogeneity=0.0023 body=0.00000 bowel=0.00000 femur=0.00000
2026-05-22 11:48:27 [INFO] Step 30/54 Loss=2.8952 mse=0.0811 v_opt=0.00019 v_mand=0.00000 ptv=0.0655 ptv_max=0.00007 ring=0.00000 smooth=0.0087 laplacian=0.0242 beam=0.00613 homogeneity=0.0024 body=0.00000 bowel=0.00000 femur=0.00000
2026-05-22 11:48:30 [INFO] Step 35/54 Loss=4.6528 mse=0.1389 v_opt=0.00000 v_mand=0.00000 ptv=0.0244 ptv_max=0.00150 ring=0.00001 smooth=0.0141 laplacian=0.0436 beam=0.10171 homogeneity=0.0060 body=0.00000 bowel=0.00000 femur=0.00000
2026-05-22 11:48:33 [INFO] Step 40/54 Loss=2.9571 mse=0.0693 v_opt=0.00001 v_mand=0.00000 ptv=0.0919 ptv_max=0.00001 ring=0.00000 smooth=0.0126 laplacian=0.0312 beam=0.01211 homogeneity=0.0038 body=0.00000 bowel=0.00000 femur=0.00000
2026-05-22 11:48:37 [INFO] Step 45/54 Loss=2.4615 mse=0.0456 v_opt=0.00985 v_mand=0.00000 ptv=0.0959 ptv_max=0.00008 ring=0.00000 smooth=0.0084 laplacian=0.0222 beam=0.01453 homogeneity=0.0073 body=0.00000 bowel=0.00000 femur=0.00000
2026-05-22 11:48:41 [INFO] Step 50/54 Loss=2.7465 mse=0.0749 v_opt=0.01374 v_mand=0.00024 ptv=0.0649 ptv_max=0.00006 ring=0.00000 smooth=0.0078 laplacian=0.0214 beam=0.00482 homogeneity=0.0021 body=0.00000 bowel=0.00000 femur=0.00000
2026-05-22 11:48:43 [INFO] Step 54/54 Loss=3.9707 mse=0.1359 v_opt=0.00265 v_mand=0.00093 ptv=0.0201 ptv_max=0.00115 ring=0.00000 smooth=0.0081 laplacian=0.0231 beam=0.00514 homogeneity=0.0057 body=0.00000 bowel=0.00000 femur=0.00000
2026-05-22 11:48:43 [INFO] Running validation at epoch 76...
2026-05-22 11:49:13 [INFO] Epoch 76 Summary: Train=2.8754 Val=0.0108 (MSE=0.0108)
          Metrics: PTV_D95=55.79Gy Bladder=26.96Gy Rectum=29.72Gy
          Metrics: Ring=43.89Gy Dmax=100.73Gy BG=25.28Gy
2026-05-22 11:49:13 [INFO] [PHYSICS] Saved best model val_loss=0.0108
2026-05-22 11:49:13 [INFO] [CLINICAL] Saved best model Score=49.542 PTV_D95=55.79Gy Bladder=26.96Gy Rectum=29.72Gy
2026-05-22 11:49:13 [INFO] Epoch 77/100 [FULL PHYSICS] ramp=1.000 lr=1.44e-05
2026-05-22 11:49:19 [INFO] Step 5/54 Loss=4.1701 mse=0.1364 v_opt=0.00262 v_mand=0.00073 ptv=0.0194 ptv_max=0.00094 ring=0.00000 smooth=0.0107 laplacian=0.0283 beam=0.04353 homogeneity=0.0053 body=0.00000 bowel=0.00000 femur=0.00000
2026-05-22 11:49:22 [INFO] Step 10/54 Loss=3.1348 mse=0.0894 v_opt=0.00123 v_mand=0.00000 ptv=0.0642 ptv_max=0.00007 ring=0.00000 smooth=0.0078 laplacian=0.0218 beam=0.01757 homogeneity=0.0024 body=0.00000 bowel=0.00000 femur=0.00000
2026-05-22 11:49:25 [INFO] Step 15/54 Loss=2.7715 mse=0.0766 v_opt=0.00446 v_mand=0.00019 ptv=0.0462 ptv_max=0.00048 ring=0.00002 smooth=0.0081 laplacian=0.0218 beam=0.02957 homogeneity=0.0043 body=0.00000 bowel=0.00000 femur=0.00000
2026-05-22 11:49:28 [INFO] Step 20/54 Loss=2.9247 mse=0.0823 v_opt=0.00969 v_mand=0.00032 ptv=0.0617 ptv_max=0.00009 ring=0.00000 smooth=0.0113 laplacian=0.0292 beam=0.00012 homogeneity=0.0027 body=0.00000 bowel=0.00000 femur=0.00000
2026-05-22 11:49:33 [INFO] Step 25/54 Loss=2.8567 mse=0.0755 v_opt=0.00113 v_mand=0.00000 ptv=0.0774 ptv_max=0.00003 ring=0.00000 smooth=0.0088 laplacian=0.0238 beam=0.00074 homogeneity=0.0030 body=0.00000 bowel=0.00000 femur=0.00000
2026-05-22 11:49:35 [INFO] Step 30/54 Loss=2.2677 mse=0.0569 v_opt=0.00029 v_mand=0.00000 ptv=0.0574 ptv_max=0.00033 ring=0.00001 smooth=0.0080 laplacian=0.0214 beam=0.01161 homogeneity=0.0041 body=0.00000 bowel=0.00000 femur=0.00000
2026-05-22 11:49:39 [INFO] Step 35/54 Loss=3.4320 mse=0.0877 v_opt=0.02010 v_mand=0.00112 ptv=0.0764 ptv_max=0.00005 ring=0.00000 smooth=0.0078 laplacian=0.0207 beam=0.03851 homogeneity=0.0036 body=0.00000 bowel=0.00000 femur=0.00000
2026-05-22 11:49:42 [INFO] Step 40/54 Loss=2.8692 mse=0.0786 v_opt=0.00964 v_mand=0.00022 ptv=0.0680 ptv_max=0.00008 ring=0.00001 smooth=0.0093 laplacian=0.0246 beam=0.00039 homogeneity=0.0028 body=0.00000 bowel=0.00000 femur=0.00000
2026-05-22 11:49:46 [INFO] Step 45/54 Loss=4.9051 mse=0.1491 v_opt=0.00002 v_mand=0.00000 ptv=0.0197 ptv_max=0.00200 ring=0.00001 smooth=0.0159 laplacian=0.0504 beam=0.09368 homogeneity=0.0072 body=0.00000 bowel=0.00000 femur=0.00000
2026-05-22 11:49:50 [INFO] Step 50/54 Loss=2.7522 mse=0.0742 v_opt=0.00561 v_mand=0.00000 ptv=0.0657 ptv_max=0.00010 ring=0.00001 smooth=0.0067 laplacian=0.0183 beam=0.01178 homogeneity=0.0034 body=0.00000 bowel=0.00000 femur=0.00000
2026-05-22 11:49:52 [INFO] Step 54/54 Loss=2.3515 mse=0.0585 v_opt=0.00152 v_mand=0.00000 ptv=0.0692 ptv_max=0.00009 ring=0.00000 smooth=0.0066 laplacian=0.0175 beam=0.00580 homogeneity=0.0034 body=0.00000 bowel=0.00000 femur=0.00000
2026-05-22 11:49:52 [INFO] Running validation at epoch 77...
2026-05-22 11:50:22 [INFO] Epoch 77 Summary: Train=2.9579 Val=0.0108 (MSE=0.0108)
          Metrics: PTV_D95=55.26Gy Bladder=28.06Gy Rectum=29.32Gy
          Metrics: Ring=43.36Gy Dmax=99.07Gy BG=25.21Gy
2026-05-22 11:50:22 [INFO] [PHYSICS] Saved best model val_loss=0.0108
2026-05-22 11:50:22 [INFO] Epoch 78/100 [FULL PHYSICS] ramp=1.000 lr=1.34e-05
2026-05-22 11:50:28 [INFO] Step 5/54 Loss=3.4489 mse=0.1060 v_opt=0.00740 v_mand=0.00000 ptv=0.0480 ptv_max=0.00023 ring=0.00000 smooth=0.0090 laplacian=0.0250 beam=0.01941 homogeneity=0.0031 body=0.00000 bowel=0.00000 femur=0.00000
2026-05-22 11:50:31 [INFO] Step 10/54 Loss=2.6977 mse=0.0721 v_opt=0.00591 v_mand=0.00044 ptv=0.0688 ptv_max=0.00005 ring=0.00000 smooth=0.0087 laplacian=0.0233 beam=0.00013 homogeneity=0.0022 body=0.00000 bowel=0.00000 femur=0.00000
2026-05-22 11:50:35 [INFO] Step 15/54 Loss=2.8939 mse=0.0573 v_opt=0.01854 v_mand=0.00134 ptv=0.0952 ptv_max=0.00000 ring=0.00000 smooth=0.0075 laplacian=0.0201 beam=0.01215 homogeneity=0.0035 body=0.00000 bowel=0.01102 femur=0.00000
2026-05-22 11:50:37 [INFO] Step 20/54 Loss=4.0152 mse=0.1153 v_opt=0.00000 v_mand=0.00000 ptv=0.0649 ptv_max=0.00010 ring=0.00000 smooth=0.0091 laplacian=0.0250 beam=0.06031 homogeneity=0.0021 body=0.00000 bowel=0.00000 femur=0.00000
2026-05-22 11:50:42 [INFO] Step 25/54 Loss=2.0843 mse=0.0469 v_opt=0.00553 v_mand=0.00021 ptv=0.0713 ptv_max=0.00005 ring=0.00000 smooth=0.0070 laplacian=0.0189 beam=0.00265 homogeneity=0.0030 body=0.00000 bowel=0.00000 femur=0.00000
2026-05-22 11:50:45 [INFO] Step 30/54 Loss=3.7220 mse=0.1118 v_opt=0.00063 v_mand=0.00000 ptv=0.0278 ptv_max=0.00076 ring=0.00000 smooth=0.0121 laplacian=0.0342 beam=0.06591 homogeneity=0.0048 body=0.00000 bowel=0.00000 femur=0.00000
2026-05-22 11:50:48 [INFO] Step 35/54 Loss=2.8238 mse=0.0718 v_opt=0.00755 v_mand=0.00001 ptv=0.0749 ptv_max=0.00006 ring=0.00000 smooth=0.0109 laplacian=0.0284 beam=0.00360 homogeneity=0.0046 body=0.00000 bowel=0.00000 femur=0.00000
2026-05-22 11:50:52 [INFO] Step 40/54 Loss=2.5754 mse=0.0591 v_opt=0.00184 v_mand=0.00000 ptv=0.0800 ptv_max=0.00002 ring=0.00000 smooth=0.0078 laplacian=0.0202 beam=0.02455 homogeneity=0.0031 body=0.00000 bowel=0.00000 femur=0.00000
2026-05-22 11:50:55 [INFO] Step 45/54 Loss=4.0066 mse=0.1205 v_opt=0.00000 v_mand=0.00000 ptv=0.0211 ptv_max=0.00166 ring=0.00000 smooth=0.0126 laplacian=0.0385 beam=0.07316 homogeneity=0.0065 body=0.00000 bowel=0.00000 femur=0.00000
2026-05-22 11:50:58 [INFO] Step 50/54 Loss=3.6596 mse=0.1075 v_opt=0.00001 v_mand=0.00000 ptv=0.0141 ptv_max=0.00222 ring=0.00001 smooth=0.0114 laplacian=0.0328 beam=0.07601 homogeneity=0.0082 body=0.00000 bowel=0.00000 femur=0.00000
2026-05-22 11:51:01 [INFO] Step 54/54 Loss=2.3562 mse=0.0532 v_opt=0.00447 v_mand=0.00000 ptv=0.0757 ptv_max=0.00006 ring=0.00000 smooth=0.0057 laplacian=0.0152 beam=0.01867 homogeneity=0.0041 body=0.00000 bowel=0.00007 femur=0.00000
2026-05-22 11:51:01 [INFO] Running validation at epoch 78...
2026-05-22 11:51:31 [INFO] Epoch 78 Summary: Train=3.7123 Val=0.0107 (MSE=0.0107)
          Metrics: PTV_D95=54.68Gy Bladder=25.93Gy Rectum=28.69Gy
          Metrics: Ring=42.30Gy Dmax=101.90Gy BG=25.10Gy
2026-05-22 11:51:31 [INFO] [PHYSICS] Saved best model val_loss=0.0107
2026-05-22 11:51:31 [INFO] Epoch 79/100 [FULL PHYSICS] ramp=1.000 lr=1.24e-05
2026-05-22 11:51:36 [INFO] Step 5/54 Loss=3.4917 mse=0.0637 v_opt=0.07080 v_mand=0.01286 ptv=0.0729 ptv_max=0.00004 ring=0.00000 smooth=0.0092 laplacian=0.0250 beam=0.03410 homogeneity=0.0039 body=0.00000 bowel=0.00000 femur=0.00000
2026-05-22 11:51:40 [INFO] Step 10/54 Loss=3.6802 mse=0.0975 v_opt=0.00463 v_mand=0.00007 ptv=0.0793 ptv_max=0.00016 ring=0.00000 smooth=0.0107 laplacian=0.0309 beam=0.03905 homogeneity=0.0034 body=0.00000 bowel=0.00000 femur=0.00000
2026-05-22 11:51:42 [INFO] Step 15/54 Loss=2.4418 mse=0.0629 v_opt=0.00940 v_mand=0.00064 ptv=0.0610 ptv_max=0.00008 ring=0.00000 smooth=0.0081 laplacian=0.0214 beam=0.00659 homogeneity=0.0028 body=0.00000 bowel=0.00000 femur=0.00000
2026-05-22 11:51:45 [INFO] Step 20/54 Loss=2.4925 mse=0.0570 v_opt=0.01082 v_mand=0.00032 ptv=0.0731 ptv_max=0.00019 ring=0.00000 smooth=0.0082 laplacian=0.0213 beam=0.01497 homogeneity=0.0050 body=0.00000 bowel=0.00000 femur=0.00000
2026-05-22 11:51:50 [INFO] Step 25/54 Loss=10.6321 mse=0.0726 v_opt=0.23766 v_mand=0.13625 ptv=0.0928 ptv_max=0.00031 ring=0.00000 smooth=0.0081 laplacian=0.0217 beam=0.05453 homogeneity=0.0098 body=0.00000 bowel=0.00000 femur=0.00000
2026-05-22 11:51:54 [INFO] Step 30/54 Loss=3.7034 mse=0.1078 v_opt=0.00000 v_mand=0.00000 ptv=0.0408 ptv_max=0.00064 ring=0.00000 smooth=0.0091 laplacian=0.0261 beam=0.06655 homogeneity=0.0048 body=0.00000 bowel=0.00000 femur=0.00000
2026-05-22 11:51:57 [INFO] Step 35/54 Loss=3.7396 mse=0.0959 v_opt=0.02570 v_mand=0.00211 ptv=0.0692 ptv_max=0.00015 ring=0.00001 smooth=0.0095 laplacian=0.0257 beam=0.05214 homogeneity=0.0044 body=0.00000 bowel=0.00000 femur=0.00000
2026-05-22 11:52:00 [INFO] Step 40/54 Loss=2.2181 mse=0.0479 v_opt=0.00760 v_mand=0.00030 ptv=0.0816 ptv_max=0.00008 ring=0.00000 smooth=0.0066 laplacian=0.0172 beam=0.00011 homogeneity=0.0038 body=0.00000 bowel=0.00000 femur=0.00000
2026-05-22 11:52:05 [INFO] Step 45/54 Loss=1.7982 mse=0.0566 v_opt=0.00000 v_mand=0.00000 ptv=0.0000 ptv_max=0.00000 ring=0.00000 smooth=0.0077 laplacian=0.0205 beam=0.05486 homogeneity=0.0000 body=0.00000 bowel=0.00000 femur=0.00000
2026-05-22 11:52:08 [INFO] Step 50/54 Loss=2.6501 mse=0.0486 v_opt=0.05629 v_mand=0.00793 ptv=0.0691 ptv_max=0.00006 ring=0.00000 smooth=0.0063 laplacian=0.0167 beam=0.01643 homogeneity=0.0031 body=0.00000 bowel=0.00000 femur=0.00000
2026-05-22 11:52:10 [INFO] Step 54/54 Loss=5.8224 mse=0.1974 v_opt=0.00011 v_mand=0.00000 ptv=0.0652 ptv_max=0.00010 ring=0.00000 smooth=0.0079 laplacian=0.0218 beam=0.01062 homogeneity=0.0030 body=0.00000 bowel=0.00000 femur=0.00000
2026-05-22 11:52:11 [INFO] Running validation at epoch 79...
2026-05-22 11:52:40 [INFO] Epoch 79 Summary: Train=3.1163 Val=0.0107 (MSE=0.0107)
          Metrics: PTV_D95=54.66Gy Bladder=26.24Gy Rectum=29.79Gy
          Metrics: Ring=42.02Gy Dmax=100.01Gy BG=25.03Gy
2026-05-22 11:52:40 [INFO] [PHYSICS] Saved best model val_loss=0.0107
2026-05-22 11:52:40 [INFO] Epoch 80/100 [FULL PHYSICS] ramp=1.000 lr=1.14e-05
2026-05-22 11:52:46 [INFO] Step 5/54 Loss=2.6848 mse=0.0697 v_opt=0.01220 v_mand=0.00009 ptv=0.0694 ptv_max=0.00009 ring=0.00000 smooth=0.0068 laplacian=0.0189 beam=0.00886 homogeneity=0.0034 body=0.00000 bowel=0.00000 femur=0.00000
2026-05-22 11:52:49 [INFO] Step 10/54 Loss=2.6306 mse=0.0672 v_opt=0.00518 v_mand=0.00000 ptv=0.0745 ptv_max=0.00001 ring=0.00001 smooth=0.0091 laplacian=0.0243 beam=0.00354 homogeneity=0.0023 body=0.00000 bowel=0.00000 femur=0.00000
2026-05-22 11:52:52 [INFO] Step 15/54 Loss=3.4880 mse=0.0974 v_opt=0.01383 v_mand=0.00013 ptv=0.0662 ptv_max=0.00008 ring=0.00001 smooth=0.0077 laplacian=0.0215 beam=0.03500 homogeneity=0.0031 body=0.00000 bowel=0.00000 femur=0.00000
2026-05-22 11:52:55 [INFO] Step 20/54 Loss=2.7992 mse=0.0711 v_opt=0.00740 v_mand=0.00000 ptv=0.0823 ptv_max=0.00002 ring=0.00000 smooth=0.0091 laplacian=0.0241 beam=0.00000 homogeneity=0.0026 body=0.00000 bowel=0.00000 femur=0.00000
2026-05-22 11:53:00 [INFO] Step 25/54 Loss=2.6940 mse=0.0761 v_opt=0.00294 v_mand=0.00000 ptv=0.0308 ptv_max=0.00033 ring=0.00000 smooth=0.0076 laplacian=0.0221 beam=0.05627 homogeneity=0.0031 body=0.00000 bowel=0.00000 femur=0.00000
2026-05-22 11:53:03 [INFO] Step 30/54 Loss=2.7676 mse=0.0741 v_opt=0.00871 v_mand=0.00000 ptv=0.0562 ptv_max=0.00017 ring=0.00000 smooth=0.0096 laplacian=0.0256 beam=0.02521 homogeneity=0.0032 body=0.00000 bowel=0.00000 femur=0.00000
2026-05-22 11:53:06 [INFO] Step 35/54 Loss=2.5308 mse=0.0627 v_opt=0.00210 v_mand=0.00000 ptv=0.0742 ptv_max=0.00006 ring=0.00000 smooth=0.0079 laplacian=0.0211 beam=0.00683 homogeneity=0.0033 body=0.00000 bowel=0.00000 femur=0.00000
2026-05-22 11:53:09 [INFO] Step 40/54 Loss=3.0013 mse=0.0838 v_opt=0.00080 v_mand=0.00000 ptv=0.0565 ptv_max=0.00031 ring=0.00001 smooth=0.0101 laplacian=0.0273 beam=0.01776 homogeneity=0.0044 body=0.00000 bowel=0.00000 femur=0.00000
2026-05-22 11:53:14 [INFO] Step 45/54 Loss=2.6303 mse=0.0607 v_opt=0.00496 v_mand=0.00060 ptv=0.0702 ptv_max=0.00013 ring=0.00000 smooth=0.0078 laplacian=0.0203 beam=0.03529 homogeneity=0.0040 body=0.00000 bowel=0.00000 femur=0.00000
2026-05-22 11:53:17 [INFO] Step 50/54 Loss=2.7651 mse=0.0666 v_opt=0.00358 v_mand=0.00002 ptv=0.0891 ptv_max=0.00001 ring=0.00000 smooth=0.0084 laplacian=0.0216 beam=0.00196 homogeneity=0.0037 body=0.00000 bowel=0.00000 femur=0.00000
2026-05-22 11:53:20 [INFO] Step 54/54 Loss=4.0505 mse=0.1103 v_opt=0.00905 v_mand=0.00041 ptv=0.0668 ptv_max=0.00014 ring=0.00000 smooth=0.0113 laplacian=0.0296 beam=0.06645 homogeneity=0.0044 body=0.00000 bowel=0.00000 femur=0.00000
2026-05-22 11:53:20 [INFO] Running validation at epoch 80...
2026-05-22 11:53:49 [INFO] Epoch 80 Summary: Train=4.2307 Val=0.0106 (MSE=0.0106)
          Metrics: PTV_D95=55.18Gy Bladder=25.26Gy Rectum=29.10Gy
          Metrics: Ring=42.65Gy Dmax=100.77Gy BG=24.95Gy
2026-05-22 11:53:49 [INFO] [PHYSICS] Saved best model val_loss=0.0106
2026-05-22 11:53:49 [INFO] Epoch 81/100 [FULL PHYSICS] ramp=1.000 lr=1.05e-05
2026-05-22 11:53:55 [INFO] Step 5/54 Loss=2.5064 mse=0.0692 v_opt=0.00036 v_mand=0.00000 ptv=0.0244 ptv_max=0.00079 ring=0.00000 smooth=0.0080 laplacian=0.0222 beam=0.05536 homogeneity=0.0049 body=0.00000 bowel=0.00000 femur=0.00000
2026-05-22 11:53:58 [INFO] Step 10/54 Loss=3.5579 mse=0.1037 v_opt=0.00003 v_mand=0.00000 ptv=0.0151 ptv_max=0.00159 ring=0.00000 smooth=0.0119 laplacian=0.0335 beam=0.08358 homogeneity=0.0069 body=0.00000 bowel=0.00000 femur=0.00000
2026-05-22 11:54:01 [INFO] Step 15/54 Loss=2.7217 mse=0.0702 v_opt=0.01540 v_mand=0.00109 ptv=0.0561 ptv_max=0.00037 ring=0.00000 smooth=0.0081 laplacian=0.0220 beam=0.01756 homogeneity=0.0048 body=0.00000 bowel=0.00000 femur=0.00000
2026-05-22 11:54:04 [INFO] Step 20/54 Loss=1.6981 mse=0.0409 v_opt=0.00826 v_mand=0.00182 ptv=0.0351 ptv_max=0.00046 ring=0.00000 smooth=0.0074 laplacian=0.0203 beam=0.00153 homogeneity=0.0039 body=0.00000 bowel=0.00000 femur=0.00000
2026-05-22 11:54:09 [INFO] Step 25/54 Loss=13.2717 mse=0.1130 v_opt=0.00000 v_mand=0.00000 ptv=0.7723 ptv_max=0.00000 ring=0.00000 smooth=0.0099 laplacian=0.0280 beam=0.09808 homogeneity=0.1042 body=0.00000 bowel=0.00000 femur=0.00000
2026-05-22 11:54:12 [INFO] Step 30/54 Loss=3.3285 mse=0.0707 v_opt=0.00380 v_mand=0.00041 ptv=0.1097 ptv_max=0.00009 ring=0.00000 smooth=0.0102 laplacian=0.0258 beam=0.00253 homogeneity=0.0108 body=0.00000 bowel=0.00425 femur=0.00000
2026-05-22 11:54:15 [INFO] Step 35/54 Loss=3.3419 mse=0.0737 v_opt=0.03039 v_mand=0.00349 ptv=0.0782 ptv_max=0.00003 ring=0.00001 smooth=0.0080 laplacian=0.0218 beam=0.05492 homogeneity=0.0044 body=0.00000 bowel=0.00000 femur=0.00000
2026-05-22 11:54:18 [INFO] Step 40/54 Loss=3.3950 mse=0.0864 v_opt=0.01290 v_mand=0.00068 ptv=0.0780 ptv_max=0.00007 ring=0.00000 smooth=0.0092 laplacian=0.0242 beam=0.03643 homogeneity=0.0040 body=0.00000 bowel=0.00000 femur=0.00000
2026-05-22 11:54:23 [INFO] Step 45/54 Loss=2.6662 mse=0.0784 v_opt=0.00881 v_mand=0.00000 ptv=0.0459 ptv_max=0.00037 ring=0.00000 smooth=0.0082 laplacian=0.0233 beam=0.00380 homogeneity=0.0034 body=0.00000 bowel=0.00000 femur=0.00000
2026-05-22 11:54:27 [INFO] Step 50/54 Loss=2.7321 mse=0.0562 v_opt=0.00000 v_mand=0.00000 ptv=0.0968 ptv_max=0.00002 ring=0.00000 smooth=0.0059 laplacian=0.0150 beam=0.04028 homogeneity=0.0038 body=0.00000 bowel=0.00000 femur=0.00000
2026-05-22 11:54:29 [INFO] Step 54/54 Loss=3.0237 mse=0.0849 v_opt=0.00214 v_mand=0.00000 ptv=0.0282 ptv_max=0.00085 ring=0.00000 smooth=0.0092 laplacian=0.0244 beam=0.06835 homogeneity=0.0051 body=0.00000 bowel=0.00000 femur=0.00000
2026-05-22 11:54:29 [INFO] Running validation at epoch 81...
2026-05-22 11:54:58 [INFO] Epoch 81 Summary: Train=3.0337 Val=0.0104 (MSE=0.0104)
          Metrics: PTV_D95=55.61Gy Bladder=27.29Gy Rectum=29.82Gy
          Metrics: Ring=43.63Gy Dmax=99.92Gy BG=24.88Gy
2026-05-22 11:54:58 [INFO] [PHYSICS] Saved best model val_loss=0.0104
2026-05-22 11:54:58 [INFO] Epoch 82/100 [FULL PHYSICS] ramp=1.000 lr=9.56e-06
2026-05-22 11:55:05 [INFO] Step 5/54 Loss=2.4378 mse=0.0549 v_opt=0.00580 v_mand=0.00000 ptv=0.0813 ptv_max=0.00004 ring=0.00000 smooth=0.0063 laplacian=0.0166 beam=0.01893 homogeneity=0.0028 body=0.00000 bowel=0.00000 femur=0.00000
2026-05-22 11:55:08 [INFO] Step 10/54 Loss=26.3430 mse=0.0616 v_opt=0.68889 v_mand=0.44148 ptv=0.0700 ptv_max=0.00193 ring=0.00000 smooth=0.0064 laplacian=0.0177 beam=0.05215 homogeneity=0.0100 body=0.00000 bowel=0.00000 femur=0.00000
2026-05-22 11:55:11 [INFO] Step 15/54 Loss=3.1060 mse=0.0939 v_opt=0.00250 v_mand=0.00000 ptv=0.0508 ptv_max=0.00012 ring=0.00000 smooth=0.0086 laplacian=0.0237 beam=0.01198 homogeneity=0.0026 body=0.00000 bowel=0.00000 femur=0.00000
2026-05-22 11:55:14 [INFO] Step 20/54 Loss=2.5390 mse=0.0729 v_opt=0.00000 v_mand=0.00000 ptv=0.0260 ptv_max=0.00052 ring=0.00000 smooth=0.0078 laplacian=0.0220 beam=0.04700 homogeneity=0.0039 body=0.00000 bowel=0.00000 femur=0.00000
2026-05-22 11:55:18 [INFO] Step 25/54 Loss=11.4944 mse=0.0443 v_opt=0.00000 v_mand=0.00000 ptv=0.7963 ptv_max=0.00000 ring=0.00000 smooth=0.0068 laplacian=0.0182 beam=0.03007 homogeneity=0.1088 body=0.00000 bowel=0.00000 femur=0.00000
2026-05-22 11:55:23 [INFO] Step 30/54 Loss=2.4642 mse=0.0605 v_opt=0.00816 v_mand=0.00031 ptv=0.0684 ptv_max=0.00017 ring=0.00001 smooth=0.0069 laplacian=0.0182 beam=0.00632 homogeneity=0.0041 body=0.00000 bowel=0.00107 femur=0.00000
2026-05-22 11:55:25 [INFO] Step 35/54 Loss=2.1552 mse=0.0482 v_opt=0.00462 v_mand=0.00004 ptv=0.0728 ptv_max=0.00014 ring=0.00001 smooth=0.0072 laplacian=0.0189 beam=0.00180 homogeneity=0.0047 body=0.00000 bowel=0.00000 femur=0.00000
2026-05-22 11:55:28 [INFO] Step 40/54 Loss=2.6699 mse=0.0720 v_opt=0.00312 v_mand=0.00044 ptv=0.0618 ptv_max=0.00012 ring=0.00000 smooth=0.0091 laplacian=0.0241 beam=0.00319 homogeneity=0.0037 body=0.00000 bowel=0.00000 femur=0.00000
2026-05-22 11:55:32 [INFO] Step 45/54 Loss=2.5769 mse=0.0648 v_opt=0.00848 v_mand=0.00000 ptv=0.0759 ptv_max=0.00006 ring=0.00000 smooth=0.0068 laplacian=0.0180 beam=0.00185 homogeneity=0.0036 body=0.00000 bowel=0.00000 femur=0.00000
2026-05-22 11:55:36 [INFO] Step 50/54 Loss=1.2973 mse=0.0288 v_opt=0.00182 v_mand=0.00016 ptv=0.0370 ptv_max=0.00016 ring=0.00000 smooth=0.0070 laplacian=0.0200 beam=0.00651 homogeneity=0.0024 body=0.00000 bowel=0.00000 femur=0.00000
2026-05-22 11:55:38 [INFO] Step 54/54 Loss=2.6095 mse=0.0620 v_opt=0.00129 v_mand=0.00000 ptv=0.0848 ptv_max=0.00002 ring=0.00000 smooth=0.0072 laplacian=0.0191 beam=0.00856 homogeneity=0.0031 body=0.00000 bowel=0.00000 femur=0.00000
2026-05-22 11:55:38 [INFO] Running validation at epoch 82...
2026-05-22 11:56:07 [INFO] Epoch 82 Summary: Train=4.4706 Val=0.0104 (MSE=0.0104)
          Metrics: PTV_D95=54.58Gy Bladder=26.19Gy Rectum=28.61Gy
          Metrics: Ring=42.07Gy Dmax=101.03Gy BG=24.73Gy
2026-05-22 11:56:07 [INFO] [PHYSICS] Saved best model val_loss=0.0104
2026-05-22 11:56:07 [INFO] Epoch 83/100 [FULL PHYSICS] ramp=1.000 lr=8.71e-06
2026-05-22 11:56:14 [INFO] Step 5/54 Loss=2.6726 mse=0.0592 v_opt=0.00423 v_mand=0.00000 ptv=0.0773 ptv_max=0.00009 ring=0.00000 smooth=0.0093 laplacian=0.0238 beam=0.03815 homogeneity=0.0044 body=0.00000 bowel=0.00000 femur=0.00000
2026-05-22 11:56:17 [INFO] Step 10/54 Loss=2.9966 mse=0.0670 v_opt=0.01553 v_mand=0.00012 ptv=0.0980 ptv_max=0.00002 ring=0.00000 smooth=0.0070 laplacian=0.0190 beam=0.02291 homogeneity=0.0044 body=0.00000 bowel=0.00000 femur=0.00000
2026-05-22 11:56:20 [INFO] Step 15/54 Loss=2.3088 mse=0.0513 v_opt=0.01435 v_mand=0.00101 ptv=0.0749 ptv_max=0.00007 ring=0.00000 smooth=0.0062 laplacian=0.0158 beam=0.00490 homogeneity=0.0042 body=0.00000 bowel=0.00000 femur=0.00000
2026-05-22 11:56:23 [INFO] Step 20/54 Loss=2.6144 mse=0.0689 v_opt=0.01054 v_mand=0.00017 ptv=0.0673 ptv_max=0.00008 ring=0.00002 smooth=0.0070 laplacian=0.0185 beam=0.00005 homogeneity=0.0032 body=0.00000 bowel=0.00137 femur=0.00000
2026-05-22 11:56:28 [INFO] Step 25/54 Loss=2.8588 mse=0.0685 v_opt=0.00839 v_mand=0.00000 ptv=0.0794 ptv_max=0.00002 ring=0.00000 smooth=0.0078 laplacian=0.0204 beam=0.03461 homogeneity=0.0026 body=0.00000 bowel=0.00000 femur=0.00000
2026-05-22 11:56:31 [INFO] Step 30/54 Loss=2.3825 mse=0.0493 v_opt=0.02248 v_mand=0.00267 ptv=0.0782 ptv_max=0.00004 ring=0.00000 smooth=0.0059 laplacian=0.0158 beam=0.00384 homogeneity=0.0042 body=0.00000 bowel=0.00000 femur=0.00000
2026-05-22 11:56:34 [INFO] Step 35/54 Loss=3.4243 mse=0.0950 v_opt=0.00345 v_mand=0.00000 ptv=0.0764 ptv_max=0.00025 ring=0.00003 smooth=0.0090 laplacian=0.0247 beam=0.01131 homogeneity=0.0039 body=0.00000 bowel=0.00000 femur=0.00000
2026-05-22 11:56:38 [INFO] Step 40/54 Loss=2.4175 mse=0.0626 v_opt=0.00659 v_mand=0.00020 ptv=0.0483 ptv_max=0.00089 ring=0.00000 smooth=0.0075 laplacian=0.0213 beam=0.01248 homogeneity=0.0062 body=0.00000 bowel=0.00000 femur=0.00000
2026-05-22 11:56:42 [INFO] Step 45/54 Loss=4.8676 mse=0.0818 v_opt=0.00426 v_mand=0.00000 ptv=0.0681 ptv_max=0.00035 ring=0.00000 smooth=0.0094 laplacian=0.0251 beam=0.03086 homogeneity=0.0051 body=0.00000 bowel=0.11496 femur=0.00000
2026-05-22 11:56:45 [INFO] Step 50/54 Loss=1.2886 mse=0.0280 v_opt=0.00264 v_mand=0.00020 ptv=0.0373 ptv_max=0.00017 ring=0.00000 smooth=0.0064 laplacian=0.0172 beam=0.00998 homogeneity=0.0025 body=0.00000 bowel=0.00000 femur=0.00000
2026-05-22 11:56:48 [INFO] Step 54/54 Loss=2.4429 mse=0.0639 v_opt=0.00195 v_mand=0.00000 ptv=0.0639 ptv_max=0.00008 ring=0.00000 smooth=0.0063 laplacian=0.0168 beam=0.00896 homogeneity=0.0032 body=0.00000 bowel=0.00000 femur=0.00000
2026-05-22 11:56:48 [INFO] Running validation at epoch 83...
2026-05-22 11:57:17 [INFO] Epoch 83 Summary: Train=3.2901 Val=0.0103 (MSE=0.0103)
          Metrics: PTV_D95=55.37Gy Bladder=26.67Gy Rectum=29.27Gy
          Metrics: Ring=42.97Gy Dmax=100.56Gy BG=24.63Gy
2026-05-22 11:57:17 [INFO] [PHYSICS] Saved best model val_loss=0.0103
2026-05-22 11:57:17 [INFO] Epoch 84/100 [FULL PHYSICS] ramp=1.000 lr=7.89e-06
2026-05-22 11:57:24 [INFO] Step 5/54 Loss=8.6396 mse=0.1051 v_opt=0.21763 v_mand=0.08791 ptv=0.0585 ptv_max=0.00014 ring=0.00000 smooth=0.0112 laplacian=0.0303 beam=0.07198 homogeneity=0.0033 body=0.00000 bowel=0.00000 femur=0.00000
2026-05-22 11:57:27 [INFO] Step 10/54 Loss=2.3432 mse=0.0543 v_opt=0.01777 v_mand=0.00058 ptv=0.0748 ptv_max=0.00007 ring=0.00001 smooth=0.0076 laplacian=0.0203 beam=0.00013 homogeneity=0.0029 body=0.00000 bowel=0.00000 femur=0.00000
2026-05-22 11:57:30 [INFO] Step 15/54 Loss=3.1606 mse=0.0909 v_opt=0.00254 v_mand=0.00000 ptv=0.0514 ptv_max=0.00028 ring=0.00000 smooth=0.0074 laplacian=0.0199 beam=0.03500 homogeneity=0.0037 body=0.00000 bowel=0.00000 femur=0.00000
2026-05-22 11:57:33 [INFO] Step 20/54 Loss=2.4179 mse=0.0593 v_opt=0.01221 v_mand=0.00007 ptv=0.0737 ptv_max=0.00005 ring=0.00000 smooth=0.0069 laplacian=0.0185 beam=0.00170 homogeneity=0.0030 body=0.00000 bowel=0.00000 femur=0.00000
2026-05-22 11:57:38 [INFO] Step 25/54 Loss=2.8179 mse=0.0702 v_opt=0.00261 v_mand=0.00000 ptv=0.0691 ptv_max=0.00005 ring=0.00000 smooth=0.0123 laplacian=0.0303 beam=0.02813 homogeneity=0.0031 body=0.00000 bowel=0.00000 femur=0.00000
2026-05-22 11:57:41 [INFO] Step 30/54 Loss=3.6577 mse=0.0790 v_opt=0.00000 v_mand=0.00000 ptv=0.1165 ptv_max=0.00002 ring=0.00000 smooth=0.0118 laplacian=0.0295 beam=0.03157 homogeneity=0.0100 body=0.00000 bowel=0.00000 femur=0.00000
2026-05-22 11:57:44 [INFO] Step 35/54 Loss=2.2637 mse=0.0553 v_opt=0.00014 v_mand=0.00000 ptv=0.0730 ptv_max=0.00006 ring=0.00000 smooth=0.0063 laplacian=0.0163 beam=0.00006 homogeneity=0.0030 body=0.00000 bowel=0.00000 femur=0.00000
2026-05-22 11:57:46 [INFO] Step 40/54 Loss=3.3075 mse=0.0868 v_opt=0.00000 v_mand=0.00000 ptv=0.0727 ptv_max=0.00002 ring=0.00000 smooth=0.0096 laplacian=0.0256 beam=0.04647 homogeneity=0.0020 body=0.00000 bowel=0.00000 femur=0.00000
2026-05-22 11:57:51 [INFO] Step 45/54 Loss=2.2618 mse=0.0485 v_opt=0.00244 v_mand=0.00000 ptv=0.0762 ptv_max=0.00016 ring=0.00000 smooth=0.0099 laplacian=0.0258 beam=0.00875 homogeneity=0.0046 body=0.00000 bowel=0.00000 femur=0.00000
2026-05-22 11:57:54 [INFO] Step 50/54 Loss=4.0712 mse=0.1224 v_opt=0.00004 v_mand=0.00000 ptv=0.0241 ptv_max=0.00112 ring=0.00000 smooth=0.0107 laplacian=0.0307 beam=0.08804 homogeneity=0.0055 body=0.00000 bowel=0.00000 femur=0.00000
2026-05-22 11:57:56 [INFO] Step 54/54 Loss=2.9437 mse=0.0776 v_opt=0.00253 v_mand=0.00000 ptv=0.0763 ptv_max=0.00003 ring=0.00000 smooth=0.0111 laplacian=0.0287 beam=0.00320 homogeneity=0.0031 body=0.00000 bowel=0.00000 femur=0.00000
2026-05-22 11:57:56 [INFO] Running validation at epoch 84...
2026-05-22 11:58:26 [INFO] Epoch 84 Summary: Train=3.1313 Val=0.0103 (MSE=0.0103)
          Metrics: PTV_D95=55.10Gy Bladder=25.70Gy Rectum=29.57Gy
          Metrics: Ring=42.41Gy Dmax=100.13Gy BG=24.67Gy
2026-05-22 11:58:26 [INFO] Epoch 85/100 [FULL PHYSICS] ramp=1.000 lr=7.12e-06
2026-05-22 11:58:32 [INFO] Step 5/54 Loss=2.4483 mse=0.0625 v_opt=0.00030 v_mand=0.00000 ptv=0.0713 ptv_max=0.00006 ring=0.00000 smooth=0.0075 laplacian=0.0194 beam=0.00051 homogeneity=0.0032 body=0.00000 bowel=0.00000 femur=0.00000
2026-05-22 11:58:35 [INFO] Step 10/54 Loss=2.1009 mse=0.0519 v_opt=0.00088 v_mand=0.00000 ptv=0.0626 ptv_max=0.00017 ring=0.00000 smooth=0.0069 laplacian=0.0177 beam=0.00118 homogeneity=0.0033 body=0.00000 bowel=0.00000 femur=0.00000
2026-05-22 11:58:38 [INFO] Step 15/54 Loss=2.8580 mse=0.0737 v_opt=0.02180 v_mand=0.00013 ptv=0.0758 ptv_max=0.00006 ring=0.00000 smooth=0.0080 laplacian=0.0212 beam=0.00261 homogeneity=0.0039 body=0.00000 bowel=0.00000 femur=0.00000
2026-05-22 11:58:41 [INFO] Step 20/54 Loss=2.8873 mse=0.0786 v_opt=0.01276 v_mand=0.00017 ptv=0.0708 ptv_max=0.00004 ring=0.00000 smooth=0.0090 laplacian=0.0233 beam=0.00002 homogeneity=0.0026 body=0.00000 bowel=0.00000 femur=0.00000
2026-05-22 11:58:45 [INFO] Step 25/54 Loss=2.8368 mse=0.0827 v_opt=0.00951 v_mand=0.00000 ptv=0.0294 ptv_max=0.00040 ring=0.00000 smooth=0.0101 laplacian=0.0287 beam=0.04320 homogeneity=0.0033 body=0.00000 bowel=0.00000 femur=0.00000
2026-05-22 11:58:49 [INFO] Step 30/54 Loss=2.2852 mse=0.0523 v_opt=0.00201 v_mand=0.00000 ptv=0.0722 ptv_max=0.00007 ring=0.00000 smooth=0.0062 laplacian=0.0166 beam=0.01927 homogeneity=0.0032 body=0.00000 bowel=0.00000 femur=0.00000
2026-05-22 11:58:52 [INFO] Step 35/54 Loss=2.4960 mse=0.0628 v_opt=0.00016 v_mand=0.00000 ptv=0.0482 ptv_max=0.00051 ring=0.00000 smooth=0.0070 laplacian=0.0191 beam=0.04100 homogeneity=0.0055 body=0.00000 bowel=0.00000 femur=0.00000
2026-05-22 11:58:54 [INFO] Step 40/54 Loss=3.0560 mse=0.0877 v_opt=0.00000 v_mand=0.00000 ptv=0.0621 ptv_max=0.00003 ring=0.00000 smooth=0.0105 laplacian=0.0276 beam=0.01073 homogeneity=0.0020 body=0.00000 bowel=0.00000 femur=0.00000
2026-05-22 11:58:59 [INFO] Step 45/54 Loss=5.4536 mse=0.0891 v_opt=0.09094 v_mand=0.03373 ptv=0.0885 ptv_max=0.00001 ring=0.00000 smooth=0.0084 laplacian=0.0227 beam=0.05517 homogeneity=0.0037 body=0.00000 bowel=0.00000 femur=0.00000
2026-05-22 11:59:03 [INFO] Step 50/54 Loss=2.4100 mse=0.0617 v_opt=0.00009 v_mand=0.00000 ptv=0.0674 ptv_max=0.00005 ring=0.00000 smooth=0.0073 laplacian=0.0196 beam=0.00535 homogeneity=0.0029 body=0.00000 bowel=0.00000 femur=0.00000
2026-05-22 11:59:05 [INFO] Step 54/54 Loss=2.4471 mse=0.0576 v_opt=0.00211 v_mand=0.00000 ptv=0.0767 ptv_max=0.00005 ring=0.00000 smooth=0.0065 laplacian=0.0173 beam=0.01303 homogeneity=0.0037 body=0.00000 bowel=0.00000 femur=0.00000
2026-05-22 11:59:05 [INFO] Running validation at epoch 85...
2026-05-22 11:59:35 [INFO] Epoch 85 Summary: Train=3.1035 Val=0.0103 (MSE=0.0103)
          Metrics: PTV_D95=54.87Gy Bladder=25.59Gy Rectum=29.17Gy
          Metrics: Ring=41.98Gy Dmax=101.27Gy BG=24.62Gy
2026-05-22 11:59:35 [INFO] Epoch 86/100 [FULL PHYSICS] ramp=1.000 lr=6.40e-06
2026-05-22 11:59:40 [INFO] Step 5/54 Loss=2.3438 mse=0.0602 v_opt=0.00222 v_mand=0.00002 ptv=0.0635 ptv_max=0.00008 ring=0.00000 smooth=0.0074 laplacian=0.0198 beam=0.00535 homogeneity=0.0031 body=0.00000 bowel=0.00000 femur=0.00000
2026-05-22 11:59:44 [INFO] Step 10/54 Loss=2.5316 mse=0.0630 v_opt=0.00585 v_mand=0.00000 ptv=0.0682 ptv_max=0.00004 ring=0.00000 smooth=0.0068 laplacian=0.0187 beam=0.02453 homogeneity=0.0020 body=0.00000 bowel=0.00000 femur=0.00000
2026-05-22 11:59:47 [INFO] Step 15/54 Loss=2.3209 mse=0.0540 v_opt=0.01451 v_mand=0.00093 ptv=0.0727 ptv_max=0.00007 ring=0.00000 smooth=0.0062 laplacian=0.0161 beam=0.00155 homogeneity=0.0035 body=0.00000 bowel=0.00000 femur=0.00000
2026-05-22 11:59:49 [INFO] Step 20/54 Loss=2.6303 mse=0.0706 v_opt=0.00756 v_mand=0.00000 ptv=0.0675 ptv_max=0.00004 ring=0.00000 smooth=0.0081 laplacian=0.0215 beam=0.00287 homogeneity=0.0022 body=0.00000 bowel=0.00000 femur=0.00000
2026-05-22 11:59:55 [INFO] Step 25/54 Loss=2.4321 mse=0.0565 v_opt=0.01474 v_mand=0.00030 ptv=0.0660 ptv_max=0.00016 ring=0.00000 smooth=0.0078 laplacian=0.0208 beam=0.01553 homogeneity=0.0040 body=0.00000 bowel=0.00261 femur=0.00000
2026-05-22 11:59:58 [INFO] Step 30/54 Loss=3.0820 mse=0.0893 v_opt=0.00418 v_mand=0.00000 ptv=0.0590 ptv_max=0.00007 ring=0.00000 smooth=0.0124 laplacian=0.0313 beam=0.00678 homogeneity=0.0023 body=0.00000 bowel=0.00000 femur=0.00000
2026-05-22 12:00:01 [INFO] Step 35/54 Loss=3.1887 mse=0.0887 v_opt=0.01607 v_mand=0.00018 ptv=0.0679 ptv_max=0.00001 ring=0.00000 smooth=0.0085 laplacian=0.0230 beam=0.01608 homogeneity=0.0023 body=0.00000 bowel=0.00000 femur=0.00000
2026-05-22 12:00:04 [INFO] Step 40/54 Loss=2.4159 mse=0.0606 v_opt=0.00189 v_mand=0.00000 ptv=0.0740 ptv_max=0.00003 ring=0.00000 smooth=0.0072 laplacian=0.0191 beam=0.00011 homogeneity=0.0026 body=0.00000 bowel=0.00000 femur=0.00000
2026-05-22 12:00:09 [INFO] Step 45/54 Loss=2.9652 mse=0.0947 v_opt=0.00079 v_mand=0.00007 ptv=0.0347 ptv_max=0.00018 ring=0.00000 smooth=0.0088 laplacian=0.0237 beam=0.01184 homogeneity=0.0025 body=0.00000 bowel=0.00000 femur=0.00000
2026-05-22 12:00:11 [INFO] Step 50/54 Loss=3.7280 mse=0.1095 v_opt=0.00000 v_mand=0.00000 ptv=0.0267 ptv_max=0.00044 ring=0.00000 smooth=0.0127 laplacian=0.0350 beam=0.08804 homogeneity=0.0037 body=0.00000 bowel=0.00000 femur=0.00000
2026-05-22 12:00:14 [INFO] Step 54/54 Loss=2.7102 mse=0.0673 v_opt=0.00941 v_mand=0.00027 ptv=0.0812 ptv_max=0.00002 ring=0.00000 smooth=0.0068 laplacian=0.0175 beam=0.00017 homogeneity=0.0028 body=0.00000 bowel=0.00213 femur=0.00000
2026-05-22 12:00:14 [INFO] Running validation at epoch 86...
2026-05-22 12:00:43 [INFO] Epoch 86 Summary: Train=3.5430 Val=0.0103 (MSE=0.0103)
          Metrics: PTV_D95=54.17Gy Bladder=25.44Gy Rectum=27.65Gy
          Metrics: Ring=41.15Gy Dmax=100.77Gy BG=24.60Gy
2026-05-22 12:00:43 [INFO] Epoch 87/100 [FULL PHYSICS] ramp=1.000 lr=5.71e-06
2026-05-22 12:00:49 [INFO] Step 5/54 Loss=2.9485 mse=0.0651 v_opt=0.00001 v_mand=0.00000 ptv=0.1054 ptv_max=0.00002 ring=0.00000 smooth=0.0087 laplacian=0.0243 beam=0.01016 homogeneity=0.0043 body=0.00000 bowel=0.00000 femur=0.00000
2026-05-22 12:00:53 [INFO] Step 10/54 Loss=2.8100 mse=0.0658 v_opt=0.00060 v_mand=0.00000 ptv=0.0742 ptv_max=0.00003 ring=0.00000 smooth=0.0064 laplacian=0.0170 beam=0.00267 homogeneity=0.0026 body=0.00000 bowel=0.01749 femur=0.00000
2026-05-22 12:00:55 [INFO] Step 15/54 Loss=2.7213 mse=0.0761 v_opt=0.00305 v_mand=0.00000 ptv=0.0630 ptv_max=0.00007 ring=0.00000 smooth=0.0090 laplacian=0.0241 beam=0.00063 homogeneity=0.0023 body=0.00000 bowel=0.00000 femur=0.00000
2026-05-22 12:00:58 [INFO] Step 20/54 Loss=2.6244 mse=0.0704 v_opt=0.00293 v_mand=0.00010 ptv=0.0697 ptv_max=0.00005 ring=0.00000 smooth=0.0074 laplacian=0.0196 beam=0.00049 homogeneity=0.0023 body=0.00000 bowel=0.00000 femur=0.00000
2026-05-22 12:01:04 [INFO] Step 25/54 Loss=2.4441 mse=0.0581 v_opt=0.00347 v_mand=0.00000 ptv=0.0794 ptv_max=0.00003 ring=0.00000 smooth=0.0085 laplacian=0.0220 beam=0.00000 homogeneity=0.0036 body=0.00000 bowel=0.00000 femur=0.00000
2026-05-22 12:01:07 [INFO] Step 30/54 Loss=2.5135 mse=0.0699 v_opt=0.00867 v_mand=0.00000 ptv=0.0520 ptv_max=0.00021 ring=0.00000 smooth=0.0085 laplacian=0.0233 beam=0.00394 homogeneity=0.0036 body=0.00000 bowel=0.00000 femur=0.00000
2026-05-22 12:01:10 [INFO] Step 35/54 Loss=2.9650 mse=0.0729 v_opt=0.00000 v_mand=0.00000 ptv=0.0760 ptv_max=0.00000 ring=0.00000 smooth=0.0089 laplacian=0.0230 beam=0.04265 homogeneity=0.0023 body=0.00000 bowel=0.00000 femur=0.00000
2026-05-22 12:01:12 [INFO] Step 40/54 Loss=2.6043 mse=0.0697 v_opt=0.01482 v_mand=0.00019 ptv=0.0616 ptv_max=0.00008 ring=0.00000 smooth=0.0091 laplacian=0.0247 beam=0.00376 homogeneity=0.0026 body=0.00000 bowel=0.00000 femur=0.00000
2026-05-22 12:01:18 [INFO] Step 45/54 Loss=2.2829 mse=0.0541 v_opt=0.01397 v_mand=0.00000 ptv=0.0639 ptv_max=0.00022 ring=0.00000 smooth=0.0082 laplacian=0.0220 beam=0.00908 homogeneity=0.0044 body=0.00000 bowel=0.00000 femur=0.00000
2026-05-22 12:01:21 [INFO] Step 50/54 Loss=2.6058 mse=0.0585 v_opt=0.01107 v_mand=0.00062 ptv=0.0746 ptv_max=0.00006 ring=0.00000 smooth=0.0064 laplacian=0.0170 beam=0.03631 homogeneity=0.0034 body=0.00000 bowel=0.00000 femur=0.00000
2026-05-22 12:01:23 [INFO] Step 54/54 Loss=2.6108 mse=0.0549 v_opt=0.00243 v_mand=0.00000 ptv=0.1004 ptv_max=0.00000 ring=0.00000 smooth=0.0087 laplacian=0.0240 beam=0.00417 homogeneity=0.0040 body=0.00000 bowel=0.00000 femur=0.00000
2026-05-22 12:01:23 [INFO] Running validation at epoch 87...
2026-05-22 12:01:52 [INFO] Epoch 87 Summary: Train=2.8558 Val=0.0102 (MSE=0.0102)
          Metrics: PTV_D95=54.91Gy Bladder=25.49Gy Rectum=29.56Gy
          Metrics: Ring=42.03Gy Dmax=101.17Gy BG=24.55Gy
2026-05-22 12:01:52 [INFO] [PHYSICS] Saved best model val_loss=0.0102
2026-05-22 12:01:52 [INFO] Epoch 88/100 [FULL PHYSICS] ramp=1.000 lr=5.07e-06
2026-05-22 12:01:58 [INFO] Step 5/54 Loss=3.4397 mse=0.0989 v_opt=0.00014 v_mand=0.00000 ptv=0.0243 ptv_max=0.00157 ring=0.00000 smooth=0.0126 laplacian=0.0356 beam=0.06404 homogeneity=0.0068 body=0.00000 bowel=0.00000 femur=0.00000
2026-05-22 12:02:01 [INFO] Step 10/54 Loss=2.4732 mse=0.0551 v_opt=0.00501 v_mand=0.00014 ptv=0.0808 ptv_max=0.00001 ring=0.00000 smooth=0.0061 laplacian=0.0161 beam=0.02489 homogeneity=0.0030 body=0.00000 bowel=0.00000 femur=0.00000
2026-05-22 12:02:04 [INFO] Step 15/54 Loss=2.6186 mse=0.0719 v_opt=0.00083 v_mand=0.00000 ptv=0.0655 ptv_max=0.00005 ring=0.00000 smooth=0.0065 laplacian=0.0171 beam=0.00356 homogeneity=0.0025 body=0.00000 bowel=0.00004 femur=0.00000
2026-05-22 12:02:07 [INFO] Step 20/54 Loss=3.5505 mse=0.0806 v_opt=0.00651 v_mand=0.00271 ptv=0.0987 ptv_max=0.00013 ring=0.00000 smooth=0.0117 laplacian=0.0288 beam=0.00077 homogeneity=0.0106 body=0.00000 bowel=0.00140 femur=0.00000
2026-05-22 12:02:12 [INFO] Step 25/54 Loss=2.6027 mse=0.0604 v_opt=0.00335 v_mand=0.00000 ptv=0.0655 ptv_max=0.00006 ring=0.00000 smooth=0.0063 laplacian=0.0168 beam=0.00056 homogeneity=0.0028 body=0.00000 bowel=0.01851 femur=0.00000
2026-05-22 12:02:15 [INFO] Step 30/54 Loss=2.3910 mse=0.0534 v_opt=0.00425 v_mand=0.00000 ptv=0.0772 ptv_max=0.00002 ring=0.00000 smooth=0.0071 laplacian=0.0189 beam=0.01985 homogeneity=0.0037 body=0.00000 bowel=0.00000 femur=0.00000
2026-05-22 12:02:18 [INFO] Step 35/54 Loss=2.5696 mse=0.0736 v_opt=0.00400 v_mand=0.00000 ptv=0.0490 ptv_max=0.00022 ring=0.00000 smooth=0.0087 laplacian=0.0245 beam=0.00419 homogeneity=0.0034 body=0.00000 bowel=0.00000 femur=0.00000
2026-05-22 12:02:21 [INFO] Step 40/54 Loss=2.6115 mse=0.0704 v_opt=0.00751 v_mand=0.00006 ptv=0.0639 ptv_max=0.00007 ring=0.00000 smooth=0.0082 laplacian=0.0215 beam=0.00162 homogeneity=0.0034 body=0.00000 bowel=0.00000 femur=0.00000
2026-05-22 12:02:27 [INFO] Step 45/54 Loss=2.6467 mse=0.0763 v_opt=0.00777 v_mand=0.00000 ptv=0.0287 ptv_max=0.00034 ring=0.00000 smooth=0.0096 laplacian=0.0275 beam=0.04116 homogeneity=0.0033 body=0.00000 bowel=0.00000 femur=0.00000
2026-05-22 12:02:29 [INFO] Step 50/54 Loss=3.0070 mse=0.0662 v_opt=0.00472 v_mand=0.00000 ptv=0.0713 ptv_max=0.00003 ring=0.00000 smooth=0.0070 laplacian=0.0190 beam=0.03344 homogeneity=0.0024 body=0.00000 bowel=0.02075 femur=0.00000
2026-05-22 12:02:32 [INFO] Step 54/54 Loss=2.9421 mse=0.0747 v_opt=0.00689 v_mand=0.00000 ptv=0.0814 ptv_max=0.00004 ring=0.00000 smooth=0.0096 laplacian=0.0260 beam=0.00780 homogeneity=0.0033 body=0.00000 bowel=0.00000 femur=0.00000
2026-05-22 12:02:32 [INFO] Running validation at epoch 88...
2026-05-22 12:03:01 [INFO] Epoch 88 Summary: Train=2.9735 Val=0.0101 (MSE=0.0101)
          Metrics: PTV_D95=55.37Gy Bladder=27.32Gy Rectum=29.40Gy
          Metrics: Ring=42.99Gy Dmax=100.07Gy BG=24.49Gy
2026-05-22 12:03:01 [INFO] [PHYSICS] Saved best model val_loss=0.0101
2026-05-22 12:03:01 [INFO] Epoch 89/100 [FULL PHYSICS] ramp=1.000 lr=4.48e-06
2026-05-22 12:03:07 [INFO] Step 5/54 Loss=2.6662 mse=0.0632 v_opt=0.00253 v_mand=0.00000 ptv=0.0880 ptv_max=0.00001 ring=0.00000 smooth=0.0092 laplacian=0.0238 beam=0.00099 homogeneity=0.0033 body=0.00000 bowel=0.00000 femur=0.00000
2026-05-22 12:03:10 [INFO] Step 10/54 Loss=2.5546 mse=0.0653 v_opt=0.01152 v_mand=0.00041 ptv=0.0715 ptv_max=0.00004 ring=0.00000 smooth=0.0077 laplacian=0.0201 beam=0.00050 homogeneity=0.0025 body=0.00000 bowel=0.00000 femur=0.00000
2026-05-22 12:03:12 [INFO] Step 15/54 Loss=3.4768 mse=0.1041 v_opt=0.00001 v_mand=0.00000 ptv=0.0272 ptv_max=0.00065 ring=0.00000 smooth=0.0114 laplacian=0.0333 beam=0.06199 homogeneity=0.0041 body=0.00000 bowel=0.00000 femur=0.00000
2026-05-22 12:03:16 [INFO] Step 20/54 Loss=2.4453 mse=0.0653 v_opt=0.01023 v_mand=0.00000 ptv=0.0626 ptv_max=0.00007 ring=0.00000 smooth=0.0077 laplacian=0.0218 beam=0.00000 homogeneity=0.0024 body=0.00000 bowel=0.00000 femur=0.00000
2026-05-22 12:03:21 [INFO] Step 25/54 Loss=2.7647 mse=0.0692 v_opt=0.00103 v_mand=0.00000 ptv=0.0865 ptv_max=0.00002 ring=0.00000 smooth=0.0075 laplacian=0.0205 beam=0.00057 homogeneity=0.0027 body=0.00000 bowel=0.00000 femur=0.00000
2026-05-22 12:03:24 [INFO] Step 30/54 Loss=2.4849 mse=0.0600 v_opt=0.00389 v_mand=0.00000 ptv=0.0800 ptv_max=0.00002 ring=0.00000 smooth=0.0072 laplacian=0.0193 beam=0.00427 homogeneity=0.0025 body=0.00000 bowel=0.00000 femur=0.00000
2026-05-22 12:03:27 [INFO] Step 35/54 Loss=2.2471 mse=0.0593 v_opt=0.00300 v_mand=0.00000 ptv=0.0363 ptv_max=0.00028 ring=0.00000 smooth=0.0068 laplacian=0.0186 beam=0.04371 homogeneity=0.0031 body=0.00000 bowel=0.00000 femur=0.00000
2026-05-22 12:03:30 [INFO] Step 40/54 Loss=2.2565 mse=0.0470 v_opt=0.00000 v_mand=0.00000 ptv=0.0869 ptv_max=0.00002 ring=0.00000 smooth=0.0068 laplacian=0.0185 beam=0.00927 homogeneity=0.0033 body=0.00000 bowel=0.00000 femur=0.00000
2026-05-22 12:03:35 [INFO] Step 45/54 Loss=2.8747 mse=0.0863 v_opt=0.00517 v_mand=0.00000 ptv=0.0517 ptv_max=0.00009 ring=0.00000 smooth=0.0085 laplacian=0.0232 beam=0.00440 homogeneity=0.0019 body=0.00000 bowel=0.00000 femur=0.00000
2026-05-22 12:03:38 [INFO] Step 50/54 Loss=2.2384 mse=0.0557 v_opt=0.00223 v_mand=0.00000 ptv=0.0627 ptv_max=0.00013 ring=0.00000 smooth=0.0088 laplacian=0.0227 beam=0.00415 homogeneity=0.0032 body=0.00000 bowel=0.00000 femur=0.00000
2026-05-22 12:03:41 [INFO] Step 54/54 Loss=3.0338 mse=0.0841 v_opt=0.00201 v_mand=0.00000 ptv=0.0654 ptv_max=0.00008 ring=0.00000 smooth=0.0079 laplacian=0.0211 beam=0.01842 homogeneity=0.0032 body=0.00000 bowel=0.00000 femur=0.00000
2026-05-22 12:03:41 [INFO] Running validation at epoch 89...
2026-05-22 12:04:10 [INFO] Epoch 89 Summary: Train=2.9651 Val=0.0102 (MSE=0.0102)
          Metrics: PTV_D95=54.86Gy Bladder=26.30Gy Rectum=28.39Gy
          Metrics: Ring=42.09Gy Dmax=100.00Gy BG=24.50Gy
2026-05-22 12:04:10 [INFO] Epoch 90/100 [FULL PHYSICS] ramp=1.000 lr=3.93e-06
2026-05-22 12:04:16 [INFO] Step 5/54 Loss=3.3280 mse=0.0993 v_opt=0.00000 v_mand=0.00000 ptv=0.0270 ptv_max=0.00042 ring=0.00000 smooth=0.0111 laplacian=0.0317 beam=0.06284 homogeneity=0.0036 body=0.00000 bowel=0.00000 femur=0.00000
2026-05-22 12:04:19 [INFO] Step 10/54 Loss=3.0516 mse=0.0773 v_opt=0.00646 v_mand=0.00000 ptv=0.0830 ptv_max=0.00010 ring=0.00000 smooth=0.0073 laplacian=0.0194 beam=0.01840 homogeneity=0.0037 body=0.00000 bowel=0.00000 femur=0.00000
2026-05-22 12:04:21 [INFO] Step 15/54 Loss=2.5801 mse=0.0523 v_opt=0.02880 v_mand=0.00315 ptv=0.0700 ptv_max=0.00010 ring=0.00000 smooth=0.0065 laplacian=0.0171 beam=0.03389 homogeneity=0.0046 body=0.00000 bowel=0.00000 femur=0.00000
2026-05-22 12:04:25 [INFO] Step 20/54 Loss=3.1070 mse=0.0686 v_opt=0.03546 v_mand=0.00535 ptv=0.0601 ptv_max=0.00032 ring=0.00000 smooth=0.0084 laplacian=0.0219 beam=0.04341 homogeneity=0.0051 body=0.00000 bowel=0.00000 femur=0.00000
2026-05-22 12:04:29 [INFO] Step 25/54 Loss=2.3603 mse=0.0582 v_opt=0.00285 v_mand=0.00000 ptv=0.0735 ptv_max=0.00003 ring=0.00000 smooth=0.0073 laplacian=0.0189 beam=0.00239 homogeneity=0.0025 body=0.00000 bowel=0.00000 femur=0.00000
2026-05-22 12:04:32 [INFO] Step 30/54 Loss=8.9649 mse=0.1039 v_opt=0.18751 v_mand=0.08366 ptv=0.1185 ptv_max=0.00000 ring=0.00000 smooth=0.0124 laplacian=0.0321 beam=0.06559 homogeneity=0.0062 body=0.00000 bowel=0.00000 femur=0.00000
2026-05-22 12:04:36 [INFO] Step 35/54 Loss=2.8167 mse=0.0725 v_opt=0.00922 v_mand=0.00013 ptv=0.0548 ptv_max=0.00049 ring=0.00000 smooth=0.0069 laplacian=0.0191 beam=0.03795 homogeneity=0.0057 body=0.00000 bowel=0.00000 femur=0.00000
2026-05-22 12:04:39 [INFO] Step 40/54 Loss=3.6773 mse=0.0912 v_opt=0.05337 v_mand=0.00912 ptv=0.0513 ptv_max=0.00012 ring=0.00000 smooth=0.0077 laplacian=0.0214 beam=0.02830 homogeneity=0.0029 body=0.00000 bowel=0.00000 femur=0.00000
2026-05-22 12:04:42 [INFO] Step 45/54 Loss=3.2748 mse=0.0700 v_opt=0.04031 v_mand=0.00849 ptv=0.0791 ptv_max=0.00005 ring=0.00000 smooth=0.0086 laplacian=0.0228 beam=0.00762 homogeneity=0.0033 body=0.00000 bowel=0.00000 femur=0.00000
2026-05-22 12:04:45 [INFO] Step 50/54 Loss=2.6239 mse=0.0627 v_opt=0.00027 v_mand=0.00000 ptv=0.0836 ptv_max=0.00001 ring=0.00000 smooth=0.0070 laplacian=0.0185 beam=0.01044 homogeneity=0.0033 body=0.00000 bowel=0.00000 femur=0.00000
2026-05-22 12:04:48 [INFO] Step 54/54 Loss=2.7432 mse=0.0774 v_opt=0.00233 v_mand=0.00007 ptv=0.0627 ptv_max=0.00006 ring=0.00000 smooth=0.0088 laplacian=0.0232 beam=0.00072 homogeneity=0.0021 body=0.00000 bowel=0.00000 femur=0.00000
2026-05-22 12:04:48 [INFO] Running validation at epoch 90...
2026-05-22 12:05:17 [INFO] Epoch 90 Summary: Train=3.0878 Val=0.0101 (MSE=0.0101)
          Metrics: PTV_D95=55.23Gy Bladder=25.85Gy Rectum=28.97Gy
          Metrics: Ring=42.48Gy Dmax=100.31Gy BG=24.45Gy
2026-05-22 12:05:17 [INFO] [PHYSICS] Saved best model val_loss=0.0101
2026-05-22 12:05:17 [INFO] Epoch 91/100 [FULL PHYSICS] ramp=1.000 lr=3.42e-06
2026-05-22 12:05:23 [INFO] Step 5/54 Loss=3.4870 mse=0.1041 v_opt=0.00000 v_mand=0.00000 ptv=0.0228 ptv_max=0.00094 ring=0.00000 smooth=0.0126 laplacian=0.0353 beam=0.06394 homogeneity=0.0051 body=0.00000 bowel=0.00000 femur=0.00000
2026-05-22 12:05:26 [INFO] Step 10/54 Loss=3.7769 mse=0.0876 v_opt=0.00444 v_mand=0.00014 ptv=0.1065 ptv_max=0.00009 ring=0.00000 smooth=0.0134 laplacian=0.0334 beam=0.01364 homogeneity=0.0112 body=0.00000 bowel=0.00199 femur=0.00000
2026-05-22 12:05:29 [INFO] Step 15/54 Loss=2.8716 mse=0.0761 v_opt=0.00023 v_mand=0.00000 ptv=0.0741 ptv_max=0.00002 ring=0.00000 smooth=0.0074 laplacian=0.0194 beam=0.01452 homogeneity=0.0025 body=0.00000 bowel=0.00000 femur=0.00000
2026-05-22 12:05:32 [INFO] Step 20/54 Loss=2.5091 mse=0.0578 v_opt=0.00333 v_mand=0.00000 ptv=0.0896 ptv_max=0.00001 ring=0.00000 smooth=0.0064 laplacian=0.0170 beam=0.00165 homogeneity=0.0030 body=0.00000 bowel=0.00000 femur=0.00000
2026-05-22 12:05:38 [INFO] Step 25/54 Loss=4.1518 mse=0.0906 v_opt=0.00492 v_mand=0.00000 ptv=0.1383 ptv_max=0.00001 ring=0.00000 smooth=0.0124 laplacian=0.0299 beam=0.00780 homogeneity=0.0146 body=0.00000 bowel=0.00000 femur=0.00000
2026-05-22 12:05:41 [INFO] Step 30/54 Loss=2.4797 mse=0.0537 v_opt=0.01646 v_mand=0.00109 ptv=0.0708 ptv_max=0.00003 ring=0.00000 smooth=0.0059 laplacian=0.0156 beam=0.00039 homogeneity=0.0028 body=0.00000 bowel=0.01320 femur=0.00000
2026-05-22 12:05:44 [INFO] Step 35/54 Loss=2.5899 mse=0.0683 v_opt=0.00120 v_mand=0.00008 ptv=0.0646 ptv_max=0.00007 ring=0.00000 smooth=0.0073 laplacian=0.0196 beam=0.01397 homogeneity=0.0026 body=0.00000 bowel=0.00000 femur=0.00000
2026-05-22 12:05:47 [INFO] Step 40/54 Loss=2.6975 mse=0.0709 v_opt=0.00477 v_mand=0.00000 ptv=0.0551 ptv_max=0.00017 ring=0.00000 smooth=0.0082 laplacian=0.0226 beam=0.03441 homogeneity=0.0032 body=0.00000 bowel=0.00000 femur=0.00000
2026-05-22 12:05:50 [INFO] Step 45/54 Loss=2.5690 mse=0.0703 v_opt=0.00647 v_mand=0.00000 ptv=0.0648 ptv_max=0.00004 ring=0.00001 smooth=0.0069 laplacian=0.0186 beam=0.00030 homogeneity=0.0023 body=0.00000 bowel=0.00000 femur=0.00000
2026-05-22 12:05:55 [INFO] Step 50/54 Loss=2.6597 mse=0.0667 v_opt=0.00343 v_mand=0.00000 ptv=0.0556 ptv_max=0.00041 ring=0.00001 smooth=0.0084 laplacian=0.0224 beam=0.03796 homogeneity=0.0050 body=0.00000 bowel=0.00000 femur=0.00000
2026-05-22 12:05:57 [INFO] Step 54/54 Loss=2.6322 mse=0.0579 v_opt=0.01362 v_mand=0.00067 ptv=0.0711 ptv_max=0.00010 ring=0.00000 smooth=0.0091 laplacian=0.0232 beam=0.03970 homogeneity=0.0043 body=0.00000 bowel=0.00000 femur=0.00000
2026-05-22 12:05:57 [INFO] Running validation at epoch 91...
2026-05-22 12:06:26 [INFO] Epoch 91 Summary: Train=2.8914 Val=0.0101 (MSE=0.0101)
          Metrics: PTV_D95=55.33Gy Bladder=26.57Gy Rectum=29.47Gy
          Metrics: Ring=42.73Gy Dmax=99.88Gy BG=24.45Gy
2026-05-22 12:06:26 [INFO] [PHYSICS] Saved best model val_loss=0.0101
2026-05-22 12:06:26 [INFO] Epoch 92/100 [FULL PHYSICS] ramp=1.000 lr=2.97e-06
2026-05-22 12:06:33 [INFO] Step 5/54 Loss=2.6338 mse=0.0619 v_opt=0.00846 v_mand=0.00021 ptv=0.0880 ptv_max=0.00001 ring=0.00000 smooth=0.0075 laplacian=0.0194 beam=0.00107 homogeneity=0.0034 body=0.00000 bowel=0.00000 femur=0.00000
2026-05-22 12:06:35 [INFO] Step 10/54 Loss=3.1640 mse=0.0810 v_opt=0.00288 v_mand=0.00000 ptv=0.0889 ptv_max=0.00000 ring=0.00000 smooth=0.0086 laplacian=0.0232 beam=0.01384 homogeneity=0.0026 body=0.00000 bowel=0.00000 femur=0.00000
2026-05-22 12:06:38 [INFO] Step 15/54 Loss=2.3703 mse=0.0612 v_opt=0.00992 v_mand=0.00001 ptv=0.0636 ptv_max=0.00013 ring=0.00000 smooth=0.0071 laplacian=0.0192 beam=0.00268 homogeneity=0.0030 body=0.00000 bowel=0.00000 femur=0.00000
2026-05-22 12:06:41 [INFO] Step 20/54 Loss=2.8233 mse=0.0838 v_opt=0.00514 v_mand=0.00002 ptv=0.0466 ptv_max=0.00028 ring=0.00000 smooth=0.0097 laplacian=0.0251 beam=0.00696 homogeneity=0.0033 body=0.00000 bowel=0.00000 femur=0.00000
2026-05-22 12:06:46 [INFO] Step 25/54 Loss=2.6006 mse=0.0647 v_opt=0.02100 v_mand=0.00115 ptv=0.0389 ptv_max=0.00047 ring=0.00000 smooth=0.0074 laplacian=0.0202 beam=0.05496 homogeneity=0.0045 body=0.00000 bowel=0.00000 femur=0.00000
2026-05-22 12:06:49 [INFO] Step 30/54 Loss=4.2780 mse=0.0749 v_opt=0.03219 v_mand=0.00329 ptv=0.0667 ptv_max=0.00024 ring=0.00001 smooth=0.0081 laplacian=0.0214 beam=0.04216 homogeneity=0.0050 body=0.00000 bowel=0.07142 femur=0.00000
2026-05-22 12:06:52 [INFO] Step 35/54 Loss=2.6786 mse=0.0713 v_opt=0.00125 v_mand=0.00000 ptv=0.0733 ptv_max=0.00002 ring=0.00001 smooth=0.0075 laplacian=0.0203 beam=0.00095 homogeneity=0.0022 body=0.00000 bowel=0.00000 femur=0.00000
2026-05-22 12:06:55 [INFO] Step 40/54 Loss=3.3759 mse=0.0952 v_opt=0.00579 v_mand=0.00000 ptv=0.0456 ptv_max=0.00066 ring=0.00000 smooth=0.0094 laplacian=0.0255 beam=0.04803 homogeneity=0.0059 body=0.00000 bowel=0.00000 femur=0.00000
2026-05-22 12:06:59 [INFO] Step 45/54 Loss=2.7056 mse=0.0776 v_opt=0.00130 v_mand=0.00000 ptv=0.0245 ptv_max=0.00045 ring=0.00000 smooth=0.0089 laplacian=0.0247 beam=0.05756 homogeneity=0.0037 body=0.00000 bowel=0.00000 femur=0.00000
2026-05-22 12:07:02 [INFO] Step 50/54 Loss=2.3990 mse=0.0605 v_opt=0.00089 v_mand=0.00000 ptv=0.0708 ptv_max=0.00004 ring=0.00000 smooth=0.0071 laplacian=0.0189 beam=0.00340 homogeneity=0.0028 body=0.00000 bowel=0.00000 femur=0.00000
2026-05-22 12:07:05 [INFO] Step 54/54 Loss=1.7132 mse=0.0359 v_opt=0.00074 v_mand=0.00000 ptv=0.0666 ptv_max=0.00005 ring=0.00000 smooth=0.0061 laplacian=0.0160 beam=0.00149 homogeneity=0.0025 body=0.00000 bowel=0.00000 femur=0.00000
2026-05-22 12:07:05 [INFO] Running validation at epoch 92...
2026-05-22 12:07:34 [INFO] Epoch 92 Summary: Train=2.9348 Val=0.0101 (MSE=0.0101)
          Metrics: PTV_D95=55.13Gy Bladder=25.93Gy Rectum=29.13Gy
          Metrics: Ring=42.27Gy Dmax=101.19Gy BG=24.41Gy
2026-05-22 12:07:34 [INFO] Epoch 93/100 [FULL PHYSICS] ramp=1.000 lr=2.56e-06
2026-05-22 12:07:40 [INFO] Step 5/54 Loss=2.2345 mse=0.0584 v_opt=0.00346 v_mand=0.00001 ptv=0.0587 ptv_max=0.00008 ring=0.00000 smooth=0.0067 laplacian=0.0172 beam=0.00814 homogeneity=0.0021 body=0.00000 bowel=0.00000 femur=0.00000
2026-05-22 12:07:44 [INFO] Step 10/54 Loss=3.8689 mse=0.0769 v_opt=0.04698 v_mand=0.00988 ptv=0.0835 ptv_max=0.00031 ring=0.00000 smooth=0.0071 laplacian=0.0194 beam=0.05342 homogeneity=0.0069 body=0.00000 bowel=0.00000 femur=0.00000
2026-05-22 12:07:47 [INFO] Step 15/54 Loss=2.3527 mse=0.0618 v_opt=0.00200 v_mand=0.00000 ptv=0.0629 ptv_max=0.00009 ring=0.00000 smooth=0.0073 laplacian=0.0196 beam=0.00079 homogeneity=0.0030 body=0.00000 bowel=0.00000 femur=0.00000
2026-05-22 12:07:49 [INFO] Step 20/54 Loss=2.2682 mse=0.0527 v_opt=0.01041 v_mand=0.00077 ptv=0.0692 ptv_max=0.00006 ring=0.00000 smooth=0.0070 laplacian=0.0184 beam=0.00794 homogeneity=0.0029 body=0.00000 bowel=0.00000 femur=0.00000
2026-05-22 12:07:53 [INFO] Step 25/54 Loss=2.7825 mse=0.0819 v_opt=0.00179 v_mand=0.00050 ptv=0.0330 ptv_max=0.00051 ring=0.00000 smooth=0.0159 laplacian=0.0439 beam=0.00851 homogeneity=0.0037 body=0.00000 bowel=0.00000 femur=0.00000
2026-05-22 12:07:57 [INFO] Step 30/54 Loss=2.4218 mse=0.0645 v_opt=0.00012 v_mand=0.00000 ptv=0.0651 ptv_max=0.00005 ring=0.00000 smooth=0.0077 laplacian=0.0203 beam=0.00002 homogeneity=0.0023 body=0.00000 bowel=0.00000 femur=0.00000
2026-05-22 12:08:00 [INFO] Step 35/54 Loss=2.8443 mse=0.0690 v_opt=0.00555 v_mand=0.00000 ptv=0.0769 ptv_max=0.00011 ring=0.00000 smooth=0.0091 laplacian=0.0234 beam=0.01921 homogeneity=0.0056 body=0.00000 bowel=0.00000 femur=0.00000
2026-05-22 12:08:03 [INFO] Step 40/54 Loss=2.5562 mse=0.0581 v_opt=0.00306 v_mand=0.00000 ptv=0.0810 ptv_max=0.00000 ring=0.00000 smooth=0.0082 laplacian=0.0217 beam=0.02559 homogeneity=0.0022 body=0.00000 bowel=0.00000 femur=0.00000
2026-05-22 12:08:07 [INFO] Step 45/54 Loss=2.4898 mse=0.0665 v_opt=0.00407 v_mand=0.00005 ptv=0.0597 ptv_max=0.00014 ring=0.00000 smooth=0.0079 laplacian=0.0210 beam=0.00775 homogeneity=0.0030 body=0.00000 bowel=0.00000 femur=0.00000
2026-05-22 12:08:11 [INFO] Step 50/54 Loss=3.3517 mse=0.0951 v_opt=0.00004 v_mand=0.00000 ptv=0.0160 ptv_max=0.00238 ring=0.00000 smooth=0.0100 laplacian=0.0318 beam=0.07279 homogeneity=0.0081 body=0.00000 bowel=0.00000 femur=0.00000
2026-05-22 12:08:13 [INFO] Step 54/54 Loss=2.5033 mse=0.0639 v_opt=0.00000 v_mand=0.00000 ptv=0.0681 ptv_max=0.00007 ring=0.00000 smooth=0.0090 laplacian=0.0234 beam=0.00506 homogeneity=0.0035 body=0.00000 bowel=0.00000 femur=0.00000
2026-05-22 12:08:13 [INFO] Running validation at epoch 93...
2026-05-22 12:08:43 [INFO] Epoch 93 Summary: Train=2.9475 Val=0.0101 (MSE=0.0101)
          Metrics: PTV_D95=55.10Gy Bladder=26.11Gy Rectum=29.18Gy
          Metrics: Ring=42.31Gy Dmax=100.53Gy BG=24.41Gy
2026-05-22 12:08:43 [INFO] [PHYSICS] Saved best model val_loss=0.0101
2026-05-22 12:08:43 [INFO] Epoch 94/100 [FULL PHYSICS] ramp=1.000 lr=2.19e-06
2026-05-22 12:08:49 [INFO] Step 5/54 Loss=2.7331 mse=0.0801 v_opt=0.00273 v_mand=0.00000 ptv=0.0270 ptv_max=0.00040 ring=0.00000 smooth=0.0091 laplacian=0.0255 beam=0.04585 homogeneity=0.0035 body=0.00000 bowel=0.00000 femur=0.00000
2026-05-22 12:08:52 [INFO] Step 10/54 Loss=2.5981 mse=0.0728 v_opt=0.00179 v_mand=0.00000 ptv=0.0579 ptv_max=0.00007 ring=0.00000 smooth=0.0093 laplacian=0.0259 beam=0.00131 homogeneity=0.0023 body=0.00000 bowel=0.00000 femur=0.00000
2026-05-22 12:08:55 [INFO] Step 15/54 Loss=2.6080 mse=0.0677 v_opt=0.00447 v_mand=0.00000 ptv=0.0705 ptv_max=0.00006 ring=0.00000 smooth=0.0077 laplacian=0.0207 beam=0.00632 homogeneity=0.0028 body=0.00000 bowel=0.00000 femur=0.00000
2026-05-22 12:08:58 [INFO] Step 20/54 Loss=2.5377 mse=0.0727 v_opt=0.01182 v_mand=0.00002 ptv=0.0534 ptv_max=0.00015 ring=0.00000 smooth=0.0072 laplacian=0.0197 beam=0.00007 homogeneity=0.0024 body=0.00000 bowel=0.00000 femur=0.00000
2026-05-22 12:09:03 [INFO] Step 25/54 Loss=2.7117 mse=0.0753 v_opt=0.00240 v_mand=0.00005 ptv=0.0650 ptv_max=0.00006 ring=0.00000 smooth=0.0089 laplacian=0.0232 beam=0.00084 homogeneity=0.0021 body=0.00000 bowel=0.00000 femur=0.00000
2026-05-22 12:09:06 [INFO] Step 30/54 Loss=2.7852 mse=0.0625 v_opt=0.01879 v_mand=0.00148 ptv=0.0711 ptv_max=0.00005 ring=0.00000 smooth=0.0061 laplacian=0.0160 beam=0.00032 homogeneity=0.0029 body=0.00000 bowel=0.01679 femur=0.00000
2026-05-22 12:09:09 [INFO] Step 35/54 Loss=3.5183 mse=0.0958 v_opt=0.01497 v_mand=0.00019 ptv=0.0515 ptv_max=0.00023 ring=0.00000 smooth=0.0119 laplacian=0.0314 beam=0.06326 homogeneity=0.0036 body=0.00000 bowel=0.00000 femur=0.00000
2026-05-22 12:09:12 [INFO] Step 40/54 Loss=3.5125 mse=0.0734 v_opt=0.00499 v_mand=0.00007 ptv=0.1058 ptv_max=0.00005 ring=0.00001 smooth=0.0099 laplacian=0.0249 beam=0.00573 homogeneity=0.0099 body=0.00000 bowel=0.01617 femur=0.00000
2026-05-22 12:09:17 [INFO] Step 45/54 Loss=2.7668 mse=0.0731 v_opt=0.00019 v_mand=0.00000 ptv=0.0766 ptv_max=0.00003 ring=0.00000 smooth=0.0075 laplacian=0.0203 beam=0.00276 homogeneity=0.0024 body=0.00000 bowel=0.00000 femur=0.00000
2026-05-22 12:09:19 [INFO] Step 50/54 Loss=2.5186 mse=0.0650 v_opt=0.00010 v_mand=0.00000 ptv=0.0732 ptv_max=0.00002 ring=0.00000 smooth=0.0073 laplacian=0.0192 beam=0.00202 homogeneity=0.0023 body=0.00000 bowel=0.00000 femur=0.00000
2026-05-22 12:09:22 [INFO] Step 54/54 Loss=2.8218 mse=0.0680 v_opt=0.00236 v_mand=0.00019 ptv=0.0785 ptv_max=0.00006 ring=0.00000 smooth=0.0086 laplacian=0.0233 beam=0.02377 homogeneity=0.0038 body=0.00000 bowel=0.00000 femur=0.00000
2026-05-22 12:09:22 [INFO] Running validation at epoch 94...
2026-05-22 12:09:51 [INFO] Epoch 94 Summary: Train=2.8040 Val=0.0101 (MSE=0.0101)
          Metrics: PTV_D95=55.07Gy Bladder=26.02Gy Rectum=28.48Gy
          Metrics: Ring=42.15Gy Dmax=100.45Gy BG=24.38Gy
2026-05-22 12:09:52 [INFO] [PHYSICS] Saved best model val_loss=0.0101
2026-05-22 12:09:52 [INFO] Epoch 95/100 [FULL PHYSICS] ramp=1.000 lr=1.88e-06
2026-05-22 12:09:57 [INFO] Step 5/54 Loss=2.6691 mse=0.0695 v_opt=0.00000 v_mand=0.00000 ptv=0.0747 ptv_max=0.00002 ring=0.00000 smooth=0.0088 laplacian=0.0224 beam=0.00334 homogeneity=0.0023 body=0.00000 bowel=0.00000 femur=0.00000
2026-05-22 12:10:00 [INFO] Step 10/54 Loss=2.7011 mse=0.0751 v_opt=0.00071 v_mand=0.00000 ptv=0.0627 ptv_max=0.00004 ring=0.00000 smooth=0.0083 laplacian=0.0221 beam=0.00575 homogeneity=0.0022 body=0.00000 bowel=0.00000 femur=0.00000
2026-05-22 12:10:03 [INFO] Step 15/54 Loss=2.5002 mse=0.0611 v_opt=0.00086 v_mand=0.00001 ptv=0.0782 ptv_max=0.00002 ring=0.00000 smooth=0.0086 laplacian=0.0227 beam=0.00306 homogeneity=0.0025 body=0.00000 bowel=0.00000 femur=0.00000
2026-05-22 12:10:06 [INFO] Step 20/54 Loss=2.3435 mse=0.0614 v_opt=0.00588 v_mand=0.00000 ptv=0.0621 ptv_max=0.00010 ring=0.00000 smooth=0.0067 laplacian=0.0180 beam=0.00187 homogeneity=0.0033 body=0.00000 bowel=0.00000 femur=0.00000
2026-05-22 12:10:11 [INFO] Step 25/54 Loss=2.6990 mse=0.0879 v_opt=0.00000 v_mand=0.00000 ptv=0.0000 ptv_max=0.00000 ring=0.00000 smooth=0.0090 laplacian=0.0237 beam=0.07455 homogeneity=0.0000 body=0.00000 bowel=0.00000 femur=0.00000
2026-05-22 12:10:14 [INFO] Step 30/54 Loss=1.9890 mse=0.0545 v_opt=0.00138 v_mand=0.00025 ptv=0.0343 ptv_max=0.00024 ring=0.00000 smooth=0.0095 laplacian=0.0266 beam=0.01145 homogeneity=0.0029 body=0.00000 bowel=0.00000 femur=0.00000
2026-05-22 12:10:17 [INFO] Step 35/54 Loss=2.8350 mse=0.0635 v_opt=0.02032 v_mand=0.00202 ptv=0.0604 ptv_max=0.00016 ring=0.00001 smooth=0.0065 laplacian=0.0170 beam=0.00219 homogeneity=0.0038 body=0.00000 bowel=0.02103 femur=0.00000
2026-05-22 12:10:20 [INFO] Step 40/54 Loss=2.7328 mse=0.0707 v_opt=0.00339 v_mand=0.00000 ptv=0.0773 ptv_max=0.00002 ring=0.00000 smooth=0.0074 laplacian=0.0196 beam=0.00442 homogeneity=0.0028 body=0.00000 bowel=0.00000 femur=0.00000
2026-05-22 12:10:25 [INFO] Step 45/54 Loss=2.7348 mse=0.0730 v_opt=0.01637 v_mand=0.00017 ptv=0.0675 ptv_max=0.00006 ring=0.00000 smooth=0.0075 laplacian=0.0201 beam=0.00594 homogeneity=0.0026 body=0.00000 bowel=0.00000 femur=0.00000
2026-05-22 12:10:28 [INFO] Step 50/54 Loss=2.9613 mse=0.0755 v_opt=0.00064 v_mand=0.00000 ptv=0.0622 ptv_max=0.00014 ring=0.00000 smooth=0.0083 laplacian=0.0229 beam=0.05007 homogeneity=0.0035 body=0.00000 bowel=0.00000 femur=0.00000
2026-05-22 12:10:31 [INFO] Step 54/54 Loss=2.1563 mse=0.0548 v_opt=0.00661 v_mand=0.00000 ptv=0.0602 ptv_max=0.00017 ring=0.00000 smooth=0.0066 laplacian=0.0168 beam=0.00000 homogeneity=0.0036 body=0.00000 bowel=0.00000 femur=0.00000
2026-05-22 12:10:31 [INFO] Running validation at epoch 95...
2026-05-22 12:11:00 [INFO] Epoch 95 Summary: Train=2.7653 Val=0.0100 (MSE=0.0100)
          Metrics: PTV_D95=55.34Gy Bladder=26.32Gy Rectum=29.19Gy
          Metrics: Ring=42.56Gy Dmax=100.57Gy BG=24.34Gy
2026-05-22 12:11:00 [INFO] [PHYSICS] Saved best model val_loss=0.0100
2026-05-22 12:11:00 [INFO] Epoch 96/100 [FULL PHYSICS] ramp=1.000 lr=1.61e-06
2026-05-22 12:11:06 [INFO] Step 5/54 Loss=2.6103 mse=0.0657 v_opt=0.00458 v_mand=0.00000 ptv=0.0789 ptv_max=0.00002 ring=0.00000 smooth=0.0086 laplacian=0.0218 beam=0.00009 homogeneity=0.0025 body=0.00000 bowel=0.00000 femur=0.00000
2026-05-22 12:11:09 [INFO] Step 10/54 Loss=4.9511 mse=0.1492 v_opt=0.00005 v_mand=0.00000 ptv=0.0162 ptv_max=0.00207 ring=0.00000 smooth=0.0155 laplacian=0.0475 beam=0.10991 homogeneity=0.0076 body=0.00000 bowel=0.00000 femur=0.00000
2026-05-22 12:11:12 [INFO] Step 15/54 Loss=2.3559 mse=0.0633 v_opt=0.00605 v_mand=0.00005 ptv=0.0563 ptv_max=0.00014 ring=0.00000 smooth=0.0070 laplacian=0.0191 beam=0.00489 homogeneity=0.0031 body=0.00000 bowel=0.00000 femur=0.00000
2026-05-22 12:11:15 [INFO] Step 20/54 Loss=2.9820 mse=0.0854 v_opt=0.00185 v_mand=0.00000 ptv=0.0569 ptv_max=0.00009 ring=0.00001 smooth=0.0117 laplacian=0.0306 beam=0.01133 homogeneity=0.0024 body=0.00000 bowel=0.00000 femur=0.00000
2026-05-22 12:11:20 [INFO] Step 25/54 Loss=2.8666 mse=0.0821 v_opt=0.00008 v_mand=0.00000 ptv=0.0275 ptv_max=0.00065 ring=0.00001 smooth=0.0097 laplacian=0.0277 beam=0.05352 homogeneity=0.0046 body=0.00000 bowel=0.00000 femur=0.00000
2026-05-22 12:11:23 [INFO] Step 30/54 Loss=2.8586 mse=0.0662 v_opt=0.00206 v_mand=0.00000 ptv=0.0874 ptv_max=0.00000 ring=0.00005 smooth=0.0085 laplacian=0.0227 beam=0.02968 homogeneity=0.0027 body=0.00000 bowel=0.00000 femur=0.00000
2026-05-22 12:11:26 [INFO] Step 35/54 Loss=4.9310 mse=0.1664 v_opt=0.00257 v_mand=0.00000 ptv=0.0559 ptv_max=0.00008 ring=0.00000 smooth=0.0074 laplacian=0.0206 beam=0.00814 homogeneity=0.0026 body=0.00000 bowel=0.00000 femur=0.00000
2026-05-22 12:11:29 [INFO] Step 40/54 Loss=2.6073 mse=0.0748 v_opt=0.00003 v_mand=0.00000 ptv=0.0367 ptv_max=0.00058 ring=0.00000 smooth=0.0082 laplacian=0.0233 beam=0.02425 homogeneity=0.0048 body=0.00000 bowel=0.00000 femur=0.00000
2026-05-22 12:11:35 [INFO] Step 45/54 Loss=2.5322 mse=0.0387 v_opt=0.03576 v_mand=0.00592 ptv=0.0854 ptv_max=0.00021 ring=0.00000 smooth=0.0063 laplacian=0.0166 beam=0.01848 homogeneity=0.0075 body=0.00000 bowel=0.00000 femur=0.00000
2026-05-22 12:11:38 [INFO] Step 50/54 Loss=2.7771 mse=0.0689 v_opt=0.00773 v_mand=0.00000 ptv=0.0844 ptv_max=0.00001 ring=0.00000 smooth=0.0096 laplacian=0.0245 beam=0.00002 homogeneity=0.0031 body=0.00000 bowel=0.00000 femur=0.00000
2026-05-22 12:11:40 [INFO] Step 54/54 Loss=2.7681 mse=0.0719 v_opt=0.00005 v_mand=0.00000 ptv=0.0797 ptv_max=0.00003 ring=0.00000 smooth=0.0072 laplacian=0.0196 beam=0.00370 homogeneity=0.0024 body=0.00000 bowel=0.00000 femur=0.00000
2026-05-22 12:11:40 [INFO] Running validation at epoch 96...
2026-05-22 12:12:10 [INFO] Epoch 96 Summary: Train=2.9898 Val=0.0100 (MSE=0.0100)
          Metrics: PTV_D95=55.22Gy Bladder=25.94Gy Rectum=28.99Gy
          Metrics: Ring=42.34Gy Dmax=100.25Gy BG=24.33Gy
2026-05-22 12:12:10 [INFO] [PHYSICS] Saved best model val_loss=0.0100
2026-05-22 12:12:10 [INFO] Epoch 97/100 [FULL PHYSICS] ramp=1.000 lr=1.39e-06
2026-05-22 12:12:15 [INFO] Step 5/54 Loss=2.3165 mse=0.0600 v_opt=0.00354 v_mand=0.00005 ptv=0.0638 ptv_max=0.00006 ring=0.00000 smooth=0.0066 laplacian=0.0176 beam=0.00288 homogeneity=0.0028 body=0.00000 bowel=0.00009 femur=0.00000
2026-05-22 12:12:19 [INFO] Step 10/54 Loss=2.7112 mse=0.0687 v_opt=0.00000 v_mand=0.00000 ptv=0.0821 ptv_max=0.00002 ring=0.00000 smooth=0.0080 laplacian=0.0203 beam=0.00009 homogeneity=0.0031 body=0.00000 bowel=0.00000 femur=0.00000
2026-05-22 12:12:22 [INFO] Step 15/54 Loss=2.3312 mse=0.0592 v_opt=0.00216 v_mand=0.00000 ptv=0.0665 ptv_max=0.00008 ring=0.00001 smooth=0.0073 laplacian=0.0193 beam=0.00204 homogeneity=0.0032 body=0.00000 bowel=0.00000 femur=0.00000
2026-05-22 12:12:24 [INFO] Step 20/54 Loss=2.3103 mse=0.0597 v_opt=0.00347 v_mand=0.00000 ptv=0.0594 ptv_max=0.00013 ring=0.00000 smooth=0.0069 laplacian=0.0188 beam=0.00858 homogeneity=0.0034 body=0.00000 bowel=0.00000 femur=0.00000
2026-05-22 12:12:30 [INFO] Step 25/54 Loss=2.2474 mse=0.0516 v_opt=0.00315 v_mand=0.00000 ptv=0.0779 ptv_max=0.00003 ring=0.00000 smooth=0.0068 laplacian=0.0174 beam=0.00100 homogeneity=0.0035 body=0.00000 bowel=0.00000 femur=0.00000
2026-05-22 12:12:33 [INFO] Step 30/54 Loss=2.3641 mse=0.0607 v_opt=0.01104 v_mand=0.00000 ptv=0.0564 ptv_max=0.00008 ring=0.00000 smooth=0.0072 laplacian=0.0196 beam=0.02276 homogeneity=0.0019 body=0.00000 bowel=0.00000 femur=0.00000
2026-05-22 12:12:36 [INFO] Step 35/54 Loss=2.8925 mse=0.0692 v_opt=0.02426 v_mand=0.00211 ptv=0.0686 ptv_max=0.00028 ring=0.00000 smooth=0.0096 laplacian=0.0243 beam=0.01406 homogeneity=0.0054 body=0.00000 bowel=0.00000 femur=0.00000
2026-05-22 12:12:39 [INFO] Step 40/54 Loss=2.7566 mse=0.0739 v_opt=0.00843 v_mand=0.00000 ptv=0.0539 ptv_max=0.00016 ring=0.00000 smooth=0.0092 laplacian=0.0248 beam=0.02927 homogeneity=0.0033 body=0.00000 bowel=0.00000 femur=0.00000
2026-05-22 12:12:45 [INFO] Step 45/54 Loss=4.2566 mse=0.1463 v_opt=0.00220 v_mand=0.00071 ptv=0.0216 ptv_max=0.00071 ring=0.00000 smooth=0.0127 laplacian=0.0348 beam=0.00540 homogeneity=0.0047 body=0.00000 bowel=0.00000 femur=0.00000
2026-05-22 12:12:48 [INFO] Step 50/54 Loss=2.3730 mse=0.0515 v_opt=0.00711 v_mand=0.00000 ptv=0.0904 ptv_max=0.00001 ring=0.00000 smooth=0.0071 laplacian=0.0192 beam=0.00017 homogeneity=0.0032 body=0.00000 bowel=0.00000 femur=0.00000
2026-05-22 12:12:51 [INFO] Step 54/54 Loss=2.6110 mse=0.0679 v_opt=0.00769 v_mand=0.00024 ptv=0.0598 ptv_max=0.00017 ring=0.00000 smooth=0.0097 laplacian=0.0244 beam=0.01603 homogeneity=0.0034 body=0.00000 bowel=0.00000 femur=0.00000
2026-05-22 12:12:51 [INFO] Running validation at epoch 97...
2026-05-22 12:13:20 [INFO] Epoch 97 Summary: Train=2.7292 Val=0.0100 (MSE=0.0100)
          Metrics: PTV_D95=55.49Gy Bladder=26.71Gy Rectum=29.23Gy
          Metrics: Ring=42.78Gy Dmax=100.04Gy BG=24.31Gy
2026-05-22 12:13:20 [INFO] [PHYSICS] Saved best model val_loss=0.0100
2026-05-22 12:13:20 [INFO] Epoch 98/100 [FULL PHYSICS] ramp=1.000 lr=1.22e-06
2026-05-22 12:13:25 [INFO] Step 5/54 Loss=2.1596 mse=0.0565 v_opt=0.00235 v_mand=0.00009 ptv=0.0562 ptv_max=0.00011 ring=0.00000 smooth=0.0080 laplacian=0.0219 beam=0.00077 homogeneity=0.0025 body=0.00000 bowel=0.00000 femur=0.00000
2026-05-22 12:13:29 [INFO] Step 10/54 Loss=1.9365 mse=0.0409 v_opt=0.00908 v_mand=0.00043 ptv=0.0708 ptv_max=0.00004 ring=0.00000 smooth=0.0065 laplacian=0.0170 beam=0.00419 homogeneity=0.0027 body=0.00000 bowel=0.00000 femur=0.00000
2026-05-22 12:13:32 [INFO] Step 15/54 Loss=2.2769 mse=0.0535 v_opt=0.00049 v_mand=0.00000 ptv=0.0738 ptv_max=0.00002 ring=0.00000 smooth=0.0075 laplacian=0.0199 beam=0.00849 homogeneity=0.0024 body=0.00000 bowel=0.00000 femur=0.00000
2026-05-22 12:13:35 [INFO] Step 20/54 Loss=2.4886 mse=0.0669 v_opt=0.01113 v_mand=0.00072 ptv=0.0572 ptv_max=0.00020 ring=0.00001 smooth=0.0076 laplacian=0.0202 beam=0.00022 homogeneity=0.0033 body=0.00000 bowel=0.00000 femur=0.00000
2026-05-22 12:13:40 [INFO] Step 25/54 Loss=2.5353 mse=0.0607 v_opt=0.01293 v_mand=0.00000 ptv=0.0792 ptv_max=0.00002 ring=0.00000 smooth=0.0089 laplacian=0.0232 beam=0.00093 homogeneity=0.0035 body=0.00000 bowel=0.00000 femur=0.00000
2026-05-22 12:13:43 [INFO] Step 30/54 Loss=3.1580 mse=0.0713 v_opt=0.00124 v_mand=0.00000 ptv=0.1015 ptv_max=0.00001 ring=0.00000 smooth=0.0077 laplacian=0.0206 beam=0.03529 homogeneity=0.0035 body=0.00000 bowel=0.00000 femur=0.00000
2026-05-22 12:13:47 [INFO] Step 35/54 Loss=2.8413 mse=0.0785 v_opt=0.00011 v_mand=0.00000 ptv=0.0615 ptv_max=0.00002 ring=0.00000 smooth=0.0070 laplacian=0.0191 beam=0.02423 homogeneity=0.0020 body=0.00000 bowel=0.00000 femur=0.00000
2026-05-22 12:13:49 [INFO] Step 40/54 Loss=2.4506 mse=0.0615 v_opt=0.00958 v_mand=0.00000 ptv=0.0690 ptv_max=0.00002 ring=0.00000 smooth=0.0074 laplacian=0.0201 beam=0.00954 homogeneity=0.0023 body=0.00000 bowel=0.00000 femur=0.00000
2026-05-22 12:13:54 [INFO] Step 45/54 Loss=2.3852 mse=0.0624 v_opt=0.00550 v_mand=0.00008 ptv=0.0610 ptv_max=0.00012 ring=0.00000 smooth=0.0091 laplacian=0.0231 beam=0.00201 homogeneity=0.0030 body=0.00000 bowel=0.00000 femur=0.00000
2026-05-22 12:13:57 [INFO] Step 50/54 Loss=2.5455 mse=0.0633 v_opt=0.02072 v_mand=0.00154 ptv=0.0645 ptv_max=0.00013 ring=0.00000 smooth=0.0073 laplacian=0.0193 beam=0.00310 homogeneity=0.0036 body=0.00000 bowel=0.00015 femur=0.00000
2026-05-22 12:13:59 [INFO] Step 54/54 Loss=2.3721 mse=0.0602 v_opt=0.00347 v_mand=0.00000 ptv=0.0618 ptv_max=0.00009 ring=0.00000 smooth=0.0073 laplacian=0.0191 beam=0.01591 homogeneity=0.0028 body=0.00000 bowel=0.00000 femur=0.00000
2026-05-22 12:13:59 [INFO] Running validation at epoch 98...
2026-05-22 12:14:28 [INFO] Epoch 98 Summary: Train=2.7759 Val=0.0100 (MSE=0.0100)
          Metrics: PTV_D95=55.26Gy Bladder=26.44Gy Rectum=29.22Gy
          Metrics: Ring=42.46Gy Dmax=100.22Gy BG=24.30Gy
2026-05-22 12:14:28 [INFO] Epoch 99/100 [FULL PHYSICS] ramp=1.000 lr=1.10e-06
2026-05-22 12:14:35 [INFO] Step 5/54 Loss=2.4834 mse=0.0692 v_opt=0.00017 v_mand=0.00000 ptv=0.0581 ptv_max=0.00015 ring=0.00000 smooth=0.0078 laplacian=0.0207 beam=0.00072 homogeneity=0.0025 body=0.00000 bowel=0.00000 femur=0.00000
2026-05-22 12:14:38 [INFO] Step 10/54 Loss=6.2238 mse=0.2151 v_opt=0.00280 v_mand=0.00000 ptv=0.0518 ptv_max=0.00031 ring=0.00000 smooth=0.0088 laplacian=0.0244 beam=0.02150 homogeneity=0.0035 body=0.00000 bowel=0.00000 femur=0.00000
2026-05-22 12:14:41 [INFO] Step 15/54 Loss=2.6398 mse=0.0655 v_opt=0.01834 v_mand=0.00028 ptv=0.0688 ptv_max=0.00006 ring=0.00000 smooth=0.0066 laplacian=0.0176 beam=0.01948 homogeneity=0.0035 body=0.00000 bowel=0.00000 femur=0.00000
2026-05-22 12:14:44 [INFO] Step 20/54 Loss=2.3619 mse=0.0571 v_opt=0.00084 v_mand=0.00000 ptv=0.0646 ptv_max=0.00006 ring=0.00000 smooth=0.0069 laplacian=0.0188 beam=0.02492 homogeneity=0.0029 body=0.00000 bowel=0.00000 femur=0.00000
2026-05-22 12:14:49 [INFO] Step 25/54 Loss=2.8033 mse=0.0802 v_opt=0.00734 v_mand=0.00000 ptv=0.0579 ptv_max=0.00015 ring=0.00000 smooth=0.0093 laplacian=0.0261 beam=0.00045 homogeneity=0.0028 body=0.00000 bowel=0.00000 femur=0.00000
2026-05-22 12:14:52 [INFO] Step 30/54 Loss=2.8016 mse=0.0681 v_opt=0.00091 v_mand=0.00000 ptv=0.0807 ptv_max=0.00003 ring=0.00000 smooth=0.0078 laplacian=0.0203 beam=0.02268 homogeneity=0.0033 body=0.00000 bowel=0.00000 femur=0.00000
2026-05-22 12:14:55 [INFO] Step 35/54 Loss=2.7407 mse=0.0427 v_opt=0.00000 v_mand=0.00000 ptv=0.1392 ptv_max=0.00013 ring=0.00005 smooth=0.0060 laplacian=0.0162 beam=0.00183 homogeneity=0.0089 body=0.00000 bowel=0.00000 femur=0.00000
2026-05-22 12:14:58 [INFO] Step 40/54 Loss=2.4149 mse=0.0651 v_opt=0.00035 v_mand=0.00000 ptv=0.0605 ptv_max=0.00009 ring=0.00000 smooth=0.0079 laplacian=0.0212 beam=0.00055 homogeneity=0.0031 body=0.00000 bowel=0.00000 femur=0.00000
2026-05-22 12:15:03 [INFO] Step 45/54 Loss=2.3084 mse=0.0538 v_opt=0.00859 v_mand=0.00036 ptv=0.0746 ptv_max=0.00003 ring=0.00000 smooth=0.0065 laplacian=0.0170 beam=0.00605 homogeneity=0.0030 body=0.00000 bowel=0.00000 femur=0.00000
2026-05-22 12:15:06 [INFO] Step 50/54 Loss=5.2663 mse=0.0604 v_opt=0.10769 v_mand=0.04492 ptv=0.0858 ptv_max=0.00003 ring=0.00000 smooth=0.0073 laplacian=0.0197 beam=0.04511 homogeneity=0.0053 body=0.00000 bowel=0.00000 femur=0.00000
2026-05-22 12:15:09 [INFO] Step 54/54 Loss=2.6404 mse=0.0719 v_opt=0.00608 v_mand=0.00000 ptv=0.0661 ptv_max=0.00005 ring=0.00000 smooth=0.0086 laplacian=0.0230 beam=0.00032 homogeneity=0.0021 body=0.00000 bowel=0.00000 femur=0.00000
2026-05-22 12:15:09 [INFO] Running validation at epoch 99...
2026-05-22 12:15:38 [INFO] Epoch 99 Summary: Train=3.0023 Val=0.0100 (MSE=0.0100)
          Metrics: PTV_D95=55.43Gy Bladder=26.71Gy Rectum=29.37Gy
          Metrics: Ring=42.73Gy Dmax=99.99Gy BG=24.31Gy
2026-05-22 12:15:38 [INFO] Epoch 100/100 [FULL PHYSICS] ramp=1.000 lr=1.02e-06
2026-05-22 12:15:44 [INFO] Step 5/54 Loss=2.2403 mse=0.0540 v_opt=0.00614 v_mand=0.00015 ptv=0.0709 ptv_max=0.00005 ring=0.00000 smooth=0.0067 laplacian=0.0173 beam=0.00212 homogeneity=0.0028 body=0.00000 bowel=0.00000 femur=0.00000
2026-05-22 12:15:48 [INFO] Step 10/54 Loss=4.0931 mse=0.1386 v_opt=0.00226 v_mand=0.00071 ptv=0.0246 ptv_max=0.00069 ring=0.00000 smooth=0.0111 laplacian=0.0305 beam=0.01057 homogeneity=0.0045 body=0.00000 bowel=0.00000 femur=0.00000
2026-05-22 12:15:51 [INFO] Step 15/54 Loss=2.9258 mse=0.0852 v_opt=0.00314 v_mand=0.00000 ptv=0.0471 ptv_max=0.00024 ring=0.00000 smooth=0.0094 laplacian=0.0265 beam=0.01893 homogeneity=0.0034 body=0.00000 bowel=0.00000 femur=0.00000
2026-05-22 12:15:54 [INFO] Step 20/54 Loss=2.2173 mse=0.0527 v_opt=0.00413 v_mand=0.00000 ptv=0.0696 ptv_max=0.00007 ring=0.00000 smooth=0.0063 laplacian=0.0169 beam=0.00777 homogeneity=0.0032 body=0.00000 bowel=0.00000 femur=0.00000
2026-05-22 12:15:59 [INFO] Step 25/54 Loss=2.4993 mse=0.0678 v_opt=0.00461 v_mand=0.00045 ptv=0.0599 ptv_max=0.00011 ring=0.00000 smooth=0.0079 laplacian=0.0212 beam=0.00132 homogeneity=0.0025 body=0.00000 bowel=0.00000 femur=0.00000
2026-05-22 12:16:02 [INFO] Step 30/54 Loss=2.3660 mse=0.0630 v_opt=0.00315 v_mand=0.00000 ptv=0.0607 ptv_max=0.00009 ring=0.00000 smooth=0.0075 laplacian=0.0207 beam=0.00104 homogeneity=0.0028 body=0.00000 bowel=0.00000 femur=0.00000
2026-05-22 12:16:05 [INFO] Step 35/54 Loss=2.2308 mse=0.0449 v_opt=0.00989 v_mand=0.00000 ptv=0.0922 ptv_max=0.00001 ring=0.00000 smooth=0.0070 laplacian=0.0181 beam=0.00000 homogeneity=0.0035 body=0.00000 bowel=0.00000 femur=0.00000
2026-05-22 12:16:08 [INFO] Step 40/54 Loss=2.8941 mse=0.0849 v_opt=0.00152 v_mand=0.00000 ptv=0.0460 ptv_max=0.00045 ring=0.00000 smooth=0.0081 laplacian=0.0221 beam=0.01781 homogeneity=0.0039 body=0.00000 bowel=0.00000 femur=0.00000
2026-05-22 12:16:13 [INFO] Step 45/54 Loss=2.8235 mse=0.0709 v_opt=0.00437 v_mand=0.00000 ptv=0.0699 ptv_max=0.00004 ring=0.00000 smooth=0.0092 laplacian=0.0237 beam=0.03449 homogeneity=0.0021 body=0.00000 bowel=0.00000 femur=0.00000
2026-05-22 12:16:16 [INFO] Step 50/54 Loss=14.8743 mse=0.0459 v_opt=0.40847 v_mand=0.23767 ptv=0.0830 ptv_max=0.00001 ring=0.00000 smooth=0.0074 laplacian=0.0189 beam=0.00423 homogeneity=0.0037 body=0.00000 bowel=0.00000 femur=0.00000
2026-05-22 12:16:18 [INFO] Step 54/54 Loss=2.5756 mse=0.0662 v_opt=0.00075 v_mand=0.00000 ptv=0.0743 ptv_max=0.00004 ring=0.00000 smooth=0.0072 laplacian=0.0186 beam=0.00573 homogeneity=0.0023 body=0.00000 bowel=0.00000 femur=0.00000
2026-05-22 12:16:18 [INFO] Running validation at epoch 100...
2026-05-22 12:16:47 [INFO] Epoch 100 Summary: Train=3.3913 Val=0.0100 (MSE=0.0100)
          Metrics: PTV_D95=55.27Gy Bladder=26.34Gy Rectum=28.78Gy
          Metrics: Ring=42.43Gy Dmax=100.29Gy BG=24.31Gy
2026-05-22 12:16:47 [INFO] Training complete. Best val loss: 0.0100 Best clinical score: 49.5416
