2026-05-20 14:24:00 [INFO] Training log started: training_20260520_142400.log
2026-05-20 14:24:00 [INFO] PATCH_SIZE=(128, 128, 64), GRAD_ACCUM_STEPS=2
2026-05-20 14:24:00 [INFO] Loading clinical constraints from ./prostate_prime_constraints_v2.csv ...
2026-05-20 14:24:00 [INFO] Model ready on cuda, epochs=100, AMP=ON
2026-05-20 14:24:00 [INFO] Epoch 1/100 started, lr=1.00e-04
2026-05-20 14:25:03 [INFO] Step 5/54 Loss=224.3137 mse=1.1871 v_opt=4.44743 v_mand=3.79046 ptv=0.0941 ptv_max=0.06856 ring=0.29574 smooth=3.7153 beam=0.59542 homogeneity=0.0936
2026-05-20 14:25:41 [INFO] Step 10/54 Loss=239.1016 mse=0.9286 v_opt=4.88274 v_mand=4.19073 ptv=0.0806 ptv_max=0.06337 ring=0.28349 smooth=3.3435 beam=0.04223 homogeneity=0.0871
2026-05-20 14:26:15 [INFO] Step 15/54 Loss=219.7101 mse=1.2083 v_opt=4.36039 v_mand=3.71663 ptv=0.0887 ptv_max=0.05747 ring=0.28287 smooth=3.9286 beam=0.61472 homogeneity=0.0803
2026-05-20 14:26:53 [INFO] Step 20/54 Loss=218.2203 mse=1.0570 v_opt=4.33315 v_mand=3.68253 ptv=0.1225 ptv_max=0.09611 ring=0.32673 smooth=3.6812 beam=0.20313 homogeneity=0.1271
2026-05-20 14:27:48 [INFO] Step 25/54 Loss=201.9948 mse=1.0355 v_opt=4.08080 v_mand=3.43922 ptv=0.1160 ptv_max=0.05373 ring=0.26077 smooth=2.9710 beam=0.38268 homogeneity=0.0774
2026-05-20 14:28:27 [INFO] Step 30/54 Loss=203.1373 mse=1.5870 v_opt=3.91877 v_mand=3.28019 ptv=0.1095 ptv_max=0.04360 ring=0.21663 smooth=4.0181 beam=1.43809 homogeneity=0.0652
2026-05-20 14:29:02 [INFO] Step 35/54 Loss=191.7018 mse=1.1716 v_opt=3.95020 v_mand=3.30315 ptv=0.1036 ptv_max=0.01933 ring=0.17035 smooth=3.3979 beam=0.27103 homogeneity=0.0338
2026-05-20 14:29:35 [INFO] Step 40/54 Loss=172.9639 mse=1.4210 v_opt=3.37221 v_mand=2.79004 ptv=0.1306 ptv_max=0.03306 ring=0.22336 smooth=4.0504 beam=0.94702 homogeneity=0.0529
2026-05-20 14:30:32 [INFO] Step 45/54 Loss=175.0224 mse=1.5475 v_opt=3.42625 v_mand=2.81965 ptv=0.1317 ptv_max=0.01474 ring=0.16267 smooth=3.8257 beam=1.25030 homogeneity=0.0292
2026-05-20 14:31:16 [INFO] Step 50/54 Loss=164.9307 mse=1.4048 v_opt=3.20493 v_mand=2.61421 ptv=0.1506 ptv_max=0.03427 ring=0.21758 smooth=3.7677 beam=1.16610 homogeneity=0.0536
2026-05-20 14:31:46 [INFO] Step 54/54 Loss=145.5505 mse=1.0582 v_opt=2.95195 v_mand=2.38604 ptv=0.1596 ptv_max=0.02960 ring=0.22104 smooth=3.0974 beam=0.41388 homogeneity=0.0496
2026-05-20 14:31:46 [INFO] Running validation at epoch 1...
2026-05-20 14:33:24 [INFO] Epoch 1 Summary: Train=190.5570 Val=158.7605 PTV_D95=46.67Gy Bladder=71.31Gy Rectum=70.32Gy
2026-05-20 14:33:24 [INFO] [PHYSICS] Saved best model val_loss=158.7605
2026-05-20 14:33:24 [INFO] [CLINICAL] Saved best model Score=118.494 PTV_D95=46.67Gy Bladder=71.31Gy Rectum=70.32Gy
2026-05-20 14:33:24 [INFO] Epoch 2/100 started, lr=1.00e-04
2026-05-20 14:33:29 [INFO] Step 5/54 Loss=130.7211 mse=0.9736 v_opt=2.65931 v_mand=2.13497 ptv=0.1621 ptv_max=0.01891 ring=0.21352 smooth=2.6467 beam=0.42610 homogeneity=0.0377
2026-05-20 14:33:32 [INFO] Step 10/54 Loss=129.4370 mse=0.9699 v_opt=2.67029 v_mand=2.12787 ptv=0.1824 ptv_max=0.02488 ring=0.17935 smooth=2.8250 beam=0.21160 homogeneity=0.0452
2026-05-20 14:33:35 [INFO] Step 15/54 Loss=121.0597 mse=1.2307 v_opt=2.39763 v_mand=1.89292 ptv=0.1807 ptv_max=0.00719 ring=0.13071 smooth=2.9645 beam=0.88654 homogeneity=0.0227
2026-05-20 14:33:37 [INFO] Step 20/54 Loss=121.1286 mse=0.9646 v_opt=2.52304 v_mand=1.99070 ptv=0.1905 ptv_max=0.01468 ring=0.14921 smooth=2.4214 beam=0.22307 homogeneity=0.0334
2026-05-20 14:33:42 [INFO] Step 25/54 Loss=112.7230 mse=1.0576 v_opt=2.22734 v_mand=1.74422 ptv=0.2104 ptv_max=0.03234 ring=0.22299 smooth=2.8937 beam=0.38887 homogeneity=0.0591
2026-05-20 14:33:45 [INFO] Step 30/54 Loss=135.7000 mse=0.9034 v_opt=2.93171 v_mand=2.34364 ptv=0.1811 ptv_max=0.00056 ring=0.09154 smooth=1.5587 beam=0.00104 homogeneity=0.0124
2026-05-20 14:33:47 [INFO] Step 35/54 Loss=114.0632 mse=1.2820 v_opt=2.22367 v_mand=1.72327 ptv=0.2402 ptv_max=0.00638 ring=0.11906 smooth=2.8231 beam=1.05091 homogeneity=0.0294
2026-05-20 14:33:50 [INFO] Step 40/54 Loss=103.9679 mse=1.0886 v_opt=2.08509 v_mand=1.59668 ptv=0.2441 ptv_max=0.00892 ring=0.14176 smooth=2.3982 beam=0.63568 homogeneity=0.0323
2026-05-20 14:33:54 [INFO] Step 45/54 Loss=98.9139 mse=0.9368 v_opt=1.99241 v_mand=1.52533 ptv=0.2234 ptv_max=0.02268 ring=0.19305 smooth=1.5750 beam=0.38300 homogeneity=0.0479
2026-05-20 14:33:56 [INFO] Step 50/54 Loss=96.6852 mse=0.9942 v_opt=1.98155 v_mand=1.51591 ptv=0.2490 ptv_max=0.00340 ring=0.09058 smooth=2.2261 beam=0.44606 homogeneity=0.0257
2026-05-20 14:33:58 [INFO] Step 54/54 Loss=94.1140 mse=1.0633 v_opt=1.88724 v_mand=1.42810 ptv=0.2483 ptv_max=0.00416 ring=0.10597 smooth=2.2795 beam=0.64980 homogeneity=0.0272
2026-05-20 14:33:58 [INFO] Running validation at epoch 2...
2026-05-20 14:34:21 [INFO] Epoch 2 Summary: Train=119.4298 Val=103.7717 PTV_D95=42.69Gy Bladder=69.93Gy Rectum=58.24Gy
2026-05-20 14:34:21 [INFO] [PHYSICS] Saved best model val_loss=103.7717
2026-05-20 14:34:21 [INFO] Epoch 3/100 started, lr=9.99e-05
2026-05-20 14:34:27 [INFO] Step 5/54 Loss=90.1878 mse=0.9332 v_opt=1.83460 v_mand=1.38433 ptv=0.2258 ptv_max=0.01299 ring=0.14581 smooth=1.5426 beam=0.40238 homogeneity=0.0355
2026-05-20 14:34:29 [INFO] Step 10/54 Loss=81.4704 mse=0.9396 v_opt=1.67958 v_mand=1.25110 ptv=0.2613 ptv_max=0.00240 ring=0.08917 smooth=2.0491 beam=0.27345 homogeneity=0.0259
2026-05-20 14:34:32 [INFO] Step 15/54 Loss=80.8996 mse=1.0295 v_opt=1.59782 v_mand=1.18274 ptv=0.2939 ptv_max=0.00844 ring=0.12405 smooth=2.1803 beam=0.40817 homogeneity=0.0396
2026-05-20 14:34:34 [INFO] Step 20/54 Loss=76.7608 mse=1.0023 v_opt=1.46132 v_mand=1.07547 ptv=0.2700 ptv_max=0.02129 ring=0.18566 smooth=2.2049 beam=0.44157 homogeneity=0.0532
2026-05-20 14:34:39 [INFO] Step 25/54 Loss=71.9936 mse=0.9985 v_opt=1.44273 v_mand=1.06057 ptv=0.3021 ptv_max=0.00063 ring=0.05422 smooth=2.4412 beam=0.28409 homogeneity=0.0282
2026-05-20 14:34:42 [INFO] Step 30/54 Loss=73.2041 mse=1.1502 v_opt=1.39831 v_mand=1.02371 ptv=0.3126 ptv_max=0.00144 ring=0.07784 smooth=2.9478 beam=0.48479 homogeneity=0.0317
2026-05-20 14:34:44 [INFO] Step 35/54 Loss=65.5328 mse=0.9486 v_opt=1.27362 v_mand=0.92503 ptv=0.2660 ptv_max=0.00745 ring=0.14580 smooth=2.2227 beam=0.22419 homogeneity=0.0343
2026-05-20 14:34:46 [INFO] Step 40/54 Loss=71.2755 mse=1.1113 v_opt=1.33274 v_mand=0.97106 ptv=0.2828 ptv_max=0.00231 ring=0.08288 smooth=1.7585 beam=0.80169 homogeneity=0.0286
2026-05-20 14:34:52 [INFO] Step 45/54 Loss=67.2028 mse=1.0039 v_opt=1.27174 v_mand=0.92080 ptv=0.2613 ptv_max=0.01201 ring=0.16615 smooth=2.4803 beam=0.36627 homogeneity=0.0397
2026-05-20 14:34:54 [INFO] Step 50/54 Loss=67.4929 mse=1.1063 v_opt=1.28567 v_mand=0.93731 ptv=0.3097 ptv_max=0.00211 ring=0.09349 smooth=2.8359 beam=0.29379 homogeneity=0.0318
2026-05-20 14:34:56 [INFO] Step 54/54 Loss=68.6853 mse=1.0945 v_opt=1.31231 v_mand=0.95422 ptv=0.3072 ptv_max=0.00427 ring=0.10399 smooth=2.7785 beam=0.31962 homogeneity=0.0342
2026-05-20 14:34:56 [INFO] Running validation at epoch 3...
2026-05-20 14:35:19 [INFO] Epoch 3 Summary: Train=77.4802 Val=70.1702 PTV_D95=40.92Gy Bladder=74.08Gy Rectum=45.90Gy
2026-05-20 14:35:19 [INFO] [PHYSICS] Saved best model val_loss=70.1702
2026-05-20 14:35:19 [INFO] Epoch 4/100 started, lr=9.98e-05
2026-05-20 14:35:24 [INFO] Step 5/54 Loss=74.5278 mse=1.3154 v_opt=1.31333 v_mand=0.95269 ptv=0.3992 ptv_max=0.00000 ring=0.02405 smooth=2.0817 beam=1.14643 homogeneity=0.0410
2026-05-20 14:35:27 [INFO] Step 10/54 Loss=68.2337 mse=1.2574 v_opt=1.25906 v_mand=0.90921 ptv=0.2669 ptv_max=0.00466 ring=0.11601 smooth=3.1855 beam=0.42112 homogeneity=0.0307
2026-05-20 14:35:29 [INFO] Step 15/54 Loss=65.8608 mse=1.2713 v_opt=1.15785 v_mand=0.84635 ptv=0.2986 ptv_max=0.00707 ring=0.13426 smooth=3.3300 beam=0.41447 homogeneity=0.0378
2026-05-20 14:35:32 [INFO] Step 20/54 Loss=66.7047 mse=1.2851 v_opt=1.15959 v_mand=0.83747 ptv=0.2908 ptv_max=0.02259 ring=0.15970 smooth=3.4931 beam=0.34528 homogeneity=0.0576
2026-05-20 14:35:36 [INFO] Step 25/54 Loss=14.0104 mse=1.0145 v_opt=0.00000 v_mand=0.00000 ptv=0.0000 ptv_max=0.00000 ring=0.00000 smooth=0.5566 beam=0.76195 homogeneity=0.0000
2026-05-20 14:35:39 [INFO] Step 30/54 Loss=56.7340 mse=1.2186 v_opt=0.95777 v_mand=0.69976 ptv=0.3165 ptv_max=0.00045 ring=0.06118 smooth=3.0737 beam=0.52440 homogeneity=0.0305
2026-05-20 14:35:41 [INFO] Step 35/54 Loss=51.4794 mse=1.0222 v_opt=0.83854 v_mand=0.60404 ptv=0.3196 ptv_max=0.00282 ring=0.10530 smooth=0.9412 beam=0.72713 homogeneity=0.0366
2026-05-20 14:35:44 [INFO] Step 40/54 Loss=57.5351 mse=1.2624 v_opt=0.85899 v_mand=0.63629 ptv=0.3126 ptv_max=0.00849 ring=0.15509 smooth=2.3463 beam=0.87651 homogeneity=0.0442
2026-05-20 14:35:48 [INFO] Step 45/54 Loss=53.6152 mse=1.1207 v_opt=0.82179 v_mand=0.59395 ptv=0.5206 ptv_max=0.00271 ring=0.07284 smooth=2.4482 beam=0.60373 homogeneity=0.0685
2026-05-20 14:35:51 [INFO] Step 50/54 Loss=55.6319 mse=1.1551 v_opt=0.86800 v_mand=0.62701 ptv=0.3026 ptv_max=0.00811 ring=0.14789 smooth=1.9429 beam=0.87077 homogeneity=0.0398
2026-05-20 14:35:53 [INFO] Step 54/54 Loss=58.6886 mse=1.2532 v_opt=0.94802 v_mand=0.67707 ptv=0.4215 ptv_max=0.00016 ring=0.03957 smooth=2.2096 beam=0.88462 homogeneity=0.0473
2026-05-20 14:35:53 [INFO] Running validation at epoch 4...
2026-05-20 14:36:15 [INFO] Epoch 4 Summary: Train=57.5539 Val=55.4292 PTV_D95=37.87Gy Bladder=63.74Gy Rectum=40.35Gy
2026-05-20 14:36:15 [INFO] [PHYSICS] Saved best model val_loss=55.4292
2026-05-20 14:36:15 [INFO] Epoch 5/100 started, lr=9.96e-05
2026-05-20 14:36:21 [INFO] Step 5/54 Loss=56.0286 mse=1.2405 v_opt=1.01637 v_mand=0.72351 ptv=0.2876 ptv_max=0.00008 ring=0.03106 smooth=3.4569 beam=0.24652 homogeneity=0.0246
2026-05-20 14:36:23 [INFO] Step 10/54 Loss=44.8508 mse=0.9820 v_opt=0.71208 v_mand=0.52392 ptv=0.3198 ptv_max=0.00006 ring=0.03643 smooth=1.3192 beam=0.58954 homogeneity=0.0292
2026-05-20 14:36:26 [INFO] Step 15/54 Loss=45.5231 mse=1.1037 v_opt=0.76072 v_mand=0.52807 ptv=0.3670 ptv_max=0.00035 ring=0.03873 smooth=2.9818 beam=0.24905 homogeneity=0.0374
2026-05-20 14:36:29 [INFO] Step 20/54 Loss=51.7229 mse=1.2625 v_opt=0.79706 v_mand=0.55248 ptv=0.3026 ptv_max=0.00126 ring=0.06348 smooth=1.8329 beam=1.00732 homogeneity=0.0309
2026-05-20 14:36:33 [INFO] Step 25/54 Loss=44.3859 mse=1.0701 v_opt=0.74253 v_mand=0.49196 ptv=0.3154 ptv_max=0.00034 ring=0.04068 smooth=1.8659 beam=0.60674 homogeneity=0.0300
2026-05-20 14:36:36 [INFO] Step 30/54 Loss=36.5990 mse=0.9734 v_opt=0.52852 v_mand=0.34917 ptv=0.3609 ptv_max=0.00224 ring=0.06269 smooth=0.6803 beam=0.55399 homogeneity=0.0425
2026-05-20 14:36:39 [INFO] Step 35/54 Loss=49.0911 mse=1.2790 v_opt=0.69467 v_mand=0.53554 ptv=0.3645 ptv_max=0.00000 ring=0.02108 smooth=1.1722 beam=0.66756 homogeneity=0.0359
2026-05-20 14:36:42 [INFO] Step 40/54 Loss=43.5864 mse=1.1261 v_opt=0.70933 v_mand=0.44809 ptv=0.3729 ptv_max=0.00033 ring=0.02559 smooth=1.5992 beam=0.68880 homogeneity=0.0384
2026-05-20 14:36:46 [INFO] Step 45/54 Loss=43.5100 mse=1.0624 v_opt=0.67200 v_mand=0.45604 ptv=0.3484 ptv_max=0.00162 ring=0.05208 smooth=1.7053 beam=0.68769 homogeneity=0.0392
2026-05-20 14:36:48 [INFO] Step 50/54 Loss=49.1296 mse=1.2812 v_opt=0.80345 v_mand=0.56228 ptv=0.2635 ptv_max=0.00158 ring=0.05066 smooth=3.2704 beam=0.45407 homogeneity=0.0263
2026-05-20 14:36:50 [INFO] Step 54/54 Loss=39.8143 mse=1.0422 v_opt=0.62042 v_mand=0.41407 ptv=0.2635 ptv_max=0.00047 ring=0.04706 smooth=1.7043 beam=0.68931 homogeneity=0.0233
2026-05-20 14:36:50 [INFO] Running validation at epoch 5...
2026-05-20 14:37:13 [INFO] Epoch 5 Summary: Train=47.6882 Val=41.8738 PTV_D95=42.48Gy Bladder=49.34Gy Rectum=38.10Gy
2026-05-20 14:37:13 [INFO] [PHYSICS] Saved best model val_loss=41.8738
2026-05-20 14:37:13 [INFO] [CLINICAL] Saved best model Score=109.104 PTV_D95=42.48Gy Bladder=49.34Gy Rectum=38.10Gy
2026-05-20 14:37:13 [INFO] Epoch 6/100 started, lr=9.94e-05
2026-05-20 14:37:18 [INFO] Step 5/54 Loss=31.7920 mse=0.9514 v_opt=0.49242 v_mand=0.31021 ptv=0.2915 ptv_max=0.00054 ring=0.02929 smooth=1.5747 beam=0.33683 homogeneity=0.0280
2026-05-20 14:37:21 [INFO] Step 10/54 Loss=50.1722 mse=1.0853 v_opt=0.94811 v_mand=0.66282 ptv=0.2560 ptv_max=0.00011 ring=0.03483 smooth=2.6507 beam=0.10284 homogeneity=0.0207
2026-05-20 14:37:24 [INFO] Step 15/54 Loss=37.0881 mse=0.9692 v_opt=0.61743 v_mand=0.41595 ptv=0.2692 ptv_max=0.00013 ring=0.03020 smooth=1.2433 beam=0.32505 homogeneity=0.0231
2026-05-20 14:37:26 [INFO] Step 20/54 Loss=16.3473 mse=1.1152 v_opt=0.00000 v_mand=0.00000 ptv=0.0000 ptv_max=0.00000 ring=0.00000 smooth=0.4592 beam=1.02998 homogeneity=0.0000
2026-05-20 14:37:30 [INFO] Step 25/54 Loss=36.2085 mse=0.7046 v_opt=0.65340 v_mand=0.46834 ptv=0.2322 ptv_max=0.00141 ring=0.03525 smooth=1.0194 beam=0.19785 homogeneity=0.0213
2026-05-20 14:37:33 [INFO] Step 30/54 Loss=41.8125 mse=1.2138 v_opt=0.65219 v_mand=0.41367 ptv=0.3523 ptv_max=0.00000 ring=0.01664 smooth=1.7205 beam=0.61307 homogeneity=0.0338
2026-05-20 14:37:35 [INFO] Step 35/54 Loss=30.2588 mse=0.8402 v_opt=0.47369 v_mand=0.30780 ptv=0.2608 ptv_max=0.00002 ring=0.02340 smooth=0.8777 beam=0.41038 homogeneity=0.0210
2026-05-20 14:37:38 [INFO] Step 40/54 Loss=27.2554 mse=0.8503 v_opt=0.37188 v_mand=0.23112 ptv=0.2885 ptv_max=0.00011 ring=0.02948 smooth=0.9238 beam=0.50359 homogeneity=0.0255
2026-05-20 14:37:42 [INFO] Step 45/54 Loss=30.3801 mse=1.0260 v_opt=0.43968 v_mand=0.23230 ptv=0.2281 ptv_max=0.00078 ring=0.03628 smooth=0.7533 beam=0.85567 homogeneity=0.0204
2026-05-20 14:37:44 [INFO] Step 50/54 Loss=25.4912 mse=0.7037 v_opt=0.40375 v_mand=0.26600 ptv=0.2403 ptv_max=0.00028 ring=0.02922 smooth=0.8385 beam=0.20043 homogeneity=0.0203
2026-05-20 14:37:46 [INFO] Step 54/54 Loss=20.6892 mse=1.0038 v_opt=0.14943 v_mand=0.05770 ptv=0.2667 ptv_max=0.00065 ring=0.02832 smooth=0.7881 beam=0.75174 homogeneity=0.0253
2026-05-20 14:37:46 [INFO] Running validation at epoch 6...
2026-05-20 14:38:09 [INFO] Epoch 6 Summary: Train=30.9185 Val=30.1751 PTV_D95=40.27Gy Bladder=36.81Gy Rectum=40.48Gy
2026-05-20 14:38:09 [INFO] [PHYSICS] Saved best model val_loss=30.1751
2026-05-20 14:38:09 [INFO] [CLINICAL] Saved best model Score=106.867 PTV_D95=40.27Gy Bladder=36.81Gy Rectum=40.48Gy
2026-05-20 14:38:09 [INFO] Epoch 7/100 started, lr=9.91e-05
2026-05-20 14:38:14 [INFO] Step 5/54 Loss=19.6453 mse=0.7683 v_opt=0.21921 v_mand=0.08461 ptv=0.3754 ptv_max=0.00110 ring=0.02738 smooth=0.6732 beam=0.42582 homogeneity=0.0439
2026-05-20 14:38:17 [INFO] Step 10/54 Loss=27.9094 mse=0.8287 v_opt=0.41546 v_mand=0.26929 ptv=0.2913 ptv_max=0.00001 ring=0.01648 smooth=1.1300 beam=0.30853 homogeneity=0.0255
2026-05-20 14:38:19 [INFO] Step 15/54 Loss=30.0881 mse=0.8877 v_opt=0.51628 v_mand=0.32881 ptv=0.1825 ptv_max=0.00526 ring=0.05148 smooth=1.1898 beam=0.06119 homogeneity=0.0227
2026-05-20 14:38:21 [INFO] Step 20/54 Loss=21.1441 mse=0.8864 v_opt=0.32164 v_mand=0.14467 ptv=0.1289 ptv_max=0.00683 ring=0.06438 smooth=0.5772 beam=0.26517 homogeneity=0.0212
2026-05-20 14:38:26 [INFO] Step 25/54 Loss=18.5689 mse=0.9502 v_opt=0.06142 v_mand=0.01558 ptv=0.4133 ptv_max=0.00006 ring=0.01194 smooth=0.6653 beam=0.57411 homogeneity=0.0457
2026-05-20 14:38:28 [INFO] Step 30/54 Loss=24.0646 mse=0.7370 v_opt=0.43072 v_mand=0.22856 ptv=0.1717 ptv_max=0.00793 ring=0.06899 smooth=0.9023 beam=0.11694 homogeneity=0.0291
2026-05-20 14:38:31 [INFO] Step 35/54 Loss=15.3970 mse=0.7703 v_opt=0.13569 v_mand=0.05472 ptv=0.1973 ptv_max=0.00203 ring=0.03798 smooth=0.5188 beam=0.31550 homogeneity=0.0206
2026-05-20 14:38:34 [INFO] Step 40/54 Loss=15.8410 mse=0.7465 v_opt=0.14117 v_mand=0.05289 ptv=0.2303 ptv_max=0.00245 ring=0.03701 smooth=0.5267 beam=0.38308 homogeneity=0.0250
2026-05-20 14:38:38 [INFO] Step 45/54 Loss=26.6159 mse=0.7990 v_opt=0.50943 v_mand=0.28880 ptv=0.1398 ptv_max=0.00096 ring=0.03719 smooth=0.7838 beam=0.17554 homogeneity=0.0103
2026-05-20 14:38:41 [INFO] Step 50/54 Loss=14.1644 mse=0.6815 v_opt=0.13836 v_mand=0.05398 ptv=0.1635 ptv_max=0.00052 ring=0.03237 smooth=0.5467 beam=0.38620 homogeneity=0.0120
2026-05-20 14:38:43 [INFO] Step 54/54 Loss=19.3469 mse=0.7420 v_opt=0.30749 v_mand=0.14225 ptv=0.1083 ptv_max=0.00580 ring=0.06055 smooth=0.5603 beam=0.29996 homogeneity=0.0181
2026-05-20 14:38:43 [INFO] Running validation at epoch 7...
2026-05-20 14:39:07 [INFO] Epoch 7 Summary: Train=20.5522 Val=20.6564 PTV_D95=43.36Gy Bladder=31.71Gy Rectum=31.56Gy
2026-05-20 14:39:07 [INFO] [PHYSICS] Saved best model val_loss=20.6564
2026-05-20 14:39:07 [INFO] [CLINICAL] Saved best model Score=88.823 PTV_D95=43.36Gy Bladder=31.71Gy Rectum=31.56Gy
2026-05-20 14:39:07 [INFO] Epoch 8/100 started, lr=9.88e-05
2026-05-20 14:39:13 [INFO] Step 5/54 Loss=14.4169 mse=0.6522 v_opt=0.15798 v_mand=0.06929 ptv=0.1274 ptv_max=0.00393 ring=0.04986 smooth=0.4596 beam=0.30255 homogeneity=0.0169
2026-05-20 14:39:15 [INFO] Step 10/54 Loss=13.1420 mse=0.6579 v_opt=0.13583 v_mand=0.06298 ptv=0.1425 ptv_max=0.00428 ring=0.04358 smooth=0.5134 beam=0.08432 homogeneity=0.0189
2026-05-20 14:39:18 [INFO] Step 15/54 Loss=22.5200 mse=0.6854 v_opt=0.41097 v_mand=0.21449 ptv=0.1516 ptv_max=0.00083 ring=0.02651 smooth=0.3733 beam=0.37769 homogeneity=0.0119
2026-05-20 14:39:20 [INFO] Step 20/54 Loss=12.9777 mse=0.7260 v_opt=0.09749 v_mand=0.02174 ptv=0.2507 ptv_max=0.00016 ring=0.01958 smooth=0.4702 beam=0.22875 homogeneity=0.0218
2026-05-20 14:39:24 [INFO] Step 25/54 Loss=17.9336 mse=0.9925 v_opt=0.00953 v_mand=0.00000 ptv=0.2796 ptv_max=0.00020 ring=0.01660 smooth=0.7295 beam=0.86851 homogeneity=0.0260
2026-05-20 14:39:27 [INFO] Step 30/54 Loss=14.2986 mse=0.8941 v_opt=0.01681 v_mand=0.00082 ptv=0.1356 ptv_max=0.00292 ring=0.03939 smooth=0.5205 beam=0.56205 homogeneity=0.0164
2026-05-20 14:39:30 [INFO] Step 35/54 Loss=13.4114 mse=0.6075 v_opt=0.21427 v_mand=0.08106 ptv=0.0998 ptv_max=0.00081 ring=0.04275 smooth=0.3862 beam=0.19836 homogeneity=0.0073
2026-05-20 14:39:33 [INFO] Step 40/54 Loss=12.1330 mse=0.7348 v_opt=0.10680 v_mand=0.02563 ptv=0.0877 ptv_max=0.00334 ring=0.05327 smooth=0.5158 beam=0.23051 homogeneity=0.0121
2026-05-20 14:39:37 [INFO] Step 45/54 Loss=9.4631 mse=0.5762 v_opt=0.02157 v_mand=0.00050 ptv=0.1531 ptv_max=0.00176 ring=0.05201 smooth=0.3448 beam=0.17040 homogeneity=0.0173
2026-05-20 14:39:40 [INFO] Step 50/54 Loss=13.6520 mse=0.8026 v_opt=0.04225 v_mand=0.00999 ptv=0.1035 ptv_max=0.00084 ring=0.04079 smooth=0.3201 beam=0.63460 homogeneity=0.0074
2026-05-20 14:39:42 [INFO] Step 54/54 Loss=10.9084 mse=0.6284 v_opt=0.07191 v_mand=0.02454 ptv=0.0819 ptv_max=0.00328 ring=0.05044 smooth=0.2694 beam=0.25423 homogeneity=0.0108
2026-05-20 14:39:42 [INFO] Running validation at epoch 8...
2026-05-20 14:40:05 [INFO] Epoch 8 Summary: Train=14.2861 Val=17.9264 PTV_D95=46.83Gy Bladder=29.57Gy Rectum=30.31Gy
2026-05-20 14:40:05 [INFO] [PHYSICS] Saved best model val_loss=17.9264
2026-05-20 14:40:05 [INFO] [CLINICAL] Saved best model Score=77.028 PTV_D95=46.83Gy Bladder=29.57Gy Rectum=30.31Gy
2026-05-20 14:40:05 [INFO] Epoch 9/100 started, lr=9.84e-05
2026-05-20 14:40:10 [INFO] Step 5/54 Loss=15.6863 mse=0.8470 v_opt=0.07662 v_mand=0.02448 ptv=0.0736 ptv_max=0.00595 ring=0.05849 smooth=0.3021 beam=0.71318 homogeneity=0.0166
2026-05-20 14:40:13 [INFO] Step 10/54 Loss=10.3514 mse=0.6373 v_opt=0.00063 v_mand=0.00000 ptv=0.1429 ptv_max=0.00093 ring=0.03487 smooth=0.2925 beam=0.34058 homogeneity=0.0123
2026-05-20 14:40:16 [INFO] Step 15/54 Loss=18.1520 mse=0.5857 v_opt=0.35447 v_mand=0.16419 ptv=0.0618 ptv_max=0.00263 ring=0.06576 smooth=0.3292 beam=0.28952 homogeneity=0.0080
2026-05-20 14:40:18 [INFO] Step 20/54 Loss=13.8411 mse=0.7971 v_opt=0.03072 v_mand=0.00394 ptv=0.3049 ptv_max=0.00007 ring=0.01687 smooth=0.3271 beam=0.33046 homogeneity=0.0311
2026-05-20 14:40:21 [INFO] Step 25/54 Loss=12.1645 mse=0.7091 v_opt=0.04365 v_mand=0.01186 ptv=0.1328 ptv_max=0.00084 ring=0.02610 smooth=0.3067 beam=0.48135 homogeneity=0.0097
2026-05-20 14:40:25 [INFO] Step 30/54 Loss=11.3526 mse=0.7007 v_opt=0.04593 v_mand=0.01268 ptv=0.1739 ptv_max=0.00079 ring=0.02728 smooth=0.3910 beam=0.21385 homogeneity=0.0162
2026-05-20 14:40:28 [INFO] Step 35/54 Loss=8.6728 mse=0.5807 v_opt=0.03809 v_mand=0.00678 ptv=0.0831 ptv_max=0.00094 ring=0.04806 smooth=0.2720 beam=0.13788 homogeneity=0.0068
2026-05-20 14:40:30 [INFO] Step 40/54 Loss=12.7197 mse=0.7963 v_opt=0.00676 v_mand=0.00000 ptv=0.1090 ptv_max=0.00057 ring=0.03619 smooth=0.4447 beam=0.57940 homogeneity=0.0070
2026-05-20 14:40:33 [INFO] Step 45/54 Loss=13.1469 mse=0.7033 v_opt=0.12284 v_mand=0.04991 ptv=0.0621 ptv_max=0.00900 ring=0.05380 smooth=0.3042 beam=0.21759 homogeneity=0.0188
2026-05-20 14:40:37 [INFO] Step 50/54 Loss=15.1686 mse=0.6501 v_opt=0.23790 v_mand=0.09404 ptv=0.0954 ptv_max=0.00350 ring=0.05658 smooth=0.2940 beam=0.24409 homogeneity=0.0131
2026-05-20 14:40:39 [INFO] Step 54/54 Loss=17.1842 mse=0.9813 v_opt=0.06834 v_mand=0.01431 ptv=0.1250 ptv_max=0.00069 ring=0.03061 smooth=0.5133 beam=0.90865 homogeneity=0.0090
2026-05-20 14:40:40 [INFO] Running validation at epoch 9...
2026-05-20 14:41:03 [INFO] Epoch 9 Summary: Train=13.9100 Val=18.0931 PTV_D95=43.67Gy Bladder=28.99Gy Rectum=26.03Gy
2026-05-20 14:41:03 [INFO] Epoch 10/100 started, lr=9.80e-05
2026-05-20 14:41:09 [INFO] Step 5/54 Loss=15.7748 mse=0.9178 v_opt=0.04099 v_mand=0.01049 ptv=0.0645 ptv_max=0.00390 ring=0.05142 smooth=0.4201 beam=0.82302 homogeneity=0.0111
2026-05-20 14:41:11 [INFO] Step 10/54 Loss=11.3564 mse=0.6590 v_opt=0.09705 v_mand=0.02617 ptv=0.0609 ptv_max=0.00847 ring=0.05969 smooth=0.3564 beam=0.18281 homogeneity=0.0193
2026-05-20 14:41:14 [INFO] Step 15/54 Loss=7.4697 mse=0.4995 v_opt=0.06340 v_mand=0.00975 ptv=0.0536 ptv_max=0.00260 ring=0.05856 smooth=0.2410 beam=0.02247 homogeneity=0.0090
2026-05-20 14:41:17 [INFO] Step 20/54 Loss=17.2308 mse=0.8443 v_opt=0.14584 v_mand=0.06946 ptv=0.0895 ptv_max=0.00029 ring=0.04011 smooth=0.3805 beam=0.67731 homogeneity=0.0044
2026-05-20 14:41:21 [INFO] Step 25/54 Loss=13.0286 mse=0.6939 v_opt=0.08460 v_mand=0.01746 ptv=0.1042 ptv_max=0.01029 ring=0.06658 smooth=0.3052 beam=0.38778 homogeneity=0.0261
2026-05-20 14:41:24 [INFO] Step 30/54 Loss=11.8682 mse=0.6359 v_opt=0.13601 v_mand=0.04861 ptv=0.0591 ptv_max=0.00436 ring=0.04105 smooth=0.2776 beam=0.22160 homogeneity=0.0123
2026-05-20 14:41:27 [INFO] Step 35/54 Loss=11.6785 mse=0.6974 v_opt=0.04878 v_mand=0.01250 ptv=0.1122 ptv_max=0.00471 ring=0.04015 smooth=0.2321 beam=0.31470 homogeneity=0.0213
2026-05-20 14:41:29 [INFO] Step 40/54 Loss=13.2090 mse=0.5344 v_opt=0.19644 v_mand=0.10378 ptv=0.0635 ptv_max=0.00201 ring=0.06016 smooth=0.2584 beam=0.09234 homogeneity=0.0079
2026-05-20 14:41:34 [INFO] Step 45/54 Loss=12.2338 mse=0.7365 v_opt=0.02028 v_mand=0.00130 ptv=0.1363 ptv_max=0.00050 ring=0.03156 smooth=0.3477 beam=0.52611 homogeneity=0.0118
2026-05-20 14:41:37 [INFO] Step 50/54 Loss=9.2814 mse=0.5636 v_opt=0.07717 v_mand=0.02035 ptv=0.0770 ptv_max=0.00664 ring=0.05410 smooth=0.3078 beam=0.03069 homogeneity=0.0188
2026-05-20 14:41:39 [INFO] Step 54/54 Loss=13.0304 mse=0.7606 v_opt=0.01976 v_mand=0.00140 ptv=0.0677 ptv_max=0.00845 ring=0.05268 smooth=0.3807 beam=0.59590 homogeneity=0.0204
2026-05-20 14:41:39 [INFO] Running validation at epoch 10...
2026-05-20 14:42:03 [INFO] Epoch 10 Summary: Train=12.7184 Val=16.3258 PTV_D95=50.70Gy Bladder=29.35Gy Rectum=21.64Gy
2026-05-20 14:42:03 [INFO] [PHYSICS] Saved best model val_loss=16.3258
2026-05-20 14:42:03 [INFO] [CLINICAL] Saved best model Score=64.461 PTV_D95=50.70Gy Bladder=29.35Gy Rectum=21.64Gy
2026-05-20 14:42:03 [INFO] Epoch 11/100 started, lr=9.76e-05
2026-05-20 14:42:08 [INFO] Step 5/54 Loss=9.3003 mse=0.6033 v_opt=0.02140 v_mand=0.00214 ptv=0.1298 ptv_max=0.00014 ring=0.02641 smooth=0.2178 beam=0.24703 homogeneity=0.0079
2026-05-20 14:42:11 [INFO] Step 10/54 Loss=26.2264 mse=0.7441 v_opt=0.45832 v_mand=0.25919 ptv=0.1272 ptv_max=0.00152 ring=0.03771 smooth=0.3563 beam=0.54154 homogeneity=0.0126
2026-05-20 14:42:13 [INFO] Step 15/54 Loss=10.3555 mse=0.6392 v_opt=0.04551 v_mand=0.01274 ptv=0.1137 ptv_max=0.00276 ring=0.04975 smooth=0.2511 beam=0.17389 homogeneity=0.0160
2026-05-20 14:42:16 [INFO] Step 20/54 Loss=9.8080 mse=0.5945 v_opt=0.00013 v_mand=0.00000 ptv=0.2059 ptv_max=0.00276 ring=0.02971 smooth=0.2736 beam=0.13166 homogeneity=0.0267
2026-05-20 14:42:20 [INFO] Step 25/54 Loss=8.3787 mse=0.5621 v_opt=0.01546 v_mand=0.00014 ptv=0.1165 ptv_max=0.00024 ring=0.03411 smooth=0.2385 beam=0.17710 homogeneity=0.0061
2026-05-20 14:42:23 [INFO] Step 30/54 Loss=14.9387 mse=0.7679 v_opt=0.15650 v_mand=0.04901 ptv=0.0592 ptv_max=0.00175 ring=0.04740 smooth=0.3479 beam=0.58755 homogeneity=0.0067
2026-05-20 14:42:25 [INFO] Step 35/54 Loss=10.9896 mse=0.6488 v_opt=0.00000 v_mand=0.00000 ptv=0.2161 ptv_max=0.00008 ring=0.01995 smooth=0.2441 beam=0.32890 homogeneity=0.0184
2026-05-20 14:42:27 [INFO] Step 40/54 Loss=10.2160 mse=0.6496 v_opt=0.00000 v_mand=0.00000 ptv=0.0916 ptv_max=0.00038 ring=0.03733 smooth=0.2269 beam=0.41719 homogeneity=0.0058
2026-05-20 14:42:32 [INFO] Step 45/54 Loss=12.9849 mse=0.7926 v_opt=0.03308 v_mand=0.00359 ptv=0.0290 ptv_max=0.00721 ring=0.05735 smooth=0.2409 beam=0.59290 homogeneity=0.0157
2026-05-20 14:42:35 [INFO] Step 50/54 Loss=9.5697 mse=0.6117 v_opt=0.04218 v_mand=0.01027 ptv=0.0421 ptv_max=0.00188 ring=0.05379 smooth=0.1884 beam=0.27672 homogeneity=0.0065
2026-05-20 14:42:37 [INFO] Step 54/54 Loss=8.4796 mse=0.5567 v_opt=0.00963 v_mand=0.00000 ptv=0.1372 ptv_max=0.00020 ring=0.02783 smooth=0.2257 beam=0.17652 homogeneity=0.0095
2026-05-20 14:42:37 [INFO] Running validation at epoch 11...
2026-05-20 14:43:02 [INFO] Epoch 11 Summary: Train=12.0035 Val=16.0615 PTV_D95=49.93Gy Bladder=27.65Gy Rectum=26.56Gy
2026-05-20 14:43:02 [INFO] [PHYSICS] Saved best model val_loss=16.0615
2026-05-20 14:43:02 [INFO] Epoch 12/100 started, lr=9.71e-05
2026-05-20 14:43:07 [INFO] Step 5/54 Loss=9.6455 mse=0.6412 v_opt=0.00394 v_mand=0.00000 ptv=0.1195 ptv_max=0.00027 ring=0.02693 smooth=0.1819 beam=0.29398 homogeneity=0.0063
2026-05-20 14:43:10 [INFO] Step 10/54 Loss=9.6379 mse=0.5580 v_opt=0.07089 v_mand=0.02260 ptv=0.0457 ptv_max=0.00317 ring=0.04750 smooth=0.1951 beam=0.25050 homogeneity=0.0093
2026-05-20 14:43:12 [INFO] Step 15/54 Loss=16.6065 mse=0.7780 v_opt=0.08606 v_mand=0.02581 ptv=0.2930 ptv_max=0.00288 ring=0.04745 smooth=0.2303 beam=0.51002 homogeneity=0.0503
2026-05-20 14:43:15 [INFO] Step 20/54 Loss=10.8999 mse=0.7176 v_opt=0.04022 v_mand=0.00267 ptv=0.1322 ptv_max=0.00072 ring=0.02847 smooth=0.2135 beam=0.30116 homogeneity=0.0099
2026-05-20 14:43:20 [INFO] Step 25/54 Loss=12.8069 mse=0.7555 v_opt=0.06056 v_mand=0.01866 ptv=0.0545 ptv_max=0.00105 ring=0.03978 smooth=0.3815 beam=0.57296 homogeneity=0.0051
2026-05-20 14:43:22 [INFO] Step 30/54 Loss=15.1556 mse=0.7771 v_opt=0.01587 v_mand=0.00010 ptv=0.2907 ptv_max=0.00208 ring=0.03792 smooth=0.2450 beam=0.56814 homogeneity=0.0452
2026-05-20 14:43:25 [INFO] Step 35/54 Loss=12.4708 mse=0.5879 v_opt=0.19275 v_mand=0.06586 ptv=0.0298 ptv_max=0.00596 ring=0.06176 smooth=0.1780 beam=0.22186 homogeneity=0.0132
2026-05-20 14:43:28 [INFO] Step 40/54 Loss=12.1833 mse=0.7340 v_opt=0.08664 v_mand=0.01572 ptv=0.0425 ptv_max=0.00249 ring=0.05354 smooth=0.2436 beam=0.47110 homogeneity=0.0075
2026-05-20 14:43:32 [INFO] Step 45/54 Loss=13.4968 mse=0.7873 v_opt=0.06913 v_mand=0.02122 ptv=0.0719 ptv_max=0.00078 ring=0.04131 smooth=0.3326 beam=0.58365 homogeneity=0.0047
2026-05-20 14:43:35 [INFO] Step 50/54 Loss=11.9915 mse=0.7380 v_opt=0.00397 v_mand=0.00000 ptv=0.1128 ptv_max=0.00160 ring=0.04115 smooth=0.3558 beam=0.49958 homogeneity=0.0123
2026-05-20 14:43:37 [INFO] Step 54/54 Loss=12.4383 mse=0.8669 v_opt=0.04760 v_mand=0.01226 ptv=0.0000 ptv_max=0.00000 ring=0.00000 smooth=0.3283 beam=0.60564 homogeneity=0.0000
2026-05-20 14:43:37 [INFO] Running validation at epoch 12...
2026-05-20 14:44:02 [INFO] Epoch 12 Summary: Train=12.0497 Val=16.1579 PTV_D95=49.74Gy Bladder=28.74Gy Rectum=20.95Gy
2026-05-20 14:44:02 [INFO] Epoch 13/100 started, lr=9.65e-05
2026-05-20 14:44:07 [INFO] Step 5/54 Loss=10.6599 mse=0.7149 v_opt=0.01684 v_mand=0.00089 ptv=0.0782 ptv_max=0.00289 ring=0.03293 smooth=0.2847 beam=0.35140 homogeneity=0.0113
2026-05-20 14:44:09 [INFO] Step 10/54 Loss=9.3877 mse=0.6316 v_opt=0.01803 v_mand=0.00117 ptv=0.0548 ptv_max=0.00493 ring=0.05048 smooth=0.3209 beam=0.22345 homogeneity=0.0138
2026-05-20 14:44:12 [INFO] Step 15/54 Loss=10.2724 mse=0.5593 v_opt=0.16009 v_mand=0.05163 ptv=0.0540 ptv_max=0.00101 ring=0.04671 smooth=0.2046 beam=0.07498 homogeneity=0.0046
2026-05-20 14:44:15 [INFO] Step 20/54 Loss=7.6903 mse=0.5222 v_opt=0.03402 v_mand=0.00280 ptv=0.0843 ptv_max=0.00030 ring=0.03486 smooth=0.1559 beam=0.15794 homogeneity=0.0037
2026-05-20 14:44:19 [INFO] Step 25/54 Loss=12.9308 mse=0.8570 v_opt=0.03936 v_mand=0.00968 ptv=0.0523 ptv_max=0.00145 ring=0.04141 smooth=0.3010 beam=0.48689 homogeneity=0.0059
2026-05-20 14:44:22 [INFO] Step 30/54 Loss=9.5724 mse=0.6337 v_opt=0.00544 v_mand=0.00000 ptv=0.1652 ptv_max=0.00054 ring=0.03007 smooth=0.1624 beam=0.15467 homogeneity=0.0153
2026-05-20 14:44:24 [INFO] Step 35/54 Loss=15.4039 mse=0.8818 v_opt=0.04940 v_mand=0.01445 ptv=0.0120 ptv_max=0.00748 ring=0.07066 smooth=0.2024 beam=0.77123 homogeneity=0.0167
2026-05-20 14:44:27 [INFO] Step 40/54 Loss=6.5614 mse=0.4833 v_opt=0.01575 v_mand=0.00065 ptv=0.0399 ptv_max=0.00233 ring=0.04968 smooth=0.1733 beam=0.04609 homogeneity=0.0078
2026-05-20 14:44:32 [INFO] Step 45/54 Loss=10.9380 mse=0.5749 v_opt=0.11933 v_mand=0.04299 ptv=0.0614 ptv_max=0.00250 ring=0.04801 smooth=0.2020 beam=0.23695 homogeneity=0.0068
2026-05-20 14:44:34 [INFO] Step 50/54 Loss=8.4860 mse=0.5722 v_opt=0.02825 v_mand=0.00066 ptv=0.0733 ptv_max=0.00028 ring=0.04323 smooth=0.1857 beam=0.23982 homogeneity=0.0031
2026-05-20 14:44:36 [INFO] Step 54/54 Loss=8.0678 mse=0.5607 v_opt=0.04826 v_mand=0.00385 ptv=0.0470 ptv_max=0.00126 ring=0.04910 smooth=0.1224 beam=0.15769 homogeneity=0.0051
2026-05-20 14:44:37 [INFO] Running validation at epoch 13...
2026-05-20 14:45:01 [INFO] Epoch 13 Summary: Train=11.0625 Val=14.7857 PTV_D95=56.45Gy Bladder=27.21Gy Rectum=24.99Gy
2026-05-20 14:45:01 [INFO] [PHYSICS] Saved best model val_loss=14.7857
2026-05-20 14:45:01 [INFO] [CLINICAL] Saved best model Score=45.068 PTV_D95=56.45Gy Bladder=27.21Gy Rectum=24.99Gy
2026-05-20 14:45:01 [INFO] Epoch 14/100 started, lr=9.59e-05
2026-05-20 14:45:06 [INFO] Step 5/54 Loss=13.3015 mse=0.7390 v_opt=0.08427 v_mand=0.03000 ptv=0.0496 ptv_max=0.00233 ring=0.03873 smooth=0.2355 beam=0.57216 homogeneity=0.0083
2026-05-20 14:45:09 [INFO] Step 10/54 Loss=12.9547 mse=0.7215 v_opt=0.07979 v_mand=0.02732 ptv=0.0564 ptv_max=0.00100 ring=0.04089 smooth=0.2533 beam=0.57151 homogeneity=0.0052
2026-05-20 14:45:12 [INFO] Step 15/54 Loss=9.7613 mse=0.6433 v_opt=0.06552 v_mand=0.01114 ptv=0.0386 ptv_max=0.00251 ring=0.04846 smooth=0.1874 beam=0.24381 homogeneity=0.0082
2026-05-20 14:45:14 [INFO] Step 20/54 Loss=11.2548 mse=0.6952 v_opt=0.02942 v_mand=0.00381 ptv=0.0636 ptv_max=0.00267 ring=0.04355 smooth=0.2640 beam=0.47780 homogeneity=0.0108
2026-05-20 14:45:19 [INFO] Step 25/54 Loss=9.9327 mse=0.6866 v_opt=0.01987 v_mand=0.00168 ptv=0.0532 ptv_max=0.00173 ring=0.03636 smooth=0.2774 beam=0.32097 homogeneity=0.0073
2026-05-20 14:45:21 [INFO] Step 30/54 Loss=8.9642 mse=0.6108 v_opt=0.03144 v_mand=0.00504 ptv=0.0487 ptv_max=0.00358 ring=0.04192 smooth=0.1417 beam=0.20882 homogeneity=0.0094
2026-05-20 14:45:24 [INFO] Step 35/54 Loss=8.5742 mse=0.5998 v_opt=0.02032 v_mand=0.00005 ptv=0.0661 ptv_max=0.00148 ring=0.03417 smooth=0.1501 beam=0.22356 homogeneity=0.0076
2026-05-20 14:45:26 [INFO] Step 40/54 Loss=8.1253 mse=0.5518 v_opt=0.00050 v_mand=0.00000 ptv=0.0875 ptv_max=0.00093 ring=0.03173 smooth=0.1576 beam=0.20414 homogeneity=0.0086
2026-05-20 14:45:31 [INFO] Step 45/54 Loss=16.8184 mse=0.5816 v_opt=0.28083 v_mand=0.14832 ptv=0.0210 ptv_max=0.00377 ring=0.06055 smooth=0.1599 beam=0.29936 homogeneity=0.0103
2026-05-20 14:45:34 [INFO] Step 50/54 Loss=11.5883 mse=0.7548 v_opt=0.00586 v_mand=0.00000 ptv=0.0601 ptv_max=0.00104 ring=0.03305 smooth=0.1445 beam=0.55343 homogeneity=0.0049
2026-05-20 14:45:36 [INFO] Step 54/54 Loss=11.5551 mse=0.7465 v_opt=0.06336 v_mand=0.00634 ptv=0.0738 ptv_max=0.00064 ring=0.04310 smooth=0.1853 beam=0.42160 homogeneity=0.0051
2026-05-20 14:45:36 [INFO] Running validation at epoch 14...
2026-05-20 14:46:00 [INFO] Epoch 14 Summary: Train=10.4129 Val=14.4761 PTV_D95=55.30Gy Bladder=26.82Gy Rectum=30.70Gy
2026-05-20 14:46:00 [INFO] [PHYSICS] Saved best model val_loss=14.4761
2026-05-20 14:46:00 [INFO] Epoch 15/100 started, lr=9.53e-05
2026-05-20 14:46:05 [INFO] Step 5/54 Loss=9.7681 mse=0.6629 v_opt=0.00589 v_mand=0.00000 ptv=0.0301 ptv_max=0.00410 ring=0.05804 smooth=0.1764 beam=0.30178 homogeneity=0.0112
2026-05-20 14:46:08 [INFO] Step 10/54 Loss=7.2467 mse=0.5029 v_opt=0.01848 v_mand=0.00129 ptv=0.0364 ptv_max=0.00250 ring=0.04503 smooth=0.1679 beam=0.15521 homogeneity=0.0079
2026-05-20 14:46:11 [INFO] Step 15/54 Loss=13.3324 mse=0.8376 v_opt=0.02325 v_mand=0.00275 ptv=0.0606 ptv_max=0.00131 ring=0.03952 smooth=0.1238 beam=0.67832 homogeneity=0.0052
2026-05-20 14:46:14 [INFO] Step 20/54 Loss=16.0758 mse=0.6550 v_opt=0.18719 v_mand=0.09776 ptv=0.0253 ptv_max=0.00923 ring=0.06736 smooth=0.2162 beam=0.42505 homogeneity=0.0196
2026-05-20 14:46:18 [INFO] Step 25/54 Loss=12.5671 mse=0.6634 v_opt=0.12029 v_mand=0.05129 ptv=0.0233 ptv_max=0.00439 ring=0.05393 smooth=0.2248 beam=0.32475 homogeneity=0.0110
2026-05-20 14:46:21 [INFO] Step 30/54 Loss=8.2755 mse=0.5549 v_opt=0.04805 v_mand=0.00823 ptv=0.0762 ptv_max=0.00050 ring=0.03550 smooth=0.1868 beam=0.15795 homogeneity=0.0046
2026-05-20 14:46:23 [INFO] Step 35/54 Loss=9.4889 mse=0.6225 v_opt=0.03542 v_mand=0.00341 ptv=0.0625 ptv_max=0.00058 ring=0.04519 smooth=0.1554 beam=0.31743 homogeneity=0.0044
2026-05-20 14:46:26 [INFO] Step 40/54 Loss=11.7813 mse=0.7491 v_opt=0.00225 v_mand=0.00000 ptv=0.0652 ptv_max=0.00034 ring=0.04207 smooth=0.3205 beam=0.57428 homogeneity=0.0041
2026-05-20 14:46:30 [INFO] Step 45/54 Loss=7.6003 mse=0.5665 v_opt=0.01376 v_mand=0.00030 ptv=0.0532 ptv_max=0.00107 ring=0.03640 smooth=0.1599 beam=0.12807 homogeneity=0.0053
2026-05-20 14:46:33 [INFO] Step 50/54 Loss=10.0649 mse=0.6446 v_opt=0.00888 v_mand=0.00000 ptv=0.0327 ptv_max=0.00295 ring=0.04857 smooth=0.2223 beam=0.44092 homogeneity=0.0086
2026-05-20 14:46:35 [INFO] Step 54/54 Loss=12.4174 mse=0.7023 v_opt=0.10174 v_mand=0.04097 ptv=0.0359 ptv_max=0.00195 ring=0.04969 smooth=0.1885 beam=0.35603 homogeneity=0.0070
2026-05-20 14:46:35 [INFO] Running validation at epoch 15...
2026-05-20 14:46:59 [INFO] Epoch 15 Summary: Train=10.5629 Val=14.1367 PTV_D95=55.89Gy Bladder=26.79Gy Rectum=24.75Gy
2026-05-20 14:46:59 [INFO] [PHYSICS] Saved best model val_loss=14.1367
2026-05-20 14:46:59 [INFO] Epoch 16/100 started, lr=9.46e-05
2026-05-20 14:47:05 [INFO] Step 5/54 Loss=8.8085 mse=0.5694 v_opt=0.02254 v_mand=0.00147 ptv=0.0982 ptv_max=0.00018 ring=0.02905 smooth=0.1403 beam=0.28666 homogeneity=0.0061
2026-05-20 14:47:08 [INFO] Step 10/54 Loss=8.7541 mse=0.5807 v_opt=0.04213 v_mand=0.00475 ptv=0.0729 ptv_max=0.00051 ring=0.03703 smooth=0.1267 beam=0.24174 homogeneity=0.0047
2026-05-20 14:47:10 [INFO] Step 15/54 Loss=8.5447 mse=0.5367 v_opt=0.07966 v_mand=0.02600 ptv=0.0460 ptv_max=0.00132 ring=0.04301 smooth=0.1289 beam=0.08628 homogeneity=0.0052
2026-05-20 14:47:13 [INFO] Step 20/54 Loss=9.4380 mse=0.6087 v_opt=0.05224 v_mand=0.00590 ptv=0.0257 ptv_max=0.00729 ring=0.06989 smooth=0.1759 beam=0.18420 homogeneity=0.0171
2026-05-20 14:47:18 [INFO] Step 25/54 Loss=10.1889 mse=0.7735 v_opt=0.00000 v_mand=0.00000 ptv=0.0000 ptv_max=0.00000 ring=0.00000 smooth=0.3636 beam=0.48358 homogeneity=0.0000
2026-05-20 14:47:20 [INFO] Step 30/54 Loss=6.7091 mse=0.4771 v_opt=0.01297 v_mand=0.00019 ptv=0.0650 ptv_max=0.00064 ring=0.03624 smooth=0.1468 beam=0.11608 homogeneity=0.0041
2026-05-20 14:47:22 [INFO] Step 35/54 Loss=7.4728 mse=0.4792 v_opt=0.05263 v_mand=0.01437 ptv=0.0391 ptv_max=0.00203 ring=0.04826 smooth=0.1263 beam=0.09799 homogeneity=0.0069
2026-05-20 14:47:25 [INFO] Step 40/54 Loss=9.6847 mse=0.6210 v_opt=0.00017 v_mand=0.00000 ptv=0.1081 ptv_max=0.00118 ring=0.03035 smooth=0.1708 beam=0.33144 homogeneity=0.0102
2026-05-20 14:47:29 [INFO] Step 45/54 Loss=10.1633 mse=0.6613 v_opt=0.03134 v_mand=0.00070 ptv=0.0867 ptv_max=0.00084 ring=0.03936 smooth=0.3269 beam=0.34405 homogeneity=0.0100
2026-05-20 14:47:32 [INFO] Step 50/54 Loss=5.3337 mse=0.3954 v_opt=0.01089 v_mand=0.00000 ptv=0.0516 ptv_max=0.00104 ring=0.03773 smooth=0.1482 beam=0.02255 homogeneity=0.0048
2026-05-20 14:47:34 [INFO] Step 54/54 Loss=14.1496 mse=0.8778 v_opt=0.07488 v_mand=0.02532 ptv=0.0000 ptv_max=0.00000 ring=0.00000 smooth=0.4262 beam=0.78263 homogeneity=0.0000
2026-05-20 14:47:34 [INFO] Running validation at epoch 16...
2026-05-20 14:47:58 [INFO] Epoch 16 Summary: Train=10.5986 Val=14.6096 PTV_D95=55.94Gy Bladder=26.57Gy Rectum=24.97Gy
2026-05-20 14:47:58 [INFO] Epoch 17/100 started, lr=9.39e-05
2026-05-20 14:48:04 [INFO] Step 5/54 Loss=10.3605 mse=0.6704 v_opt=0.00254 v_mand=0.00000 ptv=0.0450 ptv_max=0.00122 ring=0.03980 smooth=0.2706 beam=0.48081 homogeneity=0.0057
2026-05-20 14:48:07 [INFO] Step 10/54 Loss=25.0503 mse=0.6921 v_opt=0.48547 v_mand=0.27224 ptv=0.0286 ptv_max=0.00277 ring=0.05074 smooth=0.2128 beam=0.43165 homogeneity=0.0090
2026-05-20 14:48:09 [INFO] Step 15/54 Loss=6.9857 mse=0.5037 v_opt=0.00464 v_mand=0.00000 ptv=0.0801 ptv_max=0.00042 ring=0.02811 smooth=0.1277 beam=0.11684 homogeneity=0.0049
2026-05-20 14:48:12 [INFO] Step 20/54 Loss=13.0108 mse=0.7984 v_opt=0.03353 v_mand=0.00592 ptv=0.0485 ptv_max=0.00169 ring=0.03206 smooth=0.3105 beam=0.69286 homogeneity=0.0059
2026-05-20 14:48:16 [INFO] Step 25/54 Loss=7.6820 mse=0.5351 v_opt=0.00012 v_mand=0.00000 ptv=0.0498 ptv_max=0.00143 ring=0.03717 smooth=0.1155 beam=0.21394 homogeneity=0.0061
2026-05-20 14:48:19 [INFO] Step 30/54 Loss=10.5431 mse=0.6656 v_opt=0.00788 v_mand=0.00000 ptv=0.0429 ptv_max=0.00109 ring=0.03721 smooth=0.1604 beam=0.54188 homogeneity=0.0052
2026-05-20 14:48:21 [INFO] Step 35/54 Loss=8.8476 mse=0.5988 v_opt=0.00614 v_mand=0.00000 ptv=0.0575 ptv_max=0.00044 ring=0.03882 smooth=0.1205 beam=0.31752 homogeneity=0.0034
2026-05-20 14:48:24 [INFO] Step 40/54 Loss=11.6970 mse=0.7487 v_opt=0.03544 v_mand=0.00277 ptv=0.0459 ptv_max=0.00070 ring=0.03765 smooth=0.0970 beam=0.56980 homogeneity=0.0041
2026-05-20 14:48:28 [INFO] Step 45/54 Loss=11.3447 mse=0.7381 v_opt=0.02114 v_mand=0.00201 ptv=0.0320 ptv_max=0.00140 ring=0.03784 smooth=0.1182 beam=0.54779 homogeneity=0.0056
2026-05-20 14:48:31 [INFO] Step 50/54 Loss=7.8029 mse=0.4860 v_opt=0.07132 v_mand=0.02199 ptv=0.0274 ptv_max=0.00272 ring=0.04530 smooth=0.0893 beam=0.08794 homogeneity=0.0081
2026-05-20 14:48:33 [INFO] Step 54/54 Loss=9.8218 mse=0.5835 v_opt=0.09079 v_mand=0.03304 ptv=0.0428 ptv_max=0.00563 ring=0.04011 smooth=0.1276 beam=0.10629 homogeneity=0.0149
2026-05-20 14:48:33 [INFO] Running validation at epoch 17...
2026-05-20 14:48:57 [INFO] Epoch 17 Summary: Train=9.8458 Val=13.1911 PTV_D95=56.20Gy Bladder=26.52Gy Rectum=21.62Gy
2026-05-20 14:48:57 [INFO] [PHYSICS] Saved best model val_loss=13.1911
2026-05-20 14:48:57 [INFO] Epoch 18/100 started, lr=9.31e-05
2026-05-20 14:49:03 [INFO] Step 5/54 Loss=10.0179 mse=0.6168 v_opt=0.05218 v_mand=0.00666 ptv=0.0225 ptv_max=0.01075 ring=0.07082 smooth=0.1545 beam=0.22623 homogeneity=0.0221
2026-05-20 14:49:05 [INFO] Step 10/54 Loss=43.9390 mse=0.6546 v_opt=0.81707 v_mand=0.57140 ptv=0.4094 ptv_max=0.00510 ring=0.03259 smooth=0.1449 beam=0.23811 homogeneity=0.0573
2026-05-20 14:49:08 [INFO] Step 15/54 Loss=7.3964 mse=0.5281 v_opt=0.02423 v_mand=0.00261 ptv=0.0395 ptv_max=0.00280 ring=0.03802 smooth=0.1109 beam=0.13223 homogeneity=0.0080
2026-05-20 14:49:10 [INFO] Step 20/54 Loss=15.1010 mse=0.7406 v_opt=0.16765 v_mand=0.07152 ptv=0.0355 ptv_max=0.00406 ring=0.05512 smooth=0.2114 beam=0.43240 homogeneity=0.0108
2026-05-20 14:49:14 [INFO] Step 25/54 Loss=6.8228 mse=0.4552 v_opt=0.02633 v_mand=0.00209 ptv=0.0838 ptv_max=0.00048 ring=0.03380 smooth=0.1433 beam=0.11953 homogeneity=0.0067
2026-05-20 14:49:18 [INFO] Step 30/54 Loss=10.2122 mse=0.6709 v_opt=0.00084 v_mand=0.00000 ptv=0.0701 ptv_max=0.00016 ring=0.02806 smooth=0.1702 beam=0.45819 homogeneity=0.0032
2026-05-20 14:49:20 [INFO] Step 35/54 Loss=12.8838 mse=0.8981 v_opt=0.02197 v_mand=0.00232 ptv=0.0326 ptv_max=0.00231 ring=0.03961 smooth=0.2222 beam=0.50556 homogeneity=0.0078
2026-05-20 14:49:23 [INFO] Step 40/54 Loss=10.2126 mse=0.6388 v_opt=0.00503 v_mand=0.00000 ptv=0.0966 ptv_max=0.00153 ring=0.03668 smooth=0.1115 beam=0.38985 homogeneity=0.0131
2026-05-20 14:49:26 [INFO] Step 45/54 Loss=9.7795 mse=0.6435 v_opt=0.01970 v_mand=0.00004 ptv=0.0689 ptv_max=0.00040 ring=0.03748 smooth=0.1302 beam=0.38763 homogeneity=0.0040
2026-05-20 14:49:30 [INFO] Step 50/54 Loss=13.8581 mse=0.8405 v_opt=0.03086 v_mand=0.00554 ptv=0.0420 ptv_max=0.00047 ring=0.04211 smooth=0.1740 beam=0.79071 homogeneity=0.0034
2026-05-20 14:49:32 [INFO] Step 54/54 Loss=8.2589 mse=0.5878 v_opt=0.00009 v_mand=0.00000 ptv=0.0848 ptv_max=0.00017 ring=0.02362 smooth=0.0937 beam=0.21743 homogeneity=0.0037
2026-05-20 14:49:32 [INFO] Running validation at epoch 18...
2026-05-20 14:49:56 [INFO] Epoch 18 Summary: Train=10.5163 Val=14.0984 PTV_D95=55.17Gy Bladder=26.81Gy Rectum=22.62Gy
2026-05-20 14:49:56 [INFO] Epoch 19/100 started, lr=9.23e-05
2026-05-20 14:50:02 [INFO] Step 5/54 Loss=7.2024 mse=0.4609 v_opt=0.06981 v_mand=0.02209 ptv=0.0315 ptv_max=0.00206 ring=0.04578 smooth=0.1083 beam=0.01949 homogeneity=0.0068
2026-05-20 14:50:04 [INFO] Step 10/54 Loss=18.4021 mse=0.7036 v_opt=0.27625 v_mand=0.12761 ptv=0.0821 ptv_max=0.00346 ring=0.04380 smooth=0.1665 beam=0.48752 homogeneity=0.0164
2026-05-20 14:50:07 [INFO] Step 15/54 Loss=8.0663 mse=0.5642 v_opt=0.00415 v_mand=0.00000 ptv=0.0338 ptv_max=0.00303 ring=0.03977 smooth=0.1892 beam=0.22692 homogeneity=0.0088
2026-05-20 14:50:09 [INFO] Step 20/54 Loss=7.0369 mse=0.5173 v_opt=0.02091 v_mand=0.00038 ptv=0.0649 ptv_max=0.00052 ring=0.03418 smooth=0.1580 beam=0.10096 homogeneity=0.0047
2026-05-20 14:50:14 [INFO] Step 25/54 Loss=7.9932 mse=0.5461 v_opt=0.01069 v_mand=0.00000 ptv=0.0526 ptv_max=0.00100 ring=0.04043 smooth=0.1348 beam=0.24471 homogeneity=0.0046
2026-05-20 14:50:17 [INFO] Step 30/54 Loss=7.6054 mse=0.5689 v_opt=0.00143 v_mand=0.00000 ptv=0.0755 ptv_max=0.00066 ring=0.03299 smooth=0.1302 beam=0.09674 homogeneity=0.0067
2026-05-20 14:50:19 [INFO] Step 35/54 Loss=7.8242 mse=0.5108 v_opt=0.05644 v_mand=0.01125 ptv=0.0266 ptv_max=0.00242 ring=0.05002 smooth=0.1242 beam=0.14677 homogeneity=0.0079
2026-05-20 14:50:22 [INFO] Step 40/54 Loss=9.6305 mse=0.6451 v_opt=0.00000 v_mand=0.00000 ptv=0.0584 ptv_max=0.00053 ring=0.03277 smooth=0.2837 beam=0.39472 homogeneity=0.0038
2026-05-20 14:50:26 [INFO] Step 45/54 Loss=6.4002 mse=0.4619 v_opt=0.01116 v_mand=0.00003 ptv=0.0492 ptv_max=0.00059 ring=0.04286 smooth=0.0894 beam=0.10055 homogeneity=0.0041
2026-05-20 14:50:28 [INFO] Step 50/54 Loss=11.6038 mse=0.7848 v_opt=0.06197 v_mand=0.00880 ptv=0.0385 ptv_max=0.00133 ring=0.03979 smooth=0.2628 beam=0.40125 homogeneity=0.0055
2026-05-20 14:50:31 [INFO] Step 54/54 Loss=11.1314 mse=0.6179 v_opt=0.07724 v_mand=0.02536 ptv=0.1097 ptv_max=0.00101 ring=0.02881 smooth=0.1078 beam=0.35083 homogeneity=0.0093
2026-05-20 14:50:31 [INFO] Running validation at epoch 19...
2026-05-20 14:50:55 [INFO] Epoch 19 Summary: Train=9.6488 Val=13.4750 PTV_D95=54.58Gy Bladder=26.87Gy Rectum=19.78Gy
2026-05-20 14:50:55 [INFO] Epoch 20/100 started, lr=9.14e-05
2026-05-20 14:51:00 [INFO] Step 5/54 Loss=6.9678 mse=0.4642 v_opt=0.03897 v_mand=0.00882 ptv=0.0454 ptv_max=0.00082 ring=0.03417 smooth=0.1151 beam=0.14014 homogeneity=0.0044
2026-05-20 14:51:03 [INFO] Step 10/54 Loss=9.3894 mse=0.6439 v_opt=0.00000 v_mand=0.00000 ptv=0.0487 ptv_max=0.00075 ring=0.03462 smooth=0.1463 beam=0.35859 homogeneity=0.0050
2026-05-20 14:51:06 [INFO] Step 15/54 Loss=9.6416 mse=0.6324 v_opt=0.01915 v_mand=0.00147 ptv=0.0295 ptv_max=0.00205 ring=0.05317 smooth=0.1262 beam=0.36960 homogeneity=0.0075
2026-05-20 14:51:08 [INFO] Step 20/54 Loss=8.4258 mse=0.6084 v_opt=0.03177 v_mand=0.00607 ptv=0.0679 ptv_max=0.00414 ring=0.04092 smooth=0.1407 beam=0.03749 homogeneity=0.0136
2026-05-20 14:51:12 [INFO] Step 25/54 Loss=14.3197 mse=0.7983 v_opt=0.10054 v_mand=0.02140 ptv=0.0758 ptv_max=0.00018 ring=0.03716 smooth=0.1717 beam=0.73200 homogeneity=0.0032
2026-05-20 14:51:16 [INFO] Step 30/54 Loss=7.6882 mse=0.4975 v_opt=0.04003 v_mand=0.00884 ptv=0.0653 ptv_max=0.00032 ring=0.03179 smooth=0.1009 beam=0.19291 homogeneity=0.0035
2026-05-20 14:51:18 [INFO] Step 35/54 Loss=7.7699 mse=0.5649 v_opt=0.00961 v_mand=0.00000 ptv=0.0373 ptv_max=0.00099 ring=0.03856 smooth=0.1401 beam=0.19865 homogeneity=0.0047
2026-05-20 14:51:20 [INFO] Step 40/54 Loss=9.1174 mse=0.6009 v_opt=0.00007 v_mand=0.00000 ptv=0.0658 ptv_max=0.00094 ring=0.03335 smooth=0.1157 beam=0.35224 homogeneity=0.0065
2026-05-20 14:51:25 [INFO] Step 45/54 Loss=12.3640 mse=0.7655 v_opt=0.01523 v_mand=0.00035 ptv=0.0764 ptv_max=0.00066 ring=0.03706 smooth=0.1793 beam=0.63063 homogeneity=0.0069
2026-05-20 14:51:28 [INFO] Step 50/54 Loss=7.6737 mse=0.5711 v_opt=0.01162 v_mand=0.00006 ptv=0.0576 ptv_max=0.00077 ring=0.03578 smooth=0.1200 beam=0.13136 homogeneity=0.0058
2026-05-20 14:51:30 [INFO] Step 54/54 Loss=8.0157 mse=0.5696 v_opt=0.01893 v_mand=0.00141 ptv=0.0351 ptv_max=0.00092 ring=0.03575 smooth=0.1052 beam=0.23446 homogeneity=0.0048
2026-05-20 14:51:30 [INFO] Running validation at epoch 20...
2026-05-20 14:51:54 [INFO] Epoch 20 Summary: Train=9.4434 Val=13.0587 PTV_D95=58.04Gy Bladder=26.94Gy Rectum=26.33Gy
2026-05-20 14:51:54 [INFO] [PHYSICS] Saved best model val_loss=13.0587
2026-05-20 14:51:54 [INFO] [CLINICAL] Saved best model Score=40.017 PTV_D95=58.04Gy Bladder=26.94Gy Rectum=26.33Gy
2026-05-20 14:51:54 [INFO] Epoch 21/100 started, lr=9.05e-05
2026-05-20 14:51:59 [INFO] Step 5/54 Loss=20.6938 mse=0.6971 v_opt=0.34198 v_mand=0.16679 ptv=0.1808 ptv_max=0.00037 ring=0.03007 smooth=0.1703 beam=0.43261 homogeneity=0.0121
2026-05-20 14:52:02 [INFO] Step 10/54 Loss=6.5479 mse=0.4408 v_opt=0.00245 v_mand=0.00000 ptv=0.0479 ptv_max=0.00056 ring=0.03395 smooth=0.0922 beam=0.20724 homogeneity=0.0037
2026-05-20 14:52:04 [INFO] Step 15/54 Loss=8.0955 mse=0.5107 v_opt=0.07351 v_mand=0.02364 ptv=0.0406 ptv_max=0.00154 ring=0.03323 smooth=0.1229 beam=0.10670 homogeneity=0.0066
2026-05-20 14:52:07 [INFO] Step 20/54 Loss=7.7200 mse=0.4999 v_opt=0.00110 v_mand=0.00000 ptv=0.0783 ptv_max=0.00082 ring=0.03330 smooth=0.1026 beam=0.24386 homogeneity=0.0083
2026-05-20 14:52:12 [INFO] Step 25/54 Loss=7.7679 mse=0.5371 v_opt=0.02263 v_mand=0.00020 ptv=0.0423 ptv_max=0.00081 ring=0.03925 smooth=0.1116 beam=0.23785 homogeneity=0.0044
2026-05-20 14:52:15 [INFO] Step 30/54 Loss=7.9465 mse=0.5336 v_opt=0.05580 v_mand=0.01254 ptv=0.0297 ptv_max=0.00098 ring=0.03995 smooth=0.1038 beam=0.16372 homogeneity=0.0049
2026-05-20 14:52:17 [INFO] Step 35/54 Loss=10.7735 mse=0.6773 v_opt=0.00000 v_mand=0.00000 ptv=0.0603 ptv_max=0.00125 ring=0.02762 smooth=0.1572 beam=0.55570 homogeneity=0.0063
2026-05-20 14:52:20 [INFO] Step 40/54 Loss=13.1968 mse=0.7020 v_opt=0.14102 v_mand=0.04688 ptv=0.0375 ptv_max=0.00081 ring=0.04845 smooth=0.1310 beam=0.46226 homogeneity=0.0042
2026-05-20 14:52:24 [INFO] Step 45/54 Loss=6.7217 mse=0.4978 v_opt=0.00758 v_mand=0.00000 ptv=0.0579 ptv_max=0.00031 ring=0.03601 smooth=0.0805 beam=0.10208 homogeneity=0.0038
2026-05-20 14:52:27 [INFO] Step 50/54 Loss=5.9383 mse=0.4420 v_opt=0.00276 v_mand=0.00000 ptv=0.0435 ptv_max=0.00098 ring=0.03598 smooth=0.0904 beam=0.07532 homogeneity=0.0052
2026-05-20 14:52:28 [INFO] Step 54/54 Loss=7.7049 mse=0.5477 v_opt=0.00160 v_mand=0.00000 ptv=0.0336 ptv_max=0.00097 ring=0.03868 smooth=0.1014 beam=0.22978 homogeneity=0.0051
2026-05-20 14:52:28 [INFO] Running validation at epoch 21...
2026-05-20 14:52:52 [INFO] Epoch 21 Summary: Train=9.6026 Val=12.9207 PTV_D95=58.06Gy Bladder=27.44Gy Rectum=22.87Gy
2026-05-20 14:52:52 [INFO] [PHYSICS] Saved best model val_loss=12.9207
2026-05-20 14:52:52 [INFO] Epoch 22/100 started, lr=8.96e-05
2026-05-20 14:52:58 [INFO] Step 5/54 Loss=7.4337 mse=0.5510 v_opt=0.00001 v_mand=0.00000 ptv=0.0515 ptv_max=0.00043 ring=0.03417 smooth=0.1861 beam=0.15849 homogeneity=0.0032
2026-05-20 14:53:01 [INFO] Step 10/54 Loss=7.0793 mse=0.4723 v_opt=0.00286 v_mand=0.00000 ptv=0.0646 ptv_max=0.00041 ring=0.03022 smooth=0.0897 beam=0.22937 homogeneity=0.0037
2026-05-20 14:53:03 [INFO] Step 15/54 Loss=8.0331 mse=0.6219 v_opt=0.01189 v_mand=0.00000 ptv=0.0479 ptv_max=0.00091 ring=0.03044 smooth=0.1100 beam=0.13726 homogeneity=0.0056
2026-05-20 14:53:06 [INFO] Step 20/54 Loss=6.7369 mse=0.4981 v_opt=0.01197 v_mand=0.00005 ptv=0.0386 ptv_max=0.00192 ring=0.03748 smooth=0.0906 beam=0.10620 homogeneity=0.0073
2026-05-20 14:53:10 [INFO] Step 25/54 Loss=10.2108 mse=0.6899 v_opt=0.00522 v_mand=0.00000 ptv=0.0336 ptv_max=0.00144 ring=0.04072 smooth=0.1660 beam=0.42970 homogeneity=0.0059
2026-05-20 14:53:12 [INFO] Step 30/54 Loss=6.2605 mse=0.4697 v_opt=0.01447 v_mand=0.00041 ptv=0.0363 ptv_max=0.00110 ring=0.04346 smooth=0.0941 beam=0.06541 homogeneity=0.0054
2026-05-20 14:53:15 [INFO] Step 35/54 Loss=5.8378 mse=0.4295 v_opt=0.00226 v_mand=0.00000 ptv=0.0571 ptv_max=0.00079 ring=0.03351 smooth=0.1051 beam=0.06501 homogeneity=0.0045
2026-05-20 14:53:18 [INFO] Step 40/54 Loss=7.3048 mse=0.5272 v_opt=0.03986 v_mand=0.00541 ptv=0.0375 ptv_max=0.00105 ring=0.03610 smooth=0.1104 beam=0.12102 homogeneity=0.0049
2026-05-20 14:53:22 [INFO] Step 45/54 Loss=6.6153 mse=0.4986 v_opt=0.01393 v_mand=0.00000 ptv=0.0462 ptv_max=0.00094 ring=0.03471 smooth=0.0678 beam=0.09387 homogeneity=0.0048
2026-05-20 14:53:25 [INFO] Step 50/54 Loss=9.3972 mse=0.5876 v_opt=0.04118 v_mand=0.00710 ptv=0.1167 ptv_max=0.00127 ring=0.04398 smooth=0.1448 beam=0.16791 homogeneity=0.0169
2026-05-20 14:53:27 [INFO] Step 54/54 Loss=8.5750 mse=0.5763 v_opt=0.00275 v_mand=0.00000 ptv=0.0434 ptv_max=0.00104 ring=0.03248 smooth=0.1552 beam=0.34264 homogeneity=0.0053
2026-05-20 14:53:27 [INFO] Running validation at epoch 22...
2026-05-20 14:53:51 [INFO] Epoch 22 Summary: Train=10.4376 Val=13.4188 PTV_D95=56.26Gy Bladder=24.54Gy Rectum=27.33Gy
2026-05-20 14:53:51 [INFO] Epoch 23/100 started, lr=8.86e-05
2026-05-20 14:53:56 [INFO] Step 5/54 Loss=8.2522 mse=0.5331 v_opt=0.03212 v_mand=0.00627 ptv=0.0312 ptv_max=0.00154 ring=0.04710 smooth=0.0808 beam=0.26360 homogeneity=0.0061
2026-05-20 14:53:59 [INFO] Step 10/54 Loss=10.0705 mse=0.4449 v_opt=0.17180 v_mand=0.06949 ptv=0.0244 ptv_max=0.00285 ring=0.04092 smooth=0.0907 beam=0.12433 homogeneity=0.0086
2026-05-20 14:54:02 [INFO] Step 15/54 Loss=8.1535 mse=0.5607 v_opt=0.04877 v_mand=0.00422 ptv=0.0603 ptv_max=0.00034 ring=0.02242 smooth=0.1006 beam=0.23784 homogeneity=0.0041
2026-05-20 14:54:04 [INFO] Step 20/54 Loss=11.5797 mse=0.7563 v_opt=0.04323 v_mand=0.00809 ptv=0.0370 ptv_max=0.00422 ring=0.06516 smooth=0.2039 beam=0.35074 homogeneity=0.0097
2026-05-20 14:54:08 [INFO] Step 25/54 Loss=7.1833 mse=0.5588 v_opt=0.00185 v_mand=0.00000 ptv=0.0435 ptv_max=0.00053 ring=0.02834 smooth=0.1378 beam=0.12418 homogeneity=0.0035
2026-05-20 14:54:11 [INFO] Step 30/54 Loss=11.6630 mse=0.6997 v_opt=0.00041 v_mand=0.00000 ptv=0.0466 ptv_max=0.00520 ring=0.04063 smooth=0.1938 beam=0.61200 homogeneity=0.0125
2026-05-20 14:54:14 [INFO] Step 35/54 Loss=9.0709 mse=0.6095 v_opt=0.00000 v_mand=0.00000 ptv=0.0675 ptv_max=0.00019 ring=0.02475 smooth=0.1940 beam=0.36690 homogeneity=0.0033
2026-05-20 14:54:16 [INFO] Step 40/54 Loss=9.4415 mse=0.6170 v_opt=0.00875 v_mand=0.00000 ptv=0.0459 ptv_max=0.00138 ring=0.03635 smooth=0.1727 beam=0.40559 homogeneity=0.0068
2026-05-20 14:54:22 [INFO] Step 45/54 Loss=8.2855 mse=0.5718 v_opt=0.00851 v_mand=0.00000 ptv=0.0342 ptv_max=0.00139 ring=0.03841 smooth=0.1271 beam=0.28803 homogeneity=0.0055
2026-05-20 14:54:24 [INFO] Step 50/54 Loss=12.9771 mse=0.6914 v_opt=0.10445 v_mand=0.04166 ptv=0.0378 ptv_max=0.00062 ring=0.04355 smooth=0.2478 beam=0.52143 homogeneity=0.0038
2026-05-20 14:54:26 [INFO] Step 54/54 Loss=8.3831 mse=0.5790 v_opt=0.00779 v_mand=0.00000 ptv=0.0684 ptv_max=0.00039 ring=0.02820 smooth=0.1048 beam=0.27047 homogeneity=0.0044
2026-05-20 14:54:26 [INFO] Running validation at epoch 23...
2026-05-20 14:54:50 [INFO] Epoch 23 Summary: Train=9.4619 Val=12.1770 PTV_D95=58.23Gy Bladder=26.63Gy Rectum=25.87Gy
2026-05-20 14:54:50 [INFO] [PHYSICS] Saved best model val_loss=12.1770
2026-05-20 14:54:50 [INFO] [CLINICAL] Saved best model Score=39.154 PTV_D95=58.23Gy Bladder=26.63Gy Rectum=25.87Gy
2026-05-20 14:54:50 [INFO] Epoch 24/100 started, lr=8.76e-05
2026-05-20 14:54:55 [INFO] Step 5/54 Loss=7.1414 mse=0.5018 v_opt=0.01000 v_mand=0.00000 ptv=0.0268 ptv_max=0.00196 ring=0.04350 smooth=0.0896 beam=0.18812 homogeneity=0.0068
2026-05-20 14:54:58 [INFO] Step 10/54 Loss=4.3602 mse=0.3186 v_opt=0.00000 v_mand=0.00000 ptv=0.0432 ptv_max=0.00079 ring=0.03744 smooth=0.0796 beam=0.00776 homogeneity=0.0047
2026-05-20 14:55:01 [INFO] Step 15/54 Loss=6.8803 mse=0.4792 v_opt=0.06757 v_mand=0.00944 ptv=0.0362 ptv_max=0.00146 ring=0.03182 smooth=0.0837 beam=0.08923 homogeneity=0.0057
2026-05-20 14:55:04 [INFO] Step 20/54 Loss=5.9093 mse=0.4239 v_opt=0.02612 v_mand=0.00307 ptv=0.0249 ptv_max=0.00220 ring=0.04045 smooth=0.0639 beam=0.06806 homogeneity=0.0076
2026-05-20 14:55:06 [INFO] Step 25/54 Loss=11.8050 mse=0.6382 v_opt=0.12159 v_mand=0.03064 ptv=0.0359 ptv_max=0.00052 ring=0.04619 smooth=0.1374 beam=0.49745 homogeneity=0.0035
2026-05-20 14:55:11 [INFO] Step 30/54 Loss=7.8636 mse=0.5354 v_opt=0.00000 v_mand=0.00000 ptv=0.0733 ptv_max=0.00011 ring=0.02869 smooth=0.0805 beam=0.25644 homogeneity=0.0025
2026-05-20 14:55:13 [INFO] Step 35/54 Loss=10.1649 mse=0.6584 v_opt=0.02656 v_mand=0.00183 ptv=0.0368 ptv_max=0.00113 ring=0.02602 smooth=0.1454 beam=0.49896 homogeneity=0.0056
2026-05-20 14:55:16 [INFO] Step 40/54 Loss=8.0114 mse=0.5900 v_opt=0.00240 v_mand=0.00000 ptv=0.0340 ptv_max=0.00171 ring=0.03210 smooth=0.1052 beam=0.21117 homogeneity=0.0067
2026-05-20 14:55:19 [INFO] Step 45/54 Loss=6.4791 mse=0.4752 v_opt=0.00007 v_mand=0.00000 ptv=0.0365 ptv_max=0.00117 ring=0.03388 smooth=0.0882 beam=0.13592 homogeneity=0.0053
2026-05-20 14:55:23 [INFO] Step 50/54 Loss=7.1192 mse=0.5103 v_opt=0.00379 v_mand=0.00000 ptv=0.0553 ptv_max=0.00013 ring=0.03022 smooth=0.0814 beam=0.18751 homogeneity=0.0025
2026-05-20 14:55:25 [INFO] Step 54/54 Loss=9.8441 mse=0.6508 v_opt=0.00775 v_mand=0.00000 ptv=0.0410 ptv_max=0.00067 ring=0.03497 smooth=0.1636 beam=0.45179 homogeneity=0.0039
2026-05-20 14:55:25 [INFO] Running validation at epoch 24...
2026-05-20 14:55:49 [INFO] Epoch 24 Summary: Train=7.9974 Val=12.8466 PTV_D95=57.32Gy Bladder=26.92Gy Rectum=23.35Gy
2026-05-20 14:55:49 [INFO] Epoch 25/100 started, lr=8.66e-05
2026-05-20 14:55:54 [INFO] Step 5/54 Loss=5.3971 mse=0.3797 v_opt=0.00000 v_mand=0.00000 ptv=0.0388 ptv_max=0.00091 ring=0.03565 smooth=0.0732 beam=0.10416 homogeneity=0.0052
2026-05-20 14:55:57 [INFO] Step 10/54 Loss=9.8941 mse=0.5599 v_opt=0.06972 v_mand=0.01186 ptv=0.0192 ptv_max=0.00484 ring=0.05471 smooth=0.0985 beam=0.40822 homogeneity=0.0129
2026-05-20 14:55:59 [INFO] Step 15/54 Loss=10.1938 mse=0.6673 v_opt=0.01317 v_mand=0.00022 ptv=0.0422 ptv_max=0.00054 ring=0.02552 smooth=0.1708 beam=0.51045 homogeneity=0.0041
2026-05-20 14:56:02 [INFO] Step 20/54 Loss=6.2920 mse=0.4702 v_opt=0.00628 v_mand=0.00000 ptv=0.0401 ptv_max=0.00070 ring=0.03238 smooth=0.0930 beam=0.11045 homogeneity=0.0047
2026-05-20 14:56:07 [INFO] Step 25/54 Loss=6.8608 mse=0.4826 v_opt=0.01168 v_mand=0.00006 ptv=0.0354 ptv_max=0.00113 ring=0.03970 smooth=0.0864 beam=0.17694 homogeneity=0.0054
2026-05-20 14:56:09 [INFO] Step 30/54 Loss=8.7789 mse=0.6106 v_opt=0.04306 v_mand=0.00262 ptv=0.0419 ptv_max=0.00091 ring=0.02616 smooth=0.1018 beam=0.29695 homogeneity=0.0052
2026-05-20 14:56:12 [INFO] Step 35/54 Loss=11.9574 mse=0.7539 v_opt=0.01987 v_mand=0.00160 ptv=0.0341 ptv_max=0.00038 ring=0.03826 smooth=0.0693 beam=0.65877 homogeneity=0.0032
2026-05-20 14:56:15 [INFO] Step 40/54 Loss=8.5733 mse=0.6225 v_opt=0.04363 v_mand=0.00587 ptv=0.0571 ptv_max=0.00016 ring=0.02868 smooth=0.0942 beam=0.17867 homogeneity=0.0028
2026-05-20 14:56:19 [INFO] Step 45/54 Loss=6.8547 mse=0.5010 v_opt=0.00306 v_mand=0.00000 ptv=0.0321 ptv_max=0.00129 ring=0.03713 smooth=0.0761 beam=0.15163 homogeneity=0.0065
2026-05-20 14:56:21 [INFO] Step 50/54 Loss=7.4645 mse=0.5950 v_opt=0.00637 v_mand=0.00000 ptv=0.0226 ptv_max=0.00218 ring=0.03370 smooth=0.0839 beam=0.09796 homogeneity=0.0082
2026-05-20 14:56:24 [INFO] Step 54/54 Loss=11.5243 mse=0.6509 v_opt=0.09164 v_mand=0.03268 ptv=0.0814 ptv_max=0.00166 ring=0.03286 smooth=0.0853 beam=0.30518 homogeneity=0.0137
2026-05-20 14:56:24 [INFO] Running validation at epoch 25...
2026-05-20 14:56:47 [INFO] Epoch 25 Summary: Train=8.4668 Val=12.5865 PTV_D95=58.44Gy Bladder=27.49Gy Rectum=19.47Gy
2026-05-20 14:56:47 [INFO] Epoch 26/100 started, lr=8.55e-05
2026-05-20 14:56:53 [INFO] Step 5/54 Loss=8.2300 mse=0.5703 v_opt=0.00398 v_mand=0.00000 ptv=0.0348 ptv_max=0.00106 ring=0.03592 smooth=0.1368 beam=0.29246 homogeneity=0.0052
2026-05-20 14:56:55 [INFO] Step 10/54 Loss=10.2359 mse=0.8402 v_opt=0.00019 v_mand=0.00000 ptv=0.0648 ptv_max=0.00012 ring=0.02538 smooth=0.0655 beam=0.14840 homogeneity=0.0025
2026-05-20 14:56:58 [INFO] Step 15/54 Loss=7.7821 mse=0.5321 v_opt=0.01264 v_mand=0.00000 ptv=0.0344 ptv_max=0.00082 ring=0.03241 smooth=0.0791 beam=0.29095 homogeneity=0.0051
2026-05-20 14:57:00 [INFO] Step 20/54 Loss=8.6852 mse=0.5215 v_opt=0.04067 v_mand=0.00832 ptv=0.0255 ptv_max=0.00685 ring=0.06049 smooth=0.0943 beam=0.22435 homogeneity=0.0168
2026-05-20 14:57:05 [INFO] Step 25/54 Loss=5.9954 mse=0.4496 v_opt=0.00519 v_mand=0.00000 ptv=0.0354 ptv_max=0.00071 ring=0.04047 smooth=0.0897 beam=0.08001 homogeneity=0.0042
2026-05-20 14:57:08 [INFO] Step 30/54 Loss=8.8787 mse=0.5868 v_opt=0.00822 v_mand=0.00000 ptv=0.0525 ptv_max=0.00096 ring=0.03034 smooth=0.0885 beam=0.36645 homogeneity=0.0063
2026-05-20 14:57:10 [INFO] Step 35/54 Loss=8.4451 mse=0.5587 v_opt=0.08090 v_mand=0.01585 ptv=0.0623 ptv_max=0.00056 ring=0.02816 smooth=0.1000 beam=0.14810 homogeneity=0.0040
2026-05-20 14:57:13 [INFO] Step 40/54 Loss=6.5780 mse=0.4671 v_opt=0.02455 v_mand=0.00010 ptv=0.0375 ptv_max=0.00099 ring=0.03868 smooth=0.0862 beam=0.14824 homogeneity=0.0049
2026-05-20 14:57:17 [INFO] Step 45/54 Loss=7.1445 mse=0.5419 v_opt=0.01805 v_mand=0.00118 ptv=0.0469 ptv_max=0.00067 ring=0.02567 smooth=0.1326 beam=0.12871 homogeneity=0.0043
2026-05-20 14:57:20 [INFO] Step 50/54 Loss=6.4760 mse=0.4918 v_opt=0.00138 v_mand=0.00000 ptv=0.0414 ptv_max=0.00102 ring=0.02255 smooth=0.0917 beam=0.12649 homogeneity=0.0055
2026-05-20 14:57:22 [INFO] Step 54/54 Loss=6.0696 mse=0.4386 v_opt=0.01240 v_mand=0.00013 ptv=0.0374 ptv_max=0.00051 ring=0.03028 smooth=0.0737 beam=0.14267 homogeneity=0.0039
2026-05-20 14:57:22 [INFO] Running validation at epoch 26...
2026-05-20 14:57:46 [INFO] Epoch 26 Summary: Train=8.9617 Val=13.0271 PTV_D95=58.14Gy Bladder=26.27Gy Rectum=23.91Gy
2026-05-20 14:57:46 [INFO] [CLINICAL] Saved best model Score=39.062 PTV_D95=58.14Gy Bladder=26.27Gy Rectum=23.91Gy
2026-05-20 14:57:46 [INFO] Epoch 27/100 started, lr=8.44e-05
2026-05-20 14:57:51 [INFO] Step 5/54 Loss=5.8976 mse=0.4301 v_opt=0.00071 v_mand=0.00000 ptv=0.0359 ptv_max=0.00076 ring=0.03567 smooth=0.0849 beam=0.11263 homogeneity=0.0046
2026-05-20 14:57:54 [INFO] Step 10/54 Loss=6.1028 mse=0.4128 v_opt=0.06044 v_mand=0.00597 ptv=0.0335 ptv_max=0.00082 ring=0.04008 smooth=0.0765 beam=0.09636 homogeneity=0.0045
2026-05-20 14:57:56 [INFO] Step 15/54 Loss=8.4164 mse=0.5105 v_opt=0.06919 v_mand=0.01528 ptv=0.0446 ptv_max=0.00076 ring=0.03737 smooth=0.0773 beam=0.25224 homogeneity=0.0048
2026-05-20 14:57:58 [INFO] Step 20/54 Loss=7.4932 mse=0.4897 v_opt=0.03462 v_mand=0.00657 ptv=0.0358 ptv_max=0.00073 ring=0.03989 smooth=0.0619 beam=0.22177 homogeneity=0.0045
2026-05-20 14:58:03 [INFO] Step 25/54 Loss=7.2321 mse=0.4443 v_opt=0.03884 v_mand=0.00841 ptv=0.0267 ptv_max=0.00423 ring=0.04649 smooth=0.0791 beam=0.17609 homogeneity=0.0113
2026-05-20 14:58:07 [INFO] Step 30/54 Loss=5.9372 mse=0.4315 v_opt=0.01721 v_mand=0.00097 ptv=0.0359 ptv_max=0.00174 ring=0.03471 smooth=0.0872 beam=0.08532 homogeneity=0.0069
2026-05-20 14:58:09 [INFO] Step 35/54 Loss=8.9079 mse=0.5849 v_opt=0.00964 v_mand=0.00000 ptv=0.0678 ptv_max=0.00019 ring=0.03184 smooth=0.0849 beam=0.36105 homogeneity=0.0030
2026-05-20 14:58:12 [INFO] Step 40/54 Loss=7.3320 mse=0.5253 v_opt=0.00658 v_mand=0.00000 ptv=0.0560 ptv_max=0.00027 ring=0.02920 smooth=0.0683 beam=0.19869 homogeneity=0.0027
2026-05-20 14:58:17 [INFO] Step 45/54 Loss=7.4491 mse=0.5434 v_opt=0.00101 v_mand=0.00000 ptv=0.0278 ptv_max=0.00144 ring=0.03201 smooth=0.1247 beam=0.20859 homogeneity=0.0064
2026-05-20 14:58:20 [INFO] Step 50/54 Loss=9.3326 mse=0.6114 v_opt=0.03397 v_mand=0.00692 ptv=0.0220 ptv_max=0.00171 ring=0.03724 smooth=0.0938 beam=0.35725 homogeneity=0.0072
2026-05-20 14:58:22 [INFO] Step 54/54 Loss=8.7748 mse=0.6039 v_opt=0.02031 v_mand=0.00175 ptv=0.0440 ptv_max=0.00103 ring=0.03084 smooth=0.0931 beam=0.30822 homogeneity=0.0052
2026-05-20 14:58:22 [INFO] Running validation at epoch 27...
2026-05-20 14:58:46 [INFO] Epoch 27 Summary: Train=8.1714 Val=11.7382 PTV_D95=55.13Gy Bladder=24.91Gy Rectum=23.43Gy
2026-05-20 14:58:47 [INFO] [PHYSICS] Saved best model val_loss=11.7382
2026-05-20 14:58:47 [INFO] Epoch 28/100 started, lr=8.32e-05
2026-05-20 14:58:52 [INFO] Step 5/54 Loss=8.6169 mse=0.6346 v_opt=0.02703 v_mand=0.00415 ptv=0.0253 ptv_max=0.00601 ring=0.03625 smooth=0.1018 beam=0.12938 homogeneity=0.0127
2026-05-20 14:58:55 [INFO] Step 10/54 Loss=7.8359 mse=0.4939 v_opt=0.09667 v_mand=0.02112 ptv=0.0279 ptv_max=0.00082 ring=0.03313 smooth=0.0870 beam=0.14500 homogeneity=0.0048
2026-05-20 14:58:57 [INFO] Step 15/54 Loss=9.1146 mse=0.5026 v_opt=0.11933 v_mand=0.04639 ptv=0.0365 ptv_max=0.00066 ring=0.03518 smooth=0.0786 beam=0.10262 homogeneity=0.0042
2026-05-20 14:59:00 [INFO] Step 20/54 Loss=10.2132 mse=0.6496 v_opt=0.02106 v_mand=0.00141 ptv=0.0251 ptv_max=0.00112 ring=0.03835 smooth=0.1374 beam=0.51901 homogeneity=0.0057
2026-05-20 14:59:04 [INFO] Step 25/54 Loss=8.9900 mse=0.6010 v_opt=0.00262 v_mand=0.00000 ptv=0.0454 ptv_max=0.00071 ring=0.03151 smooth=0.0694 beam=0.38453 homogeneity=0.0041
2026-05-20 14:59:07 [INFO] Step 30/54 Loss=7.7557 mse=0.5771 v_opt=0.00000 v_mand=0.00000 ptv=0.0000 ptv_max=0.00000 ring=0.00000 smooth=0.0929 beam=0.39517 homogeneity=0.0000
2026-05-20 14:59:10 [INFO] Step 35/54 Loss=5.5189 mse=0.3881 v_opt=0.00000 v_mand=0.00000 ptv=0.0686 ptv_max=0.00052 ring=0.02765 smooth=0.0593 beam=0.07520 homogeneity=0.0065
2026-05-20 14:59:12 [INFO] Step 40/54 Loss=9.4606 mse=0.6165 v_opt=0.00020 v_mand=0.00000 ptv=0.0492 ptv_max=0.00028 ring=0.03132 smooth=0.1180 beam=0.44872 homogeneity=0.0032
2026-05-20 14:59:16 [INFO] Step 45/54 Loss=8.4420 mse=0.4910 v_opt=0.10494 v_mand=0.02676 ptv=0.0250 ptv_max=0.00090 ring=0.03886 smooth=0.0802 beam=0.19782 homogeneity=0.0054
2026-05-20 14:59:19 [INFO] Step 50/54 Loss=8.9557 mse=0.6008 v_opt=0.01918 v_mand=0.00031 ptv=0.0332 ptv_max=0.00089 ring=0.04135 smooth=0.0856 beam=0.35913 homogeneity=0.0046
2026-05-20 14:59:22 [INFO] Step 54/54 Loss=7.6128 mse=0.5312 v_opt=0.00609 v_mand=0.00000 ptv=0.0567 ptv_max=0.00008 ring=0.02418 smooth=0.0631 beam=0.26143 homogeneity=0.0021
2026-05-20 14:59:22 [INFO] Running validation at epoch 28...
2026-05-20 14:59:45 [INFO] Epoch 28 Summary: Train=8.5549 Val=12.5207 PTV_D95=56.11Gy Bladder=25.86Gy Rectum=23.13Gy
2026-05-20 14:59:45 [INFO] Epoch 29/100 started, lr=8.21e-05
2026-05-20 14:59:50 [INFO] Step 5/54 Loss=6.6620 mse=0.4426 v_opt=0.03701 v_mand=0.00735 ptv=0.0279 ptv_max=0.00101 ring=0.04090 smooth=0.0593 beam=0.14769 homogeneity=0.0054
2026-05-20 14:59:53 [INFO] Step 10/54 Loss=9.7807 mse=0.6353 v_opt=0.00685 v_mand=0.00000 ptv=0.0165 ptv_max=0.00256 ring=0.03623 smooth=0.1277 beam=0.47719 homogeneity=0.0089
2026-05-20 14:59:55 [INFO] Step 15/54 Loss=8.6988 mse=0.5562 v_opt=0.04156 v_mand=0.00540 ptv=0.0201 ptv_max=0.00150 ring=0.03651 smooth=0.0878 beam=0.36386 homogeneity=0.0066
2026-05-20 14:59:58 [INFO] Step 20/54 Loss=6.0964 mse=0.4648 v_opt=0.01012 v_mand=0.00000 ptv=0.0602 ptv_max=0.00006 ring=0.02604 smooth=0.0734 beam=0.07682 homogeneity=0.0021
2026-05-20 15:00:01 [INFO] Step 25/54 Loss=7.3957 mse=0.5385 v_opt=0.03724 v_mand=0.00772 ptv=0.0376 ptv_max=0.00084 ring=0.03534 smooth=0.1245 beam=0.10072 homogeneity=0.0043
2026-05-20 15:00:05 [INFO] Step 30/54 Loss=8.7497 mse=0.6372 v_opt=0.00000 v_mand=0.00000 ptv=0.0000 ptv_max=0.00000 ring=0.00000 smooth=0.1131 beam=0.47333 homogeneity=0.0000
2026-05-20 15:00:08 [INFO] Step 35/54 Loss=7.8853 mse=0.5341 v_opt=0.03736 v_mand=0.00603 ptv=0.0244 ptv_max=0.00241 ring=0.03563 smooth=0.0748 beam=0.21503 homogeneity=0.0093
2026-05-20 15:00:10 [INFO] Step 40/54 Loss=9.0785 mse=0.6113 v_opt=0.00225 v_mand=0.00000 ptv=0.0811 ptv_max=0.00104 ring=0.02078 smooth=0.1082 beam=0.32064 homogeneity=0.0086
2026-05-20 15:00:13 [INFO] Step 45/54 Loss=10.8552 mse=0.8844 v_opt=0.00707 v_mand=0.00000 ptv=0.0407 ptv_max=0.00049 ring=0.02971 smooth=0.0914 beam=0.20595 homogeneity=0.0041
2026-05-20 15:00:18 [INFO] Step 50/54 Loss=6.0974 mse=0.4588 v_opt=0.01780 v_mand=0.00006 ptv=0.0287 ptv_max=0.00074 ring=0.03379 smooth=0.0664 beam=0.10859 homogeneity=0.0045
2026-05-20 15:00:20 [INFO] Step 54/54 Loss=7.3189 mse=0.4496 v_opt=0.06095 v_mand=0.00930 ptv=0.0220 ptv_max=0.00299 ring=0.05032 smooth=0.0731 beam=0.18280 homogeneity=0.0095
2026-05-20 15:00:20 [INFO] Running validation at epoch 29...
2026-05-20 15:00:45 [INFO] Epoch 29 Summary: Train=8.6595 Val=11.7685 PTV_D95=59.70Gy Bladder=26.40Gy Rectum=23.39Gy
2026-05-20 15:00:45 [INFO] [CLINICAL] Saved best model Score=34.504 PTV_D95=59.70Gy Bladder=26.40Gy Rectum=23.39Gy
2026-05-20 15:00:45 [INFO] Epoch 30/100 started, lr=8.08e-05
2026-05-20 15:00:50 [INFO] Step 5/54 Loss=7.9436 mse=0.5338 v_opt=0.02041 v_mand=0.00183 ptv=0.0293 ptv_max=0.00068 ring=0.03526 smooth=0.0689 beam=0.30630 homogeneity=0.0040
2026-05-20 15:00:52 [INFO] Step 10/54 Loss=7.1171 mse=0.5053 v_opt=0.00881 v_mand=0.00000 ptv=0.0375 ptv_max=0.00103 ring=0.03576 smooth=0.0628 beam=0.19659 homogeneity=0.0047
2026-05-20 15:00:55 [INFO] Step 15/54 Loss=7.2996 mse=0.5036 v_opt=0.01195 v_mand=0.00009 ptv=0.0463 ptv_max=0.00055 ring=0.03146 smooth=0.0684 beam=0.23836 homogeneity=0.0037
2026-05-20 15:00:58 [INFO] Step 20/54 Loss=9.5954 mse=0.6328 v_opt=0.00293 v_mand=0.00000 ptv=0.0436 ptv_max=0.00053 ring=0.02201 smooth=0.1329 beam=0.47499 homogeneity=0.0040
2026-05-20 15:01:02 [INFO] Step 25/54 Loss=5.9260 mse=0.4311 v_opt=0.02363 v_mand=0.00289 ptv=0.0381 ptv_max=0.00074 ring=0.02225 smooth=0.0834 beam=0.11269 homogeneity=0.0050
2026-05-20 15:01:05 [INFO] Step 30/54 Loss=8.5805 mse=0.5692 v_opt=0.00085 v_mand=0.00000 ptv=0.0296 ptv_max=0.00072 ring=0.03034 smooth=0.0965 beam=0.40101 homogeneity=0.0043
2026-05-20 15:01:08 [INFO] Step 35/54 Loss=9.9844 mse=0.6342 v_opt=0.00849 v_mand=0.00000 ptv=0.0412 ptv_max=0.00043 ring=0.03496 smooth=0.0721 beam=0.51891 homogeneity=0.0033
2026-05-20 15:01:10 [INFO] Step 40/54 Loss=8.0798 mse=0.5336 v_opt=0.05292 v_mand=0.00575 ptv=0.0117 ptv_max=0.00231 ring=0.04745 smooth=0.0664 beam=0.24534 homogeneity=0.0086
2026-05-20 15:01:14 [INFO] Step 45/54 Loss=8.7276 mse=0.5465 v_opt=0.03141 v_mand=0.00545 ptv=0.0273 ptv_max=0.00078 ring=0.04300 smooth=0.1239 beam=0.37336 homogeneity=0.0046
2026-05-20 15:01:18 [INFO] Step 50/54 Loss=36.2888 mse=0.7160 v_opt=0.68376 v_mand=0.45295 ptv=0.0000 ptv_max=0.00000 ring=0.09821 smooth=0.1104 beam=0.72579 homogeneity=0.0000
2026-05-20 15:01:20 [INFO] Step 54/54 Loss=9.3081 mse=0.5309 v_opt=0.06683 v_mand=0.01964 ptv=0.0219 ptv_max=0.00217 ring=0.04720 smooth=0.1179 beam=0.33793 homogeneity=0.0073
2026-05-20 15:01:21 [INFO] Running validation at epoch 30...
2026-05-20 15:01:45 [INFO] Epoch 30 Summary: Train=9.4576 Val=12.3636 PTV_D95=54.84Gy Bladder=24.73Gy Rectum=22.36Gy
2026-05-20 15:01:45 [INFO] Epoch 31/100 started, lr=7.96e-05
2026-05-20 15:01:51 [INFO] Step 5/54 Loss=7.6080 mse=0.5340 v_opt=0.00235 v_mand=0.00000 ptv=0.0418 ptv_max=0.00029 ring=0.03025 smooth=0.0690 beam=0.25982 homogeneity=0.0035
2026-05-20 15:01:54 [INFO] Step 10/54 Loss=9.2468 mse=0.6032 v_opt=0.01699 v_mand=0.00090 ptv=0.0439 ptv_max=0.00236 ring=0.02550 smooth=0.1237 beam=0.40691 homogeneity=0.0075
2026-05-20 15:01:57 [INFO] Step 15/54 Loss=8.7134 mse=0.4643 v_opt=0.14449 v_mand=0.04161 ptv=0.0241 ptv_max=0.00111 ring=0.03627 smooth=0.0698 beam=0.14764 homogeneity=0.0058
2026-05-20 15:02:00 [INFO] Step 20/54 Loss=7.7793 mse=0.6361 v_opt=0.02546 v_mand=0.00333 ptv=0.0394 ptv_max=0.00045 ring=0.02661 smooth=0.0566 beam=0.06127 homogeneity=0.0036
2026-05-20 15:02:04 [INFO] Step 25/54 Loss=7.3482 mse=0.5213 v_opt=0.00935 v_mand=0.00000 ptv=0.0302 ptv_max=0.00045 ring=0.03122 smooth=0.0757 beam=0.24850 homogeneity=0.0037
2026-05-20 15:02:07 [INFO] Step 30/54 Loss=7.2783 mse=0.4345 v_opt=0.07759 v_mand=0.01705 ptv=0.0140 ptv_max=0.00285 ring=0.05019 smooth=0.0705 beam=0.13770 homogeneity=0.0097
2026-05-20 15:02:09 [INFO] Step 35/54 Loss=5.4445 mse=0.3919 v_opt=0.00504 v_mand=0.00000 ptv=0.0346 ptv_max=0.00082 ring=0.03395 smooth=0.0592 beam=0.10372 homogeneity=0.0047
2026-05-20 15:02:12 [INFO] Step 40/54 Loss=7.6749 mse=0.5269 v_opt=0.01063 v_mand=0.00001 ptv=0.0450 ptv_max=0.00025 ring=0.03399 smooth=0.0671 beam=0.27086 homogeneity=0.0026
2026-05-20 15:02:17 [INFO] Step 45/54 Loss=7.9142 mse=0.4951 v_opt=0.05094 v_mand=0.01171 ptv=0.0250 ptv_max=0.00096 ring=0.04360 smooth=0.0606 beam=0.24412 homogeneity=0.0049
2026-05-20 15:02:20 [INFO] Step 50/54 Loss=7.8331 mse=0.5325 v_opt=0.03301 v_mand=0.00266 ptv=0.0187 ptv_max=0.00188 ring=0.04154 smooth=0.0681 beam=0.24950 homogeneity=0.0075
2026-05-20 15:02:23 [INFO] Step 54/54 Loss=8.6519 mse=0.5727 v_opt=0.00179 v_mand=0.00000 ptv=0.0434 ptv_max=0.00076 ring=0.02833 smooth=0.1407 beam=0.38349 homogeneity=0.0046
2026-05-20 15:02:23 [INFO] Running validation at epoch 31...
2026-05-20 15:02:48 [INFO] Epoch 31 Summary: Train=8.6370 Val=11.9139 PTV_D95=56.81Gy Bladder=24.72Gy Rectum=26.18Gy
2026-05-20 15:02:48 [INFO] Epoch 32/100 started, lr=7.83e-05
2026-05-20 15:02:54 [INFO] Step 5/54 Loss=5.6518 mse=0.4268 v_opt=0.01684 v_mand=0.00026 ptv=0.0443 ptv_max=0.00053 ring=0.02297 smooth=0.0635 beam=0.08306 homogeneity=0.0051
2026-05-20 15:02:57 [INFO] Step 10/54 Loss=5.6550 mse=0.4437 v_opt=0.00144 v_mand=0.00000 ptv=0.0321 ptv_max=0.00178 ring=0.03084 smooth=0.0805 beam=0.03857 homogeneity=0.0071
2026-05-20 15:02:59 [INFO] Step 15/54 Loss=5.4073 mse=0.4075 v_opt=0.00323 v_mand=0.00000 ptv=0.0247 ptv_max=0.00165 ring=0.03771 smooth=0.0480 beam=0.05886 homogeneity=0.0066
2026-05-20 15:03:02 [INFO] Step 20/54 Loss=10.0643 mse=0.6872 v_opt=0.00000 v_mand=0.00000 ptv=0.0000 ptv_max=0.00000 ring=0.00000 smooth=0.1482 beam=0.63554 homogeneity=0.0000
2026-05-20 15:03:07 [INFO] Step 25/54 Loss=9.3046 mse=0.6612 v_opt=0.00000 v_mand=0.00000 ptv=0.0000 ptv_max=0.00000 ring=0.00000 smooth=0.0870 beam=0.53682 homogeneity=0.0000
2026-05-20 15:03:09 [INFO] Step 30/54 Loss=10.0299 mse=0.5962 v_opt=0.01093 v_mand=0.00002 ptv=0.0328 ptv_max=0.01185 ring=0.04568 smooth=0.0778 beam=0.41247 homogeneity=0.0184
2026-05-20 15:03:12 [INFO] Step 35/54 Loss=8.0770 mse=0.4674 v_opt=0.09563 v_mand=0.02508 ptv=0.0321 ptv_max=0.00055 ring=0.02913 smooth=0.0639 beam=0.21684 homogeneity=0.0041
2026-05-20 15:03:14 [INFO] Step 40/54 Loss=7.0005 mse=0.5041 v_opt=0.00913 v_mand=0.00000 ptv=0.0383 ptv_max=0.00060 ring=0.03267 smooth=0.0609 beam=0.19078 homogeneity=0.0039
2026-05-20 15:03:20 [INFO] Step 45/54 Loss=9.9830 mse=0.7056 v_opt=0.00000 v_mand=0.00000 ptv=0.0000 ptv_max=0.00000 ring=0.00000 smooth=0.1722 beam=0.58189 homogeneity=0.0000
2026-05-20 15:03:22 [INFO] Step 50/54 Loss=9.1518 mse=0.5867 v_opt=0.00045 v_mand=0.00000 ptv=0.0338 ptv_max=0.00224 ring=0.02627 smooth=0.0904 beam=0.45225 homogeneity=0.0085
2026-05-20 15:03:24 [INFO] Step 54/54 Loss=5.5135 mse=0.3990 v_opt=0.03946 v_mand=0.00949 ptv=0.0216 ptv_max=0.00260 ring=0.02837 smooth=0.0833 beam=0.00424 homogeneity=0.0084
2026-05-20 15:03:25 [INFO] Running validation at epoch 32...
2026-05-20 15:03:50 [INFO] Epoch 32 Summary: Train=7.7718 Val=11.4324 PTV_D95=56.39Gy Bladder=25.53Gy Rectum=21.21Gy
2026-05-20 15:03:50 [INFO] [PHYSICS] Saved best model val_loss=11.4324
2026-05-20 15:03:50 [INFO] Epoch 33/100 started, lr=7.70e-05
2026-05-20 15:03:55 [INFO] Step 5/54 Loss=5.0138 mse=0.3475 v_opt=0.03185 v_mand=0.00529 ptv=0.0553 ptv_max=0.00027 ring=0.02330 smooth=0.0703 beam=0.04369 homogeneity=0.0034
2026-05-20 15:03:58 [INFO] Step 10/54 Loss=5.9418 mse=0.4418 v_opt=0.00001 v_mand=0.00000 ptv=0.0301 ptv_max=0.00095 ring=0.02994 smooth=0.0587 beam=0.12388 homogeneity=0.0050
2026-05-20 15:04:01 [INFO] Step 15/54 Loss=7.5446 mse=0.5367 v_opt=0.03627 v_mand=0.00339 ptv=0.0242 ptv_max=0.00094 ring=0.04458 smooth=0.0639 beam=0.17345 homogeneity=0.0052
2026-05-20 15:04:04 [INFO] Step 20/54 Loss=5.4209 mse=0.4025 v_opt=0.03373 v_mand=0.00157 ptv=0.0419 ptv_max=0.00038 ring=0.02930 smooth=0.0694 beam=0.06181 homogeneity=0.0028
2026-05-20 15:04:08 [INFO] Step 25/54 Loss=6.4788 mse=0.4957 v_opt=0.00288 v_mand=0.00000 ptv=0.0312 ptv_max=0.00057 ring=0.03127 smooth=0.0843 beam=0.12524 homogeneity=0.0036
2026-05-20 15:04:11 [INFO] Step 30/54 Loss=9.2137 mse=0.5393 v_opt=0.07010 v_mand=0.01284 ptv=0.0178 ptv_max=0.00313 ring=0.04378 smooth=0.0786 beam=0.36881 homogeneity=0.0098
2026-05-20 15:04:13 [INFO] Step 35/54 Loss=8.1022 mse=0.5595 v_opt=0.01603 v_mand=0.00071 ptv=0.0260 ptv_max=0.00106 ring=0.02885 smooth=0.0684 beam=0.31497 homogeneity=0.0056
2026-05-20 15:04:16 [INFO] Step 40/54 Loss=8.0919 mse=0.4770 v_opt=0.08873 v_mand=0.03162 ptv=0.0455 ptv_max=0.00099 ring=0.02077 smooth=0.0680 beam=0.12743 homogeneity=0.0052
2026-05-20 15:04:20 [INFO] Step 45/54 Loss=5.5052 mse=0.3822 v_opt=0.03448 v_mand=0.00606 ptv=0.0580 ptv_max=0.00026 ring=0.02221 smooth=0.0598 beam=0.06281 homogeneity=0.0032
2026-05-20 15:04:23 [INFO] Step 50/54 Loss=10.7737 mse=0.5738 v_opt=0.14086 v_mand=0.04507 ptv=0.0302 ptv_max=0.00057 ring=0.03319 smooth=0.0948 beam=0.31626 homogeneity=0.0041
2026-05-20 15:04:25 [INFO] Step 54/54 Loss=5.2018 mse=0.3756 v_opt=0.04074 v_mand=0.00716 ptv=0.0259 ptv_max=0.00082 ring=0.03249 smooth=0.0641 beam=0.02276 homogeneity=0.0050
2026-05-20 15:04:25 [INFO] Running validation at epoch 33...
2026-05-20 15:04:49 [INFO] Epoch 33 Summary: Train=8.3141 Val=11.3734 PTV_D95=58.97Gy Bladder=25.98Gy Rectum=28.05Gy
2026-05-20 15:04:49 [INFO] [PHYSICS] Saved best model val_loss=11.3734
2026-05-20 15:04:49 [INFO] Epoch 34/100 started, lr=7.57e-05
2026-05-20 15:04:54 [INFO] Step 5/54 Loss=10.7811 mse=0.4982 v_opt=0.14512 v_mand=0.06770 ptv=0.0122 ptv_max=0.00254 ring=0.04354 smooth=0.0767 beam=0.20749 homogeneity=0.0088
2026-05-20 15:04:57 [INFO] Step 10/54 Loss=7.0680 mse=0.5126 v_opt=0.01293 v_mand=0.00019 ptv=0.0504 ptv_max=0.00043 ring=0.02701 smooth=0.0550 beam=0.17896 homogeneity=0.0038
2026-05-20 15:05:00 [INFO] Step 15/54 Loss=7.3065 mse=0.5172 v_opt=0.00049 v_mand=0.00000 ptv=0.0360 ptv_max=0.00034 ring=0.03151 smooth=0.0731 beam=0.24208 homogeneity=0.0033
2026-05-20 15:05:02 [INFO] Step 20/54 Loss=8.0127 mse=0.5028 v_opt=0.06063 v_mand=0.00962 ptv=0.0262 ptv_max=0.00095 ring=0.03126 smooth=0.0802 beam=0.29809 homogeneity=0.0053
2026-05-20 15:05:06 [INFO] Step 25/54 Loss=6.2520 mse=0.4896 v_opt=0.00170 v_mand=0.00000 ptv=0.0367 ptv_max=0.00051 ring=0.02749 smooth=0.0616 beam=0.09346 homogeneity=0.0038
2026-05-20 15:05:10 [INFO] Step 30/54 Loss=9.3424 mse=0.5948 v_opt=0.02615 v_mand=0.00365 ptv=0.0365 ptv_max=0.00051 ring=0.03058 smooth=0.1045 beam=0.44582 homogeneity=0.0036
2026-05-20 15:05:12 [INFO] Step 35/54 Loss=10.8827 mse=0.8322 v_opt=0.05048 v_mand=0.01146 ptv=0.0260 ptv_max=0.00155 ring=0.02835 smooth=0.0633 beam=0.19667 homogeneity=0.0067
2026-05-20 15:05:14 [INFO] Step 40/54 Loss=4.8743 mse=0.3607 v_opt=0.01073 v_mand=0.00001 ptv=0.0301 ptv_max=0.00077 ring=0.03055 smooth=0.0540 beam=0.06984 homogeneity=0.0047
2026-05-20 15:05:17 [INFO] Step 45/54 Loss=7.2566 mse=0.4752 v_opt=0.00577 v_mand=0.00000 ptv=0.0379 ptv_max=0.00197 ring=0.03329 smooth=0.0674 beam=0.27425 homogeneity=0.0069
2026-05-20 15:05:22 [INFO] Step 50/54 Loss=6.8713 mse=0.4817 v_opt=0.02284 v_mand=0.00204 ptv=0.0356 ptv_max=0.00041 ring=0.02682 smooth=0.0656 beam=0.21109 homogeneity=0.0033
2026-05-20 15:05:24 [INFO] Step 54/54 Loss=5.5060 mse=0.4242 v_opt=0.00006 v_mand=0.00000 ptv=0.0239 ptv_max=0.00113 ring=0.03249 smooth=0.0804 beam=0.07235 homogeneity=0.0056
2026-05-20 15:05:24 [INFO] Running validation at epoch 34...
2026-05-20 15:05:48 [INFO] Epoch 34 Summary: Train=7.7726 Val=11.3310 PTV_D95=60.38Gy Bladder=25.60Gy Rectum=25.30Gy
2026-05-20 15:05:48 [INFO] [PHYSICS] Saved best model val_loss=11.3310
2026-05-20 15:05:48 [INFO] [CLINICAL] Saved best model Score=31.655 PTV_D95=60.38Gy Bladder=25.60Gy Rectum=25.30Gy
2026-05-20 15:05:48 [INFO] Epoch 35/100 started, lr=7.43e-05
2026-05-20 15:05:54 [INFO] Step 5/54 Loss=10.2598 mse=0.6775 v_opt=0.01240 v_mand=0.00003 ptv=0.0229 ptv_max=0.00116 ring=0.03295 smooth=0.0587 beam=0.51184 homogeneity=0.0056
2026-05-20 15:05:56 [INFO] Step 10/54 Loss=10.1324 mse=0.6829 v_opt=0.00221 v_mand=0.00000 ptv=0.0216 ptv_max=0.00104 ring=0.03062 smooth=0.0653 beam=0.49174 homogeneity=0.0053
2026-05-20 15:05:59 [INFO] Step 15/54 Loss=8.6317 mse=0.5701 v_opt=0.00000 v_mand=0.00000 ptv=0.0508 ptv_max=0.00012 ring=0.02283 smooth=0.1154 beam=0.40277 homogeneity=0.0024
2026-05-20 15:06:01 [INFO] Step 20/54 Loss=7.2247 mse=0.4871 v_opt=0.00000 v_mand=0.00000 ptv=0.0699 ptv_max=0.00055 ring=0.02695 smooth=0.0582 beam=0.21367 homogeneity=0.0074
2026-05-20 15:06:06 [INFO] Step 25/54 Loss=5.9693 mse=0.4463 v_opt=0.00847 v_mand=0.00000 ptv=0.0213 ptv_max=0.00146 ring=0.03122 smooth=0.0797 beam=0.11862 homogeneity=0.0067
2026-05-20 15:06:09 [INFO] Step 30/54 Loss=6.2919 mse=0.4778 v_opt=0.00401 v_mand=0.00000 ptv=0.0253 ptv_max=0.00104 ring=0.02789 smooth=0.0557 beam=0.13279 homogeneity=0.0057
2026-05-20 15:06:11 [INFO] Step 35/54 Loss=5.9607 mse=0.4425 v_opt=0.00083 v_mand=0.00000 ptv=0.0399 ptv_max=0.00029 ring=0.02502 smooth=0.0661 beam=0.13458 homogeneity=0.0033
2026-05-20 15:06:14 [INFO] Step 40/54 Loss=6.3562 mse=0.4600 v_opt=0.00881 v_mand=0.00000 ptv=0.0360 ptv_max=0.00043 ring=0.02647 smooth=0.0566 beam=0.17643 homogeneity=0.0036
2026-05-20 15:06:19 [INFO] Step 45/54 Loss=11.2367 mse=0.7125 v_opt=0.00276 v_mand=0.00000 ptv=0.0236 ptv_max=0.00318 ring=0.03042 smooth=0.0884 beam=0.61009 homogeneity=0.0098
2026-05-20 15:06:21 [INFO] Step 50/54 Loss=5.8229 mse=0.4395 v_opt=0.02949 v_mand=0.00028 ptv=0.0303 ptv_max=0.00140 ring=0.02593 smooth=0.0595 beam=0.09202 homogeneity=0.0064
2026-05-20 15:06:23 [INFO] Step 54/54 Loss=8.4832 mse=0.5692 v_opt=0.00186 v_mand=0.00000 ptv=0.0395 ptv_max=0.00114 ring=0.02243 smooth=0.1044 beam=0.37706 homogeneity=0.0052
2026-05-20 15:06:23 [INFO] Running validation at epoch 35...
2026-05-20 15:06:47 [INFO] Epoch 35 Summary: Train=7.8981 Val=11.3006 PTV_D95=57.58Gy Bladder=25.20Gy Rectum=22.72Gy
2026-05-20 15:06:47 [INFO] [PHYSICS] Saved best model val_loss=11.3006
2026-05-20 15:06:47 [INFO] Epoch 36/100 started, lr=7.30e-05
2026-05-20 15:06:52 [INFO] Step 5/54 Loss=5.7927 mse=0.4310 v_opt=0.03332 v_mand=0.00234 ptv=0.0374 ptv_max=0.00035 ring=0.03109 smooth=0.0488 beam=0.07300 homogeneity=0.0035
2026-05-20 15:06:55 [INFO] Step 10/54 Loss=7.2768 mse=0.5333 v_opt=0.00108 v_mand=0.00000 ptv=0.0249 ptv_max=0.00053 ring=0.03586 smooth=0.1047 beam=0.20773 homogeneity=0.0040
2026-05-20 15:06:57 [INFO] Step 15/54 Loss=8.0820 mse=0.5389 v_opt=0.00313 v_mand=0.00000 ptv=0.0234 ptv_max=0.00104 ring=0.02982 smooth=0.0931 beam=0.36679 homogeneity=0.0055
2026-05-20 15:07:00 [INFO] Step 20/54 Loss=8.2378 mse=0.5350 v_opt=0.06356 v_mand=0.01796 ptv=0.0284 ptv_max=0.00071 ring=0.03196 smooth=0.0624 beam=0.19284 homogeneity=0.0047
2026-05-20 15:07:04 [INFO] Step 25/54 Loss=6.8253 mse=0.4914 v_opt=0.00343 v_mand=0.00000 ptv=0.0559 ptv_max=0.00006 ring=0.02475 smooth=0.0497 beam=0.18508 homogeneity=0.0020
2026-05-20 15:07:07 [INFO] Step 30/54 Loss=8.2055 mse=0.5026 v_opt=0.10100 v_mand=0.02930 ptv=0.0431 ptv_max=0.00056 ring=0.02629 smooth=0.0677 beam=0.11445 homogeneity=0.0040
2026-05-20 15:07:10 [INFO] Step 35/54 Loss=9.0804 mse=0.5869 v_opt=0.03407 v_mand=0.00698 ptv=0.0241 ptv_max=0.00288 ring=0.02560 smooth=0.1132 beam=0.36815 homogeneity=0.0086
2026-05-20 15:07:12 [INFO] Step 40/54 Loss=5.2170 mse=0.3972 v_opt=0.00370 v_mand=0.00000 ptv=0.0285 ptv_max=0.00164 ring=0.02870 smooth=0.0610 beam=0.05934 homogeneity=0.0069
2026-05-20 15:07:17 [INFO] Step 45/54 Loss=6.4569 mse=0.4673 v_opt=0.00978 v_mand=0.00000 ptv=0.0396 ptv_max=0.00039 ring=0.02658 smooth=0.0533 beam=0.17499 homogeneity=0.0035
2026-05-20 15:07:20 [INFO] Step 50/54 Loss=7.3609 mse=0.5084 v_opt=0.02027 v_mand=0.00145 ptv=0.0364 ptv_max=0.00032 ring=0.02972 smooth=0.0541 beam=0.25394 homogeneity=0.0032
2026-05-20 15:07:22 [INFO] Step 54/54 Loss=5.8710 mse=0.4339 v_opt=0.01258 v_mand=0.00000 ptv=0.0271 ptv_max=0.00073 ring=0.03116 smooth=0.0487 beam=0.12721 homogeneity=0.0046
2026-05-20 15:07:22 [INFO] Running validation at epoch 36...
2026-05-20 15:07:46 [INFO] Epoch 36 Summary: Train=7.2478 Val=11.3109 PTV_D95=59.70Gy Bladder=26.65Gy Rectum=26.44Gy
2026-05-20 15:07:46 [INFO] Epoch 37/100 started, lr=7.16e-05
2026-05-20 15:07:52 [INFO] Step 5/54 Loss=7.5066 mse=0.4168 v_opt=0.08960 v_mand=0.02571 ptv=0.0187 ptv_max=0.00149 ring=0.04263 smooth=0.0540 beam=0.16732 homogeneity=0.0066
2026-05-20 15:07:54 [INFO] Step 10/54 Loss=5.8140 mse=0.4323 v_opt=0.00075 v_mand=0.00000 ptv=0.0478 ptv_max=0.00018 ring=0.02650 smooth=0.0536 beam=0.10871 homogeneity=0.0028
2026-05-20 15:07:56 [INFO] Step 15/54 Loss=8.4942 mse=0.5475 v_opt=0.00031 v_mand=0.00000 ptv=0.0294 ptv_max=0.00103 ring=0.02940 smooth=0.0772 beam=0.42458 homogeneity=0.0051
2026-05-20 15:07:59 [INFO] Step 20/54 Loss=5.7288 mse=0.4251 v_opt=0.00000 v_mand=0.00000 ptv=0.0403 ptv_max=0.00035 ring=0.02546 smooth=0.0513 beam=0.12129 homogeneity=0.0032
2026-05-20 15:08:04 [INFO] Step 25/54 Loss=9.3203 mse=0.6252 v_opt=0.00343 v_mand=0.00000 ptv=0.0257 ptv_max=0.00099 ring=0.02491 smooth=0.0583 beam=0.45448 homogeneity=0.0052
2026-05-20 15:08:06 [INFO] Step 30/54 Loss=13.2147 mse=0.5033 v_opt=0.22513 v_mand=0.10678 ptv=0.0153 ptv_max=0.00140 ring=0.04019 smooth=0.0786 beam=0.28531 homogeneity=0.0066
2026-05-20 15:08:09 [INFO] Step 35/54 Loss=10.5530 mse=0.6763 v_opt=0.04491 v_mand=0.00301 ptv=0.0154 ptv_max=0.00256 ring=0.03267 smooth=0.0579 beam=0.51746 homogeneity=0.0092
2026-05-20 15:08:11 [INFO] Step 40/54 Loss=7.1846 mse=0.5127 v_opt=0.00006 v_mand=0.00000 ptv=0.0489 ptv_max=0.00076 ring=0.01971 smooth=0.0558 beam=0.22212 homogeneity=0.0059
2026-05-20 15:08:16 [INFO] Step 45/54 Loss=8.3112 mse=0.5512 v_opt=0.00000 v_mand=0.00000 ptv=0.0498 ptv_max=0.00037 ring=0.01891 smooth=0.0967 beam=0.38199 homogeneity=0.0040
2026-05-20 15:08:18 [INFO] Step 50/54 Loss=6.2247 mse=0.4862 v_opt=0.03870 v_mand=0.00460 ptv=0.0593 ptv_max=0.00010 ring=0.02456 smooth=0.0849 beam=0.00637 homogeneity=0.0024
2026-05-20 15:08:20 [INFO] Step 54/54 Loss=10.6685 mse=0.7061 v_opt=0.00000 v_mand=0.00000 ptv=0.0000 ptv_max=0.00000 ring=0.00000 smooth=0.1226 beam=0.71910 homogeneity=0.0000
2026-05-20 15:08:20 [INFO] Running validation at epoch 37...
2026-05-20 15:08:45 [INFO] Epoch 37 Summary: Train=8.2625 Val=11.1449 PTV_D95=55.18Gy Bladder=24.82Gy Rectum=23.08Gy
2026-05-20 15:08:45 [INFO] [PHYSICS] Saved best model val_loss=11.1449
2026-05-20 15:08:45 [INFO] Epoch 38/100 started, lr=7.02e-05
2026-05-20 15:08:50 [INFO] Step 5/54 Loss=7.0974 mse=0.5162 v_opt=0.00005 v_mand=0.00000 ptv=0.0583 ptv_max=0.00037 ring=0.02194 smooth=0.0795 beam=0.17814 homogeneity=0.0053
2026-05-20 15:08:52 [INFO] Step 10/54 Loss=6.5186 mse=0.4505 v_opt=0.00000 v_mand=0.00000 ptv=0.0339 ptv_max=0.00081 ring=0.03232 smooth=0.0618 beam=0.20771 homogeneity=0.0052
2026-05-20 15:08:55 [INFO] Step 15/54 Loss=10.5920 mse=0.6326 v_opt=0.04780 v_mand=0.01079 ptv=0.0497 ptv_max=0.00274 ring=0.02922 smooth=0.1026 beam=0.46167 homogeneity=0.0120
2026-05-20 15:08:58 [INFO] Step 20/54 Loss=11.5412 mse=0.7210 v_opt=0.03352 v_mand=0.00561 ptv=0.0247 ptv_max=0.00110 ring=0.03817 smooth=0.0486 beam=0.59927 homogeneity=0.0054
2026-05-20 15:09:02 [INFO] Step 25/54 Loss=7.4632 mse=0.4920 v_opt=0.00464 v_mand=0.00000 ptv=0.0355 ptv_max=0.00037 ring=0.02851 smooth=0.0797 beam=0.33203 homogeneity=0.0033
2026-05-20 15:09:05 [INFO] Step 30/54 Loss=10.3087 mse=0.6591 v_opt=0.00267 v_mand=0.00000 ptv=0.0286 ptv_max=0.00059 ring=0.03150 smooth=0.1369 beam=0.56649 homogeneity=0.0039
2026-05-20 15:09:08 [INFO] Step 35/54 Loss=7.2701 mse=0.4982 v_opt=0.01247 v_mand=0.00000 ptv=0.0255 ptv_max=0.00119 ring=0.03894 smooth=0.0573 beam=0.24801 homogeneity=0.0060
2026-05-20 15:09:10 [INFO] Step 40/54 Loss=6.3340 mse=0.4775 v_opt=0.02070 v_mand=0.00069 ptv=0.0299 ptv_max=0.00122 ring=0.03253 smooth=0.0823 beam=0.10195 homogeneity=0.0059
2026-05-20 15:09:15 [INFO] Step 45/54 Loss=6.9299 mse=0.4761 v_opt=0.04785 v_mand=0.01153 ptv=0.0316 ptv_max=0.00056 ring=0.02822 smooth=0.0585 beam=0.12821 homogeneity=0.0041
2026-05-20 15:09:17 [INFO] Step 50/54 Loss=6.0447 mse=0.4275 v_opt=0.00410 v_mand=0.00000 ptv=0.0402 ptv_max=0.00072 ring=0.02728 smooth=0.0473 beam=0.16284 homogeneity=0.0048
2026-05-20 15:09:19 [INFO] Step 54/54 Loss=5.2498 mse=0.4042 v_opt=0.03023 v_mand=0.00204 ptv=0.0378 ptv_max=0.00040 ring=0.02642 smooth=0.0565 beam=0.03502 homogeneity=0.0035
2026-05-20 15:09:19 [INFO] Running validation at epoch 38...
2026-05-20 15:09:43 [INFO] Epoch 38 Summary: Train=7.7218 Val=11.1402 PTV_D95=58.85Gy Bladder=25.11Gy Rectum=29.27Gy
2026-05-20 15:09:43 [INFO] [PHYSICS] Saved best model val_loss=11.1402
2026-05-20 15:09:43 [INFO] Epoch 39/100 started, lr=6.87e-05
2026-05-20 15:09:48 [INFO] Step 5/54 Loss=5.6620 mse=0.4470 v_opt=0.01259 v_mand=0.00000 ptv=0.0291 ptv_max=0.00080 ring=0.02801 smooth=0.0470 beam=0.06275 homogeneity=0.0049
2026-05-20 15:09:51 [INFO] Step 10/54 Loss=10.4621 mse=0.6964 v_opt=0.00000 v_mand=0.00000 ptv=0.0000 ptv_max=0.00000 ring=0.00000 smooth=0.1122 beam=0.69738 homogeneity=0.0000
2026-05-20 15:09:54 [INFO] Step 15/54 Loss=7.1542 mse=0.5020 v_opt=0.00946 v_mand=0.00000 ptv=0.0324 ptv_max=0.00225 ring=0.03056 smooth=0.0543 beam=0.20653 homogeneity=0.0091
2026-05-20 15:09:56 [INFO] Step 20/54 Loss=6.0250 mse=0.4735 v_opt=0.00000 v_mand=0.00000 ptv=0.0443 ptv_max=0.00090 ring=0.02094 smooth=0.0544 beam=0.07536 homogeneity=0.0053
2026-05-20 15:10:00 [INFO] Step 25/54 Loss=5.4902 mse=0.4439 v_opt=0.01798 v_mand=0.00116 ptv=0.0252 ptv_max=0.00093 ring=0.03120 smooth=0.0702 beam=0.01755 homogeneity=0.0048
2026-05-20 15:10:03 [INFO] Step 30/54 Loss=9.2301 mse=0.5243 v_opt=0.09892 v_mand=0.02238 ptv=0.0236 ptv_max=0.00090 ring=0.04472 smooth=0.0694 beam=0.32086 homogeneity=0.0054
2026-05-20 15:10:06 [INFO] Step 35/54 Loss=7.4788 mse=0.4836 v_opt=0.04422 v_mand=0.00440 ptv=0.0194 ptv_max=0.00130 ring=0.03952 smooth=0.0547 beam=0.27013 homogeneity=0.0063
2026-05-20 15:10:09 [INFO] Step 40/54 Loss=9.3429 mse=0.5649 v_opt=0.11193 v_mand=0.03177 ptv=0.0650 ptv_max=0.00006 ring=0.01988 smooth=0.1313 beam=0.17183 homogeneity=0.0029
2026-05-20 15:10:12 [INFO] Step 45/54 Loss=8.9696 mse=0.4934 v_opt=0.11379 v_mand=0.04671 ptv=0.0433 ptv_max=0.00071 ring=0.02982 smooth=0.0923 beam=0.08902 homogeneity=0.0051
2026-05-20 15:10:15 [INFO] Step 50/54 Loss=5.5517 mse=0.4034 v_opt=0.00638 v_mand=0.00000 ptv=0.0267 ptv_max=0.00108 ring=0.02746 smooth=0.0549 beam=0.13128 homogeneity=0.0055
2026-05-20 15:10:17 [INFO] Step 54/54 Loss=6.3336 mse=0.4362 v_opt=0.04217 v_mand=0.00990 ptv=0.0280 ptv_max=0.00049 ring=0.03024 smooth=0.0547 beam=0.10999 homogeneity=0.0039
2026-05-20 15:10:17 [INFO] Running validation at epoch 39...
2026-05-20 15:10:42 [INFO] Epoch 39 Summary: Train=7.3516 Val=11.2025 PTV_D95=57.84Gy Bladder=25.66Gy Rectum=24.30Gy
2026-05-20 15:10:42 [INFO] Epoch 40/100 started, lr=6.73e-05
2026-05-20 15:10:48 [INFO] Step 5/54 Loss=9.5641 mse=0.6190 v_opt=0.00147 v_mand=0.00000 ptv=0.0544 ptv_max=0.00033 ring=0.02478 smooth=0.0569 beam=0.47228 homogeneity=0.0036
2026-05-20 15:10:50 [INFO] Step 10/54 Loss=8.5740 mse=0.5593 v_opt=0.00923 v_mand=0.00000 ptv=0.0276 ptv_max=0.00281 ring=0.04617 smooth=0.0727 beam=0.33871 homogeneity=0.0076
2026-05-20 15:10:53 [INFO] Step 15/54 Loss=9.3904 mse=0.5952 v_opt=0.01895 v_mand=0.00133 ptv=0.0290 ptv_max=0.00053 ring=0.03291 smooth=0.0635 beam=0.48803 homogeneity=0.0039
2026-05-20 15:10:55 [INFO] Step 20/54 Loss=5.3562 mse=0.3746 v_opt=0.02711 v_mand=0.00355 ptv=0.0263 ptv_max=0.00123 ring=0.03661 smooth=0.0540 beam=0.07628 homogeneity=0.0059
2026-05-20 15:11:00 [INFO] Step 25/54 Loss=6.6398 mse=0.4679 v_opt=0.00000 v_mand=0.00000 ptv=0.0453 ptv_max=0.00087 ring=0.02039 smooth=0.0527 beam=0.20472 homogeneity=0.0065
2026-05-20 15:11:02 [INFO] Step 30/54 Loss=9.9729 mse=0.6476 v_opt=0.03678 v_mand=0.00674 ptv=0.0293 ptv_max=0.00175 ring=0.02736 smooth=0.1087 beam=0.42665 homogeneity=0.0076
2026-05-20 15:11:05 [INFO] Step 35/54 Loss=8.3053 mse=0.4968 v_opt=0.06094 v_mand=0.00853 ptv=0.0349 ptv_max=0.00135 ring=0.03310 smooth=0.0972 beam=0.35139 homogeneity=0.0055
2026-05-20 15:11:07 [INFO] Step 40/54 Loss=5.5807 mse=0.4342 v_opt=0.00985 v_mand=0.00004 ptv=0.0402 ptv_max=0.00035 ring=0.01973 smooth=0.0567 beam=0.08382 homogeneity=0.0038
2026-05-20 15:11:12 [INFO] Step 45/54 Loss=5.6557 mse=0.4061 v_opt=0.02658 v_mand=0.00223 ptv=0.0227 ptv_max=0.00128 ring=0.03062 smooth=0.0651 beam=0.11023 homogeneity=0.0061
2026-05-20 15:11:15 [INFO] Step 50/54 Loss=7.0555 mse=0.5103 v_opt=0.00804 v_mand=0.00000 ptv=0.0225 ptv_max=0.00071 ring=0.02702 smooth=0.0597 beam=0.23396 homogeneity=0.0047
2026-05-20 15:11:17 [INFO] Step 54/54 Loss=7.0720 mse=0.4552 v_opt=0.05261 v_mand=0.01192 ptv=0.0274 ptv_max=0.00040 ring=0.03236 smooth=0.0537 beam=0.19316 homogeneity=0.0034
2026-05-20 15:11:17 [INFO] Running validation at epoch 40...
2026-05-20 15:11:41 [INFO] Epoch 40 Summary: Train=8.8268 Val=10.8696 PTV_D95=58.23Gy Bladder=25.07Gy Rectum=22.83Gy
2026-05-20 15:11:41 [INFO] [PHYSICS] Saved best model val_loss=10.8696
2026-05-20 15:11:41 [INFO] Epoch 41/100 started, lr=6.58e-05
2026-05-20 15:11:47 [INFO] Step 5/54 Loss=6.7050 mse=0.4927 v_opt=0.00000 v_mand=0.00000 ptv=0.0417 ptv_max=0.00079 ring=0.02380 smooth=0.0554 beam=0.17221 homogeneity=0.0049
2026-05-20 15:11:50 [INFO] Step 10/54 Loss=4.4783 mse=0.3404 v_opt=0.00384 v_mand=0.00000 ptv=0.0368 ptv_max=0.00030 ring=0.02317 smooth=0.0501 beam=0.05316 homogeneity=0.0033
2026-05-20 15:11:52 [INFO] Step 15/54 Loss=8.9810 mse=0.5867 v_opt=0.00000 v_mand=0.00000 ptv=0.0251 ptv_max=0.00084 ring=0.02562 smooth=0.0711 beam=0.46382 homogeneity=0.0055
2026-05-20 15:11:55 [INFO] Step 20/54 Loss=5.9337 mse=0.4304 v_opt=0.00815 v_mand=0.00000 ptv=0.0279 ptv_max=0.00056 ring=0.03271 smooth=0.0508 beam=0.14494 homogeneity=0.0043
2026-05-20 15:11:59 [INFO] Step 25/54 Loss=8.7328 mse=0.5740 v_opt=0.00456 v_mand=0.00000 ptv=0.0354 ptv_max=0.00023 ring=0.02693 smooth=0.0701 beam=0.42941 homogeneity=0.0030
2026-05-20 15:12:02 [INFO] Step 30/54 Loss=8.3762 mse=0.5543 v_opt=0.00778 v_mand=0.00000 ptv=0.0466 ptv_max=0.00049 ring=0.03164 smooth=0.0796 beam=0.35593 homogeneity=0.0033
2026-05-20 15:12:04 [INFO] Step 35/54 Loss=7.5874 mse=0.4873 v_opt=0.01782 v_mand=0.00111 ptv=0.1174 ptv_max=0.00065 ring=0.01833 smooth=0.0477 beam=0.15346 homogeneity=0.0185
2026-05-20 15:12:07 [INFO] Step 40/54 Loss=4.9424 mse=0.3433 v_opt=0.04057 v_mand=0.00732 ptv=0.0205 ptv_max=0.00183 ring=0.03324 smooth=0.0472 beam=0.02296 homogeneity=0.0074
2026-05-20 15:12:11 [INFO] Step 45/54 Loss=5.4490 mse=0.4247 v_opt=0.01968 v_mand=0.00158 ptv=0.0339 ptv_max=0.00135 ring=0.02254 smooth=0.0544 beam=0.03759 homogeneity=0.0073
2026-05-20 15:12:14 [INFO] Step 50/54 Loss=7.9369 mse=0.4934 v_opt=0.06382 v_mand=0.01994 ptv=0.0245 ptv_max=0.00112 ring=0.03349 smooth=0.0610 beam=0.19200 homogeneity=0.0055
2026-05-20 15:12:16 [INFO] Step 54/54 Loss=4.0838 mse=0.3104 v_opt=0.00000 v_mand=0.00000 ptv=0.0511 ptv_max=0.00023 ring=0.01759 smooth=0.0539 beam=0.02404 homogeneity=0.0034
2026-05-20 15:12:16 [INFO] Running validation at epoch 41...
2026-05-20 15:12:41 [INFO] Epoch 41 Summary: Train=7.7421 Val=11.0375 PTV_D95=57.05Gy Bladder=25.32Gy Rectum=25.48Gy
2026-05-20 15:12:41 [INFO] Epoch 42/100 started, lr=6.43e-05
2026-05-20 15:12:46 [INFO] Step 5/54 Loss=7.3718 mse=0.4938 v_opt=0.00000 v_mand=0.00000 ptv=0.0707 ptv_max=0.00003 ring=0.01760 smooth=0.0621 beam=0.28084 homogeneity=0.0026
2026-05-20 15:12:49 [INFO] Step 10/54 Loss=8.8370 mse=0.5477 v_opt=0.07162 v_mand=0.01187 ptv=0.0284 ptv_max=0.00058 ring=0.02880 smooth=0.0847 beam=0.35695 homogeneity=0.0043
2026-05-20 15:12:51 [INFO] Step 15/54 Loss=5.5351 mse=0.4072 v_opt=0.01524 v_mand=0.00008 ptv=0.0419 ptv_max=0.00039 ring=0.03076 smooth=0.0547 beam=0.09002 homogeneity=0.0036
2026-05-20 15:12:54 [INFO] Step 20/54 Loss=6.2486 mse=0.4482 v_opt=0.00228 v_mand=0.00000 ptv=0.0148 ptv_max=0.00195 ring=0.03310 smooth=0.0569 beam=0.17178 homogeneity=0.0078
2026-05-20 15:12:58 [INFO] Step 25/54 Loss=10.8177 mse=0.6492 v_opt=0.02278 v_mand=0.00255 ptv=0.0127 ptv_max=0.00688 ring=0.04960 smooth=0.0636 beam=0.52380 homogeneity=0.0157
2026-05-20 15:13:01 [INFO] Step 30/54 Loss=8.3472 mse=0.5415 v_opt=0.04860 v_mand=0.01282 ptv=0.0357 ptv_max=0.00088 ring=0.02871 smooth=0.1158 beam=0.25021 homogeneity=0.0050
2026-05-20 15:13:04 [INFO] Step 35/54 Loss=8.4571 mse=0.4193 v_opt=0.11127 v_mand=0.04499 ptv=0.0278 ptv_max=0.00071 ring=0.03281 smooth=0.0535 beam=0.17794 homogeneity=0.0046
2026-05-20 15:13:06 [INFO] Step 40/54 Loss=6.8754 mse=0.4782 v_opt=0.01275 v_mand=0.00017 ptv=0.0421 ptv_max=0.00028 ring=0.02200 smooth=0.0515 beam=0.24538 homogeneity=0.0031
2026-05-20 15:13:10 [INFO] Step 45/54 Loss=5.8818 mse=0.4246 v_opt=0.02807 v_mand=0.00226 ptv=0.0157 ptv_max=0.00310 ring=0.02857 smooth=0.0550 beam=0.10489 homogeneity=0.0098
2026-05-20 15:13:13 [INFO] Step 50/54 Loss=6.7419 mse=0.5220 v_opt=0.00639 v_mand=0.00000 ptv=0.0214 ptv_max=0.00146 ring=0.02321 smooth=0.0597 beam=0.14633 homogeneity=0.0068
2026-05-20 15:13:15 [INFO] Step 54/54 Loss=5.8241 mse=0.4222 v_opt=0.01524 v_mand=0.00055 ptv=0.0396 ptv_max=0.00032 ring=0.02120 smooth=0.0539 beam=0.14920 homogeneity=0.0032
2026-05-20 15:13:15 [INFO] Running validation at epoch 42...
2026-05-20 15:13:39 [INFO] Epoch 42 Summary: Train=7.7453 Val=10.9086 PTV_D95=59.14Gy Bladder=26.46Gy Rectum=21.18Gy
2026-05-20 15:13:39 [INFO] Epoch 43/100 started, lr=6.28e-05
2026-05-20 15:13:45 [INFO] Step 5/54 Loss=9.3534 mse=0.4422 v_opt=0.14362 v_mand=0.06644 ptv=0.0352 ptv_max=0.00023 ring=0.02892 smooth=0.0667 beam=0.09295 homogeneity=0.0027
2026-05-20 15:13:47 [INFO] Step 10/54 Loss=7.7991 mse=0.5036 v_opt=0.00000 v_mand=0.00000 ptv=0.0243 ptv_max=0.00123 ring=0.03192 smooth=0.1060 beam=0.37213 homogeneity=0.0054
2026-05-20 15:13:50 [INFO] Step 15/54 Loss=6.7431 mse=0.4762 v_opt=0.00000 v_mand=0.00000 ptv=0.0364 ptv_max=0.00026 ring=0.02954 smooth=0.0544 beam=0.21950 homogeneity=0.0029
2026-05-20 15:13:52 [INFO] Step 20/54 Loss=7.3108 mse=0.4622 v_opt=0.09526 v_mand=0.02822 ptv=0.0374 ptv_max=0.00028 ring=0.02815 smooth=0.0625 beam=0.04286 homogeneity=0.0029
2026-05-20 15:13:57 [INFO] Step 25/54 Loss=8.3249 mse=0.3965 v_opt=0.14169 v_mand=0.05449 ptv=0.0252 ptv_max=0.00075 ring=0.03219 smooth=0.0599 beam=0.09652 homogeneity=0.0046
2026-05-20 15:13:59 [INFO] Step 30/54 Loss=10.0825 mse=0.6678 v_opt=0.00000 v_mand=0.00000 ptv=0.0000 ptv_max=0.00000 ring=0.00000 smooth=0.0849 beam=0.67926 homogeneity=0.0000
2026-05-20 15:14:02 [INFO] Step 35/54 Loss=6.4435 mse=0.4524 v_opt=0.00617 v_mand=0.00000 ptv=0.0368 ptv_max=0.00078 ring=0.03125 smooth=0.0524 beam=0.18471 homogeneity=0.0051
2026-05-20 15:14:04 [INFO] Step 40/54 Loss=4.5346 mse=0.3651 v_opt=0.00588 v_mand=0.00000 ptv=0.0337 ptv_max=0.00072 ring=0.02547 smooth=0.0392 beam=0.00612 homogeneity=0.0041
2026-05-20 15:14:09 [INFO] Step 45/54 Loss=7.1276 mse=0.4582 v_opt=0.07061 v_mand=0.02117 ptv=0.0426 ptv_max=0.00059 ring=0.02734 smooth=0.0570 beam=0.07875 homogeneity=0.0040
2026-05-20 15:14:12 [INFO] Step 50/54 Loss=10.0628 mse=0.6794 v_opt=0.00000 v_mand=0.00000 ptv=0.0000 ptv_max=0.00000 ring=0.00000 smooth=0.1251 beam=0.65133 homogeneity=0.0000
2026-05-20 15:14:14 [INFO] Step 54/54 Loss=5.7184 mse=0.4012 v_opt=0.05986 v_mand=0.00785 ptv=0.0378 ptv_max=0.00041 ring=0.02678 smooth=0.0477 beam=0.06260 homogeneity=0.0038
2026-05-20 15:14:14 [INFO] Running validation at epoch 43...
2026-05-20 15:14:38 [INFO] Epoch 43 Summary: Train=7.5673 Val=10.9454 PTV_D95=57.37Gy Bladder=25.08Gy Rectum=26.67Gy
2026-05-20 15:14:38 [INFO] Epoch 44/100 started, lr=6.13e-05
2026-05-20 15:14:43 [INFO] Step 5/54 Loss=6.4861 mse=0.4710 v_opt=0.00973 v_mand=0.00000 ptv=0.0333 ptv_max=0.00027 ring=0.02479 smooth=0.0510 beam=0.19378 homogeneity=0.0032
2026-05-20 15:14:46 [INFO] Step 10/54 Loss=4.6777 mse=0.3499 v_opt=0.02327 v_mand=0.00276 ptv=0.0282 ptv_max=0.00078 ring=0.02491 smooth=0.0590 beam=0.04017 homogeneity=0.0046
2026-05-20 15:14:48 [INFO] Step 15/54 Loss=9.6286 mse=0.6408 v_opt=0.00279 v_mand=0.00000 ptv=0.0128 ptv_max=0.00233 ring=0.02903 smooth=0.0515 beam=0.47090 homogeneity=0.0088
2026-05-20 15:14:51 [INFO] Step 20/54 Loss=5.9415 mse=0.4334 v_opt=0.01772 v_mand=0.00110 ptv=0.0331 ptv_max=0.00030 ring=0.02277 smooth=0.0476 beam=0.15230 homogeneity=0.0031
2026-05-20 15:14:55 [INFO] Step 25/54 Loss=11.5667 mse=0.7221 v_opt=0.01571 v_mand=0.00000 ptv=0.0250 ptv_max=0.00176 ring=0.03266 smooth=0.0851 beam=0.66789 homogeneity=0.0069
2026-05-20 15:14:58 [INFO] Step 30/54 Loss=17.0137 mse=0.6629 v_opt=0.10656 v_mand=0.03641 ptv=0.1867 ptv_max=0.02220 ring=0.08030 smooth=0.0996 beam=0.64770 homogeneity=0.0460
2026-05-20 15:15:01 [INFO] Step 35/54 Loss=7.4366 mse=0.6310 v_opt=0.01019 v_mand=0.00000 ptv=0.0357 ptv_max=0.00117 ring=0.01923 smooth=0.0528 beam=0.05384 homogeneity=0.0064
2026-05-20 15:15:03 [INFO] Step 40/54 Loss=7.8698 mse=0.5196 v_opt=0.00124 v_mand=0.00000 ptv=0.0336 ptv_max=0.00101 ring=0.03052 smooth=0.0667 beam=0.33805 homogeneity=0.0065
2026-05-20 15:15:08 [INFO] Step 45/54 Loss=5.2091 mse=0.3955 v_opt=0.00000 v_mand=0.00000 ptv=0.0338 ptv_max=0.00067 ring=0.01812 smooth=0.0473 beam=0.10111 homogeneity=0.0051
2026-05-20 15:15:11 [INFO] Step 50/54 Loss=7.7914 mse=0.5164 v_opt=0.00033 v_mand=0.00000 ptv=0.0301 ptv_max=0.00102 ring=0.02624 smooth=0.0516 beam=0.35431 homogeneity=0.0052
2026-05-20 15:15:13 [INFO] Step 54/54 Loss=9.9747 mse=0.6679 v_opt=0.00000 v_mand=0.00000 ptv=0.0000 ptv_max=0.00000 ring=0.00000 smooth=0.1057 beam=0.65704 homogeneity=0.0000
2026-05-20 15:15:13 [INFO] Running validation at epoch 44...
2026-05-20 15:15:37 [INFO] Epoch 44 Summary: Train=7.3598 Val=10.4654 PTV_D95=58.53Gy Bladder=24.68Gy Rectum=22.26Gy
2026-05-20 15:15:37 [INFO] [PHYSICS] Saved best model val_loss=10.4654
2026-05-20 15:15:37 [INFO] Epoch 45/100 started, lr=5.98e-05
2026-05-20 15:15:42 [INFO] Step 5/54 Loss=13.4411 mse=0.6619 v_opt=0.00000 v_mand=0.00000 ptv=0.2093 ptv_max=0.00173 ring=0.06508 smooth=0.0814 beam=0.64679 homogeneity=0.0212
2026-05-20 15:15:45 [INFO] Step 10/54 Loss=8.5763 mse=0.5780 v_opt=0.00862 v_mand=0.00000 ptv=0.0327 ptv_max=0.00079 ring=0.02130 smooth=0.0920 beam=0.39506 homogeneity=0.0054
2026-05-20 15:15:48 [INFO] Step 15/54 Loss=8.0594 mse=0.5321 v_opt=0.03284 v_mand=0.00420 ptv=0.0412 ptv_max=0.00016 ring=0.02957 smooth=0.0520 beam=0.30997 homogeneity=0.0022
2026-05-20 15:15:50 [INFO] Step 20/54 Loss=5.2966 mse=0.3893 v_opt=0.01422 v_mand=0.00003 ptv=0.0283 ptv_max=0.00050 ring=0.02596 smooth=0.0416 beam=0.11842 homogeneity=0.0040
2026-05-20 15:15:56 [INFO] Step 25/54 Loss=5.3535 mse=0.3764 v_opt=0.05347 v_mand=0.00791 ptv=0.0223 ptv_max=0.00100 ring=0.02623 smooth=0.0465 beam=0.06123 homogeneity=0.0055
2026-05-20 15:15:58 [INFO] Step 30/54 Loss=10.9821 mse=0.7000 v_opt=0.01888 v_mand=0.00137 ptv=0.0093 ptv_max=0.00269 ring=0.03217 smooth=0.0577 beam=0.59281 homogeneity=0.0098
2026-05-20 15:16:00 [INFO] Step 35/54 Loss=6.4563 mse=0.4969 v_opt=0.00000 v_mand=0.00000 ptv=0.0000 ptv_max=0.00000 ring=0.00000 smooth=0.0926 beam=0.29562 homogeneity=0.0000
2026-05-20 15:16:03 [INFO] Step 40/54 Loss=6.3154 mse=0.4625 v_opt=0.00931 v_mand=0.00000 ptv=0.0273 ptv_max=0.00076 ring=0.02654 smooth=0.0448 beam=0.17381 homogeneity=0.0045
2026-05-20 15:16:08 [INFO] Step 45/54 Loss=9.4441 mse=0.6243 v_opt=0.01506 v_mand=0.00050 ptv=0.0213 ptv_max=0.00115 ring=0.02954 smooth=0.0491 beam=0.46201 homogeneity=0.0059
2026-05-20 15:16:10 [INFO] Step 50/54 Loss=7.1007 mse=0.4303 v_opt=0.10379 v_mand=0.01958 ptv=0.0285 ptv_max=0.00049 ring=0.02901 smooth=0.0467 beam=0.15590 homogeneity=0.0041
2026-05-20 15:16:12 [INFO] Step 54/54 Loss=6.1943 mse=0.4329 v_opt=0.00273 v_mand=0.00000 ptv=0.0300 ptv_max=0.00094 ring=0.03160 smooth=0.0540 beam=0.18770 homogeneity=0.0048
2026-05-20 15:16:12 [INFO] Running validation at epoch 45...
2026-05-20 15:16:36 [INFO] Epoch 45 Summary: Train=6.9494 Val=10.4876 PTV_D95=58.50Gy Bladder=24.99Gy Rectum=22.60Gy
2026-05-20 15:16:36 [INFO] Epoch 46/100 started, lr=5.82e-05
2026-05-20 15:16:41 [INFO] Step 5/54 Loss=9.4612 mse=0.6248 v_opt=0.00795 v_mand=0.00000 ptv=0.0174 ptv_max=0.00154 ring=0.02567 smooth=0.0407 beam=0.48391 homogeneity=0.0069
2026-05-20 15:16:44 [INFO] Step 10/54 Loss=6.6658 mse=0.4388 v_opt=0.00008 v_mand=0.00000 ptv=0.0398 ptv_max=0.00040 ring=0.02155 smooth=0.0528 beam=0.29096 homogeneity=0.0038
2026-05-20 15:16:46 [INFO] Step 15/54 Loss=5.7893 mse=0.4292 v_opt=0.02098 v_mand=0.00174 ptv=0.0300 ptv_max=0.00056 ring=0.02052 smooth=0.0413 beam=0.12879 homogeneity=0.0042
2026-05-20 15:16:49 [INFO] Step 20/54 Loss=71.2215 mse=0.6430 v_opt=1.44394 v_mand=1.17785 ptv=0.0000 ptv_max=0.00000 ring=0.00000 smooth=0.0570 beam=0.60105 homogeneity=0.0000
2026-05-20 15:16:54 [INFO] Step 25/54 Loss=4.7193 mse=0.3616 v_opt=0.00936 v_mand=0.00000 ptv=0.0201 ptv_max=0.00153 ring=0.02775 smooth=0.0434 beam=0.04931 homogeneity=0.0070
2026-05-20 15:16:57 [INFO] Step 30/54 Loss=10.9030 mse=0.7018 v_opt=0.01035 v_mand=0.00000 ptv=0.0111 ptv_max=0.00192 ring=0.03419 smooth=0.0549 beam=0.59572 homogeneity=0.0080
2026-05-20 15:16:59 [INFO] Step 35/54 Loss=7.9253 mse=0.4448 v_opt=0.07439 v_mand=0.02525 ptv=0.0281 ptv_max=0.00070 ring=0.03593 smooth=0.0511 beam=0.22326 homogeneity=0.0045
2026-05-20 15:17:02 [INFO] Step 40/54 Loss=8.5667 mse=0.5228 v_opt=0.03795 v_mand=0.00807 ptv=0.0377 ptv_max=0.00064 ring=0.03730 smooth=0.0570 beam=0.35932 homogeneity=0.0044
2026-05-20 15:17:06 [INFO] Step 45/54 Loss=9.5254 mse=0.4060 v_opt=0.15855 v_mand=0.07543 ptv=0.0269 ptv_max=0.00078 ring=0.03037 smooth=0.0540 beam=0.10213 homogeneity=0.0049
2026-05-20 15:17:09 [INFO] Step 50/54 Loss=4.9455 mse=0.3715 v_opt=0.02095 v_mand=0.00182 ptv=0.0213 ptv_max=0.00082 ring=0.02811 smooth=0.0432 beam=0.06275 homogeneity=0.0052
2026-05-20 15:17:11 [INFO] Step 54/54 Loss=8.4283 mse=0.6079 v_opt=0.03570 v_mand=0.00482 ptv=0.0000 ptv_max=0.00000 ring=0.00000 smooth=0.0917 beam=0.40545 homogeneity=0.0000
2026-05-20 15:17:11 [INFO] Running validation at epoch 46...
2026-05-20 15:17:35 [INFO] Epoch 46 Summary: Train=8.5025 Val=10.4913 PTV_D95=60.75Gy Bladder=25.16Gy Rectum=27.04Gy
2026-05-20 15:17:35 [INFO] Epoch 47/100 started, lr=5.67e-05
2026-05-20 15:17:41 [INFO] Step 5/54 Loss=5.3973 mse=0.3767 v_opt=0.03047 v_mand=0.00283 ptv=0.0188 ptv_max=0.00178 ring=0.02853 smooth=0.0433 beam=0.11262 homogeneity=0.0078
2026-05-20 15:17:43 [INFO] Step 10/54 Loss=6.6589 mse=0.4825 v_opt=0.00000 v_mand=0.00000 ptv=0.0429 ptv_max=0.00035 ring=0.01929 smooth=0.0758 beam=0.20114 homogeneity=0.0042
2026-05-20 15:17:46 [INFO] Step 15/54 Loss=8.0147 mse=0.5199 v_opt=0.01729 v_mand=0.00095 ptv=0.0394 ptv_max=0.00015 ring=0.01840 smooth=0.0827 beam=0.39864 homogeneity=0.0027
2026-05-20 15:17:49 [INFO] Step 20/54 Loss=5.7410 mse=0.4412 v_opt=0.00281 v_mand=0.00000 ptv=0.0293 ptv_max=0.00040 ring=0.02772 smooth=0.0420 beam=0.10392 homogeneity=0.0035
2026-05-20 15:17:53 [INFO] Step 25/54 Loss=5.5057 mse=0.4187 v_opt=0.00420 v_mand=0.00017 ptv=0.0361 ptv_max=0.00070 ring=0.02973 smooth=0.0487 beam=0.07203 homogeneity=0.0048
2026-05-20 15:17:55 [INFO] Step 30/54 Loss=11.1409 mse=0.6938 v_opt=0.00506 v_mand=0.00000 ptv=0.0087 ptv_max=0.00268 ring=0.03491 smooth=0.0513 beam=0.64941 homogeneity=0.0098
2026-05-20 15:17:59 [INFO] Step 35/54 Loss=7.6326 mse=0.4926 v_opt=0.05218 v_mand=0.01358 ptv=0.0229 ptv_max=0.00070 ring=0.03148 smooth=0.0535 beam=0.21735 homogeneity=0.0047
2026-05-20 15:18:01 [INFO] Step 40/54 Loss=11.2754 mse=0.5327 v_opt=0.17278 v_mand=0.05934 ptv=0.0283 ptv_max=0.00074 ring=0.02428 smooth=0.0719 beam=0.36997 homogeneity=0.0047
2026-05-20 15:18:04 [INFO] Step 45/54 Loss=5.4843 mse=0.4197 v_opt=0.00211 v_mand=0.00000 ptv=0.0477 ptv_max=0.00013 ring=0.01855 smooth=0.0465 beam=0.09187 homogeneity=0.0029
2026-05-20 15:18:07 [INFO] Step 50/54 Loss=5.0198 mse=0.3786 v_opt=0.00003 v_mand=0.00000 ptv=0.0422 ptv_max=0.00031 ring=0.01760 smooth=0.0473 beam=0.09072 homogeneity=0.0037
2026-05-20 15:18:09 [INFO] Step 54/54 Loss=5.5059 mse=0.4088 v_opt=0.00000 v_mand=0.00000 ptv=0.0201 ptv_max=0.00236 ring=0.02630 smooth=0.0429 beam=0.10593 homogeneity=0.0085
2026-05-20 15:18:09 [INFO] Running validation at epoch 47...
2026-05-20 15:18:33 [INFO] Epoch 47 Summary: Train=7.2394 Val=10.4017 PTV_D95=61.42Gy Bladder=25.71Gy Rectum=23.19Gy
2026-05-20 15:18:33 [INFO] [PHYSICS] Saved best model val_loss=10.4017
2026-05-20 15:18:33 [INFO] [CLINICAL] Saved best model Score=28.643 PTV_D95=61.42Gy Bladder=25.71Gy Rectum=23.19Gy
2026-05-20 15:18:33 [INFO] Epoch 48/100 started, lr=5.52e-05
2026-05-20 15:18:39 [INFO] Step 5/54 Loss=4.1579 mse=0.2915 v_opt=0.00000 v_mand=0.00000 ptv=0.0164 ptv_max=0.00232 ring=0.03225 smooth=0.0397 beam=0.06010 homogeneity=0.0087
2026-05-20 15:18:41 [INFO] Step 10/54 Loss=6.4517 mse=0.3690 v_opt=0.08598 v_mand=0.02935 ptv=0.0273 ptv_max=0.00061 ring=0.02948 smooth=0.0559 beam=0.05797 homogeneity=0.0040
2026-05-20 15:18:44 [INFO] Step 15/54 Loss=5.5799 mse=0.4251 v_opt=0.00000 v_mand=0.00000 ptv=0.0522 ptv_max=0.00021 ring=0.01934 smooth=0.0535 beam=0.08947 homogeneity=0.0027
2026-05-20 15:18:47 [INFO] Step 20/54 Loss=7.0939 mse=0.4558 v_opt=0.07137 v_mand=0.02174 ptv=0.0365 ptv_max=0.00028 ring=0.02639 smooth=0.0531 beam=0.09441 homogeneity=0.0027
2026-05-20 15:18:52 [INFO] Step 25/54 Loss=4.3748 mse=0.3529 v_opt=0.00096 v_mand=0.00000 ptv=0.0242 ptv_max=0.00081 ring=0.02287 smooth=0.0354 beam=0.02182 homogeneity=0.0053
2026-05-20 15:18:55 [INFO] Step 30/54 Loss=9.1134 mse=0.5789 v_opt=0.00176 v_mand=0.00000 ptv=0.0207 ptv_max=0.00196 ring=0.02992 smooth=0.1039 beam=0.47979 homogeneity=0.0079
2026-05-20 15:18:57 [INFO] Step 35/54 Loss=4.8119 mse=0.3735 v_opt=0.00000 v_mand=0.00000 ptv=0.0416 ptv_max=0.00055 ring=0.02153 smooth=0.0392 beam=0.04446 homogeneity=0.0042
2026-05-20 15:18:59 [INFO] Step 40/54 Loss=8.4592 mse=0.5524 v_opt=0.01480 v_mand=0.00044 ptv=0.0386 ptv_max=0.00032 ring=0.02769 smooth=0.0768 beam=0.39736 homogeneity=0.0036
2026-05-20 15:19:04 [INFO] Step 45/54 Loss=8.4044 mse=0.5770 v_opt=0.00000 v_mand=0.00000 ptv=0.0000 ptv_max=0.00000 ring=0.00000 smooth=0.0938 beam=0.52504 homogeneity=0.0000
2026-05-20 15:19:06 [INFO] Step 50/54 Loss=5.1721 mse=0.3888 v_opt=0.00079 v_mand=0.00000 ptv=0.0320 ptv_max=0.00047 ring=0.02186 smooth=0.0463 beam=0.10509 homogeneity=0.0041
2026-05-20 15:19:08 [INFO] Step 54/54 Loss=8.9644 mse=0.6288 v_opt=0.00000 v_mand=0.00000 ptv=0.0000 ptv_max=0.00000 ring=0.00000 smooth=0.0710 beam=0.53380 homogeneity=0.0000
2026-05-20 15:19:08 [INFO] Running validation at epoch 48...
2026-05-20 15:19:32 [INFO] Epoch 48 Summary: Train=6.8998 Val=10.3438 PTV_D95=59.57Gy Bladder=24.04Gy Rectum=28.57Gy
2026-05-20 15:19:32 [INFO] [PHYSICS] Saved best model val_loss=10.3438
2026-05-20 15:19:32 [INFO] Epoch 49/100 started, lr=5.36e-05
2026-05-20 15:19:38 [INFO] Step 5/54 Loss=7.4919 mse=0.4860 v_opt=0.02545 v_mand=0.00169 ptv=0.0170 ptv_max=0.00118 ring=0.03225 smooth=0.0555 beam=0.33204 homogeneity=0.0059
2026-05-20 15:19:40 [INFO] Step 10/54 Loss=7.4415 mse=0.4939 v_opt=0.00034 v_mand=0.00000 ptv=0.0290 ptv_max=0.00075 ring=0.02446 smooth=0.0802 beam=0.34085 homogeneity=0.0047
2026-05-20 15:19:43 [INFO] Step 15/54 Loss=6.7112 mse=0.4239 v_opt=0.04716 v_mand=0.00948 ptv=0.0341 ptv_max=0.00032 ring=0.02411 smooth=0.0452 beam=0.22282 homogeneity=0.0033
2026-05-20 15:19:46 [INFO] Step 20/54 Loss=5.3491 mse=0.4129 v_opt=0.00000 v_mand=0.00000 ptv=0.0384 ptv_max=0.00040 ring=0.02343 smooth=0.0425 beam=0.07890 homogeneity=0.0033
2026-05-20 15:19:50 [INFO] Step 25/54 Loss=7.9389 mse=0.5110 v_opt=0.02183 v_mand=0.00208 ptv=0.0605 ptv_max=0.00064 ring=0.01915 smooth=0.0537 beam=0.31346 homogeneity=0.0092
2026-05-20 15:19:53 [INFO] Step 30/54 Loss=7.8282 mse=0.4944 v_opt=0.03967 v_mand=0.00465 ptv=0.0151 ptv_max=0.00141 ring=0.03295 smooth=0.0661 beam=0.34308 homogeneity=0.0067
2026-05-20 15:19:56 [INFO] Step 35/54 Loss=9.5777 mse=0.7968 v_opt=0.00386 v_mand=0.00000 ptv=0.0195 ptv_max=0.00139 ring=0.02393 smooth=0.0500 beam=0.16846 homogeneity=0.0066
2026-05-20 15:19:58 [INFO] Step 40/54 Loss=7.7248 mse=0.5112 v_opt=0.00000 v_mand=0.00000 ptv=0.0429 ptv_max=0.00042 ring=0.01837 smooth=0.0719 beam=0.36103 homogeneity=0.0037
2026-05-20 15:20:03 [INFO] Step 45/54 Loss=8.9864 mse=0.5549 v_opt=0.05215 v_mand=0.00632 ptv=0.0335 ptv_max=0.00031 ring=0.02421 smooth=0.0547 beam=0.44483 homogeneity=0.0037
2026-05-20 15:20:05 [INFO] Step 50/54 Loss=5.3988 mse=0.4017 v_opt=0.00042 v_mand=0.00000 ptv=0.0493 ptv_max=0.00028 ring=0.01897 smooth=0.0434 beam=0.10387 homogeneity=0.0033
2026-05-20 15:20:08 [INFO] Step 54/54 Loss=5.5572 mse=0.3727 v_opt=0.00000 v_mand=0.00000 ptv=0.0223 ptv_max=0.00183 ring=0.02882 smooth=0.0405 beam=0.18483 homogeneity=0.0077
2026-05-20 15:20:08 [INFO] Running validation at epoch 49...
2026-05-20 15:20:31 [INFO] Epoch 49 Summary: Train=9.1980 Val=10.3073 PTV_D95=59.89Gy Bladder=26.00Gy Rectum=22.75Gy
2026-05-20 15:20:31 [INFO] [PHYSICS] Saved best model val_loss=10.3073
2026-05-20 15:20:31 [INFO] Epoch 50/100 started, lr=5.21e-05
2026-05-20 15:20:36 [INFO] Step 5/54 Loss=4.4836 mse=0.3351 v_opt=0.00000 v_mand=0.00000 ptv=0.0385 ptv_max=0.00066 ring=0.02107 smooth=0.0428 beam=0.05798 homogeneity=0.0052
2026-05-20 15:20:39 [INFO] Step 10/54 Loss=8.7362 mse=0.5623 v_opt=0.01633 v_mand=0.00077 ptv=0.0237 ptv_max=0.00075 ring=0.02324 smooth=0.0615 beam=0.46206 homogeneity=0.0051
2026-05-20 15:20:42 [INFO] Step 15/54 Loss=5.6444 mse=0.3998 v_opt=0.03529 v_mand=0.00489 ptv=0.0286 ptv_max=0.00080 ring=0.02166 smooth=0.0455 beam=0.11691 homogeneity=0.0046
2026-05-20 15:20:44 [INFO] Step 20/54 Loss=7.7523 mse=0.5151 v_opt=0.01014 v_mand=0.00000 ptv=0.0395 ptv_max=0.00012 ring=0.01968 smooth=0.0643 beam=0.36563 homogeneity=0.0026
2026-05-20 15:20:49 [INFO] Step 25/54 Loss=5.3846 mse=0.3335 v_opt=0.06517 v_mand=0.01744 ptv=0.0194 ptv_max=0.00090 ring=0.03515 smooth=0.0473 beam=0.03441 homogeneity=0.0052
2026-05-20 15:20:51 [INFO] Step 30/54 Loss=5.6436 mse=0.3465 v_opt=0.06416 v_mand=0.01122 ptv=0.0270 ptv_max=0.00044 ring=0.02529 smooth=0.0407 beam=0.14732 homogeneity=0.0039
2026-05-20 15:20:54 [INFO] Step 35/54 Loss=9.0486 mse=0.7896 v_opt=0.00226 v_mand=0.00000 ptv=0.0302 ptv_max=0.00048 ring=0.02317 smooth=0.0570 beam=0.07789 homogeneity=0.0039
2026-05-20 15:20:57 [INFO] Step 40/54 Loss=6.3173 mse=0.4999 v_opt=0.00092 v_mand=0.00000 ptv=0.0429 ptv_max=0.00026 ring=0.02062 smooth=0.0516 beam=0.09924 homogeneity=0.0032
2026-05-20 15:21:02 [INFO] Step 45/54 Loss=7.3494 mse=0.4888 v_opt=0.00755 v_mand=0.00000 ptv=0.0285 ptv_max=0.00053 ring=0.02264 smooth=0.0599 beam=0.34238 homogeneity=0.0039
2026-05-20 15:21:05 [INFO] Step 50/54 Loss=5.2582 mse=0.3902 v_opt=0.02025 v_mand=0.00157 ptv=0.0239 ptv_max=0.00114 ring=0.02737 smooth=0.0472 beam=0.08143 homogeneity=0.0059
2026-05-20 15:21:07 [INFO] Step 54/54 Loss=7.3433 mse=0.3590 v_opt=0.11245 v_mand=0.04579 ptv=0.0179 ptv_max=0.00151 ring=0.02905 smooth=0.0395 beam=0.08168 homogeneity=0.0068
2026-05-20 15:21:07 [INFO] Running validation at epoch 50...
2026-05-20 15:21:33 [INFO] Epoch 50 Summary: Train=6.7148 Val=9.9678 PTV_D95=59.64Gy Bladder=25.57Gy Rectum=22.57Gy
2026-05-20 15:21:33 [INFO] [PHYSICS] Saved best model val_loss=9.9678
2026-05-20 15:21:33 [INFO] Epoch 51/100 started, lr=5.05e-05
2026-05-20 15:21:38 [INFO] Step 5/54 Loss=5.5467 mse=0.4236 v_opt=0.04621 v_mand=0.00474 ptv=0.0264 ptv_max=0.00053 ring=0.02744 smooth=0.0570 beam=0.03657 homogeneity=0.0045
2026-05-20 15:21:41 [INFO] Step 10/54 Loss=5.2076 mse=0.3917 v_opt=0.00989 v_mand=0.00000 ptv=0.0314 ptv_max=0.00056 ring=0.02320 smooth=0.0540 beam=0.09698 homogeneity=0.0045
2026-05-20 15:21:44 [INFO] Step 15/54 Loss=8.6613 mse=0.7775 v_opt=0.00014 v_mand=0.00000 ptv=0.0310 ptv_max=0.00045 ring=0.02081 smooth=0.0479 beam=0.03168 homogeneity=0.0039
2026-05-20 15:21:46 [INFO] Step 20/54 Loss=5.7597 mse=0.4084 v_opt=0.00000 v_mand=0.00000 ptv=0.0524 ptv_max=0.00021 ring=0.01754 smooth=0.0489 beam=0.16102 homogeneity=0.0034
2026-05-20 15:21:52 [INFO] Step 25/54 Loss=8.9796 mse=0.5803 v_opt=0.00445 v_mand=0.00000 ptv=0.0290 ptv_max=0.00205 ring=0.02849 smooth=0.0481 beam=0.44279 homogeneity=0.0065
2026-05-20 15:21:54 [INFO] Step 30/54 Loss=9.7796 mse=0.6492 v_opt=0.00000 v_mand=0.00000 ptv=0.0000 ptv_max=0.00000 ring=0.00000 smooth=0.0927 beam=0.65574 homogeneity=0.0000
2026-05-20 15:21:57 [INFO] Step 35/54 Loss=14.9073 mse=0.5454 v_opt=0.22688 v_mand=0.12606 ptv=0.0157 ptv_max=0.00281 ring=0.03667 smooth=0.0658 beam=0.33162 homogeneity=0.0092
2026-05-20 15:22:00 [INFO] Step 40/54 Loss=9.7712 mse=0.6505 v_opt=0.00000 v_mand=0.00000 ptv=0.0000 ptv_max=0.00000 ring=0.00000 smooth=0.0808 beam=0.65154 homogeneity=0.0000
2026-05-20 15:22:05 [INFO] Step 45/54 Loss=6.6357 mse=0.3667 v_opt=0.11840 v_mand=0.02878 ptv=0.0207 ptv_max=0.00080 ring=0.02715 smooth=0.0449 beam=0.10657 homogeneity=0.0051
2026-05-20 15:22:08 [INFO] Step 50/54 Loss=4.8120 mse=0.3913 v_opt=0.00127 v_mand=0.00000 ptv=0.0382 ptv_max=0.00025 ring=0.01712 smooth=0.0506 beam=0.03534 homogeneity=0.0031
2026-05-20 15:22:10 [INFO] Step 54/54 Loss=8.8981 mse=0.5883 v_opt=0.00416 v_mand=0.00000 ptv=0.0000 ptv_max=0.00000 ring=0.05087 smooth=0.0585 beam=0.44755 homogeneity=0.0000
2026-05-20 15:22:10 [INFO] Running validation at epoch 51...
2026-05-20 15:22:35 [INFO] Epoch 51 Summary: Train=7.1042 Val=10.0994 PTV_D95=58.11Gy Bladder=24.60Gy Rectum=25.35Gy
2026-05-20 15:22:35 [INFO] Epoch 52/100 started, lr=4.89e-05
2026-05-20 15:22:40 [INFO] Step 5/54 Loss=8.4050 mse=0.5645 v_opt=0.00138 v_mand=0.00000 ptv=0.0521 ptv_max=0.00100 ring=0.02651 smooth=0.0579 beam=0.32900 homogeneity=0.0069
2026-05-20 15:22:43 [INFO] Step 10/54 Loss=6.8346 mse=0.4685 v_opt=0.00321 v_mand=0.00000 ptv=0.0406 ptv_max=0.00046 ring=0.01965 smooth=0.0577 beam=0.26932 homogeneity=0.0034
2026-05-20 15:22:46 [INFO] Step 15/54 Loss=6.7244 mse=0.5701 v_opt=0.02074 v_mand=0.00156 ptv=0.0270 ptv_max=0.00069 ring=0.02044 smooth=0.0430 beam=0.03882 homogeneity=0.0047
2026-05-20 15:22:48 [INFO] Step 20/54 Loss=5.1671 mse=0.3594 v_opt=0.00841 v_mand=0.00000 ptv=0.0329 ptv_max=0.00026 ring=0.02075 smooth=0.0420 beam=0.16703 homogeneity=0.0032
2026-05-20 15:22:52 [INFO] Step 25/54 Loss=7.3123 mse=0.5060 v_opt=0.00000 v_mand=0.00000 ptv=0.0399 ptv_max=0.00026 ring=0.01864 smooth=0.1014 beam=0.29744 homogeneity=0.0031
2026-05-20 15:22:56 [INFO] Step 30/54 Loss=5.4767 mse=0.4241 v_opt=0.00972 v_mand=0.00000 ptv=0.0287 ptv_max=0.00047 ring=0.02101 smooth=0.0499 beam=0.10209 homogeneity=0.0038
2026-05-20 15:22:58 [INFO] Step 35/54 Loss=5.6243 mse=0.4243 v_opt=0.00323 v_mand=0.00000 ptv=0.0259 ptv_max=0.00074 ring=0.02248 smooth=0.0439 beam=0.12833 homogeneity=0.0048
2026-05-20 15:23:01 [INFO] Step 40/54 Loss=4.9912 mse=0.3613 v_opt=0.01600 v_mand=0.00070 ptv=0.0262 ptv_max=0.00100 ring=0.02720 smooth=0.0354 beam=0.09652 homogeneity=0.0052
2026-05-20 15:23:06 [INFO] Step 45/54 Loss=7.5599 mse=0.4968 v_opt=0.02231 v_mand=0.00196 ptv=0.0377 ptv_max=0.00051 ring=0.02889 smooth=0.0488 beam=0.30545 homogeneity=0.0040
2026-05-20 15:23:09 [INFO] Step 50/54 Loss=6.8206 mse=0.4743 v_opt=0.00067 v_mand=0.00000 ptv=0.0388 ptv_max=0.00024 ring=0.01957 smooth=0.0610 beam=0.26235 homogeneity=0.0032
2026-05-20 15:23:11 [INFO] Step 54/54 Loss=5.6927 mse=0.4227 v_opt=0.00481 v_mand=0.00000 ptv=0.0456 ptv_max=0.00015 ring=0.01302 smooth=0.0429 beam=0.14652 homogeneity=0.0030
2026-05-20 15:23:11 [INFO] Running validation at epoch 52...
2026-05-20 15:23:34 [INFO] Epoch 52 Summary: Train=7.1647 Val=10.0416 PTV_D95=56.22Gy Bladder=24.42Gy Rectum=22.07Gy
2026-05-20 15:23:34 [INFO] Epoch 53/100 started, lr=4.74e-05
2026-05-20 15:23:40 [INFO] Step 5/54 Loss=6.4454 mse=0.4566 v_opt=0.01077 v_mand=0.00001 ptv=0.0287 ptv_max=0.00038 ring=0.02435 smooth=0.0497 beam=0.22140 homogeneity=0.0037
2026-05-20 15:23:42 [INFO] Step 10/54 Loss=5.3526 mse=0.4107 v_opt=0.01770 v_mand=0.00100 ptv=0.0260 ptv_max=0.00093 ring=0.02042 smooth=0.0364 beam=0.08696 homogeneity=0.0055
2026-05-20 15:23:45 [INFO] Step 15/54 Loss=4.9508 mse=0.3829 v_opt=0.02698 v_mand=0.00009 ptv=0.0308 ptv_max=0.00101 ring=0.02254 smooth=0.0401 beam=0.05086 homogeneity=0.0054
2026-05-20 15:23:47 [INFO] Step 20/54 Loss=7.9195 mse=0.4575 v_opt=0.07761 v_mand=0.01307 ptv=0.0234 ptv_max=0.00115 ring=0.03306 smooth=0.0599 beam=0.32516 homogeneity=0.0058
2026-05-20 15:23:52 [INFO] Step 25/54 Loss=4.0591 mse=0.3229 v_opt=0.00112 v_mand=0.00000 ptv=0.0300 ptv_max=0.00040 ring=0.02247 smooth=0.0348 beam=0.01935 homogeneity=0.0035
2026-05-20 15:23:54 [INFO] Step 30/54 Loss=6.7871 mse=0.4947 v_opt=0.00000 v_mand=0.00000 ptv=0.0477 ptv_max=0.00049 ring=0.01656 smooth=0.0519 beam=0.19682 homogeneity=0.0051
2026-05-20 15:23:57 [INFO] Step 35/54 Loss=6.3676 mse=0.4818 v_opt=0.01862 v_mand=0.00063 ptv=0.0223 ptv_max=0.00084 ring=0.01961 smooth=0.0488 beam=0.16187 homogeneity=0.0053
2026-05-20 15:24:00 [INFO] Step 40/54 Loss=8.4116 mse=0.5449 v_opt=0.02370 v_mand=0.00004 ptv=0.0214 ptv_max=0.00101 ring=0.02189 smooth=0.0602 beam=0.43860 homogeneity=0.0061
2026-05-20 15:24:05 [INFO] Step 45/54 Loss=6.8346 mse=0.4955 v_opt=0.00090 v_mand=0.00000 ptv=0.0376 ptv_max=0.00086 ring=0.02352 smooth=0.0553 beam=0.19753 homogeneity=0.0057
2026-05-20 15:24:07 [INFO] Step 50/54 Loss=6.4914 mse=0.4800 v_opt=0.00399 v_mand=0.00000 ptv=0.0348 ptv_max=0.00035 ring=0.01557 smooth=0.0404 beam=0.20171 homogeneity=0.0036
2026-05-20 15:24:10 [INFO] Step 54/54 Loss=16.3941 mse=0.4504 v_opt=0.38046 v_mand=0.18310 ptv=0.0404 ptv_max=0.00161 ring=0.04099 smooth=0.0511 beam=0.15046 homogeneity=0.0059
2026-05-20 15:24:10 [INFO] Running validation at epoch 53...
2026-05-20 15:24:33 [INFO] Epoch 53 Summary: Train=6.7296 Val=10.0560 PTV_D95=57.89Gy Bladder=26.38Gy Rectum=25.23Gy
2026-05-20 15:24:33 [INFO] Epoch 54/100 started, lr=4.58e-05
2026-05-20 15:24:39 [INFO] Step 5/54 Loss=5.1262 mse=0.3854 v_opt=0.00171 v_mand=0.00000 ptv=0.0316 ptv_max=0.00046 ring=0.01678 smooth=0.0458 beam=0.11799 homogeneity=0.0041
2026-05-20 15:24:41 [INFO] Step 10/54 Loss=6.7091 mse=0.4452 v_opt=0.02759 v_mand=0.00148 ptv=0.0357 ptv_max=0.00078 ring=0.02613 smooth=0.0510 beam=0.24559 homogeneity=0.0054
2026-05-20 15:24:44 [INFO] Step 15/54 Loss=5.8910 mse=0.4292 v_opt=0.01645 v_mand=0.00005 ptv=0.0158 ptv_max=0.00286 ring=0.02848 smooth=0.0531 beam=0.12859 homogeneity=0.0093
2026-05-20 15:24:46 [INFO] Step 20/54 Loss=6.3557 mse=0.4313 v_opt=0.04360 v_mand=0.00923 ptv=0.0252 ptv_max=0.00059 ring=0.02766 smooth=0.0415 beam=0.14183 homogeneity=0.0042
2026-05-20 15:24:50 [INFO] Step 25/54 Loss=7.9982 mse=0.5169 v_opt=0.01232 v_mand=0.00000 ptv=0.0339 ptv_max=0.00035 ring=0.02971 smooth=0.0616 beam=0.38547 homogeneity=0.0035
2026-05-20 15:24:53 [INFO] Step 30/54 Loss=6.3167 mse=0.4225 v_opt=0.02334 v_mand=0.00249 ptv=0.0483 ptv_max=0.00019 ring=0.02260 smooth=0.0436 beam=0.20490 homogeneity=0.0030
2026-05-20 15:24:56 [INFO] Step 35/54 Loss=5.3655 mse=0.4242 v_opt=0.00000 v_mand=0.00000 ptv=0.0468 ptv_max=0.00015 ring=0.01545 smooth=0.0671 beam=0.06971 homogeneity=0.0030
2026-05-20 15:24:59 [INFO] Step 40/54 Loss=6.3260 mse=0.4258 v_opt=0.03882 v_mand=0.00413 ptv=0.0196 ptv_max=0.00138 ring=0.03229 smooth=0.0467 beam=0.17860 homogeneity=0.0069
2026-05-20 15:25:04 [INFO] Step 45/54 Loss=6.9977 mse=0.4942 v_opt=0.00000 v_mand=0.00000 ptv=0.0203 ptv_max=0.00178 ring=0.01963 smooth=0.0420 beam=0.26355 homogeneity=0.0074
2026-05-20 15:25:06 [INFO] Step 50/54 Loss=6.6346 mse=0.4590 v_opt=0.00000 v_mand=0.00000 ptv=0.0283 ptv_max=0.00059 ring=0.01829 smooth=0.0525 beam=0.27184 homogeneity=0.0047
2026-05-20 15:25:09 [INFO] Step 54/54 Loss=5.2513 mse=0.3878 v_opt=0.01142 v_mand=0.00000 ptv=0.0344 ptv_max=0.00032 ring=0.01961 smooth=0.0436 beam=0.12408 homogeneity=0.0035
2026-05-20 15:25:09 [INFO] Running validation at epoch 54...
2026-05-20 15:25:33 [INFO] Epoch 54 Summary: Train=7.0969 Val=9.8847 PTV_D95=56.93Gy Bladder=24.97Gy Rectum=22.69Gy
2026-05-20 15:25:33 [INFO] [PHYSICS] Saved best model val_loss=9.8847
2026-05-20 15:25:33 [INFO] Epoch 55/100 started, lr=4.43e-05
2026-05-20 15:25:38 [INFO] Step 5/54 Loss=6.1272 mse=0.4643 v_opt=0.00315 v_mand=0.00000 ptv=0.0491 ptv_max=0.00026 ring=0.02374 smooth=0.0457 beam=0.10950 homogeneity=0.0033
2026-05-20 15:25:41 [INFO] Step 10/54 Loss=6.5101 mse=0.4249 v_opt=0.05549 v_mand=0.01394 ptv=0.0250 ptv_max=0.00074 ring=0.02699 smooth=0.0473 beam=0.13255 homogeneity=0.0047
2026-05-20 15:25:43 [INFO] Step 15/54 Loss=4.3985 mse=0.3497 v_opt=0.00000 v_mand=0.00000 ptv=0.0246 ptv_max=0.00082 ring=0.02310 smooth=0.0443 beam=0.03180 homogeneity=0.0052
2026-05-20 15:25:46 [INFO] Step 20/54 Loss=7.6480 mse=0.5008 v_opt=0.00464 v_mand=0.00000 ptv=0.0311 ptv_max=0.00039 ring=0.01827 smooth=0.0494 beam=0.38862 homogeneity=0.0039
2026-05-20 15:25:50 [INFO] Step 25/54 Loss=5.5064 mse=0.4019 v_opt=0.04704 v_mand=0.00180 ptv=0.0374 ptv_max=0.00065 ring=0.01942 smooth=0.0378 beam=0.10173 homogeneity=0.0047
2026-05-20 15:25:52 [INFO] Step 30/54 Loss=9.0430 mse=0.5961 v_opt=0.00779 v_mand=0.00000 ptv=0.0191 ptv_max=0.00127 ring=0.01969 smooth=0.0358 beam=0.47794 homogeneity=0.0061
2026-05-20 15:25:55 [INFO] Step 35/54 Loss=4.4795 mse=0.3319 v_opt=0.00978 v_mand=0.00000 ptv=0.0252 ptv_max=0.00063 ring=0.02408 smooth=0.0385 beam=0.08022 homogeneity=0.0045
2026-05-20 15:25:58 [INFO] Step 40/54 Loss=5.6311 mse=0.3997 v_opt=0.00689 v_mand=0.00000 ptv=0.0274 ptv_max=0.00068 ring=0.02349 smooth=0.0390 beam=0.17320 homogeneity=0.0045
2026-05-20 15:26:03 [INFO] Step 45/54 Loss=4.9161 mse=0.3183 v_opt=0.04934 v_mand=0.01230 ptv=0.0286 ptv_max=0.00040 ring=0.02077 smooth=0.0434 beam=0.06426 homogeneity=0.0038
2026-05-20 15:26:05 [INFO] Step 50/54 Loss=7.7862 mse=0.5185 v_opt=0.00267 v_mand=0.00000 ptv=0.0408 ptv_max=0.00013 ring=0.01738 smooth=0.0504 beam=0.37330 homogeneity=0.0024
2026-05-20 15:26:07 [INFO] Step 54/54 Loss=6.7711 mse=0.4849 v_opt=0.03420 v_mand=0.00204 ptv=0.0229 ptv_max=0.00067 ring=0.02588 smooth=0.0445 beam=0.19954 homogeneity=0.0049
2026-05-20 15:26:08 [INFO] Running validation at epoch 55...
2026-05-20 15:26:31 [INFO] Epoch 55 Summary: Train=6.7907 Val=9.8298 PTV_D95=57.55Gy Bladder=24.61Gy Rectum=27.03Gy
2026-05-20 15:26:32 [INFO] [PHYSICS] Saved best model val_loss=9.8298
2026-05-20 15:26:32 [INFO] Epoch 56/100 started, lr=4.28e-05
2026-05-20 15:26:36 [INFO] Step 5/54 Loss=5.7662 mse=0.4118 v_opt=0.00000 v_mand=0.00000 ptv=0.0457 ptv_max=0.00024 ring=0.01872 smooth=0.0339 beam=0.16555 homogeneity=0.0033
2026-05-20 15:26:39 [INFO] Step 10/54 Loss=5.2164 mse=0.3982 v_opt=0.00000 v_mand=0.00000 ptv=0.0335 ptv_max=0.00053 ring=0.01740 smooth=0.0478 beam=0.10345 homogeneity=0.0045
2026-05-20 15:26:42 [INFO] Step 15/54 Loss=7.9645 mse=0.4928 v_opt=0.05556 v_mand=0.00949 ptv=0.0166 ptv_max=0.00121 ring=0.02803 smooth=0.0473 beam=0.33461 homogeneity=0.0064
2026-05-20 15:26:45 [INFO] Step 20/54 Loss=5.2647 mse=0.3911 v_opt=0.00970 v_mand=0.00000 ptv=0.0311 ptv_max=0.00039 ring=0.01933 smooth=0.0383 beam=0.12741 homogeneity=0.0037
2026-05-20 15:26:48 [INFO] Step 25/54 Loss=7.2412 mse=0.5850 v_opt=0.03005 v_mand=0.00342 ptv=0.0276 ptv_max=0.00048 ring=0.01968 smooth=0.0384 beam=0.09662 homogeneity=0.0039
2026-05-20 15:26:52 [INFO] Step 30/54 Loss=9.1190 mse=0.6175 v_opt=0.00105 v_mand=0.00000 ptv=0.0270 ptv_max=0.00061 ring=0.02036 smooth=0.0447 beam=0.44781 homogeneity=0.0046
2026-05-20 15:26:54 [INFO] Step 35/54 Loss=5.4558 mse=0.4115 v_opt=0.00000 v_mand=0.00000 ptv=0.0327 ptv_max=0.00051 ring=0.01902 smooth=0.0456 beam=0.12166 homogeneity=0.0045
2026-05-20 15:26:57 [INFO] Step 40/54 Loss=5.6925 mse=0.4328 v_opt=0.04924 v_mand=0.00643 ptv=0.0383 ptv_max=0.00087 ring=0.02573 smooth=0.0498 beam=0.00171 homogeneity=0.0059
2026-05-20 15:27:01 [INFO] Step 45/54 Loss=7.0134 mse=0.4562 v_opt=0.00018 v_mand=0.00000 ptv=0.0268 ptv_max=0.00100 ring=0.01901 smooth=0.0543 beam=0.34554 homogeneity=0.0058
2026-05-20 15:27:04 [INFO] Step 50/54 Loss=4.7490 mse=0.3534 v_opt=0.01980 v_mand=0.00146 ptv=0.0217 ptv_max=0.00075 ring=0.03134 smooth=0.0331 beam=0.05632 homogeneity=0.0047
2026-05-20 15:27:06 [INFO] Step 54/54 Loss=5.5400 mse=0.3729 v_opt=0.06162 v_mand=0.01671 ptv=0.0268 ptv_max=0.00059 ring=0.02327 smooth=0.0423 beam=0.02371 homogeneity=0.0042
2026-05-20 15:27:06 [INFO] Running validation at epoch 56...
2026-05-20 15:27:31 [INFO] Epoch 56 Summary: Train=6.6307 Val=9.8500 PTV_D95=59.43Gy Bladder=25.76Gy Rectum=21.87Gy
2026-05-20 15:27:31 [INFO] Epoch 57/100 started, lr=4.12e-05
2026-05-20 15:27:36 [INFO] Step 5/54 Loss=7.0221 mse=0.4666 v_opt=0.02848 v_mand=0.00373 ptv=0.0282 ptv_max=0.00036 ring=0.02834 smooth=0.0432 beam=0.26320 homogeneity=0.0034
2026-05-20 15:27:39 [INFO] Step 10/54 Loss=6.2506 mse=0.4328 v_opt=0.04275 v_mand=0.00859 ptv=0.0247 ptv_max=0.00057 ring=0.02373 smooth=0.0386 beam=0.13745 homogeneity=0.0043
2026-05-20 15:27:42 [INFO] Step 15/54 Loss=5.3634 mse=0.4042 v_opt=0.02539 v_mand=0.00043 ptv=0.0217 ptv_max=0.00086 ring=0.02087 smooth=0.0413 beam=0.11289 homogeneity=0.0054
2026-05-20 15:27:44 [INFO] Step 20/54 Loss=5.0858 mse=0.3554 v_opt=0.00328 v_mand=0.00000 ptv=0.0333 ptv_max=0.00067 ring=0.02723 smooth=0.0365 beam=0.12982 homogeneity=0.0049
2026-05-20 15:27:49 [INFO] Step 25/54 Loss=5.4089 mse=0.3656 v_opt=0.03832 v_mand=0.00580 ptv=0.0207 ptv_max=0.00083 ring=0.02326 smooth=0.0437 beam=0.13558 homogeneity=0.0053
2026-05-20 15:27:52 [INFO] Step 30/54 Loss=8.8150 mse=0.7764 v_opt=0.00002 v_mand=0.00000 ptv=0.0385 ptv_max=0.00055 ring=0.01864 smooth=0.0595 beam=0.05035 homogeneity=0.0051
2026-05-20 15:27:54 [INFO] Step 35/54 Loss=10.6669 mse=0.6810 v_opt=0.01210 v_mand=0.00010 ptv=0.0229 ptv_max=0.00073 ring=0.02148 smooth=0.0433 beam=0.62706 homogeneity=0.0050
2026-05-20 15:27:56 [INFO] Step 40/54 Loss=9.5769 mse=0.6321 v_opt=0.01142 v_mand=0.00005 ptv=0.0217 ptv_max=0.00125 ring=0.02588 smooth=0.0354 beam=0.48721 homogeneity=0.0062
2026-05-20 15:28:01 [INFO] Step 45/54 Loss=6.0330 mse=0.4378 v_opt=0.00230 v_mand=0.00000 ptv=0.0306 ptv_max=0.00041 ring=0.02243 smooth=0.0415 beam=0.18173 homogeneity=0.0037
2026-05-20 15:28:04 [INFO] Step 50/54 Loss=4.0314 mse=0.2963 v_opt=0.00000 v_mand=0.00000 ptv=0.0282 ptv_max=0.00068 ring=0.01947 smooth=0.0378 beam=0.07233 homogeneity=0.0047
2026-05-20 15:28:06 [INFO] Step 54/54 Loss=5.2030 mse=0.3608 v_opt=0.03686 v_mand=0.00599 ptv=0.0241 ptv_max=0.00058 ring=0.02171 smooth=0.0338 beam=0.10717 homogeneity=0.0044
2026-05-20 15:28:06 [INFO] Running validation at epoch 57...
2026-05-20 15:28:30 [INFO] Epoch 57 Summary: Train=7.9449 Val=10.1228 PTV_D95=59.23Gy Bladder=28.16Gy Rectum=23.41Gy
2026-05-20 15:28:30 [INFO] Epoch 58/100 started, lr=3.97e-05
2026-05-20 15:28:36 [INFO] Step 5/54 Loss=5.1122 mse=0.3873 v_opt=0.00471 v_mand=0.00000 ptv=0.0320 ptv_max=0.00099 ring=0.01901 smooth=0.0399 beam=0.08884 homogeneity=0.0063
2026-05-20 15:28:39 [INFO] Step 10/54 Loss=8.1141 mse=0.5518 v_opt=0.00000 v_mand=0.00000 ptv=0.0000 ptv_max=0.00000 ring=0.00000 smooth=0.0624 beam=0.51802 homogeneity=0.0000
2026-05-20 15:28:41 [INFO] Step 15/54 Loss=6.0470 mse=0.4477 v_opt=0.00296 v_mand=0.00000 ptv=0.0335 ptv_max=0.00029 ring=0.02363 smooth=0.0446 beam=0.15732 homogeneity=0.0035
2026-05-20 15:28:44 [INFO] Step 20/54 Loss=5.0927 mse=0.3726 v_opt=0.00471 v_mand=0.00000 ptv=0.0310 ptv_max=0.00021 ring=0.02108 smooth=0.0396 beam=0.13133 homogeneity=0.0030
2026-05-20 15:28:48 [INFO] Step 25/54 Loss=4.6502 mse=0.3579 v_opt=0.01511 v_mand=0.00005 ptv=0.0262 ptv_max=0.00069 ring=0.01897 smooth=0.0398 beam=0.07160 homogeneity=0.0047
2026-05-20 15:28:51 [INFO] Step 30/54 Loss=6.4347 mse=0.4790 v_opt=0.04066 v_mand=0.00123 ptv=0.0214 ptv_max=0.00155 ring=0.02661 smooth=0.0563 beam=0.13507 homogeneity=0.0066
2026-05-20 15:28:53 [INFO] Step 35/54 Loss=8.1700 mse=0.5408 v_opt=0.02657 v_mand=0.00014 ptv=0.0194 ptv_max=0.00116 ring=0.01920 smooth=0.0503 beam=0.40680 homogeneity=0.0061
2026-05-20 15:28:56 [INFO] Step 40/54 Loss=6.9580 mse=0.5321 v_opt=0.00000 v_mand=0.00000 ptv=0.0000 ptv_max=0.00000 ring=0.00000 smooth=0.0528 beam=0.32637 homogeneity=0.0000
2026-05-20 15:29:01 [INFO] Step 45/54 Loss=8.5486 mse=0.5870 v_opt=0.00000 v_mand=0.00000 ptv=0.0000 ptv_max=0.00000 ring=0.00000 smooth=0.0621 beam=0.53449 homogeneity=0.0000
2026-05-20 15:29:03 [INFO] Step 50/54 Loss=8.1182 mse=0.4438 v_opt=0.12549 v_mand=0.03300 ptv=0.0201 ptv_max=0.00076 ring=0.02601 smooth=0.0467 beam=0.20871 homogeneity=0.0051
2026-05-20 15:29:05 [INFO] Step 54/54 Loss=9.5738 mse=0.6359 v_opt=0.00000 v_mand=0.00000 ptv=0.0000 ptv_max=0.00000 ring=0.00000 smooth=0.0770 beam=0.64145 homogeneity=0.0000
2026-05-20 15:29:05 [INFO] Running validation at epoch 58...
2026-05-20 15:29:29 [INFO] Epoch 58 Summary: Train=6.9669 Val=9.7942 PTV_D95=57.62Gy Bladder=24.39Gy Rectum=23.67Gy
2026-05-20 15:29:29 [INFO] [PHYSICS] Saved best model val_loss=9.7942
2026-05-20 15:29:29 [INFO] Epoch 59/100 started, lr=3.82e-05
2026-05-20 15:29:35 [INFO] Step 5/54 Loss=6.1083 mse=0.4207 v_opt=0.02362 v_mand=0.00103 ptv=0.0162 ptv_max=0.00199 ring=0.02727 smooth=0.0448 beam=0.19385 homogeneity=0.0079
2026-05-20 15:29:38 [INFO] Step 10/54 Loss=7.3185 mse=0.4828 v_opt=0.01832 v_mand=0.00018 ptv=0.0343 ptv_max=0.00068 ring=0.01593 smooth=0.0476 beam=0.34423 homogeneity=0.0051
2026-05-20 15:29:40 [INFO] Step 15/54 Loss=5.5509 mse=0.3981 v_opt=0.00834 v_mand=0.00000 ptv=0.0264 ptv_max=0.00048 ring=0.02558 smooth=0.0374 beam=0.15940 homogeneity=0.0041
2026-05-20 15:29:42 [INFO] Step 20/54 Loss=7.3834 mse=0.4317 v_opt=0.06632 v_mand=0.01859 ptv=0.0286 ptv_max=0.00032 ring=0.02759 smooth=0.0449 beam=0.24373 homogeneity=0.0033
2026-05-20 15:29:47 [INFO] Step 25/54 Loss=8.3275 mse=0.6182 v_opt=0.00000 v_mand=0.00000 ptv=0.0000 ptv_max=0.00000 ring=0.00000 smooth=0.0727 beam=0.42759 homogeneity=0.0000
2026-05-20 15:29:50 [INFO] Step 30/54 Loss=4.7497 mse=0.3571 v_opt=0.00064 v_mand=0.00000 ptv=0.0361 ptv_max=0.00026 ring=0.01700 smooth=0.0434 beam=0.09625 homogeneity=0.0032
2026-05-20 15:29:52 [INFO] Step 35/54 Loss=5.7968 mse=0.4189 v_opt=0.00001 v_mand=0.00000 ptv=0.0266 ptv_max=0.00076 ring=0.01867 smooth=0.0449 beam=0.18347 homogeneity=0.0051
2026-05-20 15:29:55 [INFO] Step 40/54 Loss=10.1385 mse=0.6537 v_opt=0.00965 v_mand=0.00000 ptv=0.0089 ptv_max=0.00300 ring=0.02538 smooth=0.0478 beam=0.54973 homogeneity=0.0105
2026-05-20 15:29:59 [INFO] Step 45/54 Loss=6.8078 mse=0.4369 v_opt=0.03807 v_mand=0.00655 ptv=0.0170 ptv_max=0.00158 ring=0.02732 smooth=0.0423 beam=0.24550 homogeneity=0.0072
2026-05-20 15:30:02 [INFO] Step 50/54 Loss=6.1900 mse=0.4411 v_opt=0.01532 v_mand=0.00004 ptv=0.0274 ptv_max=0.00053 ring=0.01681 smooth=0.0376 beam=0.22096 homogeneity=0.0043
2026-05-20 15:30:04 [INFO] Step 54/54 Loss=5.5510 mse=0.4128 v_opt=0.00000 v_mand=0.00000 ptv=0.0392 ptv_max=0.00031 ring=0.01692 smooth=0.0375 beam=0.13797 homogeneity=0.0034
2026-05-20 15:30:04 [INFO] Running validation at epoch 59...
2026-05-20 15:30:29 [INFO] Epoch 59 Summary: Train=6.6401 Val=9.6906 PTV_D95=56.96Gy Bladder=24.51Gy Rectum=23.84Gy
2026-05-20 15:30:29 [INFO] [PHYSICS] Saved best model val_loss=9.6906
2026-05-20 15:30:29 [INFO] Epoch 60/100 started, lr=3.67e-05
2026-05-20 15:30:34 [INFO] Step 5/54 Loss=6.5308 mse=0.4833 v_opt=0.02673 v_mand=0.00389 ptv=0.0325 ptv_max=0.00029 ring=0.02110 smooth=0.0863 beam=0.14428 homogeneity=0.0032
2026-05-20 15:30:37 [INFO] Step 10/54 Loss=9.0816 mse=0.4525 v_opt=0.12528 v_mand=0.05205 ptv=0.0249 ptv_max=0.00058 ring=0.02229 smooth=0.0522 beam=0.19983 homogeneity=0.0043
2026-05-20 15:30:40 [INFO] Step 15/54 Loss=4.2525 mse=0.3285 v_opt=0.00023 v_mand=0.00000 ptv=0.0240 ptv_max=0.00082 ring=0.01965 smooth=0.0457 beam=0.05617 homogeneity=0.0053
2026-05-20 15:30:42 [INFO] Step 20/54 Loss=4.8351 mse=0.3589 v_opt=0.00000 v_mand=0.00000 ptv=0.0277 ptv_max=0.00088 ring=0.01592 smooth=0.0478 beam=0.11426 homogeneity=0.0055
2026-05-20 15:30:47 [INFO] Step 25/54 Loss=7.2456 mse=0.4934 v_opt=0.00081 v_mand=0.00000 ptv=0.0259 ptv_max=0.00094 ring=0.02284 smooth=0.0561 beam=0.31101 homogeneity=0.0051
2026-05-20 15:30:49 [INFO] Step 30/54 Loss=8.9032 mse=0.5857 v_opt=0.00218 v_mand=0.00000 ptv=0.0230 ptv_max=0.00113 ring=0.01808 smooth=0.0458 beam=0.47110 homogeneity=0.0062
2026-05-20 15:30:52 [INFO] Step 35/54 Loss=5.3594 mse=0.3994 v_opt=0.00866 v_mand=0.00000 ptv=0.0299 ptv_max=0.00032 ring=0.02403 smooth=0.0373 beam=0.11987 homogeneity=0.0035
2026-05-20 15:30:55 [INFO] Step 40/54 Loss=5.8648 mse=0.4190 v_opt=0.01156 v_mand=0.00005 ptv=0.0303 ptv_max=0.00031 ring=0.02043 smooth=0.0380 beam=0.19048 homogeneity=0.0034
2026-05-20 15:30:59 [INFO] Step 45/54 Loss=3.6630 mse=0.2756 v_opt=0.00000 v_mand=0.00000 ptv=0.0358 ptv_max=0.00084 ring=0.01972 smooth=0.0412 beam=0.02071 homogeneity=0.0052
2026-05-20 15:31:01 [INFO] Step 50/54 Loss=13.6225 mse=0.5012 v_opt=0.28335 v_mand=0.12193 ptv=0.0504 ptv_max=0.00078 ring=0.01985 smooth=0.0432 beam=0.19174 homogeneity=0.0072
2026-05-20 15:31:03 [INFO] Step 54/54 Loss=44.3798 mse=0.5070 v_opt=0.96457 v_mand=0.70176 ptv=0.0336 ptv_max=0.00067 ring=0.01816 smooth=0.0644 beam=0.30846 homogeneity=0.0051
2026-05-20 15:31:03 [INFO] Running validation at epoch 60...
2026-05-20 15:31:27 [INFO] Epoch 60 Summary: Train=8.9712 Val=9.6030 PTV_D95=57.62Gy Bladder=24.45Gy Rectum=22.60Gy
2026-05-20 15:31:27 [INFO] [PHYSICS] Saved best model val_loss=9.6030
2026-05-20 15:31:27 [INFO] Epoch 61/100 started, lr=3.52e-05
2026-05-20 15:31:32 [INFO] Step 5/54 Loss=5.2455 mse=0.3626 v_opt=0.03503 v_mand=0.00457 ptv=0.0300 ptv_max=0.00073 ring=0.02151 smooth=0.0411 beam=0.11344 homogeneity=0.0045
2026-05-20 15:31:35 [INFO] Step 10/54 Loss=4.4463 mse=0.3476 v_opt=0.00622 v_mand=0.00000 ptv=0.0344 ptv_max=0.00046 ring=0.01889 smooth=0.0385 beam=0.04498 homogeneity=0.0040
2026-05-20 15:31:38 [INFO] Step 15/54 Loss=5.8417 mse=0.4187 v_opt=0.02697 v_mand=0.00411 ptv=0.0353 ptv_max=0.00158 ring=0.01884 smooth=0.0507 beam=0.10312 homogeneity=0.0080
2026-05-20 15:31:40 [INFO] Step 20/54 Loss=6.1014 mse=0.4136 v_opt=0.00765 v_mand=0.00000 ptv=0.0253 ptv_max=0.00091 ring=0.02372 smooth=0.0488 beam=0.23607 homogeneity=0.0056
2026-05-20 15:31:45 [INFO] Step 25/54 Loss=9.9753 mse=0.5215 v_opt=0.10010 v_mand=0.04004 ptv=0.0334 ptv_max=0.00089 ring=0.03045 smooth=0.0697 beam=0.32507 homogeneity=0.0045
2026-05-20 15:31:47 [INFO] Step 30/54 Loss=7.9263 mse=0.4482 v_opt=0.12485 v_mand=0.03363 ptv=0.0219 ptv_max=0.00067 ring=0.02369 smooth=0.0495 beam=0.16103 homogeneity=0.0048
2026-05-20 15:31:50 [INFO] Step 35/54 Loss=8.9606 mse=0.5707 v_opt=0.01424 v_mand=0.00007 ptv=0.0482 ptv_max=0.00118 ring=0.01657 smooth=0.0385 beam=0.45857 homogeneity=0.0068
2026-05-20 15:31:53 [INFO] Step 40/54 Loss=4.8931 mse=0.3548 v_opt=0.01281 v_mand=0.00017 ptv=0.0239 ptv_max=0.00052 ring=0.02084 smooth=0.0370 beam=0.12903 homogeneity=0.0042
2026-05-20 15:31:57 [INFO] Step 45/54 Loss=7.0183 mse=0.4711 v_opt=0.00000 v_mand=0.00000 ptv=0.0301 ptv_max=0.00067 ring=0.01939 smooth=0.0462 beam=0.31788 homogeneity=0.0044
2026-05-20 15:32:00 [INFO] Step 50/54 Loss=5.6005 mse=0.4381 v_opt=0.00010 v_mand=0.00000 ptv=0.0266 ptv_max=0.00093 ring=0.01988 smooth=0.0547 beam=0.09859 homogeneity=0.0055
2026-05-20 15:32:02 [INFO] Step 54/54 Loss=9.0060 mse=0.6396 v_opt=0.00294 v_mand=0.00000 ptv=0.0000 ptv_max=0.00000 ring=0.00000 smooth=0.0666 beam=0.51953 homogeneity=0.0000
2026-05-20 15:32:02 [INFO] Running validation at epoch 61...
2026-05-20 15:32:27 [INFO] Epoch 61 Summary: Train=6.1821 Val=9.5745 PTV_D95=58.95Gy Bladder=24.39Gy Rectum=23.98Gy
2026-05-20 15:32:27 [INFO] [PHYSICS] Saved best model val_loss=9.5745
2026-05-20 15:32:27 [INFO] Epoch 62/100 started, lr=3.37e-05
2026-05-20 15:32:32 [INFO] Step 5/54 Loss=9.0837 mse=0.5359 v_opt=0.10270 v_mand=0.04173 ptv=0.0000 ptv_max=0.00000 ring=0.00138 smooth=0.0506 beam=0.28126 homogeneity=0.0000
2026-05-20 15:32:35 [INFO] Step 10/54 Loss=5.3276 mse=0.3713 v_opt=0.01029 v_mand=0.00000 ptv=0.0354 ptv_max=0.00020 ring=0.01713 smooth=0.0452 beam=0.18225 homogeneity=0.0029
2026-05-20 15:32:38 [INFO] Step 15/54 Loss=4.9769 mse=0.3521 v_opt=0.00000 v_mand=0.00000 ptv=0.0287 ptv_max=0.00056 ring=0.02300 smooth=0.0329 beam=0.14052 homogeneity=0.0045
2026-05-20 15:32:40 [INFO] Step 20/54 Loss=5.4465 mse=0.4105 v_opt=0.01972 v_mand=0.00008 ptv=0.0180 ptv_max=0.00127 ring=0.01861 smooth=0.0388 beam=0.12794 homogeneity=0.0066
2026-05-20 15:32:45 [INFO] Step 25/54 Loss=4.5006 mse=0.3187 v_opt=0.00000 v_mand=0.00000 ptv=0.0371 ptv_max=0.00044 ring=0.01964 smooth=0.0376 beam=0.10726 homogeneity=0.0043
2026-05-20 15:32:47 [INFO] Step 30/54 Loss=49.9878 mse=0.4629 v_opt=1.10200 v_mand=0.82187 ptv=0.0402 ptv_max=0.00034 ring=0.01915 smooth=0.0457 beam=0.25540 homogeneity=0.0037
2026-05-20 15:32:50 [INFO] Step 35/54 Loss=3.7122 mse=0.2508 v_opt=0.00096 v_mand=0.00000 ptv=0.0335 ptv_max=0.00017 ring=0.01848 smooth=0.0345 beam=0.10533 homogeneity=0.0026
2026-05-20 15:32:52 [INFO] Step 40/54 Loss=5.7572 mse=0.4101 v_opt=0.01713 v_mand=0.00086 ptv=0.0309 ptv_max=0.00032 ring=0.01968 smooth=0.0409 beam=0.17682 homogeneity=0.0035
2026-05-20 15:32:57 [INFO] Step 45/54 Loss=6.0855 mse=0.3838 v_opt=0.02739 v_mand=0.00321 ptv=0.0203 ptv_max=0.00087 ring=0.02530 smooth=0.0349 beam=0.25861 homogeneity=0.0055
2026-05-20 15:32:59 [INFO] Step 50/54 Loss=8.0845 mse=0.5166 v_opt=0.04111 v_mand=0.00182 ptv=0.0270 ptv_max=0.00087 ring=0.01899 smooth=0.0550 beam=0.40643 homogeneity=0.0055
2026-05-20 15:33:01 [INFO] Step 54/54 Loss=7.0558 mse=0.4601 v_opt=0.01261 v_mand=0.00015 ptv=0.0287 ptv_max=0.00051 ring=0.02092 smooth=0.0422 beam=0.34052 homogeneity=0.0044
2026-05-20 15:33:01 [INFO] Running validation at epoch 62...
2026-05-20 15:33:26 [INFO] Epoch 62 Summary: Train=7.0954 Val=9.5961 PTV_D95=57.74Gy Bladder=25.25Gy Rectum=24.32Gy
2026-05-20 15:33:26 [INFO] Epoch 63/100 started, lr=3.23e-05
2026-05-20 15:33:31 [INFO] Step 5/54 Loss=4.8606 mse=0.3066 v_opt=0.06071 v_mand=0.01730 ptv=0.0229 ptv_max=0.00111 ring=0.02648 smooth=0.0408 beam=0.00078 homogeneity=0.0059
2026-05-20 15:33:34 [INFO] Step 10/54 Loss=7.9162 mse=0.5165 v_opt=0.00411 v_mand=0.00000 ptv=0.0418 ptv_max=0.00015 ring=0.01510 smooth=0.0458 beam=0.40588 homogeneity=0.0029
2026-05-20 15:33:36 [INFO] Step 15/54 Loss=7.8026 mse=0.5116 v_opt=0.03166 v_mand=0.00213 ptv=0.0281 ptv_max=0.00053 ring=0.02929 smooth=0.0577 beam=0.33554 homogeneity=0.0043
2026-05-20 15:33:39 [INFO] Step 20/54 Loss=6.1138 mse=0.4114 v_opt=0.00002 v_mand=0.00000 ptv=0.0270 ptv_max=0.00064 ring=0.02308 smooth=0.0358 beam=0.24995 homogeneity=0.0049
2026-05-20 15:33:43 [INFO] Step 25/54 Loss=6.1229 mse=0.4521 v_opt=0.00165 v_mand=0.00000 ptv=0.0216 ptv_max=0.00107 ring=0.01717 smooth=0.0373 beam=0.19001 homogeneity=0.0059
2026-05-20 15:33:46 [INFO] Step 30/54 Loss=9.0294 mse=0.5420 v_opt=0.06735 v_mand=0.01120 ptv=0.0230 ptv_max=0.00062 ring=0.02174 smooth=0.0452 beam=0.44579 homogeneity=0.0047
2026-05-20 15:33:48 [INFO] Step 35/54 Loss=6.6802 mse=0.4538 v_opt=0.00937 v_mand=0.00000 ptv=0.0477 ptv_max=0.00010 ring=0.01436 smooth=0.0413 beam=0.27391 homogeneity=0.0026
2026-05-20 15:33:51 [INFO] Step 40/54 Loss=5.1472 mse=0.3718 v_opt=0.00585 v_mand=0.00000 ptv=0.0453 ptv_max=0.00009 ring=0.01494 smooth=0.0456 beam=0.13670 homogeneity=0.0024
2026-05-20 15:33:56 [INFO] Step 45/54 Loss=14.4285 mse=0.5173 v_opt=0.00666 v_mand=0.00000 ptv=0.5783 ptv_max=0.00000 ring=0.00142 smooth=0.0879 beam=0.40208 homogeneity=0.0709
2026-05-20 15:33:58 [INFO] Step 50/54 Loss=7.3084 mse=0.4839 v_opt=0.03731 v_mand=0.00281 ptv=0.0501 ptv_max=0.00047 ring=0.01988 smooth=0.0456 beam=0.26829 homogeneity=0.0043
2026-05-20 15:34:00 [INFO] Step 54/54 Loss=7.2910 mse=0.4788 v_opt=0.00000 v_mand=0.00000 ptv=0.0404 ptv_max=0.00029 ring=0.01353 smooth=0.0533 beam=0.36113 homogeneity=0.0036
2026-05-20 15:34:00 [INFO] Running validation at epoch 63...
2026-05-20 15:34:25 [INFO] Epoch 63 Summary: Train=9.7138 Val=9.5115 PTV_D95=58.44Gy Bladder=24.46Gy Rectum=24.65Gy
2026-05-20 15:34:25 [INFO] [PHYSICS] Saved best model val_loss=9.5115
2026-05-20 15:34:25 [INFO] Epoch 64/100 started, lr=3.08e-05
2026-05-20 15:34:30 [INFO] Step 5/54 Loss=5.4088 mse=0.3994 v_opt=0.00036 v_mand=0.00000 ptv=0.0221 ptv_max=0.00091 ring=0.01773 smooth=0.0358 beam=0.15356 homogeneity=0.0055
2026-05-20 15:34:32 [INFO] Step 10/54 Loss=4.5887 mse=0.3268 v_opt=0.03676 v_mand=0.00233 ptv=0.0159 ptv_max=0.00119 ring=0.02756 smooth=0.0396 beam=0.07420 homogeneity=0.0062
2026-05-20 15:34:35 [INFO] Step 15/54 Loss=17.0632 mse=0.5287 v_opt=0.26569 v_mand=0.16367 ptv=0.0266 ptv_max=0.00632 ring=0.04037 smooth=0.0492 beam=0.31686 homogeneity=0.0143
2026-05-20 15:34:38 [INFO] Step 20/54 Loss=7.3425 mse=0.4970 v_opt=0.01283 v_mand=0.00005 ptv=0.0285 ptv_max=0.00068 ring=0.02527 smooth=0.0345 beam=0.31079 homogeneity=0.0044
2026-05-20 15:34:42 [INFO] Step 25/54 Loss=9.1362 mse=0.5221 v_opt=0.07524 v_mand=0.02363 ptv=0.0225 ptv_max=0.00054 ring=0.02637 smooth=0.0739 beam=0.36876 homogeneity=0.0042
2026-05-20 15:34:44 [INFO] Step 30/54 Loss=8.7347 mse=0.5211 v_opt=0.06767 v_mand=0.01223 ptv=0.0218 ptv_max=0.00083 ring=0.02317 smooth=0.0562 beam=0.41215 homogeneity=0.0052
2026-05-20 15:34:48 [INFO] Step 35/54 Loss=4.1019 mse=0.3223 v_opt=0.01107 v_mand=0.00029 ptv=0.0294 ptv_max=0.00058 ring=0.01766 smooth=0.0368 beam=0.03297 homogeneity=0.0043
2026-05-20 15:34:50 [INFO] Step 40/54 Loss=4.5425 mse=0.3235 v_opt=0.00008 v_mand=0.00000 ptv=0.0374 ptv_max=0.00049 ring=0.01766 smooth=0.0347 beam=0.11043 homogeneity=0.0045
2026-05-20 15:34:53 [INFO] Step 45/54 Loss=5.7439 mse=0.4101 v_opt=0.00055 v_mand=0.00000 ptv=0.0596 ptv_max=0.00030 ring=0.01742 smooth=0.0386 beam=0.12864 homogeneity=0.0061
2026-05-20 15:34:56 [INFO] Step 50/54 Loss=6.6568 mse=0.4044 v_opt=0.07362 v_mand=0.02273 ptv=0.0262 ptv_max=0.00092 ring=0.01694 smooth=0.0424 beam=0.13141 homogeneity=0.0053
2026-05-20 15:34:58 [INFO] Step 54/54 Loss=5.8399 mse=0.4251 v_opt=0.02142 v_mand=0.00109 ptv=0.0248 ptv_max=0.00066 ring=0.01660 smooth=0.0326 beam=0.17152 homogeneity=0.0050
2026-05-20 15:34:58 [INFO] Running validation at epoch 64...
2026-05-20 15:35:22 [INFO] Epoch 64 Summary: Train=7.0696 Val=9.6880 PTV_D95=59.62Gy Bladder=26.46Gy Rectum=23.68Gy
2026-05-20 15:35:22 [INFO] Epoch 65/100 started, lr=2.94e-05
2026-05-20 15:35:27 [INFO] Step 5/54 Loss=5.3515 mse=0.3906 v_opt=0.00000 v_mand=0.00000 ptv=0.0367 ptv_max=0.00064 ring=0.01931 smooth=0.0346 beam=0.12783 homogeneity=0.0057
2026-05-20 15:35:30 [INFO] Step 10/54 Loss=4.2523 mse=0.3128 v_opt=0.00000 v_mand=0.00000 ptv=0.0352 ptv_max=0.00041 ring=0.01550 smooth=0.0355 beam=0.08704 homogeneity=0.0040
2026-05-20 15:35:33 [INFO] Step 15/54 Loss=4.0446 mse=0.3274 v_opt=0.00000 v_mand=0.00000 ptv=0.0277 ptv_max=0.00079 ring=0.01957 smooth=0.0383 beam=0.01180 homogeneity=0.0049
2026-05-20 15:35:35 [INFO] Step 20/54 Loss=7.2160 mse=0.4714 v_opt=0.00042 v_mand=0.00000 ptv=0.0281 ptv_max=0.00075 ring=0.02045 smooth=0.0506 beam=0.35531 homogeneity=0.0047
2026-05-20 15:35:40 [INFO] Step 25/54 Loss=5.9217 mse=0.4351 v_opt=0.00059 v_mand=0.00000 ptv=0.0282 ptv_max=0.00042 ring=0.01681 smooth=0.0388 beam=0.18579 homogeneity=0.0040
2026-05-20 15:35:43 [INFO] Step 30/54 Loss=4.8700 mse=0.3769 v_opt=0.00410 v_mand=0.00000 ptv=0.0393 ptv_max=0.00029 ring=0.01606 smooth=0.0367 beam=0.07555 homogeneity=0.0031
2026-05-20 15:35:45 [INFO] Step 35/54 Loss=5.8312 mse=0.3947 v_opt=0.04188 v_mand=0.00818 ptv=0.0254 ptv_max=0.00064 ring=0.02857 smooth=0.0411 beam=0.11610 homogeneity=0.0046
2026-05-20 15:35:48 [INFO] Step 40/54 Loss=8.5315 mse=0.7036 v_opt=0.02245 v_mand=0.00169 ptv=0.0272 ptv_max=0.00055 ring=0.01969 smooth=0.0383 beam=0.13780 homogeneity=0.0039
2026-05-20 15:35:52 [INFO] Step 45/54 Loss=5.8846 mse=0.4193 v_opt=0.00092 v_mand=0.00000 ptv=0.0291 ptv_max=0.00042 ring=0.01953 smooth=0.0399 beam=0.20048 homogeneity=0.0039
2026-05-20 15:35:55 [INFO] Step 50/54 Loss=6.3625 mse=0.4296 v_opt=0.03190 v_mand=0.00355 ptv=0.0213 ptv_max=0.00057 ring=0.02564 smooth=0.0397 beam=0.22159 homogeneity=0.0043
2026-05-20 15:35:57 [INFO] Step 54/54 Loss=7.1558 mse=0.4861 v_opt=0.00526 v_mand=0.00000 ptv=0.0285 ptv_max=0.00077 ring=0.02217 smooth=0.0366 beam=0.30484 homogeneity=0.0050
2026-05-20 15:35:57 [INFO] Running validation at epoch 65...
2026-05-20 15:36:21 [INFO] Epoch 65 Summary: Train=7.3470 Val=9.6075 PTV_D95=59.62Gy Bladder=25.38Gy Rectum=27.30Gy
2026-05-20 15:36:21 [INFO] Epoch 66/100 started, lr=2.80e-05
2026-05-20 15:36:27 [INFO] Step 5/54 Loss=8.2648 mse=0.5326 v_opt=0.01889 v_mand=0.00027 ptv=0.0235 ptv_max=0.00058 ring=0.02371 smooth=0.0582 beam=0.43424 homogeneity=0.0045
2026-05-20 15:36:30 [INFO] Step 10/54 Loss=4.4776 mse=0.3478 v_opt=0.00217 v_mand=0.00000 ptv=0.0421 ptv_max=0.00083 ring=0.01454 smooth=0.0459 beam=0.03783 homogeneity=0.0061
2026-05-20 15:36:32 [INFO] Step 15/54 Loss=9.6450 mse=0.6146 v_opt=0.01316 v_mand=0.00014 ptv=0.0164 ptv_max=0.00130 ring=0.01947 smooth=0.0462 beam=0.56161 homogeneity=0.0066
2026-05-20 15:36:35 [INFO] Step 20/54 Loss=9.5369 mse=0.5199 v_opt=0.08812 v_mand=0.03156 ptv=0.0228 ptv_max=0.00089 ring=0.02307 smooth=0.0497 beam=0.37056 homogeneity=0.0054
2026-05-20 15:36:39 [INFO] Step 25/54 Loss=8.3878 mse=0.5840 v_opt=0.00058 v_mand=0.00000 ptv=0.0184 ptv_max=0.00109 ring=0.01637 smooth=0.0426 beam=0.38738 homogeneity=0.0061
2026-05-20 15:36:42 [INFO] Step 30/54 Loss=5.5310 mse=0.3755 v_opt=0.00000 v_mand=0.00000 ptv=0.0425 ptv_max=0.00043 ring=0.01523 smooth=0.0387 beam=0.20279 homogeneity=0.0042
2026-05-20 15:36:45 [INFO] Step 35/54 Loss=4.2749 mse=0.3310 v_opt=0.00000 v_mand=0.00000 ptv=0.0253 ptv_max=0.00059 ring=0.02081 smooth=0.0421 beam=0.05526 homogeneity=0.0045
2026-05-20 15:36:47 [INFO] Step 40/54 Loss=5.1336 mse=0.3752 v_opt=0.01421 v_mand=0.00027 ptv=0.0284 ptv_max=0.00053 ring=0.01875 smooth=0.0345 beam=0.13042 homogeneity=0.0046
2026-05-20 15:36:51 [INFO] Step 45/54 Loss=5.6369 mse=0.4286 v_opt=0.00237 v_mand=0.00000 ptv=0.0314 ptv_max=0.00060 ring=0.01762 smooth=0.0331 beam=0.12614 homogeneity=0.0052
2026-05-20 15:36:54 [INFO] Step 50/54 Loss=4.1364 mse=0.3427 v_opt=0.00922 v_mand=0.00000 ptv=0.0259 ptv_max=0.00049 ring=0.01989 smooth=0.0363 beam=0.00511 homogeneity=0.0041
2026-05-20 15:36:56 [INFO] Step 54/54 Loss=4.8346 mse=0.3579 v_opt=0.00540 v_mand=0.00000 ptv=0.0367 ptv_max=0.00022 ring=0.01473 smooth=0.0338 beam=0.11596 homogeneity=0.0032
2026-05-20 15:36:56 [INFO] Running validation at epoch 66...
2026-05-20 15:37:20 [INFO] Epoch 66 Summary: Train=7.3568 Val=9.5774 PTV_D95=58.37Gy Bladder=25.52Gy Rectum=23.11Gy
2026-05-20 15:37:20 [INFO] Epoch 67/100 started, lr=2.67e-05
2026-05-20 15:37:26 [INFO] Step 5/54 Loss=4.8103 mse=0.3333 v_opt=0.00768 v_mand=0.00000 ptv=0.0360 ptv_max=0.00019 ring=0.01685 smooth=0.0326 beam=0.15610 homogeneity=0.0028
2026-05-20 15:37:28 [INFO] Step 10/54 Loss=6.3245 mse=0.4434 v_opt=0.01798 v_mand=0.00024 ptv=0.0287 ptv_max=0.00034 ring=0.02127 smooth=0.0373 beam=0.22820 homogeneity=0.0037
2026-05-20 15:37:31 [INFO] Step 15/54 Loss=8.4629 mse=0.5666 v_opt=0.00087 v_mand=0.00000 ptv=0.0214 ptv_max=0.00129 ring=0.01821 smooth=0.0395 beam=0.42190 homogeneity=0.0065
2026-05-20 15:37:34 [INFO] Step 20/54 Loss=6.5545 mse=0.4106 v_opt=0.10083 v_mand=0.02806 ptv=0.0245 ptv_max=0.00077 ring=0.02240 smooth=0.0479 beam=0.02453 homogeneity=0.0049
2026-05-20 15:37:39 [INFO] Step 25/54 Loss=5.4485 mse=0.4009 v_opt=0.02590 v_mand=0.00278 ptv=0.0225 ptv_max=0.00053 ring=0.02199 smooth=0.0403 beam=0.11499 homogeneity=0.0045
2026-05-20 15:37:41 [INFO] Step 30/54 Loss=9.3383 mse=0.6195 v_opt=0.00897 v_mand=0.00000 ptv=0.0165 ptv_max=0.00189 ring=0.02026 smooth=0.0461 beam=0.48149 homogeneity=0.0075
2026-05-20 15:37:43 [INFO] Step 35/54 Loss=9.0987 mse=0.7470 v_opt=0.00792 v_mand=0.00000 ptv=0.0241 ptv_max=0.00058 ring=0.01959 smooth=0.0438 beam=0.19171 homogeneity=0.0043
2026-05-20 15:37:46 [INFO] Step 40/54 Loss=6.9134 mse=0.4244 v_opt=0.10904 v_mand=0.02055 ptv=0.0278 ptv_max=0.00131 ring=0.02836 smooth=0.0384 beam=0.10753 homogeneity=0.0057
2026-05-20 15:37:50 [INFO] Step 45/54 Loss=6.8965 mse=0.4940 v_opt=0.01740 v_mand=0.00051 ptv=0.0270 ptv_max=0.00043 ring=0.01833 smooth=0.0412 beam=0.24862 homogeneity=0.0041
2026-05-20 15:37:53 [INFO] Step 50/54 Loss=9.3414 mse=0.5999 v_opt=0.01605 v_mand=0.00051 ptv=0.0220 ptv_max=0.00137 ring=0.02310 smooth=0.0302 beam=0.50297 homogeneity=0.0066
2026-05-20 15:37:55 [INFO] Step 54/54 Loss=7.3733 mse=0.4932 v_opt=0.02883 v_mand=0.00101 ptv=0.0305 ptv_max=0.00042 ring=0.02067 smooth=0.0487 beam=0.32320 homogeneity=0.0038
2026-05-20 15:37:55 [INFO] Running validation at epoch 67...
2026-05-20 15:38:19 [INFO] Epoch 67 Summary: Train=6.4871 Val=9.6170 PTV_D95=58.82Gy Bladder=25.32Gy Rectum=23.26Gy
2026-05-20 15:38:19 [INFO] Epoch 68/100 started, lr=2.53e-05
2026-05-20 15:38:24 [INFO] Step 5/54 Loss=9.5642 mse=0.5422 v_opt=0.06386 v_mand=0.01778 ptv=0.0326 ptv_max=0.00098 ring=0.02382 smooth=0.0501 beam=0.45641 homogeneity=0.0053
2026-05-20 15:38:27 [INFO] Step 10/54 Loss=5.5545 mse=0.4175 v_opt=0.04840 v_mand=0.00670 ptv=0.0223 ptv_max=0.00097 ring=0.01967 smooth=0.0504 beam=0.05315 homogeneity=0.0055
2026-05-20 15:38:30 [INFO] Step 15/54 Loss=4.7006 mse=0.3889 v_opt=0.02421 v_mand=0.00117 ptv=0.0241 ptv_max=0.00096 ring=0.01674 smooth=0.0366 beam=0.00951 homogeneity=0.0057
2026-05-20 15:38:32 [INFO] Step 20/54 Loss=6.7371 mse=0.4884 v_opt=0.00000 v_mand=0.00000 ptv=0.0562 ptv_max=0.00022 ring=0.02122 smooth=0.0502 beam=0.17585 homogeneity=0.0039
2026-05-20 15:38:35 [INFO] Step 25/54 Loss=6.2219 mse=0.3915 v_opt=0.07567 v_mand=0.02062 ptv=0.0274 ptv_max=0.00048 ring=0.02207 smooth=0.0391 beam=0.08236 homogeneity=0.0040
2026-05-20 15:38:40 [INFO] Step 30/54 Loss=4.1318 mse=0.3342 v_opt=0.00707 v_mand=0.00000 ptv=0.0330 ptv_max=0.00022 ring=0.02070 smooth=0.0403 beam=0.01341 homogeneity=0.0027
2026-05-20 15:38:42 [INFO] Step 35/54 Loss=4.4848 mse=0.3369 v_opt=0.00042 v_mand=0.00000 ptv=0.0308 ptv_max=0.00045 ring=0.01636 smooth=0.0404 beam=0.09162 homogeneity=0.0039
2026-05-20 15:38:45 [INFO] Step 40/54 Loss=5.8435 mse=0.4026 v_opt=0.02964 v_mand=0.00165 ptv=0.0270 ptv_max=0.00027 ring=0.01897 smooth=0.0393 beam=0.20752 homogeneity=0.0033
2026-05-20 15:38:48 [INFO] Step 45/54 Loss=5.1774 mse=0.3932 v_opt=0.00853 v_mand=0.00000 ptv=0.0220 ptv_max=0.00083 ring=0.02219 smooth=0.0450 beam=0.10556 homogeneity=0.0051
2026-05-20 15:38:52 [INFO] Step 50/54 Loss=8.2611 mse=0.4751 v_opt=0.11865 v_mand=0.03260 ptv=0.0289 ptv_max=0.00097 ring=0.02367 smooth=0.0398 beam=0.16834 homogeneity=0.0052
2026-05-20 15:38:54 [INFO] Step 54/54 Loss=4.5800 mse=0.3328 v_opt=0.01409 v_mand=0.00000 ptv=0.0233 ptv_max=0.00100 ring=0.02125 smooth=0.0356 beam=0.10206 homogeneity=0.0054
2026-05-20 15:38:54 [INFO] Running validation at epoch 68...
2026-05-20 15:39:18 [INFO] Epoch 68 Summary: Train=6.5854 Val=9.4143 PTV_D95=58.57Gy Bladder=24.50Gy Rectum=23.89Gy
2026-05-20 15:39:18 [INFO] [PHYSICS] Saved best model val_loss=9.4143
2026-05-20 15:39:18 [INFO] Epoch 69/100 started, lr=2.40e-05
2026-05-20 15:39:23 [INFO] Step 5/54 Loss=7.7168 mse=0.4886 v_opt=0.01017 v_mand=0.00000 ptv=0.0611 ptv_max=0.00062 ring=0.02429 smooth=0.0352 beam=0.33438 homogeneity=0.0064
2026-05-20 15:39:26 [INFO] Step 10/54 Loss=4.6706 mse=0.3546 v_opt=0.00000 v_mand=0.00000 ptv=0.0363 ptv_max=0.00038 ring=0.01544 smooth=0.0382 beam=0.08634 homogeneity=0.0038
2026-05-20 15:39:29 [INFO] Step 15/54 Loss=4.8503 mse=0.3523 v_opt=0.00045 v_mand=0.00000 ptv=0.0272 ptv_max=0.00059 ring=0.01859 smooth=0.0301 beam=0.13087 homogeneity=0.0045
2026-05-20 15:39:32 [INFO] Step 20/54 Loss=8.2659 mse=0.5574 v_opt=0.06508 v_mand=0.01809 ptv=0.0000 ptv_max=0.00000 ring=0.00000 smooth=0.0448 beam=0.33044 homogeneity=0.0000
2026-05-20 15:39:37 [INFO] Step 25/54 Loss=7.3347 mse=0.4850 v_opt=0.00874 v_mand=0.00000 ptv=0.0269 ptv_max=0.00049 ring=0.01839 smooth=0.0593 beam=0.36145 homogeneity=0.0042
2026-05-20 15:39:39 [INFO] Step 30/54 Loss=4.0490 mse=0.3005 v_opt=0.00000 v_mand=0.00000 ptv=0.0306 ptv_max=0.00042 ring=0.01573 smooth=0.0343 beam=0.08011 homogeneity=0.0039
2026-05-20 15:39:42 [INFO] Step 35/54 Loss=5.4003 mse=0.3702 v_opt=0.06346 v_mand=0.00730 ptv=0.0284 ptv_max=0.00047 ring=0.02334 smooth=0.0342 beam=0.09171 homogeneity=0.0043
2026-05-20 15:39:44 [INFO] Step 40/54 Loss=7.0212 mse=0.5710 v_opt=0.01981 v_mand=0.00089 ptv=0.0213 ptv_max=0.00068 ring=0.01779 smooth=0.0350 beam=0.12216 homogeneity=0.0049
2026-05-20 15:39:48 [INFO] Step 45/54 Loss=8.0651 mse=0.5122 v_opt=0.01042 v_mand=0.00000 ptv=0.0239 ptv_max=0.00049 ring=0.02031 smooth=0.0402 beam=0.45319 homogeneity=0.0042
2026-05-20 15:39:51 [INFO] Step 50/54 Loss=5.7534 mse=0.4127 v_opt=0.01927 v_mand=0.00101 ptv=0.0274 ptv_max=0.00076 ring=0.02372 smooth=0.0313 beam=0.15322 homogeneity=0.0050
2026-05-20 15:39:53 [INFO] Step 54/54 Loss=4.8939 mse=0.3821 v_opt=0.00684 v_mand=0.00000 ptv=0.0270 ptv_max=0.00046 ring=0.01867 smooth=0.0591 beam=0.08004 homogeneity=0.0040
2026-05-20 15:39:53 [INFO] Running validation at epoch 69...
2026-05-20 15:40:17 [INFO] Epoch 69 Summary: Train=6.3769 Val=9.4180 PTV_D95=59.37Gy Bladder=24.78Gy Rectum=22.34Gy
2026-05-20 15:40:17 [INFO] Epoch 70/100 started, lr=2.27e-05
2026-05-20 15:40:23 [INFO] Step 5/54 Loss=7.6494 mse=0.4909 v_opt=0.02147 v_mand=0.00029 ptv=0.0232 ptv_max=0.00071 ring=0.02501 smooth=0.0446 beam=0.38684 homogeneity=0.0050
2026-05-20 15:40:26 [INFO] Step 10/54 Loss=9.0057 mse=0.5883 v_opt=0.01917 v_mand=0.00107 ptv=0.0209 ptv_max=0.00106 ring=0.02591 smooth=0.0383 beam=0.45172 homogeneity=0.0059
2026-05-20 15:40:29 [INFO] Step 15/54 Loss=7.5411 mse=0.4966 v_opt=0.00000 v_mand=0.00000 ptv=0.0347 ptv_max=0.00038 ring=0.02177 smooth=0.0393 beam=0.36025 homogeneity=0.0038
2026-05-20 15:40:31 [INFO] Step 20/54 Loss=5.5006 mse=0.4139 v_opt=0.03703 v_mand=0.00629 ptv=0.0297 ptv_max=0.00060 ring=0.01768 smooth=0.0386 beam=0.05773 homogeneity=0.0044
2026-05-20 15:40:36 [INFO] Step 25/54 Loss=8.4913 mse=0.5938 v_opt=0.01670 v_mand=0.00065 ptv=0.0232 ptv_max=0.00154 ring=0.02381 smooth=0.0439 beam=0.33727 homogeneity=0.0065
2026-05-20 15:40:38 [INFO] Step 30/54 Loss=7.5143 mse=0.4983 v_opt=0.02073 v_mand=0.00150 ptv=0.0287 ptv_max=0.00115 ring=0.01981 smooth=0.0538 beam=0.33237 homogeneity=0.0053
2026-05-20 15:40:41 [INFO] Step 35/54 Loss=8.9120 mse=0.6890 v_opt=0.00230 v_mand=0.00000 ptv=0.0270 ptv_max=0.00087 ring=0.01991 smooth=0.0471 beam=0.26104 homogeneity=0.0048
2026-05-20 15:40:44 [INFO] Step 40/54 Loss=5.0250 mse=0.3666 v_opt=0.00324 v_mand=0.00000 ptv=0.0287 ptv_max=0.00040 ring=0.02156 smooth=0.0342 beam=0.12805 homogeneity=0.0039
2026-05-20 15:40:48 [INFO] Step 45/54 Loss=4.3444 mse=0.3239 v_opt=0.00711 v_mand=0.00056 ptv=0.0234 ptv_max=0.00082 ring=0.01920 smooth=0.0373 beam=0.07880 homogeneity=0.0051
2026-05-20 15:40:51 [INFO] Step 50/54 Loss=7.0719 mse=0.4739 v_opt=0.00349 v_mand=0.00000 ptv=0.0223 ptv_max=0.00067 ring=0.01973 smooth=0.0853 beam=0.33426 homogeneity=0.0047
2026-05-20 15:40:53 [INFO] Step 54/54 Loss=4.6409 mse=0.3229 v_opt=0.06192 v_mand=0.00604 ptv=0.0212 ptv_max=0.00099 ring=0.02752 smooth=0.0385 beam=0.03863 homogeneity=0.0057
2026-05-20 15:40:53 [INFO] Running validation at epoch 70...
2026-05-20 15:41:17 [INFO] Epoch 70 Summary: Train=6.2882 Val=9.4680 PTV_D95=59.68Gy Bladder=26.09Gy Rectum=22.11Gy
2026-05-20 15:41:17 [INFO] Epoch 71/100 started, lr=2.14e-05
2026-05-20 15:41:22 [INFO] Step 5/54 Loss=7.7012 mse=0.6449 v_opt=0.00568 v_mand=0.00000 ptv=0.0000 ptv_max=0.00000 ring=0.00911 smooth=0.0534 beam=0.21980 homogeneity=0.0000
2026-05-20 15:41:25 [INFO] Step 10/54 Loss=4.4406 mse=0.3255 v_opt=0.01664 v_mand=0.00077 ptv=0.0274 ptv_max=0.00048 ring=0.02103 smooth=0.0348 beam=0.08305 homogeneity=0.0041
2026-05-20 15:41:27 [INFO] Step 15/54 Loss=5.6261 mse=0.4472 v_opt=0.00701 v_mand=0.00000 ptv=0.0000 ptv_max=0.00000 ring=0.00000 smooth=0.0309 beam=0.22738 homogeneity=0.0000
2026-05-20 15:41:30 [INFO] Step 20/54 Loss=7.8666 mse=0.5693 v_opt=0.00669 v_mand=0.00000 ptv=0.0270 ptv_max=0.00050 ring=0.01508 smooth=0.0398 beam=0.31033 homogeneity=0.0042
2026-05-20 15:41:35 [INFO] Step 25/54 Loss=6.1166 mse=0.4400 v_opt=0.00617 v_mand=0.00000 ptv=0.0222 ptv_max=0.00060 ring=0.02148 smooth=0.0359 beam=0.20639 homogeneity=0.0047
2026-05-20 15:41:38 [INFO] Step 30/54 Loss=4.5346 mse=0.3373 v_opt=0.01293 v_mand=0.00002 ptv=0.0251 ptv_max=0.00049 ring=0.02100 smooth=0.0334 beam=0.09117 homogeneity=0.0043
2026-05-20 15:41:41 [INFO] Step 35/54 Loss=4.6036 mse=0.3414 v_opt=0.00787 v_mand=0.00000 ptv=0.0287 ptv_max=0.00068 ring=0.02243 smooth=0.0338 beam=0.08456 homogeneity=0.0045
2026-05-20 15:41:43 [INFO] Step 40/54 Loss=5.3256 mse=0.3177 v_opt=0.08531 v_mand=0.02114 ptv=0.0243 ptv_max=0.00054 ring=0.02030 smooth=0.0375 beam=0.05099 homogeneity=0.0044
2026-05-20 15:41:48 [INFO] Step 45/54 Loss=4.9235 mse=0.3609 v_opt=0.01810 v_mand=0.00101 ptv=0.0277 ptv_max=0.00043 ring=0.01505 smooth=0.0350 beam=0.12405 homogeneity=0.0040
2026-05-20 15:41:50 [INFO] Step 50/54 Loss=4.9641 mse=0.3701 v_opt=0.00004 v_mand=0.00000 ptv=0.0282 ptv_max=0.00034 ring=0.01835 smooth=0.0331 beam=0.12170 homogeneity=0.0039
2026-05-20 15:41:52 [INFO] Step 54/54 Loss=7.7102 mse=0.5118 v_opt=0.01507 v_mand=0.00008 ptv=0.0220 ptv_max=0.00098 ring=0.01881 smooth=0.0420 beam=0.37852 homogeneity=0.0055
2026-05-20 15:41:52 [INFO] Running validation at epoch 71...
2026-05-20 15:42:16 [INFO] Epoch 71 Summary: Train=6.3441 Val=9.3088 PTV_D95=59.48Gy Bladder=24.31Gy Rectum=24.72Gy
2026-05-20 15:42:16 [INFO] [PHYSICS] Saved best model val_loss=9.3088
2026-05-20 15:42:16 [INFO] Epoch 72/100 started, lr=2.02e-05
2026-05-20 15:42:22 [INFO] Step 5/54 Loss=6.0389 mse=0.4442 v_opt=0.01107 v_mand=0.00000 ptv=0.0279 ptv_max=0.00055 ring=0.02055 smooth=0.0388 beam=0.17360 homogeneity=0.0044
2026-05-20 15:42:24 [INFO] Step 10/54 Loss=3.9935 mse=0.3160 v_opt=0.00430 v_mand=0.00000 ptv=0.0258 ptv_max=0.00058 ring=0.01639 smooth=0.0354 beam=0.03916 homogeneity=0.0047
2026-05-20 15:42:27 [INFO] Step 15/54 Loss=6.0054 mse=0.4073 v_opt=0.00259 v_mand=0.00000 ptv=0.0223 ptv_max=0.00065 ring=0.01919 smooth=0.0418 beam=0.25754 homogeneity=0.0046
2026-05-20 15:42:30 [INFO] Step 20/54 Loss=4.3300 mse=0.3263 v_opt=0.00806 v_mand=0.00000 ptv=0.0259 ptv_max=0.00049 ring=0.01805 smooth=0.0339 beam=0.08132 homogeneity=0.0043
2026-05-20 15:42:34 [INFO] Step 25/54 Loss=6.3185 mse=0.4372 v_opt=0.01865 v_mand=0.00087 ptv=0.0250 ptv_max=0.00046 ring=0.02150 smooth=0.0325 beam=0.23701 homogeneity=0.0041
2026-05-20 15:42:37 [INFO] Step 30/54 Loss=4.0535 mse=0.3081 v_opt=0.00485 v_mand=0.00000 ptv=0.0304 ptv_max=0.00034 ring=0.01809 smooth=0.0363 beam=0.05951 homogeneity=0.0035
2026-05-20 15:42:40 [INFO] Step 35/54 Loss=8.0294 mse=0.4831 v_opt=0.06206 v_mand=0.01704 ptv=0.0233 ptv_max=0.00054 ring=0.02322 smooth=0.0469 beam=0.30404 homogeneity=0.0044
2026-05-20 15:42:42 [INFO] Step 40/54 Loss=7.0054 mse=0.4431 v_opt=0.04348 v_mand=0.00294 ptv=0.0228 ptv_max=0.00092 ring=0.02791 smooth=0.0476 beam=0.30718 homogeneity=0.0054
2026-05-20 15:42:47 [INFO] Step 45/54 Loss=3.7459 mse=0.2815 v_opt=0.00000 v_mand=0.00000 ptv=0.0401 ptv_max=0.00032 ring=0.01999 smooth=0.0267 beam=0.02641 homogeneity=0.0040
2026-05-20 15:42:50 [INFO] Step 50/54 Loss=4.0246 mse=0.3226 v_opt=0.00233 v_mand=0.00000 ptv=0.0239 ptv_max=0.00057 ring=0.02307 smooth=0.0314 beam=0.01779 homogeneity=0.0044
2026-05-20 15:42:52 [INFO] Step 54/54 Loss=4.5757 mse=0.3207 v_opt=0.02407 v_mand=0.00229 ptv=0.0234 ptv_max=0.00110 ring=0.02617 smooth=0.0392 beam=0.08013 homogeneity=0.0060
2026-05-20 15:42:52 [INFO] Running validation at epoch 72...
2026-05-20 15:43:16 [INFO] Epoch 72 Summary: Train=6.1170 Val=9.3815 PTV_D95=58.86Gy Bladder=25.05Gy Rectum=22.12Gy
2026-05-20 15:43:16 [INFO] Epoch 73/100 started, lr=1.89e-05
2026-05-20 15:43:22 [INFO] Step 5/54 Loss=6.6193 mse=0.4093 v_opt=0.06236 v_mand=0.01384 ptv=0.0219 ptv_max=0.00063 ring=0.01947 smooth=0.0381 beam=0.21317 homogeneity=0.0048
2026-05-20 15:43:24 [INFO] Step 10/54 Loss=8.3192 mse=0.5736 v_opt=0.00000 v_mand=0.00000 ptv=0.0000 ptv_max=0.00000 ring=0.00000 smooth=0.0504 beam=0.51569 homogeneity=0.0000
2026-05-20 15:43:26 [INFO] Step 15/54 Loss=4.8190 mse=0.3329 v_opt=0.00013 v_mand=0.00000 ptv=0.0375 ptv_max=0.00025 ring=0.01794 smooth=0.0351 beam=0.15217 homogeneity=0.0035
2026-05-20 15:43:29 [INFO] Step 20/54 Loss=5.2098 mse=0.3590 v_opt=0.00918 v_mand=0.00000 ptv=0.0314 ptv_max=0.00029 ring=0.01969 smooth=0.0343 beam=0.18206 homogeneity=0.0032
2026-05-20 15:43:34 [INFO] Step 25/54 Loss=5.3543 mse=0.3647 v_opt=0.01719 v_mand=0.00003 ptv=0.0268 ptv_max=0.00043 ring=0.01961 smooth=0.0401 beam=0.20204 homogeneity=0.0037
2026-05-20 15:43:36 [INFO] Step 30/54 Loss=8.6972 mse=0.5231 v_opt=0.07212 v_mand=0.00840 ptv=0.0205 ptv_max=0.00098 ring=0.02695 smooth=0.0569 beam=0.42356 homogeneity=0.0060
2026-05-20 15:43:39 [INFO] Step 35/54 Loss=5.0228 mse=0.3754 v_opt=0.00193 v_mand=0.00000 ptv=0.0271 ptv_max=0.00086 ring=0.01996 smooth=0.0322 beam=0.10889 homogeneity=0.0052
2026-05-20 15:43:41 [INFO] Step 40/54 Loss=5.5975 mse=0.4476 v_opt=0.01483 v_mand=0.00042 ptv=0.0247 ptv_max=0.00072 ring=0.01540 smooth=0.0403 beam=0.08935 homogeneity=0.0053
2026-05-20 15:43:46 [INFO] Step 45/54 Loss=4.7831 mse=0.3634 v_opt=0.00911 v_mand=0.00000 ptv=0.0293 ptv_max=0.00029 ring=0.01644 smooth=0.0362 beam=0.10160 homogeneity=0.0032
2026-05-20 15:43:49 [INFO] Step 50/54 Loss=7.9089 mse=0.4502 v_opt=0.08453 v_mand=0.03146 ptv=0.0305 ptv_max=0.00169 ring=0.02658 smooth=0.0537 beam=0.15007 homogeneity=0.0060
2026-05-20 15:43:51 [INFO] Step 54/54 Loss=5.8069 mse=0.4074 v_opt=0.05409 v_mand=0.00977 ptv=0.0236 ptv_max=0.00077 ring=0.02220 smooth=0.0366 beam=0.08529 homogeneity=0.0049
2026-05-20 15:43:51 [INFO] Running validation at epoch 73...
2026-05-20 15:44:15 [INFO] Epoch 73 Summary: Train=6.2227 Val=9.3599 PTV_D95=59.24Gy Bladder=24.34Gy Rectum=25.52Gy
2026-05-20 15:44:15 [INFO] Epoch 74/100 started, lr=1.78e-05
2026-05-20 15:44:20 [INFO] Step 5/54 Loss=7.0318 mse=0.4523 v_opt=0.02018 v_mand=0.00048 ptv=0.0305 ptv_max=0.00031 ring=0.02296 smooth=0.0422 beam=0.34132 homogeneity=0.0034
2026-05-20 15:44:23 [INFO] Step 10/54 Loss=6.3348 mse=0.4300 v_opt=0.04744 v_mand=0.00801 ptv=0.0185 ptv_max=0.00088 ring=0.02462 smooth=0.0335 beam=0.16667 homogeneity=0.0052
2026-05-20 15:44:25 [INFO] Step 15/54 Loss=10.3479 mse=0.6635 v_opt=0.01267 v_mand=0.00014 ptv=0.0219 ptv_max=0.00092 ring=0.02248 smooth=0.0407 beam=0.59268 homogeneity=0.0056
2026-05-20 15:44:28 [INFO] Step 20/54 Loss=6.5705 mse=0.4501 v_opt=0.04521 v_mand=0.00279 ptv=0.0314 ptv_max=0.00072 ring=0.01503 smooth=0.0388 beam=0.23113 homogeneity=0.0052
2026-05-20 15:44:32 [INFO] Step 25/54 Loss=7.3293 mse=0.4969 v_opt=0.02019 v_mand=0.00017 ptv=0.0409 ptv_max=0.00023 ring=0.01567 smooth=0.0463 beam=0.31694 homogeneity=0.0033
2026-05-20 15:44:35 [INFO] Step 30/54 Loss=8.6942 mse=0.5854 v_opt=0.00478 v_mand=0.00000 ptv=0.0228 ptv_max=0.00107 ring=0.01681 smooth=0.0370 beam=0.43411 homogeneity=0.0061
2026-05-20 15:44:38 [INFO] Step 35/54 Loss=8.1400 mse=0.4466 v_opt=0.09566 v_mand=0.03421 ptv=0.0129 ptv_max=0.00164 ring=0.02601 smooth=0.0418 beam=0.20329 homogeneity=0.0076
2026-05-20 15:44:41 [INFO] Step 40/54 Loss=6.9859 mse=0.4951 v_opt=0.00000 v_mand=0.00000 ptv=0.0244 ptv_max=0.00113 ring=0.02073 smooth=0.0380 beam=0.26172 homogeneity=0.0055
2026-05-20 15:44:46 [INFO] Step 45/54 Loss=3.9757 mse=0.3038 v_opt=0.02804 v_mand=0.00051 ptv=0.0233 ptv_max=0.00067 ring=0.01877 smooth=0.0331 beam=0.04219 homogeneity=0.0047
2026-05-20 15:44:48 [INFO] Step 50/54 Loss=6.5772 mse=0.4566 v_opt=0.00225 v_mand=0.00000 ptv=0.0301 ptv_max=0.00032 ring=0.01710 smooth=0.0330 beam=0.27181 homogeneity=0.0035
2026-05-20 15:44:50 [INFO] Step 54/54 Loss=5.6068 mse=0.4057 v_opt=0.03359 v_mand=0.00162 ptv=0.0237 ptv_max=0.00056 ring=0.01746 smooth=0.0349 beam=0.15627 homogeneity=0.0045
2026-05-20 15:44:50 [INFO] Running validation at epoch 74...
2026-05-20 15:45:14 [INFO] Epoch 74 Summary: Train=6.3526 Val=9.2710 PTV_D95=58.88Gy Bladder=24.91Gy Rectum=24.23Gy
2026-05-20 15:45:14 [INFO] [PHYSICS] Saved best model val_loss=9.2710
2026-05-20 15:45:14 [INFO] Epoch 75/100 started, lr=1.66e-05
2026-05-20 15:45:20 [INFO] Step 5/54 Loss=8.2891 mse=0.5656 v_opt=0.00132 v_mand=0.00000 ptv=0.0244 ptv_max=0.00065 ring=0.01523 smooth=0.0360 beam=0.40511 homogeneity=0.0048
2026-05-20 15:45:22 [INFO] Step 10/54 Loss=9.8994 mse=0.6421 v_opt=0.00852 v_mand=0.00000 ptv=0.0171 ptv_max=0.00112 ring=0.01954 smooth=0.0345 beam=0.56320 homogeneity=0.0061
2026-05-20 15:45:25 [INFO] Step 15/54 Loss=5.9591 mse=0.4052 v_opt=0.00555 v_mand=0.00000 ptv=0.0316 ptv_max=0.00054 ring=0.01553 smooth=0.0330 beam=0.24778 homogeneity=0.0039
2026-05-20 15:45:27 [INFO] Step 20/54 Loss=6.9658 mse=0.4394 v_opt=0.01307 v_mand=0.00017 ptv=0.0243 ptv_max=0.00040 ring=0.01742 smooth=0.0331 beam=0.38627 homogeneity=0.0039
2026-05-20 15:45:32 [INFO] Step 25/54 Loss=4.5928 mse=0.3409 v_opt=0.00000 v_mand=0.00000 ptv=0.0273 ptv_max=0.00052 ring=0.01613 smooth=0.0344 beam=0.10993 homogeneity=0.0045
2026-05-20 15:45:35 [INFO] Step 30/54 Loss=4.6105 mse=0.3609 v_opt=0.00124 v_mand=0.00000 ptv=0.0273 ptv_max=0.00060 ring=0.01653 smooth=0.0338 beam=0.07048 homogeneity=0.0046
2026-05-20 15:45:37 [INFO] Step 35/54 Loss=4.7588 mse=0.3579 v_opt=0.03086 v_mand=0.00060 ptv=0.0259 ptv_max=0.00088 ring=0.02406 smooth=0.0398 beam=0.06250 homogeneity=0.0054
2026-05-20 15:45:40 [INFO] Step 40/54 Loss=4.3380 mse=0.3128 v_opt=0.00000 v_mand=0.00000 ptv=0.0284 ptv_max=0.00052 ring=0.01602 smooth=0.0317 beam=0.11400 homogeneity=0.0043
2026-05-20 15:45:45 [INFO] Step 45/54 Loss=6.2258 mse=0.4451 v_opt=0.04438 v_mand=0.00227 ptv=0.0244 ptv_max=0.00093 ring=0.01953 smooth=0.0372 beam=0.17474 homogeneity=0.0056
2026-05-20 15:45:47 [INFO] Step 50/54 Loss=5.9215 mse=0.4453 v_opt=0.01791 v_mand=0.00086 ptv=0.0280 ptv_max=0.00039 ring=0.01985 smooth=0.0379 beam=0.14263 homogeneity=0.0038
2026-05-20 15:45:49 [INFO] Step 54/54 Loss=3.7620 mse=0.2866 v_opt=0.02995 v_mand=0.00336 ptv=0.0253 ptv_max=0.00068 ring=0.01851 smooth=0.0349 beam=0.00265 homogeneity=0.0043
2026-05-20 15:45:49 [INFO] Running validation at epoch 75...
2026-05-20 15:46:13 [INFO] Epoch 75 Summary: Train=7.5881 Val=9.3485 PTV_D95=58.77Gy Bladder=25.45Gy Rectum=24.32Gy
2026-05-20 15:46:13 [INFO] Epoch 76/100 started, lr=1.55e-05
2026-05-20 15:46:18 [INFO] Step 5/54 Loss=5.6637 mse=0.3980 v_opt=0.02919 v_mand=0.00360 ptv=0.0223 ptv_max=0.00054 ring=0.02128 smooth=0.0367 beam=0.15641 homogeneity=0.0045
2026-05-20 15:46:21 [INFO] Step 10/54 Loss=3.9408 mse=0.2980 v_opt=0.00033 v_mand=0.00000 ptv=0.0249 ptv_max=0.00062 ring=0.01696 smooth=0.0319 beam=0.06598 homogeneity=0.0046
2026-05-20 15:46:23 [INFO] Step 15/54 Loss=4.6538 mse=0.3452 v_opt=0.00059 v_mand=0.00000 ptv=0.0304 ptv_max=0.00066 ring=0.01952 smooth=0.0342 beam=0.09424 homogeneity=0.0048
2026-05-20 15:46:26 [INFO] Step 20/54 Loss=9.6916 mse=0.6389 v_opt=0.01051 v_mand=0.00001 ptv=0.0157 ptv_max=0.00146 ring=0.01813 smooth=0.0386 beam=0.52646 homogeneity=0.0072
2026-05-20 15:46:30 [INFO] Step 25/54 Loss=6.6411 mse=0.4697 v_opt=0.00204 v_mand=0.00000 ptv=0.0275 ptv_max=0.00041 ring=0.01871 smooth=0.0343 beam=0.25639 homogeneity=0.0039
2026-05-20 15:46:33 [INFO] Step 30/54 Loss=3.7587 mse=0.3077 v_opt=0.00000 v_mand=0.00000 ptv=0.0303 ptv_max=0.00042 ring=0.01589 smooth=0.0370 beam=0.00604 homogeneity=0.0042
2026-05-20 15:46:36 [INFO] Step 35/54 Loss=4.9282 mse=0.3458 v_opt=0.02388 v_mand=0.00254 ptv=0.0242 ptv_max=0.00044 ring=0.02219 smooth=0.0402 beam=0.12301 homogeneity=0.0040
2026-05-20 15:46:38 [INFO] Step 40/54 Loss=5.3976 mse=0.3705 v_opt=0.00020 v_mand=0.00000 ptv=0.0283 ptv_max=0.00041 ring=0.01782 smooth=0.0359 beam=0.20742 homogeneity=0.0040
2026-05-20 15:46:43 [INFO] Step 45/54 Loss=7.2827 mse=0.5241 v_opt=0.00000 v_mand=0.00000 ptv=0.0000 ptv_max=0.00000 ring=0.00000 smooth=0.0417 beam=0.40742 homogeneity=0.0000
2026-05-20 15:46:45 [INFO] Step 50/54 Loss=5.1170 mse=0.3556 v_opt=0.02732 v_mand=0.00257 ptv=0.0266 ptv_max=0.00029 ring=0.02459 smooth=0.0316 beam=0.13195 homogeneity=0.0033
2026-05-20 15:46:48 [INFO] Step 54/54 Loss=7.3956 mse=0.5733 v_opt=0.02856 v_mand=0.00289 ptv=0.0201 ptv_max=0.00066 ring=0.01993 smooth=0.0351 beam=0.16573 homogeneity=0.0048
2026-05-20 15:46:48 [INFO] Running validation at epoch 76...
2026-05-20 15:47:12 [INFO] Epoch 76 Summary: Train=6.2644 Val=9.2645 PTV_D95=59.76Gy Bladder=25.66Gy Rectum=24.13Gy
2026-05-20 15:47:12 [INFO] [PHYSICS] Saved best model val_loss=9.2645
2026-05-20 15:47:12 [INFO] Epoch 77/100 started, lr=1.44e-05
2026-05-20 15:47:17 [INFO] Step 5/54 Loss=5.9897 mse=0.4215 v_opt=0.00000 v_mand=0.00000 ptv=0.0334 ptv_max=0.00045 ring=0.01714 smooth=0.0341 beam=0.21637 homogeneity=0.0038
2026-05-20 15:47:20 [INFO] Step 10/54 Loss=5.9618 mse=0.4191 v_opt=0.00371 v_mand=0.00000 ptv=0.0267 ptv_max=0.00043 ring=0.01550 smooth=0.0356 beam=0.23139 homogeneity=0.0041
2026-05-20 15:47:22 [INFO] Step 15/54 Loss=8.3173 mse=0.4711 v_opt=0.11155 v_mand=0.03500 ptv=0.0195 ptv_max=0.00094 ring=0.02336 smooth=0.0532 beam=0.18548 homogeneity=0.0054
2026-05-20 15:47:25 [INFO] Step 20/54 Loss=5.9033 mse=0.4445 v_opt=0.01887 v_mand=0.00456 ptv=0.0418 ptv_max=0.00075 ring=0.01930 smooth=0.0309 beam=0.07243 homogeneity=0.0041
2026-05-20 15:47:29 [INFO] Step 25/54 Loss=5.9188 mse=0.4157 v_opt=0.00000 v_mand=0.00000 ptv=0.0315 ptv_max=0.00087 ring=0.01894 smooth=0.0378 beam=0.20054 homogeneity=0.0056
2026-05-20 15:47:31 [INFO] Step 30/54 Loss=4.9547 mse=0.3653 v_opt=0.00656 v_mand=0.00000 ptv=0.0250 ptv_max=0.00068 ring=0.01555 smooth=0.0341 beam=0.13449 homogeneity=0.0048
2026-05-20 15:47:34 [INFO] Step 35/54 Loss=5.1315 mse=0.3720 v_opt=0.00201 v_mand=0.00000 ptv=0.0248 ptv_max=0.00054 ring=0.02133 smooth=0.0358 beam=0.14538 homogeneity=0.0041
2026-05-20 15:47:37 [INFO] Step 40/54 Loss=8.5037 mse=0.5341 v_opt=0.04121 v_mand=0.00594 ptv=0.0213 ptv_max=0.00074 ring=0.01706 smooth=0.0459 beam=0.43431 homogeneity=0.0051
2026-05-20 15:47:41 [INFO] Step 45/54 Loss=4.7934 mse=0.3606 v_opt=0.01643 v_mand=0.00052 ptv=0.0307 ptv_max=0.00026 ring=0.01897 smooth=0.0326 beam=0.09173 homogeneity=0.0031
2026-05-20 15:47:44 [INFO] Step 50/54 Loss=5.0564 mse=0.3621 v_opt=0.01871 v_mand=0.00092 ptv=0.0337 ptv_max=0.00050 ring=0.02008 smooth=0.0361 beam=0.12214 homogeneity=0.0037
2026-05-20 15:47:46 [INFO] Step 54/54 Loss=5.7406 mse=0.4145 v_opt=0.02704 v_mand=0.00027 ptv=0.0296 ptv_max=0.00026 ring=0.02224 smooth=0.0333 beam=0.16325 homogeneity=0.0033
2026-05-20 15:47:46 [INFO] Running validation at epoch 77...
2026-05-20 15:48:10 [INFO] Epoch 77 Summary: Train=6.0817 Val=9.3204 PTV_D95=59.06Gy Bladder=25.69Gy Rectum=24.96Gy
2026-05-20 15:48:10 [INFO] Epoch 78/100 started, lr=1.34e-05
2026-05-20 15:48:16 [INFO] Step 5/54 Loss=8.3985 mse=0.5700 v_opt=0.00000 v_mand=0.00000 ptv=0.0000 ptv_max=0.00000 ring=0.00000 smooth=0.0488 beam=0.53872 homogeneity=0.0000
2026-05-20 15:48:18 [INFO] Step 10/54 Loss=12.7607 mse=0.5885 v_opt=0.01479 v_mand=0.00020 ptv=0.1639 ptv_max=0.01411 ring=0.05905 smooth=0.0535 beam=0.58802 homogeneity=0.0330
2026-05-20 15:48:21 [INFO] Step 15/54 Loss=11.0074 mse=0.5660 v_opt=0.00120 v_mand=0.00021 ptv=0.0287 ptv_max=0.02002 ring=0.05728 smooth=0.0427 beam=0.50265 homogeneity=0.0335
2026-05-20 15:48:23 [INFO] Step 20/54 Loss=8.9416 mse=0.5843 v_opt=0.01509 v_mand=0.00038 ptv=0.0195 ptv_max=0.00084 ring=0.01886 smooth=0.0321 beam=0.48373 homogeneity=0.0054
2026-05-20 15:48:28 [INFO] Step 25/54 Loss=8.1289 mse=0.5287 v_opt=0.00000 v_mand=0.00000 ptv=0.0000 ptv_max=0.00000 ring=0.00000 smooth=0.0352 beam=0.56776 homogeneity=0.0000
2026-05-20 15:48:30 [INFO] Step 30/54 Loss=4.3355 mse=0.3297 v_opt=0.00856 v_mand=0.00000 ptv=0.0260 ptv_max=0.00034 ring=0.01715 smooth=0.0319 beam=0.08256 homogeneity=0.0036
2026-05-20 15:48:33 [INFO] Step 35/54 Loss=8.0418 mse=0.3892 v_opt=0.15003 v_mand=0.05820 ptv=0.0231 ptv_max=0.00073 ring=0.02320 smooth=0.0496 beam=0.04514 homogeneity=0.0047
2026-05-20 15:48:36 [INFO] Step 40/54 Loss=6.2440 mse=0.4194 v_opt=0.04603 v_mand=0.00883 ptv=0.0226 ptv_max=0.00112 ring=0.01651 smooth=0.0374 beam=0.17265 homogeneity=0.0060
2026-05-20 15:48:40 [INFO] Step 45/54 Loss=5.5886 mse=0.4226 v_opt=0.00711 v_mand=0.00000 ptv=0.0264 ptv_max=0.00056 ring=0.01777 smooth=0.0506 beam=0.13903 homogeneity=0.0045
2026-05-20 15:48:43 [INFO] Step 50/54 Loss=6.8422 mse=0.4527 v_opt=0.00436 v_mand=0.00000 ptv=0.0414 ptv_max=0.00075 ring=0.01673 smooth=0.0313 beam=0.29888 homogeneity=0.0053
2026-05-20 15:48:45 [INFO] Step 54/54 Loss=7.3225 mse=0.5009 v_opt=0.00000 v_mand=0.00000 ptv=0.0316 ptv_max=0.00098 ring=0.01831 smooth=0.0678 beam=0.31316 homogeneity=0.0051
2026-05-20 15:48:45 [INFO] Running validation at epoch 78...
2026-05-20 15:49:09 [INFO] Epoch 78 Summary: Train=6.5625 Val=9.2963 PTV_D95=59.31Gy Bladder=24.45Gy Rectum=24.71Gy
2026-05-20 15:49:09 [INFO] Epoch 79/100 started, lr=1.24e-05
2026-05-20 15:49:15 [INFO] Step 5/54 Loss=5.1342 mse=0.3863 v_opt=0.01733 v_mand=0.00011 ptv=0.0219 ptv_max=0.00085 ring=0.01886 smooth=0.0397 beam=0.11522 homogeneity=0.0053
2026-05-20 15:49:17 [INFO] Step 10/54 Loss=7.9750 mse=0.6650 v_opt=0.00314 v_mand=0.00000 ptv=0.0190 ptv_max=0.00111 ring=0.01724 smooth=0.0334 beam=0.13805 homogeneity=0.0060
2026-05-20 15:49:20 [INFO] Step 15/54 Loss=7.5116 mse=0.4939 v_opt=0.00549 v_mand=0.00000 ptv=0.0234 ptv_max=0.00059 ring=0.01911 smooth=0.0442 beam=0.38252 homogeneity=0.0047
2026-05-20 15:49:22 [INFO] Step 20/54 Loss=5.1745 mse=0.3671 v_opt=0.01476 v_mand=0.00044 ptv=0.0323 ptv_max=0.00048 ring=0.02045 smooth=0.0343 beam=0.14262 homogeneity=0.0041
2026-05-20 15:49:27 [INFO] Step 25/54 Loss=6.6607 mse=0.3408 v_opt=0.11109 v_mand=0.03608 ptv=0.0284 ptv_max=0.00054 ring=0.01745 smooth=0.0360 beam=0.11323 homogeneity=0.0042
2026-05-20 15:49:29 [INFO] Step 30/54 Loss=4.8526 mse=0.3491 v_opt=0.00095 v_mand=0.00000 ptv=0.0356 ptv_max=0.00029 ring=0.01803 smooth=0.0309 beam=0.13071 homogeneity=0.0031
2026-05-20 15:49:32 [INFO] Step 35/54 Loss=4.8444 mse=0.3867 v_opt=0.00255 v_mand=0.00000 ptv=0.0381 ptv_max=0.00049 ring=0.01953 smooth=0.0295 beam=0.03818 homogeneity=0.0040
2026-05-20 15:49:35 [INFO] Step 40/54 Loss=5.1939 mse=0.3786 v_opt=0.01063 v_mand=0.00000 ptv=0.0230 ptv_max=0.00044 ring=0.01838 smooth=0.0347 beam=0.15467 homogeneity=0.0041
2026-05-20 15:49:39 [INFO] Step 45/54 Loss=35.3690 mse=0.4486 v_opt=0.71151 v_mand=0.44994 ptv=0.4621 ptv_max=0.00000 ring=0.00487 smooth=0.0323 beam=0.25072 homogeneity=0.0506
2026-05-20 15:49:42 [INFO] Step 50/54 Loss=4.2148 mse=0.3238 v_opt=0.00585 v_mand=0.00000 ptv=0.0179 ptv_max=0.00119 ring=0.01759 smooth=0.0333 beam=0.06635 homogeneity=0.0064
2026-05-20 15:49:44 [INFO] Step 54/54 Loss=5.7027 mse=0.3938 v_opt=0.03624 v_mand=0.00270 ptv=0.0222 ptv_max=0.00093 ring=0.02391 smooth=0.0319 beam=0.16208 homogeneity=0.0058
2026-05-20 15:49:44 [INFO] Running validation at epoch 79...
2026-05-20 15:50:08 [INFO] Epoch 79 Summary: Train=6.4373 Val=9.4353 PTV_D95=59.52Gy Bladder=26.88Gy Rectum=23.82Gy
2026-05-20 15:50:08 [INFO] Epoch 80/100 started, lr=1.14e-05
2026-05-20 15:50:13 [INFO] Step 5/54 Loss=4.4948 mse=0.3153 v_opt=0.03724 v_mand=0.00522 ptv=0.0229 ptv_max=0.00059 ring=0.02397 smooth=0.0309 beam=0.05934 homogeneity=0.0044
2026-05-20 15:50:16 [INFO] Step 10/54 Loss=5.0987 mse=0.3687 v_opt=0.00769 v_mand=0.00000 ptv=0.0270 ptv_max=0.00049 ring=0.01810 smooth=0.0311 beam=0.14809 homogeneity=0.0043
2026-05-20 15:50:19 [INFO] Step 15/54 Loss=9.2522 mse=0.4942 v_opt=0.08801 v_mand=0.02604 ptv=0.0771 ptv_max=0.00171 ring=0.01714 smooth=0.0486 beam=0.30615 homogeneity=0.0091
2026-05-20 15:50:21 [INFO] Step 20/54 Loss=4.8328 mse=0.3841 v_opt=0.02441 v_mand=0.00207 ptv=0.0284 ptv_max=0.00068 ring=0.01478 smooth=0.0383 beam=0.04059 homogeneity=0.0047
2026-05-20 15:50:25 [INFO] Step 25/54 Loss=5.0744 mse=0.3833 v_opt=0.00425 v_mand=0.00000 ptv=0.0294 ptv_max=0.00046 ring=0.01295 smooth=0.0314 beam=0.12698 homogeneity=0.0042
2026-05-20 15:50:28 [INFO] Step 30/54 Loss=6.6954 mse=0.4479 v_opt=0.02296 v_mand=0.00230 ptv=0.0266 ptv_max=0.00051 ring=0.02122 smooth=0.0355 beam=0.27166 homogeneity=0.0042
2026-05-20 15:50:31 [INFO] Step 35/54 Loss=6.6711 mse=0.4566 v_opt=0.00067 v_mand=0.00000 ptv=0.0282 ptv_max=0.00042 ring=0.01488 smooth=0.0513 beam=0.29920 homogeneity=0.0039
2026-05-20 15:50:33 [INFO] Step 40/54 Loss=8.9630 mse=0.5368 v_opt=0.02171 v_mand=0.00097 ptv=0.0567 ptv_max=0.00131 ring=0.02629 smooth=0.0546 beam=0.47062 homogeneity=0.0059
2026-05-20 15:50:37 [INFO] Step 45/54 Loss=4.9352 mse=0.3543 v_opt=0.01523 v_mand=0.00000 ptv=0.0251 ptv_max=0.00038 ring=0.01840 smooth=0.0332 beam=0.14658 homogeneity=0.0040
2026-05-20 15:50:39 [INFO] Step 50/54 Loss=4.3511 mse=0.3271 v_opt=0.01483 v_mand=0.00026 ptv=0.0254 ptv_max=0.00035 ring=0.01924 smooth=0.0340 beam=0.08059 homogeneity=0.0035
2026-05-20 15:50:41 [INFO] Step 54/54 Loss=7.3735 mse=0.4871 v_opt=0.00878 v_mand=0.00000 ptv=0.0283 ptv_max=0.00063 ring=0.01869 smooth=0.0531 beam=0.35811 homogeneity=0.0047
2026-05-20 15:50:41 [INFO] Running validation at epoch 80...
2026-05-20 15:51:06 [INFO] Epoch 80 Summary: Train=6.1726 Val=9.2823 PTV_D95=59.02Gy Bladder=26.19Gy Rectum=23.91Gy
2026-05-20 15:51:06 [INFO] Epoch 81/100 started, lr=1.05e-05
2026-05-20 15:51:11 [INFO] Step 5/54 Loss=5.9982 mse=0.4163 v_opt=0.01925 v_mand=0.00087 ptv=0.0276 ptv_max=0.00035 ring=0.01905 smooth=0.0336 beam=0.21954 homogeneity=0.0036
2026-05-20 15:51:13 [INFO] Step 10/54 Loss=9.2292 mse=0.6032 v_opt=0.01539 v_mand=0.00035 ptv=0.0188 ptv_max=0.00093 ring=0.01802 smooth=0.0301 beam=0.50557 homogeneity=0.0057
2026-05-20 15:51:16 [INFO] Step 15/54 Loss=6.2713 mse=0.3993 v_opt=0.09436 v_mand=0.01701 ptv=0.0249 ptv_max=0.00064 ring=0.02007 smooth=0.0421 beam=0.11124 homogeneity=0.0048
2026-05-20 15:51:19 [INFO] Step 20/54 Loss=7.9495 mse=0.5044 v_opt=0.02775 v_mand=0.00343 ptv=0.0260 ptv_max=0.00045 ring=0.02159 smooth=0.0534 beam=0.39726 homogeneity=0.0040
2026-05-20 15:51:24 [INFO] Step 25/54 Loss=7.1021 mse=0.4542 v_opt=0.03297 v_mand=0.00105 ptv=0.0288 ptv_max=0.00039 ring=0.02055 smooth=0.0446 beam=0.34811 homogeneity=0.0040
2026-05-20 15:51:26 [INFO] Step 30/54 Loss=5.1696 mse=0.3751 v_opt=0.00231 v_mand=0.00001 ptv=0.0283 ptv_max=0.00045 ring=0.01612 smooth=0.0322 beam=0.15644 homogeneity=0.0040
2026-05-20 15:51:29 [INFO] Step 35/54 Loss=4.3933 mse=0.3327 v_opt=0.00943 v_mand=0.00000 ptv=0.0265 ptv_max=0.00044 ring=0.01468 smooth=0.0319 beam=0.09081 homogeneity=0.0042
2026-05-20 15:51:31 [INFO] Step 40/54 Loss=8.3145 mse=0.5803 v_opt=0.01954 v_mand=0.00096 ptv=0.0177 ptv_max=0.00088 ring=0.01760 smooth=0.0517 beam=0.36489 homogeneity=0.0055
2026-05-20 15:51:36 [INFO] Step 45/54 Loss=3.9472 mse=0.3132 v_opt=0.01846 v_mand=0.00025 ptv=0.0176 ptv_max=0.00110 ring=0.01730 smooth=0.0327 beam=0.02981 homogeneity=0.0061
2026-05-20 15:51:38 [INFO] Step 50/54 Loss=6.1005 mse=0.4518 v_opt=0.01953 v_mand=0.00018 ptv=0.0197 ptv_max=0.00097 ring=0.01882 smooth=0.0382 beam=0.17795 homogeneity=0.0057
2026-05-20 15:51:40 [INFO] Step 54/54 Loss=5.8901 mse=0.4154 v_opt=0.02248 v_mand=0.00026 ptv=0.0260 ptv_max=0.00053 ring=0.02154 smooth=0.0334 beam=0.19516 homogeneity=0.0045
2026-05-20 15:51:40 [INFO] Running validation at epoch 81...
2026-05-20 15:52:05 [INFO] Epoch 81 Summary: Train=7.1233 Val=9.1388 PTV_D95=59.46Gy Bladder=24.67Gy Rectum=23.95Gy
2026-05-20 15:52:05 [INFO] [PHYSICS] Saved best model val_loss=9.1388
2026-05-20 15:52:05 [INFO] Epoch 82/100 started, lr=9.56e-06
2026-05-20 15:52:10 [INFO] Step 5/54 Loss=12.4788 mse=0.5057 v_opt=0.21575 v_mand=0.08900 ptv=0.0316 ptv_max=0.00070 ring=0.01568 smooth=0.0635 beam=0.36977 homogeneity=0.0049
2026-05-20 15:52:13 [INFO] Step 10/54 Loss=7.1347 mse=0.4555 v_opt=0.02511 v_mand=0.00201 ptv=0.0217 ptv_max=0.00068 ring=0.01757 smooth=0.0498 beam=0.36240 homogeneity=0.0048
2026-05-20 15:52:15 [INFO] Step 15/54 Loss=6.7733 mse=0.4444 v_opt=0.01813 v_mand=0.00000 ptv=0.0301 ptv_max=0.00044 ring=0.02343 smooth=0.0369 beam=0.30693 homogeneity=0.0040
2026-05-20 15:52:18 [INFO] Step 20/54 Loss=7.3784 mse=0.4828 v_opt=0.00614 v_mand=0.00000 ptv=0.0260 ptv_max=0.00055 ring=0.01581 smooth=0.0571 beam=0.38419 homogeneity=0.0044
2026-05-20 15:52:22 [INFO] Step 25/54 Loss=6.1238 mse=0.4340 v_opt=0.03570 v_mand=0.00459 ptv=0.0265 ptv_max=0.00048 ring=0.02121 smooth=0.0353 beam=0.15713 homogeneity=0.0043
2026-05-20 15:52:25 [INFO] Step 30/54 Loss=5.6158 mse=0.3845 v_opt=0.00000 v_mand=0.00000 ptv=0.0277 ptv_max=0.00095 ring=0.02101 smooth=0.0341 beam=0.20377 homogeneity=0.0054
2026-05-20 15:52:28 [INFO] Step 35/54 Loss=7.2550 mse=0.5116 v_opt=0.00000 v_mand=0.00000 ptv=0.0000 ptv_max=0.00000 ring=0.00000 smooth=0.0324 beam=0.42724 homogeneity=0.0000
2026-05-20 15:52:30 [INFO] Step 40/54 Loss=8.8077 mse=0.7290 v_opt=0.00550 v_mand=0.00000 ptv=0.0213 ptv_max=0.00081 ring=0.01638 smooth=0.0383 beam=0.17969 homogeneity=0.0053
2026-05-20 15:52:33 [INFO] Step 45/54 Loss=7.3599 mse=0.4256 v_opt=0.11467 v_mand=0.03216 ptv=0.0140 ptv_max=0.00137 ring=0.02507 smooth=0.0314 beam=0.10798 homogeneity=0.0069
2026-05-20 15:52:37 [INFO] Step 50/54 Loss=5.6055 mse=0.3904 v_opt=0.00655 v_mand=0.00000 ptv=0.0241 ptv_max=0.00044 ring=0.01674 smooth=0.0395 beam=0.21768 homogeneity=0.0041
2026-05-20 15:52:39 [INFO] Step 54/54 Loss=6.6693 mse=0.4407 v_opt=0.00589 v_mand=0.00000 ptv=0.0252 ptv_max=0.00042 ring=0.01581 smooth=0.0366 beam=0.33121 homogeneity=0.0040
2026-05-20 15:52:39 [INFO] Running validation at epoch 82...
2026-05-20 15:53:04 [INFO] Epoch 82 Summary: Train=6.3506 Val=9.1894 PTV_D95=58.91Gy Bladder=24.58Gy Rectum=24.96Gy
2026-05-20 15:53:04 [INFO] Epoch 83/100 started, lr=8.71e-06
2026-05-20 15:53:09 [INFO] Step 5/54 Loss=9.5123 mse=0.6208 v_opt=0.01259 v_mand=0.00010 ptv=0.0155 ptv_max=0.00124 ring=0.02200 smooth=0.0358 beam=0.51868 homogeneity=0.0065
2026-05-20 15:53:11 [INFO] Step 10/54 Loss=8.3563 mse=0.7019 v_opt=0.00181 v_mand=0.00000 ptv=0.0248 ptv_max=0.00065 ring=0.01554 smooth=0.0354 beam=0.14457 homogeneity=0.0047
2026-05-20 15:53:14 [INFO] Step 15/54 Loss=26.3716 mse=0.5020 v_opt=0.53843 v_mand=0.37549 ptv=0.0000 ptv_max=0.00000 ring=0.00000 smooth=0.0295 beam=0.29940 homogeneity=0.0000
2026-05-20 15:53:16 [INFO] Step 20/54 Loss=6.9172 mse=0.4721 v_opt=0.00113 v_mand=0.00000 ptv=0.0272 ptv_max=0.00051 ring=0.01394 smooth=0.0432 beam=0.31874 homogeneity=0.0045
2026-05-20 15:53:21 [INFO] Step 25/54 Loss=6.5178 mse=0.4354 v_opt=0.00884 v_mand=0.00000 ptv=0.0267 ptv_max=0.00037 ring=0.01714 smooth=0.0408 beam=0.30533 homogeneity=0.0036
2026-05-20 15:53:24 [INFO] Step 30/54 Loss=5.6928 mse=0.3464 v_opt=0.09168 v_mand=0.02046 ptv=0.0220 ptv_max=0.00083 ring=0.02564 smooth=0.0392 beam=0.05291 homogeneity=0.0054
2026-05-20 15:53:26 [INFO] Step 35/54 Loss=6.1029 mse=0.3686 v_opt=0.07946 v_mand=0.01653 ptv=0.0215 ptv_max=0.00080 ring=0.01770 smooth=0.0354 beam=0.15969 homogeneity=0.0055
2026-05-20 15:53:29 [INFO] Step 40/54 Loss=14.5310 mse=0.4658 v_opt=0.20482 v_mand=0.11421 ptv=0.1628 ptv_max=0.00296 ring=0.01803 smooth=0.0367 beam=0.25737 homogeneity=0.0208
2026-05-20 15:53:34 [INFO] Step 45/54 Loss=5.0169 mse=0.3470 v_opt=0.02880 v_mand=0.00305 ptv=0.0225 ptv_max=0.00060 ring=0.01812 smooth=0.0354 beam=0.14232 homogeneity=0.0047
2026-05-20 15:53:36 [INFO] Step 50/54 Loss=4.6126 mse=0.3475 v_opt=0.01468 v_mand=0.00029 ptv=0.0413 ptv_max=0.00079 ring=0.01764 smooth=0.0307 beam=0.05201 homogeneity=0.0057
2026-05-20 15:53:38 [INFO] Step 54/54 Loss=5.4272 mse=0.4059 v_opt=0.00562 v_mand=0.00000 ptv=0.0245 ptv_max=0.00061 ring=0.01466 smooth=0.0317 beam=0.15284 homogeneity=0.0047
2026-05-20 15:53:38 [INFO] Running validation at epoch 83...
2026-05-20 15:54:02 [INFO] Epoch 83 Summary: Train=6.6062 Val=9.1476 PTV_D95=58.83Gy Bladder=24.58Gy Rectum=24.28Gy
2026-05-20 15:54:02 [INFO] Epoch 84/100 started, lr=7.89e-06
2026-05-20 15:54:07 [INFO] Step 5/54 Loss=6.1899 mse=0.3935 v_opt=0.06283 v_mand=0.01282 ptv=0.0235 ptv_max=0.00048 ring=0.02037 smooth=0.0362 beam=0.16784 homogeneity=0.0041
2026-05-20 15:54:10 [INFO] Step 10/54 Loss=5.0848 mse=0.3743 v_opt=0.00536 v_mand=0.00000 ptv=0.0275 ptv_max=0.00039 ring=0.02050 smooth=0.0317 beam=0.12969 homogeneity=0.0039
2026-05-20 15:54:13 [INFO] Step 15/54 Loss=4.0225 mse=0.3178 v_opt=0.00000 v_mand=0.00000 ptv=0.0264 ptv_max=0.00042 ring=0.01728 smooth=0.0305 beam=0.04273 homogeneity=0.0042
2026-05-20 15:54:16 [INFO] Step 20/54 Loss=8.1019 mse=0.5613 v_opt=0.00000 v_mand=0.00000 ptv=0.0000 ptv_max=0.00000 ring=0.00000 smooth=0.0516 beam=0.49684 homogeneity=0.0000
2026-05-20 15:54:20 [INFO] Step 25/54 Loss=6.9895 mse=0.4404 v_opt=0.04292 v_mand=0.00253 ptv=0.0196 ptv_max=0.00126 ring=0.02052 smooth=0.0427 beam=0.33574 homogeneity=0.0062
2026-05-20 15:54:22 [INFO] Step 30/54 Loss=3.9592 mse=0.3145 v_opt=0.00889 v_mand=0.00000 ptv=0.0219 ptv_max=0.00072 ring=0.02029 smooth=0.0283 beam=0.02685 homogeneity=0.0050
2026-05-20 15:54:26 [INFO] Step 35/54 Loss=5.6487 mse=0.3680 v_opt=0.04423 v_mand=0.00854 ptv=0.0245 ptv_max=0.00067 ring=0.02346 smooth=0.0343 beam=0.14490 homogeneity=0.0047
2026-05-20 15:54:28 [INFO] Step 40/54 Loss=9.4684 mse=0.5944 v_opt=0.02321 v_mand=0.00146 ptv=0.0269 ptv_max=0.00105 ring=0.01949 smooth=0.0370 beam=0.53116 homogeneity=0.0066
2026-05-20 15:54:32 [INFO] Step 45/54 Loss=5.0873 mse=0.3383 v_opt=0.04187 v_mand=0.00732 ptv=0.0247 ptv_max=0.00044 ring=0.01871 smooth=0.0370 beam=0.12424 homogeneity=0.0040
2026-05-20 15:54:35 [INFO] Step 50/54 Loss=6.4259 mse=0.4166 v_opt=0.01160 v_mand=0.00002 ptv=0.0409 ptv_max=0.00027 ring=0.02036 smooth=0.0333 beam=0.28645 homogeneity=0.0036
2026-05-20 15:54:37 [INFO] Step 54/54 Loss=4.7280 mse=0.3565 v_opt=0.00906 v_mand=0.00000 ptv=0.0343 ptv_max=0.00039 ring=0.01562 smooth=0.0375 beam=0.09249 homogeneity=0.0041
2026-05-20 15:54:37 [INFO] Running validation at epoch 84...
2026-05-20 15:55:01 [INFO] Epoch 84 Summary: Train=6.1767 Val=9.1343 PTV_D95=58.68Gy Bladder=24.58Gy Rectum=24.07Gy
2026-05-20 15:55:01 [INFO] [PHYSICS] Saved best model val_loss=9.1343
2026-05-20 15:55:01 [INFO] Epoch 85/100 started, lr=7.12e-06
2026-05-20 15:55:06 [INFO] Step 5/54 Loss=4.3889 mse=0.3221 v_opt=0.01391 v_mand=0.00000 ptv=0.0280 ptv_max=0.00055 ring=0.02272 smooth=0.0316 beam=0.08000 homogeneity=0.0044
2026-05-20 15:55:09 [INFO] Step 10/54 Loss=4.7894 mse=0.3437 v_opt=0.00949 v_mand=0.00000 ptv=0.0201 ptv_max=0.00079 ring=0.01836 smooth=0.0319 beam=0.14173 homogeneity=0.0053
2026-05-20 15:55:12 [INFO] Step 15/54 Loss=5.7444 mse=0.3809 v_opt=0.04176 v_mand=0.00335 ptv=0.0140 ptv_max=0.00205 ring=0.02423 smooth=0.0394 beam=0.18250 homogeneity=0.0081
2026-05-20 15:55:14 [INFO] Step 20/54 Loss=5.2161 mse=0.3878 v_opt=0.02705 v_mand=0.00048 ptv=0.0238 ptv_max=0.00095 ring=0.02419 smooth=0.0383 beam=0.09936 homogeneity=0.0055
2026-05-20 15:55:19 [INFO] Step 25/54 Loss=7.4526 mse=0.4877 v_opt=0.01084 v_mand=0.00001 ptv=0.0267 ptv_max=0.00083 ring=0.01904 smooth=0.0334 beam=0.37081 homogeneity=0.0051
2026-05-20 15:55:22 [INFO] Step 30/54 Loss=5.3118 mse=0.3801 v_opt=0.00001 v_mand=0.00000 ptv=0.0272 ptv_max=0.00058 ring=0.01484 smooth=0.0354 beam=0.17815 homogeneity=0.0047
2026-05-20 15:55:24 [INFO] Step 35/54 Loss=7.7264 mse=0.5379 v_opt=0.01102 v_mand=0.00002 ptv=0.0186 ptv_max=0.00124 ring=0.01293 smooth=0.0371 beam=0.34985 homogeneity=0.0065
2026-05-20 15:55:27 [INFO] Step 40/54 Loss=3.5786 mse=0.2869 v_opt=0.00038 v_mand=0.00000 ptv=0.0302 ptv_max=0.00046 ring=0.01521 smooth=0.0326 beam=0.01337 homogeneity=0.0043
2026-05-20 15:55:31 [INFO] Step 45/54 Loss=6.1561 mse=0.4270 v_opt=0.00292 v_mand=0.00000 ptv=0.0266 ptv_max=0.00043 ring=0.01460 smooth=0.0411 beam=0.25692 homogeneity=0.0043
2026-05-20 15:55:34 [INFO] Step 50/54 Loss=8.8201 mse=0.7174 v_opt=0.00499 v_mand=0.00000 ptv=0.0225 ptv_max=0.00072 ring=0.01746 smooth=0.0432 beam=0.20210 homogeneity=0.0049
2026-05-20 15:55:36 [INFO] Step 54/54 Loss=4.5632 mse=0.3549 v_opt=0.00580 v_mand=0.00000 ptv=0.0273 ptv_max=0.00047 ring=0.01519 smooth=0.0318 beam=0.07821 homogeneity=0.0042
2026-05-20 15:55:36 [INFO] Running validation at epoch 85...
2026-05-20 15:56:00 [INFO] Epoch 85 Summary: Train=7.0446 Val=9.1139 PTV_D95=58.78Gy Bladder=25.06Gy Rectum=24.00Gy
2026-05-20 15:56:00 [INFO] [PHYSICS] Saved best model val_loss=9.1139
2026-05-20 15:56:00 [INFO] Epoch 86/100 started, lr=6.40e-06
2026-05-20 15:56:05 [INFO] Step 5/54 Loss=5.6159 mse=0.4249 v_opt=0.00124 v_mand=0.00000 ptv=0.0272 ptv_max=0.00040 ring=0.01684 smooth=0.0339 beam=0.14651 homogeneity=0.0042
2026-05-20 15:56:08 [INFO] Step 10/54 Loss=4.9484 mse=0.3889 v_opt=0.01770 v_mand=0.00027 ptv=0.0207 ptv_max=0.00133 ring=0.02304 smooth=0.0407 beam=0.05193 homogeneity=0.0064
2026-05-20 15:56:11 [INFO] Step 15/54 Loss=6.9638 mse=0.4559 v_opt=0.00234 v_mand=0.00000 ptv=0.0293 ptv_max=0.00035 ring=0.01740 smooth=0.0490 beam=0.35005 homogeneity=0.0037
2026-05-20 15:56:13 [INFO] Step 20/54 Loss=6.8176 mse=0.4394 v_opt=0.00828 v_mand=0.00000 ptv=0.0219 ptv_max=0.00097 ring=0.02279 smooth=0.0448 beam=0.33710 homogeneity=0.0054
2026-05-20 15:56:18 [INFO] Step 25/54 Loss=6.4636 mse=0.4119 v_opt=0.05690 v_mand=0.00674 ptv=0.0225 ptv_max=0.00053 ring=0.01873 smooth=0.0291 beam=0.25344 homogeneity=0.0045
2026-05-20 15:56:21 [INFO] Step 30/54 Loss=5.4252 mse=0.4277 v_opt=0.02225 v_mand=0.00117 ptv=0.0327 ptv_max=0.00051 ring=0.01887 smooth=0.0454 beam=0.06510 homogeneity=0.0040
2026-05-20 15:56:23 [INFO] Step 35/54 Loss=4.9660 mse=0.3767 v_opt=0.04372 v_mand=0.00117 ptv=0.0299 ptv_max=0.00074 ring=0.01642 smooth=0.0375 beam=0.07225 homogeneity=0.0052
2026-05-20 15:56:26 [INFO] Step 40/54 Loss=5.0909 mse=0.3644 v_opt=0.01560 v_mand=0.00019 ptv=0.0196 ptv_max=0.00077 ring=0.01895 smooth=0.0323 beam=0.15608 homogeneity=0.0052
2026-05-20 15:56:30 [INFO] Step 45/54 Loss=5.2106 mse=0.3736 v_opt=0.01771 v_mand=0.00000 ptv=0.0271 ptv_max=0.00032 ring=0.01780 smooth=0.0321 beam=0.16140 homogeneity=0.0037
2026-05-20 15:56:33 [INFO] Step 50/54 Loss=8.6487 mse=0.5672 v_opt=0.01181 v_mand=0.00007 ptv=0.0192 ptv_max=0.00092 ring=0.01554 smooth=0.0540 beam=0.47314 homogeneity=0.0053
2026-05-20 15:56:35 [INFO] Step 54/54 Loss=6.0875 mse=0.3222 v_opt=0.09814 v_mand=0.03135 ptv=0.0235 ptv_max=0.00059 ring=0.02037 smooth=0.0359 beam=0.08839 homogeneity=0.0043
2026-05-20 15:56:35 [INFO] Running validation at epoch 86...
2026-05-20 15:56:59 [INFO] Epoch 86 Summary: Train=6.4610 Val=9.1847 PTV_D95=59.02Gy Bladder=25.77Gy Rectum=24.49Gy
2026-05-20 15:56:59 [INFO] Epoch 87/100 started, lr=5.71e-06
2026-05-20 15:57:04 [INFO] Step 5/54 Loss=8.5417 mse=0.5552 v_opt=0.01682 v_mand=0.00060 ptv=0.0174 ptv_max=0.00099 ring=0.01561 smooth=0.0369 beam=0.46962 homogeneity=0.0058
2026-05-20 15:57:07 [INFO] Step 10/54 Loss=4.6674 mse=0.3512 v_opt=0.00438 v_mand=0.00000 ptv=0.0262 ptv_max=0.00049 ring=0.01758 smooth=0.0297 beam=0.10145 homogeneity=0.0043
2026-05-20 15:57:10 [INFO] Step 15/54 Loss=4.2973 mse=0.3287 v_opt=0.00195 v_mand=0.00000 ptv=0.0365 ptv_max=0.00033 ring=0.01640 smooth=0.0371 beam=0.06054 homogeneity=0.0036
2026-05-20 15:57:12 [INFO] Step 20/54 Loss=5.3239 mse=0.3814 v_opt=0.02305 v_mand=0.00010 ptv=0.0376 ptv_max=0.00107 ring=0.01674 smooth=0.0347 beam=0.13174 homogeneity=0.0058
2026-05-20 15:57:17 [INFO] Step 25/54 Loss=4.6850 mse=0.3555 v_opt=0.00362 v_mand=0.00000 ptv=0.0348 ptv_max=0.00035 ring=0.01951 smooth=0.0329 beam=0.07671 homogeneity=0.0039
2026-05-20 15:57:19 [INFO] Step 30/54 Loss=5.2914 mse=0.3747 v_opt=0.00181 v_mand=0.00000 ptv=0.0232 ptv_max=0.00069 ring=0.01799 smooth=0.0327 beam=0.18093 homogeneity=0.0048
2026-05-20 15:57:22 [INFO] Step 35/54 Loss=4.9541 mse=0.3674 v_opt=0.00356 v_mand=0.00000 ptv=0.0577 ptv_max=0.00084 ring=0.02483 smooth=0.0256 beam=0.03655 homogeneity=0.0048
2026-05-20 15:57:24 [INFO] Step 40/54 Loss=10.6114 mse=0.6476 v_opt=0.05402 v_mand=0.01158 ptv=0.0164 ptv_max=0.00169 ring=0.02660 smooth=0.0326 beam=0.52913 homogeneity=0.0076
2026-05-20 15:57:28 [INFO] Step 45/54 Loss=4.1530 mse=0.3344 v_opt=0.00122 v_mand=0.00000 ptv=0.0328 ptv_max=0.00054 ring=0.01622 smooth=0.0316 beam=0.02236 homogeneity=0.0047
2026-05-20 15:57:32 [INFO] Step 50/54 Loss=5.6031 mse=0.3745 v_opt=0.00109 v_mand=0.00000 ptv=0.0234 ptv_max=0.00086 ring=0.02123 smooth=0.0303 beam=0.22966 homogeneity=0.0055
2026-05-20 15:57:34 [INFO] Step 54/54 Loss=6.1004 mse=0.4215 v_opt=0.03072 v_mand=0.00443 ptv=0.0230 ptv_max=0.00086 ring=0.02210 smooth=0.0358 beam=0.17798 homogeneity=0.0052
2026-05-20 15:57:34 [INFO] Running validation at epoch 87...
2026-05-20 15:57:58 [INFO] Epoch 87 Summary: Train=6.2206 Val=9.1192 PTV_D95=59.56Gy Bladder=25.90Gy Rectum=23.84Gy
2026-05-20 15:57:58 [INFO] Epoch 88/100 started, lr=5.07e-06
2026-05-20 15:58:04 [INFO] Step 5/54 Loss=5.3441 mse=0.3867 v_opt=0.01058 v_mand=0.00001 ptv=0.0264 ptv_max=0.00044 ring=0.01454 smooth=0.0351 beam=0.17271 homogeneity=0.0042
2026-05-20 15:58:06 [INFO] Step 10/54 Loss=6.0364 mse=0.4271 v_opt=0.00723 v_mand=0.00000 ptv=0.0329 ptv_max=0.00055 ring=0.01585 smooth=0.0296 beam=0.21429 homogeneity=0.0041
2026-05-20 15:58:09 [INFO] Step 15/54 Loss=6.1232 mse=0.4030 v_opt=0.05060 v_mand=0.00490 ptv=0.0274 ptv_max=0.00047 ring=0.01947 smooth=0.0334 beam=0.21299 homogeneity=0.0044
2026-05-20 15:58:12 [INFO] Step 20/54 Loss=4.1117 mse=0.3110 v_opt=0.00032 v_mand=0.00000 ptv=0.0293 ptv_max=0.00044 ring=0.01479 smooth=0.0354 beam=0.07614 homogeneity=0.0040
2026-05-20 15:58:16 [INFO] Step 25/54 Loss=4.8595 mse=0.3578 v_opt=0.00000 v_mand=0.00000 ptv=0.0285 ptv_max=0.00052 ring=0.01860 smooth=0.0306 beam=0.12070 homogeneity=0.0043
2026-05-20 15:58:19 [INFO] Step 30/54 Loss=5.2118 mse=0.3805 v_opt=0.02051 v_mand=0.00053 ptv=0.0239 ptv_max=0.00047 ring=0.01970 smooth=0.0328 beam=0.13839 homogeneity=0.0043
2026-05-20 15:58:21 [INFO] Step 35/54 Loss=7.3341 mse=0.5099 v_opt=0.00358 v_mand=0.00000 ptv=0.0296 ptv_max=0.00148 ring=0.02044 smooth=0.0433 beam=0.28577 homogeneity=0.0059
2026-05-20 15:58:24 [INFO] Step 40/54 Loss=5.2084 mse=0.3689 v_opt=0.00863 v_mand=0.00000 ptv=0.0287 ptv_max=0.00058 ring=0.02174 smooth=0.0338 beam=0.15330 homogeneity=0.0045
2026-05-20 15:58:28 [INFO] Step 45/54 Loss=8.7170 mse=0.5873 v_opt=0.00000 v_mand=0.00000 ptv=0.0000 ptv_max=0.00000 ring=0.00000 smooth=0.0468 beam=0.56787 homogeneity=0.0000
2026-05-20 15:58:31 [INFO] Step 50/54 Loss=4.8077 mse=0.3747 v_opt=0.00045 v_mand=0.00000 ptv=0.0248 ptv_max=0.00080 ring=0.01765 smooth=0.0382 beam=0.07998 homogeneity=0.0052
2026-05-20 15:58:33 [INFO] Step 54/54 Loss=4.0341 mse=0.3175 v_opt=0.00725 v_mand=0.00002 ptv=0.0271 ptv_max=0.00115 ring=0.02316 smooth=0.0324 beam=0.01100 homogeneity=0.0055
2026-05-20 15:58:33 [INFO] Running validation at epoch 88...
2026-05-20 15:58:57 [INFO] Epoch 88 Summary: Train=6.0404 Val=9.1141 PTV_D95=59.29Gy Bladder=25.34Gy Rectum=25.43Gy
2026-05-20 15:58:57 [INFO] Epoch 89/100 started, lr=4.48e-06
2026-05-20 15:59:03 [INFO] Step 5/54 Loss=4.3816 mse=0.3583 v_opt=0.01844 v_mand=0.00090 ptv=0.0208 ptv_max=0.00110 ring=0.02247 smooth=0.0366 beam=0.00067 homogeneity=0.0055
2026-05-20 15:59:05 [INFO] Step 10/54 Loss=6.1525 mse=0.4288 v_opt=0.00965 v_mand=0.00000 ptv=0.0244 ptv_max=0.00041 ring=0.01862 smooth=0.0327 beam=0.24386 homogeneity=0.0039
2026-05-20 15:59:08 [INFO] Step 15/54 Loss=5.5591 mse=0.3958 v_opt=0.03116 v_mand=0.00034 ptv=0.0335 ptv_max=0.00047 ring=0.02060 smooth=0.0337 beam=0.15208 homogeneity=0.0046
2026-05-20 15:59:10 [INFO] Step 20/54 Loss=50.2087 mse=0.4238 v_opt=1.13377 v_mand=0.84105 ptv=0.0352 ptv_max=0.00040 ring=0.01824 smooth=0.0348 beam=0.18341 homogeneity=0.0042
2026-05-20 15:59:15 [INFO] Step 25/54 Loss=6.4305 mse=0.4219 v_opt=0.00000 v_mand=0.00000 ptv=0.0306 ptv_max=0.00034 ring=0.01435 smooth=0.0402 beam=0.31920 homogeneity=0.0037
2026-05-20 15:59:18 [INFO] Step 30/54 Loss=5.2569 mse=0.3901 v_opt=0.02174 v_mand=0.00168 ptv=0.0244 ptv_max=0.00070 ring=0.01900 smooth=0.0338 beam=0.11295 homogeneity=0.0048
2026-05-20 15:59:21 [INFO] Step 35/54 Loss=9.0248 mse=0.5977 v_opt=0.01995 v_mand=0.00076 ptv=0.0182 ptv_max=0.00135 ring=0.02100 smooth=0.0329 beam=0.45359 homogeneity=0.0068
2026-05-20 15:59:23 [INFO] Step 40/54 Loss=4.2938 mse=0.3320 v_opt=0.00821 v_mand=0.00000 ptv=0.0269 ptv_max=0.00043 ring=0.01783 smooth=0.0308 beam=0.06321 homogeneity=0.0040
2026-05-20 15:59:28 [INFO] Step 45/54 Loss=7.0892 mse=0.4682 v_opt=0.02573 v_mand=0.00071 ptv=0.0313 ptv_max=0.00058 ring=0.01630 smooth=0.0382 beam=0.32762 homogeneity=0.0046
2026-05-20 15:59:30 [INFO] Step 50/54 Loss=4.7025 mse=0.3507 v_opt=0.03219 v_mand=0.00190 ptv=0.0324 ptv_max=0.00087 ring=0.02046 smooth=0.0409 beam=0.04968 homogeneity=0.0055
2026-05-20 15:59:32 [INFO] Step 54/54 Loss=6.6963 mse=0.4909 v_opt=0.00000 v_mand=0.00000 ptv=0.0000 ptv_max=0.00000 ring=0.00000 smooth=0.0389 beam=0.35677 homogeneity=0.0000
2026-05-20 15:59:33 [INFO] Running validation at epoch 89...
2026-05-20 15:59:56 [INFO] Epoch 89 Summary: Train=6.7070 Val=9.1413 PTV_D95=58.83Gy Bladder=24.66Gy Rectum=24.92Gy
2026-05-20 15:59:56 [INFO] Epoch 90/100 started, lr=3.93e-06
2026-05-20 16:00:02 [INFO] Step 5/54 Loss=4.6052 mse=0.3378 v_opt=0.01036 v_mand=0.00000 ptv=0.0271 ptv_max=0.00043 ring=0.02063 smooth=0.0345 beam=0.10377 homogeneity=0.0041
2026-05-20 16:00:05 [INFO] Step 10/54 Loss=5.1940 mse=0.3757 v_opt=0.01310 v_mand=0.00009 ptv=0.0283 ptv_max=0.00033 ring=0.01807 smooth=0.0312 beam=0.15148 homogeneity=0.0038
2026-05-20 16:00:07 [INFO] Step 15/54 Loss=3.5231 mse=0.2800 v_opt=0.00277 v_mand=0.00000 ptv=0.0271 ptv_max=0.00041 ring=0.02035 smooth=0.0295 beam=0.00768 homogeneity=0.0040
2026-05-20 16:00:10 [INFO] Step 20/54 Loss=4.3395 mse=0.3333 v_opt=0.00612 v_mand=0.00000 ptv=0.0263 ptv_max=0.00036 ring=0.01890 smooth=0.0305 beam=0.07077 homogeneity=0.0037
2026-05-20 16:00:14 [INFO] Step 25/54 Loss=6.9445 mse=0.4140 v_opt=0.09520 v_mand=0.02072 ptv=0.0167 ptv_max=0.00103 ring=0.02196 smooth=0.0432 beam=0.18139 homogeneity=0.0059
2026-05-20 16:00:17 [INFO] Step 30/54 Loss=9.0534 mse=0.5995 v_opt=0.03185 v_mand=0.00091 ptv=0.0165 ptv_max=0.00149 ring=0.02272 smooth=0.0343 beam=0.44450 homogeneity=0.0072
2026-05-20 16:00:20 [INFO] Step 35/54 Loss=3.7161 mse=0.2941 v_opt=0.02408 v_mand=0.00190 ptv=0.0204 ptv_max=0.00085 ring=0.01825 smooth=0.0322 beam=0.00161 homogeneity=0.0050
2026-05-20 16:00:23 [INFO] Step 40/54 Loss=5.8216 mse=0.3974 v_opt=0.00368 v_mand=0.00000 ptv=0.0291 ptv_max=0.00036 ring=0.01911 smooth=0.0312 beam=0.23347 homogeneity=0.0037
2026-05-20 16:00:27 [INFO] Step 45/54 Loss=4.9847 mse=0.3618 v_opt=0.00463 v_mand=0.00000 ptv=0.0290 ptv_max=0.00031 ring=0.01821 smooth=0.0332 beam=0.14115 homogeneity=0.0035
2026-05-20 16:00:30 [INFO] Step 50/54 Loss=4.8036 mse=0.3623 v_opt=0.01466 v_mand=0.00031 ptv=0.0270 ptv_max=0.00044 ring=0.01455 smooth=0.0304 beam=0.10803 homogeneity=0.0041
2026-05-20 16:00:32 [INFO] Step 54/54 Loss=6.9904 mse=0.4948 v_opt=0.01449 v_mand=0.00014 ptv=0.0000 ptv_max=0.00000 ring=0.00000 smooth=0.0350 beam=0.40071 homogeneity=0.0000
2026-05-20 16:00:32 [INFO] Running validation at epoch 90...
2026-05-20 16:00:56 [INFO] Epoch 90 Summary: Train=6.0600 Val=9.1732 PTV_D95=58.66Gy Bladder=25.67Gy Rectum=24.77Gy
2026-05-20 16:00:56 [INFO] Epoch 91/100 started, lr=3.42e-06
2026-05-20 16:01:01 [INFO] Step 5/54 Loss=7.5949 mse=0.5045 v_opt=0.00000 v_mand=0.00000 ptv=0.0000 ptv_max=0.00000 ring=0.00000 smooth=0.0353 beam=0.50922 homogeneity=0.0000
2026-05-20 16:01:04 [INFO] Step 10/54 Loss=3.8807 mse=0.3174 v_opt=0.00026 v_mand=0.00000 ptv=0.0343 ptv_max=0.00046 ring=0.01436 smooth=0.0338 beam=0.00827 homogeneity=0.0040
2026-05-20 16:01:07 [INFO] Step 15/54 Loss=9.0452 mse=0.5938 v_opt=0.01235 v_mand=0.00009 ptv=0.0199 ptv_max=0.00081 ring=0.01723 smooth=0.0328 beam=0.49400 homogeneity=0.0054
2026-05-20 16:01:10 [INFO] Step 20/54 Loss=10.7043 mse=0.4888 v_opt=0.16745 v_mand=0.05732 ptv=0.0177 ptv_max=0.00098 ring=0.02178 smooth=0.0512 beam=0.38808 homogeneity=0.0059
2026-05-20 16:01:14 [INFO] Step 25/54 Loss=7.9185 mse=0.5640 v_opt=0.01561 v_mand=0.00046 ptv=0.0215 ptv_max=0.00062 ring=0.01555 smooth=0.0429 beam=0.32903 homogeneity=0.0048
2026-05-20 16:01:16 [INFO] Step 30/54 Loss=6.7981 mse=0.4666 v_opt=0.01472 v_mand=0.00036 ptv=0.0225 ptv_max=0.00046 ring=0.02085 smooth=0.0336 beam=0.28821 homogeneity=0.0040
2026-05-20 16:01:19 [INFO] Step 35/54 Loss=7.1661 mse=0.4850 v_opt=0.02091 v_mand=0.00029 ptv=0.0331 ptv_max=0.00081 ring=0.01458 smooth=0.0545 beam=0.31056 homogeneity=0.0056
2026-05-20 16:01:22 [INFO] Step 40/54 Loss=4.6259 mse=0.3761 v_opt=0.00042 v_mand=0.00000 ptv=0.0260 ptv_max=0.00056 ring=0.01690 smooth=0.0333 beam=0.04642 homogeneity=0.0043
2026-05-20 16:01:26 [INFO] Step 45/54 Loss=7.4422 mse=0.4654 v_opt=0.05235 v_mand=0.00846 ptv=0.0198 ptv_max=0.00090 ring=0.02496 smooth=0.0403 beam=0.30512 homogeneity=0.0057
2026-05-20 16:01:28 [INFO] Step 50/54 Loss=6.1305 mse=0.4224 v_opt=0.01729 v_mand=0.00059 ptv=0.0273 ptv_max=0.00070 ring=0.01927 smooth=0.0347 beam=0.23117 homogeneity=0.0043
2026-05-20 16:01:30 [INFO] Step 54/54 Loss=7.0333 mse=0.4739 v_opt=0.01443 v_mand=0.00037 ptv=0.0285 ptv_max=0.00063 ring=0.01934 smooth=0.0354 beam=0.30791 homogeneity=0.0049
2026-05-20 16:01:31 [INFO] Running validation at epoch 91...
2026-05-20 16:01:54 [INFO] Epoch 91 Summary: Train=6.9303 Val=9.0706 PTV_D95=59.06Gy Bladder=24.71Gy Rectum=23.68Gy
2026-05-20 16:01:54 [INFO] [PHYSICS] Saved best model val_loss=9.0706
2026-05-20 16:01:54 [INFO] Epoch 92/100 started, lr=2.97e-06
2026-05-20 16:02:00 [INFO] Step 5/54 Loss=5.3848 mse=0.3641 v_opt=0.00000 v_mand=0.00000 ptv=0.0353 ptv_max=0.00069 ring=0.02071 smooth=0.0311 beam=0.18714 homogeneity=0.0053
2026-05-20 16:02:02 [INFO] Step 10/54 Loss=7.8207 mse=0.5137 v_opt=0.00336 v_mand=0.00000 ptv=0.0409 ptv_max=0.00030 ring=0.01922 smooth=0.0314 beam=0.37828 homogeneity=0.0035
2026-05-20 16:02:05 [INFO] Step 15/54 Loss=7.0824 mse=0.5497 v_opt=0.01354 v_mand=0.00022 ptv=0.0286 ptv_max=0.00051 ring=0.01565 smooth=0.0315 beam=0.18218 homogeneity=0.0044
2026-05-20 16:02:08 [INFO] Step 20/54 Loss=4.4038 mse=0.3135 v_opt=0.04252 v_mand=0.00690 ptv=0.0254 ptv_max=0.00082 ring=0.02207 smooth=0.0350 beam=0.01967 homogeneity=0.0055
2026-05-20 16:02:13 [INFO] Step 25/54 Loss=7.8874 mse=0.4787 v_opt=0.05700 v_mand=0.00858 ptv=0.0199 ptv_max=0.00076 ring=0.02387 smooth=0.0480 beam=0.37057 homogeneity=0.0052
2026-05-20 16:02:15 [INFO] Step 30/54 Loss=5.2113 mse=0.3755 v_opt=0.00716 v_mand=0.00000 ptv=0.0249 ptv_max=0.00049 ring=0.01573 smooth=0.0320 beam=0.16810 homogeneity=0.0044
2026-05-20 16:02:18 [INFO] Step 35/54 Loss=3.7732 mse=0.2852 v_opt=0.00775 v_mand=0.00000 ptv=0.0211 ptv_max=0.00075 ring=0.01811 smooth=0.0301 beam=0.05602 homogeneity=0.0051
2026-05-20 16:02:21 [INFO] Step 40/54 Loss=8.2147 mse=0.5362 v_opt=0.00515 v_mand=0.00000 ptv=0.0223 ptv_max=0.00067 ring=0.02041 smooth=0.0357 beam=0.43608 homogeneity=0.0048
2026-05-20 16:02:24 [INFO] Step 45/54 Loss=5.6456 mse=0.4095 v_opt=0.00704 v_mand=0.00000 ptv=0.0250 ptv_max=0.00054 ring=0.01469 smooth=0.0334 beam=0.18901 homogeneity=0.0045
2026-05-20 16:02:27 [INFO] Step 50/54 Loss=5.4271 mse=0.3983 v_opt=0.02293 v_mand=0.00122 ptv=0.0218 ptv_max=0.00069 ring=0.01487 smooth=0.0346 beam=0.15141 homogeneity=0.0050
2026-05-20 16:02:29 [INFO] Step 54/54 Loss=7.6990 mse=0.4605 v_opt=0.07023 v_mand=0.01082 ptv=0.0212 ptv_max=0.00065 ring=0.01929 smooth=0.0375 beam=0.35557 homogeneity=0.0049
2026-05-20 16:02:29 [INFO] Running validation at epoch 92...
2026-05-20 16:02:53 [INFO] Epoch 92 Summary: Train=6.3073 Val=9.0584 PTV_D95=59.21Gy Bladder=25.16Gy Rectum=24.15Gy
2026-05-20 16:02:53 [INFO] [PHYSICS] Saved best model val_loss=9.0584
2026-05-20 16:02:53 [INFO] Epoch 93/100 started, lr=2.56e-06
2026-05-20 16:02:59 [INFO] Step 5/54 Loss=4.4259 mse=0.3319 v_opt=0.00341 v_mand=0.00000 ptv=0.0228 ptv_max=0.00066 ring=0.01726 smooth=0.0317 beam=0.09674 homogeneity=0.0047
2026-05-20 16:03:01 [INFO] Step 10/54 Loss=4.3906 mse=0.3288 v_opt=0.01847 v_mand=0.00095 ptv=0.0268 ptv_max=0.00067 ring=0.01838 smooth=0.0334 beam=0.06972 homogeneity=0.0044
2026-05-20 16:03:04 [INFO] Step 15/54 Loss=5.2917 mse=0.3845 v_opt=0.02159 v_mand=0.00149 ptv=0.0194 ptv_max=0.00067 ring=0.02010 smooth=0.0316 beam=0.13964 homogeneity=0.0049
2026-05-20 16:03:07 [INFO] Step 20/54 Loss=7.9713 mse=0.5492 v_opt=0.00153 v_mand=0.00000 ptv=0.0198 ptv_max=0.00091 ring=0.01608 smooth=0.0336 beam=0.37531 homogeneity=0.0056
2026-05-20 16:03:12 [INFO] Step 25/54 Loss=5.5723 mse=0.3967 v_opt=0.00328 v_mand=0.00000 ptv=0.0283 ptv_max=0.00046 ring=0.01901 smooth=0.0313 beam=0.18411 homogeneity=0.0042
2026-05-20 16:03:14 [INFO] Step 30/54 Loss=4.0967 mse=0.3154 v_opt=0.02374 v_mand=0.00239 ptv=0.0275 ptv_max=0.00037 ring=0.02124 smooth=0.0440 beam=0.01716 homogeneity=0.0036
2026-05-20 16:03:16 [INFO] Step 35/54 Loss=4.1567 mse=0.3352 v_opt=0.01069 v_mand=0.00000 ptv=0.0355 ptv_max=0.00045 ring=0.01580 smooth=0.0389 beam=0.01338 homogeneity=0.0049
2026-05-20 16:03:19 [INFO] Step 40/54 Loss=8.1078 mse=0.5091 v_opt=0.05642 v_mand=0.00548 ptv=0.0303 ptv_max=0.00126 ring=0.02794 smooth=0.0425 beam=0.34625 homogeneity=0.0055
2026-05-20 16:03:24 [INFO] Step 45/54 Loss=7.0291 mse=0.4603 v_opt=0.02569 v_mand=0.00032 ptv=0.0227 ptv_max=0.00061 ring=0.01733 smooth=0.0360 beam=0.34912 homogeneity=0.0046
2026-05-20 16:03:27 [INFO] Step 50/54 Loss=6.2958 mse=0.4522 v_opt=0.01913 v_mand=0.00131 ptv=0.0333 ptv_max=0.00093 ring=0.02309 smooth=0.0384 beam=0.16651 homogeneity=0.0053
2026-05-20 16:03:29 [INFO] Step 54/54 Loss=6.8033 mse=0.4398 v_opt=0.01538 v_mand=0.00034 ptv=0.0291 ptv_max=0.00053 ring=0.01987 smooth=0.0379 beam=0.33073 homogeneity=0.0043
2026-05-20 16:03:29 [INFO] Running validation at epoch 93...
2026-05-20 16:03:53 [INFO] Epoch 93 Summary: Train=5.9625 Val=9.0856 PTV_D95=59.49Gy Bladder=25.48Gy Rectum=24.78Gy
2026-05-20 16:03:53 [INFO] Epoch 94/100 started, lr=2.19e-06
2026-05-20 16:03:58 [INFO] Step 5/54 Loss=8.8527 mse=0.5885 v_opt=0.00000 v_mand=0.00000 ptv=0.0000 ptv_max=0.00000 ring=0.00000 smooth=0.0533 beam=0.59248 homogeneity=0.0000
2026-05-20 16:04:01 [INFO] Step 10/54 Loss=5.0114 mse=0.3584 v_opt=0.02263 v_mand=0.00194 ptv=0.0229 ptv_max=0.00052 ring=0.02190 smooth=0.0399 beam=0.12226 homogeneity=0.0043
2026-05-20 16:04:03 [INFO] Step 15/54 Loss=4.7557 mse=0.3817 v_opt=0.01718 v_mand=0.00016 ptv=0.0236 ptv_max=0.00071 ring=0.01373 smooth=0.0372 beam=0.06239 homogeneity=0.0052
2026-05-20 16:04:06 [INFO] Step 20/54 Loss=4.4339 mse=0.3245 v_opt=0.01201 v_mand=0.00000 ptv=0.0242 ptv_max=0.00054 ring=0.01753 smooth=0.0330 beam=0.10822 homogeneity=0.0044
2026-05-20 16:04:11 [INFO] Step 25/54 Loss=4.3988 mse=0.3145 v_opt=0.00000 v_mand=0.00000 ptv=0.0383 ptv_max=0.00049 ring=0.01440 smooth=0.0308 beam=0.10594 homogeneity=0.0049
2026-05-20 16:04:14 [INFO] Step 30/54 Loss=5.9869 mse=0.4066 v_opt=0.00386 v_mand=0.00000 ptv=0.0307 ptv_max=0.00034 ring=0.01571 smooth=0.0318 beam=0.25550 homogeneity=0.0037
2026-05-20 16:04:16 [INFO] Step 35/54 Loss=8.4083 mse=0.5188 v_opt=0.05379 v_mand=0.01575 ptv=0.0350 ptv_max=0.00151 ring=0.01805 smooth=0.0500 beam=0.29817 homogeneity=0.0067
2026-05-20 16:04:19 [INFO] Step 40/54 Loss=9.1970 mse=0.5970 v_opt=0.00026 v_mand=0.00000 ptv=0.0194 ptv_max=0.00125 ring=0.01870 smooth=0.0405 beam=0.51112 homogeneity=0.0065
2026-05-20 16:04:24 [INFO] Step 45/54 Loss=5.3858 mse=0.3876 v_opt=0.03785 v_mand=0.00188 ptv=0.0310 ptv_max=0.00064 ring=0.01700 smooth=0.0322 beam=0.12857 homogeneity=0.0049
2026-05-20 16:04:26 [INFO] Step 50/54 Loss=4.5888 mse=0.3303 v_opt=0.00584 v_mand=0.00000 ptv=0.0275 ptv_max=0.00033 ring=0.01740 smooth=0.0270 beam=0.12895 homogeneity=0.0037
2026-05-20 16:04:28 [INFO] Step 54/54 Loss=5.0545 mse=0.3635 v_opt=0.00948 v_mand=0.00000 ptv=0.0305 ptv_max=0.00029 ring=0.01633 smooth=0.0331 beam=0.15265 homogeneity=0.0035
2026-05-20 16:04:28 [INFO] Running validation at epoch 94...
2026-05-20 16:04:52 [INFO] Epoch 94 Summary: Train=6.2004 Val=9.0738 PTV_D95=59.15Gy Bladder=24.98Gy Rectum=24.51Gy
2026-05-20 16:04:52 [INFO] Epoch 95/100 started, lr=1.88e-06
2026-05-20 16:04:57 [INFO] Step 5/54 Loss=8.3992 mse=0.5010 v_opt=0.05575 v_mand=0.01428 ptv=0.0247 ptv_max=0.00050 ring=0.01972 smooth=0.0405 beam=0.38099 homogeneity=0.0043
2026-05-20 16:05:00 [INFO] Step 10/54 Loss=5.0284 mse=0.3865 v_opt=0.00055 v_mand=0.00000 ptv=0.0281 ptv_max=0.00043 ring=0.01781 smooth=0.0310 beam=0.10167 homogeneity=0.0040
2026-05-20 16:05:03 [INFO] Step 15/54 Loss=4.9381 mse=0.3362 v_opt=0.00563 v_mand=0.00000 ptv=0.0260 ptv_max=0.00072 ring=0.01963 smooth=0.0320 beam=0.17518 homogeneity=0.0048
2026-05-20 16:05:05 [INFO] Step 20/54 Loss=8.0593 mse=0.5092 v_opt=0.07303 v_mand=0.01085 ptv=0.0232 ptv_max=0.00049 ring=0.01871 smooth=0.0500 beam=0.32986 homogeneity=0.0044
2026-05-20 16:05:10 [INFO] Step 25/54 Loss=9.3062 mse=0.6096 v_opt=0.00911 v_mand=0.00000 ptv=0.0163 ptv_max=0.00123 ring=0.01738 smooth=0.0310 beam=0.51429 homogeneity=0.0066
2026-05-20 16:05:13 [INFO] Step 30/54 Loss=4.4068 mse=0.3356 v_opt=0.00045 v_mand=0.00000 ptv=0.0285 ptv_max=0.00050 ring=0.01670 smooth=0.0355 beam=0.08074 homogeneity=0.0041
2026-05-20 16:05:15 [INFO] Step 35/54 Loss=6.0141 mse=0.4117 v_opt=0.00051 v_mand=0.00000 ptv=0.0261 ptv_max=0.00054 ring=0.01694 smooth=0.0359 beam=0.25286 homogeneity=0.0043
2026-05-20 16:05:18 [INFO] Step 40/54 Loss=6.7878 mse=0.4399 v_opt=0.02717 v_mand=0.00383 ptv=0.0244 ptv_max=0.00058 ring=0.01699 smooth=0.0514 beam=0.30356 homogeneity=0.0046
2026-05-20 16:05:22 [INFO] Step 45/54 Loss=6.3588 mse=0.4178 v_opt=0.06341 v_mand=0.00607 ptv=0.0233 ptv_max=0.00074 ring=0.02256 smooth=0.0346 beam=0.20503 homogeneity=0.0057
2026-05-20 16:05:24 [INFO] Step 50/54 Loss=4.0710 mse=0.3259 v_opt=0.00468 v_mand=0.00000 ptv=0.0314 ptv_max=0.00039 ring=0.01824 smooth=0.0295 beam=0.02188 homogeneity=0.0042
2026-05-20 16:05:27 [INFO] Step 54/54 Loss=3.7096 mse=0.2878 v_opt=0.00332 v_mand=0.00000 ptv=0.0257 ptv_max=0.00043 ring=0.01771 smooth=0.0309 beam=0.03979 homogeneity=0.0039
2026-05-20 16:05:27 [INFO] Running validation at epoch 95...
2026-05-20 16:05:51 [INFO] Epoch 95 Summary: Train=6.1670 Val=9.0792 PTV_D95=59.34Gy Bladder=25.35Gy Rectum=24.19Gy
2026-05-20 16:05:51 [INFO] Epoch 96/100 started, lr=1.61e-06
2026-05-20 16:05:56 [INFO] Step 5/54 Loss=6.7927 mse=0.4512 v_opt=0.00169 v_mand=0.00000 ptv=0.0283 ptv_max=0.00054 ring=0.01503 smooth=0.0484 beam=0.33161 homogeneity=0.0040
2026-05-20 16:05:59 [INFO] Step 10/54 Loss=4.7612 mse=0.3556 v_opt=0.00845 v_mand=0.00000 ptv=0.0244 ptv_max=0.00054 ring=0.01417 smooth=0.0319 beam=0.12202 homogeneity=0.0045
2026-05-20 16:06:01 [INFO] Step 15/54 Loss=6.1184 mse=0.4267 v_opt=0.04177 v_mand=0.00135 ptv=0.0264 ptv_max=0.00074 ring=0.01637 smooth=0.0355 beam=0.20940 homogeneity=0.0052
2026-05-20 16:06:04 [INFO] Step 20/54 Loss=8.8952 mse=0.5925 v_opt=0.01737 v_mand=0.00004 ptv=0.0171 ptv_max=0.00146 ring=0.02204 smooth=0.0314 beam=0.44349 homogeneity=0.0069
2026-05-20 16:06:08 [INFO] Step 25/54 Loss=6.2182 mse=0.4307 v_opt=0.00000 v_mand=0.00000 ptv=0.0255 ptv_max=0.00063 ring=0.01826 smooth=0.0431 beam=0.25065 homogeneity=0.0046
2026-05-20 16:06:11 [INFO] Step 30/54 Loss=5.3705 mse=0.3835 v_opt=0.02175 v_mand=0.00136 ptv=0.0201 ptv_max=0.00064 ring=0.02054 smooth=0.0321 beam=0.15656 homogeneity=0.0049
2026-05-20 16:06:13 [INFO] Step 35/54 Loss=7.4323 mse=0.4862 v_opt=0.01298 v_mand=0.00016 ptv=0.0266 ptv_max=0.00045 ring=0.01483 smooth=0.0476 beam=0.38746 homogeneity=0.0042
2026-05-20 16:06:16 [INFO] Step 40/54 Loss=4.5354 mse=0.3367 v_opt=0.03462 v_mand=0.00284 ptv=0.0270 ptv_max=0.00065 ring=0.01545 smooth=0.0317 beam=0.06363 homogeneity=0.0051
2026-05-20 16:06:20 [INFO] Step 45/54 Loss=4.5599 mse=0.3197 v_opt=0.04101 v_mand=0.00328 ptv=0.0254 ptv_max=0.00071 ring=0.02114 smooth=0.0358 beam=0.08176 homogeneity=0.0049
2026-05-20 16:06:24 [INFO] Step 50/54 Loss=4.5887 mse=0.3406 v_opt=0.01663 v_mand=0.00033 ptv=0.0273 ptv_max=0.00033 ring=0.01657 smooth=0.0345 beam=0.10374 homogeneity=0.0037
2026-05-20 16:06:26 [INFO] Step 54/54 Loss=4.7188 mse=0.3241 v_opt=0.00003 v_mand=0.00000 ptv=0.0305 ptv_max=0.00039 ring=0.01799 smooth=0.0266 beam=0.16000 homogeneity=0.0040
2026-05-20 16:06:26 [INFO] Running validation at epoch 96...
2026-05-20 16:06:50 [INFO] Epoch 96 Summary: Train=6.1373 Val=9.0794 PTV_D95=59.05Gy Bladder=25.11Gy Rectum=24.31Gy
2026-05-20 16:06:50 [INFO] Epoch 97/100 started, lr=1.39e-06
2026-05-20 16:06:55 [INFO] Step 5/54 Loss=5.8786 mse=0.4094 v_opt=0.01545 v_mand=0.00000 ptv=0.0266 ptv_max=0.00038 ring=0.01616 smooth=0.0331 beam=0.22847 homogeneity=0.0041
2026-05-20 16:06:58 [INFO] Step 10/54 Loss=4.3494 mse=0.3267 v_opt=0.00828 v_mand=0.00000 ptv=0.0263 ptv_max=0.00035 ring=0.01614 smooth=0.0321 beam=0.09334 homogeneity=0.0037
2026-05-20 16:07:00 [INFO] Step 15/54 Loss=4.1978 mse=0.3095 v_opt=0.01007 v_mand=0.00000 ptv=0.0246 ptv_max=0.00046 ring=0.01761 smooth=0.0323 beam=0.09266 homogeneity=0.0042
2026-05-20 16:07:03 [INFO] Step 20/54 Loss=6.0597 mse=0.4221 v_opt=0.05278 v_mand=0.00541 ptv=0.0228 ptv_max=0.00062 ring=0.01848 smooth=0.0359 beam=0.16547 homogeneity=0.0047
2026-05-20 16:07:07 [INFO] Step 25/54 Loss=5.3422 mse=0.4088 v_opt=0.00473 v_mand=0.00000 ptv=0.0255 ptv_max=0.00054 ring=0.01393 smooth=0.0331 beam=0.13186 homogeneity=0.0045
2026-05-20 16:07:10 [INFO] Step 30/54 Loss=4.8912 mse=0.3858 v_opt=0.00050 v_mand=0.00000 ptv=0.0258 ptv_max=0.00072 ring=0.01732 smooth=0.0413 beam=0.07528 homogeneity=0.0049
2026-05-20 16:07:13 [INFO] Step 35/54 Loss=8.3205 mse=0.5646 v_opt=0.00000 v_mand=0.00000 ptv=0.0000 ptv_max=0.00000 ring=0.00000 smooth=0.0548 beam=0.53386 homogeneity=0.0000
2026-05-20 16:07:16 [INFO] Step 40/54 Loss=5.5267 mse=0.3741 v_opt=0.00000 v_mand=0.00000 ptv=0.0319 ptv_max=0.00043 ring=0.01621 smooth=0.0346 beam=0.22376 homogeneity=0.0040
2026-05-20 16:07:20 [INFO] Step 45/54 Loss=4.3571 mse=0.3442 v_opt=0.00679 v_mand=0.00000 ptv=0.0285 ptv_max=0.00047 ring=0.01695 smooth=0.0371 beam=0.05062 homogeneity=0.0041
2026-05-20 16:07:23 [INFO] Step 50/54 Loss=6.3967 mse=0.4199 v_opt=0.01263 v_mand=0.00015 ptv=0.0324 ptv_max=0.00104 ring=0.02423 smooth=0.0435 beam=0.26276 homogeneity=0.0053
2026-05-20 16:07:25 [INFO] Step 54/54 Loss=3.9724 mse=0.2973 v_opt=0.00415 v_mand=0.00000 ptv=0.0271 ptv_max=0.00038 ring=0.01825 smooth=0.0311 beam=0.06968 homogeneity=0.0038
2026-05-20 16:07:25 [INFO] Running validation at epoch 97...
2026-05-20 16:07:49 [INFO] Epoch 97 Summary: Train=5.9209 Val=9.0879 PTV_D95=59.34Gy Bladder=25.43Gy Rectum=24.89Gy
2026-05-20 16:07:49 [INFO] Epoch 98/100 started, lr=1.22e-06
2026-05-20 16:07:54 [INFO] Step 5/54 Loss=7.6051 mse=0.5622 v_opt=0.01636 v_mand=0.00061 ptv=0.0296 ptv_max=0.00092 ring=0.01814 smooth=0.0313 beam=0.23936 homogeneity=0.0053
2026-05-20 16:07:57 [INFO] Step 10/54 Loss=5.5037 mse=0.3662 v_opt=0.00021 v_mand=0.00000 ptv=0.0305 ptv_max=0.00099 ring=0.02278 smooth=0.0254 beam=0.20717 homogeneity=0.0053
2026-05-20 16:08:00 [INFO] Step 15/54 Loss=4.7265 mse=0.3622 v_opt=0.00043 v_mand=0.00000 ptv=0.0252 ptv_max=0.00054 ring=0.01505 smooth=0.0323 beam=0.10078 homogeneity=0.0046
2026-05-20 16:08:02 [INFO] Step 20/54 Loss=6.5482 mse=0.5013 v_opt=0.00000 v_mand=0.00000 ptv=0.0000 ptv_max=0.00000 ring=0.00000 smooth=0.0385 beam=0.30618 homogeneity=0.0000
2026-05-20 16:08:07 [INFO] Step 25/54 Loss=5.7429 mse=0.4205 v_opt=0.02328 v_mand=0.00170 ptv=0.0216 ptv_max=0.00059 ring=0.02028 smooth=0.0354 beam=0.15175 homogeneity=0.0047
2026-05-20 16:08:09 [INFO] Step 30/54 Loss=3.3186 mse=0.2629 v_opt=0.00333 v_mand=0.00000 ptv=0.0274 ptv_max=0.00040 ring=0.01773 smooth=0.0314 beam=0.00869 homogeneity=0.0038
2026-05-20 16:08:12 [INFO] Step 35/54 Loss=5.1038 mse=0.3713 v_opt=0.03149 v_mand=0.00076 ptv=0.0210 ptv_max=0.00123 ring=0.01970 smooth=0.0371 beam=0.11968 homogeneity=0.0061
2026-05-20 16:08:14 [INFO] Step 40/54 Loss=3.8335 mse=0.2955 v_opt=0.00621 v_mand=0.00000 ptv=0.0328 ptv_max=0.00027 ring=0.01412 smooth=0.0306 beam=0.04856 homogeneity=0.0034
2026-05-20 16:08:19 [INFO] Step 45/54 Loss=3.9144 mse=0.2965 v_opt=0.02352 v_mand=0.00177 ptv=0.0285 ptv_max=0.00026 ring=0.01521 smooth=0.0331 beam=0.04345 homogeneity=0.0033
2026-05-20 16:08:22 [INFO] Step 50/54 Loss=4.2538 mse=0.3237 v_opt=0.01783 v_mand=0.00049 ptv=0.0249 ptv_max=0.00087 ring=0.02370 smooth=0.0331 beam=0.04008 homogeneity=0.0053
2026-05-20 16:08:24 [INFO] Step 54/54 Loss=6.9190 mse=0.4525 v_opt=0.00938 v_mand=0.00000 ptv=0.0285 ptv_max=0.00037 ring=0.01952 smooth=0.0342 beam=0.33913 homogeneity=0.0040
2026-05-20 16:08:24 [INFO] Running validation at epoch 98...
2026-05-20 16:08:48 [INFO] Epoch 98 Summary: Train=6.4252 Val=9.0863 PTV_D95=59.27Gy Bladder=25.55Gy Rectum=24.56Gy
2026-05-20 16:08:48 [INFO] Epoch 99/100 started, lr=1.10e-06
2026-05-20 16:08:54 [INFO] Step 5/54 Loss=6.7374 mse=0.4642 v_opt=0.01967 v_mand=0.00103 ptv=0.0224 ptv_max=0.00085 ring=0.01784 smooth=0.0330 beam=0.27249 homogeneity=0.0052
2026-05-20 16:08:57 [INFO] Step 10/54 Loss=12.8887 mse=0.5167 v_opt=0.21501 v_mand=0.09452 ptv=0.0143 ptv_max=0.00184 ring=0.02962 smooth=0.0516 beam=0.34540 homogeneity=0.0077
2026-05-20 16:08:59 [INFO] Step 15/54 Loss=4.6171 mse=0.3410 v_opt=0.00608 v_mand=0.00000 ptv=0.0273 ptv_max=0.00033 ring=0.01491 smooth=0.0309 beam=0.12091 homogeneity=0.0037
2026-05-20 16:09:02 [INFO] Step 20/54 Loss=66.9924 mse=0.4752 v_opt=1.33042 v_mand=1.02452 ptv=0.5286 ptv_max=0.00000 ring=0.00748 smooth=0.0305 beam=0.34091 homogeneity=0.0624
2026-05-20 16:09:07 [INFO] Step 25/54 Loss=5.9985 mse=0.4095 v_opt=0.02110 v_mand=0.00044 ptv=0.0249 ptv_max=0.00059 ring=0.01944 smooth=0.0294 beam=0.23376 homogeneity=0.0049
2026-05-20 16:09:09 [INFO] Step 30/54 Loss=5.8570 mse=0.4177 v_opt=0.00689 v_mand=0.00000 ptv=0.0251 ptv_max=0.00051 ring=0.01898 smooth=0.0367 beam=0.20320 homogeneity=0.0043
2026-05-20 16:09:12 [INFO] Step 35/54 Loss=8.1585 mse=0.4299 v_opt=0.10944 v_mand=0.03662 ptv=0.0186 ptv_max=0.00088 ring=0.02236 smooth=0.0421 beam=0.22655 homogeneity=0.0054
2026-05-20 16:09:15 [INFO] Step 40/54 Loss=5.4412 mse=0.3916 v_opt=0.00406 v_mand=0.00000 ptv=0.0272 ptv_max=0.00038 ring=0.01568 smooth=0.0299 beam=0.18229 homogeneity=0.0038
2026-05-20 16:09:19 [INFO] Step 45/54 Loss=5.1417 mse=0.3479 v_opt=0.00001 v_mand=0.00000 ptv=0.0285 ptv_max=0.00047 ring=0.01837 smooth=0.0280 beam=0.19760 homogeneity=0.0044
2026-05-20 16:09:22 [INFO] Step 50/54 Loss=7.3083 mse=0.4801 v_opt=0.00718 v_mand=0.00000 ptv=0.0244 ptv_max=0.00048 ring=0.02103 smooth=0.0393 beam=0.36405 homogeneity=0.0043
2026-05-20 16:09:23 [INFO] Step 54/54 Loss=8.7682 mse=0.4847 v_opt=0.10015 v_mand=0.02642 ptv=0.0352 ptv_max=0.00058 ring=0.01623 smooth=0.0468 beam=0.33399 homogeneity=0.0050
2026-05-20 16:09:23 [INFO] Running validation at epoch 99...
2026-05-20 16:09:47 [INFO] Epoch 99 Summary: Train=8.9961 Val=9.0717 PTV_D95=59.25Gy Bladder=25.25Gy Rectum=24.52Gy
2026-05-20 16:09:47 [INFO] Epoch 100/100 started, lr=1.02e-06
2026-05-20 16:09:52 [INFO] Step 5/54 Loss=5.5333 mse=0.3896 v_opt=0.01813 v_mand=0.00077 ptv=0.0230 ptv_max=0.00050 ring=0.02123 smooth=0.0336 beam=0.18012 homogeneity=0.0042
2026-05-20 16:09:55 [INFO] Step 10/54 Loss=6.2075 mse=0.4236 v_opt=0.04051 v_mand=0.00367 ptv=0.0280 ptv_max=0.00071 ring=0.02294 smooth=0.0362 beam=0.18976 homogeneity=0.0048
2026-05-20 16:09:58 [INFO] Step 15/54 Loss=5.1334 mse=0.3490 v_opt=0.00013 v_mand=0.00000 ptv=0.0290 ptv_max=0.00045 ring=0.02093 smooth=0.0290 beam=0.18619 homogeneity=0.0041
2026-05-20 16:10:01 [INFO] Step 20/54 Loss=5.8493 mse=0.4004 v_opt=0.01587 v_mand=0.00054 ptv=0.0266 ptv_max=0.00034 ring=0.02158 smooth=0.0313 beam=0.22055 homogeneity=0.0037
2026-05-20 16:10:05 [INFO] Step 25/54 Loss=5.6228 mse=0.4049 v_opt=0.01590 v_mand=0.00000 ptv=0.0230 ptv_max=0.00053 ring=0.01824 smooth=0.0322 beam=0.18454 homogeneity=0.0043
2026-05-20 16:10:08 [INFO] Step 30/54 Loss=8.9393 mse=0.5747 v_opt=0.03571 v_mand=0.00344 ptv=0.0179 ptv_max=0.00126 ring=0.02368 smooth=0.0324 beam=0.44322 homogeneity=0.0066
2026-05-20 16:10:11 [INFO] Step 35/54 Loss=4.8706 mse=0.3831 v_opt=0.00962 v_mand=0.00000 ptv=0.0224 ptv_max=0.00041 ring=0.01882 smooth=0.0351 beam=0.08204 homogeneity=0.0040
2026-05-20 16:10:13 [INFO] Step 40/54 Loss=5.6191 mse=0.3878 v_opt=0.01293 v_mand=0.00004 ptv=0.0240 ptv_max=0.00058 ring=0.02070 smooth=0.0307 beam=0.20838 homogeneity=0.0044
2026-05-20 16:10:17 [INFO] Step 45/54 Loss=4.5055 mse=0.3418 v_opt=0.00351 v_mand=0.00000 ptv=0.0257 ptv_max=0.00050 ring=0.01737 smooth=0.0350 beam=0.08996 homogeneity=0.0042
2026-05-20 16:10:20 [INFO] Step 50/54 Loss=5.4450 mse=0.3815 v_opt=0.01220 v_mand=0.00006 ptv=0.0284 ptv_max=0.00033 ring=0.01566 smooth=0.0319 beam=0.19818 homogeneity=0.0037
2026-05-20 16:10:22 [INFO] Step 54/54 Loss=6.5774 mse=0.4062 v_opt=0.08113 v_mand=0.02366 ptv=0.0226 ptv_max=0.00070 ring=0.02022 smooth=0.0372 beam=0.10100 homogeneity=0.0049
2026-05-20 16:10:22 [INFO] Running validation at epoch 100...
2026-05-20 16:10:46 [INFO] Epoch 100 Summary: Train=6.8933 Val=9.0928 PTV_D95=59.30Gy Bladder=25.52Gy Rectum=24.61Gy
2026-05-20 16:10:46 [INFO] Training complete. Best val loss: 9.0584 Best clinical score: 28.6430
