2026-05-26 15:11:18 [INFO] Training log started: training_20260526_151118.log
2026-05-26 15:11:18 [INFO] PATCH_SIZE=(128, 128, 64), GRAD_ACCUM_STEPS=2
2026-05-26 15:11:18 [INFO] Loading clinical constraints from ./prostate_prime_constraints_v2.csv ...
2026-05-26 15:11:18 [INFO] Curriculum ramp: lambda_mse=25.0 constant, physics lambdas 0 -> target over 75 epochs
2026-05-26 15:11:18 [INFO] Model ready on cuda, epochs=300, AMP=ON
2026-05-26 15:11:18 [INFO] Epoch 1/300 [RAMP 1/75 (1% of physics)] ramp=0.013 lr=1.00e-04
2026-05-26 15:11:25 [INFO] Step 5/54 Loss=750.1717 mse=1.3164 v_opt=3.64660 v_mand=3.02614 ptv=0.3315 ptv_max=0.04846 global_ceil=3587.17139 ring=0.07160 smooth=1.3465 laplacian=5.3521 anticollapse=0.00015 beam=0.90151 beam_ceil=2712.80908 shell_inner=1651.41089 shell_outer=1505.38525 homogeneity=0.0999 body=0.00000 bowel=0.19414 femur=0.16288
2026-05-26 15:11:31 [INFO] Step 10/54 Loss=662.1141 mse=1.1017 v_opt=2.68281 v_mand=2.18053 ptv=0.3722 ptv_max=0.04321 global_ceil=4094.20337 ring=0.04669 smooth=1.4626 laplacian=5.7865 anticollapse=0.00041 beam=0.84598 beam_ceil=1529.21533 shell_inner=1051.07324 shell_outer=1564.57861 homogeneity=0.1025 body=0.00000 bowel=0.10473 femur=0.18629
2026-05-26 15:11:36 [INFO] Step 15/54 Loss=566.5170 mse=0.9635 v_opt=3.52983 v_mand=2.92284 ptv=0.3098 ptv_max=0.04072 global_ceil=2663.31079 ring=0.06024 smooth=1.0286 laplacian=4.0829 anticollapse=0.00012 beam=0.86726 beam_ceil=2278.77637 shell_inner=778.47046 shell_outer=920.98608 homogeneity=0.0884 body=0.00000 bowel=0.27013 femur=0.20857
2026-05-26 15:11:42 [INFO] Step 20/54 Loss=704.6458 mse=1.2220 v_opt=3.12555 v_mand=2.54313 ptv=0.2752 ptv_max=0.00967 global_ceil=5190.91309 ring=0.01566 smooth=1.9240 laplacian=7.6404 anticollapse=0.00001 beam=0.84448 beam_ceil=1258.20569 shell_inner=234.16833 shell_outer=759.16467 homogeneity=0.0449 body=0.00000 bowel=0.00000 femur=0.00000
2026-05-26 15:11:47 [INFO] Step 25/54 Loss=1029.9248 mse=1.9518 v_opt=2.87111 v_mand=2.31420 ptv=0.4640 ptv_max=0.11566 global_ceil=5078.17432 ring=0.13457 smooth=2.2679 laplacian=9.0105 anticollapse=0.00071 beam=0.90106 beam_ceil=3626.35205 shell_inner=2221.03394 shell_outer=1815.42065 homogeneity=0.1950 body=0.00000 bowel=0.05771 femur=0.13131
2026-05-26 15:11:52 [INFO] Step 30/54 Loss=784.6311 mse=1.2215 v_opt=3.16234 v_mand=2.57365 ptv=0.3745 ptv_max=0.04349 global_ceil=3824.90918 ring=0.05443 smooth=1.3299 laplacian=5.2888 anticollapse=0.00019 beam=0.82831 beam_ceil=3329.34497 shell_inner=640.66211 shell_outer=707.70569 homogeneity=0.0999 body=0.00000 bowel=0.10278 femur=0.15527
2026-05-26 15:11:58 [INFO] Step 35/54 Loss=273.4849 mse=0.5806 v_opt=0.00000 v_mand=0.00000 ptv=0.2587 ptv_max=0.03817 global_ceil=1243.25208 ring=0.04503 smooth=0.6735 laplacian=2.6579 anticollapse=0.00008 beam=0.85073 beam_ceil=1267.74805 shell_inner=99.53047 shell_outer=168.98514 homogeneity=0.0809 body=0.00000 bowel=0.15815 femur=0.22717
2026-05-26 15:12:03 [INFO] Step 40/54 Loss=739.6763 mse=1.4043 v_opt=3.51381 v_mand=2.90674 ptv=0.3512 ptv_max=0.04950 global_ceil=3774.07715 ring=0.05585 smooth=1.4253 laplacian=5.6571 anticollapse=0.00032 beam=0.83347 beam_ceil=2709.36377 shell_inner=959.74292 shell_outer=1037.22705 homogeneity=0.1073 body=0.00000 bowel=0.05483 femur=0.15036
2026-05-26 15:12:09 [INFO] Step 45/54 Loss=692.8460 mse=1.3668 v_opt=3.45283 v_mand=2.86274 ptv=0.2875 ptv_max=0.03156 global_ceil=3605.50415 ring=0.03844 smooth=1.3671 laplacian=5.4415 anticollapse=0.00016 beam=0.80722 beam_ceil=2441.63135 shell_inner=846.88342 shell_outer=1069.33813 homogeneity=0.0783 body=0.00000 bowel=0.11708 femur=0.16183
2026-05-26 15:12:14 [INFO] Step 50/54 Loss=549.8210 mse=1.2651 v_opt=3.53811 v_mand=2.92509 ptv=0.3633 ptv_max=0.03435 global_ceil=2535.39185 ring=0.04345 smooth=1.0364 laplacian=4.1258 anticollapse=0.00023 beam=0.77619 beam_ceil=2131.59961 shell_inner=1048.23486 shell_outer=776.36084 homogeneity=0.0916 body=0.00000 bowel=0.12977 femur=0.18023
2026-05-26 15:12:18 [INFO] Step 54/54 Loss=447.8758 mse=1.0561 v_opt=3.78813 v_mand=3.16494 ptv=0.1637 ptv_max=0.01818 global_ceil=2264.36768 ring=0.02301 smooth=0.8874 laplacian=3.5023 anticollapse=0.00000 beam=0.78201 beam_ceil=1729.22900 shell_inner=149.69873 shell_outer=574.06140 homogeneity=0.0443 body=0.00000 bowel=0.00000 femur=0.00000
2026-05-26 15:12:18 [INFO] Running validation at epoch 1...
2026-05-26 15:12:44 [INFO] Epoch 1 Summary: Train=743.6883 Val=0.0946 (MSE=0.0946)
          Metrics: PTV_D95=30.45Gy Bladder=68.24Gy Rectum=60.56Gy
          Metrics: Ring=61.85Gy Dmax=185.85Gy BG=60.44Gy
2026-05-26 15:12:44 [INFO] Saved best model val_loss=0.0946
2026-05-26 15:12:44 [INFO] Epoch 2/300 [RAMP 2/75 (3% of physics)] ramp=0.027 lr=1.00e-04
2026-05-26 15:12:52 [INFO] Step 5/54 Loss=925.3879 mse=1.0304 v_opt=3.42740 v_mand=2.82639 ptv=0.3348 ptv_max=0.02873 global_ceil=2177.14331 ring=0.03307 smooth=0.8152 laplacian=3.2254 anticollapse=0.00028 beam=0.73683 beam_ceil=1710.94263 shell_inner=958.37109 shell_outer=1228.30664 homogeneity=0.0849 body=0.00000 bowel=0.21083 femur=0.24044
2026-05-26 15:12:58 [INFO] Step 10/54 Loss=543.6628 mse=0.7663 v_opt=4.58841 v_mand=3.91718 ptv=0.2933 ptv_max=0.02725 global_ceil=1148.66455 ring=0.02971 smooth=0.5067 laplacian=1.9991 anticollapse=0.00014 beam=0.77701 beam_ceil=1124.57288 shell_inner=583.78333 shell_outer=599.34711 homogeneity=0.0757 body=0.00000 bowel=0.24694 femur=0.30445
2026-05-26 15:13:04 [INFO] Step 15/54 Loss=588.2015 mse=0.8154 v_opt=3.79505 v_mand=3.16917 ptv=0.2848 ptv_max=0.02430 global_ceil=1364.33228 ring=0.02851 smooth=0.5581 laplacian=2.2037 anticollapse=0.00015 beam=0.75197 beam_ceil=1022.41913 shell_inner=793.24420 shell_outer=796.61511 homogeneity=0.0707 body=0.00000 bowel=0.18765 femur=0.25682
2026-05-26 15:13:09 [INFO] Step 20/54 Loss=534.6468 mse=0.7966 v_opt=3.72392 v_mand=3.10249 ptv=0.2063 ptv_max=0.02211 global_ceil=1454.88391 ring=0.03120 smooth=0.5566 laplacian=2.1888 anticollapse=0.00004 beam=0.74111 beam_ceil=761.22705 shell_inner=442.75986 shell_outer=792.08191 homogeneity=0.0564 body=0.00000 bowel=0.52425 femur=0.24452
2026-05-26 15:13:16 [INFO] Step 25/54 Loss=665.7537 mse=0.9888 v_opt=3.63483 v_mand=3.04204 ptv=0.3150 ptv_max=0.02797 global_ceil=1486.72522 ring=0.02993 smooth=0.6961 laplacian=2.7519 anticollapse=0.00023 beam=0.77336 beam_ceil=1310.87488 shell_inner=722.82190 shell_outer=700.69800 homogeneity=0.0801 body=0.00000 bowel=0.10663 femur=0.27437
2026-05-26 15:13:21 [INFO] Step 30/54 Loss=556.6340 mse=0.8819 v_opt=3.80455 v_mand=3.18825 ptv=0.1985 ptv_max=0.01783 global_ceil=1166.94727 ring=0.02594 smooth=0.5463 laplacian=2.1621 anticollapse=0.00002 beam=0.74463 beam_ceil=1324.40088 shell_inner=156.65945 shell_outer=421.83972 homogeneity=0.0491 body=0.00000 bowel=0.00000 femur=0.00000
2026-05-26 15:13:28 [INFO] Step 35/54 Loss=793.9193 mse=0.7806 v_opt=3.36010 v_mand=2.77071 ptv=0.3426 ptv_max=0.02949 global_ceil=1890.85425 ring=0.03346 smooth=0.7525 laplacian=2.9879 anticollapse=0.00048 beam=0.73722 beam_ceil=1456.21204 shell_inner=1025.57275 shell_outer=843.52332 homogeneity=0.0884 body=0.00000 bowel=0.17835 femur=0.36636
2026-05-26 15:13:33 [INFO] Step 40/54 Loss=469.7263 mse=0.8132 v_opt=3.76343 v_mand=3.14475 ptv=0.2578 ptv_max=0.01343 global_ceil=1012.74036 ring=0.01768 smooth=0.5107 laplacian=2.0212 anticollapse=0.00009 beam=0.77115 beam_ceil=962.22168 shell_inner=447.58942 shell_outer=467.48505 homogeneity=0.0534 body=0.00000 bowel=0.18688 femur=0.45169
2026-05-26 15:13:39 [INFO] Step 45/54 Loss=293.4529 mse=0.7106 v_opt=3.31629 v_mand=2.76972 ptv=0.2618 ptv_max=0.00589 global_ceil=769.53845 ring=0.00864 smooth=0.5424 laplacian=2.1337 anticollapse=0.00007 beam=0.79068 beam_ceil=474.35031 shell_inner=176.17798 shell_outer=234.06305 homogeneity=0.0434 body=0.00000 bowel=0.19095 femur=0.33086
2026-05-26 15:13:45 [INFO] Step 50/54 Loss=435.7523 mse=0.7577 v_opt=3.83667 v_mand=3.20550 ptv=0.3006 ptv_max=0.00894 global_ceil=1127.93079 ring=0.01143 smooth=0.5323 laplacian=2.1010 anticollapse=0.00017 beam=0.77363 beam_ceil=740.61169 shell_inner=337.61533 shell_outer=364.61456 homogeneity=0.0544 body=0.00000 bowel=0.13977 femur=0.35907
2026-05-26 15:13:50 [INFO] Step 54/54 Loss=356.9262 mse=0.6670 v_opt=3.79898 v_mand=3.17246 ptv=0.2615 ptv_max=0.01198 global_ceil=673.22192 ring=0.01396 smooth=0.3615 laplacian=1.4208 anticollapse=0.00011 beam=0.74443 beam_ceil=719.92957 shell_inner=484.34848 shell_outer=568.03711 homogeneity=0.0522 body=0.00000 bowel=0.12107 femur=0.41394
2026-05-26 15:13:50 [INFO] Running validation at epoch 2...
2026-05-26 15:14:17 [INFO] Epoch 2 Summary: Train=602.4574 Val=0.0814 (MSE=0.0814)
          Metrics: PTV_D95=31.05Gy Bladder=65.87Gy Rectum=59.56Gy
          Metrics: Ring=60.51Gy Dmax=125.98Gy BG=58.76Gy
2026-05-26 15:14:17 [INFO] Saved best model val_loss=0.0814
2026-05-26 15:14:17 [INFO] Epoch 3/300 [RAMP 3/75 (4% of physics)] ramp=0.040 lr=1.00e-04
2026-05-26 15:14:25 [INFO] Step 5/54 Loss=661.1150 mse=0.8357 v_opt=3.73747 v_mand=3.11631 ptv=0.2911 ptv_max=0.01274 global_ceil=863.57812 ring=0.01535 smooth=0.5060 laplacian=2.0079 anticollapse=0.00019 beam=0.74319 beam_ceil=909.68616 shell_inner=655.13110 shell_outer=594.22546 homogeneity=0.0587 body=0.00000 bowel=0.17623 femur=0.37860
2026-05-26 15:14:30 [INFO] Step 10/54 Loss=446.7321 mse=0.6666 v_opt=3.75736 v_mand=3.12942 ptv=0.2811 ptv_max=0.00430 global_ceil=930.62958 ring=0.00611 smooth=0.4713 laplacian=1.8564 anticollapse=0.00011 beam=0.78276 beam_ceil=390.31293 shell_inner=143.85893 shell_outer=175.93811 homogeneity=0.0450 body=0.00000 bowel=0.14055 femur=0.32113
2026-05-26 15:14:37 [INFO] Step 15/54 Loss=392.9852 mse=0.7516 v_opt=4.66080 v_mand=3.98848 ptv=0.2273 ptv_max=0.00375 global_ceil=803.12659 ring=0.00524 smooth=0.5896 laplacian=2.3257 anticollapse=0.00002 beam=0.77887 beam_ceil=282.57080 shell_inner=165.50259 shell_outer=316.37433 homogeneity=0.0348 body=0.00000 bowel=0.18712 femur=0.00000
2026-05-26 15:14:42 [INFO] Step 20/54 Loss=707.5405 mse=0.9928 v_opt=3.58335 v_mand=2.96979 ptv=0.3463 ptv_max=0.00944 global_ceil=823.09613 ring=0.01049 smooth=0.5893 laplacian=2.3545 anticollapse=0.00041 beam=0.73270 beam_ceil=1132.30176 shell_inner=621.01025 shell_outer=478.98581 homogeneity=0.0651 body=0.00000 bowel=0.21278 femur=0.40372
2026-05-26 15:14:48 [INFO] Step 25/54 Loss=556.1101 mse=0.8064 v_opt=3.91312 v_mand=3.27716 ptv=0.2492 ptv_max=0.00756 global_ceil=716.50635 ring=0.00963 smooth=0.4442 laplacian=1.7504 anticollapse=0.00009 beam=0.72409 beam_ceil=818.00195 shell_inner=322.61685 shell_outer=516.32294 homogeneity=0.0460 body=0.00000 bowel=0.16228 femur=0.40942
2026-05-26 15:14:54 [INFO] Step 30/54 Loss=311.3266 mse=0.6824 v_opt=3.72044 v_mand=3.12564 ptv=0.1874 ptv_max=0.00812 global_ceil=648.02887 ring=0.01099 smooth=0.4625 laplacian=1.8197 anticollapse=0.00004 beam=0.77096 beam_ceil=200.66673 shell_inner=125.88651 shell_outer=267.12683 homogeneity=0.0378 body=0.00000 bowel=0.17708 femur=0.47292
2026-05-26 15:14:59 [INFO] Step 35/54 Loss=287.7454 mse=0.7185 v_opt=3.62026 v_mand=3.00254 ptv=0.1980 ptv_max=0.00044 global_ceil=502.40234 ring=0.00127 smooth=0.4592 laplacian=1.8118 anticollapse=0.00000 beam=0.76833 beam_ceil=295.19440 shell_inner=67.84576 shell_outer=218.54437 homogeneity=0.0218 body=0.00000 bowel=0.00000 femur=0.00000
2026-05-26 15:15:05 [INFO] Step 40/54 Loss=354.9657 mse=0.7178 v_opt=3.70788 v_mand=3.08602 ptv=0.2991 ptv_max=0.00292 global_ceil=437.91345 ring=0.00437 smooth=0.4351 laplacian=1.7110 anticollapse=0.00016 beam=0.77190 beam_ceil=494.88812 shell_inner=289.95294 shell_outer=323.07697 homogeneity=0.0465 body=0.00000 bowel=0.18348 femur=0.42107
2026-05-26 15:15:11 [INFO] Step 45/54 Loss=410.6300 mse=0.7060 v_opt=3.75512 v_mand=3.12949 ptv=0.2673 ptv_max=0.00392 global_ceil=441.00238 ring=0.00514 smooth=0.3781 laplacian=1.4924 anticollapse=0.00010 beam=0.73052 beam_ceil=607.91901 shell_inner=360.81982 shell_outer=515.87354 homogeneity=0.0430 body=0.00000 bowel=0.25434 femur=0.42628
2026-05-26 15:15:17 [INFO] Step 50/54 Loss=498.1208 mse=0.8246 v_opt=3.50934 v_mand=2.90232 ptv=0.2949 ptv_max=0.00303 global_ceil=514.61871 ring=0.00426 smooth=0.4469 laplacian=1.7742 anticollapse=0.00016 beam=0.71467 beam_ceil=798.00323 shell_inner=479.09576 shell_outer=470.83087 homogeneity=0.0459 body=0.00000 bowel=0.22637 femur=0.40242
2026-05-26 15:15:22 [INFO] Step 54/54 Loss=445.5046 mse=0.7694 v_opt=3.38353 v_mand=2.79251 ptv=0.2898 ptv_max=0.00696 global_ceil=550.98450 ring=0.00807 smooth=0.4102 laplacian=1.6252 anticollapse=0.00020 beam=0.73735 beam_ceil=569.61591 shell_inner=441.95572 shell_outer=589.70483 homogeneity=0.0522 body=0.00000 bowel=0.26990 femur=0.42984
2026-05-26 15:15:22 [INFO] Running validation at epoch 3...
2026-05-26 15:15:49 [INFO] Epoch 3 Summary: Train=482.1366 Val=0.0756 (MSE=0.0756)
          Metrics: PTV_D95=31.55Gy Bladder=61.34Gy Rectum=56.96Gy
          Metrics: Ring=58.16Gy Dmax=96.15Gy BG=57.64Gy
2026-05-26 15:15:49 [INFO] Saved best model val_loss=0.0756
2026-05-26 15:15:49 [INFO] Epoch 4/300 [RAMP 4/75 (5% of physics)] ramp=0.053 lr=1.00e-04
2026-05-26 15:15:56 [INFO] Step 5/54 Loss=274.2051 mse=0.5257 v_opt=2.05082 v_mand=1.76020 ptv=0.3209 ptv_max=0.00152 global_ceil=213.07445 ring=0.00227 smooth=0.2913 laplacian=1.1422 anticollapse=0.00028 beam=0.77569 beam_ceil=340.68457 shell_inner=129.66650 shell_outer=175.51199 homogeneity=0.0503 body=0.00000 bowel=0.18233 femur=0.44646
2026-05-26 15:16:01 [INFO] Step 10/54 Loss=495.2448 mse=0.7579 v_opt=3.63536 v_mand=3.01408 ptv=0.2792 ptv_max=0.00107 global_ceil=360.80179 ring=0.00186 smooth=0.4019 laplacian=1.5793 anticollapse=0.00009 beam=0.74660 beam_ceil=626.67761 shell_inner=326.05453 shell_outer=337.65356 homogeneity=0.0387 body=0.00000 bowel=0.16567 femur=0.40795
2026-05-26 15:16:08 [INFO] Step 15/54 Loss=450.1471 mse=0.6442 v_opt=3.72614 v_mand=3.10014 ptv=0.2846 ptv_max=0.00202 global_ceil=283.61273 ring=0.00265 smooth=0.3102 laplacian=1.2244 anticollapse=0.00014 beam=0.77230 beam_ceil=629.48364 shell_inner=260.26923 shell_outer=284.06610 homogeneity=0.0427 body=0.00000 bowel=0.21411 femur=0.40494
2026-05-26 15:16:13 [INFO] Step 20/54 Loss=501.0363 mse=0.6929 v_opt=3.50226 v_mand=2.90034 ptv=0.2820 ptv_max=0.00152 global_ceil=331.28418 ring=0.00214 smooth=0.3465 laplacian=1.3742 anticollapse=0.00011 beam=0.72970 beam_ceil=646.16846 shell_inner=396.38336 shell_outer=377.12872 homogeneity=0.0401 body=0.00000 bowel=0.27564 femur=0.43653
2026-05-26 15:16:19 [INFO] Step 25/54 Loss=511.8775 mse=0.7007 v_opt=3.67735 v_mand=3.05729 ptv=0.2716 ptv_max=0.00164 global_ceil=337.96017 ring=0.00249 smooth=0.3371 laplacian=1.3422 anticollapse=0.00009 beam=0.72777 beam_ceil=641.23566 shell_inner=488.73022 shell_outer=374.58264 homogeneity=0.0388 body=0.00000 bowel=0.22452 femur=0.42612
2026-05-26 15:16:25 [INFO] Step 30/54 Loss=408.0517 mse=0.6476 v_opt=3.21552 v_mand=2.64502 ptv=0.2596 ptv_max=0.00083 global_ceil=275.37018 ring=0.00146 smooth=0.3077 laplacian=1.2174 anticollapse=0.00007 beam=0.73109 beam_ceil=520.33563 shell_inner=247.35855 shell_outer=354.37051 homogeneity=0.0342 body=0.00000 bowel=0.23365 femur=0.42110
2026-05-26 15:16:30 [INFO] Step 35/54 Loss=380.0330 mse=0.6058 v_opt=3.44831 v_mand=2.84551 ptv=0.3081 ptv_max=0.00108 global_ceil=202.45807 ring=0.00186 smooth=0.2938 laplacian=1.1462 anticollapse=0.00021 beam=0.75354 beam_ceil=527.63599 shell_inner=275.52484 shell_outer=314.35278 homogeneity=0.0449 body=0.00000 bowel=0.10822 femur=0.43224
2026-05-26 15:16:38 [INFO] Step 40/54 Loss=506.9415 mse=0.7749 v_opt=3.55290 v_mand=2.93601 ptv=0.2954 ptv_max=0.00105 global_ceil=309.48724 ring=0.00164 smooth=0.4050 laplacian=1.6042 anticollapse=0.00015 beam=0.74551 beam_ceil=657.19873 shell_inner=424.60858 shell_outer=424.24948 homogeneity=0.0418 body=0.00000 bowel=0.19421 femur=0.42400
2026-05-26 15:16:45 [INFO] Step 45/54 Loss=231.6761 mse=0.4924 v_opt=3.77913 v_mand=3.14529 ptv=0.2763 ptv_max=0.00086 global_ceil=164.86023 ring=0.00116 smooth=0.2513 laplacian=0.9915 anticollapse=0.00009 beam=0.75673 beam_ceil=273.77402 shell_inner=159.61314 shell_outer=150.68350 homogeneity=0.0371 body=0.00000 bowel=0.27540 femur=0.42491
2026-05-26 15:16:50 [INFO] Step 50/54 Loss=261.6016 mse=0.5817 v_opt=3.43305 v_mand=2.82918 ptv=0.2540 ptv_max=0.00026 global_ceil=184.96509 ring=0.00056 smooth=0.2918 laplacian=1.1511 anticollapse=0.00003 beam=0.75330 beam_ceil=340.11273 shell_inner=140.18549 shell_outer=114.12444 homogeneity=0.0302 body=0.00000 bowel=0.24338 femur=0.40003
2026-05-26 15:16:55 [INFO] Step 54/54 Loss=302.7147 mse=0.6874 v_opt=3.06982 v_mand=2.50639 ptv=0.3064 ptv_max=0.00095 global_ceil=295.58502 ring=0.00159 smooth=0.4085 laplacian=1.6135 anticollapse=0.00017 beam=0.75433 beam_ceil=299.26059 shell_inner=203.16521 shell_outer=156.91574 homogeneity=0.0427 body=0.00000 bowel=0.21073 femur=0.41241
2026-05-26 15:16:55 [INFO] Running validation at epoch 4...
2026-05-26 15:17:22 [INFO] Epoch 4 Summary: Train=405.4268 Val=0.0699 (MSE=0.0699)
          Metrics: PTV_D95=31.71Gy Bladder=58.74Gy Rectum=55.40Gy
          Metrics: Ring=56.49Gy Dmax=86.03Gy BG=56.18Gy
2026-05-26 15:17:22 [INFO] Saved best model val_loss=0.0699
2026-05-26 15:17:22 [INFO] Epoch 5/300 [RAMP 5/75 (7% of physics)] ramp=0.067 lr=1.00e-04
2026-05-26 15:17:29 [INFO] Step 5/54 Loss=303.2404 mse=0.5087 v_opt=3.70517 v_mand=3.07689 ptv=0.2701 ptv_max=0.00074 global_ceil=216.39081 ring=0.00103 smooth=0.2527 laplacian=0.9927 anticollapse=0.00007 beam=0.75027 beam_ceil=252.49365 shell_inner=158.58771 shell_outer=161.30139 homogeneity=0.0353 body=0.00000 bowel=0.43740 femur=0.43941
2026-05-26 15:17:35 [INFO] Step 10/54 Loss=566.0155 mse=0.7634 v_opt=3.26444 v_mand=2.67594 ptv=0.2965 ptv_max=0.00070 global_ceil=240.87762 ring=0.00105 smooth=0.3752 laplacian=1.4996 anticollapse=0.00014 beam=0.71828 beam_ceil=634.71112 shell_inner=336.07571 shell_outer=392.68835 homogeneity=0.0402 body=0.00000 bowel=0.23454 femur=0.40250
2026-05-26 15:17:41 [INFO] Step 15/54 Loss=438.2678 mse=0.6850 v_opt=3.71705 v_mand=3.08666 ptv=0.2910 ptv_max=0.00051 global_ceil=146.08719 ring=0.00064 smooth=0.2920 laplacian=1.1513 anticollapse=0.00013 beam=0.74073 beam_ceil=543.22168 shell_inner=232.21634 shell_outer=243.44444 homogeneity=0.0388 body=0.00000 bowel=0.00000 femur=0.40259
2026-05-26 15:17:46 [INFO] Step 20/54 Loss=399.3465 mse=0.5631 v_opt=3.43778 v_mand=2.83236 ptv=0.2277 ptv_max=0.00002 global_ceil=110.40565 ring=0.00010 smooth=0.2478 laplacian=0.9777 anticollapse=0.00000 beam=0.70806 beam_ceil=563.52216 shell_inner=64.30938 shell_outer=210.23961 homogeneity=0.0236 body=0.00000 bowel=0.00000 femur=0.00000
2026-05-26 15:17:52 [INFO] Step 25/54 Loss=231.4974 mse=0.5253 v_opt=3.29247 v_mand=2.69707 ptv=0.2368 ptv_max=0.00002 global_ceil=126.13243 ring=0.00012 smooth=0.2490 laplacian=0.9768 anticollapse=0.00001 beam=0.74108 beam_ceil=227.69901 shell_inner=61.26397 shell_outer=164.89656 homogeneity=0.0253 body=0.00000 bowel=0.00000 femur=0.00000
2026-05-26 15:17:58 [INFO] Step 30/54 Loss=445.4187 mse=0.7175 v_opt=3.11871 v_mand=2.55776 ptv=0.3171 ptv_max=0.00061 global_ceil=128.86197 ring=0.00095 smooth=0.3633 laplacian=1.4390 anticollapse=0.00024 beam=0.73464 beam_ceil=514.66125 shell_inner=422.46481 shell_outer=283.86972 homogeneity=0.0446 body=0.00000 bowel=0.17770 femur=0.41608
2026-05-26 15:18:04 [INFO] Step 35/54 Loss=382.3212 mse=0.6143 v_opt=3.09242 v_mand=2.53307 ptv=0.2847 ptv_max=0.00027 global_ceil=109.17637 ring=0.00038 smooth=0.2693 laplacian=1.0643 anticollapse=0.00011 beam=0.70809 beam_ceil=445.10718 shell_inner=272.86499 shell_outer=316.02936 homogeneity=0.0366 body=0.00000 bowel=0.25883 femur=0.40879
2026-05-26 15:18:10 [INFO] Step 40/54 Loss=320.9467 mse=0.5512 v_opt=3.67489 v_mand=3.05489 ptv=0.2050 ptv_max=0.00020 global_ceil=170.46982 ring=0.00038 smooth=0.1937 laplacian=0.7556 anticollapse=0.00001 beam=0.72474 beam_ceil=279.82312 shell_inner=152.40201 shell_outer=367.41501 homogeneity=0.0230 body=0.00000 bowel=0.00000 femur=0.46904
2026-05-26 15:18:16 [INFO] Step 45/54 Loss=349.4097 mse=0.5889 v_opt=3.50691 v_mand=2.88881 ptv=0.2836 ptv_max=0.00012 global_ceil=43.86533 ring=0.00018 smooth=0.2589 laplacian=1.0128 anticollapse=0.00011 beam=0.70309 beam_ceil=469.00955 shell_inner=218.14003 shell_outer=275.97055 homogeneity=0.0355 body=0.00000 bowel=0.11864 femur=0.40259
2026-05-26 15:18:21 [INFO] Step 50/54 Loss=444.9694 mse=0.7013 v_opt=3.39676 v_mand=2.79121 ptv=0.3156 ptv_max=0.00036 global_ceil=105.87071 ring=0.00044 smooth=0.3254 laplacian=1.2745 anticollapse=0.00024 beam=0.71020 beam_ceil=549.98602 shell_inner=308.56702 shell_outer=346.21863 homogeneity=0.0432 body=0.00000 bowel=0.13781 femur=0.40576
2026-05-26 15:18:26 [INFO] Step 54/54 Loss=123.9118 mse=0.4391 v_opt=3.69602 v_mand=3.07151 ptv=0.2092 ptv_max=0.00002 global_ceil=30.68783 ring=0.00006 smooth=0.1691 laplacian=0.6571 anticollapse=0.00000 beam=0.73028 beam_ceil=128.97169 shell_inner=44.63003 shell_outer=110.43536 homogeneity=0.0209 body=0.00000 bowel=0.00000 femur=0.00000
2026-05-26 15:18:26 [INFO] Running validation at epoch 5...
2026-05-26 15:18:52 [INFO] Epoch 5 Summary: Train=369.7332 Val=0.0663 (MSE=0.0663)
          Metrics: PTV_D95=31.57Gy Bladder=57.49Gy Rectum=54.65Gy
          Metrics: Ring=55.62Gy Dmax=80.57Gy BG=55.15Gy
2026-05-26 15:18:52 [INFO] Saved best model val_loss=0.0663
2026-05-26 15:18:52 [INFO] Epoch 6/300 [RAMP 6/75 (8% of physics)] ramp=0.080 lr=9.99e-05
2026-05-26 15:19:01 [INFO] Step 5/54 Loss=238.1727 mse=0.3913 v_opt=3.57580 v_mand=2.95503 ptv=0.2949 ptv_max=0.00020 global_ceil=45.40511 ring=0.00026 smooth=0.1713 laplacian=0.6739 anticollapse=0.00014 beam=0.73761 beam_ceil=228.57935 shell_inner=161.29002 shell_outer=143.32101 homogeneity=0.0378 body=0.00000 bowel=0.27165 femur=0.41915
2026-05-26 15:19:06 [INFO] Step 10/54 Loss=369.4300 mse=0.5928 v_opt=3.44828 v_mand=2.83901 ptv=0.2932 ptv_max=0.00006 global_ceil=20.02020 ring=0.00015 smooth=0.2495 laplacian=0.9718 anticollapse=0.00014 beam=0.70573 beam_ceil=394.17902 shell_inner=256.20786 shell_outer=315.55530 homogeneity=0.0365 body=0.00000 bowel=0.08373 femur=0.42235
2026-05-26 15:19:12 [INFO] Step 15/54 Loss=347.5338 mse=0.5872 v_opt=2.56763 v_mand=2.11582 ptv=0.2632 ptv_max=0.00004 global_ceil=14.90120 ring=0.00007 smooth=0.2330 laplacian=0.9123 anticollapse=0.00006 beam=0.70694 beam_ceil=382.54956 shell_inner=230.29855 shell_outer=287.44891 homogeneity=0.0307 body=0.00000 bowel=0.12144 femur=0.41836
2026-05-26 15:19:17 [INFO] Step 20/54 Loss=42.8241 mse=0.4935 v_opt=0.00000 v_mand=0.00000 ptv=0.0000 ptv_max=0.00000 global_ceil=47.07968 ring=0.00000 smooth=0.2323 laplacian=0.9112 anticollapse=0.00000 beam=0.73319 beam_ceil=0.00000 shell_inner=0.00000 shell_outer=0.00000 homogeneity=0.0000 body=0.00000 bowel=0.32417 femur=0.00000
2026-05-26 15:19:23 [INFO] Step 25/54 Loss=335.4760 mse=0.5296 v_opt=3.59780 v_mand=2.97745 ptv=0.2851 ptv_max=0.00009 global_ceil=24.15447 ring=0.00011 smooth=0.1887 laplacian=0.7427 anticollapse=0.00014 beam=0.71897 beam_ceil=341.38004 shell_inner=251.00366 shell_outer=296.31897 homogeneity=0.0354 body=0.00000 bowel=0.24734 femur=0.47622
2026-05-26 15:19:29 [INFO] Step 30/54 Loss=396.3762 mse=0.6459 v_opt=3.05263 v_mand=2.49283 ptv=0.2825 ptv_max=0.00001 global_ceil=16.27399 ring=0.00003 smooth=0.2589 laplacian=1.0260 anticollapse=0.00009 beam=0.71086 beam_ceil=460.07391 shell_inner=269.26169 shell_outer=237.67883 homogeneity=0.0329 body=0.00000 bowel=0.21102 femur=0.40630
2026-05-26 15:19:35 [INFO] Step 35/54 Loss=429.6638 mse=0.5794 v_opt=3.26398 v_mand=2.66707 ptv=0.3112 ptv_max=0.00008 global_ceil=16.63057 ring=0.00011 smooth=0.2911 laplacian=1.1573 anticollapse=0.00020 beam=0.69047 beam_ceil=512.34125 shell_inner=259.93597 shell_outer=262.74847 homogeneity=0.0402 body=0.00000 bowel=0.25932 femur=0.40547
2026-05-26 15:19:40 [INFO] Step 40/54 Loss=342.5553 mse=0.5414 v_opt=3.33920 v_mand=2.73699 ptv=0.2823 ptv_max=0.00004 global_ceil=0.96041 ring=0.00006 smooth=0.2111 laplacian=0.8251 anticollapse=0.00010 beam=0.67993 beam_ceil=381.29547 shell_inner=257.41724 shell_outer=277.30316 homogeneity=0.0338 body=0.00000 bowel=0.13633 femur=0.42148
2026-05-26 15:19:47 [INFO] Step 45/54 Loss=364.1124 mse=0.6071 v_opt=3.30829 v_mand=2.70552 ptv=0.2947 ptv_max=0.00000 global_ceil=1.81704 ring=0.00001 smooth=0.2576 laplacian=1.0065 anticollapse=0.00012 beam=0.69902 beam_ceil=434.71124 shell_inner=205.53192 shell_outer=249.97531 homogeneity=0.0350 body=0.00000 bowel=0.17139 femur=0.40060
2026-05-26 15:19:52 [INFO] Step 50/54 Loss=354.5007 mse=0.6330 v_opt=3.28527 v_mand=2.69049 ptv=0.2798 ptv_max=0.00003 global_ceil=4.74039 ring=0.00007 smooth=0.2362 laplacian=0.9362 anticollapse=0.00011 beam=0.70016 beam_ceil=383.43155 shell_inner=223.24710 shell_outer=349.51773 homogeneity=0.0337 body=0.00000 bowel=0.25786 femur=0.40122
2026-05-26 15:19:57 [INFO] Step 54/54 Loss=312.7610 mse=0.5630 v_opt=3.31607 v_mand=2.71704 ptv=0.2993 ptv_max=0.00001 global_ceil=7.83260 ring=0.00001 smooth=0.2063 laplacian=0.8150 anticollapse=0.00017 beam=0.71600 beam_ceil=338.68768 shell_inner=216.58012 shell_outer=262.20911 homogeneity=0.0365 body=0.00000 bowel=0.17144 femur=0.42405
2026-05-26 15:19:57 [INFO] Running validation at epoch 6...
2026-05-26 15:20:24 [INFO] Epoch 6 Summary: Train=314.6343 Val=0.0626 (MSE=0.0626)
          Metrics: PTV_D95=31.71Gy Bladder=56.28Gy Rectum=53.76Gy
          Metrics: Ring=54.68Gy Dmax=76.32Gy BG=54.11Gy
2026-05-26 15:20:24 [INFO] Saved best model val_loss=0.0626
2026-05-26 15:20:24 [INFO] Epoch 7/300 [RAMP 7/75 (9% of physics)] ramp=0.093 lr=9.99e-05
2026-05-26 15:20:31 [INFO] Step 5/54 Loss=386.7762 mse=0.5886 v_opt=3.36190 v_mand=2.75909 ptv=0.2899 ptv_max=0.00001 global_ceil=2.21574 ring=0.00001 smooth=0.2072 laplacian=0.8225 anticollapse=0.00014 beam=0.70719 beam_ceil=350.60083 shell_inner=249.59993 shell_outer=330.32651 homogeneity=0.0348 body=0.00000 bowel=0.27280 femur=0.42092
2026-05-26 15:20:37 [INFO] Step 10/54 Loss=361.1025 mse=0.5199 v_opt=3.38133 v_mand=2.77531 ptv=0.2656 ptv_max=0.00000 global_ceil=1.86026 ring=0.00000 smooth=0.1602 laplacian=0.6282 anticollapse=0.00008 beam=0.70146 beam_ceil=330.36823 shell_inner=187.13663 shell_outer=340.04391 homogeneity=0.0299 body=0.00000 bowel=0.53088 femur=0.44132
2026-05-26 15:20:43 [INFO] Step 15/54 Loss=189.4279 mse=0.4409 v_opt=3.39564 v_mand=2.78497 ptv=0.2638 ptv_max=0.00000 global_ceil=7.02712 ring=0.00000 smooth=0.1574 laplacian=0.6081 anticollapse=0.00007 beam=0.71840 beam_ceil=159.68739 shell_inner=92.17565 shell_outer=147.83264 homogeneity=0.0286 body=0.00000 bowel=0.31309 femur=0.43931
2026-05-26 15:20:48 [INFO] Step 20/54 Loss=376.3148 mse=0.5783 v_opt=3.20964 v_mand=2.61729 ptv=0.2762 ptv_max=0.00000 global_ceil=1.25113 ring=0.00000 smooth=0.1997 laplacian=0.7867 anticollapse=0.00007 beam=0.69748 beam_ceil=349.28400 shell_inner=211.33945 shell_outer=326.54160 homogeneity=0.0299 body=0.00000 bowel=0.29046 femur=0.39957
2026-05-26 15:20:55 [INFO] Step 25/54 Loss=366.1533 mse=0.5132 v_opt=3.34247 v_mand=2.73719 ptv=0.2826 ptv_max=0.00000 global_ceil=0.85707 ring=0.00000 smooth=0.1743 laplacian=0.6875 anticollapse=0.00011 beam=0.69521 beam_ceil=336.11899 shell_inner=222.99648 shell_outer=316.56866 homogeneity=0.0319 body=0.00000 bowel=0.34552 femur=0.42221
2026-05-26 15:21:00 [INFO] Step 30/54 Loss=22.7156 mse=0.2708 v_opt=2.10747 v_mand=1.80045 ptv=0.0000 ptv_max=0.00000 global_ceil=0.77681 ring=0.00000 smooth=0.0992 laplacian=0.3774 anticollapse=0.00000 beam=0.71679 beam_ceil=6.78450 shell_inner=0.00000 shell_outer=0.00000 homogeneity=0.0000 body=0.00000 bowel=0.00000 femur=0.00000
2026-05-26 15:21:06 [INFO] Step 35/54 Loss=341.5466 mse=0.5353 v_opt=3.45843 v_mand=2.84041 ptv=0.2695 ptv_max=0.00000 global_ceil=1.34429 ring=0.00000 smooth=0.1595 laplacian=0.6212 anticollapse=0.00005 beam=0.69673 beam_ceil=342.07352 shell_inner=141.97327 shell_outer=236.30219 homogeneity=0.0278 body=0.00000 bowel=0.24665 femur=0.56465
2026-05-26 15:21:12 [INFO] Step 40/54 Loss=414.9730 mse=0.5495 v_opt=2.93335 v_mand=2.37968 ptv=0.2908 ptv_max=0.00000 global_ceil=0.54100 ring=0.00000 smooth=0.1940 laplacian=0.7617 anticollapse=0.00013 beam=0.67394 beam_ceil=404.07425 shell_inner=249.06284 shell_outer=303.53845 homogeneity=0.0328 body=0.00000 bowel=0.25016 femur=0.43157
2026-05-26 15:21:18 [INFO] Step 45/54 Loss=292.1823 mse=0.5317 v_opt=3.21491 v_mand=2.61483 ptv=0.2692 ptv_max=0.00000 global_ceil=2.61503 ring=0.00000 smooth=0.1482 laplacian=0.5832 anticollapse=0.00004 beam=0.70017 beam_ceil=272.44772 shell_inner=150.87149 shell_outer=224.94208 homogeneity=0.0273 body=0.00000 bowel=0.36251 femur=0.54781
2026-05-26 15:21:23 [INFO] Step 50/54 Loss=303.1022 mse=0.4443 v_opt=2.99789 v_mand=2.42783 ptv=0.2920 ptv_max=0.00000 global_ceil=0.00000 ring=0.00000 smooth=0.1551 laplacian=0.5981 anticollapse=0.00010 beam=0.69163 beam_ceil=292.36038 shell_inner=151.70389 shell_outer=235.45016 homogeneity=0.0316 body=0.00000 bowel=0.23162 femur=0.48524
2026-05-26 15:21:28 [INFO] Step 54/54 Loss=225.7233 mse=0.3664 v_opt=3.18007 v_mand=2.58504 ptv=0.2689 ptv_max=0.00000 global_ceil=0.00000 ring=0.00000 smooth=0.1031 laplacian=0.3952 anticollapse=0.00004 beam=0.69624 beam_ceil=204.62213 shell_inner=101.08739 shell_outer=206.80655 homogeneity=0.0269 body=0.00000 bowel=0.35294 femur=0.46405
2026-05-26 15:21:28 [INFO] Running validation at epoch 7...
2026-05-26 15:21:54 [INFO] Epoch 7 Summary: Train=301.2845 Val=0.0597 (MSE=0.0597)
          Metrics: PTV_D95=31.63Gy Bladder=54.98Gy Rectum=52.37Gy
          Metrics: Ring=53.62Gy Dmax=73.26Gy BG=53.16Gy
2026-05-26 15:21:54 [INFO] Saved best model val_loss=0.0597
2026-05-26 15:21:54 [INFO] Epoch 8/300 [RAMP 8/75 (11% of physics)] ramp=0.107 lr=9.99e-05
2026-05-26 15:22:02 [INFO] Step 5/54 Loss=261.2178 mse=0.4775 v_opt=3.20166 v_mand=2.60192 ptv=0.2959 ptv_max=0.00000 global_ceil=1.76674 ring=0.00000 smooth=0.1452 laplacian=0.5599 anticollapse=0.00010 beam=0.70673 beam_ceil=220.60588 shell_inner=112.33536 shell_outer=136.00871 homogeneity=0.0317 body=0.00000 bowel=0.39231 femur=0.41118
2026-05-26 15:22:08 [INFO] Step 10/54 Loss=343.6234 mse=0.4230 v_opt=3.10798 v_mand=2.52385 ptv=0.2970 ptv_max=0.00000 global_ceil=0.04837 ring=0.00000 smooth=0.1240 laplacian=0.4817 anticollapse=0.00015 beam=0.69049 beam_ceil=305.14630 shell_inner=148.85027 shell_outer=183.66313 homogeneity=0.0335 body=0.00000 bowel=0.32417 femur=0.57866
2026-05-26 15:22:14 [INFO] Step 15/54 Loss=395.9920 mse=0.5473 v_opt=2.91234 v_mand=2.35259 ptv=0.2823 ptv_max=0.00000 global_ceil=0.74159 ring=0.00000 smooth=0.1617 laplacian=0.6329 anticollapse=0.00008 beam=0.68627 beam_ceil=333.53888 shell_inner=170.52304 shell_outer=289.12405 homogeneity=0.0295 body=0.00000 bowel=0.26694 femur=0.46747
2026-05-26 15:22:19 [INFO] Step 20/54 Loss=203.7339 mse=0.4048 v_opt=3.00341 v_mand=2.43368 ptv=0.2616 ptv_max=0.00000 global_ceil=1.64756 ring=0.00000 smooth=0.1133 laplacian=0.4396 anticollapse=0.00005 beam=0.69664 beam_ceil=152.99883 shell_inner=77.79857 shell_outer=170.93033 homogeneity=0.0260 body=0.00000 bowel=0.00000 femur=0.56871
2026-05-26 15:22:25 [INFO] Step 25/54 Loss=163.5071 mse=0.3932 v_opt=3.04517 v_mand=2.46928 ptv=0.2629 ptv_max=0.00000 global_ceil=0.23221 ring=0.00000 smooth=0.1207 laplacian=0.4713 anticollapse=0.00004 beam=0.69938 beam_ceil=118.34449 shell_inner=46.98852 shell_outer=151.58835 homogeneity=0.0260 body=0.00000 bowel=0.00000 femur=0.00000
2026-05-26 15:22:31 [INFO] Step 30/54 Loss=249.5644 mse=0.3760 v_opt=3.07930 v_mand=2.48975 ptv=0.2977 ptv_max=0.00000 global_ceil=0.05240 ring=0.00000 smooth=0.1050 laplacian=0.4076 anticollapse=0.00013 beam=0.70280 beam_ceil=216.67249 shell_inner=107.33279 shell_outer=121.85391 homogeneity=0.0321 body=0.00000 bowel=0.32658 femur=0.70301
2026-05-26 15:22:37 [INFO] Step 35/54 Loss=350.3911 mse=0.5197 v_opt=2.99491 v_mand=2.41660 ptv=0.2849 ptv_max=0.00000 global_ceil=1.10598 ring=0.00000 smooth=0.1552 laplacian=0.6021 anticollapse=0.00008 beam=0.68976 beam_ceil=285.68997 shell_inner=137.53662 shell_outer=288.14487 homogeneity=0.0293 body=0.00000 bowel=0.19144 femur=0.55041
2026-05-26 15:22:42 [INFO] Step 40/54 Loss=162.8533 mse=0.5140 v_opt=2.94524 v_mand=2.37400 ptv=0.2589 ptv_max=0.00000 global_ceil=0.02169 ring=0.00000 smooth=0.1463 laplacian=0.5696 anticollapse=0.00001 beam=0.69145 beam_ceil=123.73036 shell_inner=29.48219 shell_outer=134.85623 homogeneity=0.0236 body=0.00000 bowel=0.00000 femur=0.00000
2026-05-26 15:22:48 [INFO] Step 45/54 Loss=226.9203 mse=0.4017 v_opt=3.18961 v_mand=2.59395 ptv=0.2405 ptv_max=0.00000 global_ceil=2.07988 ring=0.00000 smooth=0.0976 laplacian=0.3691 anticollapse=0.00001 beam=0.68971 beam_ceil=173.21719 shell_inner=74.08556 shell_outer=201.74063 homogeneity=0.0207 body=0.00000 bowel=0.00000 femur=0.73662
2026-05-26 15:22:54 [INFO] Step 50/54 Loss=66.2531 mse=0.4079 v_opt=1.23472 v_mand=0.93575 ptv=0.2269 ptv_max=0.00000 global_ceil=2.84936 ring=0.00000 smooth=0.1199 laplacian=0.4524 anticollapse=0.00000 beam=0.69791 beam_ceil=38.81160 shell_inner=12.22951 shell_outer=48.94115 homogeneity=0.0186 body=0.00000 bowel=0.55983 femur=0.92799
2026-05-26 15:22:58 [INFO] Step 54/54 Loss=171.5514 mse=0.2755 v_opt=2.77796 v_mand=2.23080 ptv=0.2964 ptv_max=0.00000 global_ceil=0.04723 ring=0.00000 smooth=0.0874 laplacian=0.3325 anticollapse=0.00013 beam=0.68189 beam_ceil=117.55185 shell_inner=94.93716 shell_outer=159.95056 homogeneity=0.0321 body=0.00000 bowel=0.38341 femur=0.48887
2026-05-26 15:22:59 [INFO] Running validation at epoch 8...
2026-05-26 15:23:26 [INFO] Epoch 8 Summary: Train=300.7686 Val=0.0573 (MSE=0.0573)
          Metrics: PTV_D95=31.50Gy Bladder=53.84Gy Rectum=51.73Gy
          Metrics: Ring=52.78Gy Dmax=70.86Gy BG=52.35Gy
2026-05-26 15:23:26 [INFO] Saved best model val_loss=0.0573
2026-05-26 15:23:26 [INFO] Epoch 9/300 [RAMP 9/75 (12% of physics)] ramp=0.120 lr=9.98e-05
2026-05-26 15:23:33 [INFO] Step 5/54 Loss=405.9183 mse=0.4395 v_opt=2.88351 v_mand=2.31530 ptv=0.3003 ptv_max=0.00000 global_ceil=0.15823 ring=0.00000 smooth=0.1303 laplacian=0.5075 anticollapse=0.00012 beam=0.67015 beam_ceil=307.95267 shell_inner=182.41263 shell_outer=229.58813 homogeneity=0.0313 body=0.00000 bowel=0.26596 femur=0.58628
2026-05-26 15:23:38 [INFO] Step 10/54 Loss=448.2122 mse=0.5154 v_opt=2.89732 v_mand=2.32683 ptv=0.3088 ptv_max=0.00000 global_ceil=0.07755 ring=0.00000 smooth=0.1525 laplacian=0.5998 anticollapse=0.00016 beam=0.67412 beam_ceil=351.53549 shell_inner=173.16519 shell_outer=242.86584 homogeneity=0.0334 body=0.00000 bowel=0.34961 femur=0.55253
2026-05-26 15:23:44 [INFO] Step 15/54 Loss=398.0026 mse=0.5926 v_opt=2.90210 v_mand=2.33115 ptv=0.2763 ptv_max=0.00000 global_ceil=0.02047 ring=0.00000 smooth=0.1162 laplacian=0.4505 anticollapse=0.00003 beam=0.67552 beam_ceil=335.13800 shell_inner=56.33483 shell_outer=210.15445 homogeneity=0.0262 body=0.00000 bowel=0.00000 femur=0.00000
2026-05-26 15:23:49 [INFO] Step 20/54 Loss=349.2920 mse=0.4121 v_opt=2.95912 v_mand=2.38138 ptv=0.2960 ptv_max=0.00000 global_ceil=0.00000 ring=0.00000 smooth=0.1091 laplacian=0.4269 anticollapse=0.00009 beam=0.66941 beam_ceil=266.80661 shell_inner=154.78061 shell_outer=176.00629 homogeneity=0.0299 body=0.00000 bowel=0.44938 femur=0.62265
2026-05-26 15:23:56 [INFO] Step 25/54 Loss=420.1435 mse=0.4887 v_opt=2.65145 v_mand=2.11813 ptv=0.3137 ptv_max=0.00000 global_ceil=0.00000 ring=0.00000 smooth=0.1492 laplacian=0.5840 anticollapse=0.00015 beam=0.66803 beam_ceil=319.04456 shell_inner=192.85330 shell_outer=237.02226 homogeneity=0.0334 body=0.00000 bowel=0.32836 femur=0.51693
2026-05-26 15:24:01 [INFO] Step 30/54 Loss=223.3001 mse=0.4373 v_opt=2.92699 v_mand=2.35409 ptv=0.2671 ptv_max=0.00000 global_ceil=0.00000 ring=0.00000 smooth=0.1013 laplacian=0.3872 anticollapse=0.00001 beam=0.68095 beam_ceil=144.06177 shell_inner=56.63949 shell_outer=214.32339 homogeneity=0.0240 body=0.00000 bowel=0.00000 femur=0.00000
2026-05-26 15:24:07 [INFO] Step 35/54 Loss=290.3823 mse=0.3534 v_opt=2.79789 v_mand=2.23647 ptv=0.2810 ptv_max=0.00000 global_ceil=0.00000 ring=0.00000 smooth=0.0919 laplacian=0.3550 anticollapse=0.00002 beam=0.67166 beam_ceil=252.71286 shell_inner=29.14540 shell_outer=125.76574 homogeneity=0.0258 body=0.00000 bowel=0.00000 femur=0.00000
2026-05-26 15:24:13 [INFO] Step 40/54 Loss=368.7524 mse=0.4957 v_opt=2.80613 v_mand=2.24572 ptv=0.2949 ptv_max=0.00000 global_ceil=0.56578 ring=0.00000 smooth=0.1187 laplacian=0.4615 anticollapse=0.00007 beam=0.67893 beam_ceil=274.46133 shell_inner=126.14825 shell_outer=249.93646 homogeneity=0.0290 body=0.00000 bowel=0.33949 femur=0.70945
2026-05-26 15:24:19 [INFO] Step 45/54 Loss=181.9054 mse=0.3333 v_opt=2.84614 v_mand=2.27962 ptv=0.3222 ptv_max=0.00000 global_ceil=0.52540 ring=0.00000 smooth=0.0878 laplacian=0.3374 anticollapse=0.00019 beam=0.69181 beam_ceil=120.26035 shell_inner=92.09297 shell_outer=99.45704 homogeneity=0.0345 body=0.00000 bowel=0.38063 femur=0.71059
2026-05-26 15:24:24 [INFO] Step 50/54 Loss=373.5773 mse=0.4564 v_opt=2.80988 v_mand=2.24774 ptv=0.3230 ptv_max=0.00000 global_ceil=0.00000 ring=0.00000 smooth=0.1247 laplacian=0.4814 anticollapse=0.00016 beam=0.66525 beam_ceil=284.33679 shell_inner=167.56119 shell_outer=198.82980 homogeneity=0.0345 body=0.00000 bowel=0.26302 femur=0.57259
2026-05-26 15:24:29 [INFO] Step 54/54 Loss=356.5204 mse=0.4503 v_opt=2.78006 v_mand=2.22242 ptv=0.3196 ptv_max=0.00000 global_ceil=0.00000 ring=0.00000 smooth=0.1249 laplacian=0.4836 anticollapse=0.00016 beam=0.67534 beam_ceil=255.25447 shell_inner=152.76756 shell_outer=251.36923 homogeneity=0.0336 body=0.00000 bowel=0.45654 femur=0.57292
2026-05-26 15:24:29 [INFO] Running validation at epoch 9...
2026-05-26 15:24:56 [INFO] Epoch 9 Summary: Train=297.6764 Val=0.0553 (MSE=0.0553)
          Metrics: PTV_D95=31.34Gy Bladder=52.80Gy Rectum=50.96Gy
          Metrics: Ring=51.96Gy Dmax=68.74Gy BG=51.65Gy
2026-05-26 15:24:56 [INFO] Saved best model val_loss=0.0553
2026-05-26 15:24:56 [INFO] Epoch 10/300 [RAMP 10/75 (13% of physics)] ramp=0.133 lr=9.98e-05
2026-05-26 15:25:03 [INFO] Step 5/54 Loss=333.7931 mse=0.4349 v_opt=2.79874 v_mand=2.23939 ptv=0.3260 ptv_max=0.00000 global_ceil=0.52505 ring=0.00000 smooth=0.1069 laplacian=0.4137 anticollapse=0.00021 beam=0.67877 beam_ceil=224.93399 shell_inner=123.59181 shell_outer=163.31496 homogeneity=0.0353 body=0.00000 bowel=0.45507 femur=0.76318
2026-05-26 15:25:08 [INFO] Step 10/54 Loss=358.2018 mse=0.4236 v_opt=2.49698 v_mand=1.97968 ptv=0.3180 ptv_max=0.00000 global_ceil=0.00000 ring=0.00000 smooth=0.1172 laplacian=0.4510 anticollapse=0.00012 beam=0.67662 beam_ceil=242.48474 shell_inner=125.99939 shell_outer=197.49243 homogeneity=0.0327 body=0.00000 bowel=0.40663 femur=0.63266
2026-05-26 15:25:15 [INFO] Step 15/54 Loss=347.9341 mse=0.4318 v_opt=2.71304 v_mand=2.16200 ptv=0.3117 ptv_max=0.00000 global_ceil=0.00000 ring=0.00000 smooth=0.1132 laplacian=0.4313 anticollapse=0.00007 beam=0.66994 beam_ceil=216.50528 shell_inner=137.18004 shell_outer=241.05270 homogeneity=0.0311 body=0.00000 bowel=0.29536 femur=0.56900
2026-05-26 15:25:20 [INFO] Step 20/54 Loss=281.0985 mse=0.4221 v_opt=2.76600 v_mand=2.20951 ptv=0.2854 ptv_max=0.00000 global_ceil=0.00000 ring=0.00000 smooth=0.0996 laplacian=0.3819 anticollapse=0.00001 beam=0.67357 beam_ceil=203.37486 shell_inner=43.21590 shell_outer=138.72525 homogeneity=0.0257 body=0.00000 bowel=0.00000 femur=0.00000
2026-05-26 15:25:26 [INFO] Step 25/54 Loss=131.4009 mse=0.3539 v_opt=0.00000 v_mand=0.00000 ptv=0.3052 ptv_max=0.00000 global_ceil=0.00000 ring=0.00000 smooth=0.0839 laplacian=0.3151 anticollapse=0.00003 beam=0.68631 beam_ceil=110.50610 shell_inner=2.99370 shell_outer=20.74086 homogeneity=0.0292 body=0.00000 bowel=0.65259 femur=0.88169
2026-05-26 15:25:31 [INFO] Step 30/54 Loss=379.7343 mse=0.4934 v_opt=2.57756 v_mand=2.04594 ptv=0.3162 ptv_max=0.00000 global_ceil=0.00000 ring=0.00000 smooth=0.1168 laplacian=0.4595 anticollapse=0.00011 beam=0.67568 beam_ceil=259.53372 shell_inner=127.45624 shell_outer=202.86093 homogeneity=0.0320 body=0.00000 bowel=0.54302 femur=0.77286
2026-05-26 15:25:38 [INFO] Step 35/54 Loss=332.9409 mse=0.4265 v_opt=2.75165 v_mand=2.19946 ptv=0.3179 ptv_max=0.00000 global_ceil=0.01089 ring=0.00000 smooth=0.1044 laplacian=0.4038 anticollapse=0.00009 beam=0.67413 beam_ceil=198.03720 shell_inner=130.49699 shell_outer=257.41132 homogeneity=0.0317 body=0.00000 bowel=0.49037 femur=0.83651
2026-05-26 15:25:43 [INFO] Step 40/54 Loss=338.6528 mse=0.4706 v_opt=2.45490 v_mand=1.95052 ptv=0.3250 ptv_max=0.00000 global_ceil=0.01104 ring=0.00000 smooth=0.1091 laplacian=0.4263 anticollapse=0.00011 beam=0.67230 beam_ceil=209.91396 shell_inner=118.15204 shell_outer=248.75497 homogeneity=0.0331 body=0.00000 bowel=0.52671 femur=0.81407
2026-05-26 15:25:50 [INFO] Step 45/54 Loss=188.3173 mse=0.5441 v_opt=2.70072 v_mand=2.15107 ptv=0.2995 ptv_max=0.00000 global_ceil=0.00000 ring=0.00000 smooth=0.1195 laplacian=0.4733 anticollapse=0.00003 beam=0.67447 beam_ceil=103.08579 shell_inner=34.31969 shell_outer=165.46960 homogeneity=0.0282 body=0.00000 bowel=0.00000 femur=0.00000
2026-05-26 15:25:55 [INFO] Step 50/54 Loss=211.9184 mse=0.4785 v_opt=2.62918 v_mand=2.08844 ptv=0.3044 ptv_max=0.00000 global_ceil=0.00000 ring=0.00000 smooth=0.1090 laplacian=0.4242 anticollapse=0.00003 beam=0.67592 beam_ceil=133.07941 shell_inner=35.07977 shell_outer=148.58273 homogeneity=0.0287 body=0.00000 bowel=0.00000 femur=0.00000
2026-05-26 15:26:00 [INFO] Step 54/54 Loss=385.2951 mse=0.4538 v_opt=2.64360 v_mand=2.10049 ptv=0.3308 ptv_max=0.00000 global_ceil=0.00000 ring=0.00000 smooth=0.1186 laplacian=0.4624 anticollapse=0.00012 beam=0.66619 beam_ceil=274.92917 shell_inner=114.18608 shell_outer=181.71846 homogeneity=0.0338 body=0.00000 bowel=0.55258 femur=0.71610
2026-05-26 15:26:00 [INFO] Running validation at epoch 10...
2026-05-26 15:26:27 [INFO] Epoch 10 Summary: Train=289.9559 Val=0.0537 (MSE=0.0537)
          Metrics: PTV_D95=31.10Gy Bladder=51.82Gy Rectum=50.19Gy
          Metrics: Ring=51.16Gy Dmax=68.05Gy BG=51.04Gy
2026-05-26 15:26:27 [INFO] Saved best model val_loss=0.0537
2026-05-26 15:26:27 [INFO] Epoch 11/300 [RAMP 11/75 (15% of physics)] ramp=0.147 lr=9.97e-05
2026-05-26 15:26:34 [INFO] Step 5/54 Loss=432.9824 mse=0.4834 v_opt=2.50867 v_mand=1.98689 ptv=0.3364 ptv_max=0.00000 global_ceil=0.00000 ring=0.00000 smooth=0.1167 laplacian=0.4577 anticollapse=0.00016 beam=0.66859 beam_ceil=262.72989 shell_inner=150.26242 shell_outer=225.97383 homogeneity=0.0350 body=0.00000 bowel=0.58415 femur=0.84515
2026-05-26 15:26:39 [INFO] Step 10/54 Loss=412.6379 mse=0.4522 v_opt=2.40454 v_mand=1.89711 ptv=0.3398 ptv_max=0.00000 global_ceil=0.00000 ring=0.00000 smooth=0.1202 laplacian=0.4689 anticollapse=0.00015 beam=0.64235 beam_ceil=265.47473 shell_inner=132.96350 shell_outer=170.18427 homogeneity=0.0355 body=0.00000 bowel=0.47621 femur=0.74794
2026-05-26 15:26:45 [INFO] Step 15/54 Loss=420.4311 mse=0.4669 v_opt=2.63969 v_mand=2.09726 ptv=0.3451 ptv_max=0.00000 global_ceil=0.00000 ring=0.00000 smooth=0.1164 laplacian=0.4599 anticollapse=0.00021 beam=0.66707 beam_ceil=261.57748 shell_inner=139.21559 shell_outer=197.08441 homogeneity=0.0368 body=0.00000 bowel=0.57660 femur=0.83571
2026-05-26 15:26:51 [INFO] Step 20/54 Loss=301.7108 mse=0.4507 v_opt=2.29611 v_mand=1.80873 ptv=0.3258 ptv_max=0.00000 global_ceil=0.00000 ring=0.00000 smooth=0.1060 laplacian=0.4054 anticollapse=0.00007 beam=0.66890 beam_ceil=171.50702 shell_inner=77.60315 shell_outer=202.08868 homogeneity=0.0323 body=0.00000 bowel=0.50293 femur=0.73200
2026-05-26 15:26:57 [INFO] Step 25/54 Loss=309.6249 mse=0.3797 v_opt=2.65114 v_mand=2.10758 ptv=0.3303 ptv_max=0.00000 global_ceil=0.00000 ring=0.00000 smooth=0.0935 laplacian=0.3612 anticollapse=0.00007 beam=0.65685 beam_ceil=195.53647 shell_inner=71.53350 shell_outer=142.86728 homogeneity=0.0328 body=0.00000 bowel=0.57417 femur=0.74680
2026-05-26 15:27:02 [INFO] Step 30/54 Loss=271.2207 mse=0.3806 v_opt=2.63406 v_mand=2.09524 ptv=0.3124 ptv_max=0.00000 global_ceil=0.00000 ring=0.00000 smooth=0.0852 laplacian=0.3263 anticollapse=0.00002 beam=0.66625 beam_ceil=167.42693 shell_inner=40.91039 shell_outer=156.43294 homogeneity=0.0293 body=0.00000 bowel=0.00000 femur=0.00000
2026-05-26 15:27:09 [INFO] Step 35/54 Loss=369.4300 mse=0.3852 v_opt=2.59171 v_mand=2.05489 ptv=0.3483 ptv_max=0.00000 global_ceil=0.00000 ring=0.00000 smooth=0.1138 laplacian=0.4435 anticollapse=0.00020 beam=0.00000 beam_ceil=214.52794 shell_inner=170.18456 shell_outer=185.85876 homogeneity=0.0371 body=0.00000 bowel=0.56066 femur=0.70949
2026-05-26 15:27:14 [INFO] Step 40/54 Loss=230.2364 mse=0.3980 v_opt=2.58517 v_mand=2.05081 ptv=0.3246 ptv_max=0.00000 global_ceil=0.00000 ring=0.00000 smooth=0.0851 laplacian=0.3232 anticollapse=0.00007 beam=0.67237 beam_ceil=147.82300 shell_inner=26.20575 shell_outer=104.40748 homogeneity=0.0319 body=0.00000 bowel=0.00000 femur=0.00000
2026-05-26 15:27:20 [INFO] Step 45/54 Loss=376.6771 mse=0.4225 v_opt=2.21669 v_mand=1.74182 ptv=0.3540 ptv_max=0.00000 global_ceil=0.00000 ring=0.00000 smooth=0.1125 laplacian=0.4395 anticollapse=0.00021 beam=0.66438 beam_ceil=229.02240 shell_inner=135.49574 shell_outer=187.35800 homogeneity=0.0380 body=0.00000 bowel=0.54440 femur=0.77746
2026-05-26 15:27:26 [INFO] Step 50/54 Loss=251.9116 mse=0.4266 v_opt=2.52242 v_mand=1.99503 ptv=0.3417 ptv_max=0.00000 global_ceil=0.00000 ring=0.00000 smooth=0.1070 laplacian=0.4106 anticollapse=0.00011 beam=0.67380 beam_ceil=146.57886 shell_inner=65.56378 shell_outer=134.41873 homogeneity=0.0350 body=0.00000 bowel=0.51373 femur=0.78534
2026-05-26 15:27:30 [INFO] Step 54/54 Loss=326.2977 mse=0.4602 v_opt=2.65440 v_mand=2.11628 ptv=0.3343 ptv_max=0.00000 global_ceil=0.00000 ring=0.00000 smooth=0.1058 laplacian=0.4087 anticollapse=0.00008 beam=0.66567 beam_ceil=169.27640 shell_inner=101.42526 shell_outer=261.14059 homogeneity=0.0333 body=0.00000 bowel=0.54076 femur=0.75547
2026-05-26 15:27:30 [INFO] Running validation at epoch 11...
2026-05-26 15:27:57 [INFO] Epoch 11 Summary: Train=299.8624 Val=0.0523 (MSE=0.0523)
          Metrics: PTV_D95=30.84Gy Bladder=50.96Gy Rectum=49.49Gy
          Metrics: Ring=50.46Gy Dmax=67.15Gy BG=50.47Gy
2026-05-26 15:27:57 [INFO] Saved best model val_loss=0.0523
2026-05-26 15:27:57 [INFO] Epoch 12/300 [RAMP 12/75 (16% of physics)] ramp=0.160 lr=9.97e-05
2026-05-26 15:28:04 [INFO] Step 5/54 Loss=114.2069 mse=0.4704 v_opt=2.66967 v_mand=2.12844 ptv=0.3206 ptv_max=0.00000 global_ceil=0.00000 ring=0.00000 smooth=0.1045 laplacian=0.4068 anticollapse=0.00002 beam=0.66765 beam_ceil=44.25312 shell_inner=14.64939 shell_outer=71.38775 homogeneity=0.0304 body=0.00000 bowel=0.00000 femur=0.00000
2026-05-26 15:28:10 [INFO] Step 10/54 Loss=283.5874 mse=0.3009 v_opt=2.61723 v_mand=2.08196 ptv=0.3460 ptv_max=0.00000 global_ceil=0.00000 ring=0.00000 smooth=0.0654 laplacian=0.2501 anticollapse=0.00013 beam=0.66797 beam_ceil=155.56380 shell_inner=80.28171 shell_outer=124.25699 homogeneity=0.0355 body=0.00000 bowel=0.50957 femur=0.83342
2026-05-26 15:28:16 [INFO] Step 15/54 Loss=295.7620 mse=0.3714 v_opt=2.55221 v_mand=2.02287 ptv=0.3422 ptv_max=0.00000 global_ceil=0.00000 ring=0.00000 smooth=0.0840 laplacian=0.3286 anticollapse=0.00009 beam=0.66251 beam_ceil=139.69972 shell_inner=93.28019 shell_outer=204.80792 homogeneity=0.0345 body=0.00000 bowel=0.51624 femur=0.80914
2026-05-26 15:28:21 [INFO] Step 20/54 Loss=365.2855 mse=0.3920 v_opt=2.56117 v_mand=2.02909 ptv=0.3492 ptv_max=0.00000 global_ceil=0.00000 ring=0.00000 smooth=0.0985 laplacian=0.3794 anticollapse=0.00010 beam=0.65980 beam_ceil=198.26230 shell_inner=107.21399 shell_outer=186.53424 homogeneity=0.0357 body=0.00000 bowel=0.50186 femur=0.83922
2026-05-26 15:28:28 [INFO] Step 25/54 Loss=376.9370 mse=0.4095 v_opt=2.49357 v_mand=1.97144 ptv=0.3533 ptv_max=0.00000 global_ceil=0.00000 ring=0.00000 smooth=0.1059 laplacian=0.4128 anticollapse=0.00018 beam=0.66212 beam_ceil=196.21690 shell_inner=121.04434 shell_outer=217.81171 homogeneity=0.0371 body=0.00000 bowel=0.38272 femur=0.80731
2026-05-26 15:28:33 [INFO] Step 30/54 Loss=161.6892 mse=0.3333 v_opt=2.61753 v_mand=2.08467 ptv=0.3311 ptv_max=0.00000 global_ceil=0.00000 ring=0.00000 smooth=0.0828 laplacian=0.3132 anticollapse=0.00005 beam=0.66705 beam_ceil=62.76508 shell_inner=38.18969 shell_outer=130.78343 homogeneity=0.0323 body=0.00000 bowel=0.59320 femur=0.71663
2026-05-26 15:28:39 [INFO] Step 35/54 Loss=338.0593 mse=0.3650 v_opt=2.50809 v_mand=1.98498 ptv=0.3498 ptv_max=0.00000 global_ceil=0.00000 ring=0.00000 smooth=0.0872 laplacian=0.3354 anticollapse=0.00010 beam=0.65658 beam_ceil=165.94740 shell_inner=108.03465 shell_outer=227.01537 homogeneity=0.0357 body=0.00000 bowel=0.34998 femur=0.71142
2026-05-26 15:28:45 [INFO] Step 40/54 Loss=249.0366 mse=0.3783 v_opt=2.29714 v_mand=1.80178 ptv=0.3710 ptv_max=0.00000 global_ceil=0.00634 ring=0.00000 smooth=0.0949 laplacian=0.3726 anticollapse=0.00023 beam=0.66787 beam_ceil=136.59613 shell_inner=70.08366 shell_outer=98.64207 homogeneity=0.0402 body=0.00000 bowel=0.49150 femur=0.78770
2026-05-26 15:28:51 [INFO] Step 45/54 Loss=358.8435 mse=0.5046 v_opt=2.54208 v_mand=2.01466 ptv=0.3465 ptv_max=0.00000 global_ceil=0.00000 ring=0.00000 smooth=0.0851 laplacian=0.3287 anticollapse=0.00005 beam=0.65703 beam_ceil=214.47070 shell_inner=38.58327 shell_outer=174.00781 homogeneity=0.0344 body=0.00000 bowel=0.00000 femur=0.00000
2026-05-26 15:28:56 [INFO] Step 50/54 Loss=299.2465 mse=0.4258 v_opt=2.08233 v_mand=1.62761 ptv=0.3973 ptv_max=0.00000 global_ceil=0.00000 ring=0.00000 smooth=0.1091 laplacian=0.4021 anticollapse=0.00032 beam=0.66240 beam_ceil=137.84799 shell_inner=92.34515 shell_outer=231.53603 homogeneity=0.0452 body=0.00000 bowel=0.18085 femur=0.78369
2026-05-26 15:29:01 [INFO] Step 54/54 Loss=368.0391 mse=0.3981 v_opt=2.52996 v_mand=2.00477 ptv=0.3596 ptv_max=0.00000 global_ceil=0.00000 ring=0.00000 smooth=0.0973 laplacian=0.3805 anticollapse=0.00015 beam=0.65489 beam_ceil=197.60156 shell_inner=114.12640 shell_outer=191.29631 homogeneity=0.0375 body=0.00000 bowel=0.48194 femur=0.77429
2026-05-26 15:29:01 [INFO] Running validation at epoch 12...
2026-05-26 15:29:28 [INFO] Epoch 12 Summary: Train=299.4336 Val=0.0510 (MSE=0.0510)
          Metrics: PTV_D95=30.37Gy Bladder=50.22Gy Rectum=48.79Gy
          Metrics: Ring=49.79Gy Dmax=65.06Gy BG=49.89Gy
2026-05-26 15:29:28 [INFO] Saved best model val_loss=0.0510
2026-05-26 15:29:28 [INFO] Epoch 13/300 [RAMP 13/75 (17% of physics)] ramp=0.173 lr=9.96e-05
2026-05-26 15:29:35 [INFO] Step 5/54 Loss=403.6216 mse=0.4401 v_opt=2.49270 v_mand=1.96965 ptv=0.3698 ptv_max=0.00000 global_ceil=0.00000 ring=0.00000 smooth=0.1087 laplacian=0.4267 anticollapse=0.00022 beam=0.65891 beam_ceil=198.70763 shell_inner=101.93332 shell_outer=212.98947 homogeneity=0.0398 body=0.00000 bowel=0.55702 femur=0.76439
2026-05-26 15:29:40 [INFO] Step 10/54 Loss=350.2473 mse=0.3358 v_opt=2.46141 v_mand=1.94043 ptv=0.3713 ptv_max=0.00000 global_ceil=0.00000 ring=0.00000 smooth=0.0790 laplacian=0.3033 anticollapse=0.00020 beam=0.65937 beam_ceil=189.20282 shell_inner=62.54224 shell_outer=143.50534 homogeneity=0.0398 body=0.00000 bowel=0.51557 femur=0.65534
2026-05-26 15:29:47 [INFO] Step 15/54 Loss=390.6658 mse=0.3434 v_opt=2.44192 v_mand=1.93079 ptv=0.3697 ptv_max=0.00000 global_ceil=0.00000 ring=0.00000 smooth=0.0822 laplacian=0.3195 anticollapse=0.00015 beam=0.64580 beam_ceil=198.55554 shell_inner=115.55235 shell_outer=172.28711 homogeneity=0.0388 body=0.00000 bowel=0.42031 femur=0.71840
2026-05-26 15:29:52 [INFO] Step 20/54 Loss=291.7847 mse=0.3670 v_opt=2.64776 v_mand=2.11013 ptv=0.3527 ptv_max=0.00000 global_ceil=0.00000 ring=0.00000 smooth=0.0800 laplacian=0.2974 anticollapse=0.00004 beam=0.65759 beam_ceil=134.91838 shell_inner=57.21738 shell_outer=177.80771 homogeneity=0.0349 body=0.00000 bowel=0.36793 femur=0.78347
2026-05-26 15:29:58 [INFO] Step 25/54 Loss=225.1930 mse=0.3473 v_opt=2.59048 v_mand=2.05808 ptv=0.3872 ptv_max=0.00000 global_ceil=0.00000 ring=0.00000 smooth=0.0938 laplacian=0.3498 anticollapse=0.00024 beam=0.66281 beam_ceil=100.97806 shell_inner=70.04080 shell_outer=106.50298 homogeneity=0.0424 body=0.00000 bowel=0.33721 femur=0.00000
2026-05-26 15:30:04 [INFO] Step 30/54 Loss=401.5858 mse=0.4489 v_opt=2.51992 v_mand=1.99535 ptv=0.3754 ptv_max=0.00000 global_ceil=0.00000 ring=0.00000 smooth=0.1065 laplacian=0.4145 anticollapse=0.00016 beam=0.65344 beam_ceil=195.35739 shell_inner=109.02030 shell_outer=215.76721 homogeneity=0.0399 body=0.00000 bowel=0.00000 femur=0.71624
2026-05-26 15:30:10 [INFO] Step 35/54 Loss=212.3985 mse=0.4253 v_opt=2.45921 v_mand=1.94207 ptv=0.3595 ptv_max=0.00000 global_ceil=0.00000 ring=0.00000 smooth=0.0938 laplacian=0.3628 anticollapse=0.00005 beam=0.65793 beam_ceil=100.39455 shell_inner=22.78699 shell_outer=119.32232 homogeneity=0.0360 body=0.00000 bowel=0.00000 femur=0.00000
2026-05-26 15:30:15 [INFO] Step 40/54 Loss=194.0726 mse=0.1698 v_opt=2.52044 v_mand=1.99675 ptv=0.3725 ptv_max=0.00000 global_ceil=0.00000 ring=0.00000 smooth=0.0505 laplacian=0.1877 anticollapse=0.00016 beam=0.65679 beam_ceil=82.48170 shell_inner=61.34011 shell_outer=106.06153 homogeneity=0.0393 body=0.00000 bowel=0.40724 femur=0.65547
2026-05-26 15:30:22 [INFO] Step 45/54 Loss=358.4006 mse=0.4036 v_opt=2.50695 v_mand=1.98470 ptv=0.3992 ptv_max=0.00000 global_ceil=0.00000 ring=0.00000 smooth=0.0979 laplacian=0.3737 anticollapse=0.00023 beam=0.65537 beam_ceil=160.77930 shell_inner=112.70831 shell_outer=219.56960 homogeneity=0.0443 body=0.00000 bowel=0.23293 femur=0.56386
2026-05-26 15:30:28 [INFO] Step 50/54 Loss=405.7441 mse=0.4378 v_opt=2.23960 v_mand=1.75378 ptv=0.3837 ptv_max=0.00000 global_ceil=0.00000 ring=0.00000 smooth=0.1144 laplacian=0.4472 anticollapse=0.00020 beam=0.65109 beam_ceil=213.84813 shell_inner=109.92377 shell_outer=162.07922 homogeneity=0.0415 body=0.00000 bowel=0.38249 femur=0.62576
2026-05-26 15:30:32 [INFO] Step 54/54 Loss=192.2900 mse=0.3598 v_opt=2.46077 v_mand=1.94152 ptv=0.3759 ptv_max=0.00000 global_ceil=0.00000 ring=0.00000 smooth=0.0946 laplacian=0.3568 anticollapse=0.00018 beam=0.65971 beam_ceil=73.44515 shell_inner=50.21166 shell_outer=133.76398 homogeneity=0.0400 body=0.00000 bowel=0.35647 femur=0.60985
2026-05-26 15:30:32 [INFO] Running validation at epoch 13...
2026-05-26 15:30:59 [INFO] Epoch 13 Summary: Train=301.6394 Val=0.0499 (MSE=0.0499)
          Metrics: PTV_D95=30.12Gy Bladder=49.58Gy Rectum=48.24Gy
          Metrics: Ring=49.25Gy Dmax=65.07Gy BG=49.41Gy
2026-05-26 15:30:59 [INFO] Saved best model val_loss=0.0499
2026-05-26 15:30:59 [INFO] Epoch 14/300 [RAMP 14/75 (19% of physics)] ramp=0.187 lr=9.95e-05
2026-05-26 15:31:06 [INFO] Step 5/54 Loss=408.0335 mse=0.3655 v_opt=2.25441 v_mand=1.76818 ptv=0.3864 ptv_max=0.00000 global_ceil=0.00000 ring=0.00000 smooth=0.0990 laplacian=0.3822 anticollapse=0.00021 beam=0.64506 beam_ceil=189.80310 shell_inner=111.10654 shell_outer=180.49194 homogeneity=0.0418 body=0.00000 bowel=0.39182 femur=0.62082
2026-05-26 15:31:12 [INFO] Step 10/54 Loss=197.1406 mse=0.2862 v_opt=2.52732 v_mand=2.00408 ptv=0.3678 ptv_max=0.00000 global_ceil=0.00000 ring=0.00000 smooth=0.0646 laplacian=0.2455 anticollapse=0.00007 beam=0.65848 beam_ceil=81.58662 shell_inner=42.11255 shell_outer=91.02368 homogeneity=0.0374 body=0.00000 bowel=0.30874 femur=0.53110
2026-05-26 15:31:19 [INFO] Step 15/54 Loss=193.2575 mse=0.3953 v_opt=2.47732 v_mand=1.95680 ptv=0.3800 ptv_max=0.00000 global_ceil=0.00922 ring=0.00000 smooth=0.1020 laplacian=0.3878 anticollapse=0.00017 beam=0.65789 beam_ceil=73.40631 shell_inner=45.59829 shell_outer=100.76201 homogeneity=0.0404 body=0.00000 bowel=0.33703 femur=0.57465
2026-05-26 15:31:24 [INFO] Step 20/54 Loss=330.2170 mse=0.4085 v_opt=2.10154 v_mand=1.63992 ptv=0.3858 ptv_max=0.00000 global_ceil=0.00000 ring=0.00000 smooth=0.1023 laplacian=0.3911 anticollapse=0.00017 beam=0.65252 beam_ceil=140.21143 shell_inner=72.73680 shell_outer=196.88736 homogeneity=0.0414 body=0.00000 bowel=0.42377 femur=0.54940
2026-05-26 15:31:31 [INFO] Step 25/54 Loss=304.2977 mse=0.3813 v_opt=2.50605 v_mand=1.98282 ptv=0.3750 ptv_max=0.00000 global_ceil=0.00000 ring=0.00000 smooth=0.0839 laplacian=0.3206 anticollapse=0.00009 beam=0.65244 beam_ceil=136.30679 shell_inner=56.44825 shell_outer=151.58527 homogeneity=0.0388 body=0.00000 bowel=0.39538 femur=0.58458
2026-05-26 15:31:36 [INFO] Step 30/54 Loss=414.8400 mse=0.4204 v_opt=2.36958 v_mand=1.86653 ptv=0.3850 ptv_max=0.00000 global_ceil=0.00000 ring=0.00000 smooth=0.1046 laplacian=0.4123 anticollapse=0.00017 beam=0.65268 beam_ceil=183.72260 shell_inner=110.61012 shell_outer=215.30026 homogeneity=0.0411 body=0.00000 bowel=0.44155 femur=0.61128
2026-05-26 15:31:42 [INFO] Step 35/54 Loss=402.7579 mse=0.3955 v_opt=2.45087 v_mand=1.93473 ptv=0.3824 ptv_max=0.00000 global_ceil=0.00000 ring=0.00000 smooth=0.0977 laplacian=0.3865 anticollapse=0.00015 beam=0.64632 beam_ceil=174.40277 shell_inner=120.20051 shell_outer=208.84879 homogeneity=0.0404 body=0.00000 bowel=0.35811 femur=0.63720
2026-05-26 15:31:47 [INFO] Step 40/54 Loss=359.7835 mse=0.4016 v_opt=2.53145 v_mand=2.00470 ptv=0.3825 ptv_max=0.00000 global_ceil=0.00000 ring=0.00000 smooth=0.0904 laplacian=0.3523 anticollapse=0.00011 beam=0.65067 beam_ceil=157.41104 shell_inner=81.38251 shell_outer=194.23831 homogeneity=0.0401 body=0.00000 bowel=0.43575 femur=0.48893
2026-05-26 15:31:53 [INFO] Step 45/54 Loss=271.1411 mse=0.2917 v_opt=2.53250 v_mand=2.00716 ptv=0.3852 ptv_max=0.00000 global_ceil=0.00000 ring=0.00000 smooth=0.0654 laplacian=0.2482 anticollapse=0.00009 beam=0.65018 beam_ceil=116.42632 shell_inner=62.56378 shell_outer=138.08739 homogeneity=0.0402 body=0.00000 bowel=0.26776 femur=0.49740
2026-05-26 15:31:59 [INFO] Step 50/54 Loss=410.3328 mse=0.4052 v_opt=2.36492 v_mand=1.85516 ptv=0.3979 ptv_max=0.00000 global_ceil=0.00000 ring=0.00000 smooth=0.1123 laplacian=0.4448 anticollapse=0.00021 beam=0.64466 beam_ceil=197.49100 shell_inner=99.60129 shell_outer=164.00607 homogeneity=0.0434 body=0.00000 bowel=0.43367 femur=0.58058
2026-05-26 15:32:03 [INFO] Step 54/54 Loss=236.5041 mse=0.3335 v_opt=2.37047 v_mand=1.85954 ptv=0.4010 ptv_max=0.00000 global_ceil=0.00000 ring=0.00000 smooth=0.0810 laplacian=0.3114 anticollapse=0.00025 beam=0.65199 beam_ceil=106.24892 shell_inner=55.65275 shell_outer=89.64426 homogeneity=0.0442 body=0.00000 bowel=0.45219 femur=0.50408
2026-05-26 15:32:03 [INFO] Running validation at epoch 14...
2026-05-26 15:32:30 [INFO] Epoch 14 Summary: Train=309.4728 Val=0.0488 (MSE=0.0488)
          Metrics: PTV_D95=29.74Gy Bladder=49.02Gy Rectum=47.69Gy
          Metrics: Ring=48.72Gy Dmax=64.14Gy BG=48.93Gy
2026-05-26 15:32:30 [INFO] Saved best model val_loss=0.0488
2026-05-26 15:32:30 [INFO] Epoch 15/300 [RAMP 15/75 (20% of physics)] ramp=0.200 lr=9.95e-05
2026-05-26 15:32:37 [INFO] Step 5/54 Loss=343.9437 mse=0.3341 v_opt=2.42788 v_mand=1.91197 ptv=0.3883 ptv_max=0.00000 global_ceil=0.00000 ring=0.00000 smooth=0.0791 laplacian=0.3050 anticollapse=0.00012 beam=0.64623 beam_ceil=139.13779 shell_inner=75.65038 shell_outer=173.33545 homogeneity=0.0409 body=0.00000 bowel=0.39439 femur=0.52565
2026-05-26 15:32:42 [INFO] Step 10/54 Loss=316.5413 mse=0.3679 v_opt=2.51082 v_mand=1.98708 ptv=0.3776 ptv_max=0.00000 global_ceil=0.00000 ring=0.00000 smooth=0.0795 laplacian=0.3009 anticollapse=0.00005 beam=0.64920 beam_ceil=126.61142 shell_inner=57.64065 shell_outer=166.25793 homogeneity=0.0385 body=0.00000 bowel=0.41068 femur=0.41619
2026-05-26 15:32:48 [INFO] Step 15/54 Loss=415.8631 mse=0.4140 v_opt=2.30883 v_mand=1.80938 ptv=0.3985 ptv_max=0.00000 global_ceil=0.00000 ring=0.00000 smooth=0.1090 laplacian=0.4304 anticollapse=0.00021 beam=0.64587 beam_ceil=174.52260 shell_inner=108.74001 shell_outer=184.30084 homogeneity=0.0433 body=0.00000 bowel=0.37222 femur=0.61797
2026-05-26 15:32:53 [INFO] Step 20/54 Loss=434.3006 mse=0.3953 v_opt=2.40322 v_mand=1.88730 ptv=0.4038 ptv_max=0.00000 global_ceil=0.00000 ring=0.00000 smooth=0.1032 laplacian=0.4042 anticollapse=0.00017 beam=0.65171 beam_ceil=185.74460 shell_inner=113.38349 shell_outer=183.47485 homogeneity=0.0437 body=0.00000 bowel=0.39432 femur=0.43959
2026-05-26 15:33:00 [INFO] Step 25/54 Loss=393.6519 mse=0.3759 v_opt=2.36918 v_mand=1.85708 ptv=0.4026 ptv_max=0.00000 global_ceil=0.00000 ring=0.00000 smooth=0.0927 laplacian=0.3604 anticollapse=0.00016 beam=0.64433 beam_ceil=171.49799 shell_inner=93.90174 shell_outer=156.69144 homogeneity=0.0435 body=0.00000 bowel=0.38016 femur=0.51844
2026-05-26 15:33:05 [INFO] Step 30/54 Loss=306.7105 mse=0.2840 v_opt=2.36265 v_mand=1.85060 ptv=0.4043 ptv_max=0.00000 global_ceil=0.00000 ring=0.00000 smooth=0.0688 laplacian=0.2574 anticollapse=0.00019 beam=0.64679 beam_ceil=125.41345 shell_inner=57.32738 shell_outer=156.24316 homogeneity=0.0440 body=0.00000 bowel=0.27039 femur=0.40637
2026-05-26 15:33:11 [INFO] Step 35/54 Loss=440.5981 mse=0.3856 v_opt=2.28889 v_mand=1.78682 ptv=0.4129 ptv_max=0.00000 global_ceil=0.00000 ring=0.00000 smooth=0.1069 laplacian=0.4145 anticollapse=0.00026 beam=0.64463 beam_ceil=182.16684 shell_inner=121.54218 shell_outer=207.79440 homogeneity=0.0460 body=0.00000 bowel=0.32945 femur=0.50916
2026-05-26 15:33:16 [INFO] Step 40/54 Loss=412.4970 mse=0.4115 v_opt=2.36112 v_mand=1.84958 ptv=0.4113 ptv_max=0.00000 global_ceil=0.00000 ring=0.00000 smooth=0.1032 laplacian=0.3987 anticollapse=0.00019 beam=0.64549 beam_ceil=168.70151 shell_inner=96.61232 shell_outer=210.71655 homogeneity=0.0451 body=0.00000 bowel=0.28082 femur=0.39352
2026-05-26 15:33:23 [INFO] Step 45/54 Loss=321.0182 mse=0.3657 v_opt=2.39695 v_mand=1.88484 ptv=0.4040 ptv_max=0.00000 global_ceil=0.00000 ring=0.00000 smooth=0.0890 laplacian=0.3425 anticollapse=0.00018 beam=0.64496 beam_ceil=110.21761 shell_inner=84.00317 shell_outer=216.62408 homogeneity=0.0437 body=0.00000 bowel=0.22678 femur=0.37274
2026-05-26 15:33:28 [INFO] Step 50/54 Loss=411.9894 mse=0.3889 v_opt=2.31969 v_mand=1.81423 ptv=0.4466 ptv_max=0.00000 global_ceil=0.00000 ring=0.00000 smooth=0.1001 laplacian=0.3804 anticollapse=0.00035 beam=0.64072 beam_ceil=181.54187 shell_inner=103.82471 shell_outer=156.71796 homogeneity=0.0520 body=0.00000 bowel=0.14661 femur=0.48039
2026-05-26 15:33:33 [INFO] Step 54/54 Loss=250.5717 mse=0.3656 v_opt=2.34998 v_mand=1.83660 ptv=0.4079 ptv_max=0.00000 global_ceil=0.00000 ring=0.00000 smooth=0.0890 laplacian=0.3456 anticollapse=0.00015 beam=0.64562 beam_ceil=111.37905 shell_inner=33.48388 shell_outer=86.63515 homogeneity=0.0440 body=0.00000 bowel=0.36091 femur=0.42144
2026-05-26 15:33:33 [INFO] Running validation at epoch 15...
2026-05-26 15:33:59 [INFO] Epoch 15 Summary: Train=325.3869 Val=0.0477 (MSE=0.0477)
          Metrics: PTV_D95=29.39Gy Bladder=48.41Gy Rectum=47.08Gy
          Metrics: Ring=48.16Gy Dmax=63.00Gy BG=48.43Gy
2026-05-26 15:33:59 [INFO] Saved best model val_loss=0.0477
2026-05-26 15:33:59 [INFO] Epoch 16/300 [RAMP 16/75 (21% of physics)] ramp=0.213 lr=9.94e-05
2026-05-26 15:34:07 [INFO] Step 5/54 Loss=206.4234 mse=0.3771 v_opt=2.30838 v_mand=1.80492 ptv=0.4075 ptv_max=0.00000 global_ceil=0.00000 ring=0.00000 smooth=0.0953 laplacian=0.3694 anticollapse=0.00014 beam=0.64682 beam_ceil=71.05925 shell_inner=45.26513 shell_outer=85.98805 homogeneity=0.0438 body=0.00000 bowel=0.26379 femur=0.35928
2026-05-26 15:34:12 [INFO] Step 10/54 Loss=446.2620 mse=0.3780 v_opt=2.29777 v_mand=1.79489 ptv=0.4336 ptv_max=0.00000 global_ceil=0.00000 ring=0.00000 smooth=0.0969 laplacian=0.3780 anticollapse=0.00036 beam=0.63859 beam_ceil=180.31111 shell_inner=102.82905 shell_outer=181.02588 homogeneity=0.0498 body=0.00000 bowel=0.21670 femur=0.39207
2026-05-26 15:34:18 [INFO] Step 15/54 Loss=403.2547 mse=0.3592 v_opt=2.29624 v_mand=1.79266 ptv=0.4169 ptv_max=0.00000 global_ceil=0.00000 ring=0.00000 smooth=0.0933 laplacian=0.3648 anticollapse=0.00024 beam=0.64127 beam_ceil=149.16624 shell_inner=95.98114 shell_outer=204.69791 homogeneity=0.0462 body=0.00000 bowel=0.29897 femur=0.37232
2026-05-26 15:34:24 [INFO] Step 20/54 Loss=374.9603 mse=0.3076 v_opt=2.26281 v_mand=1.76218 ptv=0.4206 ptv_max=0.00000 global_ceil=0.00000 ring=0.00000 smooth=0.0808 laplacian=0.3154 anticollapse=0.00024 beam=0.62294 beam_ceil=148.25880 shell_inner=97.05089 shell_outer=144.73016 homogeneity=0.0467 body=0.00000 bowel=0.34583 femur=0.32830
2026-05-26 15:34:30 [INFO] Step 25/54 Loss=418.4617 mse=0.3397 v_opt=2.27589 v_mand=1.77490 ptv=0.4256 ptv_max=0.00000 global_ceil=0.00000 ring=0.00000 smooth=0.0945 laplacian=0.3637 anticollapse=0.00030 beam=0.63946 beam_ceil=158.27249 shell_inner=111.16316 shell_outer=192.75679 homogeneity=0.0479 body=0.00000 bowel=0.30070 femur=0.32715
2026-05-26 15:34:35 [INFO] Step 30/54 Loss=346.3517 mse=0.3572 v_opt=2.33036 v_mand=1.82201 ptv=0.4113 ptv_max=0.00000 global_ceil=0.00000 ring=0.00000 smooth=0.0832 laplacian=0.3223 anticollapse=0.00011 beam=0.64071 beam_ceil=118.16122 shell_inner=77.63762 shell_outer=206.03439 homogeneity=0.0440 body=0.00000 bowel=0.26945 femur=0.30849
2026-05-26 15:34:42 [INFO] Step 35/54 Loss=455.6571 mse=0.3769 v_opt=2.25379 v_mand=1.75500 ptv=0.4239 ptv_max=0.00000 global_ceil=0.00000 ring=0.00000 smooth=0.0980 laplacian=0.3910 anticollapse=0.00025 beam=0.63873 beam_ceil=186.19644 shell_inner=103.22066 shell_outer=181.07056 homogeneity=0.0472 body=0.00000 bowel=0.29634 femur=0.41353
2026-05-26 15:34:47 [INFO] Step 40/54 Loss=384.6560 mse=0.3230 v_opt=2.07943 v_mand=1.60899 ptv=0.4266 ptv_max=0.00000 global_ceil=0.00000 ring=0.00000 smooth=0.0827 laplacian=0.3177 anticollapse=0.00021 beam=0.63919 beam_ceil=155.33978 shell_inner=80.28276 shell_outer=161.12680 homogeneity=0.0473 body=0.00000 bowel=0.28831 femur=0.29263
2026-05-26 15:34:53 [INFO] Step 45/54 Loss=422.8345 mse=0.3553 v_opt=2.25944 v_mand=1.75628 ptv=0.4274 ptv_max=0.00000 global_ceil=0.00000 ring=0.00000 smooth=0.1003 laplacian=0.3872 anticollapse=0.00021 beam=0.64853 beam_ceil=172.23218 shell_inner=99.10338 shell_outer=162.26196 homogeneity=0.0475 body=0.00000 bowel=0.32199 femur=0.26472
2026-05-26 15:34:58 [INFO] Step 50/54 Loss=303.2322 mse=0.2677 v_opt=2.23929 v_mand=1.73790 ptv=0.4230 ptv_max=0.00000 global_ceil=0.00000 ring=0.00000 smooth=0.0648 laplacian=0.2445 anticollapse=0.00016 beam=0.63455 beam_ceil=113.76402 shell_inner=58.75327 shell_outer=147.64948 homogeneity=0.0463 body=0.00000 bowel=0.29619 femur=0.32660
2026-05-26 15:35:02 [INFO] Step 54/54 Loss=286.0413 mse=0.3113 v_opt=2.24657 v_mand=1.74443 ptv=0.4327 ptv_max=0.00000 global_ceil=0.00000 ring=0.00000 smooth=0.0769 laplacian=0.2869 anticollapse=0.00020 beam=0.64261 beam_ceil=111.24516 shell_inner=53.19922 shell_outer=120.18569 homogeneity=0.0482 body=0.00000 bowel=0.24048 femur=0.23581
2026-05-26 15:35:03 [INFO] Running validation at epoch 16...
2026-05-26 15:35:29 [INFO] Epoch 16 Summary: Train=326.8820 Val=0.0468 (MSE=0.0468)
          Metrics: PTV_D95=29.04Gy Bladder=47.83Gy Rectum=46.58Gy
          Metrics: Ring=47.65Gy Dmax=63.05Gy BG=47.98Gy
2026-05-26 15:35:29 [INFO] Saved best model val_loss=0.0468
2026-05-26 15:35:29 [INFO] Epoch 17/300 [RAMP 17/75 (23% of physics)] ramp=0.227 lr=9.93e-05
2026-05-26 15:35:37 [INFO] Step 5/54 Loss=206.0538 mse=0.3988 v_opt=2.26675 v_mand=1.76366 ptv=0.4186 ptv_max=0.00000 global_ceil=0.00000 ring=0.00000 smooth=0.0988 laplacian=0.3781 anticollapse=0.00013 beam=0.63998 beam_ceil=56.46407 shell_inner=37.16414 shell_outer=123.28477 homogeneity=0.0453 body=0.00000 bowel=0.00000 femur=0.23324
2026-05-26 15:35:42 [INFO] Step 10/54 Loss=339.9902 mse=0.3714 v_opt=2.21230 v_mand=1.71575 ptv=0.4207 ptv_max=0.00000 global_ceil=0.00000 ring=0.00000 smooth=0.0694 laplacian=0.2609 anticollapse=0.00010 beam=0.64099 beam_ceil=156.54346 shell_inner=9.63517 shell_outer=75.17651 homogeneity=0.0454 body=0.00000 bowel=0.00000 femur=0.00000
2026-05-26 15:35:49 [INFO] Step 15/54 Loss=394.8877 mse=0.3343 v_opt=2.20842 v_mand=1.71081 ptv=0.4295 ptv_max=0.00000 global_ceil=0.00000 ring=0.00000 smooth=0.0807 laplacian=0.3133 anticollapse=0.00016 beam=0.63595 beam_ceil=149.42682 shell_inner=78.94638 shell_outer=152.07263 homogeneity=0.0472 body=0.00000 bowel=0.31148 femur=0.24795
2026-05-26 15:35:54 [INFO] Step 20/54 Loss=394.9774 mse=0.4005 v_opt=2.22408 v_mand=1.72648 ptv=0.4270 ptv_max=0.00000 global_ceil=0.00000 ring=0.00000 smooth=0.0962 laplacian=0.3780 anticollapse=0.00015 beam=0.63694 beam_ceil=138.80104 shell_inner=65.03954 shell_outer=201.80415 homogeneity=0.0468 body=0.00000 bowel=0.28899 femur=0.28307
2026-05-26 15:36:00 [INFO] Step 25/54 Loss=475.3973 mse=0.3589 v_opt=2.20592 v_mand=1.71113 ptv=0.4368 ptv_max=0.00000 global_ceil=0.00000 ring=0.00000 smooth=0.0980 laplacian=0.3888 anticollapse=0.00028 beam=0.63503 beam_ceil=180.07278 shell_inner=115.73336 shell_outer=176.28874 homogeneity=0.0492 body=0.00000 bowel=0.25344 femur=0.34091
2026-05-26 15:36:05 [INFO] Step 30/54 Loss=438.7010 mse=0.3740 v_opt=2.16361 v_mand=1.67279 ptv=0.4358 ptv_max=0.00000 global_ceil=0.00000 ring=0.00000 smooth=0.0970 laplacian=0.3834 anticollapse=0.00023 beam=0.63862 beam_ceil=169.68399 shell_inner=95.71356 shell_outer=154.23621 homogeneity=0.0487 body=0.00000 bowel=0.31239 femur=0.30017
2026-05-26 15:36:11 [INFO] Step 35/54 Loss=361.3973 mse=0.3821 v_opt=1.67398 v_mand=1.28396 ptv=0.4272 ptv_max=0.00000 global_ceil=0.00000 ring=0.00000 smooth=0.0893 laplacian=0.3443 anticollapse=0.00011 beam=0.63450 beam_ceil=120.09036 shell_inner=69.14105 shell_outer=207.39925 homogeneity=0.0464 body=0.00000 bowel=0.14293 femur=0.33202
2026-05-26 15:36:16 [INFO] Step 40/54 Loss=220.9697 mse=0.2961 v_opt=2.15588 v_mand=1.66231 ptv=0.4371 ptv_max=0.00000 global_ceil=0.00000 ring=0.00000 smooth=0.0795 laplacian=0.2969 anticollapse=0.00019 beam=0.63704 beam_ceil=80.47284 shell_inner=40.24134 shell_outer=69.65861 homogeneity=0.0486 body=0.00000 bowel=0.25995 femur=0.20048
2026-05-26 15:36:23 [INFO] Step 45/54 Loss=318.8573 mse=0.2675 v_opt=2.19670 v_mand=1.69986 ptv=0.4309 ptv_max=0.00000 global_ceil=0.00000 ring=0.00000 smooth=0.0585 laplacian=0.2229 anticollapse=0.00010 beam=0.63472 beam_ceil=100.11299 shell_inner=62.26396 shell_outer=191.02646 homogeneity=0.0467 body=0.00000 bowel=0.22601 femur=0.20966
2026-05-26 15:36:28 [INFO] Step 50/54 Loss=418.5728 mse=0.3502 v_opt=2.07479 v_mand=1.59693 ptv=0.4375 ptv_max=0.00000 global_ceil=0.00000 ring=0.00000 smooth=0.0846 laplacian=0.3309 anticollapse=0.00017 beam=0.63577 beam_ceil=160.75223 shell_inner=74.29282 shell_outer=168.82333 homogeneity=0.0485 body=0.00000 bowel=0.28977 femur=0.21285
2026-05-26 15:36:33 [INFO] Step 54/54 Loss=220.1157 mse=0.3259 v_opt=2.16214 v_mand=1.66796 ptv=0.4463 ptv_max=0.00000 global_ceil=0.00000 ring=0.00000 smooth=0.0834 laplacian=0.3179 anticollapse=0.00027 beam=0.63644 beam_ceil=77.48651 shell_inner=46.38737 shell_outer=70.76826 homogeneity=0.0506 body=0.00000 bowel=0.25132 femur=0.23714
2026-05-26 15:36:33 [INFO] Running validation at epoch 17...
2026-05-26 15:37:00 [INFO] Epoch 17 Summary: Train=333.0898 Val=0.0459 (MSE=0.0459)
          Metrics: PTV_D95=28.77Gy Bladder=47.33Gy Rectum=46.12Gy
          Metrics: Ring=47.20Gy Dmax=62.19Gy BG=47.58Gy
2026-05-26 15:37:00 [INFO] Saved best model val_loss=0.0459
2026-05-26 15:37:00 [INFO] Epoch 18/300 [RAMP 18/75 (24% of physics)] ramp=0.240 lr=9.92e-05
2026-05-26 15:37:08 [INFO] Step 5/54 Loss=364.0556 mse=0.3271 v_opt=2.16137 v_mand=1.66956 ptv=0.4354 ptv_max=0.00000 global_ceil=0.00000 ring=0.00000 smooth=0.0725 laplacian=0.2729 anticollapse=0.00013 beam=0.63262 beam_ceil=129.07446 shell_inner=51.87663 shell_outer=146.17142 homogeneity=0.0477 body=0.00000 bowel=0.24644 femur=0.19460
2026-05-26 15:37:13 [INFO] Step 10/54 Loss=365.0665 mse=0.3384 v_opt=1.99776 v_mand=1.53185 ptv=0.4384 ptv_max=0.00000 global_ceil=0.00000 ring=0.00000 smooth=0.0780 laplacian=0.3061 anticollapse=0.00017 beam=0.63359 beam_ceil=113.14753 shell_inner=68.20782 shell_outer=194.19717 homogeneity=0.0486 body=0.00000 bowel=0.24737 femur=0.26396
2026-05-26 15:37:19 [INFO] Step 15/54 Loss=398.8383 mse=0.3266 v_opt=2.12635 v_mand=1.63813 ptv=0.4423 ptv_max=0.00000 global_ceil=0.00000 ring=0.00000 smooth=0.0828 laplacian=0.3199 anticollapse=0.00020 beam=0.63173 beam_ceil=126.64275 shell_inner=80.40036 shell_outer=199.51004 homogeneity=0.0494 body=0.00000 bowel=0.26783 femur=0.23655
2026-05-26 15:37:24 [INFO] Step 20/54 Loss=355.8983 mse=0.3320 v_opt=1.57537 v_mand=1.20307 ptv=0.4393 ptv_max=0.00000 global_ceil=0.00000 ring=0.00000 smooth=0.0747 laplacian=0.2856 anticollapse=0.00013 beam=0.63135 beam_ceil=127.69817 shell_inner=54.74910 shell_outer=143.57231 homogeneity=0.0483 body=0.00000 bowel=0.22784 femur=0.18833
2026-05-26 15:37:30 [INFO] Step 25/54 Loss=269.5063 mse=0.3339 v_opt=2.19673 v_mand=1.69761 ptv=0.4466 ptv_max=0.00000 global_ceil=0.00000 ring=0.00000 smooth=0.0827 laplacian=0.3163 anticollapse=0.00017 beam=0.63362 beam_ceil=89.26846 shell_inner=43.79808 shell_outer=104.67171 homogeneity=0.0498 body=0.00000 bowel=0.28824 femur=0.23870
2026-05-26 15:37:35 [INFO] Step 30/54 Loss=268.8055 mse=0.2591 v_opt=2.13612 v_mand=1.64525 ptv=0.4408 ptv_max=0.00000 global_ceil=0.00000 ring=0.00000 smooth=0.0586 laplacian=0.2190 anticollapse=0.00014 beam=0.63147 beam_ceil=83.04208 shell_inner=42.28618 shell_outer=134.40060 homogeneity=0.0486 body=0.00000 bowel=0.23305 femur=0.17793
2026-05-26 15:37:42 [INFO] Step 35/54 Loss=513.5551 mse=0.3805 v_opt=2.08634 v_mand=1.60429 ptv=0.4532 ptv_max=0.00000 global_ceil=0.00000 ring=0.00000 smooth=0.0978 laplacian=0.3862 anticollapse=0.00030 beam=0.63061 beam_ceil=181.35245 shell_inner=102.05858 shell_outer=209.62051 homogeneity=0.0518 body=0.00000 bowel=0.24132 femur=0.24780
2026-05-26 15:37:47 [INFO] Step 40/54 Loss=82.8394 mse=0.2705 v_opt=0.00000 v_mand=0.00000 ptv=0.4400 ptv_max=0.00000 global_ceil=0.00000 ring=0.00000 smooth=0.0650 laplacian=0.2465 anticollapse=0.00014 beam=0.63210 beam_ceil=24.60621 shell_inner=7.74071 shell_outer=43.93805 homogeneity=0.0486 body=0.00000 bowel=0.26003 femur=0.00000
2026-05-26 15:37:53 [INFO] Step 45/54 Loss=436.1119 mse=0.3206 v_opt=2.07264 v_mand=1.58828 ptv=0.4619 ptv_max=0.00000 global_ceil=0.00000 ring=0.00000 smooth=0.0878 laplacian=0.3339 anticollapse=0.00027 beam=0.63377 beam_ceil=154.86874 shell_inner=94.68396 shell_outer=159.16710 homogeneity=0.0531 body=0.00000 bowel=0.18329 femur=0.20462
2026-05-26 15:37:58 [INFO] Step 50/54 Loss=318.6819 mse=0.3296 v_opt=2.12067 v_mand=1.63205 ptv=0.4521 ptv_max=0.00000 global_ceil=0.00000 ring=0.00000 smooth=0.0740 laplacian=0.2838 anticollapse=0.00023 beam=0.62992 beam_ceil=104.12805 shell_inner=51.54630 shell_outer=146.12827 homogeneity=0.0511 body=0.00000 bowel=0.26334 femur=0.18108
2026-05-26 15:38:03 [INFO] Step 54/54 Loss=446.4825 mse=0.3826 v_opt=2.12008 v_mand=1.62922 ptv=0.4572 ptv_max=0.00000 global_ceil=0.00000 ring=0.00000 smooth=0.0858 laplacian=0.3243 anticollapse=0.00022 beam=0.63144 beam_ceil=182.35950 shell_inner=51.54097 shell_outer=116.64731 homogeneity=0.0519 body=0.00000 bowel=0.20682 femur=0.16766
2026-05-26 15:38:03 [INFO] Running validation at epoch 18...
2026-05-26 15:38:30 [INFO] Epoch 18 Summary: Train=347.3068 Val=0.0451 (MSE=0.0451)
          Metrics: PTV_D95=28.46Gy Bladder=46.90Gy Rectum=45.71Gy
          Metrics: Ring=46.80Gy Dmax=61.00Gy BG=47.21Gy
2026-05-26 15:38:30 [INFO] Saved best model val_loss=0.0451
2026-05-26 15:38:30 [INFO] Epoch 19/300 [RAMP 19/75 (25% of physics)] ramp=0.253 lr=9.91e-05
2026-05-26 15:38:38 [INFO] Step 5/54 Loss=13.1111 mse=0.3469 v_opt=0.00000 v_mand=0.00000 ptv=0.0000 ptv_max=0.00000 global_ceil=0.00000 ring=0.00000 smooth=0.0874 laplacian=0.3340 anticollapse=0.00000 beam=0.63068 beam_ceil=0.00000 shell_inner=0.00000 shell_outer=0.00000 homogeneity=0.0000 body=0.00000 bowel=0.00000 femur=0.00000
2026-05-26 15:38:43 [INFO] Step 10/54 Loss=499.2062 mse=0.3970 v_opt=2.05626 v_mand=1.57535 ptv=0.4605 ptv_max=0.00000 global_ceil=0.00000 ring=0.00000 smooth=0.0907 laplacian=0.3559 anticollapse=0.00029 beam=0.63138 beam_ceil=169.23903 shell_inner=94.65314 shell_outer=178.91228 homogeneity=0.0528 body=0.00000 bowel=0.27969 femur=0.16887
2026-05-26 15:38:49 [INFO] Step 15/54 Loss=457.2529 mse=0.3391 v_opt=2.03886 v_mand=1.56061 ptv=0.4614 ptv_max=0.00000 global_ceil=0.00000 ring=0.00000 smooth=0.0948 laplacian=0.3722 anticollapse=0.00032 beam=0.62875 beam_ceil=140.14597 shell_inner=108.44759 shell_outer=194.69983 homogeneity=0.0531 body=0.00000 bowel=0.24698 femur=0.20460
2026-05-26 15:38:54 [INFO] Step 20/54 Loss=130.9394 mse=0.4162 v_opt=2.06965 v_mand=1.58591 ptv=0.4567 ptv_max=0.00000 global_ceil=0.00000 ring=0.00000 smooth=0.0944 laplacian=0.3703 anticollapse=0.00011 beam=0.62902 beam_ceil=28.20456 shell_inner=9.07502 shell_outer=68.30704 homogeneity=0.0507 body=0.00000 bowel=0.00000 femur=0.00000
2026-05-26 15:39:01 [INFO] Step 25/54 Loss=432.4291 mse=0.3336 v_opt=2.04664 v_mand=1.56691 ptv=0.4582 ptv_max=0.00000 global_ceil=0.00000 ring=0.00000 smooth=0.0823 laplacian=0.3199 anticollapse=0.00023 beam=0.62951 beam_ceil=132.66870 shell_inner=74.70879 shell_outer=208.03946 homogeneity=0.0519 body=0.00000 bowel=0.24806 femur=0.14766
2026-05-26 15:39:06 [INFO] Step 30/54 Loss=399.9980 mse=0.3670 v_opt=2.05452 v_mand=1.57236 ptv=0.4592 ptv_max=0.00000 global_ceil=0.00000 ring=0.00000 smooth=0.0854 laplacian=0.3323 anticollapse=0.00021 beam=0.62738 beam_ceil=124.67833 shell_inner=56.76160 shell_outer=189.97798 homogeneity=0.0520 body=0.00000 bowel=0.27425 femur=0.14082
2026-05-26 15:39:12 [INFO] Step 35/54 Loss=97.1610 mse=0.3328 v_opt=2.00475 v_mand=1.52841 ptv=0.4537 ptv_max=0.00000 global_ceil=0.00000 ring=0.00000 smooth=0.0855 laplacian=0.3199 anticollapse=0.00008 beam=0.62769 beam_ceil=21.69428 shell_inner=4.74956 shell_outer=36.17673 homogeneity=0.0501 body=0.00000 bowel=0.00000 femur=0.00000
2026-05-26 15:39:17 [INFO] Step 40/54 Loss=367.4165 mse=0.3290 v_opt=1.82247 v_mand=1.37938 ptv=0.4588 ptv_max=0.00000 global_ceil=0.00000 ring=0.00000 smooth=0.0714 laplacian=0.2750 anticollapse=0.00018 beam=0.62956 beam_ceil=136.97977 shell_inner=35.16152 shell_outer=108.52512 homogeneity=0.0516 body=0.00000 bowel=0.24196 femur=0.12575
2026-05-26 15:39:23 [INFO] Step 45/54 Loss=237.3182 mse=0.3745 v_opt=1.74254 v_mand=1.31641 ptv=0.4688 ptv_max=0.00000 global_ceil=0.00000 ring=0.00000 smooth=0.0947 laplacian=0.3615 anticollapse=0.00026 beam=0.62729 beam_ceil=66.63869 shell_inner=36.40060 shell_outer=113.40890 homogeneity=0.0539 body=0.00000 bowel=0.22110 femur=0.15203
2026-05-26 15:39:29 [INFO] Step 50/54 Loss=405.0594 mse=0.3604 v_opt=2.01710 v_mand=1.53775 ptv=0.4640 ptv_max=0.00000 global_ceil=0.00000 ring=0.00000 smooth=0.0830 laplacian=0.3238 anticollapse=0.00018 beam=0.62568 beam_ceil=136.93542 shell_inner=49.85662 shell_outer=162.45126 homogeneity=0.0525 body=0.00000 bowel=0.24990 femur=0.11494
2026-05-26 15:39:34 [INFO] Step 54/54 Loss=421.4295 mse=0.3270 v_opt=1.98006 v_mand=1.50465 ptv=0.4692 ptv_max=0.00000 global_ceil=0.00000 ring=0.00000 smooth=0.0808 laplacian=0.3149 anticollapse=0.00021 beam=0.63558 beam_ceil=143.84932 shell_inner=79.61482 shell_outer=141.42203 homogeneity=0.0535 body=0.00000 bowel=0.23377 femur=0.14079
2026-05-26 15:39:34 [INFO] Running validation at epoch 19...
2026-05-26 15:40:01 [INFO] Epoch 19 Summary: Train=342.2729 Val=0.0443 (MSE=0.0443)
          Metrics: PTV_D95=28.34Gy Bladder=46.40Gy Rectum=45.26Gy
          Metrics: Ring=46.36Gy Dmax=60.56Gy BG=46.81Gy
2026-05-26 15:40:01 [INFO] Saved best model val_loss=0.0443
2026-05-26 15:40:01 [INFO] Epoch 20/300 [RAMP 20/75 (27% of physics)] ramp=0.267 lr=9.90e-05
2026-05-26 15:40:09 [INFO] Step 5/54 Loss=341.0372 mse=0.4179 v_opt=1.95879 v_mand=1.49012 ptv=0.4702 ptv_max=0.00000 global_ceil=0.00000 ring=0.00000 smooth=0.0942 laplacian=0.3667 anticollapse=0.00016 beam=0.62560 beam_ceil=94.06519 shell_inner=33.48072 shell_outer=181.29802 homogeneity=0.0532 body=0.00000 bowel=0.00000 femur=0.00000
2026-05-26 15:40:14 [INFO] Step 10/54 Loss=343.3124 mse=0.2568 v_opt=1.62802 v_mand=1.22177 ptv=0.5055 ptv_max=0.00000 global_ceil=0.00000 ring=0.00000 smooth=0.0649 laplacian=0.2400 anticollapse=0.00043 beam=0.62684 beam_ceil=96.85672 shell_inner=69.61555 shell_outer=151.86038 homogeneity=0.0610 body=0.00000 bowel=0.13307 femur=0.12135
2026-05-26 15:40:20 [INFO] Step 15/54 Loss=299.0786 mse=0.4409 v_opt=1.93246 v_mand=1.46684 ptv=0.4735 ptv_max=0.00000 global_ceil=0.00000 ring=0.00000 smooth=0.0913 laplacian=0.3585 anticollapse=0.00013 beam=0.62450 beam_ceil=84.07487 shell_inner=27.50188 shell_outer=145.60760 homogeneity=0.0535 body=0.00000 bowel=0.00000 femur=0.00000
2026-05-26 15:40:25 [INFO] Step 20/54 Loss=241.3480 mse=0.2909 v_opt=1.92228 v_mand=1.45699 ptv=0.4745 ptv_max=0.00000 global_ceil=0.00000 ring=0.00000 smooth=0.0740 laplacian=0.2810 anticollapse=0.00023 beam=0.62348 beam_ceil=67.16160 shell_inner=35.22548 shell_outer=98.11311 homogeneity=0.0545 body=0.00000 bowel=0.21037 femur=0.16890
2026-05-26 15:40:31 [INFO] Step 25/54 Loss=312.2679 mse=0.3433 v_opt=1.90014 v_mand=1.43728 ptv=0.4768 ptv_max=0.00000 global_ceil=0.00000 ring=0.00000 smooth=0.0906 laplacian=0.3382 anticollapse=0.00014 beam=0.62546 beam_ceil=124.31805 shell_inner=7.89473 shell_outer=44.38494 homogeneity=0.0542 body=0.00000 bowel=0.00000 femur=0.00000
2026-05-26 15:40:37 [INFO] Step 30/54 Loss=347.4744 mse=0.3186 v_opt=1.89318 v_mand=1.43123 ptv=0.4739 ptv_max=0.00000 global_ceil=0.00000 ring=0.00000 smooth=0.0692 laplacian=0.2658 anticollapse=0.00014 beam=0.62771 beam_ceil=105.84091 shell_inner=45.38151 shell_outer=141.56671 homogeneity=0.0536 body=0.00000 bowel=0.24098 femur=0.06638
2026-05-26 15:40:42 [INFO] Step 35/54 Loss=300.6848 mse=0.3289 v_opt=1.78303 v_mand=1.34186 ptv=0.4839 ptv_max=0.00000 global_ceil=0.00000 ring=0.00000 smooth=0.0793 laplacian=0.3073 anticollapse=0.00030 beam=0.62209 beam_ceil=90.94314 shell_inner=41.47554 shell_outer=114.71909 homogeneity=0.0563 body=0.00000 bowel=0.23654 femur=0.19061
2026-05-26 15:40:48 [INFO] Step 40/54 Loss=124.7090 mse=0.2773 v_opt=0.00000 v_mand=0.00000 ptv=0.4607 ptv_max=0.00000 global_ceil=0.00000 ring=0.00000 smooth=0.0625 laplacian=0.2362 anticollapse=0.00008 beam=0.62056 beam_ceil=43.70895 shell_inner=5.98427 shell_outer=36.48300 homogeneity=0.0512 body=0.00000 bowel=0.24599 femur=0.00000
2026-05-26 15:40:54 [INFO] Step 45/54 Loss=489.2205 mse=0.3735 v_opt=1.93080 v_mand=1.46024 ptv=0.4854 ptv_max=0.00000 global_ceil=0.00000 ring=0.00000 smooth=0.0865 laplacian=0.3381 anticollapse=0.00020 beam=0.62560 beam_ceil=174.92337 shell_inner=50.76675 shell_outer=138.93956 homogeneity=0.0559 body=0.00000 bowel=0.24691 femur=0.12376
2026-05-26 15:41:00 [INFO] Step 50/54 Loss=390.6360 mse=0.3506 v_opt=1.89077 v_mand=1.42750 ptv=0.4869 ptv_max=0.00000 global_ceil=0.00000 ring=0.00000 smooth=0.0868 laplacian=0.3344 anticollapse=0.00023 beam=0.62042 beam_ceil=103.63921 shell_inner=66.32062 shell_outer=208.02713 homogeneity=0.0563 body=0.00000 bowel=0.20922 femur=0.14390
2026-05-26 15:41:04 [INFO] Step 54/54 Loss=459.4389 mse=0.3144 v_opt=1.85765 v_mand=1.39845 ptv=0.4972 ptv_max=0.00000 global_ceil=0.00000 ring=0.00000 smooth=0.0799 laplacian=0.3094 anticollapse=0.00031 beam=0.62330 beam_ceil=140.39125 shell_inner=84.64853 shell_outer=183.97855 homogeneity=0.0585 body=0.00000 bowel=0.13781 femur=0.10618
2026-05-26 15:41:05 [INFO] Running validation at epoch 20...
2026-05-26 15:41:32 [INFO] Epoch 20 Summary: Train=368.7444 Val=0.0431 (MSE=0.0431)
          Metrics: PTV_D95=27.96Gy Bladder=45.77Gy Rectum=44.68Gy
          Metrics: Ring=45.78Gy Dmax=59.78Gy BG=46.27Gy
2026-05-26 15:41:32 [INFO] Saved best model val_loss=0.0431
2026-05-26 15:41:32 [INFO] Epoch 21/300 [RAMP 21/75 (28% of physics)] ramp=0.280 lr=9.89e-05
2026-05-26 15:41:39 [INFO] Step 5/54 Loss=276.8125 mse=0.2725 v_opt=1.86352 v_mand=1.40359 ptv=0.4953 ptv_max=0.00000 global_ceil=0.00000 ring=0.00000 smooth=0.0713 laplacian=0.2766 anticollapse=0.00034 beam=0.61782 beam_ceil=81.95901 shell_inner=53.19979 shell_outer=83.88374 homogeneity=0.0583 body=0.00000 bowel=0.24171 femur=0.10413
2026-05-26 15:41:44 [INFO] Step 10/54 Loss=416.9058 mse=0.3214 v_opt=1.84480 v_mand=1.38637 ptv=0.4938 ptv_max=0.00000 global_ceil=0.00000 ring=0.00000 smooth=0.0764 laplacian=0.2974 anticollapse=0.00024 beam=0.62424 beam_ceil=117.07430 shell_inner=74.49669 shell_outer=185.58078 homogeneity=0.0574 body=0.00000 bowel=0.24428 femur=0.08448
2026-05-26 15:41:51 [INFO] Step 15/54 Loss=433.3871 mse=0.2886 v_opt=1.83961 v_mand=1.38157 ptv=0.5026 ptv_max=0.00000 global_ceil=0.00000 ring=0.00000 smooth=0.0771 laplacian=0.2949 anticollapse=0.00033 beam=0.61712 beam_ceil=127.33199 shell_inner=89.20164 shell_outer=167.17575 homogeneity=0.0594 body=0.00000 bowel=0.00000 femur=0.06686
2026-05-26 15:41:56 [INFO] Step 20/54 Loss=457.4989 mse=0.3369 v_opt=1.83922 v_mand=1.38241 ptv=0.4968 ptv_max=0.00000 global_ceil=0.00000 ring=0.00000 smooth=0.0884 laplacian=0.3440 anticollapse=0.00030 beam=0.61805 beam_ceil=144.75027 shell_inner=71.07612 shell_outer=161.82423 homogeneity=0.0583 body=0.00000 bowel=0.24496 femur=0.11362
2026-05-26 15:42:01 [INFO] Step 25/54 Loss=338.0233 mse=0.2735 v_opt=1.83378 v_mand=1.38116 ptv=0.5022 ptv_max=0.00000 global_ceil=0.00000 ring=0.00000 smooth=0.0670 laplacian=0.2597 anticollapse=0.00036 beam=0.61448 beam_ceil=100.71161 shell_inner=56.48254 shell_outer=123.60054 homogeneity=0.0595 body=0.00000 bowel=0.23479 femur=0.09212
2026-05-26 15:42:07 [INFO] Step 30/54 Loss=230.6134 mse=0.2734 v_opt=2.14202 v_mand=1.64042 ptv=0.4987 ptv_max=0.00000 global_ceil=0.00000 ring=0.00000 smooth=0.0634 laplacian=0.2460 anticollapse=0.00023 beam=0.61743 beam_ceil=60.97963 shell_inner=25.55255 shell_outer=98.39421 homogeneity=0.0581 body=0.00000 bowel=0.23006 femur=0.00000
2026-05-26 15:42:13 [INFO] Step 35/54 Loss=355.7883 mse=0.2582 v_opt=1.79636 v_mand=1.34564 ptv=0.5650 ptv_max=0.00000 global_ceil=0.00000 ring=0.00000 smooth=0.0699 laplacian=0.2535 anticollapse=0.00071 beam=0.61828 beam_ceil=101.79144 shell_inner=64.01028 shell_outer=145.69766 homogeneity=0.0718 body=0.00000 bowel=0.11450 femur=0.10038
2026-05-26 15:42:19 [INFO] Step 40/54 Loss=210.0349 mse=0.2872 v_opt=1.81279 v_mand=1.35870 ptv=0.5027 ptv_max=0.00000 global_ceil=0.00000 ring=0.00000 smooth=0.0777 laplacian=0.2905 anticollapse=0.00030 beam=0.61397 beam_ceil=52.33455 shell_inner=33.28712 shell_outer=91.31021 homogeneity=0.0591 body=0.00000 bowel=0.19492 femur=0.07447
2026-05-26 15:42:25 [INFO] Step 45/54 Loss=425.6537 mse=0.3044 v_opt=1.70816 v_mand=1.27255 ptv=0.5081 ptv_max=0.00000 global_ceil=0.00000 ring=0.00000 smooth=0.0780 laplacian=0.3043 anticollapse=0.00031 beam=0.61440 beam_ceil=122.57968 shell_inner=77.39713 shell_outer=182.63527 homogeneity=0.0601 body=0.00000 bowel=0.21452 femur=0.06903
2026-05-26 15:42:30 [INFO] Step 50/54 Loss=355.7162 mse=0.3929 v_opt=1.78295 v_mand=1.33278 ptv=0.5094 ptv_max=0.00000 global_ceil=0.00000 ring=0.00000 smooth=0.0711 laplacian=0.2690 anticollapse=0.00017 beam=0.61597 beam_ceil=117.78234 shell_inner=22.05774 shell_outer=126.72734 homogeneity=0.0593 body=0.00000 bowel=0.00000 femur=0.00000
2026-05-26 15:42:35 [INFO] Step 54/54 Loss=308.3412 mse=0.3979 v_opt=1.76543 v_mand=1.31933 ptv=0.5124 ptv_max=0.00000 global_ceil=0.00000 ring=0.00000 smooth=0.0827 laplacian=0.3257 anticollapse=0.00021 beam=0.61485 beam_ceil=77.86943 shell_inner=31.05806 shell_outer=175.63068 homogeneity=0.0601 body=0.00000 bowel=0.00000 femur=0.00000
2026-05-26 15:42:35 [INFO] Running validation at epoch 21...
2026-05-26 15:43:02 [INFO] Epoch 21 Summary: Train=330.3231 Val=0.0422 (MSE=0.0422)
          Metrics: PTV_D95=27.67Gy Bladder=45.21Gy Rectum=44.18Gy
          Metrics: Ring=45.27Gy Dmax=58.87Gy BG=45.80Gy
2026-05-26 15:43:02 [INFO] Saved best model val_loss=0.0422
2026-05-26 15:43:02 [INFO] Epoch 22/300 [RAMP 22/75 (29% of physics)] ramp=0.293 lr=9.88e-05
2026-05-26 15:43:09 [INFO] Step 5/54 Loss=383.7693 mse=0.2383 v_opt=1.77521 v_mand=1.32600 ptv=0.5088 ptv_max=0.00000 global_ceil=0.00000 ring=0.00000 smooth=0.0616 laplacian=0.2336 anticollapse=0.00025 beam=0.53102 beam_ceil=115.02779 shell_inner=52.60191 shell_outer=150.28461 homogeneity=0.0599 body=0.00000 bowel=0.19949 femur=0.11248
2026-05-26 15:43:15 [INFO] Step 10/54 Loss=350.9206 mse=0.2800 v_opt=1.75104 v_mand=1.30541 ptv=0.5191 ptv_max=0.00000 global_ceil=0.00000 ring=0.00000 smooth=0.0676 laplacian=0.2595 anticollapse=0.00030 beam=0.61476 beam_ceil=94.75706 shell_inner=57.48292 shell_outer=157.43831 homogeneity=0.0618 body=0.00000 bowel=0.05095 femur=0.05828
2026-05-26 15:43:20 [INFO] Step 15/54 Loss=380.6031 mse=0.3190 v_opt=1.58099 v_mand=1.16954 ptv=0.5136 ptv_max=0.00000 global_ceil=0.00000 ring=0.00000 smooth=0.0774 laplacian=0.3019 anticollapse=0.00026 beam=0.61395 beam_ceil=105.46736 shell_inner=59.41990 shell_outer=170.04745 homogeneity=0.0606 body=0.00000 bowel=0.20338 femur=0.11097
2026-05-26 15:43:26 [INFO] Step 20/54 Loss=347.4625 mse=0.2923 v_opt=1.75519 v_mand=1.30995 ptv=0.5428 ptv_max=0.00000 global_ceil=0.00000 ring=0.00000 smooth=0.0749 laplacian=0.2783 anticollapse=0.00036 beam=0.61486 beam_ceil=80.19209 shell_inner=56.46214 shell_outer=200.77286 homogeneity=0.0663 body=0.00000 bowel=0.12674 femur=0.04556
2026-05-26 15:43:32 [INFO] Step 25/54 Loss=325.3949 mse=0.2825 v_opt=1.75085 v_mand=1.30541 ptv=0.5124 ptv_max=0.00000 global_ceil=0.00000 ring=0.00000 smooth=0.0646 laplacian=0.2455 anticollapse=0.00020 beam=0.61158 beam_ceil=92.47800 shell_inner=47.01604 shell_outer=131.52933 homogeneity=0.0601 body=0.00000 bowel=0.13976 femur=0.06336
2026-05-26 15:43:38 [INFO] Step 30/54 Loss=249.9455 mse=0.3759 v_opt=1.80691 v_mand=1.35281 ptv=0.5116 ptv_max=0.00000 global_ceil=0.00000 ring=0.00000 smooth=0.0909 laplacian=0.3593 anticollapse=0.00026 beam=0.61085 beam_ceil=75.04158 shell_inner=30.10863 shell_outer=73.12302 homogeneity=0.0603 body=0.00000 bowel=0.23352 femur=0.04996
2026-05-26 15:43:43 [INFO] Step 35/54 Loss=351.1940 mse=0.2437 v_opt=1.70125 v_mand=1.26407 ptv=0.5254 ptv_max=0.00000 global_ceil=0.00000 ring=0.00000 smooth=0.0640 laplacian=0.2456 anticollapse=0.00041 beam=0.61068 beam_ceil=107.65920 shell_inner=58.98888 shell_outer=114.07927 homogeneity=0.0634 body=0.00000 bowel=0.17720 femur=0.06366
2026-05-26 15:43:50 [INFO] Step 40/54 Loss=166.4967 mse=0.2959 v_opt=1.69484 v_mand=1.25846 ptv=0.5230 ptv_max=0.00000 global_ceil=0.00000 ring=0.00000 smooth=0.0656 laplacian=0.2525 anticollapse=0.00022 beam=0.60870 beam_ceil=37.07136 shell_inner=14.56786 shell_outer=83.94891 homogeneity=0.0618 body=0.00000 bowel=0.00000 femur=0.00000
2026-05-26 15:43:54 [INFO] Step 45/54 Loss=479.9075 mse=0.3371 v_opt=1.63686 v_mand=1.21290 ptv=0.5225 ptv_max=0.00000 global_ceil=0.00000 ring=0.00000 smooth=0.0845 laplacian=0.3337 anticollapse=0.00034 beam=0.61491 beam_ceil=152.18588 shell_inner=78.95004 shell_outer=158.77841 homogeneity=0.0626 body=0.00000 bowel=0.18337 femur=0.06695
2026-05-26 15:44:01 [INFO] Step 50/54 Loss=420.4752 mse=0.3321 v_opt=1.69031 v_mand=1.25371 ptv=0.5239 ptv_max=0.00000 global_ceil=0.00000 ring=0.00000 smooth=0.0870 laplacian=0.3368 anticollapse=0.00035 beam=0.61564 beam_ceil=120.59795 shell_inner=69.93953 shell_outer=173.16615 homogeneity=0.0628 body=0.00000 bowel=0.20631 femur=0.05521
2026-05-26 15:44:05 [INFO] Step 54/54 Loss=431.8088 mse=0.3157 v_opt=1.63428 v_mand=1.21004 ptv=0.5188 ptv_max=0.00000 global_ceil=0.00000 ring=0.00000 smooth=0.0739 laplacian=0.2886 anticollapse=0.00021 beam=0.61448 beam_ceil=148.55583 shell_inner=50.78537 shell_outer=118.51257 homogeneity=0.0612 body=0.00000 bowel=0.17373 femur=0.07861
2026-05-26 15:44:05 [INFO] Running validation at epoch 22...
2026-05-26 15:44:32 [INFO] Epoch 22 Summary: Train=330.5918 Val=0.0415 (MSE=0.0415)
          Metrics: PTV_D95=27.28Gy Bladder=44.81Gy Rectum=43.80Gy
          Metrics: Ring=44.89Gy Dmax=58.63Gy BG=45.44Gy
2026-05-26 15:44:32 [INFO] Saved best model val_loss=0.0415
2026-05-26 15:44:32 [INFO] Epoch 23/300 [RAMP 23/75 (31% of physics)] ramp=0.307 lr=9.87e-05
2026-05-26 15:44:39 [INFO] Step 5/54 Loss=205.9554 mse=0.3083 v_opt=1.85644 v_mand=1.39948 ptv=0.5068 ptv_max=0.00000 global_ceil=0.00000 ring=0.00000 smooth=0.0645 laplacian=0.2423 anticollapse=0.00008 beam=0.60720 beam_ceil=54.28874 shell_inner=13.63953 shell_outer=82.60722 homogeneity=0.0582 body=0.00000 bowel=0.00000 femur=0.04089
2026-05-26 15:44:45 [INFO] Step 10/54 Loss=196.8910 mse=0.2985 v_opt=1.78625 v_mand=1.33351 ptv=0.5091 ptv_max=0.00000 global_ceil=0.00000 ring=0.00000 smooth=0.0698 laplacian=0.2592 anticollapse=0.00012 beam=0.60611 beam_ceil=60.43133 shell_inner=12.52649 shell_outer=49.87409 homogeneity=0.0590 body=0.00000 bowel=0.14891 femur=0.03607
2026-05-26 15:44:51 [INFO] Step 15/54 Loss=346.7126 mse=0.2866 v_opt=1.69967 v_mand=1.26385 ptv=0.5232 ptv_max=0.00000 global_ceil=0.00000 ring=0.00000 smooth=0.0648 laplacian=0.2498 anticollapse=0.00019 beam=0.61047 beam_ceil=100.57814 shell_inner=42.24975 shell_outer=135.32689 homogeneity=0.0616 body=0.00000 bowel=0.19358 femur=0.03261
2026-05-26 15:44:56 [INFO] Step 20/54 Loss=214.2496 mse=0.3927 v_opt=1.68978 v_mand=1.25420 ptv=0.5187 ptv_max=0.00000 global_ceil=0.00000 ring=0.00000 smooth=0.0878 laplacian=0.3454 anticollapse=0.00016 beam=0.60693 beam_ceil=44.51075 shell_inner=22.28513 shell_outer=118.03928 homogeneity=0.0607 body=0.00000 bowel=0.18326 femur=0.02351
2026-05-26 15:45:02 [INFO] Step 25/54 Loss=316.4880 mse=0.2678 v_opt=1.68935 v_mand=1.25338 ptv=0.5281 ptv_max=0.00000 global_ceil=0.00000 ring=0.00000 smooth=0.0625 laplacian=0.2367 anticollapse=0.00021 beam=0.60954 beam_ceil=75.79858 shell_inner=46.01894 shell_outer=164.61151 homogeneity=0.0626 body=0.00000 bowel=0.12188 femur=0.04055
2026-05-26 15:45:07 [INFO] Step 30/54 Loss=331.3098 mse=0.2507 v_opt=1.57238 v_mand=1.15952 ptv=0.5298 ptv_max=0.00000 global_ceil=0.00000 ring=0.00000 smooth=0.0584 laplacian=0.2231 anticollapse=0.00022 beam=0.60637 beam_ceil=88.91290 shell_inner=47.67348 shell_outer=147.54190 homogeneity=0.0629 body=0.00000 bowel=0.13743 femur=0.02405
2026-05-26 15:45:13 [INFO] Step 35/54 Loss=442.6923 mse=0.3249 v_opt=1.68462 v_mand=1.25054 ptv=0.5310 ptv_max=0.00000 global_ceil=0.00000 ring=0.00000 smooth=0.0843 laplacian=0.3273 anticollapse=0.00025 beam=0.61108 beam_ceil=110.64745 shell_inner=74.33382 shell_outer=225.41074 homogeneity=0.0633 body=0.00000 bowel=0.18422 femur=0.04113
2026-05-26 15:45:18 [INFO] Step 40/54 Loss=386.3147 mse=0.2662 v_opt=1.68864 v_mand=1.25392 ptv=0.5346 ptv_max=0.00000 global_ceil=0.00000 ring=0.00000 smooth=0.0707 laplacian=0.2750 anticollapse=0.00032 beam=0.61992 beam_ceil=115.97246 shell_inner=59.95320 shell_outer=132.86737 homogeneity=0.0643 body=0.00000 bowel=0.17826 femur=0.03504
2026-05-26 15:45:25 [INFO] Step 45/54 Loss=392.1707 mse=0.3237 v_opt=1.64833 v_mand=1.21907 ptv=0.5361 ptv_max=0.00000 global_ceil=0.00000 ring=0.00000 smooth=0.0863 laplacian=0.3331 anticollapse=0.00037 beam=0.60769 beam_ceil=108.42778 shell_inner=58.47354 shell_outer=167.02679 homogeneity=0.0647 body=0.00000 bowel=0.18060 femur=0.03465
2026-05-26 15:45:30 [INFO] Step 50/54 Loss=279.9052 mse=0.3954 v_opt=1.65796 v_mand=1.22786 ptv=0.5428 ptv_max=0.00000 global_ceil=0.00000 ring=0.00000 smooth=0.0769 laplacian=0.2941 anticollapse=0.00019 beam=0.60728 beam_ceil=96.89877 shell_inner=11.54177 shell_outer=66.95764 homogeneity=0.0648 body=0.00000 bowel=0.00000 femur=0.00000
2026-05-26 15:45:35 [INFO] Step 54/54 Loss=431.2520 mse=0.3426 v_opt=1.66607 v_mand=1.23370 ptv=0.5341 ptv_max=0.00000 global_ceil=0.00000 ring=0.00000 smooth=0.0853 laplacian=0.3323 anticollapse=0.00028 beam=0.60801 beam_ceil=125.98364 shell_inner=57.04455 shell_outer=173.68851 homogeneity=0.0640 body=0.00000 bowel=0.19407 femur=0.03793
2026-05-26 15:45:35 [INFO] Running validation at epoch 23...
2026-05-26 15:46:02 [INFO] Epoch 23 Summary: Train=332.8424 Val=0.0406 (MSE=0.0406)
          Metrics: PTV_D95=27.28Gy Bladder=44.36Gy Rectum=43.38Gy
          Metrics: Ring=44.47Gy Dmax=58.13Gy BG=45.04Gy
2026-05-26 15:46:02 [INFO] Saved best model val_loss=0.0406
2026-05-26 15:46:02 [INFO] Epoch 24/300 [RAMP 24/75 (32% of physics)] ramp=0.320 lr=9.86e-05
2026-05-26 15:46:09 [INFO] Step 5/54 Loss=250.0362 mse=0.2836 v_opt=1.65029 v_mand=1.22304 ptv=0.5366 ptv_max=0.00000 global_ceil=0.00000 ring=0.00000 smooth=0.0689 laplacian=0.2668 anticollapse=0.00027 beam=0.60164 beam_ceil=77.82736 shell_inner=29.96363 shell_outer=59.72897 homogeneity=0.0643 body=0.00000 bowel=0.13720 femur=0.04310
2026-05-26 15:46:14 [INFO] Step 10/54 Loss=405.8458 mse=0.2900 v_opt=1.62196 v_mand=1.19708 ptv=0.5419 ptv_max=0.00000 global_ceil=0.00000 ring=0.00000 smooth=0.0702 laplacian=0.2735 anticollapse=0.00039 beam=0.60746 beam_ceil=102.06390 shell_inner=67.54173 shell_outer=190.12573 homogeneity=0.0658 body=0.00000 bowel=0.15234 femur=0.02105
2026-05-26 15:46:20 [INFO] Step 15/54 Loss=394.8479 mse=0.2787 v_opt=1.61994 v_mand=1.19465 ptv=0.5426 ptv_max=0.00000 global_ceil=0.00000 ring=0.00000 smooth=0.0710 laplacian=0.2738 anticollapse=0.00034 beam=0.60499 beam_ceil=106.75951 shell_inner=58.48357 shell_outer=167.70398 homogeneity=0.0656 body=0.00000 bowel=0.17172 femur=0.02360
2026-05-26 15:46:25 [INFO] Step 20/54 Loss=391.9191 mse=0.2958 v_opt=1.61838 v_mand=1.19364 ptv=0.5443 ptv_max=0.00000 global_ceil=0.00000 ring=0.00000 smooth=0.0776 laplacian=0.2955 anticollapse=0.00039 beam=0.60555 beam_ceil=102.71456 shell_inner=63.94889 shell_outer=169.72801 homogeneity=0.0663 body=0.00000 bowel=0.14082 femur=0.03843
2026-05-26 15:46:32 [INFO] Step 25/54 Loss=388.8411 mse=0.3396 v_opt=1.62238 v_mand=1.19644 ptv=0.5450 ptv_max=0.00000 global_ceil=0.00000 ring=0.00000 smooth=0.0902 laplacian=0.3490 anticollapse=0.00039 beam=0.60444 beam_ceil=103.36023 shell_inner=57.41683 shell_outer=167.29636 homogeneity=0.0663 body=0.00000 bowel=0.17727 femur=0.02728
2026-05-26 15:46:37 [INFO] Step 30/54 Loss=336.1794 mse=0.2619 v_opt=1.61208 v_mand=1.18889 ptv=0.5460 ptv_max=0.00000 global_ceil=0.00000 ring=0.00000 smooth=0.0652 laplacian=0.2485 anticollapse=0.00018 beam=0.60598 beam_ceil=123.01642 shell_inner=12.51131 shell_outer=73.46304 homogeneity=0.0653 body=0.00000 bowel=0.00000 femur=0.00000
2026-05-26 15:46:44 [INFO] Step 35/54 Loss=301.5479 mse=0.3825 v_opt=1.57252 v_mand=1.15591 ptv=0.5531 ptv_max=0.00000 global_ceil=0.00000 ring=0.00000 smooth=0.0794 laplacian=0.3100 anticollapse=0.00025 beam=0.60302 beam_ceil=68.52266 shell_inner=27.88633 shell_outer=170.21805 homogeneity=0.0668 body=0.00000 bowel=0.00000 femur=0.00000
2026-05-26 15:46:49 [INFO] Step 40/54 Loss=360.7119 mse=0.2518 v_opt=1.62741 v_mand=1.20213 ptv=0.5416 ptv_max=0.00000 global_ceil=0.00000 ring=0.00000 smooth=0.0567 laplacian=0.2172 anticollapse=0.00025 beam=0.60904 beam_ceil=110.63020 shell_inner=37.70947 shell_outer=124.05244 homogeneity=0.0650 body=0.00000 bowel=0.14181 femur=0.06225
2026-05-26 15:46:55 [INFO] Step 45/54 Loss=246.9865 mse=0.2752 v_opt=1.57102 v_mand=1.15457 ptv=0.5547 ptv_max=0.00000 global_ceil=0.00000 ring=0.00000 smooth=0.0640 laplacian=0.2441 anticollapse=0.00035 beam=0.59826 beam_ceil=57.27200 shell_inner=35.96209 shell_outer=115.96156 homogeneity=0.0676 body=0.00000 bowel=0.05537 femur=0.01895
2026-05-26 15:47:00 [INFO] Step 50/54 Loss=389.7069 mse=0.2852 v_opt=1.64289 v_mand=1.21714 ptv=0.5475 ptv_max=0.00000 global_ceil=0.00000 ring=0.00000 smooth=0.0735 laplacian=0.2688 anticollapse=0.00025 beam=0.61344 beam_ceil=107.96015 shell_inner=56.53583 shell_outer=157.40198 homogeneity=0.0659 body=0.00000 bowel=0.09423 femur=0.03908
2026-05-26 15:47:05 [INFO] Step 54/54 Loss=335.3569 mse=0.3104 v_opt=1.42652 v_mand=1.04239 ptv=0.5518 ptv_max=0.00000 global_ceil=0.00000 ring=0.00000 smooth=0.0736 laplacian=0.2789 anticollapse=0.00028 beam=0.60030 beam_ceil=97.06129 shell_inner=36.75859 shell_outer=129.91228 homogeneity=0.0668 body=0.00000 bowel=0.12408 femur=0.01295
2026-05-26 15:47:05 [INFO] Running validation at epoch 24...
2026-05-26 15:47:32 [INFO] Epoch 24 Summary: Train=333.6591 Val=0.0399 (MSE=0.0399)
          Metrics: PTV_D95=27.10Gy Bladder=43.99Gy Rectum=43.06Gy
          Metrics: Ring=44.13Gy Dmax=57.79Gy BG=44.71Gy
2026-05-26 15:47:32 [INFO] Saved best model val_loss=0.0399
2026-05-26 15:47:32 [INFO] Epoch 25/300 [RAMP 25/75 (33% of physics)] ramp=0.333 lr=9.84e-05
2026-05-26 15:47:39 [INFO] Step 5/54 Loss=370.4432 mse=0.2733 v_opt=1.65519 v_mand=1.22720 ptv=0.5457 ptv_max=0.00000 global_ceil=0.00000 ring=0.00000 smooth=0.0680 laplacian=0.2538 anticollapse=0.00026 beam=0.61386 beam_ceil=115.08509 shell_inner=39.33466 shell_outer=113.87079 homogeneity=0.0657 body=0.00000 bowel=0.14622 femur=0.01713
2026-05-26 15:47:45 [INFO] Step 10/54 Loss=344.2661 mse=0.3492 v_opt=1.57031 v_mand=1.15563 ptv=0.5560 ptv_max=0.00000 global_ceil=0.00000 ring=0.00000 smooth=0.0605 laplacian=0.2326 anticollapse=0.00021 beam=0.60714 beam_ceil=109.24488 shell_inner=14.45836 shell_outer=117.25568 homogeneity=0.0671 body=0.00000 bowel=0.00000 femur=0.00000
2026-05-26 15:47:51 [INFO] Step 15/54 Loss=344.5625 mse=0.2634 v_opt=1.58712 v_mand=1.16972 ptv=0.5553 ptv_max=0.00000 global_ceil=0.00000 ring=0.00000 smooth=0.0633 laplacian=0.2421 anticollapse=0.00029 beam=0.59740 beam_ceil=104.43799 shell_inner=37.86413 shell_outer=110.74640 homogeneity=0.0674 body=0.00000 bowel=0.11372 femur=0.01152
2026-05-26 15:47:56 [INFO] Step 20/54 Loss=311.1048 mse=0.3114 v_opt=1.41998 v_mand=1.03931 ptv=0.5588 ptv_max=0.00000 global_ceil=0.00000 ring=0.00000 smooth=0.0712 laplacian=0.2726 anticollapse=0.00029 beam=0.59933 beam_ceil=61.99889 shell_inner=37.50062 shell_outer=189.73102 homogeneity=0.0680 body=0.00000 bowel=0.11281 femur=0.01234
2026-05-26 15:48:03 [INFO] Step 25/54 Loss=209.3952 mse=0.3294 v_opt=1.60711 v_mand=1.18917 ptv=0.6018 ptv_max=0.00000 global_ceil=0.00000 ring=0.00000 smooth=0.0866 laplacian=0.3177 anticollapse=0.00052 beam=0.59785 beam_ceil=52.40110 shell_inner=31.04241 shell_outer=67.47353 homogeneity=0.0767 body=0.00000 bowel=0.08230 femur=0.01059
2026-05-26 15:48:08 [INFO] Step 30/54 Loss=205.3714 mse=0.3350 v_opt=1.14809 v_mand=0.84180 ptv=0.5574 ptv_max=0.00000 global_ceil=0.00000 ring=0.00000 smooth=0.0857 laplacian=0.3250 anticollapse=0.00029 beam=0.59719 beam_ceil=42.90828 shell_inner=30.69079 shell_outer=99.46089 homogeneity=0.0677 body=0.00000 bowel=0.10512 femur=0.01993
2026-05-26 15:48:15 [INFO] Step 35/54 Loss=438.8258 mse=0.3181 v_opt=1.50135 v_mand=1.10148 ptv=0.5569 ptv_max=0.00000 global_ceil=0.00000 ring=0.00000 smooth=0.0799 laplacian=0.3139 anticollapse=0.00028 beam=0.60902 beam_ceil=135.33923 shell_inner=60.27731 shell_outer=135.79608 homogeneity=0.0676 body=0.00000 bowel=0.16556 femur=0.05775
2026-05-26 15:48:20 [INFO] Step 40/54 Loss=338.2891 mse=0.2596 v_opt=1.63706 v_mand=1.21396 ptv=0.5560 ptv_max=0.00000 global_ceil=0.00000 ring=0.00000 smooth=0.0674 laplacian=0.2525 anticollapse=0.00036 beam=0.59594 beam_ceil=97.82516 shell_inner=41.71160 shell_outer=116.20248 homogeneity=0.0680 body=0.00000 bowel=0.12623 femur=0.00914
2026-05-26 15:48:26 [INFO] Step 45/54 Loss=234.1978 mse=0.3586 v_opt=1.53099 v_mand=1.12280 ptv=0.5675 ptv_max=0.00000 global_ceil=0.00000 ring=0.00000 smooth=0.0718 laplacian=0.2777 anticollapse=0.00022 beam=0.59727 beam_ceil=56.57199 shell_inner=17.90535 shell_outer=107.12424 homogeneity=0.0690 body=0.00000 bowel=0.00000 femur=0.00000
2026-05-26 15:48:31 [INFO] Step 50/54 Loss=359.2862 mse=0.2857 v_opt=1.67993 v_mand=1.25253 ptv=0.5560 ptv_max=0.00000 global_ceil=0.00000 ring=0.00000 smooth=0.0703 laplacian=0.2688 anticollapse=0.00022 beam=0.60486 beam_ceil=95.10713 shell_inner=41.51923 shell_outer=153.75897 homogeneity=0.0671 body=0.00000 bowel=0.14459 femur=0.01505
2026-05-26 15:48:36 [INFO] Step 54/54 Loss=326.2173 mse=0.3065 v_opt=1.61793 v_mand=1.20093 ptv=0.5597 ptv_max=0.00000 global_ceil=0.00000 ring=0.00000 smooth=0.0736 laplacian=0.2765 anticollapse=0.00026 beam=0.59897 beam_ceil=74.99318 shell_inner=38.72576 shell_outer=167.98958 homogeneity=0.0680 body=0.00000 bowel=0.13462 femur=0.00703
2026-05-26 15:48:36 [INFO] Running validation at epoch 25...
2026-05-26 15:49:03 [INFO] Epoch 25 Summary: Train=330.8831 Val=0.0394 (MSE=0.0394)
          Metrics: PTV_D95=26.78Gy Bladder=43.64Gy Rectum=42.74Gy
          Metrics: Ring=43.82Gy Dmax=56.91Gy BG=44.41Gy
2026-05-26 15:49:03 [INFO] Saved best model val_loss=0.0394
2026-05-26 15:49:03 [INFO] Epoch 26/300 [RAMP 26/75 (35% of physics)] ramp=0.347 lr=9.83e-05
2026-05-26 15:49:10 [INFO] Step 5/54 Loss=201.5092 mse=0.1459 v_opt=1.55834 v_mand=1.14902 ptv=0.5655 ptv_max=0.00000 global_ceil=0.00000 ring=0.00000 smooth=0.0370 laplacian=0.1381 anticollapse=0.00023 beam=0.60058 beam_ceil=54.00495 shell_inner=21.48289 shell_outer=63.95419 homogeneity=0.0687 body=0.00000 bowel=0.08407 femur=0.01640
2026-05-26 15:49:15 [INFO] Step 10/54 Loss=371.7214 mse=0.2584 v_opt=1.59317 v_mand=1.17725 ptv=0.5642 ptv_max=0.00000 global_ceil=0.00000 ring=0.00000 smooth=0.0706 laplacian=0.2736 anticollapse=0.00034 beam=0.61221 beam_ceil=100.79044 shell_inner=56.88026 shell_outer=133.41833 homogeneity=0.0691 body=0.00000 bowel=0.13810 femur=0.01069
2026-05-26 15:49:21 [INFO] Step 15/54 Loss=264.7401 mse=0.2505 v_opt=1.51073 v_mand=1.10547 ptv=0.5718 ptv_max=0.00000 global_ceil=0.00000 ring=0.00000 smooth=0.0642 laplacian=0.2471 anticollapse=0.00043 beam=0.59050 beam_ceil=70.72256 shell_inner=35.12938 shell_outer=90.08378 homogeneity=0.0708 body=0.00000 bowel=0.12125 femur=0.02300
2026-05-26 15:49:27 [INFO] Step 20/54 Loss=199.2452 mse=0.3883 v_opt=1.52892 v_mand=1.12157 ptv=0.5782 ptv_max=0.00000 global_ceil=0.00000 ring=0.00000 smooth=0.0796 laplacian=0.3106 anticollapse=0.00022 beam=0.59471 beam_ceil=40.35407 shell_inner=10.41814 shell_outer=103.31615 homogeneity=0.0707 body=0.00000 bowel=0.00000 femur=0.00000
2026-05-26 15:49:33 [INFO] Step 25/54 Loss=269.9485 mse=0.2555 v_opt=1.64711 v_mand=1.21673 ptv=0.5562 ptv_max=0.00000 global_ceil=0.00000 ring=0.00000 smooth=0.0546 laplacian=0.2075 anticollapse=0.00023 beam=0.59251 beam_ceil=73.32414 shell_inner=24.35352 shell_outer=98.13797 homogeneity=0.0672 body=0.00000 bowel=0.11941 femur=0.00445
2026-05-26 15:49:38 [INFO] Step 30/54 Loss=308.3567 mse=0.2407 v_opt=1.46470 v_mand=1.07269 ptv=0.5727 ptv_max=0.00000 global_ceil=0.00000 ring=0.00000 smooth=0.0557 laplacian=0.2121 anticollapse=0.00034 beam=0.59595 beam_ceil=81.62184 shell_inner=35.38286 shell_outer=122.99393 homogeneity=0.0705 body=0.00000 bowel=0.07082 femur=0.00883
2026-05-26 15:49:45 [INFO] Step 35/54 Loss=257.0053 mse=0.2155 v_opt=1.45746 v_mand=1.07029 ptv=0.5767 ptv_max=0.00000 global_ceil=0.00000 ring=0.00000 smooth=0.0464 laplacian=0.1770 anticollapse=0.00025 beam=0.59058 beam_ceil=83.46933 shell_inner=22.06781 shell_outer=57.98647 homogeneity=0.0706 body=0.00000 bowel=0.07791 femur=0.00598
2026-05-26 15:49:50 [INFO] Step 40/54 Loss=194.6063 mse=0.2726 v_opt=0.00000 v_mand=0.00000 ptv=0.5677 ptv_max=0.00000 global_ceil=0.00000 ring=0.00000 smooth=0.0697 laplacian=0.2567 anticollapse=0.00033 beam=0.59382 beam_ceil=63.75267 shell_inner=16.75221 shell_outer=55.93365 homogeneity=0.0696 body=0.00000 bowel=0.11177 femur=0.00000
2026-05-26 15:49:57 [INFO] Step 45/54 Loss=287.0737 mse=0.2116 v_opt=1.52371 v_mand=1.12210 ptv=0.5753 ptv_max=0.00000 global_ceil=0.00000 ring=0.00000 smooth=0.0513 laplacian=0.1912 anticollapse=0.00030 beam=0.59422 beam_ceil=68.99754 shell_inner=31.87323 shell_outer=131.95505 homogeneity=0.0707 body=0.00000 bowel=0.08299 femur=0.00608
2026-05-26 15:50:02 [INFO] Step 50/54 Loss=202.7920 mse=0.2677 v_opt=1.54906 v_mand=1.14293 ptv=0.5754 ptv_max=0.00000 global_ceil=0.00000 ring=0.00000 smooth=0.0563 laplacian=0.2117 anticollapse=0.00022 beam=0.59074 beam_ceil=47.27178 shell_inner=14.45058 shell_outer=87.93428 homogeneity=0.0702 body=0.00000 bowel=0.08330 femur=0.00324
2026-05-26 15:50:06 [INFO] Step 54/54 Loss=277.8155 mse=0.2678 v_opt=1.36066 v_mand=0.99937 ptv=0.5734 ptv_max=0.00000 global_ceil=0.00000 ring=0.00000 smooth=0.0573 laplacian=0.2164 anticollapse=0.00022 beam=0.59216 beam_ceil=64.90125 shell_inner=26.97546 shell_outer=136.50354 homogeneity=0.0701 body=0.00000 bowel=0.08637 femur=0.00273
2026-05-26 15:50:06 [INFO] Running validation at epoch 26...
2026-05-26 15:50:33 [INFO] Epoch 26 Summary: Train=314.5585 Val=0.0386 (MSE=0.0386)
          Metrics: PTV_D95=26.78Gy Bladder=43.24Gy Rectum=42.38Gy
          Metrics: Ring=43.44Gy Dmax=56.38Gy BG=44.03Gy
2026-05-26 15:50:33 [INFO] Saved best model val_loss=0.0386
2026-05-26 15:50:33 [INFO] Epoch 27/300 [RAMP 27/75 (36% of physics)] ramp=0.360 lr=9.82e-05
2026-05-26 15:50:40 [INFO] Step 5/54 Loss=345.6748 mse=0.3138 v_opt=1.52663 v_mand=1.12506 ptv=0.5755 ptv_max=0.00000 global_ceil=0.00000 ring=0.00000 smooth=0.0699 laplacian=0.2704 anticollapse=0.00024 beam=0.59224 beam_ceil=79.80414 shell_inner=37.05305 shell_outer=166.29398 homogeneity=0.0704 body=0.00000 bowel=0.12555 femur=0.01635
2026-05-26 15:50:45 [INFO] Step 10/54 Loss=376.6887 mse=0.3474 v_opt=1.48602 v_mand=1.08831 ptv=0.5839 ptv_max=0.00000 global_ceil=0.00000 ring=0.00000 smooth=0.0736 laplacian=0.2855 anticollapse=0.00037 beam=0.59162 beam_ceil=80.66537 shell_inner=48.88659 shell_outer=194.90533 homogeneity=0.0724 body=0.00000 bowel=0.12000 femur=0.00431
2026-05-26 15:50:51 [INFO] Step 15/54 Loss=439.1115 mse=0.2937 v_opt=1.51608 v_mand=1.11552 ptv=0.5802 ptv_max=0.00000 global_ceil=0.00000 ring=0.00000 smooth=0.0726 laplacian=0.2832 anticollapse=0.00040 beam=0.59474 beam_ceil=120.63766 shell_inner=55.18671 shell_outer=165.54749 homogeneity=0.0720 body=0.00000 bowel=0.10336 femur=0.00408
2026-05-26 15:50:57 [INFO] Step 20/54 Loss=377.3848 mse=0.2888 v_opt=1.53909 v_mand=1.13739 ptv=0.5824 ptv_max=0.00000 global_ceil=0.00000 ring=0.00000 smooth=0.0697 laplacian=0.2739 anticollapse=0.00030 beam=0.59628 beam_ceil=82.54399 shell_inner=54.00154 shell_outer=186.38370 homogeneity=0.0718 body=0.00000 bowel=0.10881 femur=0.00299
2026-05-26 15:51:03 [INFO] Step 25/54 Loss=323.5106 mse=0.2764 v_opt=1.56854 v_mand=1.16411 ptv=0.5818 ptv_max=0.00000 global_ceil=0.00000 ring=0.00000 smooth=0.0622 laplacian=0.2392 anticollapse=0.00027 beam=0.59014 beam_ceil=83.03934 shell_inner=34.17007 shell_outer=130.15218 homogeneity=0.0716 body=0.00000 bowel=0.07604 femur=0.00606
2026-05-26 15:51:08 [INFO] Step 30/54 Loss=267.1662 mse=0.2943 v_opt=1.41860 v_mand=1.03742 ptv=0.5928 ptv_max=0.00000 global_ceil=0.00000 ring=0.00000 smooth=0.0695 laplacian=0.2701 anticollapse=0.00033 beam=0.58677 beam_ceil=64.92995 shell_inner=27.87343 shell_outer=111.18657 homogeneity=0.0737 body=0.00000 bowel=0.05767 femur=0.00317
2026-05-26 15:51:15 [INFO] Step 35/54 Loss=347.2481 mse=0.2761 v_opt=1.45839 v_mand=1.06953 ptv=0.5944 ptv_max=0.00000 global_ceil=0.00000 ring=0.00000 smooth=0.0675 laplacian=0.2635 anticollapse=0.00033 beam=0.59358 beam_ceil=81.79066 shell_inner=38.34308 shell_outer=164.75037 homogeneity=0.0739 body=0.00000 bowel=0.06555 femur=0.00375
2026-05-26 15:51:20 [INFO] Step 40/54 Loss=319.1364 mse=0.2091 v_opt=1.49209 v_mand=1.09674 ptv=0.5921 ptv_max=0.00000 global_ceil=0.00000 ring=0.00000 smooth=0.0535 laplacian=0.2040 anticollapse=0.00030 beam=0.59543 beam_ceil=70.91820 shell_inner=41.37251 shell_outer=154.65692 homogeneity=0.0734 body=0.00000 bowel=0.06561 femur=0.00272
2026-05-26 15:51:26 [INFO] Step 45/54 Loss=237.2120 mse=0.3471 v_opt=1.41360 v_mand=1.02938 ptv=0.6068 ptv_max=0.00000 global_ceil=0.00000 ring=0.00000 smooth=0.0682 laplacian=0.2671 anticollapse=0.00027 beam=0.58598 beam_ceil=50.00462 shell_inner=14.12530 shell_outer=123.49980 homogeneity=0.0758 body=0.00000 bowel=0.00000 femur=0.00000
2026-05-26 15:51:32 [INFO] Step 50/54 Loss=346.9476 mse=0.2583 v_opt=1.43358 v_mand=1.04750 ptv=0.6021 ptv_max=0.00000 global_ceil=0.00000 ring=0.00000 smooth=0.0668 laplacian=0.2599 anticollapse=0.00036 beam=0.59292 beam_ceil=75.74776 shell_inner=47.21103 shell_outer=173.42461 homogeneity=0.0753 body=0.00000 bowel=0.06116 femur=0.00195
2026-05-26 15:51:36 [INFO] Step 54/54 Loss=185.2892 mse=0.3551 v_opt=1.45681 v_mand=1.06709 ptv=0.6030 ptv_max=0.00000 global_ceil=0.00000 ring=0.00000 smooth=0.0727 laplacian=0.2793 anticollapse=0.00022 beam=0.58541 beam_ceil=36.62213 shell_inner=8.10072 shell_outer=93.34077 homogeneity=0.0748 body=0.00000 bowel=0.00000 femur=0.00000
2026-05-26 15:51:37 [INFO] Running validation at epoch 27...
2026-05-26 15:52:04 [INFO] Epoch 27 Summary: Train=315.0534 Val=0.0376 (MSE=0.0376)
          Metrics: PTV_D95=26.40Gy Bladder=42.68Gy Rectum=41.88Gy
          Metrics: Ring=42.92Gy Dmax=56.69Gy BG=43.52Gy
2026-05-26 15:52:04 [INFO] Saved best model val_loss=0.0376
2026-05-26 15:52:04 [INFO] Epoch 28/300 [RAMP 28/75 (37% of physics)] ramp=0.373 lr=9.80e-05
2026-05-26 15:52:11 [INFO] Step 5/54 Loss=328.9628 mse=0.2862 v_opt=1.33366 v_mand=0.96930 ptv=0.6027 ptv_max=0.00000 global_ceil=0.00000 ring=0.00000 smooth=0.0681 laplacian=0.2619 anticollapse=0.00036 beam=0.59088 beam_ceil=82.26585 shell_inner=38.10563 shell_outer=132.61404 homogeneity=0.0755 body=0.00000 bowel=0.07824 femur=0.00235
2026-05-26 15:52:16 [INFO] Step 10/54 Loss=411.9879 mse=0.2533 v_opt=1.41867 v_mand=1.03410 ptv=0.6039 ptv_max=0.00000 global_ceil=0.00000 ring=0.00000 smooth=0.0726 laplacian=0.2845 anticollapse=0.00044 beam=0.59478 beam_ceil=105.70807 shell_inner=60.87404 shell_outer=157.42569 homogeneity=0.0760 body=0.00000 bowel=0.09014 femur=0.00191
2026-05-26 15:52:22 [INFO] Step 15/54 Loss=174.2109 mse=0.1852 v_opt=0.00000 v_mand=0.00000 ptv=0.5674 ptv_max=0.00000 global_ceil=0.00000 ring=0.00000 smooth=0.0354 laplacian=0.1313 anticollapse=0.00011 beam=0.58413 beam_ceil=62.65292 shell_inner=6.10147 shell_outer=39.62144 homogeneity=0.0684 body=0.00000 bowel=0.08204 femur=0.00432
2026-05-26 15:52:27 [INFO] Step 20/54 Loss=182.8176 mse=0.1849 v_opt=1.44264 v_mand=1.05785 ptv=0.6096 ptv_max=0.00000 global_ceil=0.00000 ring=0.00000 smooth=0.0457 laplacian=0.1727 anticollapse=0.00035 beam=0.57833 beam_ceil=38.41060 shell_inner=21.01141 shell_outer=73.29021 homogeneity=0.0765 body=0.00000 bowel=0.01919 femur=0.00075
2026-05-26 15:52:33 [INFO] Step 25/54 Loss=425.1162 mse=0.2861 v_opt=1.48069 v_mand=1.09008 ptv=0.6028 ptv_max=0.00000 global_ceil=0.00000 ring=0.00000 smooth=0.0712 laplacian=0.2849 anticollapse=0.00034 beam=0.59882 beam_ceil=115.81023 shell_inner=51.76341 shell_outer=154.46748 homogeneity=0.0754 body=0.00000 bowel=0.08822 femur=0.00614
2026-05-26 15:52:38 [INFO] Step 30/54 Loss=143.3739 mse=0.1815 v_opt=1.57393 v_mand=1.17178 ptv=0.6004 ptv_max=0.00000 global_ceil=0.00000 ring=0.00000 smooth=0.0420 laplacian=0.1543 anticollapse=0.00020 beam=0.57674 beam_ceil=33.87360 shell_inner=9.96890 shell_outer=40.75249 homogeneity=0.0743 body=0.00000 bowel=0.04864 femur=0.00109
2026-05-26 15:52:44 [INFO] Step 35/54 Loss=283.7543 mse=0.2994 v_opt=1.40379 v_mand=1.02351 ptv=0.6098 ptv_max=0.00000 global_ceil=0.00000 ring=0.00000 smooth=0.0741 laplacian=0.2831 anticollapse=0.00034 beam=0.58121 beam_ceil=65.77842 shell_inner=31.59519 shell_outer=121.02929 homogeneity=0.0766 body=0.00000 bowel=0.05712 femur=0.00181
2026-05-26 15:52:50 [INFO] Step 40/54 Loss=225.2737 mse=0.3440 v_opt=1.41922 v_mand=1.03761 ptv=0.6206 ptv_max=0.00000 global_ceil=0.00000 ring=0.00000 smooth=0.0698 laplacian=0.2697 anticollapse=0.00024 beam=0.58146 beam_ceil=47.17144 shell_inner=11.11465 shell_outer=111.54349 homogeneity=0.0779 body=0.00000 bowel=0.00000 femur=0.00000
2026-05-26 15:52:56 [INFO] Step 45/54 Loss=209.2037 mse=0.2768 v_opt=1.40985 v_mand=1.02924 ptv=0.6151 ptv_max=0.00000 global_ceil=0.00000 ring=0.00000 smooth=0.0752 laplacian=0.2906 anticollapse=0.00047 beam=0.57671 beam_ceil=49.45873 shell_inner=36.50255 shell_outer=60.46096 homogeneity=0.0780 body=0.00000 bowel=0.07130 femur=0.00099
2026-05-26 15:53:01 [INFO] Step 50/54 Loss=250.6471 mse=0.2480 v_opt=1.48659 v_mand=1.09501 ptv=0.6136 ptv_max=0.00000 global_ceil=0.00000 ring=0.00000 smooth=0.0626 laplacian=0.2390 anticollapse=0.00042 beam=0.57465 beam_ceil=64.39807 shell_inner=30.48481 shell_outer=81.37922 homogeneity=0.0776 body=0.00000 bowel=0.07391 femur=0.00016
2026-05-26 15:53:06 [INFO] Step 54/54 Loss=327.8027 mse=0.2271 v_opt=1.41678 v_mand=1.03534 ptv=0.6110 ptv_max=0.00000 global_ceil=0.00000 ring=0.00000 smooth=0.0624 laplacian=0.2372 anticollapse=0.00035 beam=0.58654 beam_ceil=73.35931 shell_inner=39.82102 shell_outer=153.76151 homogeneity=0.0768 body=0.00000 bowel=0.04149 femur=0.00170
2026-05-26 15:53:06 [INFO] Running validation at epoch 28...
2026-05-26 15:53:33 [INFO] Epoch 28 Summary: Train=286.0752 Val=0.0367 (MSE=0.0367)
          Metrics: PTV_D95=26.23Gy Bladder=42.17Gy Rectum=41.46Gy
          Metrics: Ring=42.46Gy Dmax=55.24Gy BG=43.04Gy
2026-05-26 15:53:33 [INFO] Saved best model val_loss=0.0367
2026-05-26 15:53:33 [INFO] Epoch 29/300 [RAMP 29/75 (39% of physics)] ramp=0.387 lr=9.79e-05
2026-05-26 15:53:40 [INFO] Step 5/54 Loss=262.0350 mse=0.1866 v_opt=1.44016 v_mand=1.05501 ptv=0.6146 ptv_max=0.00000 global_ceil=0.00000 ring=0.00000 smooth=0.0479 laplacian=0.1765 anticollapse=0.00029 beam=0.57713 beam_ceil=51.99382 shell_inner=33.97483 shell_outer=122.85158 homogeneity=0.0772 body=0.00000 bowel=0.03037 femur=0.00038
2026-05-26 15:53:45 [INFO] Step 10/54 Loss=198.7196 mse=0.2949 v_opt=1.41628 v_mand=1.03539 ptv=0.6157 ptv_max=0.00000 global_ceil=0.00000 ring=0.00000 smooth=0.0734 laplacian=0.2892 anticollapse=0.00040 beam=0.57473 beam_ceil=50.30330 shell_inner=25.46981 shell_outer=50.29723 homogeneity=0.0778 body=0.00000 bowel=0.06760 femur=0.00059
2026-05-26 15:53:52 [INFO] Step 15/54 Loss=132.6145 mse=0.3261 v_opt=1.36349 v_mand=0.99343 ptv=0.6350 ptv_max=0.00000 global_ceil=0.00000 ring=0.00000 smooth=0.0730 laplacian=0.2778 anticollapse=0.00026 beam=0.57623 beam_ceil=20.46958 shell_inner=5.65734 shell_outer=62.22689 homogeneity=0.0804 body=0.00000 bowel=0.00000 femur=0.00000
2026-05-26 15:53:57 [INFO] Step 20/54 Loss=197.1942 mse=0.2151 v_opt=1.38593 v_mand=1.01192 ptv=0.6254 ptv_max=0.00000 global_ceil=0.00000 ring=0.00000 smooth=0.0490 laplacian=0.1884 anticollapse=0.00036 beam=0.57098 beam_ceil=50.68018 shell_inner=20.51556 shell_outer=55.96756 homogeneity=0.0792 body=0.00000 bowel=0.03509 femur=0.00018
2026-05-26 15:54:03 [INFO] Step 25/54 Loss=254.1945 mse=0.2367 v_opt=1.39017 v_mand=1.01474 ptv=0.6312 ptv_max=0.00000 global_ceil=0.00000 ring=0.00000 smooth=0.0528 laplacian=0.2012 anticollapse=0.00023 beam=0.58286 beam_ceil=76.24568 shell_inner=8.51317 shell_outer=74.82818 homogeneity=0.0797 body=0.00000 bowel=0.00000 femur=0.00000
2026-05-26 15:54:08 [INFO] Step 30/54 Loss=308.3275 mse=0.2724 v_opt=1.50368 v_mand=1.11101 ptv=0.6232 ptv_max=0.00000 global_ceil=0.00000 ring=0.00000 smooth=0.0709 laplacian=0.2677 anticollapse=0.00030 beam=0.58372 beam_ceil=67.13577 shell_inner=33.42287 shell_outer=139.35287 homogeneity=0.0786 body=0.00000 bowel=0.04345 femur=0.00189
2026-05-26 15:54:14 [INFO] Step 35/54 Loss=356.6550 mse=0.2323 v_opt=1.39975 v_mand=1.02109 ptv=0.6271 ptv_max=0.00000 global_ceil=0.00000 ring=0.00000 smooth=0.0693 laplacian=0.2672 anticollapse=0.00038 beam=0.60728 beam_ceil=87.61621 shell_inner=45.09608 shell_outer=140.35190 homogeneity=0.0796 body=0.00000 bowel=0.06566 femur=0.00038
2026-05-26 15:54:20 [INFO] Step 40/54 Loss=344.7811 mse=0.2808 v_opt=1.36533 v_mand=0.99351 ptv=0.6349 ptv_max=0.00000 global_ceil=0.00000 ring=0.00000 smooth=0.0653 laplacian=0.2512 anticollapse=0.00041 beam=0.57430 beam_ceil=74.02660 shell_inner=39.95324 shell_outer=165.30739 homogeneity=0.0811 body=0.00000 bowel=0.00000 femur=0.00019
2026-05-26 15:54:26 [INFO] Step 45/54 Loss=268.9943 mse=0.2708 v_opt=1.35860 v_mand=0.99123 ptv=0.6342 ptv_max=0.00000 global_ceil=0.00000 ring=0.00000 smooth=0.0566 laplacian=0.2174 anticollapse=0.00027 beam=0.57313 beam_ceil=61.72001 shell_inner=20.29397 shell_outer=119.31228 homogeneity=0.0803 body=0.00000 bowel=0.00000 femur=0.00024
2026-05-26 15:54:32 [INFO] Step 50/54 Loss=311.5014 mse=0.2667 v_opt=1.31812 v_mand=0.95434 ptv=0.6368 ptv_max=0.00000 global_ceil=0.00000 ring=0.00000 smooth=0.0611 laplacian=0.2394 anticollapse=0.00033 beam=0.57960 beam_ceil=64.31108 shell_inner=33.97006 shell_outer=154.58981 homogeneity=0.0810 body=0.00000 bowel=0.03033 femur=0.00084
2026-05-26 15:54:36 [INFO] Step 54/54 Loss=171.5085 mse=0.1060 v_opt=1.44010 v_mand=1.05415 ptv=0.6305 ptv_max=0.00000 global_ceil=0.00000 ring=0.00000 smooth=0.0347 laplacian=0.1266 anticollapse=0.00038 beam=0.57297 beam_ceil=35.90871 shell_inner=17.78770 shell_outer=66.20195 homogeneity=0.0802 body=0.00000 bowel=0.03280 femur=0.00016
2026-05-26 15:54:37 [INFO] Running validation at epoch 29...
2026-05-26 15:55:03 [INFO] Epoch 29 Summary: Train=285.9807 Val=0.0358 (MSE=0.0358)
          Metrics: PTV_D95=26.08Gy Bladder=41.69Gy Rectum=40.98Gy
          Metrics: Ring=41.99Gy Dmax=54.60Gy BG=42.55Gy
2026-05-26 15:55:03 [INFO] Saved best model val_loss=0.0358
2026-05-26 15:55:03 [INFO] Epoch 30/300 [RAMP 30/75 (40% of physics)] ramp=0.400 lr=9.77e-05
2026-05-26 15:55:11 [INFO] Step 5/54 Loss=195.4421 mse=0.2272 v_opt=1.42764 v_mand=1.04988 ptv=0.6447 ptv_max=0.00000 global_ceil=0.00000 ring=0.00000 smooth=0.0434 laplacian=0.1622 anticollapse=0.00025 beam=0.57138 beam_ceil=50.51644 shell_inner=6.82777 shell_outer=62.59222 homogeneity=0.0819 body=0.00000 bowel=0.02210 femur=0.00000
2026-05-26 15:55:16 [INFO] Step 10/54 Loss=201.9032 mse=0.2005 v_opt=1.23374 v_mand=0.88752 ptv=0.6436 ptv_max=0.00000 global_ceil=0.00000 ring=0.00000 smooth=0.0455 laplacian=0.1715 anticollapse=0.00039 beam=0.57071 beam_ceil=42.65702 shell_inner=15.13210 shell_outer=87.14634 homogeneity=0.0825 body=0.00000 bowel=0.01236 femur=0.00000
2026-05-26 15:55:22 [INFO] Step 15/54 Loss=351.6417 mse=0.2563 v_opt=1.37632 v_mand=1.00392 ptv=0.6395 ptv_max=0.00000 global_ceil=0.00000 ring=0.00000 smooth=0.0649 laplacian=0.2516 anticollapse=0.00036 beam=0.59151 beam_ceil=87.95940 shell_inner=42.02170 shell_outer=128.83881 homogeneity=0.0816 body=0.00000 bowel=0.02739 femur=0.00005
2026-05-26 15:55:28 [INFO] Step 20/54 Loss=310.5099 mse=0.2651 v_opt=1.26856 v_mand=0.91348 ptv=0.6498 ptv_max=0.00000 global_ceil=0.00000 ring=0.00000 smooth=0.0626 laplacian=0.2444 anticollapse=0.00038 beam=0.57729 beam_ceil=62.08459 shell_inner=27.46897 shell_outer=158.85507 homogeneity=0.0834 body=0.00000 bowel=0.02669 femur=0.00002
2026-05-26 15:55:34 [INFO] Step 25/54 Loss=183.6332 mse=0.3097 v_opt=1.32867 v_mand=0.96422 ptv=0.6514 ptv_max=0.00000 global_ceil=0.00000 ring=0.00000 smooth=0.0694 laplacian=0.2644 anticollapse=0.00034 beam=0.56801 beam_ceil=27.19259 shell_inner=11.87048 shell_outer=100.55755 homogeneity=0.0835 body=0.00000 bowel=0.00780 femur=0.00000
2026-05-26 15:55:39 [INFO] Step 30/54 Loss=339.9801 mse=0.2422 v_opt=1.08218 v_mand=0.76668 ptv=0.6559 ptv_max=0.00000 global_ceil=0.00000 ring=0.00000 smooth=0.0634 laplacian=0.2463 anticollapse=0.00050 beam=0.57952 beam_ceil=71.75029 shell_inner=48.79427 shell_outer=154.70618 homogeneity=0.0850 body=0.00000 bowel=0.02088 femur=0.00001
2026-05-26 15:55:46 [INFO] Step 35/54 Loss=323.8389 mse=0.2636 v_opt=0.94228 v_mand=0.67483 ptv=0.6479 ptv_max=0.00000 global_ceil=0.00000 ring=0.00000 smooth=0.0645 laplacian=0.2501 anticollapse=0.00033 beam=0.57376 beam_ceil=73.52020 shell_inner=30.50525 shell_outer=150.35526 homogeneity=0.0829 body=0.00000 bowel=0.01710 femur=0.00022
2026-05-26 15:55:51 [INFO] Step 40/54 Loss=340.3499 mse=0.2790 v_opt=1.39674 v_mand=1.01831 ptv=0.6352 ptv_max=0.00000 global_ceil=0.00000 ring=0.00000 smooth=0.0685 laplacian=0.2713 anticollapse=0.00032 beam=0.57513 beam_ceil=82.24471 shell_inner=29.15009 shell_outer=141.01497 homogeneity=0.0807 body=0.00000 bowel=0.02512 femur=0.00010
2026-05-26 15:55:57 [INFO] Step 45/54 Loss=142.0133 mse=0.2339 v_opt=1.32622 v_mand=0.96289 ptv=0.6664 ptv_max=0.00000 global_ceil=0.00000 ring=0.00000 smooth=0.0552 laplacian=0.2002 anticollapse=0.00028 beam=0.56641 beam_ceil=26.49360 shell_inner=3.63369 shell_outer=61.02486 homogeneity=0.0859 body=0.00000 bowel=0.00000 femur=0.00000
2026-05-26 15:56:02 [INFO] Step 50/54 Loss=286.4044 mse=0.2280 v_opt=1.30183 v_mand=0.94035 ptv=0.6485 ptv_max=0.00000 global_ceil=0.00000 ring=0.00000 smooth=0.0549 laplacian=0.2103 anticollapse=0.00033 beam=0.57426 beam_ceil=49.66497 shell_inner=29.07337 shell_outer=158.87166 homogeneity=0.0830 body=0.00000 bowel=0.01287 femur=0.00000
2026-05-26 15:56:07 [INFO] Step 54/54 Loss=235.9713 mse=0.3000 v_opt=1.38550 v_mand=1.01151 ptv=0.6413 ptv_max=0.00000 global_ceil=0.00000 ring=0.00000 smooth=0.0664 laplacian=0.2582 anticollapse=0.00029 beam=0.56642 beam_ceil=50.99072 shell_inner=17.23019 shell_outer=100.12526 homogeneity=0.0816 body=0.00000 bowel=0.03596 femur=0.00000
2026-05-26 15:56:07 [INFO] Running validation at epoch 30...
2026-05-26 15:56:34 [INFO] Epoch 30 Summary: Train=273.0863 Val=0.0350 (MSE=0.0350)
          Metrics: PTV_D95=26.01Gy Bladder=41.26Gy Rectum=40.62Gy
          Metrics: Ring=41.60Gy Dmax=54.45Gy BG=42.14Gy
2026-05-26 15:56:34 [INFO] Saved best model val_loss=0.0350
2026-05-26 15:56:34 [INFO] Epoch 31/300 [RAMP 31/75 (41% of physics)] ramp=0.413 lr=9.76e-05
2026-05-26 15:56:41 [INFO] Step 5/54 Loss=320.3387 mse=0.2573 v_opt=1.29502 v_mand=0.93472 ptv=0.6560 ptv_max=0.00000 global_ceil=0.00000 ring=0.00000 smooth=0.0610 laplacian=0.2401 anticollapse=0.00036 beam=0.58159 beam_ceil=79.68443 shell_inner=32.68295 shell_outer=115.35672 homogeneity=0.0844 body=0.00000 bowel=0.01670 femur=0.00003
2026-05-26 15:56:46 [INFO] Step 10/54 Loss=264.1209 mse=0.1902 v_opt=1.29684 v_mand=0.93579 ptv=0.6510 ptv_max=0.00000 global_ceil=0.00000 ring=0.00000 smooth=0.0489 laplacian=0.1806 anticollapse=0.00040 beam=0.56434 beam_ceil=54.61608 shell_inner=29.61880 shell_outer=113.46262 homogeneity=0.0838 body=0.00000 bowel=0.01876 femur=0.00000
2026-05-26 15:56:53 [INFO] Step 15/54 Loss=369.4755 mse=0.2512 v_opt=1.26178 v_mand=0.90527 ptv=0.6576 ptv_max=0.00000 global_ceil=0.00000 ring=0.00000 smooth=0.0722 laplacian=0.2783 anticollapse=0.00041 beam=0.57584 beam_ceil=83.65396 shell_inner=45.86900 shell_outer=152.88399 homogeneity=0.0849 body=0.00000 bowel=0.01974 femur=0.00000
2026-05-26 15:56:58 [INFO] Step 20/54 Loss=329.9101 mse=0.2742 v_opt=1.30167 v_mand=0.93847 ptv=0.6521 ptv_max=0.00000 global_ceil=0.00000 ring=0.00000 smooth=0.0633 laplacian=0.2466 anticollapse=0.00036 beam=0.56638 beam_ceil=70.04549 shell_inner=25.96274 shell_outer=156.49579 homogeneity=0.0837 body=0.00000 bowel=0.02738 femur=0.00000
2026-05-26 15:57:04 [INFO] Step 25/54 Loss=166.2381 mse=0.3266 v_opt=1.25756 v_mand=0.90298 ptv=0.6691 ptv_max=0.00000 global_ceil=0.00000 ring=0.00000 smooth=0.0642 laplacian=0.2487 anticollapse=0.00028 beam=0.56568 beam_ceil=24.76070 shell_inner=5.91832 shell_outer=87.50417 homogeneity=0.0864 body=0.00000 bowel=0.00000 femur=0.00000
2026-05-26 15:57:10 [INFO] Step 30/54 Loss=165.9139 mse=0.2802 v_opt=1.22267 v_mand=0.87339 ptv=0.6729 ptv_max=0.00000 global_ceil=0.00000 ring=0.00000 smooth=0.0492 laplacian=0.1878 anticollapse=0.00028 beam=0.56481 beam_ceil=25.96325 shell_inner=8.11773 shell_outer=84.31099 homogeneity=0.0870 body=0.00000 bowel=0.00000 femur=0.00000
2026-05-26 15:57:16 [INFO] Step 35/54 Loss=265.6768 mse=0.1946 v_opt=1.20873 v_mand=0.86228 ptv=0.6699 ptv_max=0.00000 global_ceil=0.00000 ring=0.00000 smooth=0.0512 laplacian=0.1977 anticollapse=0.00044 beam=0.57598 beam_ceil=54.68539 shell_inner=27.65377 shell_outer=118.68518 homogeneity=0.0871 body=0.00000 bowel=0.00108 femur=0.00000
2026-05-26 15:57:21 [INFO] Step 40/54 Loss=326.6981 mse=0.2441 v_opt=1.23408 v_mand=0.88310 ptv=0.6653 ptv_max=0.00000 global_ceil=0.00000 ring=0.00000 smooth=0.0662 laplacian=0.2562 anticollapse=0.00039 beam=0.57319 beam_ceil=68.73125 shell_inner=33.84478 shell_outer=150.13615 homogeneity=0.0861 body=0.00000 bowel=0.01187 femur=0.00000
2026-05-26 15:57:27 [INFO] Step 45/54 Loss=218.6827 mse=0.2711 v_opt=1.24863 v_mand=0.89555 ptv=0.6712 ptv_max=0.00000 global_ceil=0.00000 ring=0.00000 smooth=0.0598 laplacian=0.2277 anticollapse=0.00032 beam=0.56012 beam_ceil=32.09209 shell_inner=16.03450 shell_outer=125.05002 homogeneity=0.0868 body=0.00000 bowel=0.00172 femur=0.00000
2026-05-26 15:57:32 [INFO] Step 50/54 Loss=270.0341 mse=0.2560 v_opt=1.19135 v_mand=0.84761 ptv=0.6760 ptv_max=0.00000 global_ceil=0.00000 ring=0.00000 smooth=0.0583 laplacian=0.2227 anticollapse=0.00035 beam=0.56543 beam_ceil=36.18781 shell_inner=23.73724 shell_outer=171.17210 homogeneity=0.0878 body=0.00000 bowel=0.00053 femur=0.00000
2026-05-26 15:57:37 [INFO] Step 54/54 Loss=158.6122 mse=0.3087 v_opt=1.24425 v_mand=0.89159 ptv=0.6841 ptv_max=0.00000 global_ceil=0.00000 ring=0.00000 smooth=0.0596 laplacian=0.2286 anticollapse=0.00026 beam=0.56074 beam_ceil=20.10091 shell_inner=4.99229 shell_outer=91.28079 homogeneity=0.0889 body=0.00000 bowel=0.00000 femur=0.00000
2026-05-26 15:57:37 [INFO] Running validation at epoch 31...
2026-05-26 15:58:04 [INFO] Epoch 31 Summary: Train=250.0189 Val=0.0342 (MSE=0.0342)
          Metrics: PTV_D95=25.81Gy Bladder=40.77Gy Rectum=40.21Gy
          Metrics: Ring=41.17Gy Dmax=53.57Gy BG=41.67Gy
2026-05-26 15:58:04 [INFO] Saved best model val_loss=0.0342
2026-05-26 15:58:04 [INFO] Epoch 32/300 [RAMP 32/75 (43% of physics)] ramp=0.427 lr=9.74e-05
2026-05-26 15:58:11 [INFO] Step 5/54 Loss=310.9621 mse=0.2473 v_opt=1.17185 v_mand=0.82901 ptv=0.6768 ptv_max=0.00000 global_ceil=0.00000 ring=0.00000 smooth=0.0613 laplacian=0.2334 anticollapse=0.00048 beam=0.56601 beam_ceil=59.33893 shell_inner=30.54917 shell_outer=151.47092 homogeneity=0.0884 body=0.00000 bowel=0.00591 femur=0.00000
2026-05-26 15:58:16 [INFO] Step 10/54 Loss=316.2129 mse=0.2381 v_opt=1.15781 v_mand=0.81663 ptv=0.6771 ptv_max=0.00000 global_ceil=0.00000 ring=0.00000 smooth=0.0626 laplacian=0.2408 anticollapse=0.00043 beam=0.56763 beam_ceil=63.45206 shell_inner=33.25956 shell_outer=145.85962 homogeneity=0.0883 body=0.00000 bowel=0.00193 femur=0.00000
2026-05-26 15:58:23 [INFO] Step 15/54 Loss=284.2421 mse=0.2403 v_opt=1.12946 v_mand=0.79309 ptv=0.6860 ptv_max=0.00000 global_ceil=0.00000 ring=0.00000 smooth=0.0560 laplacian=0.2171 anticollapse=0.00043 beam=0.56336 beam_ceil=47.81462 shell_inner=25.78817 shell_outer=153.10974 homogeneity=0.0898 body=0.00000 bowel=0.00000 femur=0.00000
2026-05-26 15:58:28 [INFO] Step 20/54 Loss=317.1054 mse=0.2601 v_opt=1.03943 v_mand=0.72899 ptv=0.6750 ptv_max=0.00000 global_ceil=0.00000 ring=0.00000 smooth=0.0669 laplacian=0.2588 anticollapse=0.00044 beam=0.56315 beam_ceil=60.85066 shell_inner=31.32618 shell_outer=156.50542 homogeneity=0.0880 body=0.00000 bowel=0.01843 femur=0.00000
2026-05-26 15:58:34 [INFO] Step 25/54 Loss=199.6964 mse=0.1978 v_opt=1.17372 v_mand=0.83196 ptv=0.6830 ptv_max=0.00000 global_ceil=0.00000 ring=0.00000 smooth=0.0453 laplacian=0.1742 anticollapse=0.00045 beam=0.55505 beam_ceil=50.33401 shell_inner=16.09329 shell_outer=58.26383 homogeneity=0.0893 body=0.00000 bowel=0.00401 femur=0.00000
2026-05-26 15:58:40 [INFO] Step 30/54 Loss=308.5987 mse=0.2621 v_opt=1.06952 v_mand=0.75990 ptv=0.7077 ptv_max=0.00000 global_ceil=0.00000 ring=0.00000 smooth=0.0679 laplacian=0.2481 anticollapse=0.00065 beam=0.57100 beam_ceil=61.56223 shell_inner=31.11531 shell_outer=143.92569 homogeneity=0.0946 body=0.00000 bowel=0.00007 femur=0.00000
2026-05-26 15:58:45 [INFO] Step 35/54 Loss=141.9729 mse=0.2844 v_opt=1.18409 v_mand=0.84025 ptv=0.6919 ptv_max=0.00000 global_ceil=0.00000 ring=0.00000 smooth=0.0566 laplacian=0.2142 anticollapse=0.00027 beam=0.55753 beam_ceil=18.02908 shell_inner=4.94872 shell_outer=74.55150 homogeneity=0.0903 body=0.00000 bowel=0.00000 femur=0.00000
2026-05-26 15:58:51 [INFO] Step 40/54 Loss=268.6562 mse=0.2337 v_opt=1.08870 v_mand=0.76132 ptv=0.6892 ptv_max=0.00000 global_ceil=0.00000 ring=0.00000 smooth=0.0532 laplacian=0.2067 anticollapse=0.00037 beam=0.56472 beam_ceil=45.41060 shell_inner=19.32946 shell_outer=147.95288 homogeneity=0.0901 body=0.00000 bowel=0.00000 femur=0.00000
2026-05-26 15:58:56 [INFO] Step 45/54 Loss=148.7777 mse=0.1897 v_opt=1.14318 v_mand=0.80321 ptv=0.6916 ptv_max=0.00000 global_ceil=0.00000 ring=0.00000 smooth=0.0408 laplacian=0.1527 anticollapse=0.00035 beam=0.55376 beam_ceil=24.85866 shell_inner=9.94856 shell_outer=65.46149 homogeneity=0.0905 body=0.00000 bowel=0.00000 femur=0.00000
2026-05-26 15:59:03 [INFO] Step 50/54 Loss=9.6189 mse=0.1094 v_opt=0.00000 v_mand=0.00000 ptv=0.0000 ptv_max=0.00000 global_ceil=0.00000 ring=0.00000 smooth=0.0328 laplacian=0.1137 anticollapse=0.00000 beam=0.55089 beam_ceil=0.37612 shell_inner=0.00000 shell_outer=0.00000 homogeneity=0.0000 body=0.00000 bowel=0.00000 femur=0.00000
2026-05-26 15:59:07 [INFO] Step 54/54 Loss=244.9554 mse=0.2527 v_opt=1.18942 v_mand=0.84376 ptv=0.6769 ptv_max=0.00000 global_ceil=0.00000 ring=0.00000 smooth=0.0539 laplacian=0.2068 anticollapse=0.00026 beam=0.55838 beam_ceil=44.29906 shell_inner=13.05593 shell_outer=126.55650 homogeneity=0.0876 body=0.00000 bowel=0.00000 femur=0.00000
2026-05-26 15:59:08 [INFO] Running validation at epoch 32...
2026-05-26 15:59:34 [INFO] Epoch 32 Summary: Train=253.4768 Val=0.0333 (MSE=0.0333)
          Metrics: PTV_D95=25.87Gy Bladder=40.38Gy Rectum=39.85Gy
          Metrics: Ring=40.79Gy Dmax=53.44Gy BG=41.23Gy
2026-05-26 15:59:34 [INFO] Saved best model val_loss=0.0333
2026-05-26 15:59:34 [INFO] Epoch 33/300 [RAMP 33/75 (44% of physics)] ramp=0.440 lr=9.72e-05
2026-05-26 15:59:41 [INFO] Step 5/54 Loss=175.5824 mse=0.2518 v_opt=1.19299 v_mand=0.84823 ptv=0.6917 ptv_max=0.00000 global_ceil=0.00000 ring=0.00000 smooth=0.0543 laplacian=0.2061 anticollapse=0.00030 beam=0.55188 beam_ceil=21.86794 shell_inner=9.70342 shell_outer=96.56401 homogeneity=0.0903 body=0.00000 bowel=0.00000 femur=0.00000
2026-05-26 15:59:46 [INFO] Step 10/54 Loss=348.5610 mse=0.2404 v_opt=1.17959 v_mand=0.83716 ptv=0.6976 ptv_max=0.00000 global_ceil=0.00000 ring=0.00000 smooth=0.0664 laplacian=0.2590 anticollapse=0.00057 beam=0.57429 beam_ceil=79.51216 shell_inner=32.84359 shell_outer=139.05060 homogeneity=0.0924 body=0.00000 bowel=0.00415 femur=0.00000
2026-05-26 15:59:52 [INFO] Step 15/54 Loss=298.7365 mse=0.2405 v_opt=1.13479 v_mand=0.80028 ptv=0.6898 ptv_max=0.00000 global_ceil=0.00000 ring=0.00000 smooth=0.0608 laplacian=0.2278 anticollapse=0.00040 beam=0.56358 beam_ceil=60.89944 shell_inner=26.13469 shell_outer=132.75487 homogeneity=0.0903 body=0.00000 bowel=0.00000 femur=0.00000
2026-05-26 15:59:58 [INFO] Step 20/54 Loss=188.8384 mse=0.2131 v_opt=1.19973 v_mand=0.85485 ptv=0.6987 ptv_max=0.00000 global_ceil=0.00000 ring=0.00000 smooth=0.0450 laplacian=0.1688 anticollapse=0.00028 beam=0.55781 beam_ceil=35.78251 shell_inner=5.75089 shell_outer=84.83974 homogeneity=0.0915 body=0.00000 bowel=0.00000 femur=0.00000
2026-05-26 16:00:05 [INFO] Step 25/54 Loss=276.0345 mse=0.2185 v_opt=1.18319 v_mand=0.83951 ptv=0.6874 ptv_max=0.00000 global_ceil=0.00000 ring=0.00000 smooth=0.0525 laplacian=0.1989 anticollapse=0.00033 beam=0.56997 beam_ceil=57.62132 shell_inner=19.70335 shell_outer=120.46306 homogeneity=0.0897 body=0.00000 bowel=0.00000 femur=0.00000
2026-05-26 16:00:10 [INFO] Step 30/54 Loss=150.9849 mse=0.3252 v_opt=1.11464 v_mand=0.78120 ptv=0.7170 ptv_max=0.00000 global_ceil=0.00000 ring=0.00000 smooth=0.0617 laplacian=0.2409 anticollapse=0.00032 beam=0.55318 beam_ceil=13.36514 shell_inner=3.39994 shell_outer=93.54330 homogeneity=0.0948 body=0.00000 bowel=0.00000 femur=0.00000
2026-05-26 16:00:16 [INFO] Step 35/54 Loss=332.4855 mse=0.2506 v_opt=1.19679 v_mand=0.84909 ptv=0.6891 ptv_max=0.00000 global_ceil=0.00000 ring=0.00000 smooth=0.0624 laplacian=0.2471 anticollapse=0.00040 beam=0.57085 beam_ceil=82.23695 shell_inner=28.02383 shell_outer=119.01585 homogeneity=0.0902 body=0.00000 bowel=0.00065 femur=0.00000
2026-05-26 16:00:21 [INFO] Step 40/54 Loss=236.9869 mse=0.2433 v_opt=1.11913 v_mand=0.78533 ptv=0.7023 ptv_max=0.00000 global_ceil=0.00000 ring=0.00000 smooth=0.0523 laplacian=0.1960 anticollapse=0.00032 beam=0.55241 beam_ceil=18.55192 shell_inner=12.33370 shell_outer=173.04462 homogeneity=0.0923 body=0.00000 bowel=0.00000 femur=0.00000
2026-05-26 16:00:27 [INFO] Step 45/54 Loss=316.1819 mse=0.2252 v_opt=1.17471 v_mand=0.83004 ptv=0.6897 ptv_max=0.00000 global_ceil=0.00000 ring=0.00000 smooth=0.0614 laplacian=0.2374 anticollapse=0.00035 beam=0.57487 beam_ceil=68.32201 shell_inner=29.54390 shell_outer=131.78633 homogeneity=0.0901 body=0.00000 bowel=0.00061 femur=0.00000
2026-05-26 16:00:33 [INFO] Step 50/54 Loss=246.7124 mse=0.2531 v_opt=1.07597 v_mand=0.74537 ptv=0.7101 ptv_max=0.00000 global_ceil=0.00000 ring=0.00000 smooth=0.0528 laplacian=0.2038 anticollapse=0.00037 beam=0.55372 beam_ceil=28.73977 shell_inner=14.88155 shell_outer=159.03784 homogeneity=0.0938 body=0.00000 bowel=0.00000 femur=0.00000
2026-05-26 16:00:37 [INFO] Step 54/54 Loss=166.4265 mse=0.3105 v_opt=1.07448 v_mand=0.74591 ptv=0.7120 ptv_max=0.00000 global_ceil=0.00000 ring=0.00000 smooth=0.0594 laplacian=0.2307 anticollapse=0.00033 beam=0.55091 beam_ceil=23.97690 shell_inner=4.89381 shell_outer=86.92482 homogeneity=0.0940 body=0.00000 bowel=0.00000 femur=0.00000
2026-05-26 16:00:38 [INFO] Running validation at epoch 33...
2026-05-26 16:01:05 [INFO] Epoch 33 Summary: Train=253.6593 Val=0.0326 (MSE=0.0326)
          Metrics: PTV_D95=25.61Gy Bladder=39.92Gy Rectum=39.45Gy
          Metrics: Ring=40.41Gy Dmax=52.78Gy BG=40.83Gy
2026-05-26 16:01:05 [INFO] Saved best model val_loss=0.0326
2026-05-26 16:01:05 [INFO] Epoch 34/300 [RAMP 34/75 (45% of physics)] ramp=0.453 lr=9.71e-05
2026-05-26 16:01:12 [INFO] Step 5/54 Loss=140.5957 mse=0.2146 v_opt=1.26956 v_mand=0.91956 ptv=0.7067 ptv_max=0.00000 global_ceil=0.00000 ring=0.00000 smooth=0.0436 laplacian=0.1606 anticollapse=0.00028 beam=0.54623 beam_ceil=16.60783 shell_inner=3.51360 shell_outer=70.77810 homogeneity=0.0928 body=0.00000 bowel=0.00019 femur=0.00000
2026-05-26 16:01:17 [INFO] Step 10/54 Loss=220.1414 mse=0.2174 v_opt=1.06727 v_mand=0.74809 ptv=0.6908 ptv_max=0.00000 global_ceil=0.00000 ring=0.00000 smooth=0.0497 laplacian=0.1915 anticollapse=0.00035 beam=0.54741 beam_ceil=51.90023 shell_inner=13.76522 shell_outer=74.87926 homogeneity=0.0903 body=0.00000 bowel=0.00000 femur=0.00000
2026-05-26 16:01:23 [INFO] Step 15/54 Loss=258.4998 mse=0.2317 v_opt=0.78288 v_mand=0.54381 ptv=0.7035 ptv_max=0.00000 global_ceil=0.00000 ring=0.00000 smooth=0.0579 laplacian=0.2211 anticollapse=0.00036 beam=0.56244 beam_ceil=55.64608 shell_inner=17.55368 shell_outer=109.73820 homogeneity=0.0925 body=0.00000 bowel=0.00000 femur=0.00000
2026-05-26 16:01:28 [INFO] Step 20/54 Loss=172.8418 mse=0.2437 v_opt=1.11154 v_mand=0.77864 ptv=0.7062 ptv_max=0.00000 global_ceil=0.00000 ring=0.00000 smooth=0.0525 laplacian=0.2047 anticollapse=0.00031 beam=0.54374 beam_ceil=25.30718 shell_inner=8.79589 shell_outer=84.66911 homogeneity=0.0928 body=0.00000 bowel=0.00000 femur=0.00000
2026-05-26 16:01:34 [INFO] Step 25/54 Loss=263.7812 mse=0.2703 v_opt=1.09052 v_mand=0.76069 ptv=0.7066 ptv_max=0.00000 global_ceil=0.00000 ring=0.00000 smooth=0.0604 laplacian=0.2360 anticollapse=0.00041 beam=0.54718 beam_ceil=46.53564 shell_inner=15.58725 shell_outer=130.94629 homogeneity=0.0933 body=0.00000 bowel=0.00000 femur=0.00000
2026-05-26 16:01:40 [INFO] Step 30/54 Loss=32.0561 mse=0.1409 v_opt=0.00000 v_mand=0.00000 ptv=0.6110 ptv_max=0.00000 global_ceil=0.00000 ring=0.00000 smooth=0.0329 laplacian=0.1164 anticollapse=0.00005 beam=0.54028 beam_ceil=4.11481 shell_inner=0.62180 shell_outer=8.99165 homogeneity=0.0755 body=0.00000 bowel=0.00000 femur=0.00000
2026-05-26 16:01:45 [INFO] Step 35/54 Loss=131.6378 mse=0.1394 v_opt=1.04934 v_mand=0.72660 ptv=0.7210 ptv_max=0.00000 global_ceil=0.00000 ring=0.00000 smooth=0.0345 laplacian=0.1260 anticollapse=0.00035 beam=0.54742 beam_ceil=11.71492 shell_inner=4.51231 shell_outer=77.73412 homogeneity=0.0956 body=0.00000 bowel=0.00000 femur=0.00000
2026-05-26 16:01:52 [INFO] Step 40/54 Loss=263.9449 mse=0.2248 v_opt=0.90530 v_mand=0.60955 ptv=0.7277 ptv_max=0.00000 global_ceil=0.00000 ring=0.00000 smooth=0.0568 laplacian=0.2195 anticollapse=0.00048 beam=0.54755 beam_ceil=40.93333 shell_inner=16.56173 shell_outer=147.54364 homogeneity=0.0972 body=0.00000 bowel=0.00000 femur=0.00000
2026-05-26 16:01:57 [INFO] Step 45/54 Loss=226.8616 mse=0.2439 v_opt=1.03376 v_mand=0.71126 ptv=0.7144 ptv_max=0.00000 global_ceil=0.00000 ring=0.00000 smooth=0.0579 laplacian=0.2215 anticollapse=0.00042 beam=0.54039 beam_ceil=43.03264 shell_inner=13.52448 shell_outer=102.07896 homogeneity=0.0946 body=0.00000 bowel=0.00000 femur=0.00000
2026-05-26 16:02:04 [INFO] Step 50/54 Loss=215.6520 mse=0.2288 v_opt=0.94276 v_mand=0.64734 ptv=0.7151 ptv_max=0.00000 global_ceil=0.00000 ring=0.00000 smooth=0.0500 laplacian=0.1911 anticollapse=0.00034 beam=0.54700 beam_ceil=33.31742 shell_inner=10.49203 shell_outer=116.28407 homogeneity=0.0945 body=0.00000 bowel=0.00000 femur=0.00000
2026-05-26 16:02:08 [INFO] Step 54/54 Loss=129.7691 mse=0.2317 v_opt=1.09925 v_mand=0.76765 ptv=0.7152 ptv_max=0.00000 global_ceil=0.00000 ring=0.00000 smooth=0.0441 laplacian=0.1651 anticollapse=0.00027 beam=0.53854 beam_ceil=27.82347 shell_inner=2.68116 shell_outer=38.42800 homogeneity=0.0942 body=0.00000 bowel=0.00000 femur=0.00000
2026-05-26 16:02:09 [INFO] Running validation at epoch 34...
2026-05-26 16:02:35 [INFO] Epoch 34 Summary: Train=206.6135 Val=0.0315 (MSE=0.0315)
          Metrics: PTV_D95=25.70Gy Bladder=39.46Gy Rectum=38.92Gy
          Metrics: Ring=39.90Gy Dmax=51.96Gy BG=40.20Gy
2026-05-26 16:02:35 [INFO] Saved best model val_loss=0.0315
2026-05-26 16:02:35 [INFO] Epoch 35/300 [RAMP 35/75 (47% of physics)] ramp=0.467 lr=9.69e-05
2026-05-26 16:02:42 [INFO] Step 5/54 Loss=140.9382 mse=0.1714 v_opt=0.95907 v_mand=0.65015 ptv=0.7333 ptv_max=0.00000 global_ceil=0.00000 ring=0.00000 smooth=0.0369 laplacian=0.1353 anticollapse=0.00035 beam=0.53836 beam_ceil=13.08763 shell_inner=5.37666 shell_outer=81.70319 homogeneity=0.0977 body=0.00000 bowel=0.00000 femur=0.00000
2026-05-26 16:02:47 [INFO] Step 10/54 Loss=204.8503 mse=0.3162 v_opt=0.95574 v_mand=0.64702 ptv=0.7474 ptv_max=0.00000 global_ceil=0.00000 ring=0.00000 smooth=0.0588 laplacian=0.2319 anticollapse=0.00039 beam=0.54175 beam_ceil=16.61099 shell_inner=3.73754 shell_outer=140.02841 homogeneity=0.1003 body=0.00000 bowel=0.00000 femur=0.00000
2026-05-26 16:02:54 [INFO] Step 15/54 Loss=191.3169 mse=0.2255 v_opt=1.04244 v_mand=0.72013 ptv=0.7276 ptv_max=0.00000 global_ceil=0.00000 ring=0.00000 smooth=0.0466 laplacian=0.1767 anticollapse=0.00034 beam=0.53858 beam_ceil=21.10279 shell_inner=8.11432 shell_outer=112.43241 homogeneity=0.0967 body=0.00000 bowel=0.00000 femur=0.00000
2026-05-26 16:02:59 [INFO] Step 20/54 Loss=217.5997 mse=0.1838 v_opt=1.10260 v_mand=0.77006 ptv=0.7151 ptv_max=0.00000 global_ceil=0.00000 ring=0.00000 smooth=0.0438 laplacian=0.1651 anticollapse=0.00031 beam=0.56135 beam_ceil=34.23102 shell_inner=10.60330 shell_outer=109.65511 homogeneity=0.0944 body=0.00000 bowel=0.00000 femur=0.00000
2026-05-26 16:03:05 [INFO] Step 25/54 Loss=165.5104 mse=0.2780 v_opt=0.00000 v_mand=0.00000 ptv=0.7259 ptv_max=0.00000 global_ceil=0.00000 ring=0.00000 smooth=0.0590 laplacian=0.2271 anticollapse=0.00038 beam=0.53333 beam_ceil=23.48049 shell_inner=8.39246 shell_outer=96.99545 homogeneity=0.0965 body=0.00000 bowel=0.00000 femur=0.00000
2026-05-26 16:03:10 [INFO] Step 30/54 Loss=100.0362 mse=0.1748 v_opt=1.02502 v_mand=0.81780 ptv=0.7290 ptv_max=0.00000 global_ceil=0.00000 ring=0.00000 smooth=0.0375 laplacian=0.1391 anticollapse=0.00031 beam=0.53050 beam_ceil=15.74876 shell_inner=3.88950 shell_outer=29.45143 homogeneity=0.0968 body=0.00000 bowel=0.00000 femur=0.00000
2026-05-26 16:03:16 [INFO] Step 35/54 Loss=233.4757 mse=0.2221 v_opt=1.00766 v_mand=0.69121 ptv=0.7247 ptv_max=0.00000 global_ceil=0.00000 ring=0.00000 smooth=0.0545 laplacian=0.2118 anticollapse=0.00036 beam=0.55074 beam_ceil=37.64660 shell_inner=11.98990 shell_outer=118.90849 homogeneity=0.0962 body=0.00000 bowel=0.00000 femur=0.00000
2026-05-26 16:03:22 [INFO] Step 40/54 Loss=151.5621 mse=0.2235 v_opt=0.88953 v_mand=0.59214 ptv=0.7443 ptv_max=0.00000 global_ceil=0.00000 ring=0.00000 smooth=0.0582 laplacian=0.2184 anticollapse=0.00045 beam=0.52949 beam_ceil=25.85065 shell_inner=6.99372 shell_outer=64.01237 homogeneity=0.0999 body=0.00000 bowel=0.00000 femur=0.00000
2026-05-26 16:03:28 [INFO] Step 45/54 Loss=132.8424 mse=0.2136 v_opt=0.83138 v_mand=0.54833 ptv=0.7494 ptv_max=0.00000 global_ceil=0.00000 ring=0.00000 smooth=0.0482 laplacian=0.1833 anticollapse=0.00043 beam=0.52958 beam_ceil=11.36730 shell_inner=4.11554 shell_outer=79.32835 homogeneity=0.1008 body=0.00000 bowel=0.00000 femur=0.00000
2026-05-26 16:03:33 [INFO] Step 50/54 Loss=170.2019 mse=0.2229 v_opt=0.90127 v_mand=0.59981 ptv=0.7512 ptv_max=0.00000 global_ceil=0.00000 ring=0.00000 smooth=0.0487 laplacian=0.1853 anticollapse=0.00048 beam=0.53171 beam_ceil=21.17777 shell_inner=7.76073 shell_outer=93.02858 homogeneity=0.1013 body=0.00000 bowel=0.00000 femur=0.00000
2026-05-26 16:03:37 [INFO] Step 54/54 Loss=211.7138 mse=0.2105 v_opt=0.84565 v_mand=0.55979 ptv=0.7568 ptv_max=0.00000 global_ceil=0.00000 ring=0.00000 smooth=0.0472 laplacian=0.1841 anticollapse=0.00040 beam=0.53922 beam_ceil=25.26794 shell_inner=4.62652 shell_outer=133.12506 homogeneity=0.1020 body=0.00000 bowel=0.00000 femur=0.00000
2026-05-26 16:03:38 [INFO] Running validation at epoch 35...
2026-05-26 16:04:05 [INFO] Epoch 35 Summary: Train=174.6861 Val=0.0302 (MSE=0.0302)
          Metrics: PTV_D95=25.63Gy Bladder=38.77Gy Rectum=38.34Gy
          Metrics: Ring=39.27Gy Dmax=50.95Gy BG=39.43Gy
2026-05-26 16:04:05 [INFO] Saved best model val_loss=0.0302
2026-05-26 16:04:05 [INFO] Epoch 36/300 [RAMP 36/75 (48% of physics)] ramp=0.480 lr=9.67e-05
2026-05-26 16:04:12 [INFO] Step 5/54 Loss=142.9528 mse=0.2825 v_opt=0.94082 v_mand=0.63540 ptv=0.7677 ptv_max=0.00000 global_ceil=0.00000 ring=0.00000 smooth=0.0524 laplacian=0.1997 anticollapse=0.00032 beam=0.53002 beam_ceil=4.11208 shell_inner=0.09590 shell_outer=101.57574 homogeneity=0.1036 body=0.00000 bowel=0.00000 femur=0.00000
2026-05-26 16:04:17 [INFO] Step 10/54 Loss=113.3887 mse=0.2808 v_opt=0.92629 v_mand=0.62378 ptv=0.7611 ptv_max=0.00000 global_ceil=0.00000 ring=0.00000 smooth=0.0471 laplacian=0.1842 anticollapse=0.00027 beam=0.52955 beam_ceil=1.20003 shell_inner=0.25553 shell_outer=77.15744 homogeneity=0.1023 body=0.00000 bowel=0.00000 femur=0.00000
2026-05-26 16:04:24 [INFO] Step 15/54 Loss=190.3430 mse=0.1743 v_opt=0.95950 v_mand=0.65022 ptv=0.7469 ptv_max=0.00000 global_ceil=0.00000 ring=0.00000 smooth=0.0451 laplacian=0.1728 anticollapse=0.00038 beam=0.55656 beam_ceil=22.17734 shell_inner=8.72076 shell_outer=107.05213 homogeneity=0.1002 body=0.00000 bowel=0.00000 femur=0.00000
2026-05-26 16:04:29 [INFO] Step 20/54 Loss=124.2131 mse=0.2526 v_opt=0.92877 v_mand=0.62645 ptv=0.7594 ptv_max=0.00000 global_ceil=0.00000 ring=0.00000 smooth=0.0593 laplacian=0.2285 anticollapse=0.00049 beam=0.52322 beam_ceil=18.09114 shell_inner=5.10239 shell_outer=49.01173 homogeneity=0.1028 body=0.00000 bowel=0.00000 femur=0.00000
2026-05-26 16:04:35 [INFO] Step 25/54 Loss=135.8178 mse=0.2241 v_opt=0.83002 v_mand=0.54355 ptv=0.7807 ptv_max=0.00000 global_ceil=0.00000 ring=0.00000 smooth=0.0540 laplacian=0.2049 anticollapse=0.00064 beam=0.52263 beam_ceil=14.35896 shell_inner=4.53184 shell_outer=72.19476 homogeneity=0.1070 body=0.00000 bowel=0.00000 femur=0.00000
2026-05-26 16:04:41 [INFO] Step 30/54 Loss=126.4669 mse=0.1535 v_opt=0.84116 v_mand=0.55228 ptv=0.7614 ptv_max=0.00000 global_ceil=0.00000 ring=0.00000 smooth=0.0397 laplacian=0.1526 anticollapse=0.00049 beam=0.52112 beam_ceil=17.39914 shell_inner=3.10944 shell_outer=59.52489 homogeneity=0.1031 body=0.00000 bowel=0.00000 femur=0.00000
2026-05-26 16:04:47 [INFO] Step 35/54 Loss=120.6972 mse=0.1732 v_opt=0.86252 v_mand=0.57130 ptv=0.7691 ptv_max=0.00000 global_ceil=0.00000 ring=0.00000 smooth=0.0384 laplacian=0.1468 anticollapse=0.00042 beam=0.52271 beam_ceil=8.81574 shell_inner=0.15959 shell_outer=73.26387 homogeneity=0.1042 body=0.00000 bowel=0.00000 femur=0.00000
2026-05-26 16:04:53 [INFO] Step 40/54 Loss=97.1229 mse=0.1608 v_opt=0.57470 v_mand=0.37901 ptv=0.7675 ptv_max=0.00000 global_ceil=0.00000 ring=0.00000 smooth=0.0379 laplacian=0.1398 anticollapse=0.00038 beam=0.52234 beam_ceil=2.80468 shell_inner=0.44610 shell_outer=66.40221 homogeneity=0.1038 body=0.00000 bowel=0.00000 femur=0.00000
2026-05-26 16:04:58 [INFO] Step 45/54 Loss=143.8332 mse=0.2028 v_opt=1.48667 v_mand=1.09573 ptv=0.7547 ptv_max=0.00000 global_ceil=0.00000 ring=0.00000 smooth=0.0402 laplacian=0.1557 anticollapse=0.00034 beam=0.52424 beam_ceil=11.89354 shell_inner=0.44308 shell_outer=76.27321 homogeneity=0.1014 body=0.00000 bowel=0.00000 femur=0.00000
2026-05-26 16:05:04 [INFO] Step 50/54 Loss=203.0155 mse=0.2030 v_opt=0.72925 v_mand=0.46946 ptv=0.7754 ptv_max=0.00000 global_ceil=0.00000 ring=0.00000 smooth=0.0545 laplacian=0.2150 anticollapse=0.00051 beam=0.54024 beam_ceil=31.37319 shell_inner=1.38475 shell_outer=112.22145 homogeneity=0.1056 body=0.00000 bowel=0.00000 femur=0.00000
2026-05-26 16:05:09 [INFO] Step 54/54 Loss=172.3502 mse=0.1820 v_opt=0.89036 v_mand=0.59307 ptv=0.7571 ptv_max=0.00000 global_ceil=0.00000 ring=0.00000 smooth=0.0424 laplacian=0.1608 anticollapse=0.00035 beam=0.52415 beam_ceil=10.06565 shell_inner=1.64206 shell_outer=122.25482 homogeneity=0.1019 body=0.00000 bowel=0.00000 femur=0.00000
2026-05-26 16:05:09 [INFO] Running validation at epoch 36...
2026-05-26 16:05:36 [INFO] Epoch 36 Summary: Train=157.9005 Val=0.0291 (MSE=0.0291)
          Metrics: PTV_D95=25.66Gy Bladder=38.22Gy Rectum=37.98Gy
          Metrics: Ring=38.82Gy Dmax=50.16Gy BG=38.81Gy
2026-05-26 16:05:36 [INFO] Saved best model val_loss=0.0291
2026-05-26 16:05:36 [INFO] Epoch 37/300 [RAMP 37/75 (49% of physics)] ramp=0.493 lr=9.65e-05
2026-05-26 16:05:43 [INFO] Step 5/54 Loss=176.8656 mse=0.1769 v_opt=0.82909 v_mand=0.54519 ptv=0.7647 ptv_max=0.00000 global_ceil=0.00000 ring=0.00000 smooth=0.0530 laplacian=0.2096 anticollapse=0.00044 beam=0.54526 beam_ceil=26.95749 shell_inner=3.69455 shell_outer=87.28854 homogeneity=0.1035 body=0.00000 bowel=0.00000 femur=0.00000
2026-05-26 16:05:48 [INFO] Step 10/54 Loss=168.5954 mse=0.2032 v_opt=0.79811 v_mand=0.52008 ptv=0.7823 ptv_max=0.00000 global_ceil=0.00000 ring=0.00000 smooth=0.0429 laplacian=0.1668 anticollapse=0.00044 beam=0.52391 beam_ceil=10.42855 shell_inner=0.59429 shell_outer=115.70656 homogeneity=0.1065 body=0.00000 bowel=0.00000 femur=0.00000
2026-05-26 16:05:54 [INFO] Step 15/54 Loss=176.9509 mse=0.2060 v_opt=0.96705 v_mand=0.65765 ptv=0.7700 ptv_max=0.00000 global_ceil=0.00000 ring=0.00000 smooth=0.0515 laplacian=0.2024 anticollapse=0.00045 beam=0.52764 beam_ceil=18.02988 shell_inner=1.49828 shell_outer=104.16568 homogeneity=0.1045 body=0.00000 bowel=0.00000 femur=0.00000
2026-05-26 16:06:00 [INFO] Step 20/54 Loss=172.0865 mse=0.1854 v_opt=0.83804 v_mand=0.54989 ptv=0.7831 ptv_max=0.00000 global_ceil=0.00000 ring=0.00000 smooth=0.0492 laplacian=0.1940 anticollapse=0.00046 beam=0.52921 beam_ceil=20.18763 shell_inner=1.10084 shell_outer=98.47174 homogeneity=0.1068 body=0.00000 bowel=0.00000 femur=0.00000
2026-05-26 16:06:06 [INFO] Step 25/54 Loss=38.4307 mse=0.2126 v_opt=0.00000 v_mand=0.00000 ptv=0.7022 ptv_max=0.00000 global_ceil=0.00000 ring=0.00000 smooth=0.0464 laplacian=0.1686 anticollapse=0.00019 beam=0.51252 beam_ceil=1.97109 shell_inner=0.27957 shell_outer=15.78017 homogeneity=0.0917 body=0.00000 bowel=0.00000 femur=0.00000
2026-05-26 16:06:12 [INFO] Step 30/54 Loss=117.3293 mse=0.1908 v_opt=0.73223 v_mand=0.47208 ptv=0.8038 ptv_max=0.00000 global_ceil=0.00000 ring=0.00000 smooth=0.0392 laplacian=0.1457 anticollapse=0.00052 beam=0.51290 beam_ceil=3.31307 shell_inner=0.42986 shell_outer=79.87936 homogeneity=0.1106 body=0.00000 bowel=0.00000 femur=0.00000
2026-05-26 16:06:17 [INFO] Step 35/54 Loss=147.4933 mse=0.2038 v_opt=0.76298 v_mand=0.49412 ptv=0.8079 ptv_max=0.00000 global_ceil=0.00000 ring=0.00000 smooth=0.0466 laplacian=0.1778 anticollapse=0.00056 beam=0.51657 beam_ceil=2.92364 shell_inner=0.04275 shell_outer=110.53671 homogeneity=0.1116 body=0.00000 bowel=0.00000 femur=0.00000
2026-05-26 16:06:23 [INFO] Step 40/54 Loss=160.9998 mse=0.2010 v_opt=0.76298 v_mand=0.49053 ptv=0.7971 ptv_max=0.00000 global_ceil=0.00000 ring=0.00000 smooth=0.0470 laplacian=0.1824 anticollapse=0.00051 beam=0.52210 beam_ceil=5.21238 shell_inner=0.88362 shell_outer=118.94577 homogeneity=0.1093 body=0.00000 bowel=0.00000 femur=0.00000
2026-05-26 16:06:29 [INFO] Step 45/54 Loss=192.0295 mse=0.2235 v_opt=0.63776 v_mand=0.40580 ptv=0.8014 ptv_max=0.00000 global_ceil=0.00000 ring=0.00000 smooth=0.0503 laplacian=0.1961 anticollapse=0.00047 beam=0.51765 beam_ceil=12.57936 shell_inner=0.12070 shell_outer=137.87717 homogeneity=0.1100 body=0.00000 bowel=0.00000 femur=0.00000
2026-05-26 16:06:34 [INFO] Step 50/54 Loss=148.5277 mse=0.1772 v_opt=0.75713 v_mand=0.49103 ptv=0.7970 ptv_max=0.00000 global_ceil=0.00000 ring=0.00000 smooth=0.0402 laplacian=0.1528 anticollapse=0.00043 beam=0.51788 beam_ceil=2.40025 shell_inner=0.10583 shell_outer=113.51776 homogeneity=0.1091 body=0.00000 bowel=0.00000 femur=0.00000
2026-05-26 16:06:39 [INFO] Step 54/54 Loss=155.8369 mse=0.2746 v_opt=0.82920 v_mand=0.54727 ptv=0.7908 ptv_max=0.00000 global_ceil=0.00000 ring=0.00000 smooth=0.0508 laplacian=0.1997 anticollapse=0.00046 beam=0.52174 beam_ceil=6.51645 shell_inner=0.33596 shell_outer=108.29480 homogeneity=0.1082 body=0.00000 bowel=0.00000 femur=0.00000
2026-05-26 16:06:39 [INFO] Running validation at epoch 37...
2026-05-26 16:07:06 [INFO] Epoch 37 Summary: Train=130.3129 Val=0.0277 (MSE=0.0277)
          Metrics: PTV_D95=25.53Gy Bladder=37.68Gy Rectum=37.10Gy
          Metrics: Ring=38.18Gy Dmax=49.06Gy BG=38.00Gy
2026-05-26 16:07:06 [INFO] Saved best model val_loss=0.0277
2026-05-26 16:07:06 [INFO] Epoch 38/300 [RAMP 38/75 (51% of physics)] ramp=0.507 lr=9.63e-05
2026-05-26 16:07:14 [INFO] Step 5/54 Loss=146.7580 mse=0.2792 v_opt=0.74446 v_mand=0.47872 ptv=0.7962 ptv_max=0.00000 global_ceil=0.00000 ring=0.00000 smooth=0.0496 laplacian=0.1901 anticollapse=0.00040 beam=0.51611 beam_ceil=3.56396 shell_inner=0.00091 shell_outer=103.60588 homogeneity=0.1088 body=0.00000 bowel=0.00000 femur=0.00000
2026-05-26 16:07:19 [INFO] Step 10/54 Loss=128.4454 mse=0.1831 v_opt=0.94223 v_mand=0.63113 ptv=0.7897 ptv_max=0.00000 global_ceil=0.00000 ring=0.00000 smooth=0.0418 laplacian=0.1575 anticollapse=0.00038 beam=0.52222 beam_ceil=1.87001 shell_inner=1.08378 shell_outer=86.23399 homogeneity=0.1077 body=0.00000 bowel=0.00000 femur=0.00000
2026-05-26 16:07:25 [INFO] Step 15/54 Loss=147.1363 mse=0.1620 v_opt=0.73723 v_mand=0.47876 ptv=0.8177 ptv_max=0.00000 global_ceil=0.00000 ring=0.00000 smooth=0.0352 laplacian=0.1326 anticollapse=0.00053 beam=0.50464 beam_ceil=0.24247 shell_inner=0.00000 shell_outer=113.49446 homogeneity=0.1129 body=0.00000 bowel=0.00000 femur=0.00000
2026-05-26 16:07:31 [INFO] Step 20/54 Loss=151.4649 mse=0.1849 v_opt=0.68699 v_mand=0.44283 ptv=0.8191 ptv_max=0.00000 global_ceil=0.00000 ring=0.00000 smooth=0.0476 laplacian=0.1840 anticollapse=0.00059 beam=0.50773 beam_ceil=3.75897 shell_inner=0.23078 shell_outer=110.78330 homogeneity=0.1135 body=0.00000 bowel=0.00000 femur=0.00000
2026-05-26 16:07:37 [INFO] Step 25/54 Loss=116.6843 mse=0.2443 v_opt=0.68649 v_mand=0.44161 ptv=0.8475 ptv_max=0.00000 global_ceil=0.00000 ring=0.00000 smooth=0.0428 laplacian=0.1622 anticollapse=0.00073 beam=0.50567 beam_ceil=0.00000 shell_inner=0.00000 shell_outer=82.45992 homogeneity=0.1184 body=0.00000 bowel=0.00000 femur=0.00000
2026-05-26 16:07:42 [INFO] Step 30/54 Loss=134.4948 mse=0.1745 v_opt=0.71365 v_mand=0.46009 ptv=0.8052 ptv_max=0.00000 global_ceil=0.00000 ring=0.00000 smooth=0.0417 laplacian=0.1582 anticollapse=0.00046 beam=0.51423 beam_ceil=0.88699 shell_inner=0.17892 shell_outer=99.69910 homogeneity=0.1106 body=0.00000 bowel=0.00000 femur=0.00000
2026-05-26 16:07:48 [INFO] Step 35/54 Loss=125.5671 mse=0.1986 v_opt=0.68684 v_mand=0.45015 ptv=0.8362 ptv_max=0.00000 global_ceil=0.00000 ring=0.00000 smooth=0.0496 laplacian=0.1787 anticollapse=0.00069 beam=0.50254 beam_ceil=0.77888 shell_inner=0.04678 shell_outer=90.65811 homogeneity=0.1171 body=0.00000 bowel=0.00000 femur=0.00000
2026-05-26 16:07:53 [INFO] Step 40/54 Loss=130.8727 mse=0.1638 v_opt=0.76621 v_mand=0.50081 ptv=0.7894 ptv_max=0.00000 global_ceil=0.00000 ring=0.00000 smooth=0.0382 laplacian=0.1451 anticollapse=0.00033 beam=0.50919 beam_ceil=0.60299 shell_inner=0.33617 shell_outer=95.99199 homogeneity=0.1075 body=0.00000 bowel=0.00000 femur=0.00000
2026-05-26 16:07:59 [INFO] Step 45/54 Loss=69.0363 mse=0.1285 v_opt=0.63952 v_mand=0.41090 ptv=0.8317 ptv_max=0.00000 global_ceil=0.00000 ring=0.00000 smooth=0.0245 laplacian=0.0919 anticollapse=0.00054 beam=0.50178 beam_ceil=0.00000 shell_inner=0.00000 shell_outer=39.52494 homogeneity=0.1153 body=0.00000 bowel=0.00000 femur=0.00000
2026-05-26 16:08:05 [INFO] Step 50/54 Loss=136.3680 mse=0.1966 v_opt=0.60169 v_mand=0.37678 ptv=0.8233 ptv_max=0.00000 global_ceil=0.00000 ring=0.00000 smooth=0.0425 laplacian=0.1659 anticollapse=0.00055 beam=0.50394 beam_ceil=0.78126 shell_inner=0.01156 shell_outer=103.48762 homogeneity=0.1140 body=0.00000 bowel=0.00000 femur=0.00000
2026-05-26 16:08:09 [INFO] Step 54/54 Loss=138.2036 mse=0.1759 v_opt=0.66985 v_mand=0.42301 ptv=0.8408 ptv_max=0.00000 global_ceil=0.00000 ring=0.00000 smooth=0.0429 laplacian=0.1655 anticollapse=0.00071 beam=0.50883 beam_ceil=1.64846 shell_inner=0.00707 shell_outer=102.62048 homogeneity=0.1176 body=0.00000 bowel=0.00000 femur=0.00000
2026-05-26 16:08:09 [INFO] Running validation at epoch 38...
2026-05-26 16:08:36 [INFO] Epoch 38 Summary: Train=125.5223 Val=0.0265 (MSE=0.0265)
          Metrics: PTV_D95=25.13Gy Bladder=36.31Gy Rectum=36.66Gy
          Metrics: Ring=37.48Gy Dmax=48.35Gy BG=37.22Gy
2026-05-26 16:08:36 [INFO] Saved best model val_loss=0.0265
2026-05-26 16:08:36 [INFO] Epoch 39/300 [RAMP 39/75 (52% of physics)] ramp=0.520 lr=9.61e-05
2026-05-26 16:08:43 [INFO] Step 5/54 Loss=88.3083 mse=0.2006 v_opt=0.50863 v_mand=0.35404 ptv=0.8051 ptv_max=0.00000 global_ceil=0.00000 ring=0.00000 smooth=0.0437 laplacian=0.1664 anticollapse=0.00039 beam=0.49443 beam_ceil=2.62633 shell_inner=0.00957 shell_outer=51.32769 homogeneity=0.1104 body=0.00000 bowel=0.00000 femur=0.00000
2026-05-26 16:08:49 [INFO] Step 10/54 Loss=117.0381 mse=0.1501 v_opt=0.69918 v_mand=0.44945 ptv=0.8037 ptv_max=0.00000 global_ceil=0.00000 ring=0.00000 smooth=0.0348 laplacian=0.1312 anticollapse=0.00041 beam=0.52622 beam_ceil=0.71835 shell_inner=0.03145 shell_outer=80.94545 homogeneity=0.1102 body=0.00000 bowel=0.00000 femur=0.00000
2026-05-26 16:08:55 [INFO] Step 15/54 Loss=127.0927 mse=0.1668 v_opt=0.65916 v_mand=0.42328 ptv=0.8153 ptv_max=0.00000 global_ceil=0.00000 ring=0.00000 smooth=0.0345 laplacian=0.1314 anticollapse=0.00045 beam=0.50267 beam_ceil=0.13737 shell_inner=0.01956 shell_outer=92.20558 homogeneity=0.1123 body=0.00000 bowel=0.00000 femur=0.00000
2026-05-26 16:09:00 [INFO] Step 20/54 Loss=70.5061 mse=0.1415 v_opt=0.69677 v_mand=0.45071 ptv=0.7963 ptv_max=0.00000 global_ceil=0.00000 ring=0.00000 smooth=0.0346 laplacian=0.1298 anticollapse=0.00038 beam=0.49039 beam_ceil=0.99197 shell_inner=0.00000 shell_outer=36.41688 homogeneity=0.1088 body=0.00000 bowel=0.00000 femur=0.00000
2026-05-26 16:09:07 [INFO] Step 25/54 Loss=130.0226 mse=0.2025 v_opt=0.63471 v_mand=0.39932 ptv=0.8198 ptv_max=0.00000 global_ceil=0.00000 ring=0.00000 smooth=0.0456 laplacian=0.1742 anticollapse=0.00047 beam=0.49810 beam_ceil=0.21296 shell_inner=0.01504 shell_outer=94.54637 homogeneity=0.1132 body=0.00000 bowel=0.00000 femur=0.00000
2026-05-26 16:09:12 [INFO] Step 30/54 Loss=90.4524 mse=0.1514 v_opt=1.22705 v_mand=0.86119 ptv=0.8301 ptv_max=0.00000 global_ceil=0.00000 ring=0.00000 smooth=0.0306 laplacian=0.1125 anticollapse=0.00052 beam=0.50505 beam_ceil=0.30142 shell_inner=0.20224 shell_outer=45.19594 homogeneity=0.1150 body=0.00000 bowel=0.00000 femur=0.00000
2026-05-26 16:09:18 [INFO] Step 35/54 Loss=70.6711 mse=0.1572 v_opt=0.59592 v_mand=0.37643 ptv=0.7914 ptv_max=0.00000 global_ceil=0.00000 ring=0.00000 smooth=0.0324 laplacian=0.1226 anticollapse=0.00026 beam=0.49165 beam_ceil=0.79510 shell_inner=0.00000 shell_outer=38.60162 homogeneity=0.1075 body=0.00000 bowel=0.00000 femur=0.00000
2026-05-26 16:09:24 [INFO] Step 40/54 Loss=141.3102 mse=0.1870 v_opt=0.57737 v_mand=0.36645 ptv=0.8445 ptv_max=0.00000 global_ceil=0.00000 ring=0.00000 smooth=0.0417 laplacian=0.1631 anticollapse=0.00062 beam=0.49267 beam_ceil=0.35766 shell_inner=0.02048 shell_outer=106.19625 homogeneity=0.1179 body=0.00000 bowel=0.00000 femur=0.00000
2026-05-26 16:09:29 [INFO] Step 45/54 Loss=75.9652 mse=0.1847 v_opt=0.61311 v_mand=0.38464 ptv=0.8031 ptv_max=0.00000 global_ceil=0.00000 ring=0.00000 smooth=0.0338 laplacian=0.1276 anticollapse=0.00025 beam=0.48900 beam_ceil=0.00000 shell_inner=0.00000 shell_outer=44.23949 homogeneity=0.1096 body=0.00000 bowel=0.00000 femur=0.00000
2026-05-26 16:09:35 [INFO] Step 50/54 Loss=120.3194 mse=0.1824 v_opt=0.71239 v_mand=0.45834 ptv=0.8318 ptv_max=0.00000 global_ceil=0.00000 ring=0.00000 smooth=0.0424 laplacian=0.1617 anticollapse=0.00050 beam=0.49639 beam_ceil=0.77240 shell_inner=0.03835 shell_outer=82.97767 homogeneity=0.1153 body=0.00000 bowel=0.00000 femur=0.00000
2026-05-26 16:09:40 [INFO] Step 54/54 Loss=89.0114 mse=0.1460 v_opt=0.51767 v_mand=0.32682 ptv=0.8869 ptv_max=0.00000 global_ceil=0.00000 ring=0.00000 smooth=0.0268 laplacian=0.1003 anticollapse=0.00096 beam=0.49463 beam_ceil=0.13429 shell_inner=0.04940 shell_outer=58.02475 homogeneity=0.1258 body=0.00000 bowel=0.00000 femur=0.00000
2026-05-26 16:09:40 [INFO] Running validation at epoch 39...
2026-05-26 16:10:07 [INFO] Epoch 39 Summary: Train=115.7116 Val=0.0251 (MSE=0.0251)
          Metrics: PTV_D95=24.49Gy Bladder=35.27Gy Rectum=35.11Gy
          Metrics: Ring=36.53Gy Dmax=47.81Gy BG=36.38Gy
2026-05-26 16:10:07 [INFO] Saved best model val_loss=0.0251
2026-05-26 16:10:07 [INFO] Epoch 40/300 [RAMP 40/75 (53% of physics)] ramp=0.533 lr=9.59e-05
2026-05-26 16:10:14 [INFO] Step 5/54 Loss=132.4355 mse=0.1812 v_opt=0.62778 v_mand=0.40168 ptv=0.8383 ptv_max=0.00000 global_ceil=0.00000 ring=0.00000 smooth=0.0396 laplacian=0.1513 anticollapse=0.00051 beam=0.48420 beam_ceil=0.36483 shell_inner=0.08735 shell_outer=93.94730 homogeneity=0.1165 body=0.00000 bowel=0.00000 femur=0.00000
2026-05-26 16:10:20 [INFO] Step 10/54 Loss=114.7349 mse=0.1936 v_opt=0.59344 v_mand=0.37608 ptv=0.8604 ptv_max=0.00000 global_ceil=0.00000 ring=0.00000 smooth=0.0425 laplacian=0.1652 anticollapse=0.00063 beam=0.48789 beam_ceil=0.86780 shell_inner=0.00000 shell_outer=76.55767 homogeneity=0.1208 body=0.00000 bowel=0.00000 femur=0.00000
2026-05-26 16:10:26 [INFO] Step 15/54 Loss=77.7673 mse=0.2301 v_opt=0.58242 v_mand=0.36576 ptv=0.8357 ptv_max=0.00000 global_ceil=0.00000 ring=0.00000 smooth=0.0424 laplacian=0.1594 anticollapse=0.00042 beam=0.48474 beam_ceil=0.00000 shell_inner=0.00000 shell_outer=43.27409 homogeneity=0.1157 body=0.00000 bowel=0.00000 femur=0.00000
2026-05-26 16:10:31 [INFO] Step 20/54 Loss=170.8573 mse=0.2438 v_opt=0.46631 v_mand=0.28714 ptv=0.8887 ptv_max=0.00000 global_ceil=0.00000 ring=0.00000 smooth=0.0426 laplacian=0.1655 anticollapse=0.00091 beam=0.48476 beam_ceil=0.10073 shell_inner=0.07550 shell_outer=131.43588 homogeneity=0.1261 body=0.00000 bowel=0.00000 femur=0.00000
2026-05-26 16:10:37 [INFO] Step 25/54 Loss=142.4666 mse=0.1714 v_opt=0.45537 v_mand=0.27999 ptv=0.8852 ptv_max=0.00000 global_ceil=0.00000 ring=0.00000 smooth=0.0348 laplacian=0.1341 anticollapse=0.00086 beam=0.48716 beam_ceil=0.00553 shell_inner=0.00000 shell_outer=107.05188 homogeneity=0.1254 body=0.00000 bowel=0.00000 femur=0.00000
2026-05-26 16:10:42 [INFO] Step 30/54 Loss=99.5909 mse=0.1583 v_opt=0.54661 v_mand=0.35396 ptv=0.8564 ptv_max=0.00000 global_ceil=0.00000 ring=0.00000 smooth=0.0314 laplacian=0.1182 anticollapse=0.00061 beam=0.48328 beam_ceil=0.05607 shell_inner=0.00000 shell_outer=65.53759 homogeneity=0.1199 body=0.00000 bowel=0.00000 femur=0.00000
2026-05-26 16:10:49 [INFO] Step 35/54 Loss=105.3864 mse=0.1458 v_opt=0.53302 v_mand=0.33695 ptv=0.8289 ptv_max=0.00000 global_ceil=0.00000 ring=0.00000 smooth=0.0411 laplacian=0.1599 anticollapse=0.00044 beam=0.00000 beam_ceil=0.48013 shell_inner=0.04220 shell_outer=77.09363 homogeneity=0.1147 body=0.00000 bowel=0.00000 femur=0.00000
2026-05-26 16:10:54 [INFO] Step 40/54 Loss=84.7521 mse=0.1580 v_opt=0.57675 v_mand=0.36853 ptv=0.8344 ptv_max=0.00000 global_ceil=0.00000 ring=0.00000 smooth=0.0329 laplacian=0.1216 anticollapse=0.00045 beam=0.47889 beam_ceil=0.01289 shell_inner=0.00000 shell_outer=51.60288 homogeneity=0.1157 body=0.00000 bowel=0.00000 femur=0.00000
2026-05-26 16:11:00 [INFO] Step 45/54 Loss=156.2684 mse=0.1835 v_opt=0.49220 v_mand=0.30804 ptv=0.8707 ptv_max=0.00000 global_ceil=0.00000 ring=0.00000 smooth=0.0348 laplacian=0.1320 anticollapse=0.00072 beam=0.47736 beam_ceil=0.00000 shell_inner=0.00000 shell_outer=119.27267 homogeneity=0.1225 body=0.00000 bowel=0.00000 femur=0.00000
2026-05-26 16:11:05 [INFO] Step 50/54 Loss=160.2555 mse=0.1918 v_opt=0.53586 v_mand=0.33949 ptv=0.8597 ptv_max=0.00000 global_ceil=0.00000 ring=0.00000 smooth=0.0420 laplacian=0.1597 anticollapse=0.00059 beam=0.47459 beam_ceil=0.07620 shell_inner=0.00000 shell_outer=121.92881 homogeneity=0.1204 body=0.00000 bowel=0.00000 femur=0.00000
2026-05-26 16:11:10 [INFO] Step 54/54 Loss=123.6130 mse=0.1682 v_opt=0.52807 v_mand=0.32863 ptv=0.8551 ptv_max=0.00000 global_ceil=0.00000 ring=0.00000 smooth=0.0425 laplacian=0.1677 anticollapse=0.00059 beam=0.47883 beam_ceil=0.09083 shell_inner=0.00000 shell_outer=88.35068 homogeneity=0.1197 body=0.00000 bowel=0.00000 femur=0.00000
2026-05-26 16:11:10 [INFO] Running validation at epoch 40...
2026-05-26 16:11:37 [INFO] Epoch 40 Summary: Train=117.4884 Val=0.0241 (MSE=0.0241)
          Metrics: PTV_D95=24.91Gy Bladder=34.72Gy Rectum=34.51Gy
          Metrics: Ring=36.17Gy Dmax=48.03Gy BG=35.72Gy
2026-05-26 16:11:37 [INFO] Saved best model val_loss=0.0241
2026-05-26 16:11:37 [INFO] Epoch 41/300 [RAMP 41/75 (55% of physics)] ramp=0.547 lr=9.57e-05
2026-05-26 16:11:44 [INFO] Step 5/54 Loss=108.5710 mse=0.1540 v_opt=0.57217 v_mand=0.35997 ptv=0.8336 ptv_max=0.00000 global_ceil=0.00000 ring=0.00000 smooth=0.0343 laplacian=0.1295 anticollapse=0.00042 beam=0.49449 beam_ceil=0.09391 shell_inner=0.01045 shell_outer=71.48805 homogeneity=0.1155 body=0.00000 bowel=0.00000 femur=0.00000
2026-05-26 16:11:50 [INFO] Step 10/54 Loss=70.6692 mse=0.1233 v_opt=0.49286 v_mand=0.30655 ptv=0.8493 ptv_max=0.00000 global_ceil=0.00000 ring=0.00000 smooth=0.0302 laplacian=0.1156 anticollapse=0.00051 beam=0.47450 beam_ceil=0.05017 shell_inner=0.00000 shell_outer=39.14591 homogeneity=0.1186 body=0.00000 bowel=0.00000 femur=0.00000
2026-05-26 16:11:56 [INFO] Step 15/54 Loss=142.4586 mse=0.1583 v_opt=0.40660 v_mand=0.24686 ptv=0.8570 ptv_max=0.00000 global_ceil=0.00000 ring=0.00000 smooth=0.0411 laplacian=0.1581 anticollapse=0.00055 beam=0.47231 beam_ceil=0.03405 shell_inner=0.00069 shell_outer=105.44987 homogeneity=0.1199 body=0.00000 bowel=0.00000 femur=0.00000
2026-05-26 16:12:01 [INFO] Step 20/54 Loss=151.1503 mse=0.1668 v_opt=0.30828 v_mand=0.17361 ptv=0.8894 ptv_max=0.00000 global_ceil=0.00000 ring=0.00000 smooth=0.0348 laplacian=0.1331 anticollapse=0.00085 beam=0.47321 beam_ceil=0.00000 shell_inner=0.00000 shell_outer=114.89381 homogeneity=0.1261 body=0.00000 bowel=0.00000 femur=0.00000
2026-05-26 16:12:08 [INFO] Step 25/54 Loss=82.8509 mse=0.0798 v_opt=0.49860 v_mand=0.31633 ptv=0.8822 ptv_max=0.00000 global_ceil=0.00000 ring=0.00000 smooth=0.0252 laplacian=0.0884 anticollapse=0.00074 beam=0.47249 beam_ceil=0.00003 shell_inner=0.00000 shell_outer=50.86435 homogeneity=0.1247 body=0.00000 bowel=0.00000 femur=0.00000
2026-05-26 16:12:13 [INFO] Step 30/54 Loss=72.5562 mse=0.1365 v_opt=0.51134 v_mand=0.32366 ptv=0.8220 ptv_max=0.00000 global_ceil=0.00000 ring=0.00000 smooth=0.0288 laplacian=0.1066 anticollapse=0.00033 beam=0.47036 beam_ceil=0.00202 shell_inner=0.00000 shell_outer=40.58796 homogeneity=0.1132 body=0.00000 bowel=0.00000 femur=0.00000
2026-05-26 16:12:19 [INFO] Step 35/54 Loss=140.4359 mse=0.1568 v_opt=0.29105 v_mand=0.16553 ptv=0.8996 ptv_max=0.00000 global_ceil=0.00000 ring=0.00000 smooth=0.0348 laplacian=0.1345 anticollapse=0.00091 beam=0.48476 beam_ceil=0.01281 shell_inner=0.00000 shell_outer=105.26047 homogeneity=0.1281 body=0.00000 bowel=0.00000 femur=0.00000
2026-05-26 16:12:25 [INFO] Step 40/54 Loss=116.9676 mse=0.1500 v_opt=0.37804 v_mand=0.22389 ptv=0.8689 ptv_max=0.00000 global_ceil=0.00000 ring=0.00000 smooth=0.0345 laplacian=0.1303 anticollapse=0.00060 beam=0.47265 beam_ceil=0.00689 shell_inner=0.00000 shell_outer=82.91718 homogeneity=0.1223 body=0.00000 bowel=0.00000 femur=0.00000
2026-05-26 16:12:32 [INFO] Step 45/54 Loss=108.1409 mse=0.1440 v_opt=0.31720 v_mand=0.18199 ptv=0.8680 ptv_max=0.00000 global_ceil=0.00000 ring=0.00000 smooth=0.0330 laplacian=0.1269 anticollapse=0.00058 beam=0.46754 beam_ceil=0.00000 shell_inner=0.00000 shell_outer=76.19179 homogeneity=0.1218 body=0.00000 bowel=0.00000 femur=0.00000
2026-05-26 16:12:37 [INFO] Step 50/54 Loss=77.7465 mse=0.1655 v_opt=0.44931 v_mand=0.28150 ptv=0.8124 ptv_max=0.00000 global_ceil=0.00000 ring=0.00000 smooth=0.0338 laplacian=0.1282 anticollapse=0.00025 beam=0.47662 beam_ceil=0.01875 shell_inner=0.00000 shell_outer=45.72950 homogeneity=0.1112 body=0.00000 bowel=0.00000 femur=0.00000
2026-05-26 16:12:41 [INFO] Step 54/54 Loss=121.8085 mse=0.1861 v_opt=0.30569 v_mand=0.17861 ptv=0.9326 ptv_max=0.00000 global_ceil=0.00000 ring=0.00000 smooth=0.0375 laplacian=0.1371 anticollapse=0.00125 beam=0.47187 beam_ceil=0.07849 shell_inner=0.00000 shell_outer=86.87105 homogeneity=0.1348 body=0.00000 bowel=0.00000 femur=0.00000
2026-05-26 16:12:41 [INFO] Running validation at epoch 41...
2026-05-26 16:13:08 [INFO] Epoch 41 Summary: Train=105.0196 Val=0.0228 (MSE=0.0228)
          Metrics: PTV_D95=24.70Gy Bladder=32.40Gy Rectum=32.56Gy
          Metrics: Ring=35.21Gy Dmax=46.10Gy BG=34.83Gy
2026-05-26 16:13:08 [INFO] Saved best model val_loss=0.0228
2026-05-26 16:13:08 [INFO] Epoch 42/300 [RAMP 42/75 (56% of physics)] ramp=0.560 lr=9.55e-05
2026-05-26 16:13:16 [INFO] Step 5/54 Loss=78.9446 mse=0.1456 v_opt=0.26050 v_mand=0.13840 ptv=0.8945 ptv_max=0.00000 global_ceil=0.00000 ring=0.00000 smooth=0.0324 laplacian=0.1235 anticollapse=0.00075 beam=0.45996 beam_ceil=0.03368 shell_inner=0.00000 shell_outer=48.71184 homogeneity=0.1269 body=0.00000 bowel=0.00000 femur=0.00000
2026-05-26 16:13:21 [INFO] Step 10/54 Loss=126.2633 mse=0.1701 v_opt=0.42048 v_mand=0.25954 ptv=0.8713 ptv_max=0.00000 global_ceil=0.00000 ring=0.00000 smooth=0.0377 laplacian=0.1406 anticollapse=0.00060 beam=0.46875 beam_ceil=0.00935 shell_inner=0.00000 shell_outer=87.36652 homogeneity=0.1225 body=0.00000 bowel=0.00000 femur=0.00000
2026-05-26 16:13:28 [INFO] Step 15/54 Loss=63.1766 mse=0.1040 v_opt=0.47904 v_mand=0.30420 ptv=0.8769 ptv_max=0.00000 global_ceil=0.00000 ring=0.00000 smooth=0.0186 laplacian=0.0678 anticollapse=0.00067 beam=0.46386 beam_ceil=0.00000 shell_inner=0.00702 shell_outer=31.53926 homogeneity=0.1234 body=0.00000 bowel=0.00000 femur=0.00000
2026-05-26 16:13:33 [INFO] Step 20/54 Loss=132.1115 mse=0.1494 v_opt=0.26929 v_mand=0.14775 ptv=0.9055 ptv_max=0.00000 global_ceil=0.00000 ring=0.00000 smooth=0.0280 laplacian=0.1051 anticollapse=0.00091 beam=0.46090 beam_ceil=0.00135 shell_inner=0.00000 shell_outer=95.82654 homogeneity=0.1289 body=0.00000 bowel=0.00000 femur=0.00000
2026-05-26 16:13:40 [INFO] Step 25/54 Loss=128.1582 mse=0.1605 v_opt=0.24642 v_mand=0.13055 ptv=0.8909 ptv_max=0.00000 global_ceil=0.00000 ring=0.00000 smooth=0.0334 laplacian=0.1290 anticollapse=0.00077 beam=0.45855 beam_ceil=0.00000 shell_inner=0.00000 shell_outer=92.63250 homogeneity=0.1262 body=0.00000 bowel=0.00000 femur=0.00000
2026-05-26 16:13:44 [INFO] Step 30/54 Loss=54.4544 mse=0.1076 v_opt=0.25437 v_mand=0.14699 ptv=0.7900 ptv_max=0.00000 global_ceil=0.00000 ring=0.00000 smooth=0.0236 laplacian=0.0885 anticollapse=0.00021 beam=0.45903 beam_ceil=0.03133 shell_inner=0.00000 shell_outer=28.71404 homogeneity=0.1071 body=0.00000 bowel=0.00000 femur=0.00000
2026-05-26 16:13:51 [INFO] Step 35/54 Loss=61.4860 mse=0.1173 v_opt=0.22267 v_mand=0.11619 ptv=0.9279 ptv_max=0.00000 global_ceil=0.00000 ring=0.00000 smooth=0.0254 laplacian=0.0942 anticollapse=0.00118 beam=0.45448 beam_ceil=0.00000 shell_inner=0.00000 shell_outer=34.17671 homogeneity=0.1333 body=0.00000 bowel=0.00000 femur=0.00000
2026-05-26 16:13:56 [INFO] Step 40/54 Loss=125.3266 mse=0.1902 v_opt=0.31383 v_mand=0.18202 ptv=0.9199 ptv_max=0.00000 global_ceil=0.00000 ring=0.00000 smooth=0.0337 laplacian=0.1285 anticollapse=0.00108 beam=0.45646 beam_ceil=0.00000 shell_inner=0.01515 shell_outer=87.77600 homogeneity=0.1316 body=0.00000 bowel=0.00000 femur=0.00000
2026-05-26 16:14:02 [INFO] Step 45/54 Loss=71.7051 mse=0.1230 v_opt=0.00000 v_mand=0.00000 ptv=0.9484 ptv_max=0.00000 global_ceil=0.00000 ring=0.00000 smooth=0.0284 laplacian=0.1015 anticollapse=0.00143 beam=0.45383 beam_ceil=0.00923 shell_inner=0.00000 shell_outer=46.04138 homogeneity=0.1372 body=0.00000 bowel=0.00000 femur=0.00000
2026-05-26 16:14:07 [INFO] Step 50/54 Loss=96.4605 mse=0.1353 v_opt=0.24573 v_mand=0.13492 ptv=0.9038 ptv_max=0.00000 global_ceil=0.00000 ring=0.00000 smooth=0.0347 laplacian=0.1343 anticollapse=0.00091 beam=0.44811 beam_ceil=0.00135 shell_inner=0.00000 shell_outer=64.75195 homogeneity=0.1287 body=0.00000 bowel=0.00000 femur=0.00000
2026-05-26 16:14:12 [INFO] Step 54/54 Loss=104.2106 mse=0.1292 v_opt=0.21620 v_mand=0.11148 ptv=0.9058 ptv_max=0.00000 global_ceil=0.00000 ring=0.00000 smooth=0.0344 laplacian=0.1325 anticollapse=0.00089 beam=0.45700 beam_ceil=0.00711 shell_inner=0.00000 shell_outer=72.28806 homogeneity=0.1290 body=0.00000 bowel=0.00000 femur=0.00000
2026-05-26 16:14:12 [INFO] Running validation at epoch 42...
2026-05-26 16:14:39 [INFO] Epoch 42 Summary: Train=98.7217 Val=0.0216 (MSE=0.0216)
          Metrics: PTV_D95=25.02Gy Bladder=31.48Gy Rectum=31.48Gy
          Metrics: Ring=34.64Gy Dmax=45.39Gy BG=34.07Gy
2026-05-26 16:14:39 [INFO] Saved best model val_loss=0.0216
2026-05-26 16:14:39 [INFO] Epoch 43/300 [RAMP 43/75 (57% of physics)] ramp=0.573 lr=9.53e-05
2026-05-26 16:14:47 [INFO] Step 5/54 Loss=91.4823 mse=0.2108 v_opt=0.31921 v_mand=0.18196 ptv=0.8412 ptv_max=0.00000 global_ceil=0.00000 ring=0.00000 smooth=0.0313 laplacian=0.1184 anticollapse=0.00035 beam=0.45865 beam_ceil=0.00000 shell_inner=0.00000 shell_outer=56.18892 homogeneity=0.1165 body=0.00000 bowel=0.00000 femur=0.00000
2026-05-26 16:14:52 [INFO] Step 10/54 Loss=60.0892 mse=0.1476 v_opt=0.12971 v_mand=0.05138 ptv=0.9244 ptv_max=0.00000 global_ceil=0.00000 ring=0.00000 smooth=0.0284 laplacian=0.1039 anticollapse=0.00107 beam=0.45110 beam_ceil=0.00000 shell_inner=0.00000 shell_outer=32.85775 homogeneity=0.1325 body=0.00000 bowel=0.00000 femur=0.00000
2026-05-26 16:14:58 [INFO] Step 15/54 Loss=69.1538 mse=0.1433 v_opt=0.25293 v_mand=0.13233 ptv=0.8839 ptv_max=0.00000 global_ceil=0.00000 ring=0.00000 smooth=0.0284 laplacian=0.1050 anticollapse=0.00066 beam=0.44686 beam_ceil=0.00000 shell_inner=0.00000 shell_outer=39.21071 homogeneity=0.1247 body=0.00000 bowel=0.00000 femur=0.00000
2026-05-26 16:15:03 [INFO] Step 20/54 Loss=69.7034 mse=0.1495 v_opt=0.42904 v_mand=0.29291 ptv=0.9552 ptv_max=0.00000 global_ceil=0.00000 ring=0.00000 smooth=0.0300 laplacian=0.1103 anticollapse=0.00156 beam=0.44712 beam_ceil=0.00902 shell_inner=0.00000 shell_outer=34.52542 homogeneity=0.1383 body=0.00000 bowel=0.00000 femur=0.00000
2026-05-26 16:15:10 [INFO] Step 25/54 Loss=57.2954 mse=0.2039 v_opt=0.19971 v_mand=0.10063 ptv=0.8766 ptv_max=0.00000 global_ceil=0.00000 ring=0.00000 smooth=0.0303 laplacian=0.1162 anticollapse=0.00057 beam=0.45587 beam_ceil=0.00000 shell_inner=0.00000 shell_outer=28.33704 homogeneity=0.1231 body=0.00000 bowel=0.00000 femur=0.00000
2026-05-26 16:15:15 [INFO] Step 30/54 Loss=109.2379 mse=0.1377 v_opt=0.20456 v_mand=0.11033 ptv=0.8992 ptv_max=0.00000 global_ceil=0.00000 ring=0.00000 smooth=0.0302 laplacian=0.1143 anticollapse=0.00089 beam=0.45808 beam_ceil=0.00000 shell_inner=0.00000 shell_outer=74.54709 homogeneity=0.1277 body=0.00000 bowel=0.00000 femur=0.00000
2026-05-26 16:15:21 [INFO] Step 35/54 Loss=139.5586 mse=0.1793 v_opt=0.16803 v_mand=0.07363 ptv=0.8879 ptv_max=0.00000 global_ceil=0.00000 ring=0.00000 smooth=0.0317 laplacian=0.1250 anticollapse=0.00080 beam=0.44757 beam_ceil=0.00556 shell_inner=0.00000 shell_outer=101.25620 homogeneity=0.1255 body=0.00000 bowel=0.00000 femur=0.00000
2026-05-26 16:15:27 [INFO] Step 40/54 Loss=112.9509 mse=0.1477 v_opt=0.18177 v_mand=0.08240 ptv=0.8676 ptv_max=0.00000 global_ceil=0.00000 ring=0.00000 smooth=0.0322 laplacian=0.1227 anticollapse=0.00060 beam=0.43855 beam_ceil=0.00000 shell_inner=0.00000 shell_outer=78.85889 homogeneity=0.1217 body=0.00000 bowel=0.00000 femur=0.00000
2026-05-26 16:15:33 [INFO] Step 45/54 Loss=70.0151 mse=0.1514 v_opt=0.30663 v_mand=0.17347 ptv=0.9116 ptv_max=0.00000 global_ceil=0.00000 ring=0.00000 smooth=0.0296 laplacian=0.1122 anticollapse=0.00092 beam=0.44435 beam_ceil=0.01627 shell_inner=0.00000 shell_outer=38.38054 homogeneity=0.1300 body=0.00000 bowel=0.00000 femur=0.00000
2026-05-26 16:15:39 [INFO] Step 50/54 Loss=104.0164 mse=0.1614 v_opt=0.19637 v_mand=0.10236 ptv=0.9622 ptv_max=0.00000 global_ceil=0.00000 ring=0.00000 smooth=0.0312 laplacian=0.1115 anticollapse=0.00159 beam=0.44673 beam_ceil=0.00000 shell_inner=0.00000 shell_outer=69.12024 homogeneity=0.1403 body=0.00000 bowel=0.00000 femur=0.00000
2026-05-26 16:15:43 [INFO] Step 54/54 Loss=61.9183 mse=0.1362 v_opt=0.15131 v_mand=0.08351 ptv=0.9676 ptv_max=0.00000 global_ceil=0.00000 ring=0.00000 smooth=0.0237 laplacian=0.0827 anticollapse=0.00174 beam=0.44522 beam_ceil=0.01218 shell_inner=0.00000 shell_outer=33.48701 homogeneity=0.1408 body=0.00000 bowel=0.00000 femur=0.00000
2026-05-26 16:15:43 [INFO] Running validation at epoch 43...
2026-05-26 16:16:10 [INFO] Epoch 43 Summary: Train=93.6319 Val=0.0207 (MSE=0.0207)
          Metrics: PTV_D95=25.26Gy Bladder=30.35Gy Rectum=30.48Gy
          Metrics: Ring=34.11Gy Dmax=45.08Gy BG=33.38Gy
2026-05-26 16:16:10 [INFO] Saved best model val_loss=0.0207
2026-05-26 16:16:10 [INFO] Epoch 44/300 [RAMP 44/75 (59% of physics)] ramp=0.587 lr=9.51e-05
2026-05-26 16:16:18 [INFO] Step 5/54 Loss=106.4133 mse=0.1462 v_opt=0.16064 v_mand=0.07265 ptv=0.8840 ptv_max=0.00000 global_ceil=0.00000 ring=0.00000 smooth=0.0316 laplacian=0.1238 anticollapse=0.00084 beam=0.44890 beam_ceil=0.03558 shell_inner=0.00000 shell_outer=71.03810 homogeneity=0.1249 body=0.00000 bowel=0.00000 femur=0.00000
2026-05-26 16:16:24 [INFO] Step 10/54 Loss=108.7011 mse=0.1180 v_opt=0.10805 v_mand=0.04490 ptv=0.8873 ptv_max=0.00000 global_ceil=0.00000 ring=0.00000 smooth=0.0291 laplacian=0.1125 anticollapse=0.00081 beam=0.44472 beam_ceil=0.00000 shell_inner=0.00000 shell_outer=74.44589 homogeneity=0.1255 body=0.00000 bowel=0.00000 femur=0.00000
2026-05-26 16:16:30 [INFO] Step 15/54 Loss=104.0597 mse=0.1576 v_opt=0.10877 v_mand=0.03739 ptv=0.9289 ptv_max=0.00000 global_ceil=0.00000 ring=0.00000 smooth=0.0298 laplacian=0.1147 anticollapse=0.00122 beam=0.43715 beam_ceil=0.00000 shell_inner=0.00000 shell_outer=69.46136 homogeneity=0.1333 body=0.00000 bowel=0.00000 femur=0.00000
2026-05-26 16:16:35 [INFO] Step 20/54 Loss=120.5826 mse=0.2154 v_opt=0.10274 v_mand=0.03537 ptv=0.8322 ptv_max=0.00000 global_ceil=0.00000 ring=0.00000 smooth=0.0320 laplacian=0.1254 anticollapse=0.00049 beam=0.44097 beam_ceil=0.00000 shell_inner=0.00000 shell_outer=83.34575 homogeneity=0.1151 body=0.00000 bowel=0.00000 femur=0.00000
2026-05-26 16:16:42 [INFO] Step 25/54 Loss=116.1415 mse=0.1406 v_opt=0.21875 v_mand=0.11197 ptv=0.9139 ptv_max=0.00000 global_ceil=0.00000 ring=0.00000 smooth=0.0302 laplacian=0.1155 anticollapse=0.00100 beam=0.43232 beam_ceil=0.00000 shell_inner=0.00000 shell_outer=78.37582 homogeneity=0.1304 body=0.00000 bowel=0.00000 femur=0.00000
2026-05-26 16:16:47 [INFO] Step 30/54 Loss=101.2961 mse=0.1170 v_opt=0.22707 v_mand=0.11294 ptv=0.8580 ptv_max=0.00000 global_ceil=0.00000 ring=0.00000 smooth=0.0283 laplacian=0.1083 anticollapse=0.00051 beam=0.41961 beam_ceil=0.00000 shell_inner=0.00000 shell_outer=66.98799 homogeneity=0.1198 body=0.00000 bowel=0.00000 femur=0.00000
2026-05-26 16:16:53 [INFO] Step 35/54 Loss=82.2009 mse=0.2056 v_opt=0.08188 v_mand=0.03465 ptv=0.7587 ptv_max=0.00000 global_ceil=0.00000 ring=0.00000 smooth=0.0311 laplacian=0.1209 anticollapse=0.00016 beam=0.44594 beam_ceil=0.00000 shell_inner=0.13668 shell_outer=51.47598 homogeneity=0.1015 body=0.00000 bowel=0.00000 femur=0.00000
2026-05-26 16:16:58 [INFO] Step 40/54 Loss=90.3741 mse=0.1152 v_opt=0.24570 v_mand=0.13601 ptv=0.9940 ptv_max=0.00000 global_ceil=0.00000 ring=0.00000 smooth=0.0251 laplacian=0.0931 anticollapse=0.00214 beam=0.43773 beam_ceil=0.02117 shell_inner=0.00000 shell_outer=55.36624 homogeneity=0.1459 body=0.00000 bowel=0.00000 femur=0.00000
2026-05-26 16:17:04 [INFO] Step 45/54 Loss=72.2166 mse=0.1808 v_opt=0.06338 v_mand=0.01392 ptv=0.9187 ptv_max=0.00000 global_ceil=0.00000 ring=0.00000 smooth=0.0312 laplacian=0.1199 anticollapse=0.00113 beam=0.43573 beam_ceil=0.00000 shell_inner=0.00000 shell_outer=42.57632 homogeneity=0.1314 body=0.00000 bowel=0.00000 femur=0.00000
2026-05-26 16:17:10 [INFO] Step 50/54 Loss=102.0531 mse=0.1457 v_opt=0.09970 v_mand=0.03249 ptv=0.9322 ptv_max=0.00000 global_ceil=0.00000 ring=0.00000 smooth=0.0297 laplacian=0.1122 anticollapse=0.00128 beam=0.44175 beam_ceil=0.00000 shell_inner=0.00000 shell_outer=68.04679 homogeneity=0.1339 body=0.00000 bowel=0.00000 femur=0.00000
2026-05-26 16:17:14 [INFO] Step 54/54 Loss=75.4908 mse=0.1280 v_opt=0.45956 v_mand=0.28895 ptv=0.9169 ptv_max=0.00000 global_ceil=0.00000 ring=0.00000 smooth=0.0254 laplacian=0.0925 anticollapse=0.00105 beam=0.43143 beam_ceil=0.00000 shell_inner=0.00000 shell_outer=39.37398 homogeneity=0.1309 body=0.00000 bowel=0.00000 femur=0.00000
2026-05-26 16:17:14 [INFO] Running validation at epoch 44...
2026-05-26 16:17:42 [INFO] Epoch 44 Summary: Train=90.4620 Val=0.0199 (MSE=0.0199)
          Metrics: PTV_D95=25.95Gy Bladder=30.55Gy Rectum=30.31Gy
          Metrics: Ring=34.09Gy Dmax=45.83Gy BG=32.86Gy
2026-05-26 16:17:42 [INFO] Saved best model val_loss=0.0199
2026-05-26 16:17:42 [INFO] Epoch 45/300 [RAMP 45/75 (60% of physics)] ramp=0.600 lr=9.48e-05
2026-05-26 16:17:49 [INFO] Step 5/54 Loss=91.3491 mse=0.1100 v_opt=0.20284 v_mand=0.10087 ptv=0.8927 ptv_max=0.00000 global_ceil=0.00000 ring=0.00000 smooth=0.0295 laplacian=0.1125 anticollapse=0.00087 beam=0.00000 beam_ceil=0.00000 shell_inner=0.00000 shell_outer=62.15307 homogeneity=0.1265 body=0.00000 bowel=0.00000 femur=0.00000
2026-05-26 16:17:55 [INFO] Step 10/54 Loss=71.0152 mse=0.1561 v_opt=0.08958 v_mand=0.03597 ptv=0.8678 ptv_max=0.00000 global_ceil=0.00000 ring=0.00000 smooth=0.0307 laplacian=0.1142 anticollapse=0.00068 beam=0.43215 beam_ceil=0.00000 shell_inner=0.00000 shell_outer=40.84946 homogeneity=0.1217 body=0.00000 bowel=0.00000 femur=0.00000
2026-05-26 16:18:00 [INFO] Step 15/54 Loss=102.8570 mse=0.1149 v_opt=0.18960 v_mand=0.09457 ptv=0.9271 ptv_max=0.00000 global_ceil=0.00000 ring=0.00000 smooth=0.0325 laplacian=0.1228 anticollapse=0.00119 beam=0.00000 beam_ceil=0.00091 shell_inner=0.00000 shell_outer=71.40406 homogeneity=0.1330 body=0.00000 bowel=0.00000 femur=0.00000
2026-05-26 16:18:06 [INFO] Step 20/54 Loss=72.6358 mse=0.1180 v_opt=0.11808 v_mand=0.04096 ptv=0.8708 ptv_max=0.00000 global_ceil=0.00000 ring=0.00000 smooth=0.0278 laplacian=0.0949 anticollapse=0.00081 beam=0.43015 beam_ceil=0.01813 shell_inner=0.00000 shell_outer=42.84164 homogeneity=0.1224 body=0.00000 bowel=0.00000 femur=0.00000
2026-05-26 16:18:12 [INFO] Step 25/54 Loss=92.6540 mse=0.1159 v_opt=0.17386 v_mand=0.07704 ptv=0.8822 ptv_max=0.00000 global_ceil=0.00000 ring=0.00000 smooth=0.0295 laplacian=0.1111 anticollapse=0.00080 beam=0.42312 beam_ceil=0.00000 shell_inner=0.00000 shell_outer=58.57124 homogeneity=0.1245 body=0.00000 bowel=0.00000 femur=0.00000
2026-05-26 16:18:17 [INFO] Step 30/54 Loss=61.6830 mse=0.0992 v_opt=0.36439 v_mand=0.21365 ptv=0.8784 ptv_max=0.00000 global_ceil=0.00000 ring=0.00000 smooth=0.0193 laplacian=0.0693 anticollapse=0.00074 beam=0.43217 beam_ceil=0.00000 shell_inner=0.00000 shell_outer=29.54612 homogeneity=0.1237 body=0.00000 bowel=0.00000 femur=0.00000
2026-05-26 16:18:23 [INFO] Step 35/54 Loss=98.6607 mse=0.1234 v_opt=0.24529 v_mand=0.12751 ptv=0.9722 ptv_max=0.00000 global_ceil=0.00000 ring=0.00000 smooth=0.0270 laplacian=0.1045 anticollapse=0.00177 beam=0.42639 beam_ceil=0.00224 shell_inner=0.00000 shell_outer=61.05897 homogeneity=0.1414 body=0.00000 bowel=0.00000 femur=0.00000
2026-05-26 16:18:29 [INFO] Step 40/54 Loss=89.9781 mse=0.1446 v_opt=0.15393 v_mand=0.06756 ptv=0.9356 ptv_max=0.00000 global_ceil=0.00000 ring=0.00000 smooth=0.0316 laplacian=0.1229 anticollapse=0.00128 beam=0.43239 beam_ceil=0.01508 shell_inner=0.00000 shell_outer=55.24257 homogeneity=0.1345 body=0.00000 bowel=0.00000 femur=0.00000
2026-05-26 16:18:35 [INFO] Step 45/54 Loss=102.6533 mse=0.1383 v_opt=0.14304 v_mand=0.05633 ptv=0.9302 ptv_max=0.00000 global_ceil=0.00000 ring=0.00000 smooth=0.0284 laplacian=0.1100 anticollapse=0.00116 beam=0.43361 beam_ceil=0.00412 shell_inner=0.00000 shell_outer=66.33087 homogeneity=0.1334 body=0.00000 bowel=0.00000 femur=0.00000
2026-05-26 16:18:40 [INFO] Step 50/54 Loss=90.2010 mse=0.1421 v_opt=0.14598 v_mand=0.06079 ptv=0.9585 ptv_max=0.00000 global_ceil=0.00000 ring=0.00000 smooth=0.0277 laplacian=0.0986 anticollapse=0.00158 beam=0.42677 beam_ceil=0.00000 shell_inner=0.00000 shell_outer=55.54759 homogeneity=0.1395 body=0.00000 bowel=0.00000 femur=0.00000
2026-05-26 16:18:45 [INFO] Step 54/54 Loss=66.5427 mse=0.1070 v_opt=0.15272 v_mand=0.08396 ptv=0.9066 ptv_max=0.00000 global_ceil=0.00000 ring=0.00000 smooth=0.0203 laplacian=0.0761 anticollapse=0.00102 beam=0.42578 beam_ceil=0.00000 shell_inner=0.00000 shell_outer=36.63778 homogeneity=0.1291 body=0.00000 bowel=0.00000 femur=0.00000
2026-05-26 16:18:45 [INFO] Running validation at epoch 45...
2026-05-26 16:19:12 [INFO] Epoch 45 Summary: Train=84.1036 Val=0.0192 (MSE=0.0192)
          Metrics: PTV_D95=25.48Gy Bladder=29.97Gy Rectum=29.23Gy
          Metrics: Ring=33.33Gy Dmax=45.92Gy BG=32.29Gy
2026-05-26 16:19:12 [INFO] Saved best model val_loss=0.0192
2026-05-26 16:19:12 [INFO] Epoch 46/300 [RAMP 46/75 (61% of physics)] ramp=0.613 lr=9.46e-05
2026-05-26 16:19:20 [INFO] Step 5/54 Loss=92.0424 mse=0.1277 v_opt=0.13385 v_mand=0.05661 ptv=0.9305 ptv_max=0.00000 global_ceil=0.00000 ring=0.00000 smooth=0.0194 laplacian=0.0694 anticollapse=0.00134 beam=0.43381 beam_ceil=0.00000 shell_inner=0.00000 shell_outer=56.19388 homogeneity=0.1336 body=0.00000 bowel=0.00000 femur=0.00000
2026-05-26 16:19:25 [INFO] Step 10/54 Loss=66.2826 mse=0.1000 v_opt=0.19696 v_mand=0.09708 ptv=0.9548 ptv_max=0.00000 global_ceil=0.00000 ring=0.00000 smooth=0.0213 laplacian=0.0771 anticollapse=0.00153 beam=0.42575 beam_ceil=0.00000 shell_inner=0.00000 shell_outer=34.50006 homogeneity=0.1381 body=0.00000 bowel=0.00000 femur=0.00000
2026-05-26 16:19:32 [INFO] Step 15/54 Loss=107.1634 mse=0.1287 v_opt=0.14414 v_mand=0.06408 ptv=0.8561 ptv_max=0.00000 global_ceil=0.00000 ring=0.00000 smooth=0.0268 laplacian=0.1045 anticollapse=0.00068 beam=0.41591 beam_ceil=0.00000 shell_inner=0.00962 shell_outer=69.24306 homogeneity=0.1196 body=0.00000 bowel=0.00000 femur=0.00000
2026-05-26 16:19:36 [INFO] Step 20/54 Loss=87.2093 mse=0.1394 v_opt=0.11105 v_mand=0.03944 ptv=0.9444 ptv_max=0.00000 global_ceil=0.00000 ring=0.00000 smooth=0.0244 laplacian=0.0917 anticollapse=0.00142 beam=0.44142 beam_ceil=0.00000 shell_inner=0.00000 shell_outer=52.16524 homogeneity=0.1362 body=0.00000 bowel=0.00000 femur=0.00000
2026-05-26 16:19:42 [INFO] Step 25/54 Loss=53.8403 mse=0.1237 v_opt=0.00000 v_mand=0.00000 ptv=0.9736 ptv_max=0.00000 global_ceil=0.00000 ring=0.00000 smooth=0.0189 laplacian=0.0684 anticollapse=0.00181 beam=0.42189 beam_ceil=0.00000 shell_inner=0.00000 shell_outer=26.35733 homogeneity=0.1415 body=0.00000 bowel=0.00000 femur=0.00000
2026-05-26 16:19:48 [INFO] Step 30/54 Loss=59.5125 mse=0.1338 v_opt=0.10656 v_mand=0.04026 ptv=0.8752 ptv_max=0.00000 global_ceil=0.00000 ring=0.00000 smooth=0.0227 laplacian=0.0828 anticollapse=0.00083 beam=0.42078 beam_ceil=0.00000 shell_inner=0.00000 shell_outer=30.72361 homogeneity=0.1232 body=0.00000 bowel=0.00000 femur=0.00000
2026-05-26 16:19:54 [INFO] Step 35/54 Loss=83.5566 mse=0.1715 v_opt=0.09442 v_mand=0.03673 ptv=0.7505 ptv_max=0.00000 global_ceil=0.00000 ring=0.00000 smooth=0.0212 laplacian=0.0798 anticollapse=0.00016 beam=0.42011 beam_ceil=0.00000 shell_inner=0.00000 shell_outer=51.00470 homogeneity=0.1001 body=0.00000 bowel=0.00000 femur=0.00000
2026-05-26 16:19:59 [INFO] Step 40/54 Loss=85.4913 mse=0.1001 v_opt=0.28514 v_mand=0.15633 ptv=0.9724 ptv_max=0.00000 global_ceil=0.00000 ring=0.00000 smooth=0.0223 laplacian=0.0778 anticollapse=0.00177 beam=0.41833 beam_ceil=0.00000 shell_inner=0.00000 shell_outer=48.47779 homogeneity=0.1414 body=0.00000 bowel=0.00000 femur=0.00000
2026-05-26 16:20:06 [INFO] Step 45/54 Loss=52.5761 mse=0.1536 v_opt=0.05398 v_mand=0.01600 ptv=0.9445 ptv_max=0.00000 global_ceil=0.00000 ring=0.00000 smooth=0.0240 laplacian=0.0883 anticollapse=0.00150 beam=0.41928 beam_ceil=0.00000 shell_inner=0.00000 shell_outer=24.56400 homogeneity=0.1361 body=0.00000 bowel=0.00000 femur=0.00000
2026-05-26 16:20:11 [INFO] Step 50/54 Loss=77.5687 mse=0.1155 v_opt=0.12938 v_mand=0.06478 ptv=0.8835 ptv_max=0.00000 global_ceil=0.00000 ring=0.00000 smooth=0.0253 laplacian=0.0949 anticollapse=0.00093 beam=0.40106 beam_ceil=0.00000 shell_inner=0.00000 shell_outer=45.30257 homogeneity=0.1248 body=0.00000 bowel=0.00000 femur=0.00000
2026-05-26 16:20:16 [INFO] Step 54/54 Loss=8.9084 mse=0.0927 v_opt=0.00000 v_mand=0.00000 ptv=0.0000 ptv_max=0.00000 global_ceil=0.00000 ring=0.00000 smooth=0.0141 laplacian=0.0496 anticollapse=0.00000 beam=0.41938 beam_ceil=0.00000 shell_inner=0.00000 shell_outer=0.00000 homogeneity=0.0000 body=0.00000 bowel=0.00000 femur=0.00000
2026-05-26 16:20:16 [INFO] Running validation at epoch 46...
2026-05-26 16:20:43 [INFO] Epoch 46 Summary: Train=81.3238 Val=0.0182 (MSE=0.0182)
          Metrics: PTV_D95=27.25Gy Bladder=29.93Gy Rectum=29.36Gy
          Metrics: Ring=33.21Gy Dmax=49.06Gy BG=31.61Gy
2026-05-26 16:20:43 [INFO] Saved best model val_loss=0.0182
2026-05-26 16:20:43 [INFO] Epoch 47/300 [RAMP 47/75 (63% of physics)] ramp=0.627 lr=9.44e-05
2026-05-26 16:20:51 [INFO] Step 5/54 Loss=91.8852 mse=0.1443 v_opt=0.08325 v_mand=0.02455 ptv=0.9178 ptv_max=0.00000 global_ceil=0.00000 ring=0.00000 smooth=0.0238 laplacian=0.0894 anticollapse=0.00138 beam=0.41943 beam_ceil=0.00000 shell_inner=0.00000 shell_outer=55.29904 homogeneity=0.1315 body=0.00000 bowel=0.00000 femur=0.00000
2026-05-26 16:20:56 [INFO] Step 10/54 Loss=101.3988 mse=0.1500 v_opt=0.12204 v_mand=0.04754 ptv=0.9470 ptv_max=0.00000 global_ceil=0.00000 ring=0.00000 smooth=0.0264 laplacian=0.0934 anticollapse=0.00167 beam=0.42027 beam_ceil=0.00000 shell_inner=0.06744 shell_outer=61.74415 homogeneity=0.1375 body=0.00000 bowel=0.00000 femur=0.00000
2026-05-26 16:21:02 [INFO] Step 15/54 Loss=84.1485 mse=0.1281 v_opt=0.04366 v_mand=0.01167 ptv=0.9024 ptv_max=0.00000 global_ceil=0.00000 ring=0.00000 smooth=0.0205 laplacian=0.0741 anticollapse=0.00119 beam=0.41261 beam_ceil=0.00000 shell_inner=0.00000 shell_outer=50.11352 homogeneity=0.1284 body=0.00000 bowel=0.00000 femur=0.00000
2026-05-26 16:21:08 [INFO] Step 20/54 Loss=86.5052 mse=0.1560 v_opt=0.07072 v_mand=0.02748 ptv=0.9091 ptv_max=0.00000 global_ceil=0.00000 ring=0.00000 smooth=0.0236 laplacian=0.0862 anticollapse=0.00126 beam=0.41272 beam_ceil=0.00000 shell_inner=0.00000 shell_outer=50.90679 homogeneity=0.1297 body=0.00000 bowel=0.00000 femur=0.00000
2026-05-26 16:21:13 [INFO] Step 25/54 Loss=47.6656 mse=0.1353 v_opt=0.13664 v_mand=0.05903 ptv=0.7803 ptv_max=0.00000 global_ceil=0.00000 ring=0.00000 smooth=0.0199 laplacian=0.0701 anticollapse=0.00026 beam=0.41424 beam_ceil=0.00000 shell_inner=0.00000 shell_outer=20.90138 homogeneity=0.1055 body=0.00000 bowel=0.00000 femur=0.00000
2026-05-26 16:21:18 [INFO] Step 30/54 Loss=71.7580 mse=0.1615 v_opt=0.08063 v_mand=0.02219 ptv=0.7669 ptv_max=0.00000 global_ceil=0.00000 ring=0.00000 smooth=0.0209 laplacian=0.0770 anticollapse=0.00024 beam=0.41576 beam_ceil=0.00000 shell_inner=0.01201 shell_outer=40.66735 homogeneity=0.1032 body=0.00000 bowel=0.00000 femur=0.00000
2026-05-26 16:21:24 [INFO] Step 35/54 Loss=83.2820 mse=0.1061 v_opt=0.15471 v_mand=0.06354 ptv=0.8643 ptv_max=0.00000 global_ceil=0.00000 ring=0.00000 smooth=0.0222 laplacian=0.0824 anticollapse=0.00081 beam=0.40346 beam_ceil=0.00000 shell_inner=0.01562 shell_outer=48.94974 homogeneity=0.1213 body=0.00000 bowel=0.00000 femur=0.00000
2026-05-26 16:21:30 [INFO] Step 40/54 Loss=76.9715 mse=0.1028 v_opt=0.08801 v_mand=0.03146 ptv=0.9289 ptv_max=0.00000 global_ceil=0.00000 ring=0.00000 smooth=0.0216 laplacian=0.0804 anticollapse=0.00130 beam=0.44033 beam_ceil=0.00000 shell_inner=0.00000 shell_outer=43.71240 homogeneity=0.1332 body=0.00000 bowel=0.00000 femur=0.00000
2026-05-26 16:21:36 [INFO] Step 45/54 Loss=84.2156 mse=0.1410 v_opt=0.11868 v_mand=0.05006 ptv=0.9411 ptv_max=0.00000 global_ceil=0.00000 ring=0.00000 smooth=0.0179 laplacian=0.0623 anticollapse=0.00174 beam=0.41487 beam_ceil=0.00000 shell_inner=0.00000 shell_outer=48.43238 homogeneity=0.1359 body=0.00000 bowel=0.00000 femur=0.00000
2026-05-26 16:21:42 [INFO] Step 50/54 Loss=86.2990 mse=0.1224 v_opt=0.19722 v_mand=0.09275 ptv=0.8986 ptv_max=0.00000 global_ceil=0.00000 ring=0.00000 smooth=0.0225 laplacian=0.0862 anticollapse=0.00105 beam=0.39471 beam_ceil=0.00000 shell_inner=0.00000 shell_outer=50.00601 homogeneity=0.1276 body=0.00000 bowel=0.00000 femur=0.00000
2026-05-26 16:21:46 [INFO] Step 54/54 Loss=90.0727 mse=0.1085 v_opt=0.13511 v_mand=0.06281 ptv=0.9030 ptv_max=0.00000 global_ceil=0.00000 ring=0.00000 smooth=0.0234 laplacian=0.0891 anticollapse=0.00107 beam=0.38215 beam_ceil=0.00000 shell_inner=0.00000 shell_outer=54.20623 homogeneity=0.1284 body=0.00000 bowel=0.00000 femur=0.00000
2026-05-26 16:21:46 [INFO] Running validation at epoch 47...
2026-05-26 16:22:13 [INFO] Epoch 47 Summary: Train=77.7260 Val=0.0174 (MSE=0.0174)
          Metrics: PTV_D95=26.69Gy Bladder=28.50Gy Rectum=28.76Gy
          Metrics: Ring=32.03Gy Dmax=46.28Gy BG=30.94Gy
2026-05-26 16:22:13 [INFO] Saved best model val_loss=0.0174
2026-05-26 16:22:13 [INFO] Epoch 48/300 [RAMP 48/75 (64% of physics)] ramp=0.640 lr=9.41e-05
2026-05-26 16:22:20 [INFO] Step 5/54 Loss=92.6217 mse=0.1367 v_opt=0.10755 v_mand=0.04223 ptv=0.9481 ptv_max=0.00000 global_ceil=0.00000 ring=0.00000 smooth=0.0221 laplacian=0.0838 anticollapse=0.00142 beam=0.41364 beam_ceil=0.00000 shell_inner=0.00000 shell_outer=53.86855 homogeneity=0.1367 body=0.00000 bowel=0.00000 femur=0.00000
2026-05-26 16:22:26 [INFO] Step 10/54 Loss=80.3536 mse=0.1276 v_opt=0.12612 v_mand=0.04831 ptv=0.8366 ptv_max=0.00000 global_ceil=0.00000 ring=0.00000 smooth=0.0225 laplacian=0.0854 anticollapse=0.00050 beam=0.40173 beam_ceil=0.00000 shell_inner=0.00000 shell_outer=45.65332 homogeneity=0.1159 body=0.00000 bowel=0.00000 femur=0.00000
2026-05-26 16:22:32 [INFO] Step 15/54 Loss=81.3889 mse=0.1262 v_opt=0.07923 v_mand=0.02374 ptv=0.9045 ptv_max=0.00000 global_ceil=0.00000 ring=0.00000 smooth=0.0180 laplacian=0.0661 anticollapse=0.00103 beam=0.39976 beam_ceil=0.00000 shell_inner=0.00000 shell_outer=46.48661 homogeneity=0.1285 body=0.00000 bowel=0.00000 femur=0.00000
2026-05-26 16:22:38 [INFO] Step 20/54 Loss=76.4079 mse=0.1037 v_opt=0.25588 v_mand=0.14928 ptv=0.8782 ptv_max=0.00000 global_ceil=0.00000 ring=0.00000 smooth=0.0210 laplacian=0.0803 anticollapse=0.00077 beam=0.38730 beam_ceil=0.00000 shell_inner=0.00000 shell_outer=40.12999 homogeneity=0.1236 body=0.00000 bowel=0.00000 femur=0.00000
2026-05-26 16:22:43 [INFO] Step 25/54 Loss=35.6516 mse=0.1258 v_opt=0.14702 v_mand=0.08034 ptv=1.1807 ptv_max=0.00000 global_ceil=0.00000 ring=0.00000 smooth=0.0201 laplacian=0.0713 anticollapse=0.00795 beam=0.40514 beam_ceil=0.00000 shell_inner=0.00000 shell_outer=5.80831 homogeneity=0.1819 body=0.00000 bowel=0.00000 femur=0.00000
2026-05-26 16:22:50 [INFO] Step 30/54 Loss=77.0653 mse=0.1199 v_opt=0.02380 v_mand=0.00266 ptv=0.9480 ptv_max=0.00000 global_ceil=0.00000 ring=0.00000 smooth=0.0198 laplacian=0.0743 anticollapse=0.00154 beam=0.40274 beam_ceil=0.00000 shell_inner=0.00000 shell_outer=43.26762 homogeneity=0.1368 body=0.00000 bowel=0.00000 femur=0.00000
2026-05-26 16:22:54 [INFO] Step 35/54 Loss=55.9581 mse=0.1411 v_opt=0.30710 v_mand=0.17877 ptv=0.8911 ptv_max=0.00000 global_ceil=0.00000 ring=0.00000 smooth=0.0219 laplacian=0.0819 anticollapse=0.00078 beam=0.40641 beam_ceil=0.00000 shell_inner=0.00000 shell_outer=22.25883 homogeneity=0.1259 body=0.00000 bowel=0.00000 femur=0.00000
2026-05-26 16:23:00 [INFO] Step 40/54 Loss=30.0031 mse=0.1034 v_opt=0.00000 v_mand=0.00000 ptv=1.0355 ptv_max=0.00000 global_ceil=0.00000 ring=0.00000 smooth=0.0138 laplacian=0.0487 anticollapse=0.00321 beam=0.40645 beam_ceil=0.00000 shell_inner=0.00000 shell_outer=5.90306 homogeneity=0.1534 body=0.00000 bowel=0.00000 femur=0.00000
2026-05-26 16:23:05 [INFO] Step 45/54 Loss=67.8519 mse=0.1090 v_opt=0.12480 v_mand=0.04651 ptv=0.8843 ptv_max=0.00000 global_ceil=0.00000 ring=0.00000 smooth=0.0189 laplacian=0.0692 anticollapse=0.00087 beam=0.39781 beam_ceil=0.00000 shell_inner=0.00000 shell_outer=35.86743 homogeneity=0.1248 body=0.00000 bowel=0.00000 femur=0.00000
2026-05-26 16:23:12 [INFO] Step 50/54 Loss=86.7199 mse=0.1674 v_opt=0.08776 v_mand=0.03820 ptv=0.6986 ptv_max=0.00000 global_ceil=0.00000 ring=0.00000 smooth=0.0228 laplacian=0.0848 anticollapse=0.00005 beam=0.40551 beam_ceil=0.00000 shell_inner=0.00356 shell_outer=51.53929 homogeneity=0.0906 body=0.00000 bowel=0.00000 femur=0.00000
2026-05-26 16:23:16 [INFO] Step 54/54 Loss=77.5874 mse=0.1115 v_opt=0.13025 v_mand=0.06774 ptv=0.9084 ptv_max=0.00000 global_ceil=0.00000 ring=0.00000 smooth=0.0225 laplacian=0.0827 anticollapse=0.00109 beam=0.37922 beam_ceil=0.00000 shell_inner=0.00000 shell_outer=42.81951 homogeneity=0.1294 body=0.00000 bowel=0.00000 femur=0.00000
2026-05-26 16:23:16 [INFO] Running validation at epoch 48...
2026-05-26 16:23:43 [INFO] Epoch 48 Summary: Train=67.6020 Val=0.0168 (MSE=0.0168)
          Metrics: PTV_D95=28.49Gy Bladder=29.41Gy Rectum=28.42Gy
          Metrics: Ring=32.84Gy Dmax=48.52Gy BG=30.56Gy
2026-05-26 16:23:43 [INFO] Saved best model val_loss=0.0168
2026-05-26 16:23:43 [INFO] Epoch 49/300 [RAMP 49/75 (65% of physics)] ramp=0.653 lr=9.39e-05
2026-05-26 16:23:51 [INFO] Step 5/54 Loss=69.7707 mse=0.1182 v_opt=0.10400 v_mand=0.04643 ptv=0.8624 ptv_max=0.00000 global_ceil=0.00000 ring=0.00000 smooth=0.0214 laplacian=0.0821 anticollapse=0.00083 beam=0.39101 beam_ceil=0.00000 shell_inner=0.00241 shell_outer=36.41933 homogeneity=0.1209 body=0.00000 bowel=0.00000 femur=0.00000
2026-05-26 16:23:56 [INFO] Step 10/54 Loss=80.1101 mse=0.1056 v_opt=0.05470 v_mand=0.01267 ptv=0.9049 ptv_max=0.00000 global_ceil=0.00000 ring=0.00000 smooth=0.0160 laplacian=0.0582 anticollapse=0.00127 beam=0.39332 beam_ceil=0.00000 shell_inner=0.00075 shell_outer=45.03155 homogeneity=0.1289 body=0.00000 bowel=0.00000 femur=0.00000
2026-05-26 16:24:02 [INFO] Step 15/54 Loss=77.5712 mse=0.1521 v_opt=0.08419 v_mand=0.02363 ptv=0.6026 ptv_max=0.00000 global_ceil=0.00000 ring=0.00000 smooth=0.0194 laplacian=0.0718 anticollapse=0.00000 beam=0.40508 beam_ceil=0.00000 shell_inner=3.48270 shell_outer=41.42303 homogeneity=0.0735 body=0.00000 bowel=0.00000 femur=0.00000
2026-05-26 16:24:07 [INFO] Step 20/54 Loss=47.1554 mse=0.1312 v_opt=0.06498 v_mand=0.01399 ptv=0.8698 ptv_max=0.00000 global_ceil=0.00000 ring=0.00000 smooth=0.0212 laplacian=0.0780 anticollapse=0.00087 beam=0.40228 beam_ceil=0.00000 shell_inner=0.00000 shell_outer=19.50618 homogeneity=0.1223 body=0.00000 bowel=0.00000 femur=0.00000
2026-05-26 16:24:12 [INFO] Step 25/54 Loss=46.7276 mse=0.0926 v_opt=0.18163 v_mand=0.08287 ptv=0.9309 ptv_max=0.00000 global_ceil=0.00000 ring=0.00000 smooth=0.0154 laplacian=0.0570 anticollapse=0.00144 beam=0.40812 beam_ceil=0.00000 shell_inner=0.00000 shell_outer=17.38927 homogeneity=0.1336 body=0.00000 bowel=0.00000 femur=0.00000
2026-05-26 16:24:19 [INFO] Step 30/54 Loss=73.2782 mse=0.1075 v_opt=0.10630 v_mand=0.04640 ptv=0.8080 ptv_max=0.00000 global_ceil=0.00000 ring=0.00000 smooth=0.0203 laplacian=0.0769 anticollapse=0.00046 beam=0.39447 beam_ceil=0.00000 shell_inner=0.55989 shell_outer=39.30535 homogeneity=0.1108 body=0.00000 bowel=0.00000 femur=0.00000
2026-05-26 16:24:24 [INFO] Step 35/54 Loss=86.2897 mse=0.0941 v_opt=0.13978 v_mand=0.05876 ptv=0.9585 ptv_max=0.00000 global_ceil=0.00000 ring=0.00000 smooth=0.0198 laplacian=0.0750 anticollapse=0.00170 beam=0.38138 beam_ceil=0.00000 shell_inner=0.00000 shell_outer=48.26510 homogeneity=0.1388 body=0.00000 bowel=0.00000 femur=0.00000
2026-05-26 16:24:31 [INFO] Step 40/54 Loss=66.1119 mse=0.1547 v_opt=0.14034 v_mand=0.06258 ptv=0.9776 ptv_max=0.00000 global_ceil=0.00000 ring=0.00000 smooth=0.0195 laplacian=0.0719 anticollapse=0.00201 beam=0.39274 beam_ceil=0.00000 shell_inner=0.00000 shell_outer=31.21396 homogeneity=0.1424 body=0.00000 bowel=0.00000 femur=0.00000
2026-05-26 16:24:36 [INFO] Step 45/54 Loss=80.5633 mse=0.1301 v_opt=0.04484 v_mand=0.00998 ptv=0.9295 ptv_max=0.00000 global_ceil=0.00000 ring=0.00000 smooth=0.0183 laplacian=0.0683 anticollapse=0.00136 beam=0.38824 beam_ceil=0.00000 shell_inner=0.00000 shell_outer=44.76617 homogeneity=0.1333 body=0.00000 bowel=0.00000 femur=0.00000
2026-05-26 16:24:42 [INFO] Step 50/54 Loss=43.2515 mse=0.0893 v_opt=0.05391 v_mand=0.01639 ptv=0.8768 ptv_max=0.00000 global_ceil=0.00000 ring=0.00000 smooth=0.0124 laplacian=0.0447 anticollapse=0.00084 beam=0.40305 beam_ceil=0.00000 shell_inner=0.00000 shell_outer=17.28244 homogeneity=0.1234 body=0.00000 bowel=0.00000 femur=0.00000
2026-05-26 16:24:46 [INFO] Step 54/54 Loss=94.8129 mse=0.1234 v_opt=0.16668 v_mand=0.07755 ptv=0.9781 ptv_max=0.00000 global_ceil=0.00000 ring=0.00000 smooth=0.0167 laplacian=0.0607 anticollapse=0.00202 beam=0.39191 beam_ceil=0.00000 shell_inner=0.00000 shell_outer=53.40952 homogeneity=0.1425 body=0.00000 bowel=0.00000 femur=0.00000
2026-05-26 16:24:47 [INFO] Running validation at epoch 49...
2026-05-26 16:25:13 [INFO] Epoch 49 Summary: Train=65.7479 Val=0.0163 (MSE=0.0163)
          Metrics: PTV_D95=28.29Gy Bladder=29.01Gy Rectum=29.02Gy
          Metrics: Ring=32.31Gy Dmax=47.94Gy BG=30.15Gy
2026-05-26 16:25:13 [INFO] Saved best model val_loss=0.0163
2026-05-26 16:25:13 [INFO] Epoch 50/300 [RAMP 50/75 (67% of physics)] ramp=0.667 lr=9.36e-05
2026-05-26 16:25:19 [INFO] Step 5/54 Loss=70.3190 mse=0.1344 v_opt=0.08313 v_mand=0.02308 ptv=0.8375 ptv_max=0.00000 global_ceil=0.00000 ring=0.00000 smooth=0.0171 laplacian=0.0636 anticollapse=0.00058 beam=0.38629 beam_ceil=0.00000 shell_inner=0.05326 shell_outer=36.44204 homogeneity=0.1162 body=0.00000 bowel=0.00000 femur=0.00000
2026-05-26 16:25:25 [INFO] Step 10/54 Loss=59.4599 mse=0.1053 v_opt=0.10948 v_mand=0.04183 ptv=0.8180 ptv_max=0.00000 global_ceil=0.00000 ring=0.00000 smooth=0.0199 laplacian=0.0751 anticollapse=0.00048 beam=0.36389 beam_ceil=0.00000 shell_inner=0.00000 shell_outer=28.85942 homogeneity=0.1126 body=0.00000 bowel=0.00000 femur=0.00000
2026-05-26 16:25:31 [INFO] Step 15/54 Loss=88.4521 mse=0.1163 v_opt=0.06985 v_mand=0.01770 ptv=0.8718 ptv_max=0.00000 global_ceil=0.00000 ring=0.00000 smooth=0.0196 laplacian=0.0738 anticollapse=0.00083 beam=0.38220 beam_ceil=0.00000 shell_inner=0.00000 shell_outer=50.23389 homogeneity=0.1226 body=0.00000 bowel=0.00000 femur=0.00000
2026-05-26 16:25:37 [INFO] Step 20/54 Loss=58.5456 mse=0.0810 v_opt=0.14814 v_mand=0.06030 ptv=0.7578 ptv_max=0.00000 global_ceil=0.00000 ring=0.00000 smooth=0.0222 laplacian=0.0848 anticollapse=0.00028 beam=0.34664 beam_ceil=0.00000 shell_inner=0.56844 shell_outer=28.38023 homogeneity=0.1017 body=0.00000 bowel=0.00000 femur=0.00000
2026-05-26 16:25:43 [INFO] Step 25/54 Loss=56.4693 mse=0.0886 v_opt=0.00000 v_mand=0.00000 ptv=0.9639 ptv_max=0.00000 global_ceil=0.00000 ring=0.00000 smooth=0.0174 laplacian=0.0585 anticollapse=0.00163 beam=0.38125 beam_ceil=0.00000 shell_inner=0.00000 shell_outer=26.32564 homogeneity=0.1395 body=0.00000 bowel=0.00000 femur=0.00000
2026-05-26 16:25:49 [INFO] Step 30/54 Loss=58.2614 mse=0.0843 v_opt=0.01434 v_mand=0.00032 ptv=0.8164 ptv_max=0.00000 global_ceil=0.00000 ring=0.00000 smooth=0.0135 laplacian=0.0491 anticollapse=0.00062 beam=0.38468 beam_ceil=0.00000 shell_inner=0.01726 shell_outer=29.27996 homogeneity=0.1126 body=0.00000 bowel=0.00000 femur=0.00000
2026-05-26 16:25:54 [INFO] Step 35/54 Loss=68.0645 mse=0.1078 v_opt=0.05413 v_mand=0.01438 ptv=0.7731 ptv_max=0.00000 global_ceil=0.00000 ring=0.00000 smooth=0.0189 laplacian=0.0707 anticollapse=0.00034 beam=0.37588 beam_ceil=0.00000 shell_inner=0.29551 shell_outer=36.04076 homogeneity=0.1045 body=0.00000 bowel=0.00000 femur=0.00000
2026-05-26 16:26:01 [INFO] Step 40/54 Loss=16.3499 mse=0.0868 v_opt=0.31148 v_mand=0.20986 ptv=0.0000 ptv_max=0.00000 global_ceil=0.00000 ring=0.00000 smooth=0.0123 laplacian=0.0420 anticollapse=0.00000 beam=0.39729 beam_ceil=0.00000 shell_inner=0.00000 shell_outer=0.00000 homogeneity=0.0000 body=0.00000 bowel=0.00000 femur=0.00000
2026-05-26 16:26:06 [INFO] Step 45/54 Loss=76.5811 mse=0.0976 v_opt=0.04588 v_mand=0.01217 ptv=0.8614 ptv_max=0.00000 global_ceil=0.00000 ring=0.00000 smooth=0.0184 laplacian=0.0634 anticollapse=0.00083 beam=0.37558 beam_ceil=0.00000 shell_inner=0.00000 shell_outer=42.06006 homogeneity=0.1207 body=0.00000 bowel=0.00000 femur=0.00000
2026-05-26 16:26:12 [INFO] Step 50/54 Loss=58.1049 mse=0.0844 v_opt=0.04759 v_mand=0.01008 ptv=0.8661 ptv_max=0.00000 global_ceil=0.00000 ring=0.00000 smooth=0.0185 laplacian=0.0697 anticollapse=0.00080 beam=0.36981 beam_ceil=0.00000 shell_inner=0.00000 shell_outer=28.51220 homogeneity=0.1215 body=0.00000 bowel=0.00000 femur=0.00000
2026-05-26 16:26:16 [INFO] Step 54/54 Loss=57.0764 mse=0.0963 v_opt=0.11404 v_mand=0.04274 ptv=0.8599 ptv_max=0.00000 global_ceil=0.00000 ring=0.00000 smooth=0.0190 laplacian=0.0685 anticollapse=0.00080 beam=0.37312 beam_ceil=0.00000 shell_inner=0.00000 shell_outer=26.65706 homogeneity=0.1206 body=0.00000 bowel=0.00000 femur=0.00000
2026-05-26 16:26:17 [INFO] Running validation at epoch 50...
2026-05-26 16:26:44 [INFO] Epoch 50 Summary: Train=60.4706 Val=0.0156 (MSE=0.0156)
          Metrics: PTV_D95=29.07Gy Bladder=28.02Gy Rectum=29.16Gy
          Metrics: Ring=32.17Gy Dmax=49.65Gy BG=29.54Gy
2026-05-26 16:26:44 [INFO] Saved best model val_loss=0.0156
2026-05-26 16:26:44 [INFO] Epoch 51/300 [RAMP 51/75 (68% of physics)] ramp=0.680 lr=9.34e-05
2026-05-26 16:26:51 [INFO] Step 5/54 Loss=62.8829 mse=0.0804 v_opt=0.09237 v_mand=0.03059 ptv=0.8994 ptv_max=0.00000 global_ceil=0.00000 ring=0.00000 smooth=0.0177 laplacian=0.0672 anticollapse=0.00102 beam=0.37654 beam_ceil=0.00000 shell_inner=0.00000 shell_outer=30.28207 homogeneity=0.1277 body=0.00000 bowel=0.00000 femur=0.00000
2026-05-26 16:26:56 [INFO] Step 10/54 Loss=58.0480 mse=0.1171 v_opt=0.09415 v_mand=0.03094 ptv=0.9360 ptv_max=0.00000 global_ceil=0.00000 ring=0.00000 smooth=0.0189 laplacian=0.0689 anticollapse=0.00147 beam=0.36430 beam_ceil=0.00000 shell_inner=0.00000 shell_outer=25.77645 homogeneity=0.1346 body=0.00000 bowel=0.00000 femur=0.00000
2026-05-26 16:27:03 [INFO] Step 15/54 Loss=55.2673 mse=0.0952 v_opt=0.07697 v_mand=0.02401 ptv=0.8369 ptv_max=0.00000 global_ceil=0.00000 ring=0.00000 smooth=0.0184 laplacian=0.0680 anticollapse=0.00064 beam=0.35219 beam_ceil=0.00000 shell_inner=0.00133 shell_outer=25.55916 homogeneity=0.1162 body=0.00000 bowel=0.00000 femur=0.00000
2026-05-26 16:27:08 [INFO] Step 20/54 Loss=78.1653 mse=0.0896 v_opt=0.15978 v_mand=0.06809 ptv=0.8555 ptv_max=0.00000 global_ceil=0.00000 ring=0.00000 smooth=0.0180 laplacian=0.0673 anticollapse=0.00062 beam=0.36887 beam_ceil=0.00000 shell_inner=0.00185 shell_outer=40.92126 homogeneity=0.1195 body=0.00000 bowel=0.00000 femur=0.00000
2026-05-26 16:27:14 [INFO] Step 25/54 Loss=62.2135 mse=0.0954 v_opt=0.04174 v_mand=0.01088 ptv=0.8113 ptv_max=0.00000 global_ceil=0.00000 ring=0.00000 smooth=0.0178 laplacian=0.0655 anticollapse=0.00050 beam=0.35514 beam_ceil=0.00000 shell_inner=0.00000 shell_outer=31.27106 homogeneity=0.1115 body=0.00000 bowel=0.00000 femur=0.00000
2026-05-26 16:27:19 [INFO] Step 30/54 Loss=43.7198 mse=0.1318 v_opt=0.05623 v_mand=0.01880 ptv=0.8811 ptv_max=0.00000 global_ceil=0.00000 ring=0.00000 smooth=0.0167 laplacian=0.0572 anticollapse=0.00126 beam=0.38779 beam_ceil=0.00000 shell_inner=0.00000 shell_outer=15.62634 homogeneity=0.1247 body=0.00000 bowel=0.00000 femur=0.00000
2026-05-26 16:27:25 [INFO] Step 35/54 Loss=59.5712 mse=0.0944 v_opt=0.04484 v_mand=0.01247 ptv=0.8910 ptv_max=0.00000 global_ceil=0.00000 ring=0.00000 smooth=0.0176 laplacian=0.0658 anticollapse=0.00101 beam=0.37118 beam_ceil=0.00000 shell_inner=0.00000 shell_outer=28.24452 homogeneity=0.1263 body=0.00000 bowel=0.00000 femur=0.00000
2026-05-26 16:27:31 [INFO] Step 40/54 Loss=51.2951 mse=0.1074 v_opt=0.05173 v_mand=0.01418 ptv=0.7758 ptv_max=0.00000 global_ceil=0.00000 ring=0.00000 smooth=0.0179 laplacian=0.0686 anticollapse=0.00032 beam=0.36240 beam_ceil=0.00000 shell_inner=0.06820 shell_outer=23.14169 homogeneity=0.1049 body=0.00000 bowel=0.00000 femur=0.00000
2026-05-26 16:27:37 [INFO] Step 45/54 Loss=43.5751 mse=0.1149 v_opt=0.03737 v_mand=0.00828 ptv=0.5226 ptv_max=0.00000 global_ceil=0.00000 ring=0.00000 smooth=0.0143 laplacian=0.0515 anticollapse=0.00000 beam=0.38826 beam_ceil=0.00000 shell_inner=1.08119 shell_outer=18.80044 homogeneity=0.0596 body=0.00000 bowel=0.00000 femur=0.00000
2026-05-26 16:27:42 [INFO] Step 50/54 Loss=31.9370 mse=0.0650 v_opt=0.08159 v_mand=0.02403 ptv=0.8993 ptv_max=0.00000 global_ceil=0.00000 ring=0.00000 smooth=0.0079 laplacian=0.0274 anticollapse=0.00107 beam=0.38731 beam_ceil=0.00000 shell_inner=0.00000 shell_outer=7.95145 homogeneity=0.1277 body=0.00000 bowel=0.00000 femur=0.00000
2026-05-26 16:27:47 [INFO] Step 54/54 Loss=55.4854 mse=0.1032 v_opt=0.03443 v_mand=0.00729 ptv=0.8451 ptv_max=0.00000 global_ceil=0.00000 ring=0.00000 smooth=0.0155 laplacian=0.0566 anticollapse=0.00068 beam=0.38402 beam_ceil=0.00000 shell_inner=0.00000 shell_outer=25.58086 homogeneity=0.1177 body=0.00000 bowel=0.00000 femur=0.00000
2026-05-26 16:27:48 [INFO] Running validation at epoch 51...
2026-05-26 16:28:14 [INFO] Epoch 51 Summary: Train=57.2315 Val=0.0149 (MSE=0.0149)
          Metrics: PTV_D95=29.53Gy Bladder=27.91Gy Rectum=28.59Gy
          Metrics: Ring=31.81Gy Dmax=51.34Gy BG=28.95Gy
2026-05-26 16:28:14 [INFO] Saved best model val_loss=0.0149
2026-05-26 16:28:14 [INFO] Epoch 52/300 [RAMP 52/75 (69% of physics)] ramp=0.693 lr=9.31e-05
2026-05-26 16:28:22 [INFO] Step 5/54 Loss=72.4341 mse=0.1331 v_opt=0.14001 v_mand=0.05546 ptv=0.5415 ptv_max=0.00000 global_ceil=0.00000 ring=0.00000 smooth=0.0177 laplacian=0.0641 anticollapse=0.00000 beam=0.34845 beam_ceil=0.00000 shell_inner=2.09675 shell_outer=36.68409 homogeneity=0.0628 body=0.00000 bowel=0.00000 femur=0.00000
2026-05-26 16:28:27 [INFO] Step 10/54 Loss=54.4144 mse=0.1066 v_opt=0.08072 v_mand=0.02923 ptv=0.8783 ptv_max=0.00000 global_ceil=0.00000 ring=0.00000 smooth=0.0187 laplacian=0.0667 anticollapse=0.00102 beam=0.35967 beam_ceil=0.00000 shell_inner=0.00000 shell_outer=23.31138 homogeneity=0.1240 body=0.00000 bowel=0.00000 femur=0.00000
2026-05-26 16:28:33 [INFO] Step 15/54 Loss=55.0396 mse=0.0959 v_opt=0.02290 v_mand=0.00263 ptv=0.8906 ptv_max=0.00000 global_ceil=0.00000 ring=0.00000 smooth=0.0163 laplacian=0.0583 anticollapse=0.00121 beam=0.38089 beam_ceil=0.00000 shell_inner=0.00000 shell_outer=24.29485 homogeneity=0.1263 body=0.00000 bowel=0.00000 femur=0.00000
2026-05-26 16:28:39 [INFO] Step 20/54 Loss=52.8982 mse=0.1115 v_opt=0.03205 v_mand=0.00432 ptv=0.8356 ptv_max=0.00000 global_ceil=0.00000 ring=0.00000 smooth=0.0152 laplacian=0.0535 anticollapse=0.00069 beam=0.37894 beam_ceil=0.00000 shell_inner=0.00000 shell_outer=23.05841 homogeneity=0.1161 body=0.00000 bowel=0.00000 femur=0.00000
2026-05-26 16:28:45 [INFO] Step 25/54 Loss=59.2232 mse=0.0847 v_opt=0.17773 v_mand=0.08015 ptv=0.8502 ptv_max=0.00000 global_ceil=0.00000 ring=0.00000 smooth=0.0176 laplacian=0.0609 anticollapse=0.00064 beam=0.35265 beam_ceil=0.00000 shell_inner=0.00000 shell_outer=26.22985 homogeneity=0.1185 body=0.00000 bowel=0.00000 femur=0.00000
2026-05-26 16:28:51 [INFO] Step 30/54 Loss=88.0570 mse=0.0997 v_opt=0.01786 v_mand=0.00113 ptv=0.8770 ptv_max=0.00000 global_ceil=0.00000 ring=0.00000 smooth=0.0180 laplacian=0.0648 anticollapse=0.00109 beam=0.35946 beam_ceil=0.00000 shell_inner=0.14293 shell_outer=48.33673 homogeneity=0.1238 body=0.00000 bowel=0.00000 femur=0.00000
2026-05-26 16:28:57 [INFO] Step 35/54 Loss=53.9026 mse=0.0968 v_opt=0.03598 v_mand=0.00804 ptv=0.7822 ptv_max=0.00000 global_ceil=0.00000 ring=0.00000 smooth=0.0170 laplacian=0.0636 anticollapse=0.00044 beam=0.35441 beam_ceil=0.00000 shell_inner=0.10515 shell_outer=24.69270 homogeneity=0.1063 body=0.00000 bowel=0.00000 femur=0.00000
2026-05-26 16:29:02 [INFO] Step 40/54 Loss=56.8877 mse=0.0883 v_opt=0.04022 v_mand=0.01011 ptv=0.8515 ptv_max=0.00000 global_ceil=0.00000 ring=0.00000 smooth=0.0169 laplacian=0.0626 anticollapse=0.00076 beam=0.35300 beam_ceil=0.00000 shell_inner=0.25888 shell_outer=26.07689 homogeneity=0.1189 body=0.00000 bowel=0.00000 femur=0.00000
2026-05-26 16:29:08 [INFO] Step 45/54 Loss=50.6791 mse=0.1264 v_opt=0.09071 v_mand=0.03067 ptv=0.6137 ptv_max=0.00000 global_ceil=0.00000 ring=0.00000 smooth=0.0141 laplacian=0.0504 anticollapse=0.00000 beam=0.37082 beam_ceil=0.00000 shell_inner=0.00000 shell_outer=22.91064 homogeneity=0.0754 body=0.00000 bowel=0.00000 femur=0.00000
2026-05-26 16:29:13 [INFO] Step 50/54 Loss=44.2356 mse=0.0799 v_opt=0.02954 v_mand=0.00330 ptv=0.8930 ptv_max=0.00000 global_ceil=0.00000 ring=0.00000 smooth=0.0131 laplacian=0.0457 anticollapse=0.00120 beam=0.32194 beam_ceil=0.00000 shell_inner=0.01364 shell_outer=17.50040 homogeneity=0.1267 body=0.00000 bowel=0.00000 femur=0.00000
2026-05-26 16:29:17 [INFO] Step 54/54 Loss=45.0596 mse=0.0978 v_opt=0.03650 v_mand=0.00280 ptv=0.8805 ptv_max=0.00000 global_ceil=0.00000 ring=0.00000 smooth=0.0168 laplacian=0.0620 anticollapse=0.00102 beam=0.34194 beam_ceil=0.00000 shell_inner=0.00169 shell_outer=17.64171 homogeneity=0.1243 body=0.00000 bowel=0.00000 femur=0.00000
2026-05-26 16:29:18 [INFO] Running validation at epoch 52...
2026-05-26 16:29:49 [INFO] Epoch 52 Summary: Train=52.1719 Val=0.0143 (MSE=0.0143)
          Metrics: PTV_D95=30.12Gy Bladder=27.45Gy Rectum=29.13Gy
          Metrics: Ring=32.19Gy Dmax=51.91Gy BG=28.48Gy
2026-05-26 16:29:49 [INFO] Saved best model val_loss=0.0143
2026-05-26 16:29:49 [INFO] Epoch 53/300 [RAMP 53/75 (71% of physics)] ramp=0.707 lr=9.28e-05
2026-05-26 16:29:57 [INFO] Step 5/54 Loss=44.8689 mse=0.0857 v_opt=0.06214 v_mand=0.01388 ptv=0.7655 ptv_max=0.00000 global_ceil=0.00000 ring=0.00000 smooth=0.0142 laplacian=0.0509 anticollapse=0.00028 beam=0.34838 beam_ceil=0.00000 shell_inner=0.00332 shell_outer=18.02191 homogeneity=0.1030 body=0.00000 bowel=0.00000 femur=0.00000
2026-05-26 16:30:05 [INFO] Step 10/54 Loss=78.5052 mse=0.1132 v_opt=0.02264 v_mand=0.00086 ptv=0.8876 ptv_max=0.00000 global_ceil=0.00000 ring=0.00000 smooth=0.0144 laplacian=0.0518 anticollapse=0.00100 beam=0.36569 beam_ceil=0.00000 shell_inner=0.00000 shell_outer=40.17774 homogeneity=0.1255 body=0.00000 bowel=0.00000 femur=0.00000
2026-05-26 16:30:11 [INFO] Step 15/54 Loss=33.8014 mse=0.0891 v_opt=0.03073 v_mand=0.00333 ptv=0.7254 ptv_max=0.00000 global_ceil=0.00000 ring=0.00000 smooth=0.0138 laplacian=0.0489 anticollapse=0.00023 beam=0.36844 beam_ceil=0.00000 shell_inner=0.12738 shell_outer=10.46839 homogeneity=0.0959 body=0.00000 bowel=0.00000 femur=0.00000
2026-05-26 16:30:16 [INFO] Step 20/54 Loss=46.4302 mse=0.0944 v_opt=0.02532 v_mand=0.00227 ptv=0.7877 ptv_max=0.00000 global_ceil=0.00000 ring=0.00000 smooth=0.0144 laplacian=0.0511 anticollapse=0.00042 beam=0.35195 beam_ceil=0.00000 shell_inner=0.07900 shell_outer=18.93891 homogeneity=0.1073 body=0.00000 bowel=0.00000 femur=0.00000
2026-05-26 16:30:23 [INFO] Step 25/54 Loss=41.4593 mse=0.0981 v_opt=0.03527 v_mand=0.00492 ptv=0.7730 ptv_max=0.00000 global_ceil=0.00000 ring=0.00000 smooth=0.0157 laplacian=0.0589 anticollapse=0.00054 beam=0.35017 beam_ceil=0.00000 shell_inner=0.77400 shell_outer=14.71910 homogeneity=0.1051 body=0.00000 bowel=0.00000 femur=0.00000
2026-05-26 16:30:28 [INFO] Step 30/54 Loss=49.2121 mse=0.0797 v_opt=0.07532 v_mand=0.02892 ptv=0.7941 ptv_max=0.00000 global_ceil=0.00000 ring=0.00000 smooth=0.0134 laplacian=0.0449 anticollapse=0.00052 beam=0.36353 beam_ceil=0.00000 shell_inner=0.02484 shell_outer=20.30154 homogeneity=0.1085 body=0.00000 bowel=0.00000 femur=0.00000
2026-05-26 16:30:34 [INFO] Step 35/54 Loss=56.4851 mse=0.0802 v_opt=0.04893 v_mand=0.01469 ptv=0.7887 ptv_max=0.00000 global_ceil=0.00000 ring=0.00000 smooth=0.0162 laplacian=0.0530 anticollapse=0.00050 beam=0.36599 beam_ceil=0.00000 shell_inner=0.00000 shell_outer=25.84904 homogeneity=0.1076 body=0.00000 bowel=0.00000 femur=0.00000
2026-05-26 16:30:39 [INFO] Step 40/54 Loss=34.9841 mse=0.1096 v_opt=0.00268 v_mand=0.00000 ptv=0.6115 ptv_max=0.00000 global_ceil=0.00000 ring=0.00000 smooth=0.0132 laplacian=0.0466 anticollapse=0.00001 beam=0.37304 beam_ceil=0.00000 shell_inner=0.00205 shell_outer=12.30999 homogeneity=0.0751 body=0.00000 bowel=0.00000 femur=0.00000
2026-05-26 16:30:45 [INFO] Step 45/54 Loss=39.8458 mse=0.0995 v_opt=0.05616 v_mand=0.01876 ptv=0.7905 ptv_max=0.00000 global_ceil=0.00000 ring=0.00000 smooth=0.0158 laplacian=0.0590 anticollapse=0.00048 beam=0.33621 beam_ceil=0.00000 shell_inner=0.06201 shell_outer=13.90500 homogeneity=0.1078 body=0.00000 bowel=0.00000 femur=0.00000
2026-05-26 16:30:51 [INFO] Step 50/54 Loss=56.4826 mse=0.0917 v_opt=0.05560 v_mand=0.01837 ptv=0.7043 ptv_max=0.00000 global_ceil=0.00000 ring=0.00000 smooth=0.0128 laplacian=0.0432 anticollapse=0.00015 beam=0.36355 beam_ceil=0.00000 shell_inner=0.80171 shell_outer=25.69380 homogeneity=0.0920 body=0.00000 bowel=0.00000 femur=0.00000
2026-05-26 16:30:56 [INFO] Step 54/54 Loss=53.8164 mse=0.0744 v_opt=0.01839 v_mand=0.00127 ptv=0.8732 ptv_max=0.00000 global_ceil=0.00000 ring=0.00000 smooth=0.0115 laplacian=0.0401 anticollapse=0.00135 beam=0.36324 beam_ceil=0.00000 shell_inner=0.21181 shell_outer=23.35158 homogeneity=0.1235 body=0.00000 bowel=0.00000 femur=0.00000
2026-05-26 16:30:56 [INFO] Running validation at epoch 53...
2026-05-26 16:31:23 [INFO] Epoch 53 Summary: Train=45.5576 Val=0.0135 (MSE=0.0135)
          Metrics: PTV_D95=30.13Gy Bladder=27.22Gy Rectum=27.95Gy
          Metrics: Ring=31.64Gy Dmax=54.09Gy BG=27.74Gy
2026-05-26 16:31:23 [INFO] Saved best model val_loss=0.0135
2026-05-26 16:31:23 [INFO] Epoch 54/300 [RAMP 54/75 (72% of physics)] ramp=0.720 lr=9.26e-05
2026-05-26 16:31:30 [INFO] Step 5/54 Loss=55.8640 mse=0.0991 v_opt=0.00154 v_mand=0.00000 ptv=0.8299 ptv_max=0.00000 global_ceil=0.00000 ring=0.00000 smooth=0.0143 laplacian=0.0525 anticollapse=0.00082 beam=0.36438 beam_ceil=0.00000 shell_inner=0.00000 shell_outer=24.36571 homogeneity=0.1152 body=0.00000 bowel=0.00000 femur=0.00000
2026-05-26 16:31:35 [INFO] Step 10/54 Loss=49.7451 mse=0.1232 v_opt=0.00001 v_mand=0.00000 ptv=0.8746 ptv_max=0.00000 global_ceil=0.00000 ring=0.00000 smooth=0.0149 laplacian=0.0514 anticollapse=0.00115 beam=0.36803 beam_ceil=0.00000 shell_inner=0.00000 shell_outer=19.17093 homogeneity=0.1236 body=0.00000 bowel=0.00000 femur=0.00000
2026-05-26 16:31:42 [INFO] Step 15/54 Loss=35.4016 mse=0.0802 v_opt=0.08223 v_mand=0.03172 ptv=0.7533 ptv_max=0.00000 global_ceil=0.00000 ring=0.00000 smooth=0.0134 laplacian=0.0481 anticollapse=0.00031 beam=0.35276 beam_ceil=0.00000 shell_inner=0.03658 shell_outer=10.55606 homogeneity=0.1010 body=0.00000 bowel=0.00000 femur=0.00000
2026-05-26 16:31:47 [INFO] Step 20/54 Loss=39.1637 mse=0.1058 v_opt=0.00405 v_mand=0.00000 ptv=0.7677 ptv_max=0.00000 global_ceil=0.00000 ring=0.00000 smooth=0.0148 laplacian=0.0543 anticollapse=0.00049 beam=0.33459 beam_ceil=0.00000 shell_inner=0.19534 shell_outer=13.48046 homogeneity=0.1040 body=0.00000 bowel=0.00000 femur=0.00000
2026-05-26 16:31:54 [INFO] Step 25/54 Loss=8.0595 mse=0.0564 v_opt=0.00000 v_mand=0.00000 ptv=0.0000 ptv_max=0.00000 global_ceil=0.00000 ring=0.00000 smooth=0.0078 laplacian=0.0256 anticollapse=0.00000 beam=0.36397 beam_ceil=0.00000 shell_inner=0.00000 shell_outer=0.00000 homogeneity=0.0000 body=0.00000 bowel=0.00000 femur=0.00000
2026-05-26 16:31:59 [INFO] Step 30/54 Loss=37.7973 mse=0.0751 v_opt=0.04648 v_mand=0.01336 ptv=0.8330 ptv_max=0.00000 global_ceil=0.00000 ring=0.00000 smooth=0.0133 laplacian=0.0483 anticollapse=0.00062 beam=0.33049 beam_ceil=0.00000 shell_inner=0.00000 shell_outer=12.28081 homogeneity=0.1154 body=0.00000 bowel=0.00000 femur=0.00000
2026-05-26 16:32:05 [INFO] Step 35/54 Loss=35.0025 mse=0.1176 v_opt=0.04010 v_mand=0.00476 ptv=0.7576 ptv_max=0.00000 global_ceil=0.00000 ring=0.00000 smooth=0.0135 laplacian=0.0498 anticollapse=0.00025 beam=0.34719 beam_ceil=0.00000 shell_inner=0.02538 shell_outer=10.38656 homogeneity=0.1016 body=0.00000 bowel=0.00000 femur=0.00000
2026-05-26 16:32:10 [INFO] Step 40/54 Loss=58.9498 mse=0.0960 v_opt=0.01025 v_mand=0.00000 ptv=0.7427 ptv_max=0.00000 global_ceil=0.00000 ring=0.00000 smooth=0.0118 laplacian=0.0398 anticollapse=0.00027 beam=0.35445 beam_ceil=0.00000 shell_inner=0.09531 shell_outer=27.55274 homogeneity=0.0990 body=0.00000 bowel=0.00000 femur=0.00000
2026-05-26 16:32:17 [INFO] Step 45/54 Loss=25.5880 mse=0.0654 v_opt=0.13898 v_mand=0.05563 ptv=0.6950 ptv_max=0.00000 global_ceil=0.00000 ring=0.00000 smooth=0.0131 laplacian=0.0469 anticollapse=0.00012 beam=0.31247 beam_ceil=0.00000 shell_inner=0.15689 shell_outer=4.34318 homogeneity=0.0902 body=0.00000 bowel=0.00000 femur=0.00000
2026-05-26 16:32:22 [INFO] Step 50/54 Loss=43.7484 mse=0.0601 v_opt=0.06493 v_mand=0.01991 ptv=0.7860 ptv_max=0.00000 global_ceil=0.00000 ring=0.00000 smooth=0.0094 laplacian=0.0325 anticollapse=0.00037 beam=0.34971 beam_ceil=0.00000 shell_inner=0.00000 shell_outer=16.79271 homogeneity=0.1068 body=0.00000 bowel=0.00000 femur=0.00000
2026-05-26 16:32:27 [INFO] Step 54/54 Loss=24.0062 mse=0.0837 v_opt=0.01788 v_mand=0.00114 ptv=0.8007 ptv_max=0.00000 global_ceil=0.00000 ring=0.00000 smooth=0.0113 laplacian=0.0390 anticollapse=0.00050 beam=0.35546 beam_ceil=0.00000 shell_inner=0.00218 shell_outer=2.93665 homogeneity=0.1096 body=0.00000 bowel=0.00000 femur=0.00000
2026-05-26 16:32:27 [INFO] Running validation at epoch 54...
2026-05-26 16:32:55 [INFO] Epoch 54 Summary: Train=37.2119 Val=0.0129 (MSE=0.0129)
          Metrics: PTV_D95=29.10Gy Bladder=26.99Gy Rectum=26.68Gy
          Metrics: Ring=30.34Gy Dmax=48.96Gy BG=27.09Gy
2026-05-26 16:32:55 [INFO] Saved best model val_loss=0.0129
2026-05-26 16:32:55 [INFO] Epoch 55/300 [RAMP 55/75 (73% of physics)] ramp=0.733 lr=9.23e-05
2026-05-26 16:33:02 [INFO] Step 5/54 Loss=23.2538 mse=0.0898 v_opt=0.02618 v_mand=0.00382 ptv=0.7829 ptv_max=0.00000 global_ceil=0.00000 ring=0.00000 smooth=0.0138 laplacian=0.0499 anticollapse=0.00051 beam=0.31691 beam_ceil=0.00000 shell_inner=0.48615 shell_outer=2.11393 homogeneity=0.1066 body=0.00000 bowel=0.00000 femur=0.00000
2026-05-26 16:33:07 [INFO] Step 10/54 Loss=9.0213 mse=0.0907 v_opt=0.00000 v_mand=0.00000 ptv=0.0000 ptv_max=0.00000 global_ceil=0.00000 ring=0.00000 smooth=0.0102 laplacian=0.0337 anticollapse=0.00000 beam=0.36119 beam_ceil=0.00000 shell_inner=0.00000 shell_outer=0.00000 homogeneity=0.0000 body=0.00000 bowel=0.00000 femur=0.00000
2026-05-26 16:33:13 [INFO] Step 15/54 Loss=30.1781 mse=0.0663 v_opt=0.09207 v_mand=0.03020 ptv=0.9257 ptv_max=0.00000 global_ceil=0.00000 ring=0.00000 smooth=0.0095 laplacian=0.0333 anticollapse=0.00155 beam=0.36120 beam_ceil=0.00000 shell_inner=0.00000 shell_outer=4.94467 homogeneity=0.1328 body=0.00000 bowel=0.00000 femur=0.00000
2026-05-26 16:33:19 [INFO] Step 20/54 Loss=23.0040 mse=0.0829 v_opt=0.04001 v_mand=0.00997 ptv=0.7708 ptv_max=0.00000 global_ceil=0.00000 ring=0.00000 smooth=0.0114 laplacian=0.0394 anticollapse=0.00035 beam=0.31816 beam_ceil=0.00000 shell_inner=0.16288 shell_outer=2.36871 homogeneity=0.1041 body=0.00000 bowel=0.00000 femur=0.00000
2026-05-26 16:33:24 [INFO] Step 25/54 Loss=8.6485 mse=0.0784 v_opt=0.00000 v_mand=0.00000 ptv=0.0000 ptv_max=0.00000 global_ceil=0.00000 ring=0.00000 smooth=0.0112 laplacian=0.0339 anticollapse=0.00000 beam=0.35766 beam_ceil=0.00000 shell_inner=0.00000 shell_outer=0.00000 homogeneity=0.0000 body=0.00000 bowel=0.00000 femur=0.00000
2026-05-26 16:33:29 [INFO] Step 30/54 Loss=51.0726 mse=0.0777 v_opt=0.00890 v_mand=0.00000 ptv=1.0808 ptv_max=0.00000 global_ceil=0.00000 ring=0.00000 smooth=0.0111 laplacian=0.0344 anticollapse=0.00433 beam=0.35043 beam_ceil=0.00000 shell_inner=0.00000 shell_outer=18.13482 homogeneity=0.1634 body=0.00000 bowel=0.00000 femur=0.00000
2026-05-26 16:33:35 [INFO] Step 35/54 Loss=37.4985 mse=0.0783 v_opt=0.00489 v_mand=0.00000 ptv=0.8410 ptv_max=0.00000 global_ceil=0.00000 ring=0.00000 smooth=0.0127 laplacian=0.0406 anticollapse=0.00073 beam=0.35023 beam_ceil=0.00000 shell_inner=0.00000 shell_outer=11.62538 homogeneity=0.1169 body=0.00000 bowel=0.00000 femur=0.00000
2026-05-26 16:33:41 [INFO] Step 40/54 Loss=51.9891 mse=0.0797 v_opt=0.00335 v_mand=0.00000 ptv=1.0149 ptv_max=0.00000 global_ceil=0.00000 ring=0.00000 smooth=0.0110 laplacian=0.0382 anticollapse=0.00294 beam=0.35276 beam_ceil=0.00000 shell_inner=0.00000 shell_outer=19.49931 homogeneity=0.1495 body=0.00000 bowel=0.00000 femur=0.00000
2026-05-26 16:33:47 [INFO] Step 45/54 Loss=34.8073 mse=0.0869 v_opt=0.01089 v_mand=0.00002 ptv=0.8045 ptv_max=0.00000 global_ceil=0.00000 ring=0.00000 smooth=0.0133 laplacian=0.0483 anticollapse=0.00048 beam=0.33007 beam_ceil=0.00000 shell_inner=0.01084 shell_outer=10.25206 homogeneity=0.1102 body=0.00000 bowel=0.00000 femur=0.00000
2026-05-26 16:33:52 [INFO] Step 50/54 Loss=41.6116 mse=0.0707 v_opt=0.00859 v_mand=0.00000 ptv=0.7876 ptv_max=0.00000 global_ceil=0.00000 ring=0.00000 smooth=0.0098 laplacian=0.0344 anticollapse=0.00041 beam=0.34917 beam_ceil=0.00000 shell_inner=0.05888 shell_outer=15.09796 homogeneity=0.1072 body=0.00000 bowel=0.00000 femur=0.00000
2026-05-26 16:33:57 [INFO] Step 54/54 Loss=30.5841 mse=0.1258 v_opt=0.00345 v_mand=0.00000 ptv=0.5237 ptv_max=0.00000 global_ceil=0.00000 ring=0.00000 smooth=0.0127 laplacian=0.0442 anticollapse=0.00000 beam=0.33733 beam_ceil=0.00000 shell_inner=0.30742 shell_outer=9.23812 homogeneity=0.0598 body=0.00000 bowel=0.00000 femur=0.00000
2026-05-26 16:33:57 [INFO] Running validation at epoch 55...
2026-05-26 16:34:24 [INFO] Epoch 55 Summary: Train=30.3171 Val=0.0121 (MSE=0.0121)
          Metrics: PTV_D95=29.83Gy Bladder=26.78Gy Rectum=27.22Gy
          Metrics: Ring=30.86Gy Dmax=50.77Gy BG=26.34Gy
2026-05-26 16:34:24 [INFO] Saved best model val_loss=0.0121
2026-05-26 16:34:24 [INFO] Epoch 56/300 [RAMP 56/75 (75% of physics)] ramp=0.747 lr=9.20e-05
2026-05-26 16:34:31 [INFO] Step 5/54 Loss=21.4705 mse=0.0767 v_opt=0.02156 v_mand=0.00219 ptv=0.7404 ptv_max=0.00000 global_ceil=0.00000 ring=0.00000 smooth=0.0125 laplacian=0.0455 anticollapse=0.00033 beam=0.30014 beam_ceil=0.00000 shell_inner=0.75125 shell_outer=1.33318 homogeneity=0.0989 body=0.00000 bowel=0.00000 femur=0.00000
2026-05-26 16:34:36 [INFO] Step 10/54 Loss=20.7933 mse=0.0862 v_opt=0.05012 v_mand=0.01534 ptv=0.7591 ptv_max=0.00000 global_ceil=0.00000 ring=0.00000 smooth=0.0122 laplacian=0.0432 anticollapse=0.00040 beam=0.29486 beam_ceil=0.00000 shell_inner=0.07024 shell_outer=0.91971 homogeneity=0.1023 body=0.00000 bowel=0.00000 femur=0.00000
2026-05-26 16:34:42 [INFO] Step 15/54 Loss=29.8580 mse=0.1060 v_opt=0.00689 v_mand=0.00000 ptv=0.4982 ptv_max=0.00000 global_ceil=0.00000 ring=0.00000 smooth=0.0120 laplacian=0.0404 anticollapse=0.00000 beam=0.34686 beam_ceil=0.00000 shell_inner=1.52904 shell_outer=7.66976 homogeneity=0.0557 body=0.00000 bowel=0.00000 femur=0.00000
2026-05-26 16:34:48 [INFO] Step 20/54 Loss=23.0967 mse=0.1054 v_opt=0.00003 v_mand=0.00000 ptv=0.6102 ptv_max=0.00000 global_ceil=0.00000 ring=0.00000 smooth=0.0111 laplacian=0.0384 anticollapse=0.00001 beam=0.34378 beam_ceil=0.00000 shell_inner=0.00000 shell_outer=3.60251 homogeneity=0.0749 body=0.00000 bowel=0.00000 femur=0.00000
2026-05-26 16:34:55 [INFO] Step 25/54 Loss=26.2888 mse=0.0757 v_opt=0.00700 v_mand=0.00000 ptv=0.9047 ptv_max=0.00000 global_ceil=0.00000 ring=0.00000 smooth=0.0117 laplacian=0.0423 anticollapse=0.00140 beam=0.31228 beam_ceil=0.00000 shell_inner=0.00000 shell_outer=3.49011 homogeneity=0.1290 body=0.00000 bowel=0.00000 femur=0.00000
2026-05-26 16:34:59 [INFO] Step 30/54 Loss=20.3927 mse=0.0706 v_opt=0.01967 v_mand=0.00146 ptv=0.7050 ptv_max=0.00000 global_ceil=0.00000 ring=0.00000 smooth=0.0096 laplacian=0.0337 anticollapse=0.00023 beam=0.32931 beam_ceil=0.00000 shell_inner=0.26352 shell_outer=1.25853 homogeneity=0.0924 body=0.00000 bowel=0.00000 femur=0.00000
2026-05-26 16:35:06 [INFO] Step 35/54 Loss=42.4213 mse=0.0758 v_opt=0.01962 v_mand=0.00161 ptv=0.8637 ptv_max=0.00000 global_ceil=0.00000 ring=0.00000 smooth=0.0099 laplacian=0.0345 anticollapse=0.00112 beam=0.33748 beam_ceil=0.00000 shell_inner=0.00000 shell_outer=14.38266 homogeneity=0.1216 body=0.00000 bowel=0.00000 femur=0.00000
2026-05-26 16:35:11 [INFO] Step 40/54 Loss=29.9443 mse=0.0516 v_opt=0.00000 v_mand=0.00000 ptv=1.2394 ptv_max=0.00000 global_ceil=0.00000 ring=0.00000 smooth=0.0074 laplacian=0.0224 anticollapse=0.01130 beam=0.34439 beam_ceil=0.00000 shell_inner=0.00000 shell_outer=1.79411 homogeneity=0.1925 body=0.00000 bowel=0.00000 femur=0.00000
2026-05-26 16:35:17 [INFO] Step 45/54 Loss=65.3421 mse=0.0759 v_opt=0.02276 v_mand=0.00228 ptv=0.9181 ptv_max=0.00000 global_ceil=0.00000 ring=0.00000 smooth=0.0095 laplacian=0.0352 anticollapse=0.00132 beam=0.31701 beam_ceil=0.00000 shell_inner=0.00000 shell_outer=29.39815 homogeneity=0.1311 body=0.00000 bowel=0.00000 femur=0.00000
2026-05-26 16:35:22 [INFO] Step 50/54 Loss=20.5365 mse=0.0837 v_opt=0.02455 v_mand=0.00321 ptv=0.7327 ptv_max=0.00000 global_ceil=0.00000 ring=0.00000 smooth=0.0099 laplacian=0.0357 anticollapse=0.00039 beam=0.30033 beam_ceil=0.00000 shell_inner=0.32267 shell_outer=1.08647 homogeneity=0.0976 body=0.00000 bowel=0.00000 femur=0.00000
2026-05-26 16:35:27 [INFO] Step 54/54 Loss=41.4368 mse=0.0808 v_opt=0.01242 v_mand=0.00013 ptv=0.7499 ptv_max=0.00000 global_ceil=0.00000 ring=0.00000 smooth=0.0100 laplacian=0.0351 anticollapse=0.00032 beam=0.31235 beam_ceil=0.00000 shell_inner=0.10138 shell_outer=15.12747 homogeneity=0.1004 body=0.00000 bowel=0.00000 femur=0.00000
2026-05-26 16:35:27 [INFO] Running validation at epoch 56...
2026-05-26 16:35:54 [INFO] Epoch 56 Summary: Train=26.4628 Val=0.0115 (MSE=0.0115)
          Metrics: PTV_D95=30.71Gy Bladder=25.97Gy Rectum=28.67Gy
          Metrics: Ring=31.15Gy Dmax=52.15Gy BG=25.80Gy
2026-05-26 16:35:54 [INFO] Saved best model val_loss=0.0115
2026-05-26 16:35:54 [INFO] Epoch 57/300 [RAMP 57/75 (76% of physics)] ramp=0.760 lr=9.17e-05
2026-05-26 16:36:02 [INFO] Step 5/54 Loss=26.7081 mse=0.0686 v_opt=0.00000 v_mand=0.00000 ptv=0.9138 ptv_max=0.00000 global_ceil=0.00000 ring=0.00000 smooth=0.0111 laplacian=0.0366 anticollapse=0.00148 beam=0.28888 beam_ceil=0.00000 shell_inner=0.00000 shell_outer=3.80873 homogeneity=0.1308 body=0.00000 bowel=0.00000 femur=0.00000
2026-05-26 16:36:07 [INFO] Step 10/54 Loss=35.6141 mse=0.0782 v_opt=0.00000 v_mand=0.00000 ptv=0.8145 ptv_max=0.00000 global_ceil=0.00000 ring=0.00000 smooth=0.0090 laplacian=0.0310 anticollapse=0.00070 beam=0.31343 beam_ceil=0.00000 shell_inner=0.00976 shell_outer=10.28821 homogeneity=0.1124 body=0.00000 bowel=0.00000 femur=0.00000
2026-05-26 16:36:14 [INFO] Step 15/54 Loss=21.8298 mse=0.1342 v_opt=0.00000 v_mand=0.00000 ptv=0.7364 ptv_max=0.00000 global_ceil=0.00000 ring=0.00000 smooth=0.0106 laplacian=0.0378 anticollapse=0.00035 beam=0.31473 beam_ceil=0.00000 shell_inner=0.52217 shell_outer=0.57622 homogeneity=0.0981 body=0.00000 bowel=0.00000 femur=0.00000
2026-05-26 16:36:19 [INFO] Step 20/54 Loss=35.9594 mse=0.0839 v_opt=0.00000 v_mand=0.00000 ptv=1.3975 ptv_max=0.00000 global_ceil=0.00000 ring=0.00000 smooth=0.0086 laplacian=0.0280 anticollapse=0.01908 beam=0.33830 beam_ceil=0.00000 shell_inner=0.00000 shell_outer=2.69476 homogeneity=0.2245 body=0.00000 bowel=0.00000 femur=0.00000
2026-05-26 16:36:25 [INFO] Step 25/54 Loss=21.3913 mse=0.0857 v_opt=0.01600 v_mand=0.00070 ptv=0.7515 ptv_max=0.00000 global_ceil=0.00000 ring=0.00000 smooth=0.0097 laplacian=0.0332 anticollapse=0.00036 beam=0.32093 beam_ceil=0.00000 shell_inner=0.59238 shell_outer=0.76286 homogeneity=0.1009 body=0.00000 bowel=0.00000 femur=0.00000
2026-05-26 16:36:30 [INFO] Step 30/54 Loss=18.5646 mse=0.0549 v_opt=0.00238 v_mand=0.00000 ptv=0.7273 ptv_max=0.00000 global_ceil=0.00000 ring=0.00000 smooth=0.0086 laplacian=0.0281 anticollapse=0.00026 beam=0.33924 beam_ceil=0.00000 shell_inner=0.00000 shell_outer=0.07366 homogeneity=0.0964 body=0.00000 bowel=0.00000 femur=0.00000
2026-05-26 16:36:36 [INFO] Step 35/54 Loss=18.1603 mse=0.0765 v_opt=0.01397 v_mand=0.00033 ptv=0.6734 ptv_max=0.00000 global_ceil=0.00000 ring=0.00000 smooth=0.0097 laplacian=0.0345 anticollapse=0.00010 beam=0.27657 beam_ceil=0.00000 shell_inner=0.19436 shell_outer=0.56854 homogeneity=0.0865 body=0.00000 bowel=0.00000 femur=0.00000
2026-05-26 16:36:41 [INFO] Step 40/54 Loss=16.1978 mse=0.0824 v_opt=0.02950 v_mand=0.00515 ptv=0.5195 ptv_max=0.00000 global_ceil=0.00000 ring=0.00000 smooth=0.0084 laplacian=0.0283 anticollapse=0.00000 beam=0.33008 beam_ceil=0.00000 shell_inner=0.10422 shell_outer=0.05575 homogeneity=0.0591 body=0.00000 bowel=0.00000 femur=0.00000
2026-05-26 16:36:47 [INFO] Step 45/54 Loss=18.0718 mse=0.0882 v_opt=0.00011 v_mand=0.00000 ptv=0.6375 ptv_max=0.00000 global_ceil=0.00000 ring=0.00000 smooth=0.0095 laplacian=0.0324 anticollapse=0.00009 beam=0.31571 beam_ceil=0.00000 shell_inner=0.34183 shell_outer=0.07329 homogeneity=0.0802 body=0.00000 bowel=0.00000 femur=0.00000
2026-05-26 16:36:53 [INFO] Step 50/54 Loss=18.0712 mse=0.0482 v_opt=0.06372 v_mand=0.01960 ptv=0.5921 ptv_max=0.00000 global_ceil=0.00000 ring=0.00000 smooth=0.0094 laplacian=0.0320 anticollapse=0.00002 beam=0.27323 beam_ceil=0.00000 shell_inner=1.19562 shell_outer=0.32637 homogeneity=0.0719 body=0.00000 bowel=0.00000 femur=0.00000
2026-05-26 16:36:58 [INFO] Step 54/54 Loss=22.0120 mse=0.0452 v_opt=0.02110 v_mand=0.00001 ptv=0.6351 ptv_max=0.00000 global_ceil=0.00000 ring=0.00000 smooth=0.0077 laplacian=0.0262 anticollapse=0.00007 beam=0.35318 beam_ceil=0.00000 shell_inner=0.05607 shell_outer=3.21258 homogeneity=0.0797 body=0.00000 bowel=0.00000 femur=0.00000
2026-05-26 16:36:58 [INFO] Running validation at epoch 57...
2026-05-26 16:37:25 [INFO] Epoch 57 Summary: Train=22.3709 Val=0.0109 (MSE=0.0109)
          Metrics: PTV_D95=31.64Gy Bladder=26.84Gy Rectum=27.36Gy
          Metrics: Ring=31.04Gy Dmax=54.75Gy BG=25.21Gy
2026-05-26 16:37:25 [INFO] Saved best model val_loss=0.0109
2026-05-26 16:37:25 [INFO] Epoch 58/300 [RAMP 58/75 (77% of physics)] ramp=0.773 lr=9.14e-05
2026-05-26 16:37:32 [INFO] Step 5/54 Loss=18.9182 mse=0.0674 v_opt=0.00022 v_mand=0.00000 ptv=0.8031 ptv_max=0.00000 global_ceil=0.00000 ring=0.00000 smooth=0.0092 laplacian=0.0314 anticollapse=0.00050 beam=0.24982 beam_ceil=0.00000 shell_inner=0.00000 shell_outer=0.22490 homogeneity=0.1101 body=0.00000 bowel=0.00000 femur=0.00000
2026-05-26 16:37:37 [INFO] Step 10/54 Loss=27.9217 mse=0.0711 v_opt=0.04147 v_mand=0.01074 ptv=0.6671 ptv_max=0.00000 global_ceil=0.00000 ring=0.00000 smooth=0.0075 laplacian=0.0253 anticollapse=0.00013 beam=0.31710 beam_ceil=0.00000 shell_inner=0.08489 shell_outer=6.18206 homogeneity=0.0856 body=0.00000 bowel=0.00000 femur=0.00000
2026-05-26 16:37:42 [INFO] Step 15/54 Loss=18.1512 mse=0.0875 v_opt=0.00066 v_mand=0.00000 ptv=0.6227 ptv_max=0.00000 global_ceil=0.00000 ring=0.00000 smooth=0.0089 laplacian=0.0298 anticollapse=0.00007 beam=0.31744 beam_ceil=0.00000 shell_inner=0.35396 shell_outer=0.07997 homogeneity=0.0776 body=0.00000 bowel=0.00000 femur=0.00000
2026-05-26 16:37:48 [INFO] Step 20/54 Loss=19.0246 mse=0.0488 v_opt=0.00000 v_mand=0.00000 ptv=0.7362 ptv_max=0.00000 global_ceil=0.00000 ring=0.00000 smooth=0.0082 laplacian=0.0284 anticollapse=0.00021 beam=0.33049 beam_ceil=0.00000 shell_inner=0.00000 shell_outer=0.30316 homogeneity=0.0977 body=0.00000 bowel=0.00000 femur=0.00000
2026-05-26 16:37:54 [INFO] Step 25/54 Loss=33.1258 mse=0.0469 v_opt=0.08083 v_mand=0.03070 ptv=0.6169 ptv_max=0.00000 global_ceil=0.00000 ring=0.00000 smooth=0.0083 laplacian=0.0276 anticollapse=0.00005 beam=0.29797 beam_ceil=0.00000 shell_inner=0.02780 shell_outer=10.20768 homogeneity=0.0765 body=0.00000 bowel=0.00000 femur=0.00000
2026-05-26 16:38:00 [INFO] Step 30/54 Loss=17.6708 mse=0.0671 v_opt=0.01466 v_mand=0.00045 ptv=0.6357 ptv_max=0.00000 global_ceil=0.00000 ring=0.00000 smooth=0.0093 laplacian=0.0307 anticollapse=0.00007 beam=0.30431 beam_ceil=0.00000 shell_inner=0.43300 shell_outer=0.02495 homogeneity=0.0798 body=0.00000 bowel=0.00000 femur=0.00000
2026-05-26 16:38:06 [INFO] Step 35/54 Loss=19.2571 mse=0.0766 v_opt=0.00558 v_mand=0.00000 ptv=0.7377 ptv_max=0.00000 global_ceil=0.00000 ring=0.00000 smooth=0.0080 laplacian=0.0274 anticollapse=0.00031 beam=0.29980 beam_ceil=0.00000 shell_inner=0.01194 shell_outer=0.34374 homogeneity=0.0983 body=0.00000 bowel=0.00000 femur=0.00000
2026-05-26 16:38:11 [INFO] Step 40/54 Loss=20.2013 mse=0.0800 v_opt=0.00899 v_mand=0.00000 ptv=0.7935 ptv_max=0.00000 global_ceil=0.00000 ring=0.00000 smooth=0.0089 laplacian=0.0302 anticollapse=0.00059 beam=0.32303 beam_ceil=0.00000 shell_inner=0.00000 shell_outer=0.01679 homogeneity=0.1086 body=0.00000 bowel=0.00000 femur=0.00000
2026-05-26 16:38:18 [INFO] Step 45/54 Loss=38.0124 mse=0.0741 v_opt=0.06657 v_mand=0.02497 ptv=0.6253 ptv_max=0.00000 global_ceil=0.00000 ring=0.00000 smooth=0.0079 laplacian=0.0252 anticollapse=0.00005 beam=0.31906 beam_ceil=0.00000 shell_inner=0.07399 shell_outer=12.69669 homogeneity=0.0779 body=0.00000 bowel=0.00000 femur=0.00000
2026-05-26 16:38:23 [INFO] Step 50/54 Loss=17.9908 mse=0.0680 v_opt=0.01547 v_mand=0.00059 ptv=0.6670 ptv_max=0.00000 global_ceil=0.00000 ring=0.00000 smooth=0.0105 laplacian=0.0340 anticollapse=0.00011 beam=0.31062 beam_ceil=0.00000 shell_inner=0.21522 shell_outer=0.02302 homogeneity=0.0854 body=0.00000 bowel=0.00000 femur=0.00000
2026-05-26 16:38:27 [INFO] Step 54/54 Loss=17.4062 mse=0.0800 v_opt=0.00000 v_mand=0.00000 ptv=0.6477 ptv_max=0.00000 global_ceil=0.00000 ring=0.00000 smooth=0.0098 laplacian=0.0347 anticollapse=0.00009 beam=0.28242 beam_ceil=0.00000 shell_inner=0.13713 shell_outer=0.10575 homogeneity=0.0821 body=0.00000 bowel=0.00000 femur=0.00000
2026-05-26 16:38:28 [INFO] Running validation at epoch 58...
2026-05-26 16:38:54 [INFO] Epoch 58 Summary: Train=24.1081 Val=0.0105 (MSE=0.0105)
          Metrics: PTV_D95=29.19Gy Bladder=22.68Gy Rectum=25.28Gy
          Metrics: Ring=28.36Gy Dmax=49.39Gy BG=24.67Gy
2026-05-26 16:38:54 [INFO] Saved best model val_loss=0.0105
2026-05-26 16:38:54 [INFO] Epoch 59/300 [RAMP 59/75 (79% of physics)] ramp=0.787 lr=9.11e-05
2026-05-26 16:39:02 [INFO] Step 5/54 Loss=20.3391 mse=0.1009 v_opt=0.00000 v_mand=0.00000 ptv=0.7257 ptv_max=0.00000 global_ceil=0.00000 ring=0.00000 smooth=0.0091 laplacian=0.0311 anticollapse=0.00031 beam=0.32472 beam_ceil=0.00000 shell_inner=0.01441 shell_outer=0.25740 homogeneity=0.0963 body=0.00000 bowel=0.00000 femur=0.00000
2026-05-26 16:39:07 [INFO] Step 10/54 Loss=19.4574 mse=0.1007 v_opt=0.00000 v_mand=0.00000 ptv=0.6128 ptv_max=0.00000 global_ceil=0.00000 ring=0.00000 smooth=0.0092 laplacian=0.0313 anticollapse=0.00005 beam=0.31976 beam_ceil=0.00000 shell_inner=0.27747 shell_outer=0.67482 homogeneity=0.0757 body=0.00000 bowel=0.00000 femur=0.00000
2026-05-26 16:39:14 [INFO] Step 15/54 Loss=25.3645 mse=0.0590 v_opt=0.02026 v_mand=0.00020 ptv=0.7745 ptv_max=0.00000 global_ceil=0.00000 ring=0.00000 smooth=0.0097 laplacian=0.0313 anticollapse=0.00037 beam=0.28938 beam_ceil=0.00000 shell_inner=0.00000 shell_outer=4.05120 homogeneity=0.1047 body=0.00000 bowel=0.00000 femur=0.00000
2026-05-26 16:39:19 [INFO] Step 20/54 Loss=20.1358 mse=0.0832 v_opt=0.03124 v_mand=0.00589 ptv=0.5497 ptv_max=0.00000 global_ceil=0.00000 ring=0.00000 smooth=0.0070 laplacian=0.0239 anticollapse=0.00001 beam=0.31617 beam_ceil=0.00000 shell_inner=1.68086 shell_outer=0.51055 homogeneity=0.0646 body=0.00000 bowel=0.00000 femur=0.00000
2026-05-26 16:39:25 [INFO] Step 25/54 Loss=36.2269 mse=0.0763 v_opt=0.00000 v_mand=0.00000 ptv=0.8184 ptv_max=0.00000 global_ceil=0.00000 ring=0.00000 smooth=0.0085 laplacian=0.0301 anticollapse=0.00080 beam=0.29724 beam_ceil=0.00000 shell_inner=0.00379 shell_outer=10.11803 homogeneity=0.1133 body=0.00000 bowel=0.00000 femur=0.00000
2026-05-26 16:39:31 [INFO] Step 30/54 Loss=18.5315 mse=0.0971 v_opt=0.00000 v_mand=0.00000 ptv=0.7396 ptv_max=0.00000 global_ceil=0.00000 ring=0.00000 smooth=0.0100 laplacian=0.0312 anticollapse=0.00039 beam=0.23484 beam_ceil=0.00000 shell_inner=0.03729 shell_outer=0.11236 homogeneity=0.0994 body=0.00000 bowel=0.00000 femur=0.00000
2026-05-26 16:39:37 [INFO] Step 35/54 Loss=19.5820 mse=0.0939 v_opt=0.00000 v_mand=0.00000 ptv=0.7166 ptv_max=0.00000 global_ceil=0.00000 ring=0.00000 smooth=0.0093 laplacian=0.0307 anticollapse=0.00035 beam=0.32377 beam_ceil=0.00000 shell_inner=0.00000 shell_outer=0.00377 homogeneity=0.0948 body=0.00000 bowel=0.00000 femur=0.00000
2026-05-26 16:39:42 [INFO] Step 40/54 Loss=21.4516 mse=0.0820 v_opt=0.02105 v_mand=0.00203 ptv=0.7339 ptv_max=0.00000 global_ceil=0.00000 ring=0.00000 smooth=0.0077 laplacian=0.0260 anticollapse=0.00025 beam=0.32273 beam_ceil=0.00000 shell_inner=0.00000 shell_outer=1.17295 homogeneity=0.0974 body=0.00000 bowel=0.00000 femur=0.00000
2026-05-26 16:39:48 [INFO] Step 45/54 Loss=24.2079 mse=0.0431 v_opt=0.01406 v_mand=0.00035 ptv=0.6696 ptv_max=0.00000 global_ceil=0.00000 ring=0.00000 smooth=0.0058 laplacian=0.0190 anticollapse=0.00016 beam=0.31333 beam_ceil=0.00000 shell_inner=0.00561 shell_outer=4.38144 homogeneity=0.0860 body=0.00000 bowel=0.00000 femur=0.00000
2026-05-26 16:39:53 [INFO] Step 50/54 Loss=16.9013 mse=0.0563 v_opt=0.00000 v_mand=0.00000 ptv=0.5936 ptv_max=0.00000 global_ceil=0.00000 ring=0.00000 smooth=0.0093 laplacian=0.0325 anticollapse=0.00004 beam=0.23278 beam_ceil=0.00000 shell_inner=0.98606 shell_outer=0.32419 homogeneity=0.0724 body=0.00000 bowel=0.00000 femur=0.00000
2026-05-26 16:39:58 [INFO] Step 54/54 Loss=17.5710 mse=0.0718 v_opt=0.00005 v_mand=0.00000 ptv=0.6373 ptv_max=0.00000 global_ceil=0.00000 ring=0.00000 smooth=0.0077 laplacian=0.0250 anticollapse=0.00013 beam=0.28396 beam_ceil=0.00000 shell_inner=0.30049 shell_outer=0.11288 homogeneity=0.0805 body=0.00000 bowel=0.00000 femur=0.00000
2026-05-26 16:39:58 [INFO] Running validation at epoch 59...
2026-05-26 16:40:25 [INFO] Epoch 59 Summary: Train=20.8495 Val=0.0100 (MSE=0.0100)
          Metrics: PTV_D95=31.67Gy Bladder=25.51Gy Rectum=26.05Gy
          Metrics: Ring=30.13Gy Dmax=51.03Gy BG=24.28Gy
2026-05-26 16:40:25 [INFO] Saved best model val_loss=0.0100
2026-05-26 16:40:25 [INFO] Epoch 60/300 [RAMP 60/75 (80% of physics)] ramp=0.800 lr=9.08e-05
2026-05-26 16:40:32 [INFO] Step 5/54 Loss=16.2802 mse=0.0548 v_opt=0.00176 v_mand=0.00000 ptv=0.5892 ptv_max=0.00000 global_ceil=0.00000 ring=0.00000 smooth=0.0084 laplacian=0.0292 anticollapse=0.00003 beam=0.26207 beam_ceil=0.00000 shell_inner=0.45889 shell_outer=0.01032 homogeneity=0.0716 body=0.00000 bowel=0.00000 femur=0.00000
2026-05-26 16:40:37 [INFO] Step 10/54 Loss=27.8656 mse=0.0393 v_opt=0.31766 v_mand=0.20570 ptv=0.7111 ptv_max=0.00000 global_ceil=0.00000 ring=0.00000 smooth=0.0054 laplacian=0.0162 anticollapse=0.00014 beam=0.32061 beam_ceil=0.00000 shell_inner=0.00000 shell_outer=0.55018 homogeneity=0.0931 body=0.00000 bowel=0.00000 femur=0.00000
2026-05-26 16:40:44 [INFO] Step 15/54 Loss=22.3898 mse=0.0575 v_opt=0.00000 v_mand=0.00000 ptv=0.7944 ptv_max=0.00000 global_ceil=0.00000 ring=0.00000 smooth=0.0080 laplacian=0.0276 anticollapse=0.00056 beam=0.28233 beam_ceil=0.00000 shell_inner=0.00000 shell_outer=1.86316 homogeneity=0.1086 body=0.00000 bowel=0.00000 femur=0.00000
2026-05-26 16:40:49 [INFO] Step 20/54 Loss=45.1074 mse=0.0888 v_opt=0.00000 v_mand=0.00000 ptv=0.8927 ptv_max=0.00000 global_ceil=0.00000 ring=0.00000 smooth=0.0086 laplacian=0.0297 anticollapse=0.00183 beam=0.27917 beam_ceil=0.00000 shell_inner=0.19260 shell_outer=14.29714 homogeneity=0.1276 body=0.00000 bowel=0.00000 femur=0.00000
2026-05-26 16:40:55 [INFO] Step 25/54 Loss=21.5507 mse=0.0958 v_opt=0.00000 v_mand=0.00000 ptv=0.7369 ptv_max=0.00000 global_ceil=0.00000 ring=0.00000 smooth=0.0089 laplacian=0.0297 anticollapse=0.00058 beam=0.31331 beam_ceil=0.00000 shell_inner=0.05845 shell_outer=0.86378 homogeneity=0.0990 body=0.00000 bowel=0.00000 femur=0.00000
2026-05-26 16:41:01 [INFO] Step 30/54 Loss=18.7875 mse=0.0821 v_opt=0.00000 v_mand=0.00000 ptv=0.6693 ptv_max=0.00000 global_ceil=0.00000 ring=0.00000 smooth=0.0088 laplacian=0.0267 anticollapse=0.00024 beam=0.31667 beam_ceil=0.00000 shell_inner=0.05726 shell_outer=0.03057 homogeneity=0.0869 body=0.00000 bowel=0.00000 femur=0.00000
2026-05-26 16:41:08 [INFO] Step 35/54 Loss=16.2952 mse=0.0592 v_opt=0.03022 v_mand=0.00540 ptv=0.5942 ptv_max=0.00000 global_ceil=0.00000 ring=0.00000 smooth=0.0075 laplacian=0.0254 anticollapse=0.00004 beam=0.22131 beam_ceil=0.00000 shell_inner=0.19482 shell_outer=0.51860 homogeneity=0.0725 body=0.00000 bowel=0.00000 femur=0.00000
2026-05-26 16:41:12 [INFO] Step 40/54 Loss=34.5272 mse=0.0964 v_opt=0.03593 v_mand=0.00561 ptv=0.4570 ptv_max=0.00000 global_ceil=0.00000 ring=0.00000 smooth=0.0078 laplacian=0.0240 anticollapse=0.00000 beam=0.29056 beam_ceil=0.00000 shell_inner=1.94831 shell_outer=10.09427 homogeneity=0.0487 body=0.00000 bowel=0.00000 femur=0.00000
2026-05-26 16:41:19 [INFO] Step 45/54 Loss=59.3949 mse=0.0737 v_opt=0.00000 v_mand=0.00000 ptv=0.8551 ptv_max=0.00000 global_ceil=0.00000 ring=0.00000 smooth=0.0075 laplacian=0.0254 anticollapse=0.00130 beam=0.31349 beam_ceil=0.00000 shell_inner=0.00000 shell_outer=23.66889 homogeneity=0.1203 body=0.00000 bowel=0.00000 femur=0.00000
2026-05-26 16:41:24 [INFO] Step 50/54 Loss=35.4634 mse=0.0788 v_opt=0.00000 v_mand=0.00000 ptv=0.8567 ptv_max=0.00000 global_ceil=0.00000 ring=0.00000 smooth=0.0083 laplacian=0.0287 anticollapse=0.00114 beam=0.29726 beam_ceil=0.00000 shell_inner=0.00000 shell_outer=8.82691 homogeneity=0.1203 body=0.00000 bowel=0.00000 femur=0.00000
2026-05-26 16:41:28 [INFO] Step 54/54 Loss=16.5225 mse=0.0811 v_opt=0.00000 v_mand=0.00000 ptv=0.6451 ptv_max=0.00000 global_ceil=0.00000 ring=0.00000 smooth=0.0085 laplacian=0.0283 anticollapse=0.00008 beam=0.22467 beam_ceil=0.00000 shell_inner=0.00839 shell_outer=0.09905 homogeneity=0.0816 body=0.00000 bowel=0.00000 femur=0.00000
2026-05-26 16:41:29 [INFO] Running validation at epoch 60...
2026-05-26 16:41:55 [INFO] Epoch 60 Summary: Train=26.3922 Val=0.0099 (MSE=0.0099)
          Metrics: PTV_D95=29.85Gy Bladder=23.39Gy Rectum=23.61Gy
          Metrics: Ring=28.07Gy Dmax=49.61Gy BG=24.06Gy
2026-05-26 16:41:55 [INFO] Saved best model val_loss=0.0099
2026-05-26 16:41:55 [INFO] Epoch 61/300 [RAMP 61/75 (81% of physics)] ramp=0.813 lr=9.05e-05
2026-05-26 16:42:02 [INFO] Step 5/54 Loss=17.0618 mse=0.0677 v_opt=0.00000 v_mand=0.00000 ptv=0.6286 ptv_max=0.00000 global_ceil=0.00000 ring=0.00000 smooth=0.0082 laplacian=0.0272 anticollapse=0.00008 beam=0.24079 beam_ceil=0.00000 shell_inner=0.31785 shell_outer=0.14506 homogeneity=0.0788 body=0.00000 bowel=0.00000 femur=0.00000
2026-05-26 16:42:08 [INFO] Step 10/54 Loss=18.5152 mse=0.0815 v_opt=0.00221 v_mand=0.00000 ptv=0.6037 ptv_max=0.00000 global_ceil=0.00000 ring=0.00000 smooth=0.0080 laplacian=0.0265 anticollapse=0.00005 beam=0.29366 beam_ceil=0.00000 shell_inner=0.52654 shell_outer=0.21519 homogeneity=0.0742 body=0.00000 bowel=0.00000 femur=0.00000
2026-05-26 16:42:14 [INFO] Step 15/54 Loss=18.8501 mse=0.0739 v_opt=0.02444 v_mand=0.00317 ptv=0.7004 ptv_max=0.00000 global_ceil=0.00000 ring=0.00000 smooth=0.0107 laplacian=0.0310 anticollapse=0.00024 beam=0.26949 beam_ceil=0.00000 shell_inner=0.06198 shell_outer=0.17974 homogeneity=0.0923 body=0.00000 bowel=0.00000 femur=0.00000
2026-05-26 16:42:19 [INFO] Step 20/54 Loss=31.2197 mse=0.0839 v_opt=0.00721 v_mand=0.00000 ptv=0.4324 ptv_max=0.00000 global_ceil=0.00000 ring=0.00000 smooth=0.0075 laplacian=0.0256 anticollapse=0.00000 beam=0.30711 beam_ceil=0.00000 shell_inner=5.76595 shell_outer=4.30777 homogeneity=0.0448 body=0.00000 bowel=0.00000 femur=0.00000
2026-05-26 16:42:25 [INFO] Step 25/54 Loss=24.3361 mse=0.0570 v_opt=0.00676 v_mand=0.00000 ptv=0.8036 ptv_max=0.00000 global_ceil=0.00000 ring=0.00000 smooth=0.0089 laplacian=0.0270 anticollapse=0.00048 beam=0.28964 beam_ceil=0.00000 shell_inner=0.00000 shell_outer=2.66988 homogeneity=0.1101 body=0.00000 bowel=0.00000 femur=0.00000
2026-05-26 16:42:30 [INFO] Step 30/54 Loss=29.6883 mse=0.0721 v_opt=0.00000 v_mand=0.00000 ptv=0.3853 ptv_max=0.00000 global_ceil=0.00000 ring=0.00000 smooth=0.0061 laplacian=0.0207 anticollapse=0.00000 beam=0.31540 beam_ceil=0.00000 shell_inner=2.15145 shell_outer=7.54174 homogeneity=0.0375 body=0.00000 bowel=0.00000 femur=0.00000
2026-05-26 16:42:37 [INFO] Step 35/54 Loss=22.9125 mse=0.0734 v_opt=0.00048 v_mand=0.00000 ptv=0.5505 ptv_max=0.00000 global_ceil=0.00000 ring=0.00000 smooth=0.0070 laplacian=0.0235 anticollapse=0.00001 beam=0.26392 beam_ceil=0.00000 shell_inner=3.45444 shell_outer=1.04123 homogeneity=0.0647 body=0.00000 bowel=0.00000 femur=0.00000
2026-05-26 16:42:42 [INFO] Step 40/54 Loss=17.4820 mse=0.0592 v_opt=0.00001 v_mand=0.00000 ptv=0.5899 ptv_max=0.00000 global_ceil=0.00000 ring=0.00000 smooth=0.0073 laplacian=0.0242 anticollapse=0.00004 beam=0.29838 beam_ceil=0.00000 shell_inner=0.28999 shell_outer=0.24917 homogeneity=0.0718 body=0.00000 bowel=0.00000 femur=0.00000
2026-05-26 16:42:48 [INFO] Step 45/54 Loss=15.2978 mse=0.0474 v_opt=0.00000 v_mand=0.00000 ptv=0.5880 ptv_max=0.00000 global_ceil=0.00000 ring=0.00000 smooth=0.0075 laplacian=0.0240 anticollapse=0.00002 beam=0.22731 beam_ceil=0.00000 shell_inner=0.20819 shell_outer=0.08187 homogeneity=0.0713 body=0.00000 bowel=0.00000 femur=0.00000
2026-05-26 16:42:54 [INFO] Step 50/54 Loss=16.9374 mse=0.0487 v_opt=0.00000 v_mand=0.00000 ptv=0.6108 ptv_max=0.00000 global_ceil=0.00000 ring=0.00000 smooth=0.0056 laplacian=0.0181 anticollapse=0.00005 beam=0.31202 beam_ceil=0.00000 shell_inner=0.00000 shell_outer=0.00000 homogeneity=0.0754 body=0.00000 bowel=0.00000 femur=0.00000
2026-05-26 16:42:58 [INFO] Step 54/54 Loss=19.6506 mse=0.0666 v_opt=0.00181 v_mand=0.00000 ptv=0.6678 ptv_max=0.00000 global_ceil=0.00000 ring=0.00000 smooth=0.0059 laplacian=0.0198 anticollapse=0.00018 beam=0.28374 beam_ceil=0.00000 shell_inner=0.01272 shell_outer=1.13339 homogeneity=0.0859 body=0.00000 bowel=0.00000 femur=0.00000
2026-05-26 16:42:58 [INFO] Running validation at epoch 61...
2026-05-26 16:43:26 [INFO] Epoch 61 Summary: Train=20.5123 Val=0.0093 (MSE=0.0093)
          Metrics: PTV_D95=31.48Gy Bladder=24.51Gy Rectum=27.13Gy
          Metrics: Ring=29.53Gy Dmax=50.38Gy BG=23.52Gy
2026-05-26 16:43:26 [INFO] Saved best model val_loss=0.0093
2026-05-26 16:43:26 [INFO] Epoch 62/300 [RAMP 62/75 (83% of physics)] ramp=0.827 lr=9.02e-05
2026-05-26 16:43:33 [INFO] Step 5/54 Loss=18.5054 mse=0.0505 v_opt=0.00132 v_mand=0.00000 ptv=0.7385 ptv_max=0.00000 global_ceil=0.00000 ring=0.00000 smooth=0.0071 laplacian=0.0229 anticollapse=0.00038 beam=0.25325 beam_ceil=0.00000 shell_inner=0.00213 shell_outer=0.15208 homogeneity=0.0987 body=0.00000 bowel=0.00000 femur=0.00000
2026-05-26 16:43:39 [INFO] Step 10/54 Loss=18.7067 mse=0.0740 v_opt=0.00156 v_mand=0.00000 ptv=0.3972 ptv_max=0.00000 global_ceil=0.00000 ring=0.00000 smooth=0.0057 laplacian=0.0174 anticollapse=0.00000 beam=0.29750 beam_ceil=0.00000 shell_inner=2.04867 shell_outer=0.81357 homogeneity=0.0392 body=0.00000 bowel=0.00000 femur=0.00000
2026-05-26 16:43:46 [INFO] Step 15/54 Loss=16.3878 mse=0.0606 v_opt=0.00000 v_mand=0.00000 ptv=0.5556 ptv_max=0.00000 global_ceil=0.00000 ring=0.00000 smooth=0.0060 laplacian=0.0185 anticollapse=0.00001 beam=0.30227 beam_ceil=0.00000 shell_inner=0.01459 shell_outer=0.00000 homogeneity=0.0657 body=0.00000 bowel=0.00000 femur=0.00000
2026-05-26 16:43:50 [INFO] Step 20/54 Loss=15.5920 mse=0.0526 v_opt=0.00135 v_mand=0.00000 ptv=0.5162 ptv_max=0.00000 global_ceil=0.00000 ring=0.00000 smooth=0.0074 laplacian=0.0247 anticollapse=0.00000 beam=0.19075 beam_ceil=0.00000 shell_inner=1.15611 shell_outer=0.27478 homogeneity=0.0588 body=0.00000 bowel=0.00000 femur=0.00000
2026-05-26 16:43:57 [INFO] Step 25/54 Loss=16.8565 mse=0.0466 v_opt=0.00086 v_mand=0.00000 ptv=0.6672 ptv_max=0.00000 global_ceil=0.00000 ring=0.00000 smooth=0.0059 laplacian=0.0192 anticollapse=0.00014 beam=0.22943 beam_ceil=0.00000 shell_inner=0.25773 shell_outer=0.01361 homogeneity=0.0857 body=0.00000 bowel=0.00000 femur=0.00000
2026-05-26 16:44:02 [INFO] Step 30/54 Loss=16.2519 mse=0.0676 v_opt=0.00392 v_mand=0.00000 ptv=0.5961 ptv_max=0.00000 global_ceil=0.00000 ring=0.00000 smooth=0.0066 laplacian=0.0219 anticollapse=0.00003 beam=0.23175 beam_ceil=0.00000 shell_inner=0.24838 shell_outer=0.03497 homogeneity=0.0728 body=0.00000 bowel=0.00000 femur=0.00000
2026-05-26 16:44:08 [INFO] Step 35/54 Loss=36.3191 mse=0.0508 v_opt=0.00000 v_mand=0.00000 ptv=1.4917 ptv_max=0.00000 global_ceil=0.00000 ring=0.00000 smooth=0.0057 laplacian=0.0157 anticollapse=0.02509 beam=0.30161 beam_ceil=0.00000 shell_inner=0.00000 shell_outer=0.66914 homogeneity=0.2433 body=0.00000 bowel=0.00000 femur=0.00000
2026-05-26 16:44:14 [INFO] Step 40/54 Loss=7.5266 mse=0.0412 v_opt=0.00000 v_mand=0.00000 ptv=0.0000 ptv_max=0.00000 global_ceil=0.00000 ring=0.00000 smooth=0.0046 laplacian=0.0132 anticollapse=0.00000 beam=0.31154 beam_ceil=0.00000 shell_inner=0.00000 shell_outer=0.00000 homogeneity=0.0000 body=0.00000 bowel=0.00000 femur=0.00000
2026-05-26 16:44:20 [INFO] Step 45/54 Loss=14.5399 mse=0.0627 v_opt=0.01752 v_mand=0.00105 ptv=0.5321 ptv_max=0.00000 global_ceil=0.00000 ring=0.00000 smooth=0.0062 laplacian=0.0203 anticollapse=0.00001 beam=0.16145 beam_ceil=0.00000 shell_inner=0.73141 shell_outer=0.08318 homogeneity=0.0617 body=0.00000 bowel=0.00000 femur=0.00000
2026-05-26 16:44:26 [INFO] Step 50/54 Loss=16.0047 mse=0.0655 v_opt=0.01371 v_mand=0.00029 ptv=0.5434 ptv_max=0.00000 global_ceil=0.00000 ring=0.00000 smooth=0.0070 laplacian=0.0226 anticollapse=0.00001 beam=0.15319 beam_ceil=0.00000 shell_inner=1.46923 shell_outer=0.19555 homogeneity=0.0635 body=0.00000 bowel=0.00000 femur=0.00000
2026-05-26 16:44:30 [INFO] Step 54/54 Loss=16.5205 mse=0.0482 v_opt=0.00004 v_mand=0.00000 ptv=0.6151 ptv_max=0.00000 global_ceil=0.00000 ring=0.00000 smooth=0.0073 laplacian=0.0230 anticollapse=0.00007 beam=0.26160 beam_ceil=0.00000 shell_inner=0.09292 shell_outer=0.07624 homogeneity=0.0763 body=0.00000 bowel=0.00000 femur=0.00000
2026-05-26 16:44:30 [INFO] Running validation at epoch 62...
2026-05-26 16:44:57 [INFO] Epoch 62 Summary: Train=18.2866 Val=0.0090 (MSE=0.0090)
          Metrics: PTV_D95=32.54Gy Bladder=26.14Gy Rectum=26.88Gy
          Metrics: Ring=29.90Gy Dmax=51.17Gy BG=23.16Gy
2026-05-26 16:44:57 [INFO] Saved best model val_loss=0.0090
2026-05-26 16:44:57 [INFO] Epoch 63/300 [RAMP 63/75 (84% of physics)] ramp=0.840 lr=8.99e-05
2026-05-26 16:45:05 [INFO] Step 5/54 Loss=15.6335 mse=0.0586 v_opt=0.00110 v_mand=0.00000 ptv=0.6459 ptv_max=0.00000 global_ceil=0.00000 ring=0.00000 smooth=0.0066 laplacian=0.0217 anticollapse=0.00008 beam=0.18354 beam_ceil=0.00000 shell_inner=0.00667 shell_outer=0.00000 homogeneity=0.0816 body=0.00000 bowel=0.00000 femur=0.00000
2026-05-26 16:45:11 [INFO] Step 10/54 Loss=17.8016 mse=0.0710 v_opt=0.00000 v_mand=0.00000 ptv=0.5086 ptv_max=0.00000 global_ceil=0.00000 ring=0.00000 smooth=0.0072 laplacian=0.0247 anticollapse=0.00000 beam=0.19840 beam_ceil=0.00000 shell_inner=2.13865 shell_outer=0.18001 homogeneity=0.0574 body=0.00000 bowel=0.00000 femur=0.00000
2026-05-26 16:45:16 [INFO] Step 15/54 Loss=37.8646 mse=0.0910 v_opt=0.00000 v_mand=0.00000 ptv=0.4174 ptv_max=0.00000 global_ceil=0.00000 ring=0.00000 smooth=0.0080 laplacian=0.0267 anticollapse=0.00000 beam=0.29030 beam_ceil=0.00000 shell_inner=4.35250 shell_outer=9.36805 homogeneity=0.0423 body=0.00000 bowel=0.00000 femur=0.00000
2026-05-26 16:45:21 [INFO] Step 20/54 Loss=21.9129 mse=0.0801 v_opt=0.00000 v_mand=0.00000 ptv=0.5625 ptv_max=0.00000 global_ceil=0.00000 ring=0.00000 smooth=0.0061 laplacian=0.0197 anticollapse=0.00025 beam=0.30284 beam_ceil=0.00000 shell_inner=0.31830 shell_outer=2.42969 homogeneity=0.0685 body=0.00000 bowel=0.00000 femur=0.00000
2026-05-26 16:45:27 [INFO] Step 25/54 Loss=16.3989 mse=0.0686 v_opt=0.00000 v_mand=0.00000 ptv=0.5885 ptv_max=0.00000 global_ceil=0.00000 ring=0.00000 smooth=0.0070 laplacian=0.0213 anticollapse=0.00003 beam=0.23784 beam_ceil=0.00000 shell_inner=0.20928 shell_outer=0.01217 homogeneity=0.0715 body=0.00000 bowel=0.00000 femur=0.00000
2026-05-26 16:45:33 [INFO] Step 30/54 Loss=16.0297 mse=0.0496 v_opt=0.00863 v_mand=0.00000 ptv=0.5310 ptv_max=0.00000 global_ceil=0.00000 ring=0.00000 smooth=0.0057 laplacian=0.0179 anticollapse=0.00001 beam=0.25764 beam_ceil=0.00000 shell_inner=0.43074 shell_outer=0.19397 homogeneity=0.0613 body=0.00000 bowel=0.00000 femur=0.00000
2026-05-26 16:45:39 [INFO] Step 35/54 Loss=19.1723 mse=0.0486 v_opt=0.02425 v_mand=0.00175 ptv=0.6581 ptv_max=0.00000 global_ceil=0.00000 ring=0.00000 smooth=0.0067 laplacian=0.0213 anticollapse=0.00009 beam=0.23353 beam_ceil=0.00000 shell_inner=0.00000 shell_outer=1.44614 homogeneity=0.0838 body=0.00000 bowel=0.00000 femur=0.00000
2026-05-26 16:45:44 [INFO] Step 40/54 Loss=14.8755 mse=0.0584 v_opt=0.00158 v_mand=0.00000 ptv=0.5420 ptv_max=0.00000 global_ceil=0.00000 ring=0.00000 smooth=0.0075 laplacian=0.0230 anticollapse=0.00001 beam=0.22968 beam_ceil=0.00000 shell_inner=0.03637 shell_outer=0.00000 homogeneity=0.0633 body=0.00000 bowel=0.00000 femur=0.00000
2026-05-26 16:45:50 [INFO] Step 45/54 Loss=17.4924 mse=0.0663 v_opt=0.00000 v_mand=0.00000 ptv=0.6000 ptv_max=0.00000 global_ceil=0.00000 ring=0.00000 smooth=0.0057 laplacian=0.0173 anticollapse=0.00004 beam=0.30146 beam_ceil=0.00000 shell_inner=0.00600 shell_outer=0.00000 homogeneity=0.0735 body=0.00000 bowel=0.00000 femur=0.00000
2026-05-26 16:45:56 [INFO] Step 50/54 Loss=14.2714 mse=0.0798 v_opt=0.00000 v_mand=0.00000 ptv=0.5559 ptv_max=0.00000 global_ceil=0.00000 ring=0.00000 smooth=0.0072 laplacian=0.0232 anticollapse=0.00002 beam=0.16044 beam_ceil=0.00000 shell_inner=0.05101 shell_outer=0.03019 homogeneity=0.0659 body=0.00000 bowel=0.00000 femur=0.00000
2026-05-26 16:46:00 [INFO] Step 54/54 Loss=17.9189 mse=0.0471 v_opt=0.00000 v_mand=0.00000 ptv=0.6661 ptv_max=0.00000 global_ceil=0.00000 ring=0.00000 smooth=0.0045 laplacian=0.0142 anticollapse=0.00011 beam=0.29099 beam_ceil=0.00000 shell_inner=0.00000 shell_outer=0.00637 homogeneity=0.0853 body=0.00000 bowel=0.00000 femur=0.00000
2026-05-26 16:46:01 [INFO] Running validation at epoch 63...
2026-05-26 16:46:28 [INFO] Epoch 63 Summary: Train=18.1002 Val=0.0082 (MSE=0.0082)
          Metrics: PTV_D95=32.83Gy Bladder=25.81Gy Rectum=25.26Gy
          Metrics: Ring=29.76Gy Dmax=52.86Gy BG=22.25Gy
2026-05-26 16:46:28 [INFO] Saved best model val_loss=0.0082
2026-05-26 16:46:28 [INFO] Epoch 64/300 [RAMP 64/75 (85% of physics)] ramp=0.853 lr=8.96e-05
2026-05-26 16:46:36 [INFO] Step 5/54 Loss=16.3704 mse=0.0518 v_opt=0.00000 v_mand=0.00000 ptv=0.5313 ptv_max=0.00000 global_ceil=0.00000 ring=0.00000 smooth=0.0049 laplacian=0.0146 anticollapse=0.00000 beam=0.27038 beam_ceil=0.00000 shell_inner=0.46044 shell_outer=0.04964 homogeneity=0.0613 body=0.00000 bowel=0.00000 femur=0.00000
2026-05-26 16:46:41 [INFO] Step 10/54 Loss=22.9313 mse=0.0467 v_opt=0.00000 v_mand=0.00000 ptv=0.9083 ptv_max=0.00000 global_ceil=0.00000 ring=0.00000 smooth=0.0047 laplacian=0.0148 anticollapse=0.00136 beam=0.26645 beam_ceil=0.00000 shell_inner=0.00000 shell_outer=0.52367 homogeneity=0.1296 body=0.00000 bowel=0.00000 femur=0.00000
2026-05-26 16:46:47 [INFO] Step 15/54 Loss=17.1683 mse=0.0543 v_opt=0.01684 v_mand=0.00089 ptv=0.6768 ptv_max=0.00000 global_ceil=0.00000 ring=0.00000 smooth=0.0062 laplacian=0.0199 anticollapse=0.00027 beam=0.18506 beam_ceil=0.00000 shell_inner=0.01120 shell_outer=0.43204 homogeneity=0.0879 body=0.00000 bowel=0.00000 femur=0.00000
2026-05-26 16:46:53 [INFO] Step 20/54 Loss=16.0796 mse=0.0675 v_opt=0.00160 v_mand=0.00000 ptv=0.5579 ptv_max=0.00000 global_ceil=0.00000 ring=0.00000 smooth=0.0058 laplacian=0.0182 anticollapse=0.00002 beam=0.23352 beam_ceil=0.00000 shell_inner=0.18588 shell_outer=0.10059 homogeneity=0.0661 body=0.00000 bowel=0.00000 femur=0.00000
2026-05-26 16:47:00 [INFO] Step 25/54 Loss=16.5236 mse=0.0417 v_opt=0.00000 v_mand=0.00000 ptv=0.5795 ptv_max=0.00000 global_ceil=0.00000 ring=0.00000 smooth=0.0050 laplacian=0.0155 anticollapse=0.00008 beam=0.27346 beam_ceil=0.00000 shell_inner=0.10916 shell_outer=0.09350 homogeneity=0.0705 body=0.00000 bowel=0.00000 femur=0.00000
2026-05-26 16:47:05 [INFO] Step 30/54 Loss=15.2032 mse=0.0794 v_opt=0.00065 v_mand=0.00000 ptv=0.4660 ptv_max=0.00000 global_ceil=0.00000 ring=0.00000 smooth=0.0052 laplacian=0.0153 anticollapse=0.00000 beam=0.27613 beam_ceil=0.00000 shell_inner=0.00365 shell_outer=0.00000 homogeneity=0.0502 body=0.00000 bowel=0.00000 femur=0.00000
2026-05-26 16:47:12 [INFO] Step 35/54 Loss=16.8617 mse=0.0555 v_opt=0.02674 v_mand=0.00364 ptv=0.6236 ptv_max=0.00000 global_ceil=0.00000 ring=0.00000 smooth=0.0068 laplacian=0.0210 anticollapse=0.00016 beam=0.20459 beam_ceil=0.00000 shell_inner=0.30745 shell_outer=0.16459 homogeneity=0.0784 body=0.00000 bowel=0.00000 femur=0.00000
2026-05-26 16:47:18 [INFO] Step 40/54 Loss=16.8412 mse=0.0358 v_opt=0.02296 v_mand=0.00265 ptv=0.5005 ptv_max=0.00000 global_ceil=0.00000 ring=0.00000 smooth=0.0046 laplacian=0.0149 anticollapse=0.00000 beam=0.28655 beam_ceil=0.00000 shell_inner=0.42356 shell_outer=0.61263 homogeneity=0.0561 body=0.00000 bowel=0.00000 femur=0.00000
2026-05-26 16:47:24 [INFO] Step 45/54 Loss=15.5196 mse=0.0625 v_opt=0.00000 v_mand=0.00000 ptv=0.5252 ptv_max=0.00000 global_ceil=0.00000 ring=0.00000 smooth=0.0059 laplacian=0.0187 anticollapse=0.00001 beam=0.14910 beam_ceil=0.00000 shell_inner=1.24605 shell_outer=0.16933 homogeneity=0.0606 body=0.00000 bowel=0.00000 femur=0.00000
2026-05-26 16:47:30 [INFO] Step 50/54 Loss=13.6646 mse=0.0335 v_opt=0.00004 v_mand=0.00000 ptv=0.5781 ptv_max=0.00000 global_ceil=0.00000 ring=0.00000 smooth=0.0034 laplacian=0.0103 anticollapse=0.00002 beam=0.16739 beam_ceil=0.00000 shell_inner=0.01600 shell_outer=0.00000 homogeneity=0.0696 body=0.00000 bowel=0.00000 femur=0.00000
2026-05-26 16:47:35 [INFO] Step 54/54 Loss=15.3833 mse=0.0752 v_opt=0.00000 v_mand=0.00000 ptv=0.6374 ptv_max=0.00000 global_ceil=0.00000 ring=0.00000 smooth=0.0053 laplacian=0.0166 anticollapse=0.00008 beam=0.14961 beam_ceil=0.00000 shell_inner=0.00801 shell_outer=0.00000 homogeneity=0.0802 body=0.00000 bowel=0.00000 femur=0.00000
2026-05-26 16:47:36 [INFO] Running validation at epoch 64...
