2026-05-25 15:55:15 [INFO] Training log started: training_20260525_155515.log
2026-05-25 15:55:15 [INFO] PATCH_SIZE=(128, 128, 64), GRAD_ACCUM_STEPS=2
2026-05-25 15:55:15 [INFO] Loading clinical constraints from ./prostate_prime_constraints_v2.csv ...
2026-05-25 15:55:15 [INFO] Curriculum ramp: lambda_mse=25.0 constant, physics lambdas 0 -> target over 75 epochs
2026-05-25 15:55:15 [INFO] Model ready on cuda, epochs=300, AMP=ON
2026-05-25 15:55:15 [INFO] Epoch 1/300 [RAMP 1/75 (1% of physics)] ramp=0.013 lr=1.00e-04
2026-05-25 15:55:22 [INFO] Step 5/54 Loss=14509.6885 mse=2.0510 v_opt=4.44738 v_mand=3.79758 ptv=0.0524 ptv_max=0.37970 global_ceil=4645.38721 ring=0.47706 smooth=0.9582 laplacian=3.7807 anticollapse=0.00000 beam=1.34776 beam_ceil=2581.57666 homogeneity=0.4322 body=0.00000 bowel=0.13775 femur=0.87261
2026-05-25 15:55:28 [INFO] Step 10/54 Loss=19086.5957 mse=2.9290 v_opt=3.10510 v_mand=2.60186 ptv=0.2840 ptv_max=0.07319 global_ceil=5833.89160 ring=0.15560 smooth=1.4291 laplacian=5.6395 anticollapse=0.00000 beam=1.49674 beam_ceil=3671.30054 homogeneity=0.1189 body=0.00000 bowel=0.04376 femur=0.14616
2026-05-25 15:55:34 [INFO] Step 15/54 Loss=23790.2227 mse=3.5035 v_opt=4.11406 v_mand=3.49713 ptv=0.1067 ptv_max=0.23938 global_ceil=7416.45215 ring=0.35988 smooth=1.2047 laplacian=4.7786 anticollapse=0.00000 beam=1.55972 beam_ceil=4432.83203 homogeneity=0.2835 body=0.00000 bowel=0.09492 femur=0.83467
2026-05-25 15:55:41 [INFO] Step 20/54 Loss=12868.9668 mse=2.5592 v_opt=5.09599 v_mand=4.40062 ptv=0.0207 ptv_max=0.41942 global_ceil=3557.21777 ring=0.37303 smooth=0.8343 laplacian=3.2955 anticollapse=0.00000 beam=1.20583 beam_ceil=2842.69214 homogeneity=0.4766 body=0.00000 bowel=0.84299 femur=1.88345
2026-05-25 15:55:45 [INFO] Step 25/54 Loss=11053.7588 mse=1.5585 v_opt=4.79235 v_mand=4.11441 ptv=0.0752 ptv_max=0.20465 global_ceil=3707.86719 ring=0.26924 smooth=0.7684 laplacian=3.0264 anticollapse=0.00000 beam=1.30381 beam_ceil=1797.41150 homogeneity=0.2454 body=0.00000 bowel=0.24661 femur=1.00089
2026-05-25 15:55:52 [INFO] Step 30/54 Loss=11841.8008 mse=1.8667 v_opt=3.68274 v_mand=3.12634 ptv=0.2641 ptv_max=0.05309 global_ceil=3603.33618 ring=0.10563 smooth=1.1429 laplacian=4.5100 anticollapse=0.00000 beam=1.11235 beam_ceil=2292.66064 homogeneity=0.0934 body=0.00000 bowel=0.34084 femur=0.12704
2026-05-25 15:55:57 [INFO] Step 35/54 Loss=12294.2549 mse=1.7634 v_opt=2.96327 v_mand=2.46707 ptv=0.0473 ptv_max=0.28582 global_ceil=3910.44043 ring=0.31340 smooth=0.9106 laplacian=3.5725 anticollapse=0.00000 beam=1.27943 beam_ceil=2212.96631 homogeneity=0.3327 body=0.00000 bowel=0.38469 femur=1.11938
2026-05-25 15:56:04 [INFO] Step 40/54 Loss=15567.3789 mse=2.9485 v_opt=3.95227 v_mand=3.35468 ptv=0.1884 ptv_max=0.17427 global_ceil=4334.80469 ring=0.23131 smooth=1.1235 laplacian=4.4446 anticollapse=0.00000 beam=1.45731 beam_ceil=3410.17773 homogeneity=0.2213 body=0.00000 bowel=0.29153 femur=0.20919
2026-05-25 15:56:09 [INFO] Step 45/54 Loss=20031.2578 mse=2.4402 v_opt=3.84649 v_mand=3.26500 ptv=0.0669 ptv_max=0.16132 global_ceil=5839.55078 ring=0.26544 smooth=1.0614 laplacian=4.1606 anticollapse=0.00000 beam=1.67613 beam_ceil=4143.79297 homogeneity=0.1932 body=0.00000 bowel=0.00000 femur=0.00000
2026-05-25 15:56:16 [INFO] Step 50/54 Loss=5700.3276 mse=1.2470 v_opt=0.00000 v_mand=0.00000 ptv=0.2163 ptv_max=0.00796 global_ceil=2706.92090 ring=0.03944 smooth=1.4890 laplacian=5.9305 anticollapse=0.00000 beam=1.10920 beam_ceil=127.19576 homogeneity=0.0356 body=0.00000 bowel=0.36680 femur=0.00000
2026-05-25 15:56:20 [INFO] Step 54/54 Loss=15800.0361 mse=2.3132 v_opt=3.77951 v_mand=3.20987 ptv=0.2017 ptv_max=0.08690 global_ceil=4857.85107 ring=0.12981 smooth=1.4339 laplacian=5.6624 anticollapse=0.00000 beam=1.37563 beam_ceil=3011.56592 homogeneity=0.1264 body=0.00000 bowel=0.00000 femur=0.09208
2026-05-25 15:56:21 [INFO] Running validation at epoch 1...
2026-05-25 15:56:47 [INFO] Epoch 1 Summary: Train=15906.9217 Val=0.1699 (MSE=0.1699)
          Metrics: PTV_D95=45.19Gy Bladder=50.31Gy Rectum=105.21Gy
          Metrics: Ring=72.49Gy Dmax=217.27Gy BG=81.45Gy
2026-05-25 15:56:47 [INFO] [DIAGNOSTIC] Saved fallback model MSE=0.1699
2026-05-25 15:56:47 [INFO] Epoch 2/300 [RAMP 2/75 (3% of physics)] ramp=0.027 lr=1.00e-04
2026-05-25 15:56:54 [INFO] Step 5/54 Loss=10659.8281 mse=1.6705 v_opt=4.47901 v_mand=3.82479 ptv=0.0709 ptv_max=0.12399 global_ceil=4108.01465 ring=0.17429 smooth=0.9890 laplacian=3.8857 anticollapse=0.00000 beam=1.23174 beam_ceil=1197.33240 homogeneity=0.1553 body=0.00000 bowel=0.00000 femur=0.00000
2026-05-25 15:56:59 [INFO] Step 10/54 Loss=3821.2695 mse=0.7727 v_opt=3.14717 v_mand=2.74938 ptv=0.0128 ptv_max=0.04671 global_ceil=1792.81921 ring=0.09205 smooth=0.7170 laplacian=2.8257 anticollapse=0.00000 beam=1.08530 beam_ceil=105.54855 homogeneity=0.0664 body=0.00000 bowel=0.00000 femur=0.00000
2026-05-25 15:57:06 [INFO] Step 15/54 Loss=6225.1284 mse=0.9309 v_opt=5.62038 v_mand=4.89955 ptv=0.0433 ptv_max=0.19597 global_ceil=1953.18945 ring=0.21886 smooth=0.7113 laplacian=2.7813 anticollapse=0.00000 beam=1.05943 beam_ceil=1142.89697 homogeneity=0.2368 body=0.00000 bowel=0.58614 femur=1.91140
2026-05-25 15:57:11 [INFO] Step 20/54 Loss=5102.6582 mse=1.2564 v_opt=6.10030 v_mand=5.36214 ptv=0.0202 ptv_max=0.17443 global_ceil=1495.00220 ring=0.14550 smooth=0.5004 laplacian=1.9569 anticollapse=0.00000 beam=1.02831 beam_ceil=1035.50269 homogeneity=0.2134 body=0.00000 bowel=0.89064 femur=2.14213
2026-05-25 15:57:18 [INFO] Step 25/54 Loss=5941.4014 mse=1.2384 v_opt=4.41934 v_mand=3.77364 ptv=0.1721 ptv_max=0.03876 global_ceil=1722.38208 ring=0.06377 smooth=0.4395 laplacian=1.7099 anticollapse=0.00000 beam=1.25003 beam_ceil=1229.35669 homogeneity=0.0693 body=0.00000 bowel=0.28834 femur=0.91961
2026-05-25 15:57:23 [INFO] Step 30/54 Loss=8826.3525 mse=2.0573 v_opt=5.65340 v_mand=4.93185 ptv=0.0301 ptv_max=0.14944 global_ceil=2299.88306 ring=0.15269 smooth=0.4880 laplacian=1.9159 anticollapse=0.00000 beam=1.14431 beam_ceil=2082.88208 homogeneity=0.1858 body=0.00000 bowel=0.88456 femur=1.35662
2026-05-25 15:57:29 [INFO] Step 35/54 Loss=6822.2651 mse=1.3533 v_opt=5.32340 v_mand=4.61805 ptv=0.0024 ptv_max=0.24658 global_ceil=1965.25513 ring=0.25615 smooth=0.2965 laplacian=1.1526 anticollapse=0.00000 beam=1.22280 beam_ceil=1424.62842 homogeneity=0.2955 body=0.00000 bowel=0.00000 femur=0.00000
2026-05-25 15:57:35 [INFO] Step 40/54 Loss=6763.4824 mse=1.5217 v_opt=5.69188 v_mand=4.96837 ptv=0.0519 ptv_max=0.10867 global_ceil=2298.31641 ring=0.11564 smooth=0.5341 laplacian=2.0883 anticollapse=0.00000 beam=1.09738 beam_ceil=1059.96338 homogeneity=0.1429 body=0.00000 bowel=0.00000 femur=1.33771
2026-05-25 15:57:41 [INFO] Step 45/54 Loss=8658.5371 mse=1.7482 v_opt=4.98343 v_mand=4.29634 ptv=0.1035 ptv_max=0.03897 global_ceil=2300.20361 ring=0.06162 smooth=0.5242 laplacian=2.0499 anticollapse=0.00000 beam=1.10795 beam_ceil=2003.35303 homogeneity=0.0643 body=0.00000 bowel=0.39496 femur=1.11653
2026-05-25 15:57:46 [INFO] Step 50/54 Loss=6365.6211 mse=1.5002 v_opt=5.29769 v_mand=4.59027 ptv=0.0741 ptv_max=0.04835 global_ceil=2199.86694 ring=0.06267 smooth=0.6800 laplacian=2.6745 anticollapse=0.00000 beam=1.01105 beam_ceil=960.11426 homogeneity=0.0721 body=0.00000 bowel=0.76140 femur=0.45517
2026-05-25 15:57:51 [INFO] Step 54/54 Loss=3034.5664 mse=1.0185 v_opt=3.53193 v_mand=3.17518 ptv=0.0196 ptv_max=0.07426 global_ceil=998.26123 ring=0.07242 smooth=0.2943 laplacian=1.1358 anticollapse=0.00000 beam=0.99239 beam_ceil=503.20972 homogeneity=0.1018 body=0.00000 bowel=1.33531 femur=0.00000
2026-05-25 15:57:51 [INFO] Running validation at epoch 2...
2026-05-25 15:58:18 [INFO] Epoch 2 Summary: Train=8835.9522 Val=0.1326 (MSE=0.1326)
          Metrics: PTV_D95=50.98Gy Bladder=63.97Gy Rectum=100.79Gy
          Metrics: Ring=76.42Gy Dmax=145.90Gy BG=75.94Gy
2026-05-25 15:58:18 [INFO] [DIAGNOSTIC] Saved fallback model MSE=0.1326
2026-05-25 15:58:18 [INFO] Epoch 3/300 [RAMP 3/75 (4% of physics)] ramp=0.040 lr=1.00e-04
2026-05-25 15:58:25 [INFO] Step 5/54 Loss=5906.5400 mse=1.5749 v_opt=5.72608 v_mand=5.00297 ptv=0.0751 ptv_max=0.07112 global_ceil=1506.97656 ring=0.07974 smooth=0.3418 laplacian=1.3328 anticollapse=0.00000 beam=0.99289 beam_ceil=1419.94824 homogeneity=0.1008 body=0.00000 bowel=0.90328 femur=1.13593
2026-05-25 15:58:30 [INFO] Step 10/54 Loss=6178.5986 mse=1.7203 v_opt=4.87114 v_mand=4.21399 ptv=0.0370 ptv_max=0.08556 global_ceil=1834.46033 ring=0.09359 smooth=0.3208 laplacian=1.2500 anticollapse=0.00000 beam=1.13040 beam_ceil=1227.39111 homogeneity=0.1161 body=0.00000 bowel=0.84899 femur=1.22468
2026-05-25 15:58:37 [INFO] Step 15/54 Loss=4306.3770 mse=1.4143 v_opt=6.11456 v_mand=5.38474 ptv=0.0297 ptv_max=0.07248 global_ceil=1142.20190 ring=0.07410 smooth=0.3023 laplacian=1.1680 anticollapse=0.00000 beam=0.95044 beam_ceil=986.28485 homogeneity=0.0999 body=0.00000 bowel=0.66007 femur=1.55943
2026-05-25 15:58:42 [INFO] Step 20/54 Loss=5141.2539 mse=1.6005 v_opt=5.15088 v_mand=4.47683 ptv=0.0536 ptv_max=0.05481 global_ceil=1422.91333 ring=0.05878 smooth=0.3780 laplacian=1.4693 anticollapse=0.00000 beam=0.95584 beam_ceil=1121.69897 homogeneity=0.0814 body=0.00000 bowel=0.83658 femur=1.08468
2026-05-25 15:58:48 [INFO] Step 25/54 Loss=4315.2852 mse=1.3128 v_opt=5.10055 v_mand=4.40654 ptv=0.0339 ptv_max=0.06155 global_ceil=1414.26807 ring=0.07567 smooth=0.3206 laplacian=1.2467 anticollapse=0.00000 beam=0.98221 beam_ceil=721.48334 homogeneity=0.0859 body=0.00000 bowel=0.00000 femur=0.00000
2026-05-25 15:58:53 [INFO] Step 30/54 Loss=1941.0709 mse=0.8987 v_opt=5.90281 v_mand=5.21279 ptv=0.0022 ptv_max=0.08939 global_ceil=723.90802 ring=0.06389 smooth=0.1802 laplacian=0.6761 anticollapse=0.00000 beam=1.01089 beam_ceil=229.03146 homogeneity=0.1213 body=0.00000 bowel=0.00000 femur=0.00000
2026-05-25 15:58:59 [INFO] Step 35/54 Loss=2920.9810 mse=1.0043 v_opt=4.72392 v_mand=4.09467 ptv=0.1270 ptv_max=0.05015 global_ceil=904.26276 ring=0.05532 smooth=0.2148 laplacian=0.7764 anticollapse=0.00000 beam=0.99854 beam_ceil=538.18829 homogeneity=0.0860 body=0.00000 bowel=0.30380 femur=1.51662
2026-05-25 15:59:05 [INFO] Step 40/54 Loss=3929.3271 mse=1.5578 v_opt=6.33798 v_mand=5.59489 ptv=0.0478 ptv_max=0.06615 global_ceil=961.79626 ring=0.06142 smooth=0.2609 laplacian=1.0092 anticollapse=0.00000 beam=0.95822 beam_ceil=976.07367 homogeneity=0.0971 body=0.00000 bowel=0.89100 femur=1.77724
2026-05-25 15:59:10 [INFO] Step 45/54 Loss=2980.7202 mse=1.1255 v_opt=5.67507 v_mand=4.96336 ptv=0.0497 ptv_max=0.03273 global_ceil=742.29358 ring=0.03968 smooth=0.1830 laplacian=0.7046 anticollapse=0.00000 beam=0.92443 beam_ceil=727.45996 homogeneity=0.0538 body=0.00000 bowel=1.59196 femur=0.95971
2026-05-25 15:59:16 [INFO] Step 50/54 Loss=1692.1442 mse=0.7768 v_opt=5.68709 v_mand=4.96359 ptv=0.0467 ptv_max=0.02538 global_ceil=595.23462 ring=0.03052 smooth=0.1831 laplacian=0.6826 anticollapse=0.00000 beam=0.97139 beam_ceil=234.72531 homogeneity=0.0438 body=0.00000 bowel=1.00118 femur=1.20527
2026-05-25 15:59:21 [INFO] Step 54/54 Loss=2689.8975 mse=1.1833 v_opt=6.03654 v_mand=5.30430 ptv=0.0695 ptv_max=0.03785 global_ceil=634.87036 ring=0.03978 smooth=0.1869 laplacian=0.7097 anticollapse=0.00000 beam=0.96129 beam_ceil=688.49805 homogeneity=0.0622 body=0.00000 bowel=0.80911 femur=1.40481
2026-05-25 15:59:21 [INFO] Running validation at epoch 3...
2026-05-25 15:59:47 [INFO] Epoch 3 Summary: Train=4191.4281 Val=0.1205 (MSE=0.1205)
          Metrics: PTV_D95=52.62Gy Bladder=70.97Gy Rectum=86.76Gy
          Metrics: Ring=76.30Gy Dmax=113.90Gy BG=74.01Gy
2026-05-25 15:59:47 [INFO] [DIAGNOSTIC] Saved fallback model MSE=0.1205
2026-05-25 15:59:47 [INFO] Epoch 4/300 [RAMP 4/75 (5% of physics)] ramp=0.053 lr=1.00e-04
2026-05-25 15:59:54 [INFO] Step 5/54 Loss=2427.3860 mse=1.2059 v_opt=5.88574 v_mand=5.15615 ptv=0.0137 ptv_max=0.04620 global_ceil=889.91620 ring=0.04529 smooth=0.2501 laplacian=0.9833 anticollapse=0.00000 beam=0.96339 beam_ceil=300.49136 homogeneity=0.0688 body=0.00000 bowel=0.00000 femur=0.00000
2026-05-25 16:00:00 [INFO] Step 10/54 Loss=2897.3804 mse=1.3382 v_opt=6.06197 v_mand=5.32608 ptv=0.0554 ptv_max=0.04208 global_ceil=713.68750 ring=0.04230 smooth=0.2200 laplacian=0.8558 anticollapse=0.00000 beam=0.94272 beam_ceil=709.16064 homogeneity=0.0667 body=0.00000 bowel=0.89444 femur=1.30430
2026-05-25 16:00:06 [INFO] Step 15/54 Loss=2751.5220 mse=1.3852 v_opt=6.18306 v_mand=5.44333 ptv=0.0337 ptv_max=0.03753 global_ceil=751.42664 ring=0.03712 smooth=0.2425 laplacian=0.9371 anticollapse=0.00000 beam=0.92832 beam_ceil=597.72369 homogeneity=0.0600 body=0.00000 bowel=1.05132 femur=1.24202
2026-05-25 16:00:10 [INFO] Step 20/54 Loss=2309.4167 mse=1.2263 v_opt=5.98601 v_mand=5.25368 ptv=0.0746 ptv_max=0.03918 global_ceil=637.51062 ring=0.04024 smooth=0.2146 laplacian=0.8307 anticollapse=0.00000 beam=0.98804 beam_ceil=492.82761 homogeneity=0.0654 body=0.00000 bowel=0.83702 femur=1.42255
2026-05-25 16:00:16 [INFO] Step 25/54 Loss=1566.9164 mse=0.9024 v_opt=6.18485 v_mand=5.44535 ptv=0.0566 ptv_max=0.03545 global_ceil=453.37164 ring=0.03442 smooth=0.1713 laplacian=0.6572 anticollapse=0.00000 beam=0.97838 beam_ceil=309.49280 homogeneity=0.0589 body=0.00000 bowel=1.04980 femur=1.34084
2026-05-25 16:00:21 [INFO] Step 30/54 Loss=1494.5305 mse=0.9234 v_opt=4.86814 v_mand=4.26355 ptv=0.0764 ptv_max=0.03985 global_ceil=510.94666 ring=0.03673 smooth=0.2006 laplacian=0.7199 anticollapse=0.00000 beam=0.97544 beam_ceil=217.27359 homogeneity=0.0700 body=0.00000 bowel=0.45395 femur=1.47384
2026-05-25 16:00:27 [INFO] Step 35/54 Loss=1826.6544 mse=1.0475 v_opt=6.67375 v_mand=5.92115 ptv=0.0348 ptv_max=0.03047 global_ceil=376.48535 ring=0.02964 smooth=0.1482 laplacian=0.5637 anticollapse=0.00000 beam=0.85437 beam_ceil=513.67395 homogeneity=0.0513 body=0.00000 bowel=1.26137 femur=1.87418
2026-05-25 16:00:33 [INFO] Step 40/54 Loss=2050.0088 mse=1.2099 v_opt=6.34851 v_mand=5.60686 ptv=0.0481 ptv_max=0.03391 global_ceil=455.96509 ring=0.03235 smooth=0.1935 laplacian=0.7368 anticollapse=0.00000 beam=0.89082 beam_ceil=544.48645 homogeneity=0.0568 body=0.00000 bowel=0.85228 femur=1.44172
2026-05-25 16:00:38 [INFO] Step 45/54 Loss=2199.8677 mse=1.2707 v_opt=6.13421 v_mand=5.39609 ptv=0.0406 ptv_max=0.03195 global_ceil=499.51126 ring=0.03135 smooth=0.2107 laplacian=0.8134 anticollapse=0.00000 beam=0.89082 beam_ceil=575.44434 homogeneity=0.0534 body=0.00000 bowel=0.80324 femur=1.36181
2026-05-25 16:00:44 [INFO] Step 50/54 Loss=1700.6133 mse=1.1320 v_opt=6.25444 v_mand=5.51432 ptv=0.0412 ptv_max=0.03566 global_ceil=467.88635 ring=0.03317 smooth=0.2178 laplacian=0.8356 anticollapse=0.00000 beam=0.96155 beam_ceil=358.82666 homogeneity=0.0582 body=0.00000 bowel=1.08205 femur=1.38383
2026-05-25 16:00:49 [INFO] Step 54/54 Loss=2423.1267 mse=1.4011 v_opt=5.76448 v_mand=5.04159 ptv=0.0910 ptv_max=0.02877 global_ceil=605.91064 ring=0.02779 smooth=0.2439 laplacian=0.9568 anticollapse=0.00000 beam=0.94561 beam_ceil=579.56738 homogeneity=0.0561 body=0.00000 bowel=0.58968 femur=1.35298
2026-05-25 16:00:49 [INFO] Running validation at epoch 4...
2026-05-25 16:01:16 [INFO] Epoch 4 Summary: Train=2283.8818 Val=0.1166 (MSE=0.1166)
          Metrics: PTV_D95=51.15Gy Bladder=71.53Gy Rectum=78.33Gy
          Metrics: Ring=74.69Gy Dmax=100.99Gy BG=73.08Gy
2026-05-25 16:01:16 [INFO] [DIAGNOSTIC] Saved fallback model MSE=0.1166
2026-05-25 16:01:16 [INFO] Epoch 5/300 [RAMP 5/75 (7% of physics)] ramp=0.067 lr=1.00e-04
2026-05-25 16:01:23 [INFO] Step 5/54 Loss=1978.2867 mse=1.2903 v_opt=5.67874 v_mand=5.00021 ptv=0.0380 ptv_max=0.03052 global_ceil=417.59149 ring=0.02873 smooth=0.2058 laplacian=0.7855 anticollapse=0.00000 beam=0.90584 beam_ceil=544.65393 homogeneity=0.0529 body=0.00000 bowel=0.92230 femur=1.46549
2026-05-25 16:01:28 [INFO] Step 10/54 Loss=1879.1848 mse=1.2635 v_opt=5.59419 v_mand=4.90785 ptv=0.0387 ptv_max=0.02822 global_ceil=412.48547 ring=0.02654 smooth=0.1883 laplacian=0.7336 anticollapse=0.00000 beam=0.86977 beam_ceil=500.68933 homogeneity=0.0492 body=0.00000 bowel=1.09707 femur=1.40930
2026-05-25 16:01:34 [INFO] Step 15/54 Loss=1370.5632 mse=0.9174 v_opt=6.55720 v_mand=5.80861 ptv=0.0292 ptv_max=0.02601 global_ceil=370.10931 ring=0.02465 smooth=0.1799 laplacian=0.6885 anticollapse=0.00000 beam=0.95441 beam_ceil=291.52975 homogeneity=0.0456 body=0.00000 bowel=1.00168 femur=1.37285
2026-05-25 16:01:39 [INFO] Step 20/54 Loss=1634.2479 mse=1.2032 v_opt=6.75517 v_mand=5.99886 ptv=0.0401 ptv_max=0.02676 global_ceil=411.47089 ring=0.02577 smooth=0.2468 laplacian=0.9302 anticollapse=0.00000 beam=0.94706 beam_ceil=377.90485 homogeneity=0.0481 body=0.00000 bowel=0.93524 femur=1.94107
2026-05-25 16:01:45 [INFO] Step 25/54 Loss=1839.7130 mse=1.2587 v_opt=4.55734 v_mand=3.97914 ptv=0.0436 ptv_max=0.02817 global_ceil=424.09375 ring=0.02510 smooth=0.2153 laplacian=0.8328 anticollapse=0.00000 beam=0.92871 beam_ceil=471.22263 homogeneity=0.0496 body=0.00000 bowel=0.59753 femur=1.35453
2026-05-25 16:01:50 [INFO] Step 30/54 Loss=1666.3412 mse=1.1655 v_opt=6.50702 v_mand=5.75728 ptv=0.0253 ptv_max=0.02055 global_ceil=338.75571 ring=0.01991 smooth=0.1704 laplacian=0.6618 anticollapse=0.00000 beam=0.83457 beam_ceil=467.72714 homogeneity=0.0378 body=0.00000 bowel=1.34751 femur=1.37560
2026-05-25 16:01:57 [INFO] Step 35/54 Loss=1579.6818 mse=1.2097 v_opt=5.93880 v_mand=5.21118 ptv=0.0637 ptv_max=0.01774 global_ceil=422.12610 ring=0.01696 smooth=0.2245 laplacian=0.8671 anticollapse=0.00000 beam=0.95458 beam_ceil=341.63419 homogeneity=0.0379 body=0.00000 bowel=0.66744 femur=1.36138
2026-05-25 16:02:02 [INFO] Step 40/54 Loss=1540.8260 mse=1.1881 v_opt=6.39704 v_mand=5.65170 ptv=0.0481 ptv_max=0.02402 global_ceil=421.08777 ring=0.02387 smooth=0.2327 laplacian=0.9042 anticollapse=0.00000 beam=0.95824 beam_ceil=322.50702 homogeneity=0.0452 body=0.00000 bowel=0.99748 femur=1.46087
2026-05-25 16:02:08 [INFO] Step 45/54 Loss=1625.2344 mse=1.2187 v_opt=6.34823 v_mand=5.60405 ptv=0.0371 ptv_max=0.02333 global_ceil=426.53961 ring=0.02175 smooth=0.2160 laplacian=0.8430 anticollapse=0.00000 beam=0.95050 beam_ceil=359.00723 homogeneity=0.0429 body=0.00000 bowel=0.99968 femur=1.39573
2026-05-25 16:02:13 [INFO] Step 50/54 Loss=1654.7905 mse=1.2977 v_opt=6.18411 v_mand=5.44628 ptv=0.0509 ptv_max=0.02307 global_ceil=367.16437 ring=0.02094 smooth=0.2220 laplacian=0.8646 anticollapse=0.00000 beam=0.93570 beam_ceil=432.48285 homogeneity=0.0443 body=0.00000 bowel=0.95179 femur=1.37434
2026-05-25 16:02:18 [INFO] Step 54/54 Loss=1661.2067 mse=1.2790 v_opt=6.04269 v_mand=5.30960 ptv=0.0628 ptv_max=0.02103 global_ceil=378.79022 ring=0.01944 smooth=0.2179 laplacian=0.8607 anticollapse=0.00000 beam=0.93896 beam_ceil=424.52838 homogeneity=0.0432 body=0.00000 bowel=0.97987 femur=1.37086
2026-05-25 16:02:18 [INFO] Running validation at epoch 5...
2026-05-25 16:02:44 [INFO] Epoch 5 Summary: Train=1625.2963 Val=0.1128 (MSE=0.1128)
          Metrics: PTV_D95=49.76Gy Bladder=72.04Gy Rectum=74.05Gy
          Metrics: Ring=73.14Gy Dmax=93.09Gy BG=72.02Gy
2026-05-25 16:02:44 [INFO] [DIAGNOSTIC] Saved fallback model MSE=0.1128
2026-05-25 16:02:44 [INFO] Epoch 6/300 [RAMP 6/75 (8% of physics)] ramp=0.080 lr=9.99e-05
2026-05-25 16:02:51 [INFO] Step 5/54 Loss=923.6949 mse=0.7034 v_opt=6.27636 v_mand=5.53538 ptv=0.0554 ptv_max=0.02035 global_ceil=170.70811 ring=0.01895 smooth=0.1321 laplacian=0.4864 anticollapse=0.00000 beam=0.93597 beam_ceil=268.45203 homogeneity=0.0417 body=0.00000 bowel=0.91622 femur=1.36267
2026-05-25 16:02:56 [INFO] Step 10/54 Loss=1529.8568 mse=1.1740 v_opt=6.24010 v_mand=5.50098 ptv=0.0492 ptv_max=0.02071 global_ceil=365.54840 ring=0.01908 smooth=0.2084 laplacian=0.8063 anticollapse=0.00000 beam=0.94376 beam_ceil=370.93137 homogeneity=0.0414 body=0.00000 bowel=0.70492 femur=1.36922
2026-05-25 16:03:03 [INFO] Step 15/54 Loss=1349.4305 mse=1.1733 v_opt=6.34334 v_mand=5.60015 ptv=0.0581 ptv_max=0.01911 global_ceil=260.55243 ring=0.01811 smooth=0.1863 laplacian=0.7146 anticollapse=0.00000 beam=0.94396 beam_ceil=385.34247 homogeneity=0.0406 body=0.00000 bowel=1.01585 femur=1.40357
2026-05-25 16:03:08 [INFO] Step 20/54 Loss=1504.3785 mse=1.2921 v_opt=6.24004 v_mand=5.50004 ptv=0.0610 ptv_max=0.01854 global_ceil=321.84827 ring=0.01837 smooth=0.2194 laplacian=0.8603 anticollapse=0.00000 beam=0.92209 beam_ceil=400.20795 homogeneity=0.0401 body=0.00000 bowel=1.08473 femur=1.37481
2026-05-25 16:03:14 [INFO] Step 25/54 Loss=1033.7124 mse=0.5873 v_opt=6.46198 v_mand=5.71412 ptv=0.0451 ptv_max=0.02001 global_ceil=184.29227 ring=0.02010 smooth=0.1280 laplacian=0.4871 anticollapse=0.00000 beam=0.94008 beam_ceil=310.83661 homogeneity=0.0400 body=0.00000 bowel=1.07374 femur=1.42813
2026-05-25 16:03:19 [INFO] Step 30/54 Loss=1104.7427 mse=0.9857 v_opt=4.59158 v_mand=4.03027 ptv=0.0502 ptv_max=0.01701 global_ceil=208.00864 ring=0.01683 smooth=0.1614 laplacian=0.6103 anticollapse=0.00000 beam=0.92054 beam_ceil=321.33325 homogeneity=0.0364 body=0.00000 bowel=0.94732 femur=1.25424
2026-05-25 16:03:25 [INFO] Step 35/54 Loss=1501.8900 mse=1.3108 v_opt=5.91310 v_mand=5.19847 ptv=0.0505 ptv_max=0.01807 global_ceil=285.63788 ring=0.01646 smooth=0.2030 laplacian=0.8034 anticollapse=0.00000 beam=0.89572 beam_ceil=435.76434 homogeneity=0.0379 body=0.00000 bowel=0.84180 femur=1.37325
2026-05-25 16:03:30 [INFO] Step 40/54 Loss=1392.9155 mse=1.2543 v_opt=6.34415 v_mand=5.60174 ptv=0.0493 ptv_max=0.01660 global_ceil=277.06506 ring=0.01535 smooth=0.1964 laplacian=0.7690 anticollapse=0.00000 beam=0.90860 beam_ceil=389.65228 homogeneity=0.0362 body=0.00000 bowel=0.94401 femur=1.39048
2026-05-25 16:03:36 [INFO] Step 45/54 Loss=946.2453 mse=1.0399 v_opt=6.22221 v_mand=5.48571 ptv=0.0201 ptv_max=0.01752 global_ceil=241.23190 ring=0.01685 smooth=0.1776 laplacian=0.6864 anticollapse=0.00000 beam=0.92623 beam_ceil=206.20189 homogeneity=0.0336 body=0.00000 bowel=0.00000 femur=0.00000
2026-05-25 16:03:41 [INFO] Step 50/54 Loss=1132.4171 mse=1.0953 v_opt=6.15836 v_mand=5.42018 ptv=0.0473 ptv_max=0.01444 global_ceil=269.04504 ring=0.01378 smooth=0.1957 laplacian=0.7542 anticollapse=0.00000 beam=0.93182 beam_ceil=269.76202 homogeneity=0.0324 body=0.00000 bowel=0.99493 femur=1.37513
2026-05-25 16:03:45 [INFO] Step 54/54 Loss=746.1541 mse=0.9093 v_opt=6.28843 v_mand=5.54793 ptv=0.0209 ptv_max=0.01990 global_ceil=231.86884 ring=0.01883 smooth=0.1876 laplacian=0.7228 anticollapse=0.00000 beam=0.93204 beam_ceil=116.99005 homogeneity=0.0370 body=0.00000 bowel=0.00000 femur=0.00000
2026-05-25 16:03:46 [INFO] Running validation at epoch 6...
2026-05-25 16:04:12 [INFO] Epoch 6 Summary: Train=1173.4748 Val=0.1096 (MSE=0.1096)
          Metrics: PTV_D95=48.75Gy Bladder=71.18Gy Rectum=72.40Gy
          Metrics: Ring=72.08Gy Dmax=89.27Gy BG=71.11Gy
2026-05-25 16:04:12 [INFO] [DIAGNOSTIC] Saved fallback model MSE=0.1096
2026-05-25 16:04:12 [INFO] Epoch 7/300 [RAMP 7/75 (9% of physics)] ramp=0.093 lr=9.99e-05
2026-05-25 16:04:19 [INFO] Step 5/54 Loss=1346.3505 mse=1.2429 v_opt=5.58107 v_mand=4.90199 ptv=0.0553 ptv_max=0.01630 global_ceil=233.58908 ring=0.01500 smooth=0.1991 laplacian=0.7610 anticollapse=0.00000 beam=0.87210 beam_ceil=409.40799 homogeneity=0.0367 body=0.00000 bowel=0.90974 femur=1.40940
2026-05-25 16:04:24 [INFO] Step 10/54 Loss=949.4225 mse=0.9343 v_opt=5.78354 v_mand=5.08219 ptv=0.0817 ptv_max=0.01331 global_ceil=147.50723 ring=0.01280 smooth=0.1367 laplacian=0.5233 anticollapse=0.00000 beam=0.93140 beam_ceil=300.35748 homogeneity=0.0360 body=0.00000 bowel=1.00644 femur=1.44847
2026-05-25 16:04:31 [INFO] Step 15/54 Loss=1071.4237 mse=1.1034 v_opt=6.01885 v_mand=5.28832 ptv=0.0998 ptv_max=0.01478 global_ceil=292.51468 ring=0.01326 smooth=0.2261 laplacian=0.8648 anticollapse=0.00000 beam=0.94120 beam_ceil=213.84758 homogeneity=0.0419 body=0.00000 bowel=0.71313 femur=1.38894
2026-05-25 16:04:36 [INFO] Step 20/54 Loss=1000.7976 mse=1.0748 v_opt=6.15487 v_mand=5.41836 ptv=0.0792 ptv_max=0.01548 global_ceil=277.46948 ring=0.01438 smooth=0.2127 laplacian=0.8265 anticollapse=0.00000 beam=0.94185 beam_ceil=193.35922 homogeneity=0.0391 body=0.00000 bowel=1.12725 femur=1.36177
2026-05-25 16:04:43 [INFO] Step 25/54 Loss=1286.2855 mse=1.2471 v_opt=6.09197 v_mand=5.35815 ptv=0.0608 ptv_max=0.01415 global_ceil=265.33591 ring=0.01384 smooth=0.2091 laplacian=0.8201 anticollapse=0.00000 beam=0.91419 beam_ceil=346.35931 homogeneity=0.0346 body=0.00000 bowel=1.00593 femur=1.38432
2026-05-25 16:04:48 [INFO] Step 30/54 Loss=1260.1521 mse=1.1844 v_opt=6.21377 v_mand=5.47724 ptv=0.0549 ptv_max=0.01388 global_ceil=215.26651 ring=0.01274 smooth=0.1768 laplacian=0.6880 anticollapse=0.00000 beam=0.86306 beam_ceil=384.14996 homogeneity=0.0333 body=0.00000 bowel=0.72798 femur=1.38555
2026-05-25 16:04:54 [INFO] Step 35/54 Loss=1053.0986 mse=1.0999 v_opt=5.64965 v_mand=4.95926 ptv=0.0620 ptv_max=0.01244 global_ceil=183.22937 ring=0.01145 smooth=0.1652 laplacian=0.6421 anticollapse=0.00000 beam=0.89301 beam_ceil=314.74503 homogeneity=0.0324 body=0.00000 bowel=1.04041 femur=1.38319
2026-05-25 16:04:59 [INFO] Step 40/54 Loss=1008.6007 mse=1.0960 v_opt=6.19703 v_mand=5.46104 ptv=0.0703 ptv_max=0.01325 global_ceil=251.09669 ring=0.01235 smooth=0.2071 laplacian=0.7981 anticollapse=0.00000 beam=0.93252 beam_ceil=223.40298 homogeneity=0.0351 body=0.00000 bowel=0.96274 femur=1.40521
2026-05-25 16:05:06 [INFO] Step 45/54 Loss=1163.3629 mse=1.1736 v_opt=5.96945 v_mand=5.25228 ptv=0.0601 ptv_max=0.01206 global_ceil=212.10318 ring=0.01109 smooth=0.1841 laplacian=0.7156 anticollapse=0.00000 beam=0.90318 beam_ceil=339.26105 homogeneity=0.0318 body=0.00000 bowel=1.16281 femur=1.37433
2026-05-25 16:05:11 [INFO] Step 50/54 Loss=724.4993 mse=0.9672 v_opt=6.21674 v_mand=5.48153 ptv=0.0244 ptv_max=0.01309 global_ceil=173.61807 ring=0.01199 smooth=0.1667 laplacian=0.6375 anticollapse=0.00000 beam=0.91690 beam_ceil=161.80704 homogeneity=0.0280 body=0.00000 bowel=0.00000 femur=0.00000
2026-05-25 16:05:15 [INFO] Step 54/54 Loss=942.2620 mse=1.0350 v_opt=5.56952 v_mand=4.89286 ptv=0.0522 ptv_max=0.01054 global_ceil=154.86075 ring=0.01036 smooth=0.1537 laplacian=0.5904 anticollapse=0.00000 beam=0.90469 beam_ceil=288.68103 homogeneity=0.0282 body=0.00000 bowel=1.05593 femur=1.38033
2026-05-25 16:05:15 [INFO] Running validation at epoch 7...
2026-05-25 16:05:41 [INFO] Epoch 7 Summary: Train=1065.8851 Val=0.1062 (MSE=0.1062)
          Metrics: PTV_D95=47.70Gy Bladder=70.18Gy Rectum=70.28Gy
          Metrics: Ring=70.72Gy Dmax=86.09Gy BG=70.08Gy
2026-05-25 16:05:41 [INFO] [DIAGNOSTIC] Saved fallback model MSE=0.1062
2026-05-25 16:05:41 [INFO] Epoch 8/300 [RAMP 8/75 (11% of physics)] ramp=0.107 lr=9.99e-05
2026-05-25 16:05:48 [INFO] Step 5/54 Loss=1212.8330 mse=1.1819 v_opt=5.64317 v_mand=4.95437 ptv=0.0596 ptv_max=0.01270 global_ceil=201.09048 ring=0.01140 smooth=0.1927 laplacian=0.7547 anticollapse=0.00000 beam=0.85579 beam_ceil=373.74609 homogeneity=0.0324 body=0.00000 bowel=0.90296 femur=1.38781
2026-05-25 16:05:53 [INFO] Step 10/54 Loss=819.5886 mse=0.9896 v_opt=6.31267 v_mand=5.57728 ptv=0.0345 ptv_max=0.00985 global_ceil=154.33786 ring=0.00996 smooth=0.1663 laplacian=0.6312 anticollapse=0.00000 beam=0.92555 beam_ceil=224.42920 homogeneity=0.0246 body=0.00000 bowel=1.04076 femur=1.37995
2026-05-25 16:06:00 [INFO] Step 15/54 Loss=971.7550 mse=1.0219 v_opt=6.17553 v_mand=5.43868 ptv=0.0591 ptv_max=0.01038 global_ceil=154.62354 ring=0.00973 smooth=0.1476 laplacian=0.5681 anticollapse=0.00000 beam=0.82564 beam_ceil=300.32455 homogeneity=0.0289 body=0.00000 bowel=1.04122 femur=1.40123
2026-05-25 16:06:05 [INFO] Step 20/54 Loss=177.4399 mse=0.3457 v_opt=0.00000 v_mand=0.00000 ptv=0.0000 ptv_max=0.00000 global_ceil=82.28278 ring=0.00000 smooth=0.0966 laplacian=0.3573 anticollapse=0.00000 beam=0.92904 beam_ceil=0.00000 homogeneity=0.0000 body=0.00000 bowel=0.97115 femur=0.00000
2026-05-25 16:06:11 [INFO] Step 25/54 Loss=731.2863 mse=0.8633 v_opt=6.34084 v_mand=5.59746 ptv=0.0517 ptv_max=0.00840 global_ceil=116.27460 ring=0.00814 smooth=0.1236 laplacian=0.4620 anticollapse=0.00000 beam=0.90120 beam_ceil=220.31421 homogeneity=0.0255 body=0.00000 bowel=0.57286 femur=1.39033
2026-05-25 16:06:16 [INFO] Step 30/54 Loss=955.5328 mse=1.0402 v_opt=6.23412 v_mand=5.49415 ptv=0.0693 ptv_max=0.00994 global_ceil=155.23517 ring=0.00908 smooth=0.1546 laplacian=0.5995 anticollapse=0.00000 beam=0.85247 beam_ceil=291.16711 homogeneity=0.0301 body=0.00000 bowel=1.09129 femur=1.33596
2026-05-25 16:06:23 [INFO] Step 35/54 Loss=630.2829 mse=0.8905 v_opt=6.06044 v_mand=5.32827 ptv=0.0568 ptv_max=0.00972 global_ceil=146.79402 ring=0.00938 smooth=0.1615 laplacian=0.6283 anticollapse=0.00000 beam=0.91633 beam_ceil=139.24487 homogeneity=0.0275 body=0.00000 bowel=1.04738 femur=1.37954
2026-05-25 16:06:28 [INFO] Step 40/54 Loss=753.3461 mse=0.8003 v_opt=6.30244 v_mand=5.56019 ptv=0.0688 ptv_max=0.00921 global_ceil=160.78929 ring=0.00908 smooth=0.1410 laplacian=0.5356 anticollapse=0.00000 beam=0.92492 beam_ceil=187.22928 homogeneity=0.0290 body=0.00000 bowel=1.09744 femur=1.38976
2026-05-25 16:06:34 [INFO] Step 45/54 Loss=1096.9276 mse=1.1886 v_opt=6.19080 v_mand=5.45328 ptv=0.0480 ptv_max=0.00950 global_ceil=151.64217 ring=0.00891 smooth=0.1774 laplacian=0.6956 anticollapse=0.00000 beam=0.85738 beam_ceil=363.72128 homogeneity=0.0261 body=0.00000 bowel=1.03899 femur=1.37777
2026-05-25 16:06:39 [INFO] Step 50/54 Loss=861.8966 mse=1.0721 v_opt=6.28751 v_mand=5.54419 ptv=0.0523 ptv_max=0.00834 global_ceil=174.24843 ring=0.00842 smooth=0.1776 laplacian=0.6969 anticollapse=0.00000 beam=0.90254 beam_ceil=224.75540 homogeneity=0.0249 body=0.00000 bowel=1.01737 femur=1.40225
2026-05-25 16:06:43 [INFO] Step 54/54 Loss=788.4049 mse=0.9067 v_opt=5.46499 v_mand=4.79535 ptv=0.0647 ptv_max=0.00884 global_ceil=94.79095 ring=0.00831 smooth=0.1305 laplacian=0.5006 anticollapse=0.00000 beam=0.87685 beam_ceil=271.70221 homogeneity=0.0279 body=0.00000 bowel=0.99666 femur=1.41832
2026-05-25 16:06:44 [INFO] Running validation at epoch 8...
2026-05-25 16:07:10 [INFO] Epoch 8 Summary: Train=858.1557 Val=0.1033 (MSE=0.1033)
          Metrics: PTV_D95=46.84Gy Bladder=69.28Gy Rectum=69.75Gy
          Metrics: Ring=69.81Gy Dmax=83.89Gy BG=69.21Gy
2026-05-25 16:07:10 [INFO] [DIAGNOSTIC] Saved fallback model MSE=0.1033
2026-05-25 16:07:10 [INFO] Epoch 9/300 [RAMP 9/75 (12% of physics)] ramp=0.120 lr=9.98e-05
2026-05-25 16:07:17 [INFO] Step 5/54 Loss=631.8961 mse=0.9498 v_opt=6.08755 v_mand=5.36143 ptv=0.0287 ptv_max=0.00883 global_ceil=138.53658 ring=0.00860 smooth=0.1651 laplacian=0.6343 anticollapse=0.00000 beam=0.90090 beam_ceil=147.04230 homogeneity=0.0221 body=0.00000 bowel=0.00000 femur=0.00000
2026-05-25 16:07:22 [INFO] Step 10/54 Loss=751.2932 mse=1.0242 v_opt=5.74850 v_mand=5.05235 ptv=0.0607 ptv_max=0.00835 global_ceil=120.13763 ring=0.00806 smooth=0.1789 laplacian=0.6798 anticollapse=0.00000 beam=0.91683 beam_ceil=223.48549 homogeneity=0.0266 body=0.00000 bowel=0.87613 femur=1.40804
2026-05-25 16:07:29 [INFO] Step 15/54 Loss=851.3691 mse=1.0376 v_opt=6.32184 v_mand=5.57948 ptv=0.0536 ptv_max=0.00789 global_ceil=108.12454 ring=0.00769 smooth=0.1567 laplacian=0.5984 anticollapse=0.00000 beam=0.89183 beam_ceil=283.75305 homogeneity=0.0245 body=0.00000 bowel=0.93018 femur=1.39518
2026-05-25 16:07:34 [INFO] Step 20/54 Loss=243.8895 mse=0.4987 v_opt=0.00000 v_mand=0.00000 ptv=0.0000 ptv_max=0.00000 global_ceil=100.64655 ring=0.00000 smooth=0.1165 laplacian=0.4296 anticollapse=0.00000 beam=0.92228 beam_ceil=12.65804 homogeneity=0.0000 body=0.00000 bowel=0.98612 femur=0.00000
2026-05-25 16:07:40 [INFO] Step 25/54 Loss=425.7966 mse=0.6845 v_opt=6.08455 v_mand=5.35186 ptv=0.0303 ptv_max=0.00902 global_ceil=98.54211 ring=0.00874 smooth=0.1278 laplacian=0.4858 anticollapse=0.00000 beam=0.91196 beam_ceil=87.35840 homogeneity=0.0228 body=0.00000 bowel=0.00000 femur=0.00000
2026-05-25 16:07:45 [INFO] Step 30/54 Loss=820.6212 mse=1.0178 v_opt=6.20271 v_mand=5.46444 ptv=0.0633 ptv_max=0.00798 global_ceil=106.54903 ring=0.00757 smooth=0.1523 laplacian=0.5913 anticollapse=0.00000 beam=0.88220 beam_ceil=270.52234 homogeneity=0.0263 body=0.00000 bowel=0.99217 femur=1.38078
2026-05-25 16:07:52 [INFO] Step 35/54 Loss=817.7901 mse=0.9802 v_opt=6.37417 v_mand=5.62908 ptv=0.0684 ptv_max=0.00627 global_ceil=88.29247 ring=0.00620 smooth=0.1509 laplacian=0.5587 anticollapse=0.00000 beam=0.86468 beam_ceil=288.28650 homogeneity=0.0246 body=0.00000 bowel=0.00000 femur=1.34224
2026-05-25 16:07:57 [INFO] Step 40/54 Loss=702.6133 mse=0.9122 v_opt=6.43257 v_mand=5.68480 ptv=0.0546 ptv_max=0.00640 global_ceil=108.86980 ring=0.00647 smooth=0.1512 laplacian=0.5852 anticollapse=0.00000 beam=0.90796 beam_ceil=209.72824 homogeneity=0.0222 body=0.00000 bowel=1.08555 femur=1.38971
2026-05-25 16:08:03 [INFO] Step 45/54 Loss=812.0140 mse=1.0188 v_opt=6.09367 v_mand=5.35899 ptv=0.0526 ptv_max=0.00720 global_ceil=114.79422 ring=0.00669 smooth=0.1601 laplacian=0.6299 anticollapse=0.00000 beam=0.88893 beam_ceil=258.25989 homogeneity=0.0232 body=0.00000 bowel=1.03412 femur=1.36229
2026-05-25 16:08:08 [INFO] Step 50/54 Loss=873.4709 mse=1.1403 v_opt=6.25761 v_mand=5.51933 ptv=0.1073 ptv_max=0.00682 global_ceil=90.68433 ring=0.00623 smooth=0.1818 laplacian=0.6919 anticollapse=0.00000 beam=0.84366 beam_ceil=311.60413 homogeneity=0.0332 body=0.00000 bowel=0.45711 femur=1.36343
2026-05-25 16:08:13 [INFO] Step 54/54 Loss=362.6606 mse=0.4457 v_opt=6.35106 v_mand=5.60817 ptv=0.0472 ptv_max=0.00574 global_ceil=39.35635 ring=0.00573 smooth=0.0742 laplacian=0.2686 anticollapse=0.00000 beam=0.88163 beam_ceil=115.55487 homogeneity=0.0200 body=0.00000 bowel=1.01946 femur=1.37894
2026-05-25 16:08:13 [INFO] Running validation at epoch 9...
2026-05-25 16:08:39 [INFO] Epoch 9 Summary: Train=732.6041 Val=0.1004 (MSE=0.1004)
          Metrics: PTV_D95=46.00Gy Bladder=68.43Gy Rectum=68.62Gy
          Metrics: Ring=68.76Gy Dmax=81.62Gy BG=68.29Gy
2026-05-25 16:08:39 [INFO] [DIAGNOSTIC] Saved fallback model MSE=0.1004
2026-05-25 16:08:39 [INFO] Epoch 10/300 [RAMP 10/75 (13% of physics)] ramp=0.133 lr=9.98e-05
2026-05-25 16:08:47 [INFO] Step 5/54 Loss=840.9752 mse=1.1320 v_opt=6.13024 v_mand=5.39439 ptv=0.0585 ptv_max=0.00602 global_ceil=98.12916 ring=0.00605 smooth=0.1713 laplacian=0.6783 anticollapse=0.00000 beam=0.86706 beam_ceil=285.63379 homogeneity=0.0222 body=0.00000 bowel=1.02926 femur=1.39361
2026-05-25 16:08:51 [INFO] Step 10/54 Loss=693.1889 mse=0.9481 v_opt=6.27409 v_mand=5.53451 ptv=0.0945 ptv_max=0.00629 global_ceil=77.80922 ring=0.00597 smooth=0.1457 laplacian=0.5525 anticollapse=0.00000 beam=0.89941 beam_ceil=234.37823 homogeneity=0.0299 body=0.00000 bowel=0.47757 femur=1.39371
2026-05-25 16:08:59 [INFO] Step 15/54 Loss=176.5578 mse=0.4720 v_opt=0.00000 v_mand=0.00000 ptv=0.0000 ptv_max=0.00000 global_ceil=79.66502 ring=0.00000 smooth=0.1234 laplacian=0.4510 anticollapse=0.00000 beam=0.91220 beam_ceil=0.00000 homogeneity=0.0000 body=0.00000 bowel=1.03453 femur=0.00000
2026-05-25 16:09:04 [INFO] Step 20/54 Loss=699.5065 mse=0.9326 v_opt=6.22198 v_mand=5.48295 ptv=0.0602 ptv_max=0.00512 global_ceil=102.19930 ring=0.00516 smooth=0.1457 laplacian=0.5577 anticollapse=0.00000 beam=0.88444 beam_ceil=212.95822 homogeneity=0.0209 body=0.00000 bowel=1.11007 femur=1.39133
2026-05-25 16:09:10 [INFO] Step 25/54 Loss=756.9464 mse=1.0969 v_opt=6.04008 v_mand=5.31064 ptv=0.0682 ptv_max=0.00661 global_ceil=95.47398 ring=0.00628 smooth=0.1806 laplacian=0.7118 anticollapse=0.00000 beam=0.87365 beam_ceil=246.97873 homogeneity=0.0249 body=0.00000 bowel=1.01920 femur=1.38898
2026-05-25 16:09:15 [INFO] Step 30/54 Loss=756.9168 mse=1.0387 v_opt=6.12532 v_mand=5.39177 ptv=0.0598 ptv_max=0.00533 global_ceil=62.01273 ring=0.00535 smooth=0.1705 laplacian=0.6501 anticollapse=0.00000 beam=0.87045 beam_ceil=281.22687 homogeneity=0.0214 body=0.00000 bowel=0.70488 femur=1.40184
2026-05-25 16:09:21 [INFO] Step 35/54 Loss=623.1591 mse=0.8882 v_opt=6.04773 v_mand=5.31759 ptv=0.0503 ptv_max=0.00522 global_ceil=60.89870 ring=0.00515 smooth=0.1328 laplacian=0.5101 anticollapse=0.00000 beam=0.88127 beam_ceil=217.31729 homogeneity=0.0197 body=0.00000 bowel=1.02368 femur=1.41166
2026-05-25 16:09:26 [INFO] Step 40/54 Loss=566.7042 mse=0.9860 v_opt=6.01870 v_mand=5.28928 ptv=0.0407 ptv_max=0.00600 global_ceil=75.85437 ring=0.00592 smooth=0.1688 laplacian=0.6562 anticollapse=0.00000 beam=0.88075 beam_ceil=174.92226 homogeneity=0.0195 body=0.00000 bowel=0.00000 femur=0.00000
2026-05-25 16:09:33 [INFO] Step 45/54 Loss=451.1828 mse=0.7291 v_opt=6.10599 v_mand=5.37254 ptv=0.0371 ptv_max=0.00595 global_ceil=75.25230 ring=0.00579 smooth=0.1346 laplacian=0.5036 anticollapse=0.00000 beam=0.89466 beam_ceil=120.71907 homogeneity=0.0190 body=0.00000 bowel=0.00000 femur=0.00000
2026-05-25 16:09:38 [INFO] Step 50/54 Loss=477.0038 mse=0.8087 v_opt=6.05574 v_mand=5.32411 ptv=0.0301 ptv_max=0.00600 global_ceil=55.48183 ring=0.00598 smooth=0.1481 laplacian=0.5519 anticollapse=0.00000 beam=0.88509 beam_ceil=152.57774 homogeneity=0.0181 body=0.00000 bowel=0.00000 femur=0.00000
2026-05-25 16:09:42 [INFO] Step 54/54 Loss=643.8896 mse=0.9797 v_opt=6.12847 v_mand=5.39351 ptv=0.0762 ptv_max=0.00488 global_ceil=60.71830 ring=0.00476 smooth=0.1594 laplacian=0.6134 anticollapse=0.00000 beam=0.87157 beam_ceil=226.64841 homogeneity=0.0235 body=0.00000 bowel=0.80209 femur=1.39674
2026-05-25 16:09:42 [INFO] Running validation at epoch 10...
2026-05-25 16:10:09 [INFO] Epoch 10 Summary: Train=641.6312 Val=0.0979 (MSE=0.0979)
          Metrics: PTV_D95=45.07Gy Bladder=67.81Gy Rectum=67.95Gy
          Metrics: Ring=68.02Gy Dmax=80.67Gy BG=67.47Gy
2026-05-25 16:10:09 [INFO] [DIAGNOSTIC] Saved fallback model MSE=0.0979
2026-05-25 16:10:09 [INFO] Epoch 11/300 [RAMP 11/75 (15% of physics)] ramp=0.147 lr=9.97e-05
2026-05-25 16:10:16 [INFO] Step 5/54 Loss=605.0892 mse=0.8935 v_opt=6.31911 v_mand=5.57760 ptv=0.0661 ptv_max=0.00439 global_ceil=36.91412 ring=0.00439 smooth=0.1378 laplacian=0.5303 anticollapse=0.00000 beam=0.87511 beam_ceil=229.07294 homogeneity=0.0210 body=0.00000 bowel=0.96965 femur=1.36705
2026-05-25 16:10:20 [INFO] Step 10/54 Loss=684.1707 mse=0.9126 v_opt=6.39827 v_mand=5.65193 ptv=0.0537 ptv_max=0.00388 global_ceil=50.56482 ring=0.00404 smooth=0.1349 laplacian=0.5093 anticollapse=0.00000 beam=0.00000 beam_ceil=255.98248 homogeneity=0.0178 body=0.00000 bowel=1.03295 femur=1.39438
2026-05-25 16:10:27 [INFO] Step 15/54 Loss=687.9315 mse=1.0411 v_opt=6.16658 v_mand=5.43010 ptv=0.0668 ptv_max=0.00431 global_ceil=41.81249 ring=0.00428 smooth=0.1591 laplacian=0.6158 anticollapse=0.00000 beam=0.84358 beam_ceil=264.31873 homogeneity=0.0210 body=0.00000 bowel=0.97361 femur=1.39044
2026-05-25 16:10:32 [INFO] Step 20/54 Loss=313.4086 mse=0.7883 v_opt=0.00000 v_mand=0.00000 ptv=0.0627 ptv_max=0.00466 global_ceil=97.00982 ring=0.00523 smooth=0.1831 laplacian=0.6854 anticollapse=0.00000 beam=0.89497 beam_ceil=46.71742 homogeneity=0.0201 body=0.00000 bowel=0.98668 femur=0.00000
2026-05-25 16:10:39 [INFO] Step 25/54 Loss=656.1125 mse=0.8950 v_opt=6.12224 v_mand=5.38622 ptv=0.0752 ptv_max=0.00435 global_ceil=51.22379 ring=0.00445 smooth=0.1401 laplacian=0.5330 anticollapse=0.00000 beam=0.83700 beam_ceil=241.10596 homogeneity=0.0222 body=0.00000 bowel=0.91293 femur=1.37209
2026-05-25 16:10:43 [INFO] Step 30/54 Loss=591.9914 mse=0.9265 v_opt=6.20289 v_mand=5.46384 ptv=0.0564 ptv_max=0.00377 global_ceil=45.52133 ring=0.00383 smooth=0.1431 laplacian=0.5563 anticollapse=0.00000 beam=0.87378 beam_ceil=213.70605 homogeneity=0.0178 body=0.00000 bowel=1.17949 femur=1.38622
2026-05-25 16:10:50 [INFO] Step 35/54 Loss=484.1367 mse=0.8558 v_opt=6.01942 v_mand=5.28680 ptv=0.0574 ptv_max=0.00395 global_ceil=56.45753 ring=0.00397 smooth=0.1493 laplacian=0.5706 anticollapse=0.00000 beam=0.87380 beam_ceil=150.56918 homogeneity=0.0183 body=0.00000 bowel=1.02480 femur=1.37699
2026-05-25 16:10:54 [INFO] Step 40/54 Loss=575.0240 mse=0.8617 v_opt=6.07101 v_mand=5.33555 ptv=0.0786 ptv_max=0.00394 global_ceil=43.57278 ring=0.00391 smooth=0.1389 laplacian=0.5376 anticollapse=0.00000 beam=0.86970 beam_ceil=208.51718 homogeneity=0.0218 body=0.00000 bowel=1.13105 femur=1.38278
2026-05-25 16:11:02 [INFO] Step 45/54 Loss=454.0724 mse=0.7195 v_opt=6.10038 v_mand=5.36619 ptv=0.0787 ptv_max=0.00341 global_ceil=44.93634 ring=0.00337 smooth=0.1390 laplacian=0.5142 anticollapse=0.00000 beam=0.88860 beam_ceil=148.89648 homogeneity=0.0212 body=0.00000 bowel=0.62447 femur=1.35516
2026-05-25 16:11:06 [INFO] Step 50/54 Loss=364.5648 mse=0.6782 v_opt=6.04107 v_mand=5.30940 ptv=0.0656 ptv_max=0.00378 global_ceil=48.72344 ring=0.00380 smooth=0.1302 laplacian=0.4930 anticollapse=0.00000 beam=0.88296 beam_ceil=100.76733 homogeneity=0.0193 body=0.00000 bowel=0.92205 femur=1.38363
2026-05-25 16:11:11 [INFO] Step 54/54 Loss=583.4749 mse=0.9407 v_opt=5.87808 v_mand=5.15226 ptv=0.0673 ptv_max=0.00415 global_ceil=86.44888 ring=0.00418 smooth=0.1724 laplacian=0.6733 anticollapse=0.00000 beam=0.87316 beam_ceil=170.15260 homogeneity=0.0203 body=0.00000 bowel=0.56830 femur=1.37600
2026-05-25 16:11:11 [INFO] Running validation at epoch 11...
2026-05-25 16:11:37 [INFO] Epoch 11 Summary: Train=567.1712 Val=0.0957 (MSE=0.0957)
          Metrics: PTV_D95=44.36Gy Bladder=67.36Gy Rectum=67.19Gy
          Metrics: Ring=67.34Gy Dmax=79.46Gy BG=66.75Gy
2026-05-25 16:11:37 [INFO] [PHYSICS] Saved best model val_loss=0.0957
2026-05-25 16:11:37 [INFO] [CLINICAL] Saved best model Score=121.494 PTV_D95=44.36Gy Bladder=67.36Gy Rectum=67.19Gy
2026-05-25 16:11:37 [INFO] [DIAGNOSTIC] Saved fallback model MSE=0.0957
2026-05-25 16:11:37 [INFO] Epoch 12/300 [RAMP 12/75 (16% of physics)] ramp=0.160 lr=9.97e-05
2026-05-25 16:11:44 [INFO] Step 5/54 Loss=673.3567 mse=1.0520 v_opt=6.21650 v_mand=5.47671 ptv=0.0687 ptv_max=0.00344 global_ceil=24.94862 ring=0.00346 smooth=0.1655 laplacian=0.6468 anticollapse=0.00000 beam=0.82680 beam_ceil=271.29434 homogeneity=0.0195 body=0.00000 bowel=1.02308 femur=1.37344
2026-05-25 16:11:49 [INFO] Step 10/54 Loss=642.5883 mse=0.9930 v_opt=6.15656 v_mand=5.42039 ptv=0.0735 ptv_max=0.00315 global_ceil=50.95758 ring=0.00314 smooth=0.1545 laplacian=0.6077 anticollapse=0.00000 beam=0.85432 beam_ceil=230.72076 homogeneity=0.0196 body=0.00000 bowel=1.11623 femur=1.37645
2026-05-25 16:11:56 [INFO] Step 15/54 Loss=610.2047 mse=0.9836 v_opt=5.61029 v_mand=4.91794 ptv=0.0692 ptv_max=0.00249 global_ceil=30.61031 ring=0.00244 smooth=0.1514 laplacian=0.5943 anticollapse=0.00000 beam=0.82663 beam_ceil=237.29907 homogeneity=0.0175 body=0.00000 bowel=1.01686 femur=1.36077
2026-05-25 16:12:01 [INFO] Step 20/54 Loss=573.8091 mse=0.9600 v_opt=6.00297 v_mand=5.27225 ptv=0.0570 ptv_max=0.00246 global_ceil=58.61167 ring=0.00257 smooth=0.1647 laplacian=0.6434 anticollapse=0.00000 beam=0.87015 beam_ceil=189.77121 homogeneity=0.0153 body=0.00000 bowel=1.04469 femur=1.38142
2026-05-25 16:12:07 [INFO] Step 25/54 Loss=636.9766 mse=1.0638 v_opt=6.25196 v_mand=5.51325 ptv=0.0709 ptv_max=0.00255 global_ceil=43.86185 ring=0.00270 smooth=0.1755 laplacian=0.6930 anticollapse=0.00000 beam=0.84241 beam_ceil=233.91806 homogeneity=0.0183 body=0.00000 bowel=0.99821 femur=1.33034
2026-05-25 16:12:12 [INFO] Step 30/54 Loss=773.2625 mse=1.0952 v_opt=5.98446 v_mand=5.25373 ptv=0.0935 ptv_max=0.00338 global_ceil=49.26469 ring=0.00348 smooth=0.1793 laplacian=0.7101 anticollapse=0.00000 beam=0.84275 beam_ceil=297.18811 homogeneity=0.0238 body=0.00000 bowel=1.04529 femur=1.39951
2026-05-25 16:12:19 [INFO] Step 35/54 Loss=478.1933 mse=0.7225 v_opt=5.94589 v_mand=5.21941 ptv=0.0407 ptv_max=0.00357 global_ceil=21.10287 ring=0.00376 smooth=0.1068 laplacian=0.4064 anticollapse=0.00000 beam=0.84905 beam_ceil=185.16040 homogeneity=0.0152 body=0.00000 bowel=0.00000 femur=0.00000
2026-05-25 16:12:23 [INFO] Step 40/54 Loss=472.7090 mse=0.8974 v_opt=6.04243 v_mand=5.31358 ptv=0.0538 ptv_max=0.00253 global_ceil=4.35728 ring=0.00263 smooth=0.1328 laplacian=0.5084 anticollapse=0.00000 beam=0.84595 beam_ceil=194.22220 homogeneity=0.0150 body=0.00000 bowel=1.01152 femur=1.39584
2026-05-25 16:12:30 [INFO] Step 45/54 Loss=717.5818 mse=0.9778 v_opt=5.53473 v_mand=4.84832 ptv=0.0689 ptv_max=0.00275 global_ceil=47.83269 ring=0.00278 smooth=0.1693 laplacian=0.6594 anticollapse=0.00000 beam=0.81927 beam_ceil=274.15442 homogeneity=0.0178 body=0.00000 bowel=0.96421 femur=1.38720
2026-05-25 16:12:35 [INFO] Step 50/54 Loss=683.0098 mse=1.0918 v_opt=6.25190 v_mand=5.50981 ptv=0.0913 ptv_max=0.00249 global_ceil=22.17234 ring=0.00261 smooth=0.1775 laplacian=0.7077 anticollapse=0.00000 beam=0.82692 beam_ceil=278.11920 homogeneity=0.0217 body=0.00000 bowel=1.06257 femur=1.44855
2026-05-25 16:12:40 [INFO] Step 54/54 Loss=141.0075 mse=0.6570 v_opt=0.00000 v_mand=0.00000 ptv=0.0000 ptv_max=0.00000 global_ceil=60.25448 ring=0.00000 smooth=0.1678 laplacian=0.6373 anticollapse=0.00000 beam=0.88420 beam_ceil=0.00000 homogeneity=0.0000 body=0.00000 bowel=0.00000 femur=0.00000
2026-05-25 16:12:40 [INFO] Running validation at epoch 12...
2026-05-25 16:13:06 [INFO] Epoch 12 Summary: Train=502.1302 Val=0.0936 (MSE=0.0936)
          Metrics: PTV_D95=43.77Gy Bladder=66.48Gy Rectum=66.54Gy
          Metrics: Ring=66.54Gy Dmax=77.73Gy BG=66.06Gy
2026-05-25 16:13:06 [INFO] [PHYSICS] Saved best model val_loss=0.0936
2026-05-25 16:13:06 [INFO] [DIAGNOSTIC] Saved fallback model MSE=0.0936
2026-05-25 16:13:06 [INFO] Epoch 13/300 [RAMP 13/75 (17% of physics)] ramp=0.173 lr=9.96e-05
2026-05-25 16:13:14 [INFO] Step 5/54 Loss=423.8909 mse=0.8642 v_opt=3.20357 v_mand=2.85854 ptv=0.0657 ptv_max=0.00227 global_ceil=56.28489 ring=0.00247 smooth=0.1780 laplacian=0.6705 anticollapse=0.00000 beam=0.88103 beam_ceil=127.05334 homogeneity=0.0162 body=0.00000 bowel=0.99073 femur=1.43244
2026-05-25 16:13:19 [INFO] Step 10/54 Loss=369.9597 mse=0.5709 v_opt=5.81961 v_mand=5.12150 ptv=0.0483 ptv_max=0.00133 global_ceil=7.81407 ring=0.00141 smooth=0.0807 laplacian=0.3013 anticollapse=0.00000 beam=0.87532 beam_ceil=142.00531 homogeneity=0.0112 body=0.00000 bowel=1.17099 femur=1.36756
2026-05-25 16:13:26 [INFO] Step 15/54 Loss=277.8748 mse=0.5341 v_opt=6.27976 v_mand=5.53522 ptv=0.0430 ptv_max=0.00133 global_ceil=9.83268 ring=0.00146 smooth=0.0794 laplacian=0.2984 anticollapse=0.00000 beam=0.86646 beam_ceil=92.18703 homogeneity=0.0102 body=0.00000 bowel=1.45591 femur=1.36918
2026-05-25 16:13:30 [INFO] Step 20/54 Loss=82.8884 mse=0.4920 v_opt=0.00000 v_mand=0.00000 ptv=0.0000 ptv_max=0.00000 global_ceil=29.97732 ring=0.00000 smooth=0.1179 laplacian=0.4518 anticollapse=0.00000 beam=0.87702 beam_ceil=1.80869 homogeneity=0.0000 body=0.00000 bowel=1.07886 femur=0.00000
2026-05-25 16:13:37 [INFO] Step 25/54 Loss=122.0696 mse=0.4474 v_opt=0.00000 v_mand=0.00000 ptv=0.0000 ptv_max=0.00000 global_ceil=24.88534 ring=0.00000 smooth=0.0994 laplacian=0.3671 anticollapse=0.00000 beam=0.88038 beam_ceil=27.26435 homogeneity=0.0000 body=0.00000 bowel=0.00000 femur=1.40510
2026-05-25 16:13:41 [INFO] Step 30/54 Loss=447.7461 mse=0.8579 v_opt=6.00452 v_mand=5.27353 ptv=0.0672 ptv_max=0.00241 global_ceil=7.84882 ring=0.00233 smooth=0.1428 laplacian=0.5564 anticollapse=0.00000 beam=0.85907 beam_ceil=176.52563 homogeneity=0.0170 body=0.00000 bowel=1.10624 femur=1.39248
2026-05-25 16:13:48 [INFO] Step 35/54 Loss=560.7103 mse=1.0635 v_opt=5.68757 v_mand=4.98699 ptv=0.0827 ptv_max=0.00208 global_ceil=5.98871 ring=0.00220 smooth=0.1783 laplacian=0.7075 anticollapse=0.00000 beam=0.85053 beam_ceil=233.70676 homogeneity=0.0191 body=0.00000 bowel=0.98260 femur=1.37661
2026-05-25 16:13:53 [INFO] Step 40/54 Loss=556.9504 mse=0.9349 v_opt=6.02448 v_mand=5.29239 ptv=0.1008 ptv_max=0.00221 global_ceil=1.47896 ring=0.00228 smooth=0.1544 laplacian=0.6089 anticollapse=0.00000 beam=0.82418 beam_ceil=236.56900 homogeneity=0.0225 body=0.00000 bowel=1.03102 femur=1.38701
2026-05-25 16:13:59 [INFO] Step 45/54 Loss=374.8561 mse=0.7966 v_opt=4.34891 v_mand=3.79368 ptv=0.0585 ptv_max=0.00129 global_ceil=0.68597 ring=0.00139 smooth=0.1315 laplacian=0.5004 anticollapse=0.00000 beam=0.84610 beam_ceil=155.54346 homogeneity=0.0126 body=0.00000 bowel=0.54942 femur=1.36292
2026-05-25 16:14:04 [INFO] Step 50/54 Loss=145.2186 mse=0.4237 v_opt=0.00000 v_mand=0.00000 ptv=0.0000 ptv_max=0.00000 global_ceil=16.03738 ring=0.00000 smooth=0.0820 laplacian=0.3034 anticollapse=0.00000 beam=0.87559 beam_ceil=47.92365 homogeneity=0.0000 body=0.00000 bowel=1.01271 femur=0.00000
2026-05-25 16:14:09 [INFO] Step 54/54 Loss=526.2419 mse=0.9523 v_opt=6.02624 v_mand=5.29443 ptv=0.0802 ptv_max=0.00182 global_ceil=0.72848 ring=0.00177 smooth=0.1627 laplacian=0.6430 anticollapse=0.00000 beam=0.74946 beam_ceil=221.89856 homogeneity=0.0179 body=0.00000 bowel=1.06430 femur=1.35799
2026-05-25 16:14:09 [INFO] Running validation at epoch 13...
2026-05-25 16:14:35 [INFO] Epoch 13 Summary: Train=429.0690 Val=0.0915 (MSE=0.0915)
          Metrics: PTV_D95=43.14Gy Bladder=65.83Gy Rectum=65.79Gy
          Metrics: Ring=65.88Gy Dmax=77.05Gy BG=65.36Gy
2026-05-25 16:14:35 [INFO] [PHYSICS] Saved best model val_loss=0.0915
2026-05-25 16:14:35 [INFO] [DIAGNOSTIC] Saved fallback model MSE=0.0915
2026-05-25 16:14:35 [INFO] Epoch 14/300 [RAMP 14/75 (19% of physics)] ramp=0.187 lr=9.95e-05
2026-05-25 16:14:42 [INFO] Step 5/54 Loss=518.5568 mse=0.9152 v_opt=6.15621 v_mand=5.41976 ptv=0.0717 ptv_max=0.00141 global_ceil=0.25890 ring=0.00153 smooth=0.1467 laplacian=0.5679 anticollapse=0.00000 beam=0.76968 beam_ceil=216.30609 homogeneity=0.0153 body=0.00000 bowel=0.97161 femur=1.37113
2026-05-25 16:14:48 [INFO] Step 10/54 Loss=224.4415 mse=0.6143 v_opt=3.32187 v_mand=2.97095 ptv=0.0442 ptv_max=0.00146 global_ceil=20.92625 ring=0.00174 smooth=0.1349 laplacian=0.4985 anticollapse=0.00000 beam=0.86670 beam_ceil=65.50307 homogeneity=0.0109 body=0.00000 bowel=0.91128 femur=0.00000
2026-05-25 16:14:54 [INFO] Step 15/54 Loss=464.2013 mse=0.8106 v_opt=5.69864 v_mand=4.99261 ptv=0.0787 ptv_max=0.00170 global_ceil=7.15784 ring=0.00165 smooth=0.1342 laplacian=0.5179 anticollapse=0.00000 beam=0.85200 beam_ceil=185.40474 homogeneity=0.0174 body=0.00000 bowel=0.97927 femur=1.38996
2026-05-25 16:14:59 [INFO] Step 20/54 Loss=347.2744 mse=0.6991 v_opt=6.08599 v_mand=5.34944 ptv=0.0738 ptv_max=0.00112 global_ceil=5.07975 ring=0.00115 smooth=0.1204 laplacian=0.4612 anticollapse=0.00000 beam=0.85852 beam_ceil=128.61668 homogeneity=0.0148 body=0.00000 bowel=1.04978 femur=1.38138
2026-05-25 16:15:05 [INFO] Step 25/54 Loss=539.4755 mse=0.9983 v_opt=5.97117 v_mand=5.24379 ptv=0.0730 ptv_max=0.00149 global_ceil=0.34210 ring=0.00151 smooth=0.1670 laplacian=0.6606 anticollapse=0.00000 beam=0.80613 beam_ceil=226.30960 homogeneity=0.0159 body=0.00000 bowel=1.01844 femur=1.36109
2026-05-25 16:15:10 [INFO] Step 30/54 Loss=387.9392 mse=0.8482 v_opt=6.00524 v_mand=5.27532 ptv=0.0729 ptv_max=0.00128 global_ceil=12.85480 ring=0.00133 smooth=0.1616 laplacian=0.6255 anticollapse=0.00000 beam=0.86715 beam_ceil=139.58157 homogeneity=0.0152 body=0.00000 bowel=1.03841 femur=1.38381
2026-05-25 16:15:15 [INFO] Step 35/54 Loss=30.2842 mse=0.5014 v_opt=0.00000 v_mand=0.00000 ptv=0.0000 ptv_max=0.00000 global_ceil=6.60891 ring=0.00000 smooth=0.1348 laplacian=0.4946 anticollapse=0.00000 beam=0.86669 beam_ceil=0.00000 homogeneity=0.0000 body=0.00000 bowel=0.00000 femur=0.00000
2026-05-25 16:15:21 [INFO] Step 40/54 Loss=325.3456 mse=0.6643 v_opt=5.70353 v_mand=4.98202 ptv=0.0968 ptv_max=0.00167 global_ceil=2.39850 ring=0.00161 smooth=0.1272 laplacian=0.4901 anticollapse=0.00000 beam=0.86238 beam_ceil=122.57915 homogeneity=0.0204 body=0.00000 bowel=0.98727 femur=1.38062
2026-05-25 16:15:27 [INFO] Step 45/54 Loss=437.9358 mse=0.8889 v_opt=5.73793 v_mand=5.01429 ptv=0.1003 ptv_max=0.00101 global_ceil=0.54913 ring=0.00105 smooth=0.1609 laplacian=0.6189 anticollapse=0.00000 beam=0.84246 beam_ceil=178.18478 homogeneity=0.0189 body=0.00000 bowel=0.68713 femur=1.36595
2026-05-25 16:15:32 [INFO] Step 50/54 Loss=533.2018 mse=0.9720 v_opt=5.99183 v_mand=5.25890 ptv=0.0849 ptv_max=0.00095 global_ceil=2.23579 ring=0.00104 smooth=0.1755 laplacian=0.6761 anticollapse=0.00000 beam=0.81216 beam_ceil=221.72093 homogeneity=0.0161 body=0.00000 bowel=0.88641 femur=1.33029
2026-05-25 16:15:36 [INFO] Step 54/54 Loss=494.6031 mse=0.8452 v_opt=5.20635 v_mand=4.54793 ptv=0.0870 ptv_max=0.00083 global_ceil=0.75031 ring=0.00087 smooth=0.1335 laplacian=0.5149 anticollapse=0.00000 beam=0.82712 beam_ceil=208.82257 homogeneity=0.0161 body=0.00000 bowel=0.97953 femur=1.38172
2026-05-25 16:15:36 [INFO] Running validation at epoch 14...
2026-05-25 16:16:03 [INFO] Epoch 14 Summary: Train=407.0305 Val=0.0894 (MSE=0.0894)
          Metrics: PTV_D95=42.41Gy Bladder=65.22Gy Rectum=64.45Gy
          Metrics: Ring=65.08Gy Dmax=75.26Gy BG=64.64Gy
2026-05-25 16:16:03 [INFO] [PHYSICS] Saved best model val_loss=0.0894
2026-05-25 16:16:03 [INFO] [DIAGNOSTIC] Saved fallback model MSE=0.0894
2026-05-25 16:16:03 [INFO] Epoch 15/300 [RAMP 15/75 (20% of physics)] ramp=0.200 lr=9.95e-05
2026-05-25 16:16:11 [INFO] Step 5/54 Loss=452.1682 mse=0.8667 v_opt=5.90575 v_mand=5.18036 ptv=0.0868 ptv_max=0.00128 global_ceil=0.12412 ring=0.00131 smooth=0.1491 laplacian=0.5710 anticollapse=0.00000 beam=0.82682 beam_ceil=183.21071 homogeneity=0.0175 body=0.00000 bowel=0.62744 femur=1.38139
2026-05-25 16:16:15 [INFO] Step 10/54 Loss=420.7572 mse=0.7921 v_opt=5.84727 v_mand=5.12308 ptv=0.0717 ptv_max=0.00123 global_ceil=0.00982 ring=0.00117 smooth=0.1291 laplacian=0.5039 anticollapse=0.00000 beam=0.82999 beam_ceil=168.21216 homogeneity=0.0146 body=0.00000 bowel=1.09513 femur=1.36707
2026-05-25 16:16:22 [INFO] Step 15/54 Loss=316.4820 mse=0.9102 v_opt=5.77838 v_mand=5.05835 ptv=0.0527 ptv_max=0.00102 global_ceil=0.01148 ring=0.00106 smooth=0.1645 laplacian=0.6407 anticollapse=0.00000 beam=0.84316 beam_ceil=117.86856 homogeneity=0.0109 body=0.00000 bowel=0.00000 femur=0.00000
2026-05-25 16:16:27 [INFO] Step 20/54 Loss=447.2027 mse=0.8430 v_opt=5.80982 v_mand=5.08476 ptv=0.0782 ptv_max=0.00107 global_ceil=0.01451 ring=0.00100 smooth=0.1504 laplacian=0.5891 anticollapse=0.00000 beam=0.83597 beam_ceil=180.94373 homogeneity=0.0154 body=0.00000 bowel=1.07426 femur=1.38224
2026-05-25 16:16:33 [INFO] Step 25/54 Loss=442.5072 mse=0.9032 v_opt=5.90651 v_mand=5.17857 ptv=0.0935 ptv_max=0.00075 global_ceil=0.63070 ring=0.00078 smooth=0.1574 laplacian=0.6194 anticollapse=0.00000 beam=0.84324 beam_ceil=176.76920 homogeneity=0.0171 body=0.00000 bowel=1.03062 femur=1.36963
2026-05-25 16:16:38 [INFO] Step 30/54 Loss=379.2998 mse=0.7926 v_opt=5.97601 v_mand=5.24515 ptv=0.0771 ptv_max=0.00061 global_ceil=0.25533 ring=0.00067 smooth=0.1424 laplacian=0.5434 anticollapse=0.00000 beam=0.84302 beam_ceil=146.76578 homogeneity=0.0135 body=0.00000 bowel=0.94596 femur=1.37394
2026-05-25 16:16:44 [INFO] Step 35/54 Loss=393.4466 mse=0.9029 v_opt=5.15478 v_mand=4.49771 ptv=0.1022 ptv_max=0.00096 global_ceil=1.34054 ring=0.00095 smooth=0.1640 laplacian=0.6424 anticollapse=0.00000 beam=0.83304 beam_ceil=155.24643 homogeneity=0.0194 body=0.00000 bowel=0.91055 femur=1.38771
2026-05-25 16:16:49 [INFO] Step 40/54 Loss=285.0399 mse=0.7117 v_opt=5.76754 v_mand=5.04814 ptv=0.1064 ptv_max=0.00088 global_ceil=0.84882 ring=0.00090 smooth=0.1633 laplacian=0.6324 anticollapse=0.00000 beam=0.85058 beam_ceil=100.79655 homogeneity=0.0200 body=0.00000 bowel=1.04616 femur=1.39473
2026-05-25 16:16:56 [INFO] Step 45/54 Loss=398.3513 mse=0.8366 v_opt=5.53267 v_mand=4.83485 ptv=0.0808 ptv_max=0.00064 global_ceil=0.23107 ring=0.00064 smooth=0.1456 laplacian=0.5749 anticollapse=0.00000 beam=0.83100 beam_ceil=157.34132 homogeneity=0.0141 body=0.00000 bowel=1.33633 femur=1.36151
2026-05-25 16:17:01 [INFO] Step 50/54 Loss=258.2317 mse=0.6451 v_opt=5.83312 v_mand=5.10568 ptv=0.0663 ptv_max=0.00057 global_ceil=0.02493 ring=0.00062 smooth=0.1140 laplacian=0.4311 anticollapse=0.00000 beam=0.84464 beam_ceil=90.50918 homogeneity=0.0108 body=0.00000 bowel=0.00000 femur=1.38735
2026-05-25 16:17:05 [INFO] Step 54/54 Loss=411.2535 mse=0.8819 v_opt=5.90421 v_mand=5.17648 ptv=0.0963 ptv_max=0.00076 global_ceil=0.25035 ring=0.00077 smooth=0.1664 laplacian=0.6451 anticollapse=0.00000 beam=0.83918 beam_ceil=162.14569 homogeneity=0.0176 body=0.00000 bowel=0.78619 femur=1.38333
2026-05-25 16:17:06 [INFO] Running validation at epoch 15...
2026-05-25 16:17:32 [INFO] Epoch 15 Summary: Train=391.9871 Val=0.0871 (MSE=0.0871)
          Metrics: PTV_D95=41.77Gy Bladder=64.45Gy Rectum=64.11Gy
          Metrics: Ring=64.31Gy Dmax=74.48Gy BG=63.89Gy
2026-05-25 16:17:32 [INFO] [PHYSICS] Saved best model val_loss=0.0871
2026-05-25 16:17:32 [INFO] [DIAGNOSTIC] Saved fallback model MSE=0.0871
2026-05-25 16:17:32 [INFO] Epoch 16/300 [RAMP 16/75 (21% of physics)] ramp=0.213 lr=9.94e-05
2026-05-25 16:17:39 [INFO] Step 5/54 Loss=268.2012 mse=0.5881 v_opt=5.25938 v_mand=4.58906 ptv=0.1028 ptv_max=0.00074 global_ceil=0.01834 ring=0.00069 smooth=0.1096 laplacian=0.4212 anticollapse=0.00000 beam=0.85701 beam_ceil=95.38104 homogeneity=0.0188 body=0.00000 bowel=0.98782 femur=1.39451
2026-05-25 16:17:44 [INFO] Step 10/54 Loss=246.3398 mse=0.6948 v_opt=3.22890 v_mand=2.88087 ptv=0.0651 ptv_max=0.00027 global_ceil=0.12193 ring=0.00031 smooth=0.1317 laplacian=0.4991 anticollapse=0.00000 beam=0.84858 beam_ceil=91.98261 homogeneity=0.0094 body=0.00000 bowel=1.38689 femur=1.37918
2026-05-25 16:17:50 [INFO] Step 15/54 Loss=381.5686 mse=0.6679 v_opt=6.08074 v_mand=5.34490 ptv=0.0760 ptv_max=0.00034 global_ceil=0.05894 ring=0.00039 smooth=0.1089 laplacian=0.4069 anticollapse=0.00000 beam=0.82992 beam_ceil=147.01944 homogeneity=0.0120 body=0.00000 bowel=0.94860 femur=1.38897
2026-05-25 16:17:56 [INFO] Step 20/54 Loss=400.5205 mse=0.7487 v_opt=5.78570 v_mand=5.06133 ptv=0.0897 ptv_max=0.00026 global_ceil=0.00680 ring=0.00027 smooth=0.1225 laplacian=0.4749 anticollapse=0.00000 beam=0.79490 beam_ceil=157.01489 homogeneity=0.0134 body=0.00000 bowel=1.04767 femur=1.36984
2026-05-25 16:18:01 [INFO] Step 25/54 Loss=484.9800 mse=0.8984 v_opt=5.29415 v_mand=4.61610 ptv=0.0891 ptv_max=0.00022 global_ceil=0.06917 ring=0.00027 smooth=0.1527 laplacian=0.5951 anticollapse=0.00000 beam=0.82069 beam_ceil=199.65982 homogeneity=0.0132 body=0.00000 bowel=1.03037 femur=1.39205
2026-05-25 16:18:08 [INFO] Step 30/54 Loss=417.3298 mse=0.8718 v_opt=5.72536 v_mand=5.00648 ptv=0.1089 ptv_max=0.00051 global_ceil=0.01317 ring=0.00048 smooth=0.1559 laplacian=0.6022 anticollapse=0.00000 beam=0.82754 beam_ceil=164.40074 homogeneity=0.0187 body=0.00000 bowel=0.77497 femur=1.38840
2026-05-25 16:18:13 [INFO] Step 35/54 Loss=500.6014 mse=0.9598 v_opt=5.58057 v_mand=4.88008 ptv=0.0899 ptv_max=0.00034 global_ceil=0.04461 ring=0.00036 smooth=0.1625 laplacian=0.6397 anticollapse=0.00000 beam=0.78783 beam_ceil=205.55637 homogeneity=0.0143 body=0.00000 bowel=0.92103 femur=1.33031
2026-05-25 16:18:19 [INFO] Step 40/54 Loss=482.3004 mse=0.9425 v_opt=5.92725 v_mand=5.19787 ptv=0.1086 ptv_max=0.00048 global_ceil=0.26999 ring=0.00049 smooth=0.1660 laplacian=0.6517 anticollapse=0.00000 beam=0.82569 beam_ceil=194.21741 homogeneity=0.0185 body=0.00000 bowel=1.05755 femur=1.37981
2026-05-25 16:18:24 [INFO] Step 45/54 Loss=386.7335 mse=0.6952 v_opt=5.93736 v_mand=5.20623 ptv=0.0897 ptv_max=0.00038 global_ceil=0.00000 ring=0.00037 smooth=0.1135 laplacian=0.4360 anticollapse=0.00000 beam=0.80980 beam_ceil=149.95338 homogeneity=0.0144 body=0.00000 bowel=1.05083 femur=1.37922
2026-05-25 16:18:31 [INFO] Step 50/54 Loss=407.5877 mse=0.7707 v_opt=5.80140 v_mand=5.07968 ptv=0.1279 ptv_max=0.00036 global_ceil=0.08009 ring=0.00037 smooth=0.1335 laplacian=0.5203 anticollapse=0.00000 beam=0.83203 beam_ceil=160.14883 homogeneity=0.0217 body=0.00000 bowel=0.90752 femur=1.36018
2026-05-25 16:18:35 [INFO] Step 54/54 Loss=378.2329 mse=0.8062 v_opt=5.73848 v_mand=5.01836 ptv=0.0999 ptv_max=0.00047 global_ceil=0.03717 ring=0.00043 smooth=0.1499 laplacian=0.5866 anticollapse=0.00000 beam=0.82977 beam_ceil=145.31665 homogeneity=0.0167 body=0.00000 bowel=0.95983 femur=1.37685
2026-05-25 16:18:35 [INFO] Running validation at epoch 16...
2026-05-25 16:19:01 [INFO] Epoch 16 Summary: Train=374.7886 Val=0.0854 (MSE=0.0854)
          Metrics: PTV_D95=41.20Gy Bladder=63.94Gy Rectum=63.69Gy
          Metrics: Ring=63.74Gy Dmax=74.45Gy BG=63.29Gy
2026-05-25 16:19:01 [INFO] [PHYSICS] Saved best model val_loss=0.0854
2026-05-25 16:19:01 [INFO] [DIAGNOSTIC] Saved fallback model MSE=0.0854
2026-05-25 16:19:01 [INFO] Epoch 17/300 [RAMP 17/75 (23% of physics)] ramp=0.227 lr=9.93e-05
2026-05-25 16:19:08 [INFO] Step 5/54 Loss=493.5974 mse=0.9063 v_opt=5.94011 v_mand=5.21038 ptv=0.0985 ptv_max=0.00032 global_ceil=0.33435 ring=0.00034 smooth=0.1570 laplacian=0.6093 anticollapse=0.00000 beam=0.81343 beam_ceil=198.25638 homogeneity=0.0157 body=0.00000 bowel=0.94609 femur=1.39181
2026-05-25 16:19:13 [INFO] Step 10/54 Loss=285.7879 mse=0.6028 v_opt=5.86834 v_mand=5.13895 ptv=0.0693 ptv_max=0.00019 global_ceil=0.68273 ring=0.00024 smooth=0.1094 laplacian=0.4060 anticollapse=0.00000 beam=0.82993 beam_ceil=98.62543 homogeneity=0.0092 body=0.00000 bowel=0.78998 femur=1.37613
2026-05-25 16:19:20 [INFO] Step 15/54 Loss=360.9021 mse=0.6120 v_opt=5.66871 v_mand=4.94841 ptv=0.0999 ptv_max=0.00024 global_ceil=0.08643 ring=0.00021 smooth=0.1019 laplacian=0.3841 anticollapse=0.00000 beam=0.83073 beam_ceil=138.00789 homogeneity=0.0153 body=0.00000 bowel=0.65669 femur=1.34878
2026-05-25 16:19:25 [INFO] Step 20/54 Loss=251.8202 mse=0.6400 v_opt=5.59897 v_mand=4.89628 ptv=0.0917 ptv_max=0.00022 global_ceil=0.00801 ring=0.00019 smooth=0.1143 laplacian=0.4388 anticollapse=0.00000 beam=0.83479 beam_ceil=82.63147 homogeneity=0.0139 body=0.00000 bowel=1.11192 femur=1.41148
2026-05-25 16:19:32 [INFO] Step 25/54 Loss=417.2762 mse=0.8726 v_opt=5.63792 v_mand=4.92305 ptv=0.0935 ptv_max=0.00025 global_ceil=0.09305 ring=0.00024 smooth=0.1583 laplacian=0.6228 anticollapse=0.00000 beam=0.82487 beam_ceil=162.33664 homogeneity=0.0145 body=0.00000 bowel=1.00749 femur=1.37814
2026-05-25 16:19:37 [INFO] Step 30/54 Loss=331.8820 mse=0.6681 v_opt=5.81084 v_mand=5.08417 ptv=0.0890 ptv_max=0.00010 global_ceil=0.00000 ring=0.00013 smooth=0.1078 laplacian=0.4076 anticollapse=0.00000 beam=0.83746 beam_ceil=121.41238 homogeneity=0.0118 body=0.00000 bowel=1.01250 femur=1.39710
2026-05-25 16:19:42 [INFO] Step 35/54 Loss=410.6448 mse=0.9361 v_opt=5.36015 v_mand=4.67473 ptv=0.1065 ptv_max=0.00014 global_ceil=0.15090 ring=0.00016 smooth=0.1703 laplacian=0.6761 anticollapse=0.00000 beam=0.82650 beam_ceil=159.66083 homogeneity=0.0159 body=0.00000 bowel=0.98467 femur=1.34680
2026-05-25 16:19:48 [INFO] Step 40/54 Loss=262.1634 mse=0.6433 v_opt=5.24251 v_mand=4.57054 ptv=0.1033 ptv_max=0.00014 global_ceil=3.23058 ring=0.00013 smooth=0.1365 laplacian=0.5239 anticollapse=0.00000 beam=0.83599 beam_ceil=86.80159 homogeneity=0.0154 body=0.00000 bowel=0.89997 femur=1.37208
2026-05-25 16:19:54 [INFO] Step 45/54 Loss=243.2576 mse=0.4592 v_opt=5.45160 v_mand=4.75998 ptv=0.1054 ptv_max=0.00006 global_ceil=0.03026 ring=0.00007 smooth=0.0891 laplacian=0.3364 anticollapse=0.00000 beam=0.81545 beam_ceil=81.77644 homogeneity=0.0147 body=0.00000 bowel=0.95915 femur=1.39238
2026-05-25 16:20:00 [INFO] Step 50/54 Loss=371.9017 mse=0.7354 v_opt=5.76794 v_mand=5.04351 ptv=0.1022 ptv_max=0.00014 global_ceil=0.05970 ring=0.00010 smooth=0.1223 laplacian=0.4778 anticollapse=0.00000 beam=0.80114 beam_ceil=140.64238 homogeneity=0.0145 body=0.00000 bowel=1.13047 femur=1.36016
2026-05-25 16:20:04 [INFO] Step 54/54 Loss=350.4537 mse=0.7229 v_opt=4.76233 v_mand=4.13356 ptv=0.1509 ptv_max=0.00008 global_ceil=3.08820 ring=0.00006 smooth=0.1248 laplacian=0.4671 anticollapse=0.00000 beam=0.80328 beam_ceil=133.46573 homogeneity=0.0235 body=0.00000 bowel=0.48373 femur=1.35070
2026-05-25 16:20:04 [INFO] Running validation at epoch 17...
2026-05-25 16:20:30 [INFO] Epoch 17 Summary: Train=327.4423 Val=0.0835 (MSE=0.0835)
          Metrics: PTV_D95=40.69Gy Bladder=63.07Gy Rectum=62.50Gy
          Metrics: Ring=62.94Gy Dmax=73.37Gy BG=62.63Gy
2026-05-25 16:20:30 [INFO] [PHYSICS] Saved best model val_loss=0.0835
2026-05-25 16:20:30 [INFO] [DIAGNOSTIC] Saved fallback model MSE=0.0835
2026-05-25 16:20:30 [INFO] Epoch 18/300 [RAMP 18/75 (24% of physics)] ramp=0.240 lr=9.92e-05
2026-05-25 16:20:37 [INFO] Step 5/54 Loss=415.2749 mse=0.8368 v_opt=5.77052 v_mand=5.04473 ptv=0.0968 ptv_max=0.00012 global_ceil=0.03795 ring=0.00012 smooth=0.1468 laplacian=0.5729 anticollapse=0.00000 beam=0.76704 beam_ceil=159.22037 homogeneity=0.0138 body=0.00000 bowel=1.00108 femur=1.37425
2026-05-25 16:20:42 [INFO] Step 10/54 Loss=429.4483 mse=0.8300 v_opt=5.62377 v_mand=4.90426 ptv=0.1030 ptv_max=0.00015 global_ceil=0.00091 ring=0.00014 smooth=0.1454 laplacian=0.5681 anticollapse=0.00000 beam=0.80868 beam_ceil=167.05569 homogeneity=0.0147 body=0.00000 bowel=1.06084 femur=1.38450
2026-05-25 16:20:48 [INFO] Step 15/54 Loss=393.9396 mse=0.8074 v_opt=5.65600 v_mand=4.93529 ptv=0.0984 ptv_max=0.00004 global_ceil=0.00000 ring=0.00005 smooth=0.1443 laplacian=0.5573 anticollapse=0.00000 beam=0.81743 beam_ceil=149.54758 homogeneity=0.0128 body=0.00000 bowel=0.98496 femur=1.36218
2026-05-25 16:20:54 [INFO] Step 20/54 Loss=396.9283 mse=0.7771 v_opt=5.46100 v_mand=4.74639 ptv=0.1071 ptv_max=0.00009 global_ceil=0.00000 ring=0.00008 smooth=0.1406 laplacian=0.5456 anticollapse=0.00000 beam=0.80896 beam_ceil=152.67171 homogeneity=0.0149 body=0.00000 bowel=0.94830 femur=1.37157
2026-05-25 16:20:59 [INFO] Step 25/54 Loss=225.5711 mse=0.5578 v_opt=5.46631 v_mand=4.75129 ptv=0.0970 ptv_max=0.00011 global_ceil=0.04153 ring=0.00010 smooth=0.1140 laplacian=0.4223 anticollapse=0.00000 beam=0.82372 beam_ceil=70.04805 homogeneity=0.0130 body=0.00000 bowel=0.75050 femur=1.38786
2026-05-25 16:21:05 [INFO] Step 30/54 Loss=404.2823 mse=0.7847 v_opt=5.39845 v_mand=4.68833 ptv=0.1242 ptv_max=0.00009 global_ceil=0.02132 ring=0.00007 smooth=0.1419 laplacian=0.5474 anticollapse=0.00000 beam=0.79960 beam_ceil=157.11960 homogeneity=0.0184 body=0.00000 bowel=0.65891 femur=1.36703
2026-05-25 16:21:10 [INFO] Step 35/54 Loss=376.9565 mse=0.8041 v_opt=5.41061 v_mand=4.69804 ptv=0.1060 ptv_max=0.00005 global_ceil=0.00000 ring=0.00004 smooth=0.1479 laplacian=0.5831 anticollapse=0.00000 beam=0.81178 beam_ceil=142.45810 homogeneity=0.0143 body=0.00000 bowel=1.04167 femur=1.36854
2026-05-25 16:21:17 [INFO] Step 40/54 Loss=168.5903 mse=0.6403 v_opt=3.06229 v_mand=2.72072 ptv=0.0936 ptv_max=0.00001 global_ceil=0.07282 ring=0.00001 smooth=0.1302 laplacian=0.5020 anticollapse=0.00000 beam=0.82295 beam_ceil=54.51708 homogeneity=0.0105 body=0.00000 bowel=0.95490 femur=0.00000
2026-05-25 16:21:21 [INFO] Step 45/54 Loss=387.9726 mse=0.8231 v_opt=5.51750 v_mand=4.80177 ptv=0.1053 ptv_max=0.00002 global_ceil=0.00453 ring=0.00002 smooth=0.1484 laplacian=0.5763 anticollapse=0.00000 beam=0.81949 beam_ceil=147.16907 homogeneity=0.0136 body=0.00000 bowel=0.97105 femur=1.38264
2026-05-25 16:21:28 [INFO] Step 50/54 Loss=344.0309 mse=0.7939 v_opt=5.58009 v_mand=4.86219 ptv=0.1044 ptv_max=0.00001 global_ceil=0.00000 ring=0.00001 smooth=0.1358 laplacian=0.5270 anticollapse=0.00000 beam=0.81253 beam_ceil=125.12746 homogeneity=0.0126 body=0.00000 bowel=1.05023 femur=1.36307
2026-05-25 16:21:32 [INFO] Step 54/54 Loss=379.7992 mse=0.7848 v_opt=5.58396 v_mand=4.86794 ptv=0.1009 ptv_max=0.00005 global_ceil=0.06874 ring=0.00004 smooth=0.1304 laplacian=0.5072 anticollapse=0.00000 beam=0.78579 beam_ceil=143.13060 homogeneity=0.0133 body=0.00000 bowel=1.03288 femur=1.37625
2026-05-25 16:21:32 [INFO] Running validation at epoch 18...
2026-05-25 16:21:58 [INFO] Epoch 18 Summary: Train=329.8176 Val=0.0817 (MSE=0.0817)
          Metrics: PTV_D95=40.22Gy Bladder=62.55Gy Rectum=61.06Gy
          Metrics: Ring=62.30Gy Dmax=72.97Gy BG=62.03Gy
2026-05-25 16:21:58 [INFO] [PHYSICS] Saved best model val_loss=0.0817
2026-05-25 16:21:58 [INFO] [DIAGNOSTIC] Saved fallback model MSE=0.0817
2026-05-25 16:21:58 [INFO] Epoch 19/300 [RAMP 19/75 (25% of physics)] ramp=0.253 lr=9.91e-05
2026-05-25 16:22:05 [INFO] Step 5/54 Loss=415.7938 mse=0.8445 v_opt=5.45719 v_mand=4.74247 ptv=0.1073 ptv_max=0.00001 global_ceil=0.00483 ring=0.00001 smooth=0.1459 laplacian=0.5713 anticollapse=0.00000 beam=0.79228 beam_ceil=159.23299 homogeneity=0.0136 body=0.00000 bowel=0.99974 femur=1.36241
2026-05-25 16:22:10 [INFO] Step 10/54 Loss=342.2092 mse=0.7860 v_opt=5.21922 v_mand=4.51276 ptv=0.1073 ptv_max=0.00003 global_ceil=0.03067 ring=0.00003 smooth=0.1505 laplacian=0.5834 anticollapse=0.00000 beam=0.80872 beam_ceil=124.73949 homogeneity=0.0134 body=0.00000 bowel=0.91715 femur=1.37686
2026-05-25 16:22:17 [INFO] Step 15/54 Loss=365.4166 mse=0.7793 v_opt=5.23578 v_mand=4.53048 ptv=0.0971 ptv_max=0.00001 global_ceil=0.03241 ring=0.00001 smooth=0.1331 laplacian=0.5133 anticollapse=0.00000 beam=0.80825 beam_ceil=136.27306 homogeneity=0.0109 body=0.00000 bowel=0.97769 femur=1.36729
2026-05-25 16:22:22 [INFO] Step 20/54 Loss=262.7865 mse=0.7238 v_opt=5.04923 v_mand=4.34914 ptv=0.0957 ptv_max=0.00002 global_ceil=0.53107 ring=0.00002 smooth=0.1428 laplacian=0.5508 anticollapse=0.00000 beam=0.81718 beam_ceil=88.14156 homogeneity=0.0105 body=0.00000 bowel=0.00000 femur=1.37919
2026-05-25 16:22:29 [INFO] Step 25/54 Loss=342.6046 mse=0.7375 v_opt=3.78721 v_mand=3.24709 ptv=0.1084 ptv_max=0.00001 global_ceil=0.00000 ring=0.00001 smooth=0.1323 laplacian=0.5137 anticollapse=0.00000 beam=0.78480 beam_ceil=134.04477 homogeneity=0.0131 body=0.00000 bowel=0.93744 femur=1.37006
2026-05-25 16:22:33 [INFO] Step 30/54 Loss=379.2599 mse=0.8729 v_opt=5.22777 v_mand=4.52319 ptv=0.0824 ptv_max=0.00001 global_ceil=0.00000 ring=0.00001 smooth=0.1268 laplacian=0.4821 anticollapse=0.00000 beam=0.78512 beam_ceil=145.81470 homogeneity=0.0081 body=0.00000 bowel=0.00000 femur=0.00000
2026-05-25 16:22:40 [INFO] Step 35/54 Loss=411.7692 mse=0.8350 v_opt=5.46807 v_mand=4.75409 ptv=0.1169 ptv_max=0.00001 global_ceil=0.00846 ring=0.00000 smooth=0.1479 laplacian=0.5788 anticollapse=0.00000 beam=0.74179 beam_ceil=157.42096 homogeneity=0.0147 body=0.00000 bowel=0.99486 femur=1.35279
2026-05-25 16:22:44 [INFO] Step 40/54 Loss=178.0398 mse=0.7119 v_opt=5.10340 v_mand=4.40345 ptv=0.0859 ptv_max=0.00000 global_ceil=0.00000 ring=0.00000 smooth=0.1303 laplacian=0.5002 anticollapse=0.00000 beam=0.81255 beam_ceil=47.90738 homogeneity=0.0066 body=0.00000 bowel=0.00000 femur=0.00000
2026-05-25 16:22:51 [INFO] Step 45/54 Loss=249.3024 mse=0.7103 v_opt=4.95229 v_mand=4.25447 ptv=0.0965 ptv_max=0.00000 global_ceil=1.55890 ring=0.00000 smooth=0.1301 laplacian=0.5011 anticollapse=0.00000 beam=0.81555 beam_ceil=79.40076 homogeneity=0.0089 body=0.00000 bowel=0.95081 femur=1.37797
2026-05-25 16:22:56 [INFO] Step 50/54 Loss=361.8493 mse=0.7751 v_opt=5.25549 v_mand=4.54878 ptv=0.1070 ptv_max=0.00000 global_ceil=0.00000 ring=0.00000 smooth=0.1440 laplacian=0.5561 anticollapse=0.00000 beam=0.81248 beam_ceil=134.69981 homogeneity=0.0118 body=0.00000 bowel=0.81010 femur=1.37957
2026-05-25 16:23:00 [INFO] Step 54/54 Loss=47.0736 mse=0.3679 v_opt=0.00000 v_mand=0.00000 ptv=0.0000 ptv_max=0.00000 global_ceil=0.00000 ring=0.00000 smooth=0.0784 laplacian=0.2876 anticollapse=0.00000 beam=0.82116 beam_ceil=16.14542 homogeneity=0.0000 body=0.00000 bowel=0.00000 femur=0.00000
2026-05-25 16:23:01 [INFO] Running validation at epoch 19...
2026-05-25 16:23:27 [INFO] Epoch 19 Summary: Train=308.1999 Val=0.0800 (MSE=0.0800)
          Metrics: PTV_D95=39.80Gy Bladder=61.84Gy Rectum=59.02Gy
          Metrics: Ring=61.56Gy Dmax=72.24Gy BG=61.41Gy
2026-05-25 16:23:27 [INFO] [PHYSICS] Saved best model val_loss=0.0800
2026-05-25 16:23:27 [INFO] [DIAGNOSTIC] Saved fallback model MSE=0.0800
2026-05-25 16:23:27 [INFO] Epoch 20/300 [RAMP 20/75 (27% of physics)] ramp=0.267 lr=9.90e-05
2026-05-25 16:23:34 [INFO] Step 5/54 Loss=173.4883 mse=0.4193 v_opt=5.47603 v_mand=4.75529 ptv=0.0842 ptv_max=0.00000 global_ceil=0.00347 ring=0.00000 smooth=0.0803 laplacian=0.2975 anticollapse=0.00000 beam=0.81599 beam_ceil=40.51929 homogeneity=0.0058 body=0.00000 bowel=1.48224 femur=1.34735
2026-05-25 16:23:39 [INFO] Step 10/54 Loss=331.0034 mse=0.8004 v_opt=5.10929 v_mand=4.40980 ptv=0.1072 ptv_max=0.00000 global_ceil=0.01895 ring=0.00000 smooth=0.1343 laplacian=0.5223 anticollapse=0.00000 beam=0.81189 beam_ceil=118.08643 homogeneity=0.0104 body=0.00000 bowel=0.77737 femur=1.37448
2026-05-25 16:23:44 [INFO] Step 15/54 Loss=234.2626 mse=0.7075 v_opt=4.97821 v_mand=4.28519 ptv=0.0930 ptv_max=0.00000 global_ceil=0.00000 ring=0.00000 smooth=0.1246 laplacian=0.4821 anticollapse=0.00000 beam=0.80605 beam_ceil=75.22240 homogeneity=0.0080 body=0.00000 bowel=0.00000 femur=0.00000
2026-05-25 16:23:50 [INFO] Step 20/54 Loss=328.2254 mse=0.6840 v_opt=4.97541 v_mand=4.28061 ptv=0.1151 ptv_max=0.00000 global_ceil=0.06061 ring=0.00000 smooth=0.1139 laplacian=0.4484 anticollapse=0.00000 beam=0.79801 beam_ceil=118.68340 homogeneity=0.0135 body=0.00000 bowel=0.98780 femur=1.36092
2026-05-25 16:23:55 [INFO] Step 25/54 Loss=228.9479 mse=0.6547 v_opt=5.04166 v_mand=4.34398 ptv=0.1071 ptv_max=0.00000 global_ceil=0.00000 ring=0.00000 smooth=0.1261 laplacian=0.4814 anticollapse=0.00000 beam=0.80608 beam_ceil=69.01520 homogeneity=0.0113 body=0.00000 bowel=0.96058 femur=1.38858
2026-05-25 16:24:02 [INFO] Step 30/54 Loss=251.4425 mse=0.7072 v_opt=4.95838 v_mand=4.26709 ptv=0.0904 ptv_max=0.00000 global_ceil=0.00619 ring=0.00000 smooth=0.1291 laplacian=0.4945 anticollapse=0.00000 beam=0.81069 beam_ceil=83.91217 homogeneity=0.0089 body=0.00000 bowel=0.00000 femur=0.00000
2026-05-25 16:24:07 [INFO] Step 35/54 Loss=399.9135 mse=0.8110 v_opt=4.90062 v_mand=4.20943 ptv=0.1176 ptv_max=0.00000 global_ceil=0.00000 ring=0.00000 smooth=0.1439 laplacian=0.5598 anticollapse=0.00000 beam=0.78628 beam_ceil=153.46027 homogeneity=0.0122 body=0.00000 bowel=0.96948 femur=1.38573
2026-05-25 16:24:13 [INFO] Step 40/54 Loss=369.0550 mse=0.7882 v_opt=4.75220 v_mand=4.06619 ptv=0.1150 ptv_max=0.00000 global_ceil=0.03672 ring=0.00000 smooth=0.1376 laplacian=0.5419 anticollapse=0.00000 beam=0.77969 beam_ceil=139.15915 homogeneity=0.0115 body=0.00000 bowel=1.05122 femur=1.37956
2026-05-25 16:24:18 [INFO] Step 45/54 Loss=248.9732 mse=0.6352 v_opt=4.91611 v_mand=4.22707 ptv=0.1058 ptv_max=0.00000 global_ceil=0.01773 ring=0.00000 smooth=0.1184 laplacian=0.4550 anticollapse=0.00000 beam=0.80403 beam_ceil=80.23780 homogeneity=0.0094 body=0.00000 bowel=0.97391 femur=1.26467
2026-05-25 16:24:25 [INFO] Step 50/54 Loss=224.1055 mse=0.6086 v_opt=4.47044 v_mand=3.81694 ptv=0.1149 ptv_max=0.00000 global_ceil=0.03057 ring=0.00000 smooth=0.1190 laplacian=0.4523 anticollapse=0.00000 beam=0.80678 beam_ceil=70.83972 homogeneity=0.0116 body=0.00000 bowel=0.94740 femur=1.38805
2026-05-25 16:24:29 [INFO] Step 54/54 Loss=219.6302 mse=0.7762 v_opt=4.70170 v_mand=4.02322 ptv=0.1056 ptv_max=0.00000 global_ceil=0.02382 ring=0.00000 smooth=0.1475 laplacian=0.5755 anticollapse=0.00000 beam=0.80276 beam_ceil=68.77122 homogeneity=0.0084 body=0.00000 bowel=0.00000 femur=0.00000
2026-05-25 16:24:29 [INFO] Running validation at epoch 20...
2026-05-25 16:24:56 [INFO] Epoch 20 Summary: Train=288.8618 Val=0.0783 (MSE=0.0783)
          Metrics: PTV_D95=39.34Gy Bladder=61.03Gy Rectum=57.11Gy
          Metrics: Ring=60.68Gy Dmax=71.32Gy BG=60.84Gy
2026-05-25 16:24:56 [INFO] [PHYSICS] Saved best model val_loss=0.0783
2026-05-25 16:24:56 [INFO] [DIAGNOSTIC] Saved fallback model MSE=0.0783
2026-05-25 16:24:56 [INFO] Epoch 21/300 [RAMP 21/75 (28% of physics)] ramp=0.280 lr=9.89e-05
2026-05-25 16:25:03 [INFO] Step 5/54 Loss=222.1830 mse=0.6237 v_opt=4.80697 v_mand=4.12240 ptv=0.1096 ptv_max=0.00000 global_ceil=1.51453 ring=0.00000 smooth=0.1243 laplacian=0.4776 anticollapse=0.00000 beam=0.80622 beam_ceil=64.32600 homogeneity=0.0104 body=0.00000 bowel=0.96113 femur=1.34136
2026-05-25 16:25:08 [INFO] Step 10/54 Loss=229.5383 mse=0.8171 v_opt=4.57736 v_mand=3.90475 ptv=0.1071 ptv_max=0.00000 global_ceil=0.00000 ring=0.00000 smooth=0.1594 laplacian=0.6175 anticollapse=0.00000 beam=0.80355 beam_ceil=72.49889 homogeneity=0.0087 body=0.00000 bowel=0.00000 femur=0.00000
2026-05-25 16:25:14 [INFO] Step 15/54 Loss=229.0703 mse=0.6569 v_opt=5.14346 v_mand=4.44162 ptv=0.1145 ptv_max=0.00000 global_ceil=0.00000 ring=0.00000 smooth=0.1401 laplacian=0.5346 anticollapse=0.00000 beam=0.80952 beam_ceil=66.53011 homogeneity=0.0121 body=0.00000 bowel=0.91383 femur=1.37242
2026-05-25 16:25:19 [INFO] Step 20/54 Loss=272.9154 mse=0.6401 v_opt=4.68277 v_mand=4.00299 ptv=0.1217 ptv_max=0.00000 global_ceil=0.00000 ring=0.00000 smooth=0.1190 laplacian=0.4574 anticollapse=0.00000 beam=0.79917 beam_ceil=91.95536 homogeneity=0.0131 body=0.00000 bowel=0.90581 femur=1.37552
2026-05-25 16:25:25 [INFO] Step 25/54 Loss=75.9785 mse=0.4345 v_opt=0.00000 v_mand=0.00000 ptv=0.1237 ptv_max=0.00000 global_ceil=0.00000 ring=0.00001 smooth=0.1194 laplacian=0.4390 anticollapse=0.00000 beam=0.80779 beam_ceil=27.46252 homogeneity=0.0131 body=0.00000 bowel=0.82601 femur=0.00000
2026-05-25 16:25:30 [INFO] Step 30/54 Loss=266.6375 mse=0.8025 v_opt=3.49594 v_mand=2.99006 ptv=0.1158 ptv_max=0.00000 global_ceil=0.01028 ring=0.00000 smooth=0.1562 laplacian=0.6042 anticollapse=0.00000 beam=0.79422 beam_ceil=94.37015 homogeneity=0.0114 body=0.00000 bowel=0.78753 femur=1.37561
2026-05-25 16:25:37 [INFO] Step 35/54 Loss=335.6377 mse=0.7351 v_opt=4.38710 v_mand=3.74087 ptv=0.1322 ptv_max=0.00000 global_ceil=0.03765 ring=0.00000 smooth=0.1291 laplacian=0.5007 anticollapse=0.00000 beam=0.77097 beam_ceil=123.85062 homogeneity=0.0152 body=0.00000 bowel=0.99770 femur=1.38385
2026-05-25 16:25:42 [INFO] Step 40/54 Loss=205.9982 mse=0.6479 v_opt=4.67002 v_mand=3.98701 ptv=0.1013 ptv_max=0.00000 global_ceil=0.04797 ring=0.00000 smooth=0.1085 laplacian=0.4089 anticollapse=0.00000 beam=0.79952 beam_ceil=62.37341 homogeneity=0.0074 body=0.00000 bowel=0.00000 femur=0.00000
2026-05-25 16:25:48 [INFO] Step 45/54 Loss=321.2712 mse=0.6827 v_opt=4.50782 v_mand=3.83966 ptv=0.1408 ptv_max=0.00000 global_ceil=0.00000 ring=0.00000 smooth=0.1316 laplacian=0.5137 anticollapse=0.00000 beam=0.76598 beam_ceil=116.67268 homogeneity=0.0169 body=0.00000 bowel=0.98675 femur=1.36688
2026-05-25 16:25:53 [INFO] Step 50/54 Loss=216.6524 mse=0.5656 v_opt=5.13061 v_mand=4.42594 ptv=0.1294 ptv_max=0.00000 global_ceil=0.00000 ring=0.00000 smooth=0.1101 laplacian=0.4052 anticollapse=0.00000 beam=0.80409 beam_ceil=62.21014 homogeneity=0.0133 body=0.00000 bowel=0.65741 femur=1.36874
2026-05-25 16:25:57 [INFO] Step 54/54 Loss=227.1088 mse=0.5452 v_opt=4.82138 v_mand=4.13709 ptv=0.2102 ptv_max=0.00000 global_ceil=0.00000 ring=0.00000 smooth=0.1022 laplacian=0.3668 anticollapse=0.00000 beam=0.79297 beam_ceil=70.09662 homogeneity=0.0282 body=0.00000 bowel=0.46850 femur=1.37785
2026-05-25 16:25:57 [INFO] Running validation at epoch 21...
2026-05-25 16:26:24 [INFO] Epoch 21 Summary: Train=252.3413 Val=0.0766 (MSE=0.0766)
          Metrics: PTV_D95=38.91Gy Bladder=60.58Gy Rectum=56.45Gy
          Metrics: Ring=60.22Gy Dmax=71.26Gy BG=60.21Gy
2026-05-25 16:26:24 [INFO] [PHYSICS] Saved best model val_loss=0.0766
2026-05-25 16:26:24 [INFO] [DIAGNOSTIC] Saved fallback model MSE=0.0766
2026-05-25 16:26:24 [INFO] Epoch 22/300 [RAMP 22/75 (29% of physics)] ramp=0.293 lr=9.88e-05
2026-05-25 16:26:31 [INFO] Step 5/54 Loss=286.8070 mse=0.6927 v_opt=4.47664 v_mand=3.80687 ptv=0.1373 ptv_max=0.00000 global_ceil=0.01134 ring=0.00000 smooth=0.1362 laplacian=0.5341 anticollapse=0.00000 beam=0.79179 beam_ceil=97.79494 homogeneity=0.0159 body=0.00000 bowel=0.97560 femur=1.36295
2026-05-25 16:26:36 [INFO] Step 10/54 Loss=204.1123 mse=0.6714 v_opt=4.73433 v_mand=4.05118 ptv=0.1181 ptv_max=0.00000 global_ceil=0.00000 ring=0.00000 smooth=0.1356 laplacian=0.5281 anticollapse=0.00000 beam=0.80108 beam_ceil=54.81878 homogeneity=0.0112 body=0.00000 bowel=1.01835 femur=1.33366
2026-05-25 16:26:43 [INFO] Step 15/54 Loss=160.5717 mse=0.5991 v_opt=2.85869 v_mand=2.52195 ptv=0.1229 ptv_max=0.00000 global_ceil=0.00000 ring=0.00000 smooth=0.1194 laplacian=0.4621 anticollapse=0.00000 beam=0.79758 beam_ceil=46.02789 homogeneity=0.0117 body=0.00000 bowel=0.94966 femur=1.26251
2026-05-25 16:26:47 [INFO] Step 20/54 Loss=270.1444 mse=0.5877 v_opt=4.83069 v_mand=4.13893 ptv=0.1213 ptv_max=0.00000 global_ceil=0.00000 ring=0.00000 smooth=0.1024 laplacian=0.3913 anticollapse=0.00000 beam=0.77675 beam_ceil=88.41565 homogeneity=0.0109 body=0.00000 bowel=0.98454 femur=1.37391
2026-05-25 16:26:55 [INFO] Step 25/54 Loss=187.5938 mse=0.5365 v_opt=4.88899 v_mand=4.19492 ptv=0.1315 ptv_max=0.00000 global_ceil=0.00000 ring=0.00000 smooth=0.1184 laplacian=0.4355 anticollapse=0.00000 beam=0.80026 beam_ceil=48.19363 homogeneity=0.0123 body=0.00000 bowel=0.53875 femur=1.37380
2026-05-25 16:26:59 [INFO] Step 30/54 Loss=175.5545 mse=0.5585 v_opt=4.41882 v_mand=3.75623 ptv=0.1320 ptv_max=0.00000 global_ceil=0.00000 ring=0.00000 smooth=0.1239 laplacian=0.4612 anticollapse=0.00000 beam=0.79783 beam_ceil=44.77753 homogeneity=0.0132 body=0.00000 bowel=0.76187 femur=1.35386
2026-05-25 16:27:06 [INFO] Step 35/54 Loss=138.7108 mse=0.4059 v_opt=4.38980 v_mand=3.71678 ptv=0.1221 ptv_max=0.00000 global_ceil=0.02169 ring=0.00000 smooth=0.0708 laplacian=0.2639 anticollapse=0.00000 beam=0.79311 beam_ceil=30.34605 homogeneity=0.0086 body=0.00000 bowel=0.00000 femur=1.40015
2026-05-25 16:27:11 [INFO] Step 40/54 Loss=277.8882 mse=0.7183 v_opt=4.42849 v_mand=3.75970 ptv=0.1284 ptv_max=0.00000 global_ceil=0.00952 ring=0.00000 smooth=0.1268 laplacian=0.4950 anticollapse=0.00000 beam=0.78931 beam_ceil=93.46661 homogeneity=0.0110 body=0.00000 bowel=0.95693 femur=1.37531
2026-05-25 16:27:17 [INFO] Step 45/54 Loss=236.3542 mse=0.5827 v_opt=4.49810 v_mand=3.82429 ptv=0.1281 ptv_max=0.00000 global_ceil=0.00000 ring=0.00000 smooth=0.1011 laplacian=0.3880 anticollapse=0.00000 beam=0.78752 beam_ceil=73.86279 homogeneity=0.0114 body=0.00000 bowel=1.02973 femur=1.35891
2026-05-25 16:27:22 [INFO] Step 50/54 Loss=110.6654 mse=0.4771 v_opt=4.27891 v_mand=3.62106 ptv=0.1124 ptv_max=0.00000 global_ceil=0.00000 ring=0.00000 smooth=0.0960 laplacian=0.3692 anticollapse=0.00000 beam=0.79184 beam_ceil=18.18145 homogeneity=0.0084 body=0.00000 bowel=0.00000 femur=0.00000
2026-05-25 16:27:26 [INFO] Step 54/54 Loss=274.7102 mse=0.6995 v_opt=4.37591 v_mand=3.71265 ptv=0.1430 ptv_max=0.00000 global_ceil=0.02567 ring=0.00000 smooth=0.1411 laplacian=0.5520 anticollapse=0.00000 beam=0.78959 beam_ceil=92.53726 homogeneity=0.0157 body=0.00000 bowel=0.88793 femur=1.37002
2026-05-25 16:27:27 [INFO] Running validation at epoch 22...
2026-05-25 16:27:53 [INFO] Epoch 22 Summary: Train=239.5018 Val=0.0749 (MSE=0.0749)
          Metrics: PTV_D95=38.46Gy Bladder=59.92Gy Rectum=55.49Gy
          Metrics: Ring=59.55Gy Dmax=71.12Gy BG=59.62Gy
2026-05-25 16:27:53 [INFO] [PHYSICS] Saved best model val_loss=0.0749
2026-05-25 16:27:53 [INFO] [DIAGNOSTIC] Saved fallback model MSE=0.0749
2026-05-25 16:27:53 [INFO] Epoch 23/300 [RAMP 23/75 (31% of physics)] ramp=0.307 lr=9.87e-05
2026-05-25 16:28:00 [INFO] Step 5/54 Loss=208.4893 mse=0.5268 v_opt=4.66268 v_mand=3.98141 ptv=0.1542 ptv_max=0.00000 global_ceil=0.00000 ring=0.00000 smooth=0.1005 laplacian=0.3893 anticollapse=0.00000 beam=0.79621 beam_ceil=57.55894 homogeneity=0.0173 body=0.00000 bowel=1.03813 femur=1.37230
2026-05-25 16:28:05 [INFO] Step 10/54 Loss=253.4202 mse=0.7556 v_opt=4.27220 v_mand=3.61442 ptv=0.1472 ptv_max=0.00000 global_ceil=0.00302 ring=0.00000 smooth=0.1481 laplacian=0.5773 anticollapse=0.00000 beam=0.78656 beam_ceil=81.02295 homogeneity=0.0154 body=0.00000 bowel=0.59690 femur=1.36468
2026-05-25 16:28:12 [INFO] Step 15/54 Loss=93.0067 mse=0.3862 v_opt=0.00000 v_mand=0.00000 ptv=0.1352 ptv_max=0.00000 global_ceil=0.00000 ring=0.00000 smooth=0.0721 laplacian=0.2684 anticollapse=0.00000 beam=0.79327 beam_ceil=33.72474 homogeneity=0.0099 body=0.00000 bowel=1.00446 femur=1.39883
2026-05-25 16:28:17 [INFO] Step 20/54 Loss=237.9592 mse=0.6036 v_opt=4.48976 v_mand=3.81672 ptv=0.1404 ptv_max=0.00000 global_ceil=0.00000 ring=0.00000 smooth=0.1058 laplacian=0.4040 anticollapse=0.00000 beam=0.77703 beam_ceil=73.46668 homogeneity=0.0134 body=0.00000 bowel=0.74370 femur=1.34191
2026-05-25 16:28:23 [INFO] Step 25/54 Loss=207.8253 mse=0.5595 v_opt=4.69896 v_mand=4.01575 ptv=0.1338 ptv_max=0.00000 global_ceil=0.56900 ring=0.00000 smooth=0.1020 laplacian=0.3860 anticollapse=0.00000 beam=0.78676 beam_ceil=56.76046 homogeneity=0.0117 body=0.00000 bowel=0.74967 femur=1.34848
2026-05-25 16:28:28 [INFO] Step 30/54 Loss=251.7314 mse=0.7374 v_opt=4.41163 v_mand=3.74241 ptv=0.1357 ptv_max=0.00000 global_ceil=0.00000 ring=0.00000 smooth=0.1367 laplacian=0.5285 anticollapse=0.00000 beam=0.78544 beam_ceil=78.58133 homogeneity=0.0115 body=0.00000 bowel=0.97913 femur=1.36250
2026-05-25 16:28:35 [INFO] Step 35/54 Loss=244.3986 mse=0.7037 v_opt=3.91563 v_mand=3.30183 ptv=0.1452 ptv_max=0.00000 global_ceil=0.00000 ring=0.00000 smooth=0.1310 laplacian=0.5058 anticollapse=0.00000 beam=0.78109 beam_ceil=79.02525 homogeneity=0.0142 body=0.00000 bowel=0.91766 femur=1.35917
2026-05-25 16:28:40 [INFO] Step 40/54 Loss=182.8449 mse=0.3691 v_opt=4.67801 v_mand=3.99149 ptv=0.1309 ptv_max=0.00000 global_ceil=0.00000 ring=0.00000 smooth=0.0710 laplacian=0.2646 anticollapse=0.00000 beam=0.78697 beam_ceil=46.82137 homogeneity=0.0102 body=0.00000 bowel=1.04512 femur=1.35986
2026-05-25 16:28:46 [INFO] Step 45/54 Loss=270.0955 mse=0.7173 v_opt=4.50326 v_mand=3.82808 ptv=0.1385 ptv_max=0.00000 global_ceil=0.00106 ring=0.00000 smooth=0.1289 laplacian=0.5057 anticollapse=0.00000 beam=0.75072 beam_ceil=87.38261 homogeneity=0.0129 body=0.00000 bowel=1.01828 femur=1.36220
2026-05-25 16:28:51 [INFO] Step 50/54 Loss=226.1693 mse=0.6339 v_opt=4.25488 v_mand=3.59508 ptv=0.1534 ptv_max=0.00000 global_ceil=0.00000 ring=0.00000 smooth=0.1195 laplacian=0.4619 anticollapse=0.00000 beam=0.77746 beam_ceil=68.23981 homogeneity=0.0159 body=0.00000 bowel=1.02377 femur=1.34552
2026-05-25 16:28:56 [INFO] Step 54/54 Loss=300.6404 mse=0.7243 v_opt=4.23484 v_mand=3.58062 ptv=0.1523 ptv_max=0.00000 global_ceil=0.00000 ring=0.00000 smooth=0.1384 laplacian=0.5430 anticollapse=0.00000 beam=0.76440 beam_ceil=104.53168 homogeneity=0.0162 body=0.00000 bowel=0.98143 femur=1.35442
2026-05-25 16:28:56 [INFO] Running validation at epoch 23...
2026-05-25 16:29:22 [INFO] Epoch 23 Summary: Train=232.0840 Val=0.0734 (MSE=0.0734)
          Metrics: PTV_D95=38.05Gy Bladder=59.23Gy Rectum=54.58Gy
          Metrics: Ring=58.87Gy Dmax=70.35Gy BG=59.07Gy
2026-05-25 16:29:22 [INFO] [PHYSICS] Saved best model val_loss=0.0734
2026-05-25 16:29:22 [INFO] [DIAGNOSTIC] Saved fallback model MSE=0.0734
2026-05-25 16:29:22 [INFO] Epoch 24/300 [RAMP 24/75 (32% of physics)] ramp=0.320 lr=9.86e-05
2026-05-25 16:29:30 [INFO] Step 5/54 Loss=234.7347 mse=0.5791 v_opt=3.97742 v_mand=3.34652 ptv=0.1345 ptv_max=0.00000 global_ceil=0.00000 ring=0.00000 smooth=0.0978 laplacian=0.3792 anticollapse=0.00000 beam=0.76142 beam_ceil=73.85448 homogeneity=0.0102 body=0.00000 bowel=1.02241 femur=1.35148
2026-05-25 16:29:34 [INFO] Step 10/54 Loss=148.2358 mse=0.7007 v_opt=4.18560 v_mand=3.53253 ptv=0.1250 ptv_max=0.00000 global_ceil=0.00000 ring=0.00000 smooth=0.1308 laplacian=0.5145 anticollapse=0.00000 beam=0.78018 beam_ceil=31.97765 homogeneity=0.0091 body=0.00000 bowel=0.00000 femur=0.00000
2026-05-25 16:29:41 [INFO] Step 15/54 Loss=193.6969 mse=0.5318 v_opt=4.45380 v_mand=3.78115 ptv=0.1398 ptv_max=0.00000 global_ceil=1.02399 ring=0.00000 smooth=0.1134 laplacian=0.4159 anticollapse=0.00000 beam=0.78367 beam_ceil=49.85506 homogeneity=0.0115 body=0.00000 bowel=0.70913 femur=1.37494
2026-05-25 16:29:46 [INFO] Step 20/54 Loss=176.8674 mse=0.3662 v_opt=4.13722 v_mand=3.48945 ptv=0.1694 ptv_max=0.00000 global_ceil=0.00000 ring=0.00000 smooth=0.0841 laplacian=0.3106 anticollapse=0.00000 beam=0.78358 beam_ceil=46.73573 homogeneity=0.0184 body=0.00000 bowel=0.82122 femur=1.36490
2026-05-25 16:29:52 [INFO] Step 25/54 Loss=260.5079 mse=0.6333 v_opt=4.13831 v_mand=3.48560 ptv=0.1530 ptv_max=0.00000 global_ceil=0.00000 ring=0.00000 smooth=0.1235 laplacian=0.4746 anticollapse=0.00000 beam=0.76717 beam_ceil=85.02110 homogeneity=0.0148 body=0.00000 bowel=0.90205 femur=1.36370
2026-05-25 16:29:57 [INFO] Step 30/54 Loss=211.4124 mse=0.7171 v_opt=4.17483 v_mand=3.51736 ptv=0.1349 ptv_max=0.00000 global_ceil=0.01986 ring=0.00000 smooth=0.1150 laplacian=0.4431 anticollapse=0.00000 beam=0.77700 beam_ceil=63.52007 homogeneity=0.0097 body=0.00000 bowel=0.00000 femur=0.00000
2026-05-25 16:30:04 [INFO] Step 35/54 Loss=256.7906 mse=0.7385 v_opt=4.16728 v_mand=3.51084 ptv=0.1734 ptv_max=0.00000 global_ceil=0.00000 ring=0.00000 smooth=0.1407 laplacian=0.5516 anticollapse=0.00000 beam=0.77512 beam_ceil=81.52318 homogeneity=0.0186 body=0.00000 bowel=0.90655 femur=1.33973
2026-05-25 16:30:08 [INFO] Step 40/54 Loss=260.3086 mse=0.6872 v_opt=4.19828 v_mand=3.54076 ptv=0.1573 ptv_max=0.00000 global_ceil=0.00000 ring=0.00000 smooth=0.1362 laplacian=0.5299 anticollapse=0.00000 beam=0.75961 beam_ceil=83.62467 homogeneity=0.0154 body=0.00000 bowel=0.96463 femur=1.35586
2026-05-25 16:30:15 [INFO] Step 45/54 Loss=164.6851 mse=0.6869 v_opt=3.90590 v_mand=3.26891 ptv=0.1551 ptv_max=0.00000 global_ceil=0.00000 ring=0.00000 smooth=0.1492 laplacian=0.5835 anticollapse=0.00000 beam=0.78028 beam_ceil=38.04746 homogeneity=0.0141 body=0.00000 bowel=0.91695 femur=1.37612
2026-05-25 16:30:20 [INFO] Step 50/54 Loss=208.9350 mse=0.6454 v_opt=4.10929 v_mand=3.45574 ptv=0.1496 ptv_max=0.00000 global_ceil=0.03602 ring=0.00000 smooth=0.1232 laplacian=0.4757 anticollapse=0.00000 beam=0.77734 beam_ceil=59.02186 homogeneity=0.0127 body=0.00000 bowel=1.00995 femur=1.35483
2026-05-25 16:30:24 [INFO] Step 54/54 Loss=225.8171 mse=0.5706 v_opt=3.58605 v_mand=3.00106 ptv=0.1666 ptv_max=0.00000 global_ceil=0.00000 ring=0.00000 smooth=0.1032 laplacian=0.4046 anticollapse=0.00000 beam=0.74902 beam_ceil=72.51812 homogeneity=0.0162 body=0.00000 bowel=0.95535 femur=1.34659
2026-05-25 16:30:24 [INFO] Running validation at epoch 24...
2026-05-25 16:30:50 [INFO] Epoch 24 Summary: Train=219.9628 Val=0.0718 (MSE=0.0718)
          Metrics: PTV_D95=37.57Gy Bladder=58.38Gy Rectum=54.40Gy
          Metrics: Ring=58.26Gy Dmax=69.89Gy BG=58.48Gy
2026-05-25 16:30:51 [INFO] [PHYSICS] Saved best model val_loss=0.0718
2026-05-25 16:30:51 [INFO] [DIAGNOSTIC] Saved fallback model MSE=0.0718
2026-05-25 16:30:51 [INFO] Epoch 25/300 [RAMP 25/75 (33% of physics)] ramp=0.333 lr=9.84e-05
2026-05-25 16:30:57 [INFO] Step 5/54 Loss=172.8945 mse=0.4207 v_opt=3.82066 v_mand=3.17797 ptv=0.1544 ptv_max=0.00000 global_ceil=0.00000 ring=0.00000 smooth=0.0781 laplacian=0.2976 anticollapse=0.00000 beam=0.77684 beam_ceil=44.94684 homogeneity=0.0137 body=0.00000 bowel=0.97354 femur=1.34993
2026-05-25 16:31:02 [INFO] Step 10/54 Loss=262.4915 mse=0.6943 v_opt=4.08285 v_mand=3.42813 ptv=0.1474 ptv_max=0.00000 global_ceil=0.00000 ring=0.00000 smooth=0.1303 laplacian=0.5112 anticollapse=0.00000 beam=0.76524 beam_ceil=84.11525 homogeneity=0.0123 body=0.00000 bowel=0.93009 femur=1.36477
2026-05-25 16:31:08 [INFO] Step 15/54 Loss=237.4822 mse=0.6454 v_opt=3.86709 v_mand=3.22829 ptv=0.1860 ptv_max=0.00000 global_ceil=0.00000 ring=0.00000 smooth=0.1205 laplacian=0.4603 anticollapse=0.00000 beam=0.77482 beam_ceil=74.79041 homogeneity=0.0198 body=0.00000 bowel=0.56298 femur=1.36598
2026-05-25 16:31:14 [INFO] Step 20/54 Loss=158.1305 mse=0.6623 v_opt=3.43621 v_mand=2.83705 ptv=0.1806 ptv_max=0.00000 global_ceil=0.00000 ring=0.00000 smooth=0.1411 laplacian=0.5518 anticollapse=0.00000 beam=0.77768 beam_ceil=37.13803 homogeneity=0.0184 body=0.00000 bowel=1.00628 femur=1.35580
2026-05-25 16:31:20 [INFO] Step 25/54 Loss=141.3943 mse=0.3972 v_opt=3.60891 v_mand=2.97630 ptv=0.1639 ptv_max=0.00000 global_ceil=0.00000 ring=0.00000 smooth=0.0844 laplacian=0.3204 anticollapse=0.00000 beam=0.77637 beam_ceil=30.98013 homogeneity=0.0149 body=0.00000 bowel=1.05241 femur=1.36629
2026-05-25 16:31:25 [INFO] Step 30/54 Loss=211.6454 mse=0.6608 v_opt=4.02958 v_mand=3.38002 ptv=0.1547 ptv_max=0.00000 global_ceil=0.00000 ring=0.00000 smooth=0.1299 laplacian=0.5042 anticollapse=0.00000 beam=0.77078 beam_ceil=59.40424 homogeneity=0.0132 body=0.00000 bowel=0.97637 femur=1.35144
2026-05-25 16:31:31 [INFO] Step 35/54 Loss=192.8907 mse=0.5592 v_opt=3.90723 v_mand=3.28113 ptv=0.1617 ptv_max=0.00000 global_ceil=0.00000 ring=0.00000 smooth=0.1131 laplacian=0.4386 anticollapse=0.00000 beam=0.77559 beam_ceil=52.21497 homogeneity=0.0154 body=0.00000 bowel=0.95717 femur=1.35941
2026-05-25 16:31:36 [INFO] Step 40/54 Loss=226.8514 mse=0.6859 v_opt=3.78455 v_mand=3.15949 ptv=0.1829 ptv_max=0.00000 global_ceil=0.00000 ring=0.00000 smooth=0.1344 laplacian=0.5244 anticollapse=0.00000 beam=0.77050 beam_ceil=69.11128 homogeneity=0.0200 body=0.00000 bowel=0.74441 femur=1.34848
2026-05-25 16:31:43 [INFO] Step 45/54 Loss=222.0876 mse=0.5723 v_opt=3.93546 v_mand=3.29142 ptv=0.1551 ptv_max=0.00000 global_ceil=0.00000 ring=0.00000 smooth=0.1009 laplacian=0.3837 anticollapse=0.00000 beam=0.76649 beam_ceil=67.03676 homogeneity=0.0127 body=0.00000 bowel=0.79201 femur=1.38150
2026-05-25 16:31:48 [INFO] Step 50/54 Loss=207.6964 mse=0.6207 v_opt=4.19882 v_mand=3.53617 ptv=0.1605 ptv_max=0.00000 global_ceil=0.00000 ring=0.00000 smooth=0.1222 laplacian=0.4500 anticollapse=0.00000 beam=0.76705 beam_ceil=57.53779 homogeneity=0.0139 body=0.00000 bowel=0.62116 femur=1.33568
2026-05-25 16:31:52 [INFO] Step 54/54 Loss=247.4743 mse=0.6848 v_opt=3.92668 v_mand=3.28381 ptv=0.1724 ptv_max=0.00000 global_ceil=0.00000 ring=0.00000 smooth=0.1415 laplacian=0.5504 anticollapse=0.00000 beam=0.75331 beam_ceil=78.48227 homogeneity=0.0169 body=0.00000 bowel=0.73226 femur=1.33544
2026-05-25 16:31:53 [INFO] Running validation at epoch 25...
2026-05-25 16:32:19 [INFO] Epoch 25 Summary: Train=198.4542 Val=0.0704 (MSE=0.0704)
          Metrics: PTV_D95=37.19Gy Bladder=57.10Gy Rectum=54.27Gy
          Metrics: Ring=57.67Gy Dmax=69.01Gy BG=57.95Gy
2026-05-25 16:32:19 [INFO] [PHYSICS] Saved best model val_loss=0.0704
2026-05-25 16:32:19 [INFO] [DIAGNOSTIC] Saved fallback model MSE=0.0704
2026-05-25 16:32:19 [INFO] Epoch 26/300 [RAMP 26/75 (35% of physics)] ramp=0.347 lr=9.83e-05
2026-05-25 16:32:26 [INFO] Step 5/54 Loss=185.7118 mse=0.5063 v_opt=3.84113 v_mand=3.20160 ptv=0.1725 ptv_max=0.00000 global_ceil=0.00000 ring=0.00000 smooth=0.0958 laplacian=0.3581 anticollapse=0.00000 beam=0.77242 beam_ceil=49.38776 homogeneity=0.0160 body=0.00000 bowel=0.63980 femur=1.36614
2026-05-25 16:32:30 [INFO] Step 10/54 Loss=208.3447 mse=0.5894 v_opt=3.76105 v_mand=3.12329 ptv=0.1631 ptv_max=0.00000 global_ceil=0.00000 ring=0.00000 smooth=0.1091 laplacian=0.4231 anticollapse=0.00000 beam=0.76091 beam_ceil=59.64555 homogeneity=0.0139 body=0.00000 bowel=0.92706 femur=1.36343
2026-05-25 16:32:38 [INFO] Step 15/54 Loss=117.9747 mse=0.5055 v_opt=3.62434 v_mand=2.99754 ptv=0.1500 ptv_max=0.00000 global_ceil=1.17565 ring=0.00000 smooth=0.1001 laplacian=0.3864 anticollapse=0.00000 beam=0.76923 beam_ceil=20.27478 homogeneity=0.0107 body=0.00000 bowel=0.00000 femur=0.00000
2026-05-25 16:32:43 [INFO] Step 20/54 Loss=179.0401 mse=0.5378 v_opt=3.79702 v_mand=3.15843 ptv=0.1676 ptv_max=0.00000 global_ceil=0.00000 ring=0.00000 smooth=0.1021 laplacian=0.3925 anticollapse=0.00000 beam=0.77220 beam_ceil=45.09091 homogeneity=0.0159 body=0.00000 bowel=0.98852 femur=1.38359
2026-05-25 16:32:50 [INFO] Step 25/54 Loss=192.4807 mse=0.6291 v_opt=3.58369 v_mand=2.96482 ptv=0.1880 ptv_max=0.00000 global_ceil=0.00000 ring=0.00000 smooth=0.1365 laplacian=0.5377 anticollapse=0.00000 beam=0.76730 beam_ceil=52.29628 homogeneity=0.0198 body=0.00000 bowel=0.99467 femur=1.35464
2026-05-25 16:32:54 [INFO] Step 30/54 Loss=218.9087 mse=0.6513 v_opt=3.99769 v_mand=3.34687 ptv=0.1623 ptv_max=0.00000 global_ceil=0.00000 ring=0.00000 smooth=0.1194 laplacian=0.4658 anticollapse=0.00000 beam=0.73273 beam_ceil=62.09064 homogeneity=0.0142 body=0.00000 bowel=1.00568 femur=1.31897
2026-05-25 16:33:01 [INFO] Step 35/54 Loss=208.4342 mse=0.7318 v_opt=4.08654 v_mand=3.43083 ptv=0.1407 ptv_max=0.00000 global_ceil=0.00000 ring=0.00000 smooth=0.1209 laplacian=0.4600 anticollapse=0.00000 beam=0.76093 beam_ceil=59.92354 homogeneity=0.0099 body=0.00000 bowel=0.00000 femur=0.00000
2026-05-25 16:33:06 [INFO] Step 40/54 Loss=111.7060 mse=0.4204 v_opt=3.70127 v_mand=3.07160 ptv=0.1493 ptv_max=0.00000 global_ceil=0.00000 ring=0.00000 smooth=0.0892 laplacian=0.3359 anticollapse=0.00000 beam=0.76543 beam_ceil=18.76923 homogeneity=0.0122 body=0.00000 bowel=0.00000 femur=0.00000
2026-05-25 16:33:12 [INFO] Step 45/54 Loss=197.7417 mse=0.6602 v_opt=3.77392 v_mand=3.13751 ptv=0.1723 ptv_max=0.00000 global_ceil=0.00000 ring=0.00000 smooth=0.1354 laplacian=0.5268 anticollapse=0.00000 beam=0.76518 beam_ceil=53.52310 homogeneity=0.0156 body=0.00000 bowel=0.81794 femur=1.33871
2026-05-25 16:33:18 [INFO] Step 50/54 Loss=231.2840 mse=0.6915 v_opt=3.92916 v_mand=3.28617 ptv=0.1949 ptv_max=0.00000 global_ceil=0.00000 ring=0.00000 smooth=0.1319 laplacian=0.5160 anticollapse=0.00000 beam=0.75097 beam_ceil=68.33328 homogeneity=0.0201 body=0.00000 bowel=0.91473 femur=1.33421
2026-05-25 16:33:22 [INFO] Step 54/54 Loss=201.7923 mse=0.6514 v_opt=4.11421 v_mand=3.45564 ptv=0.1556 ptv_max=0.00000 global_ceil=0.00000 ring=0.00000 smooth=0.1149 laplacian=0.4295 anticollapse=0.00000 beam=0.76105 beam_ceil=52.72126 homogeneity=0.0114 body=0.00000 bowel=0.87116 femur=1.38070
2026-05-25 16:33:22 [INFO] Running validation at epoch 26...
2026-05-25 16:33:49 [INFO] Epoch 26 Summary: Train=189.8960 Val=0.0690 (MSE=0.0690)
          Metrics: PTV_D95=36.79Gy Bladder=56.70Gy Rectum=53.78Gy
          Metrics: Ring=57.18Gy Dmax=69.27Gy BG=57.44Gy
2026-05-25 16:33:49 [INFO] [PHYSICS] Saved best model val_loss=0.0690
2026-05-25 16:33:49 [INFO] [DIAGNOSTIC] Saved fallback model MSE=0.0690
2026-05-25 16:33:49 [INFO] Epoch 27/300 [RAMP 27/75 (36% of physics)] ramp=0.360 lr=9.82e-05
2026-05-25 16:33:55 [INFO] Step 5/54 Loss=155.4024 mse=0.5229 v_opt=3.72804 v_mand=3.09451 ptv=0.1609 ptv_max=0.00000 global_ceil=0.00000 ring=0.00000 smooth=0.0964 laplacian=0.3626 anticollapse=0.00000 beam=0.76196 beam_ceil=37.87309 homogeneity=0.0104 body=0.00000 bowel=0.00000 femur=0.00000
2026-05-25 16:34:00 [INFO] Step 10/54 Loss=183.3335 mse=0.6305 v_opt=3.65069 v_mand=3.02351 ptv=0.1497 ptv_max=0.00000 global_ceil=0.00000 ring=0.00000 smooth=0.1023 laplacian=0.3884 anticollapse=0.00000 beam=0.76213 beam_ceil=51.15165 homogeneity=0.0115 body=0.00000 bowel=0.00000 femur=0.00000
2026-05-25 16:34:07 [INFO] Step 15/54 Loss=183.7575 mse=0.5114 v_opt=3.66158 v_mand=3.03162 ptv=0.1911 ptv_max=0.00000 global_ceil=0.00000 ring=0.00000 smooth=0.0921 laplacian=0.3540 anticollapse=0.00000 beam=0.75023 beam_ceil=47.55595 homogeneity=0.0181 body=0.00000 bowel=1.02398 femur=1.35701
2026-05-25 16:34:12 [INFO] Step 20/54 Loss=180.1188 mse=0.5409 v_opt=3.45155 v_mand=2.83337 ptv=0.1836 ptv_max=0.00000 global_ceil=0.00000 ring=0.00000 smooth=0.1027 laplacian=0.4000 anticollapse=0.00000 beam=0.75513 beam_ceil=47.32779 homogeneity=0.0169 body=0.00000 bowel=0.97272 femur=1.35188
2026-05-25 16:34:19 [INFO] Step 25/54 Loss=128.3809 mse=0.5475 v_opt=3.57692 v_mand=2.95577 ptv=0.1609 ptv_max=0.00000 global_ceil=0.00000 ring=0.00000 smooth=0.1043 laplacian=0.3959 anticollapse=0.00000 beam=0.76036 beam_ceil=25.32910 homogeneity=0.0116 body=0.00000 bowel=0.00000 femur=0.00000
2026-05-25 16:34:24 [INFO] Step 30/54 Loss=223.7587 mse=0.5978 v_opt=4.10720 v_mand=3.44850 ptv=0.1880 ptv_max=0.00000 global_ceil=0.00000 ring=0.00000 smooth=0.1265 laplacian=0.4951 anticollapse=0.00000 beam=0.74267 beam_ceil=62.61882 homogeneity=0.0177 body=0.00000 bowel=0.98093 femur=1.33987
2026-05-25 16:34:31 [INFO] Step 35/54 Loss=155.7112 mse=0.5889 v_opt=3.38484 v_mand=2.77334 ptv=0.1922 ptv_max=0.00000 global_ceil=0.00000 ring=0.00000 smooth=0.1177 laplacian=0.4500 anticollapse=0.00000 beam=0.76110 beam_ceil=34.92103 homogeneity=0.0180 body=0.00000 bowel=1.00250 femur=1.34823
2026-05-25 16:34:36 [INFO] Step 40/54 Loss=39.8398 mse=0.3911 v_opt=0.00000 v_mand=0.00000 ptv=0.1730 ptv_max=0.00000 global_ceil=0.00000 ring=0.00000 smooth=0.0820 laplacian=0.3082 anticollapse=0.00000 beam=0.76244 beam_ceil=8.48556 homogeneity=0.0106 body=0.00000 bowel=0.00000 femur=1.37398
2026-05-25 16:34:42 [INFO] Step 45/54 Loss=165.6485 mse=0.5721 v_opt=4.05610 v_mand=3.39959 ptv=0.1716 ptv_max=0.00000 global_ceil=0.00000 ring=0.00000 smooth=0.1068 laplacian=0.3986 anticollapse=0.00000 beam=0.75017 beam_ceil=34.88798 homogeneity=0.0135 body=0.00000 bowel=0.81182 femur=1.34777
2026-05-25 16:34:47 [INFO] Step 50/54 Loss=95.0971 mse=0.4425 v_opt=3.51267 v_mand=2.88937 ptv=0.1616 ptv_max=0.00000 global_ceil=0.00000 ring=0.00000 smooth=0.0872 laplacian=0.3295 anticollapse=0.00000 beam=0.75870 beam_ceil=10.69033 homogeneity=0.0114 body=0.00000 bowel=0.00000 femur=0.00000
2026-05-25 16:34:51 [INFO] Step 54/54 Loss=100.3065 mse=0.4322 v_opt=3.41651 v_mand=2.80101 ptv=0.1848 ptv_max=0.00000 global_ceil=0.00000 ring=0.00000 smooth=0.0931 laplacian=0.3473 anticollapse=0.00000 beam=0.75887 beam_ceil=9.59631 homogeneity=0.0150 body=0.00000 bowel=0.79341 femur=1.35665
2026-05-25 16:34:52 [INFO] Running validation at epoch 27...
2026-05-25 16:35:18 [INFO] Epoch 27 Summary: Train=161.7842 Val=0.0676 (MSE=0.0676)
          Metrics: PTV_D95=36.45Gy Bladder=56.23Gy Rectum=53.22Gy
          Metrics: Ring=56.59Gy Dmax=68.24Gy BG=56.90Gy
2026-05-25 16:35:18 [INFO] [PHYSICS] Saved best model val_loss=0.0676
2026-05-25 16:35:18 [INFO] [DIAGNOSTIC] Saved fallback model MSE=0.0676
2026-05-25 16:35:18 [INFO] Epoch 28/300 [RAMP 28/75 (37% of physics)] ramp=0.373 lr=9.80e-05
2026-05-25 16:35:25 [INFO] Step 5/54 Loss=128.7944 mse=0.5380 v_opt=3.32003 v_mand=2.71840 ptv=0.2083 ptv_max=0.00000 global_ceil=0.00000 ring=0.00000 smooth=0.1193 laplacian=0.4608 anticollapse=0.00000 beam=0.75854 beam_ceil=21.86737 homogeneity=0.0220 body=0.00000 bowel=0.79674 femur=1.33882
2026-05-25 16:35:30 [INFO] Step 10/54 Loss=198.5098 mse=0.6633 v_opt=3.18225 v_mand=2.61755 ptv=0.1966 ptv_max=0.00000 global_ceil=0.00000 ring=0.00000 smooth=0.1261 laplacian=0.4968 anticollapse=0.00000 beam=0.75191 beam_ceil=55.74636 homogeneity=0.0188 body=0.00000 bowel=0.94794 femur=1.34566
2026-05-25 16:35:37 [INFO] Step 15/54 Loss=190.4896 mse=0.5550 v_opt=3.28278 v_mand=2.67629 ptv=0.2039 ptv_max=0.00000 global_ceil=0.00000 ring=0.00000 smooth=0.1284 laplacian=0.4944 anticollapse=0.00000 beam=0.75444 beam_ceil=52.73822 homogeneity=0.0205 body=0.00000 bowel=0.85369 femur=1.34503
2026-05-25 16:35:42 [INFO] Step 20/54 Loss=202.4695 mse=0.5953 v_opt=3.42570 v_mand=2.81077 ptv=0.1871 ptv_max=0.00000 global_ceil=0.00000 ring=0.00000 smooth=0.1148 laplacian=0.4524 anticollapse=0.00000 beam=0.73990 beam_ceil=56.84524 homogeneity=0.0172 body=0.00000 bowel=0.93703 femur=1.34043
2026-05-25 16:35:48 [INFO] Step 25/54 Loss=125.8173 mse=0.4950 v_opt=3.42292 v_mand=2.80849 ptv=0.1873 ptv_max=0.00000 global_ceil=0.00000 ring=0.00000 smooth=0.0920 laplacian=0.3521 anticollapse=0.00000 beam=0.75365 beam_ceil=19.64629 homogeneity=0.0153 body=0.00000 bowel=1.00167 femur=1.34461
2026-05-25 16:35:53 [INFO] Step 30/54 Loss=186.0713 mse=0.6367 v_opt=3.51791 v_mand=2.89887 ptv=0.1814 ptv_max=0.00000 global_ceil=0.00000 ring=0.00000 smooth=0.1210 laplacian=0.4738 anticollapse=0.00000 beam=0.75297 beam_ceil=46.96075 homogeneity=0.0154 body=0.00000 bowel=1.00968 femur=1.36295
2026-05-25 16:35:59 [INFO] Step 35/54 Loss=175.1610 mse=0.6120 v_opt=3.51310 v_mand=2.89501 ptv=0.1848 ptv_max=0.00000 global_ceil=0.00000 ring=0.00000 smooth=0.1184 laplacian=0.4622 anticollapse=0.00000 beam=0.74424 beam_ceil=41.92607 homogeneity=0.0161 body=0.00000 bowel=1.00878 femur=1.34844
2026-05-25 16:36:05 [INFO] Step 40/54 Loss=152.0229 mse=0.6341 v_opt=3.56405 v_mand=2.93852 ptv=0.1893 ptv_max=0.00000 global_ceil=0.00000 ring=0.00000 smooth=0.1260 laplacian=0.4874 anticollapse=0.00000 beam=0.75242 beam_ceil=29.86050 homogeneity=0.0167 body=0.00000 bowel=0.91256 femur=1.34331
2026-05-25 16:36:10 [INFO] Step 45/54 Loss=93.9832 mse=0.5119 v_opt=3.43929 v_mand=2.83114 ptv=0.1685 ptv_max=0.00000 global_ceil=0.00559 ring=0.00000 smooth=0.1070 laplacian=0.4081 anticollapse=0.00000 beam=0.75052 beam_ceil=8.61648 homogeneity=0.0120 body=0.00000 bowel=0.00000 femur=0.00000
2026-05-25 16:36:16 [INFO] Step 50/54 Loss=131.3526 mse=0.5186 v_opt=3.71802 v_mand=3.08160 ptv=0.1940 ptv_max=0.00000 global_ceil=1.08111 ring=0.00000 smooth=0.1109 laplacian=0.4213 anticollapse=0.00000 beam=0.75092 beam_ceil=19.27061 homogeneity=0.0167 body=0.00000 bowel=0.64615 femur=1.36097
2026-05-25 16:36:20 [INFO] Step 54/54 Loss=106.8793 mse=0.6723 v_opt=3.30029 v_mand=2.69546 ptv=0.1804 ptv_max=0.00000 global_ceil=0.00000 ring=0.00000 smooth=0.1273 laplacian=0.5028 anticollapse=0.00000 beam=0.75037 beam_ceil=14.26632 homogeneity=0.0131 body=0.00000 bowel=0.00000 femur=0.00000
2026-05-25 16:36:21 [INFO] Running validation at epoch 28...
2026-05-25 16:36:48 [INFO] Epoch 28 Summary: Train=157.2144 Val=0.0663 (MSE=0.0663)
          Metrics: PTV_D95=36.00Gy Bladder=55.78Gy Rectum=53.46Gy
          Metrics: Ring=56.17Gy Dmax=67.65Gy BG=56.39Gy
2026-05-25 16:36:48 [INFO] [PHYSICS] Saved best model val_loss=0.0663
2026-05-25 16:36:48 [INFO] [DIAGNOSTIC] Saved fallback model MSE=0.0663
2026-05-25 16:36:48 [INFO] Epoch 29/300 [RAMP 29/75 (39% of physics)] ramp=0.387 lr=9.79e-05
2026-05-25 16:36:55 [INFO] Step 5/54 Loss=178.3835 mse=0.6159 v_opt=3.51375 v_mand=2.89488 ptv=0.1903 ptv_max=0.00000 global_ceil=0.00000 ring=0.00000 smooth=0.1221 laplacian=0.4865 anticollapse=0.00000 beam=0.72362 beam_ceil=42.26857 homogeneity=0.0173 body=0.00000 bowel=0.97960 femur=1.35256
2026-05-25 16:37:00 [INFO] Step 10/54 Loss=26.0863 mse=0.4636 v_opt=0.00000 v_mand=0.00000 ptv=0.0000 ptv_max=0.00000 global_ceil=0.00000 ring=0.00000 smooth=0.1266 laplacian=0.4574 anticollapse=0.00000 beam=0.75234 beam_ceil=0.93836 homogeneity=0.0000 body=0.00000 bowel=0.76102 femur=0.00000
2026-05-25 16:37:06 [INFO] Step 15/54 Loss=138.0391 mse=0.4699 v_opt=3.35004 v_mand=2.74204 ptv=0.1939 ptv_max=0.00000 global_ceil=0.00000 ring=0.00000 smooth=0.0874 laplacian=0.3344 anticollapse=0.00000 beam=0.74949 beam_ceil=25.74429 homogeneity=0.0170 body=0.00000 bowel=0.89522 femur=1.34505
2026-05-25 16:37:10 [INFO] Step 20/54 Loss=155.6670 mse=0.5389 v_opt=3.68198 v_mand=3.05058 ptv=0.2028 ptv_max=0.00000 global_ceil=0.00000 ring=0.00000 smooth=0.1144 laplacian=0.4305 anticollapse=0.00000 beam=0.74898 beam_ceil=30.76105 homogeneity=0.0182 body=0.00000 bowel=0.78655 femur=1.35588
2026-05-25 16:37:17 [INFO] Step 25/54 Loss=138.8189 mse=0.4750 v_opt=3.52901 v_mand=2.91227 ptv=0.2218 ptv_max=0.00000 global_ceil=0.84007 ring=0.00000 smooth=0.1020 laplacian=0.3877 anticollapse=0.00000 beam=0.74713 beam_ceil=23.39929 homogeneity=0.0222 body=0.00000 bowel=0.89007 femur=1.35235
2026-05-25 16:37:22 [INFO] Step 30/54 Loss=118.1432 mse=0.3747 v_opt=3.23482 v_mand=2.63360 ptv=0.2192 ptv_max=0.00000 global_ceil=0.00000 ring=0.00000 smooth=0.0908 laplacian=0.3326 anticollapse=0.00000 beam=0.75090 beam_ceil=17.95417 homogeneity=0.0220 body=0.00000 bowel=0.95049 femur=1.28852
2026-05-25 16:37:28 [INFO] Step 35/54 Loss=115.0296 mse=0.4484 v_opt=3.16657 v_mand=2.56685 ptv=0.2066 ptv_max=0.00000 global_ceil=0.00000 ring=0.00000 smooth=0.1009 laplacian=0.3841 anticollapse=0.00000 beam=0.74794 beam_ceil=16.04452 homogeneity=0.0193 body=0.00000 bowel=0.94393 femur=1.35057
2026-05-25 16:37:33 [INFO] Step 40/54 Loss=91.5657 mse=0.5127 v_opt=1.69905 v_mand=1.35730 ptv=0.1985 ptv_max=0.00000 global_ceil=1.47763 ring=0.00000 smooth=0.1129 laplacian=0.4337 anticollapse=0.00000 beam=0.74607 beam_ceil=17.00673 homogeneity=0.0168 body=0.00000 bowel=0.90216 femur=0.00000
2026-05-25 16:37:40 [INFO] Step 45/54 Loss=124.4118 mse=0.6126 v_opt=3.33273 v_mand=2.72703 ptv=0.1801 ptv_max=0.00000 global_ceil=0.00000 ring=0.00000 smooth=0.1344 laplacian=0.5010 anticollapse=0.00000 beam=0.74679 beam_ceil=22.38098 homogeneity=0.0130 body=0.00000 bowel=0.00000 femur=0.00000
2026-05-25 16:37:45 [INFO] Step 50/54 Loss=85.7224 mse=0.5423 v_opt=3.27542 v_mand=2.67074 ptv=0.1932 ptv_max=0.00000 global_ceil=0.00000 ring=0.00000 smooth=0.1193 laplacian=0.4477 anticollapse=0.00000 beam=0.74546 beam_ceil=4.51241 homogeneity=0.0141 body=0.00000 bowel=0.00000 femur=0.00000
2026-05-25 16:37:49 [INFO] Step 54/54 Loss=94.6022 mse=0.5174 v_opt=3.31452 v_mand=2.71313 ptv=0.1862 ptv_max=0.00000 global_ceil=0.00000 ring=0.00000 smooth=0.0907 laplacian=0.3428 anticollapse=0.00000 beam=0.74426 beam_ceil=8.96800 homogeneity=0.0131 body=0.00000 bowel=0.00000 femur=0.00000
2026-05-25 16:37:50 [INFO] Running validation at epoch 29...
2026-05-25 16:38:16 [INFO] Epoch 29 Summary: Train=136.2151 Val=0.0650 (MSE=0.0650)
          Metrics: PTV_D95=35.65Gy Bladder=55.24Gy Rectum=52.57Gy
          Metrics: Ring=55.62Gy Dmax=66.93Gy BG=55.91Gy
2026-05-25 16:38:16 [INFO] [PHYSICS] Saved best model val_loss=0.0650
2026-05-25 16:38:16 [INFO] [DIAGNOSTIC] Saved fallback model MSE=0.0650
2026-05-25 16:38:16 [INFO] Epoch 30/300 [RAMP 30/75 (40% of physics)] ramp=0.400 lr=9.77e-05
2026-05-25 16:38:23 [INFO] Step 5/54 Loss=129.7372 mse=0.4804 v_opt=3.48695 v_mand=2.87311 ptv=0.2068 ptv_max=0.00000 global_ceil=0.77813 ring=0.00000 smooth=0.0983 laplacian=0.3768 anticollapse=0.00000 beam=0.74535 beam_ceil=18.55617 homogeneity=0.0183 body=0.00000 bowel=0.69672 femur=1.35139
2026-05-25 16:38:28 [INFO] Step 10/54 Loss=124.2706 mse=0.4645 v_opt=3.42728 v_mand=2.81652 ptv=0.1971 ptv_max=0.00000 global_ceil=0.00000 ring=0.00000 smooth=0.0786 laplacian=0.3038 anticollapse=0.00000 beam=0.74425 beam_ceil=16.66618 homogeneity=0.0160 body=0.00000 bowel=1.00914 femur=1.30020
2026-05-25 16:38:34 [INFO] Step 15/54 Loss=122.2082 mse=0.5258 v_opt=3.45113 v_mand=2.83248 ptv=0.2016 ptv_max=0.00000 global_ceil=0.00000 ring=0.00000 smooth=0.0994 laplacian=0.3794 anticollapse=0.00000 beam=0.73843 beam_ceil=14.97358 homogeneity=0.0162 body=0.00000 bowel=0.86229 femur=1.35285
2026-05-25 16:38:39 [INFO] Step 20/54 Loss=99.1765 mse=0.3734 v_opt=2.89308 v_mand=2.36370 ptv=0.2512 ptv_max=0.00000 global_ceil=0.00000 ring=0.00000 smooth=0.0731 laplacian=0.2703 anticollapse=0.00000 beam=0.74521 beam_ceil=11.45582 homogeneity=0.0264 body=0.00000 bowel=0.44473 femur=1.35848
2026-05-25 16:38:46 [INFO] Step 25/54 Loss=130.6296 mse=0.5153 v_opt=3.28068 v_mand=2.67443 ptv=0.2049 ptv_max=0.00000 global_ceil=0.00000 ring=0.00000 smooth=0.0987 laplacian=0.3781 anticollapse=0.00000 beam=0.74216 beam_ceil=20.90178 homogeneity=0.0175 body=0.00000 bowel=0.87709 femur=1.34760
2026-05-25 16:38:50 [INFO] Step 30/54 Loss=119.6770 mse=0.5517 v_opt=3.61790 v_mand=2.99007 ptv=0.2112 ptv_max=0.00000 global_ceil=0.00000 ring=0.00000 smooth=0.1232 laplacian=0.4669 anticollapse=0.00000 beam=0.74339 beam_ceil=11.79534 homogeneity=0.0187 body=0.00000 bowel=0.85928 femur=1.25809
2026-05-25 16:38:57 [INFO] Step 35/54 Loss=127.6709 mse=0.4819 v_opt=3.30194 v_mand=2.70994 ptv=0.2117 ptv_max=0.00000 global_ceil=0.00000 ring=0.00000 smooth=0.0966 laplacian=0.3765 anticollapse=0.00000 beam=0.74066 beam_ceil=19.35249 homogeneity=0.0194 body=0.00000 bowel=0.96404 femur=1.27370
2026-05-25 16:39:02 [INFO] Step 40/54 Loss=112.8470 mse=0.6922 v_opt=3.21363 v_mand=2.61395 ptv=0.1969 ptv_max=0.00000 global_ceil=0.00000 ring=0.00000 smooth=0.1143 laplacian=0.4385 anticollapse=0.00000 beam=0.74177 beam_ceil=15.72181 homogeneity=0.0150 body=0.00000 bowel=0.00000 femur=0.00000
2026-05-25 16:39:08 [INFO] Step 45/54 Loss=85.8714 mse=0.4755 v_opt=3.21013 v_mand=2.61735 ptv=0.1846 ptv_max=0.00000 global_ceil=0.00000 ring=0.00000 smooth=0.0911 laplacian=0.3508 anticollapse=0.00000 beam=0.73901 beam_ceil=5.04698 homogeneity=0.0134 body=0.00000 bowel=0.00000 femur=0.00000
2026-05-25 16:39:13 [INFO] Step 50/54 Loss=97.2130 mse=0.6080 v_opt=3.28827 v_mand=2.68545 ptv=0.1954 ptv_max=0.00000 global_ceil=0.00000 ring=0.00000 smooth=0.1141 laplacian=0.4415 anticollapse=0.00000 beam=0.73708 beam_ceil=8.23625 homogeneity=0.0150 body=0.00000 bowel=0.00000 femur=0.00000
2026-05-25 16:39:17 [INFO] Step 54/54 Loss=93.0892 mse=0.3758 v_opt=3.18737 v_mand=2.58574 ptv=0.2167 ptv_max=0.00000 global_ceil=0.00000 ring=0.00000 smooth=0.0787 laplacian=0.2957 anticollapse=0.00000 beam=0.73963 beam_ceil=4.73233 homogeneity=0.0195 body=0.00000 bowel=0.93528 femur=1.32800
2026-05-25 16:39:17 [INFO] Running validation at epoch 30...
2026-05-25 16:39:44 [INFO] Epoch 30 Summary: Train=123.9228 Val=0.0639 (MSE=0.0639)
          Metrics: PTV_D95=35.22Gy Bladder=54.82Gy Rectum=52.88Gy
          Metrics: Ring=55.25Gy Dmax=66.33Gy BG=55.48Gy
2026-05-25 16:39:44 [INFO] [PHYSICS] Saved best model val_loss=0.0639
2026-05-25 16:39:44 [INFO] [DIAGNOSTIC] Saved fallback model MSE=0.0639
2026-05-25 16:39:44 [INFO] Epoch 31/300 [RAMP 31/75 (41% of physics)] ramp=0.413 lr=9.76e-05
2026-05-25 16:39:51 [INFO] Step 5/54 Loss=126.6393 mse=0.4340 v_opt=3.12757 v_mand=2.53322 ptv=0.2202 ptv_max=0.00000 global_ceil=0.00000 ring=0.00000 smooth=0.0942 laplacian=0.3558 anticollapse=0.00000 beam=0.74037 beam_ceil=20.03500 homogeneity=0.0206 body=0.00000 bowel=0.92595 femur=1.33932
2026-05-25 16:39:56 [INFO] Step 10/54 Loss=130.9899 mse=0.5336 v_opt=3.14075 v_mand=2.54690 ptv=0.2314 ptv_max=0.00000 global_ceil=0.00000 ring=0.00000 smooth=0.0940 laplacian=0.3628 anticollapse=0.00000 beam=0.73961 beam_ceil=23.64614 homogeneity=0.0232 body=0.00000 bowel=0.00000 femur=1.34140
2026-05-25 16:40:02 [INFO] Step 15/54 Loss=114.8260 mse=0.5205 v_opt=3.25912 v_mand=2.65729 ptv=0.2083 ptv_max=0.00000 global_ceil=0.00000 ring=0.00000 smooth=0.1009 laplacian=0.3846 anticollapse=0.00000 beam=0.73844 beam_ceil=11.54745 homogeneity=0.0171 body=0.00000 bowel=0.98835 femur=1.33311
2026-05-25 16:40:07 [INFO] Step 20/54 Loss=130.5008 mse=0.5728 v_opt=3.32225 v_mand=2.71732 ptv=0.2056 ptv_max=0.00000 global_ceil=0.00000 ring=0.00000 smooth=0.1027 laplacian=0.3955 anticollapse=0.00000 beam=0.73236 beam_ceil=18.12433 homogeneity=0.0165 body=0.00000 bowel=0.98669 femur=1.32988
2026-05-25 16:40:14 [INFO] Step 25/54 Loss=121.0032 mse=0.5376 v_opt=3.33286 v_mand=2.72616 ptv=0.2137 ptv_max=0.00000 global_ceil=0.00000 ring=0.00000 smooth=0.1070 laplacian=0.4156 anticollapse=0.00000 beam=0.00000 beam_ceil=17.57747 homogeneity=0.0189 body=0.00000 bowel=0.95920 femur=1.31183
2026-05-25 16:40:19 [INFO] Step 30/54 Loss=127.8027 mse=0.5415 v_opt=3.49786 v_mand=2.87800 ptv=0.2125 ptv_max=0.00000 global_ceil=0.00000 ring=0.00000 smooth=0.1021 laplacian=0.3942 anticollapse=0.00000 beam=0.72988 beam_ceil=15.55188 homogeneity=0.0174 body=0.00000 bowel=0.95979 femur=1.31090
2026-05-25 16:40:26 [INFO] Step 35/54 Loss=124.5514 mse=0.5346 v_opt=3.33307 v_mand=2.72789 ptv=0.2262 ptv_max=0.00000 global_ceil=0.00000 ring=0.00000 smooth=0.1078 laplacian=0.4138 anticollapse=0.00000 beam=0.73331 beam_ceil=15.95695 homogeneity=0.0209 body=0.00000 bowel=0.84735 femur=1.28298
2026-05-25 16:40:31 [INFO] Step 40/54 Loss=107.5622 mse=0.5290 v_opt=3.23783 v_mand=2.63914 ptv=0.2142 ptv_max=0.00000 global_ceil=0.00000 ring=0.00000 smooth=0.0998 laplacian=0.3824 anticollapse=0.00000 beam=0.73641 beam_ceil=8.32189 homogeneity=0.0174 body=0.00000 bowel=0.86402 femur=1.36616
2026-05-25 16:40:37 [INFO] Step 45/54 Loss=145.1642 mse=0.5602 v_opt=2.98916 v_mand=2.41962 ptv=0.2310 ptv_max=0.00000 global_ceil=0.00000 ring=0.00000 smooth=0.1145 laplacian=0.4473 anticollapse=0.00000 beam=0.72070 beam_ceil=28.92462 homogeneity=0.0217 body=0.00000 bowel=0.93166 femur=1.33143
2026-05-25 16:40:43 [INFO] Step 50/54 Loss=125.3963 mse=0.5442 v_opt=3.25539 v_mand=2.65644 ptv=0.2382 ptv_max=0.00000 global_ceil=0.00000 ring=0.00000 smooth=0.1064 laplacian=0.4088 anticollapse=0.00000 beam=0.73148 beam_ceil=16.66661 homogeneity=0.0228 body=0.00000 bowel=0.91790 femur=1.34388
2026-05-25 16:40:47 [INFO] Step 54/54 Loss=119.1603 mse=0.5188 v_opt=3.14675 v_mand=2.55261 ptv=0.2254 ptv_max=0.00000 global_ceil=0.00000 ring=0.00000 smooth=0.1005 laplacian=0.3898 anticollapse=0.00000 beam=0.73344 beam_ceil=15.01920 homogeneity=0.0202 body=0.00000 bowel=0.93493 femur=1.32459
2026-05-25 16:40:48 [INFO] Running validation at epoch 31...
2026-05-25 16:41:14 [INFO] Epoch 31 Summary: Train=115.3104 Val=0.0628 (MSE=0.0628)
          Metrics: PTV_D95=34.98Gy Bladder=54.26Gy Rectum=52.27Gy
          Metrics: Ring=54.71Gy Dmax=66.35Gy BG=55.03Gy
2026-05-25 16:41:14 [INFO] [PHYSICS] Saved best model val_loss=0.0628
2026-05-25 16:41:14 [INFO] [DIAGNOSTIC] Saved fallback model MSE=0.0628
2026-05-25 16:41:14 [INFO] Epoch 32/300 [RAMP 32/75 (43% of physics)] ramp=0.427 lr=9.74e-05
2026-05-25 16:41:21 [INFO] Step 5/54 Loss=145.1062 mse=0.6291 v_opt=3.15244 v_mand=2.55834 ptv=0.2541 ptv_max=0.00000 global_ceil=0.00000 ring=0.00000 smooth=0.1189 laplacian=0.4700 anticollapse=0.00000 beam=0.72634 beam_ceil=25.59369 homogeneity=0.0265 body=0.00000 bowel=0.79059 femur=1.34814
2026-05-25 16:41:26 [INFO] Step 10/54 Loss=103.9106 mse=0.4576 v_opt=3.01418 v_mand=2.43416 ptv=0.2219 ptv_max=0.00000 global_ceil=0.00000 ring=0.00000 smooth=0.0812 laplacian=0.3111 anticollapse=0.00000 beam=0.73203 beam_ceil=8.35503 homogeneity=0.0187 body=0.00000 bowel=0.92352 femur=1.34426
2026-05-25 16:41:33 [INFO] Step 15/54 Loss=83.1073 mse=0.5665 v_opt=2.97909 v_mand=2.39789 ptv=0.2155 ptv_max=0.00000 global_ceil=0.00000 ring=0.00000 smooth=0.1064 laplacian=0.4132 anticollapse=0.00000 beam=0.73179 beam_ceil=2.72147 homogeneity=0.0179 body=0.00000 bowel=0.00000 femur=0.00000
2026-05-25 16:41:38 [INFO] Step 20/54 Loss=108.2388 mse=0.5080 v_opt=3.12595 v_mand=2.53160 ptv=0.2332 ptv_max=0.00000 global_ceil=0.00000 ring=0.00000 smooth=0.1027 laplacian=0.4001 anticollapse=0.00000 beam=0.72034 beam_ceil=8.70515 homogeneity=0.0220 body=0.00000 bowel=0.94137 femur=1.32787
2026-05-25 16:41:44 [INFO] Step 25/54 Loss=149.6357 mse=0.6188 v_opt=3.31984 v_mand=2.71399 ptv=0.2223 ptv_max=0.00000 global_ceil=0.00000 ring=0.00000 smooth=0.1108 laplacian=0.4391 anticollapse=0.00000 beam=0.71101 beam_ceil=25.99556 homogeneity=0.0188 body=0.00000 bowel=0.93843 femur=1.35026
2026-05-25 16:41:49 [INFO] Step 30/54 Loss=120.4074 mse=0.4758 v_opt=3.10314 v_mand=2.51472 ptv=0.2300 ptv_max=0.00000 global_ceil=0.00000 ring=0.00000 smooth=0.0990 laplacian=0.3718 anticollapse=0.00000 beam=0.73171 beam_ceil=15.58080 homogeneity=0.0208 body=0.00000 bowel=0.87867 femur=1.31995
2026-05-25 16:41:56 [INFO] Step 35/54 Loss=84.6454 mse=0.2907 v_opt=3.00770 v_mand=2.42540 ptv=0.2366 ptv_max=0.00000 global_ceil=0.00000 ring=0.00000 smooth=0.0680 laplacian=0.2448 anticollapse=0.00000 beam=0.73208 beam_ceil=3.94363 homogeneity=0.0200 body=0.00000 bowel=0.00000 femur=1.32248
2026-05-25 16:42:01 [INFO] Step 40/54 Loss=97.0574 mse=0.5008 v_opt=3.38250 v_mand=2.76970 ptv=0.2051 ptv_max=0.00000 global_ceil=0.00000 ring=0.00000 smooth=0.0991 laplacian=0.3681 anticollapse=0.00000 beam=0.72659 beam_ceil=6.49420 homogeneity=0.0143 body=0.00000 bowel=0.00000 femur=0.00000
2026-05-25 16:42:08 [INFO] Step 45/54 Loss=103.9869 mse=0.5939 v_opt=2.86273 v_mand=2.30763 ptv=0.2462 ptv_max=0.00000 global_ceil=0.00000 ring=0.00000 smooth=0.1169 laplacian=0.4595 anticollapse=0.00000 beam=0.73291 beam_ceil=7.92080 homogeneity=0.0237 body=0.00000 bowel=0.92735 femur=1.31023
2026-05-25 16:42:13 [INFO] Step 50/54 Loss=84.0877 mse=0.5756 v_opt=3.05774 v_mand=2.47359 ptv=0.2178 ptv_max=0.00000 global_ceil=0.00000 ring=0.00000 smooth=0.0821 laplacian=0.3093 anticollapse=0.00000 beam=0.73054 beam_ceil=2.37806 homogeneity=0.0171 body=0.00000 bowel=0.00000 femur=0.00000
2026-05-25 16:42:17 [INFO] Step 54/54 Loss=114.6186 mse=0.5383 v_opt=2.96259 v_mand=2.39901 ptv=0.2362 ptv_max=0.00000 global_ceil=0.00000 ring=0.00000 smooth=0.1074 laplacian=0.4181 anticollapse=0.00000 beam=0.72896 beam_ceil=13.24013 homogeneity=0.0210 body=0.00000 bowel=0.83289 femur=1.34593
2026-05-25 16:42:17 [INFO] Running validation at epoch 32...
2026-05-25 16:42:44 [INFO] Epoch 32 Summary: Train=105.2197 Val=0.0618 (MSE=0.0618)
          Metrics: PTV_D95=34.73Gy Bladder=53.93Gy Rectum=51.90Gy
          Metrics: Ring=54.26Gy Dmax=66.02Gy BG=54.65Gy
2026-05-25 16:42:44 [INFO] [PHYSICS] Saved best model val_loss=0.0618
2026-05-25 16:42:44 [INFO] [DIAGNOSTIC] Saved fallback model MSE=0.0618
2026-05-25 16:42:44 [INFO] Epoch 33/300 [RAMP 33/75 (44% of physics)] ramp=0.440 lr=9.72e-05
2026-05-25 16:42:51 [INFO] Step 5/54 Loss=120.5539 mse=0.6047 v_opt=3.40271 v_mand=2.78988 ptv=0.2366 ptv_max=0.00000 global_ceil=0.00000 ring=0.00000 smooth=0.1260 laplacian=0.4826 anticollapse=0.00000 beam=0.72712 beam_ceil=9.89962 homogeneity=0.0213 body=0.00000 bowel=0.85692 femur=1.19665
2026-05-25 16:42:56 [INFO] Step 10/54 Loss=106.1573 mse=0.4368 v_opt=3.33508 v_mand=2.72683 ptv=0.2392 ptv_max=0.00000 global_ceil=0.00000 ring=0.00000 smooth=0.0924 laplacian=0.3551 anticollapse=0.00000 beam=0.72594 beam_ceil=4.95562 homogeneity=0.0220 body=0.00000 bowel=0.97208 femur=1.34792
2026-05-25 16:43:02 [INFO] Step 15/54 Loss=85.6874 mse=0.4077 v_opt=2.85347 v_mand=2.30852 ptv=0.2335 ptv_max=0.00000 global_ceil=0.00000 ring=0.00000 smooth=0.0868 laplacian=0.3252 anticollapse=0.00000 beam=0.72978 beam_ceil=0.36675 homogeneity=0.0209 body=0.00000 bowel=0.86412 femur=1.31067
2026-05-25 16:43:07 [INFO] Step 20/54 Loss=127.3367 mse=0.5989 v_opt=3.01279 v_mand=2.44374 ptv=0.2435 ptv_max=0.00000 global_ceil=0.00000 ring=0.00000 smooth=0.1223 laplacian=0.4803 anticollapse=0.00000 beam=0.72747 beam_ceil=16.92847 homogeneity=0.0227 body=0.00000 bowel=0.93725 femur=1.25558
2026-05-25 16:43:14 [INFO] Step 25/54 Loss=95.3325 mse=0.5646 v_opt=2.93779 v_mand=2.36289 ptv=0.2432 ptv_max=0.00000 global_ceil=0.00000 ring=0.00000 smooth=0.1133 laplacian=0.4383 anticollapse=0.00000 beam=0.72698 beam_ceil=2.14744 homogeneity=0.0225 body=0.00000 bowel=0.96090 femur=1.30320
2026-05-25 16:43:18 [INFO] Step 30/54 Loss=88.2553 mse=0.5478 v_opt=2.97962 v_mand=2.40380 ptv=0.2206 ptv_max=0.00000 global_ceil=0.00000 ring=0.00000 smooth=0.1093 laplacian=0.4180 anticollapse=0.00000 beam=0.73091 beam_ceil=4.46078 homogeneity=0.0174 body=0.00000 bowel=0.00000 femur=0.00000
2026-05-25 16:43:25 [INFO] Step 35/54 Loss=108.9925 mse=0.5481 v_opt=3.15948 v_mand=2.56548 ptv=0.2377 ptv_max=0.00000 global_ceil=0.00000 ring=0.00000 smooth=0.0968 laplacian=0.3822 anticollapse=0.00000 beam=0.72551 beam_ceil=6.95912 homogeneity=0.0203 body=0.00000 bowel=0.94390 femur=1.32551
2026-05-25 16:43:30 [INFO] Step 40/54 Loss=85.8467 mse=0.6511 v_opt=3.06900 v_mand=2.48136 ptv=0.2254 ptv_max=0.00000 global_ceil=0.00000 ring=0.00000 smooth=0.1045 laplacian=0.3986 anticollapse=0.00000 beam=0.72687 beam_ceil=1.10418 homogeneity=0.0182 body=0.00000 bowel=0.00000 femur=0.00000
2026-05-25 16:43:36 [INFO] Step 45/54 Loss=88.9183 mse=0.4943 v_opt=3.20123 v_mand=2.60435 ptv=0.2354 ptv_max=0.00000 global_ceil=0.00000 ring=0.00000 smooth=0.0973 laplacian=0.3738 anticollapse=0.00000 beam=0.00000 beam_ceil=1.08404 homogeneity=0.0206 body=0.00000 bowel=0.97474 femur=1.30987
2026-05-25 16:43:41 [INFO] Step 50/54 Loss=111.0476 mse=0.5585 v_opt=2.82539 v_mand=2.27358 ptv=0.2425 ptv_max=0.00000 global_ceil=0.00000 ring=0.00000 smooth=0.1138 laplacian=0.4491 anticollapse=0.00000 beam=0.72596 beam_ceil=11.26016 homogeneity=0.0220 body=0.00000 bowel=0.90695 femur=1.31576
2026-05-25 16:43:46 [INFO] Step 54/54 Loss=99.7810 mse=0.5355 v_opt=3.02836 v_mand=2.44829 ptv=0.2366 ptv_max=0.00000 global_ceil=0.00000 ring=0.00000 smooth=0.1022 laplacian=0.3978 anticollapse=0.00000 beam=0.72298 beam_ceil=3.88043 homogeneity=0.0205 body=0.00000 bowel=0.94130 femur=1.31772
2026-05-25 16:43:46 [INFO] Running validation at epoch 33...
2026-05-25 16:44:13 [INFO] Epoch 33 Summary: Train=96.4111 Val=0.0607 (MSE=0.0607)
          Metrics: PTV_D95=34.35Gy Bladder=53.38Gy Rectum=51.39Gy
          Metrics: Ring=53.78Gy Dmax=65.88Gy BG=54.21Gy
2026-05-25 16:44:13 [INFO] [PHYSICS] Saved best model val_loss=0.0607
2026-05-25 16:44:13 [INFO] [DIAGNOSTIC] Saved fallback model MSE=0.0607
2026-05-25 16:44:13 [INFO] Epoch 34/300 [RAMP 34/75 (45% of physics)] ramp=0.453 lr=9.71e-05
2026-05-25 16:44:20 [INFO] Step 5/54 Loss=96.0415 mse=0.5609 v_opt=3.31428 v_mand=2.71003 ptv=0.2605 ptv_max=0.00000 global_ceil=0.00000 ring=0.00000 smooth=0.1244 laplacian=0.4629 anticollapse=0.00000 beam=0.71832 beam_ceil=1.32759 homogeneity=0.0252 body=0.00000 bowel=0.62868 femur=0.00000
2026-05-25 16:44:25 [INFO] Step 10/54 Loss=110.4132 mse=0.5701 v_opt=3.06097 v_mand=2.47762 ptv=0.2650 ptv_max=0.00000 global_ceil=0.00000 ring=0.00000 smooth=0.1122 laplacian=0.4352 anticollapse=0.00000 beam=0.72050 beam_ceil=7.21920 homogeneity=0.0260 body=0.00000 bowel=0.90912 femur=1.31604
2026-05-25 16:44:31 [INFO] Step 15/54 Loss=144.7559 mse=0.5549 v_opt=2.63973 v_mand=2.10765 ptv=0.2506 ptv_max=0.00000 global_ceil=0.00000 ring=0.00000 smooth=0.1110 laplacian=0.4355 anticollapse=0.00000 beam=0.71851 beam_ceil=29.50429 homogeneity=0.0235 body=0.00000 bowel=0.76951 femur=1.31152
2026-05-25 16:44:36 [INFO] Step 20/54 Loss=104.1291 mse=0.5116 v_opt=3.02441 v_mand=2.44429 ptv=0.2449 ptv_max=0.00000 global_ceil=0.00000 ring=0.00000 smooth=0.0996 laplacian=0.3850 anticollapse=0.00000 beam=0.71971 beam_ceil=5.29539 homogeneity=0.0218 body=0.00000 bowel=0.90120 femur=1.34355
2026-05-25 16:44:43 [INFO] Step 25/54 Loss=95.3726 mse=0.3390 v_opt=2.90081 v_mand=2.32450 ptv=0.2527 ptv_max=0.00000 global_ceil=0.00000 ring=0.00000 smooth=0.0735 laplacian=0.2761 anticollapse=0.00000 beam=0.72278 beam_ceil=4.92825 homogeneity=0.0237 body=0.00000 bowel=0.83924 femur=1.28042
2026-05-25 16:44:47 [INFO] Step 30/54 Loss=87.1651 mse=0.4171 v_opt=2.87776 v_mand=2.30721 ptv=0.2466 ptv_max=0.00000 global_ceil=0.00000 ring=0.00000 smooth=0.0773 laplacian=0.3001 anticollapse=0.00000 beam=0.71265 beam_ceil=0.03420 homogeneity=0.0218 body=0.00000 bowel=0.84105 femur=1.30947
2026-05-25 16:44:54 [INFO] Step 35/54 Loss=96.6646 mse=0.3707 v_opt=2.88295 v_mand=2.31210 ptv=0.2510 ptv_max=0.00000 global_ceil=0.00000 ring=0.00000 smooth=0.0788 laplacian=0.2971 anticollapse=0.00000 beam=0.72179 beam_ceil=5.32492 homogeneity=0.0231 body=0.00000 bowel=0.82265 femur=1.30012
2026-05-25 16:44:59 [INFO] Step 40/54 Loss=98.4568 mse=0.5549 v_opt=2.65414 v_mand=2.11844 ptv=0.2609 ptv_max=0.00000 global_ceil=0.00000 ring=0.00000 smooth=0.1114 laplacian=0.4309 anticollapse=0.00000 beam=0.00000 beam_ceil=10.20043 homogeneity=0.0246 body=0.00000 bowel=0.79442 femur=1.30668
2026-05-25 16:45:06 [INFO] Step 45/54 Loss=100.4219 mse=0.4322 v_opt=2.76938 v_mand=2.20567 ptv=0.2665 ptv_max=0.00000 global_ceil=0.00000 ring=0.00000 smooth=0.0856 laplacian=0.3227 anticollapse=0.00000 beam=0.72384 beam_ceil=7.75546 homogeneity=0.0262 body=0.00000 bowel=0.77447 femur=1.30450
2026-05-25 16:45:10 [INFO] Step 50/54 Loss=92.8889 mse=0.4561 v_opt=2.98297 v_mand=2.40358 ptv=0.2494 ptv_max=0.00000 global_ceil=0.00000 ring=0.00000 smooth=0.0891 laplacian=0.3415 anticollapse=0.00000 beam=0.70287 beam_ceil=0.94460 homogeneity=0.0225 body=0.00000 bowel=0.93623 femur=1.30843
2026-05-25 16:45:15 [INFO] Step 54/54 Loss=83.2376 mse=0.3501 v_opt=2.81752 v_mand=2.24925 ptv=0.2615 ptv_max=0.00000 global_ceil=0.00000 ring=0.00000 smooth=0.0673 laplacian=0.2485 anticollapse=0.00000 beam=0.72106 beam_ceil=0.53973 homogeneity=0.0240 body=0.00000 bowel=0.57164 femur=1.28182
2026-05-25 16:45:15 [INFO] Running validation at epoch 34...
2026-05-25 16:45:41 [INFO] Epoch 34 Summary: Train=92.9584 Val=0.0597 (MSE=0.0597)
          Metrics: PTV_D95=33.92Gy Bladder=52.75Gy Rectum=50.73Gy
          Metrics: Ring=53.19Gy Dmax=64.88Gy BG=53.76Gy
2026-05-25 16:45:41 [INFO] [PHYSICS] Saved best model val_loss=0.0597
2026-05-25 16:45:41 [INFO] [DIAGNOSTIC] Saved fallback model MSE=0.0597
2026-05-25 16:45:41 [INFO] Epoch 35/300 [RAMP 35/75 (47% of physics)] ramp=0.467 lr=9.69e-05
2026-05-25 16:45:48 [INFO] Step 5/54 Loss=95.1556 mse=0.5510 v_opt=2.70872 v_mand=2.16140 ptv=0.2630 ptv_max=0.00000 global_ceil=0.00000 ring=0.00000 smooth=0.1127 laplacian=0.4384 anticollapse=0.00000 beam=0.72180 beam_ceil=2.75701 homogeneity=0.0247 body=0.00000 bowel=0.85972 femur=1.27125
2026-05-25 16:45:53 [INFO] Step 10/54 Loss=82.3327 mse=0.4897 v_opt=2.73729 v_mand=2.17458 ptv=0.2743 ptv_max=0.00000 global_ceil=0.00000 ring=0.00000 smooth=0.0885 laplacian=0.3385 anticollapse=0.00000 beam=0.72016 beam_ceil=0.05567 homogeneity=0.0241 body=0.00000 bowel=0.00000 femur=1.27400
2026-05-25 16:46:00 [INFO] Step 15/54 Loss=98.0692 mse=0.4598 v_opt=2.79500 v_mand=2.22806 ptv=0.2680 ptv_max=0.00000 global_ceil=0.00000 ring=0.00000 smooth=0.0850 laplacian=0.3281 anticollapse=0.00000 beam=0.72060 beam_ceil=4.63937 homogeneity=0.0258 body=0.00000 bowel=0.86798 femur=1.26864
2026-05-25 16:46:05 [INFO] Step 20/54 Loss=84.1900 mse=0.3811 v_opt=2.76097 v_mand=2.19635 ptv=0.2705 ptv_max=0.00000 global_ceil=0.00000 ring=0.00000 smooth=0.0692 laplacian=0.2626 anticollapse=0.00000 beam=0.71666 beam_ceil=0.00146 homogeneity=0.0230 body=0.00000 bowel=0.73245 femur=1.11941
2026-05-25 16:46:11 [INFO] Step 25/54 Loss=86.9192 mse=0.4701 v_opt=2.47745 v_mand=1.95850 ptv=0.2688 ptv_max=0.00000 global_ceil=0.00000 ring=0.00000 smooth=0.0905 laplacian=0.3516 anticollapse=0.00000 beam=0.72055 beam_ceil=2.09050 homogeneity=0.0250 body=0.00000 bowel=0.86366 femur=1.32295
2026-05-25 16:46:16 [INFO] Step 30/54 Loss=89.7824 mse=0.5042 v_opt=2.74439 v_mand=2.18315 ptv=0.2699 ptv_max=0.00000 global_ceil=0.00000 ring=0.00000 smooth=0.0987 laplacian=0.3760 anticollapse=0.00000 beam=0.71832 beam_ceil=1.28438 homogeneity=0.0247 body=0.00000 bowel=0.58557 femur=1.33124
2026-05-25 16:46:22 [INFO] Step 35/54 Loss=90.5691 mse=0.5346 v_opt=2.72326 v_mand=2.16403 ptv=0.2696 ptv_max=0.00000 global_ceil=0.00000 ring=0.00000 smooth=0.1107 laplacian=0.4294 anticollapse=0.00000 beam=0.72046 beam_ceil=0.87243 homogeneity=0.0257 body=0.00000 bowel=0.77474 femur=1.29481
2026-05-25 16:46:27 [INFO] Step 40/54 Loss=97.3716 mse=0.5178 v_opt=2.74114 v_mand=2.17884 ptv=0.2754 ptv_max=0.00000 global_ceil=0.00000 ring=0.00000 smooth=0.1048 laplacian=0.4125 anticollapse=0.00000 beam=0.71808 beam_ceil=3.97587 homogeneity=0.0265 body=0.00000 bowel=0.85965 femur=1.31546
2026-05-25 16:46:33 [INFO] Step 45/54 Loss=90.8859 mse=0.4888 v_opt=2.79799 v_mand=2.23318 ptv=0.2720 ptv_max=0.00000 global_ceil=0.00000 ring=0.00000 smooth=0.0978 laplacian=0.3799 anticollapse=0.00000 beam=0.72018 beam_ceil=0.44222 homogeneity=0.0257 body=0.00000 bowel=0.89410 femur=1.27717
2026-05-25 16:46:39 [INFO] Step 50/54 Loss=81.2012 mse=0.5209 v_opt=2.62934 v_mand=2.07751 ptv=0.2890 ptv_max=0.00000 global_ceil=0.00000 ring=0.00000 smooth=0.1143 laplacian=0.4399 anticollapse=0.00000 beam=0.71382 beam_ceil=0.17042 homogeneity=0.0276 body=0.00000 bowel=0.00000 femur=1.26328
2026-05-25 16:46:43 [INFO] Step 54/54 Loss=78.2398 mse=0.3998 v_opt=2.64733 v_mand=2.09083 ptv=0.2917 ptv_max=0.00000 global_ceil=0.00000 ring=0.00000 smooth=0.0758 laplacian=0.2892 anticollapse=0.00000 beam=0.71245 beam_ceil=0.35708 homogeneity=0.0268 body=0.00000 bowel=0.00000 femur=1.20835
2026-05-25 16:46:43 [INFO] Running validation at epoch 35...
2026-05-25 16:47:10 [INFO] Epoch 35 Summary: Train=88.0168 Val=0.0584 (MSE=0.0584)
          Metrics: PTV_D95=33.43Gy Bladder=52.07Gy Rectum=50.31Gy
          Metrics: Ring=52.57Gy Dmax=64.78Gy BG=53.21Gy
2026-05-25 16:47:10 [INFO] [PHYSICS] Saved best model val_loss=0.0584
2026-05-25 16:47:10 [INFO] [DIAGNOSTIC] Saved fallback model MSE=0.0584
2026-05-25 16:47:10 [INFO] Epoch 36/300 [RAMP 36/75 (48% of physics)] ramp=0.480 lr=9.67e-05
2026-05-25 16:47:16 [INFO] Step 5/54 Loss=66.9190 mse=0.4823 v_opt=1.72025 v_mand=1.44233 ptv=0.2731 ptv_max=0.00000 global_ceil=0.00000 ring=0.00000 smooth=0.0926 laplacian=0.3520 anticollapse=0.00000 beam=0.71151 beam_ceil=0.68826 homogeneity=0.0256 body=0.00000 bowel=0.86578 femur=0.00000
2026-05-25 16:47:21 [INFO] Step 10/54 Loss=108.3264 mse=0.4813 v_opt=2.77061 v_mand=2.20842 ptv=0.2767 ptv_max=0.00000 global_ceil=0.00000 ring=0.00000 smooth=0.0860 laplacian=0.3328 anticollapse=0.00000 beam=0.71886 beam_ceil=8.64543 homogeneity=0.0255 body=0.00000 bowel=0.84194 femur=1.29965
2026-05-25 16:47:28 [INFO] Step 15/54 Loss=87.8108 mse=0.4440 v_opt=2.70216 v_mand=2.14599 ptv=0.2837 ptv_max=0.00000 global_ceil=0.00000 ring=0.00000 smooth=0.0919 laplacian=0.3429 anticollapse=0.00000 beam=0.71727 beam_ceil=0.57809 homogeneity=0.0275 body=0.00000 bowel=0.60148 femur=1.25537
2026-05-25 16:47:33 [INFO] Step 20/54 Loss=93.8200 mse=0.4824 v_opt=2.69023 v_mand=2.13356 ptv=0.2882 ptv_max=0.00000 global_ceil=0.00000 ring=0.00000 smooth=0.0903 laplacian=0.3432 anticollapse=0.00000 beam=0.71136 beam_ceil=2.65972 homogeneity=0.0261 body=0.00000 bowel=0.78852 femur=1.23711
2026-05-25 16:47:39 [INFO] Step 25/54 Loss=90.7952 mse=0.5450 v_opt=2.68221 v_mand=2.12906 ptv=0.2789 ptv_max=0.00000 global_ceil=0.00000 ring=0.00000 smooth=0.1042 laplacian=0.3996 anticollapse=0.00000 beam=0.70816 beam_ceil=0.93759 homogeneity=0.0256 body=0.00000 bowel=0.57613 femur=1.32985
2026-05-25 16:47:44 [INFO] Step 30/54 Loss=89.9742 mse=0.4674 v_opt=2.67569 v_mand=2.12030 ptv=0.2813 ptv_max=0.00000 global_ceil=0.00000 ring=0.00000 smooth=0.0979 laplacian=0.3799 anticollapse=0.00000 beam=0.70572 beam_ceil=0.51943 homogeneity=0.0271 body=0.00000 bowel=0.90805 femur=1.29544
2026-05-25 16:47:51 [INFO] Step 35/54 Loss=79.2867 mse=0.3205 v_opt=2.54164 v_mand=1.99364 ptv=0.3004 ptv_max=0.00000 global_ceil=0.00000 ring=0.00000 smooth=0.0694 laplacian=0.2590 anticollapse=0.00000 beam=0.70641 beam_ceil=0.28696 homogeneity=0.0298 body=0.00000 bowel=0.48132 femur=1.26849
2026-05-25 16:47:56 [INFO] Step 40/54 Loss=73.4122 mse=0.4493 v_opt=2.57956 v_mand=2.03054 ptv=0.2877 ptv_max=0.00000 global_ceil=0.00000 ring=0.00000 smooth=0.0900 laplacian=0.3516 anticollapse=0.00000 beam=0.70419 beam_ceil=0.00000 homogeneity=0.0263 body=0.00000 bowel=0.00000 femur=0.00000
2026-05-25 16:48:03 [INFO] Step 45/54 Loss=95.9154 mse=0.5493 v_opt=2.66926 v_mand=2.11228 ptv=0.2950 ptv_max=0.00000 global_ceil=0.00000 ring=0.00000 smooth=0.1044 laplacian=0.4063 anticollapse=0.00000 beam=0.70935 beam_ceil=5.74502 homogeneity=0.0283 body=0.00000 bowel=0.00000 femur=1.29397
2026-05-25 16:48:08 [INFO] Step 50/54 Loss=90.4436 mse=0.5183 v_opt=2.71273 v_mand=2.15393 ptv=0.2928 ptv_max=0.00000 global_ceil=0.00000 ring=0.00000 smooth=0.1020 laplacian=0.3954 anticollapse=0.00000 beam=0.70473 beam_ceil=0.36710 homogeneity=0.0275 body=0.00000 bowel=0.72128 femur=1.27832
2026-05-25 16:48:13 [INFO] Step 54/54 Loss=96.3741 mse=0.5249 v_opt=2.64896 v_mand=2.09657 ptv=0.2912 ptv_max=0.00000 global_ceil=0.00000 ring=0.00000 smooth=0.1021 laplacian=0.3927 anticollapse=0.00000 beam=0.70333 beam_ceil=3.87006 homogeneity=0.0268 body=0.00000 bowel=0.73752 femur=1.30266
2026-05-25 16:48:13 [INFO] Running validation at epoch 36...
2026-05-25 16:48:39 [INFO] Epoch 36 Summary: Train=86.0701 Val=0.0565 (MSE=0.0565)
          Metrics: PTV_D95=32.98Gy Bladder=51.50Gy Rectum=49.95Gy
          Metrics: Ring=51.79Gy Dmax=63.03Gy BG=52.44Gy
2026-05-25 16:48:39 [INFO] [PHYSICS] Saved best model val_loss=0.0565
2026-05-25 16:48:39 [INFO] [DIAGNOSTIC] Saved fallback model MSE=0.0565
2026-05-25 16:48:39 [INFO] Epoch 37/300 [RAMP 37/75 (49% of physics)] ramp=0.493 lr=9.65e-05
2026-05-25 16:48:46 [INFO] Step 5/54 Loss=107.4873 mse=0.4035 v_opt=2.60820 v_mand=2.05693 ptv=0.2972 ptv_max=0.00000 global_ceil=0.00000 ring=0.00000 smooth=0.0815 laplacian=0.3146 anticollapse=0.00000 beam=0.69899 beam_ceil=10.33378 homogeneity=0.0290 body=0.00000 bowel=0.83850 femur=1.22155
2026-05-25 16:48:51 [INFO] Step 10/54 Loss=86.2044 mse=0.4568 v_opt=2.58177 v_mand=2.03393 ptv=0.3132 ptv_max=0.00000 global_ceil=0.00000 ring=0.00000 smooth=0.0947 laplacian=0.3621 anticollapse=0.00000 beam=0.70385 beam_ceil=0.39580 homogeneity=0.0316 body=0.00000 bowel=0.52815 femur=1.19399
2026-05-25 16:48:58 [INFO] Step 15/54 Loss=87.1598 mse=0.4874 v_opt=2.50693 v_mand=1.96257 ptv=0.3161 ptv_max=0.00000 global_ceil=0.00000 ring=0.00000 smooth=0.1018 laplacian=0.4007 anticollapse=0.00000 beam=0.71082 beam_ceil=0.21699 homogeneity=0.0333 body=0.00000 bowel=0.79628 femur=1.23086
2026-05-25 16:49:03 [INFO] Step 20/54 Loss=85.4806 mse=0.4264 v_opt=2.54507 v_mand=1.99718 ptv=0.3065 ptv_max=0.00000 global_ceil=0.00000 ring=0.00000 smooth=0.0865 laplacian=0.3353 anticollapse=0.00000 beam=0.70768 beam_ceil=0.01780 homogeneity=0.0301 body=0.00000 bowel=0.75978 femur=1.21234
2026-05-25 16:49:09 [INFO] Step 25/54 Loss=87.6144 mse=0.4351 v_opt=2.59678 v_mand=2.04522 ptv=0.3058 ptv_max=0.00000 global_ceil=0.00000 ring=0.00000 smooth=0.0946 laplacian=0.3684 anticollapse=0.00000 beam=0.69449 beam_ceil=0.19381 homogeneity=0.0304 body=0.00000 bowel=0.84154 femur=1.17199
2026-05-25 16:49:14 [INFO] Step 30/54 Loss=90.6725 mse=0.4709 v_opt=2.72075 v_mand=2.15933 ptv=0.3037 ptv_max=0.00000 global_ceil=0.00000 ring=0.00000 smooth=0.0994 laplacian=0.3745 anticollapse=0.00000 beam=0.69711 beam_ceil=0.22838 homogeneity=0.0289 body=0.00000 bowel=0.69622 femur=1.21400
2026-05-25 16:49:20 [INFO] Step 35/54 Loss=83.6258 mse=0.3711 v_opt=2.56524 v_mand=2.01816 ptv=0.3087 ptv_max=0.00000 global_ceil=0.00000 ring=0.00000 smooth=0.0729 laplacian=0.2737 anticollapse=0.00000 beam=0.69968 beam_ceil=0.00950 homogeneity=0.0294 body=0.00000 bowel=0.68687 femur=1.17156
2026-05-25 16:49:25 [INFO] Step 40/54 Loss=84.2573 mse=0.4969 v_opt=2.33028 v_mand=1.81371 ptv=0.3168 ptv_max=0.00000 global_ceil=0.00000 ring=0.00000 smooth=0.1070 laplacian=0.4151 anticollapse=0.00000 beam=0.69391 beam_ceil=0.84979 homogeneity=0.0318 body=0.00000 bowel=0.78852 femur=1.16601
2026-05-25 16:49:32 [INFO] Step 45/54 Loss=87.5072 mse=0.4718 v_opt=2.44981 v_mand=1.91201 ptv=0.3232 ptv_max=0.00000 global_ceil=0.00000 ring=0.00000 smooth=0.1082 laplacian=0.4176 anticollapse=0.00000 beam=0.70694 beam_ceil=2.37856 homogeneity=0.0329 body=0.00000 bowel=0.51767 femur=1.18014
2026-05-25 16:49:37 [INFO] Step 50/54 Loss=83.4384 mse=0.4285 v_opt=2.45418 v_mand=1.91820 ptv=0.3198 ptv_max=0.00000 global_ceil=0.00000 ring=0.00000 smooth=0.0880 laplacian=0.3419 anticollapse=0.00000 beam=0.69918 beam_ceil=0.22610 homogeneity=0.0316 body=0.00000 bowel=0.74355 femur=1.14201
2026-05-25 16:49:41 [INFO] Step 54/54 Loss=74.7470 mse=0.5050 v_opt=2.05137 v_mand=1.58645 ptv=0.3693 ptv_max=0.00000 global_ceil=0.00000 ring=0.00000 smooth=0.1033 laplacian=0.3899 anticollapse=0.00000 beam=0.69876 beam_ceil=0.65309 homogeneity=0.0416 body=0.00000 bowel=0.23884 femur=1.22194
2026-05-25 16:49:41 [INFO] Running validation at epoch 37...
2026-05-25 16:50:08 [INFO] Epoch 37 Summary: Train=81.2207 Val=0.0546 (MSE=0.0546)
          Metrics: PTV_D95=32.37Gy Bladder=50.98Gy Rectum=49.53Gy
          Metrics: Ring=51.06Gy Dmax=62.59Gy BG=51.63Gy
2026-05-25 16:50:08 [INFO] [PHYSICS] Saved best model val_loss=0.0546
2026-05-25 16:50:08 [INFO] [DIAGNOSTIC] Saved fallback model MSE=0.0546
2026-05-25 16:50:08 [INFO] Epoch 38/300 [RAMP 38/75 (51% of physics)] ramp=0.507 lr=9.63e-05
2026-05-25 16:50:15 [INFO] Step 5/54 Loss=85.0267 mse=0.3944 v_opt=2.50154 v_mand=1.96030 ptv=0.3231 ptv_max=0.00000 global_ceil=0.00000 ring=0.00000 smooth=0.0862 laplacian=0.3319 anticollapse=0.00000 beam=0.68868 beam_ceil=0.19145 homogeneity=0.0323 body=0.00000 bowel=0.73244 femur=1.07589
2026-05-25 16:50:19 [INFO] Step 10/54 Loss=79.2934 mse=0.3596 v_opt=2.42238 v_mand=1.88720 ptv=0.3277 ptv_max=0.00000 global_ceil=0.00000 ring=0.00000 smooth=0.0807 laplacian=0.2939 anticollapse=0.00000 beam=0.69136 beam_ceil=0.16612 homogeneity=0.0326 body=0.00000 bowel=0.38340 femur=1.03818
2026-05-25 16:50:26 [INFO] Step 15/54 Loss=83.8552 mse=0.4319 v_opt=2.46702 v_mand=1.92863 ptv=0.3374 ptv_max=0.00000 global_ceil=0.00000 ring=0.00000 smooth=0.0910 laplacian=0.3502 anticollapse=0.00000 beam=0.68579 beam_ceil=0.37083 homogeneity=0.0349 body=0.00000 bowel=0.51055 femur=1.06435
2026-05-25 16:50:31 [INFO] Step 20/54 Loss=83.7103 mse=0.4669 v_opt=2.40901 v_mand=1.87764 ptv=0.3372 ptv_max=0.00000 global_ceil=0.00000 ring=0.00000 smooth=0.1030 laplacian=0.3968 anticollapse=0.00000 beam=0.70135 beam_ceil=0.42706 homogeneity=0.0347 body=0.00000 bowel=0.45006 femur=1.13595
2026-05-25 16:50:37 [INFO] Step 25/54 Loss=76.1837 mse=0.3227 v_opt=2.22957 v_mand=1.72988 ptv=0.3462 ptv_max=0.00000 global_ceil=0.00000 ring=0.00000 smooth=0.0732 laplacian=0.2827 anticollapse=0.00000 beam=0.68168 beam_ceil=0.08413 homogeneity=0.0369 body=0.00000 bowel=0.66520 femur=1.04471
2026-05-25 16:50:42 [INFO] Step 30/54 Loss=81.6389 mse=0.4377 v_opt=2.38036 v_mand=1.85090 ptv=0.3436 ptv_max=0.00000 global_ceil=0.00000 ring=0.00000 smooth=0.0974 laplacian=0.3702 anticollapse=0.00000 beam=0.69012 beam_ceil=0.83767 homogeneity=0.0359 body=0.00000 bowel=0.44033 femur=0.89592
2026-05-25 16:50:48 [INFO] Step 35/54 Loss=82.4020 mse=0.4085 v_opt=2.45972 v_mand=1.92119 ptv=0.3402 ptv_max=0.00000 global_ceil=0.00000 ring=0.00000 smooth=0.0852 laplacian=0.3306 anticollapse=0.00000 beam=0.68774 beam_ceil=0.01304 homogeneity=0.0345 body=0.00000 bowel=0.68521 femur=0.81469
2026-05-25 16:50:54 [INFO] Step 40/54 Loss=79.6618 mse=0.3136 v_opt=2.44426 v_mand=1.90709 ptv=0.3366 ptv_max=0.00000 global_ceil=0.00000 ring=0.00000 smooth=0.0691 laplacian=0.2542 anticollapse=0.00000 beam=0.67860 beam_ceil=0.01898 homogeneity=0.0338 body=0.00000 bowel=0.67794 femur=0.89200
2026-05-25 16:51:00 [INFO] Step 45/54 Loss=79.3686 mse=0.4278 v_opt=2.30782 v_mand=1.78709 ptv=0.3581 ptv_max=0.00000 global_ceil=0.00000 ring=0.00000 smooth=0.0965 laplacian=0.3767 anticollapse=0.00000 beam=0.69948 beam_ceil=0.10563 homogeneity=0.0385 body=0.00000 bowel=0.61671 femur=0.80827
2026-05-25 16:51:05 [INFO] Step 50/54 Loss=83.1782 mse=0.4496 v_opt=2.29991 v_mand=1.78350 ptv=0.3568 ptv_max=0.00000 global_ceil=0.00000 ring=0.00000 smooth=0.1002 laplacian=0.3927 anticollapse=0.00000 beam=0.70176 beam_ceil=1.54063 homogeneity=0.0379 body=0.00000 bowel=0.62244 femur=0.88563
2026-05-25 16:51:09 [INFO] Step 54/54 Loss=74.6826 mse=0.3548 v_opt=2.24123 v_mand=1.72913 ptv=0.3636 ptv_max=0.00000 global_ceil=0.00000 ring=0.00000 smooth=0.0805 laplacian=0.3076 anticollapse=0.00000 beam=0.67837 beam_ceil=0.56919 homogeneity=0.0393 body=0.00000 bowel=0.40104 femur=0.76917
2026-05-25 16:51:10 [INFO] Running validation at epoch 38...
2026-05-25 16:51:36 [INFO] Epoch 38 Summary: Train=79.1782 Val=0.0523 (MSE=0.0523)
          Metrics: PTV_D95=31.15Gy Bladder=50.40Gy Rectum=48.80Gy
          Metrics: Ring=50.12Gy Dmax=62.83Gy BG=50.60Gy
2026-05-25 16:51:36 [INFO] [PHYSICS] Saved best model val_loss=0.0523
2026-05-25 16:51:36 [INFO] [DIAGNOSTIC] Saved fallback model MSE=0.0523
2026-05-25 16:51:36 [INFO] Epoch 39/300 [RAMP 39/75 (52% of physics)] ramp=0.520 lr=9.61e-05
2026-05-25 16:51:43 [INFO] Step 5/54 Loss=81.2854 mse=0.3988 v_opt=2.33630 v_mand=1.81506 ptv=0.3570 ptv_max=0.00000 global_ceil=0.00000 ring=0.00000 smooth=0.0874 laplacian=0.3368 anticollapse=0.00000 beam=0.68365 beam_ceil=1.04276 homogeneity=0.0371 body=0.00000 bowel=0.51538 femur=0.68024
2026-05-25 16:51:47 [INFO] Step 10/54 Loss=76.7382 mse=0.3462 v_opt=2.30636 v_mand=1.78792 ptv=0.3642 ptv_max=0.00000 global_ceil=0.00000 ring=0.00000 smooth=0.0779 laplacian=0.2990 anticollapse=0.00000 beam=0.68950 beam_ceil=0.03245 homogeneity=0.0383 body=0.00000 bowel=0.43695 femur=0.70235
2026-05-25 16:51:54 [INFO] Step 15/54 Loss=66.6699 mse=0.2953 v_opt=1.92977 v_mand=1.48420 ptv=0.3597 ptv_max=0.00000 global_ceil=0.00000 ring=0.00000 smooth=0.0658 laplacian=0.2466 anticollapse=0.00000 beam=0.67263 beam_ceil=0.00000 homogeneity=0.0370 body=0.00000 bowel=0.42424 femur=0.71290
2026-05-25 16:51:59 [INFO] Step 20/54 Loss=74.9988 mse=0.3357 v_opt=2.29096 v_mand=1.77680 ptv=0.3660 ptv_max=0.00000 global_ceil=0.00000 ring=0.00000 smooth=0.0807 laplacian=0.2961 anticollapse=0.00000 beam=0.67183 beam_ceil=0.08428 homogeneity=0.0386 body=0.00000 bowel=0.27925 femur=0.73663
2026-05-25 16:52:06 [INFO] Step 25/54 Loss=75.3592 mse=0.3433 v_opt=2.25239 v_mand=1.74004 ptv=0.3707 ptv_max=0.00000 global_ceil=0.00000 ring=0.00000 smooth=0.0770 laplacian=0.2969 anticollapse=0.00000 beam=0.68487 beam_ceil=0.21388 homogeneity=0.0393 body=0.00000 bowel=0.38821 femur=0.70897
2026-05-25 16:52:11 [INFO] Step 30/54 Loss=71.9763 mse=0.3910 v_opt=2.05644 v_mand=1.57908 ptv=0.3764 ptv_max=0.00000 global_ceil=0.00000 ring=0.00000 smooth=0.0906 laplacian=0.3436 anticollapse=0.00000 beam=0.68972 beam_ceil=0.22300 homogeneity=0.0400 body=0.00000 bowel=0.36561 femur=0.65928
2026-05-25 16:52:17 [INFO] Step 35/54 Loss=77.2770 mse=0.3952 v_opt=2.17820 v_mand=1.67663 ptv=0.3817 ptv_max=0.00000 global_ceil=0.00000 ring=0.00000 smooth=0.0949 laplacian=0.3685 anticollapse=0.00000 beam=0.68809 beam_ceil=1.39382 homogeneity=0.0414 body=0.00000 bowel=0.43716 femur=0.57196
2026-05-25 16:52:22 [INFO] Step 40/54 Loss=72.1637 mse=0.5242 v_opt=2.20735 v_mand=1.70090 ptv=0.3819 ptv_max=0.00000 global_ceil=0.00000 ring=0.00000 smooth=0.0911 laplacian=0.3403 anticollapse=0.00000 beam=0.69244 beam_ceil=0.10047 homogeneity=0.0404 body=0.00000 bowel=0.00000 femur=0.00000
2026-05-25 16:52:27 [INFO] Step 45/54 Loss=74.0775 mse=0.4242 v_opt=2.16373 v_mand=1.66441 ptv=0.3913 ptv_max=0.00000 global_ceil=0.00000 ring=0.00000 smooth=0.0980 laplacian=0.3749 anticollapse=0.00000 beam=0.67454 beam_ceil=0.10483 homogeneity=0.0430 body=0.00000 bowel=0.29391 femur=0.60948
2026-05-25 16:52:33 [INFO] Step 50/54 Loss=75.6064 mse=0.4142 v_opt=2.15752 v_mand=1.65897 ptv=0.3866 ptv_max=0.00000 global_ceil=0.00000 ring=0.00000 smooth=0.0851 laplacian=0.3271 anticollapse=0.00000 beam=0.66700 beam_ceil=1.20221 homogeneity=0.0414 body=0.00000 bowel=0.32990 femur=0.55600
2026-05-25 16:52:38 [INFO] Step 54/54 Loss=70.7901 mse=0.3828 v_opt=2.05859 v_mand=1.56966 ptv=0.3993 ptv_max=0.00000 global_ceil=0.00000 ring=0.00000 smooth=0.0827 laplacian=0.3188 anticollapse=0.00000 beam=0.66607 beam_ceil=0.67450 homogeneity=0.0443 body=0.00000 bowel=0.24688 femur=0.56249
2026-05-25 16:52:38 [INFO] Running validation at epoch 39...
2026-05-25 16:53:05 [INFO] Epoch 39 Summary: Train=73.2888 Val=0.0499 (MSE=0.0499)
          Metrics: PTV_D95=29.84Gy Bladder=49.35Gy Rectum=47.84Gy
          Metrics: Ring=49.00Gy Dmax=62.82Gy BG=49.50Gy
2026-05-25 16:53:05 [INFO] [PHYSICS] Saved best model val_loss=0.0499
2026-05-25 16:53:05 [INFO] [DIAGNOSTIC] Saved fallback model MSE=0.0499
2026-05-25 16:53:05 [INFO] Epoch 40/300 [RAMP 40/75 (53% of physics)] ramp=0.533 lr=9.59e-05
2026-05-25 16:53:12 [INFO] Step 5/54 Loss=71.6712 mse=0.3797 v_opt=2.08418 v_mand=1.59684 ptv=0.3956 ptv_max=0.00000 global_ceil=0.00000 ring=0.00000 smooth=0.0810 laplacian=0.3091 anticollapse=0.00000 beam=0.66642 beam_ceil=0.00295 homogeneity=0.0430 body=0.00000 bowel=0.30017 femur=0.49585
2026-05-25 16:53:17 [INFO] Step 10/54 Loss=69.5686 mse=0.3911 v_opt=1.89438 v_mand=1.44037 ptv=0.4068 ptv_max=0.00000 global_ceil=0.00000 ring=0.00000 smooth=0.0971 laplacian=0.3786 anticollapse=0.00000 beam=0.67509 beam_ceil=0.37922 homogeneity=0.0458 body=0.00000 bowel=0.39464 femur=0.51078
2026-05-25 16:53:24 [INFO] Step 15/54 Loss=71.7124 mse=0.4135 v_opt=1.94861 v_mand=1.48073 ptv=0.4136 ptv_max=0.00000 global_ceil=0.00000 ring=0.00000 smooth=0.1001 laplacian=0.3864 anticollapse=0.00000 beam=0.65610 beam_ceil=0.93610 homogeneity=0.0462 body=0.00000 bowel=0.30694 femur=0.55345
2026-05-25 16:53:29 [INFO] Step 20/54 Loss=72.8636 mse=0.4408 v_opt=1.99422 v_mand=1.51891 ptv=0.4107 ptv_max=0.00000 global_ceil=0.00000 ring=0.00000 smooth=0.1020 laplacian=0.4011 anticollapse=0.00000 beam=0.67813 beam_ceil=0.25618 homogeneity=0.0458 body=0.00000 bowel=0.30104 femur=0.64617
2026-05-25 16:53:35 [INFO] Step 25/54 Loss=70.1694 mse=0.4140 v_opt=1.93563 v_mand=1.46316 ptv=0.4365 ptv_max=0.00000 global_ceil=0.00000 ring=0.00000 smooth=0.0959 laplacian=0.3766 anticollapse=0.00000 beam=0.65910 beam_ceil=0.47185 homogeneity=0.0510 body=0.00000 bowel=0.35193 femur=0.42435
2026-05-25 16:53:39 [INFO] Step 30/54 Loss=67.2586 mse=0.3363 v_opt=1.92928 v_mand=1.45855 ptv=0.4223 ptv_max=0.00000 global_ceil=0.00000 ring=0.00000 smooth=0.0814 laplacian=0.3169 anticollapse=0.00000 beam=0.65060 beam_ceil=0.17537 homogeneity=0.0477 body=0.00000 bowel=0.34156 femur=0.46698
2026-05-25 16:53:46 [INFO] Step 35/54 Loss=69.7443 mse=0.4236 v_opt=1.82867 v_mand=1.37081 ptv=0.4230 ptv_max=0.00000 global_ceil=0.00000 ring=0.00000 smooth=0.1026 laplacian=0.4002 anticollapse=0.00000 beam=0.65979 beam_ceil=1.41764 homogeneity=0.0477 body=0.00000 bowel=0.26867 femur=0.55891
2026-05-25 16:53:51 [INFO] Step 40/54 Loss=69.0835 mse=0.4445 v_opt=1.92894 v_mand=1.45989 ptv=0.4229 ptv_max=0.00000 global_ceil=0.00000 ring=0.00000 smooth=0.0984 laplacian=0.3806 anticollapse=0.00000 beam=0.65508 beam_ceil=0.11531 homogeneity=0.0466 body=0.00000 bowel=0.26735 femur=0.38624
2026-05-25 16:53:57 [INFO] Step 45/54 Loss=60.0825 mse=0.4060 v_opt=1.77758 v_mand=1.32885 ptv=0.4428 ptv_max=0.00000 global_ceil=0.00000 ring=0.00000 smooth=0.0868 laplacian=0.3374 anticollapse=0.00000 beam=0.64994 beam_ceil=0.04224 homogeneity=0.0508 body=0.00000 bowel=0.00000 femur=0.00000
2026-05-25 16:54:02 [INFO] Step 50/54 Loss=63.7592 mse=0.3918 v_opt=1.77728 v_mand=1.32801 ptv=0.4428 ptv_max=0.00000 global_ceil=0.00000 ring=0.00000 smooth=0.0926 laplacian=0.3556 anticollapse=0.00000 beam=0.64966 beam_ceil=0.00221 homogeneity=0.0506 body=0.00000 bowel=0.27400 femur=0.35602
2026-05-25 16:54:06 [INFO] Step 54/54 Loss=57.9066 mse=0.3794 v_opt=1.41055 v_mand=1.03838 ptv=0.4475 ptv_max=0.00000 global_ceil=0.00000 ring=0.00000 smooth=0.0868 laplacian=0.3410 anticollapse=0.00000 beam=0.65090 beam_ceil=0.99443 homogeneity=0.0523 body=0.00000 bowel=0.30735 femur=0.41237
2026-05-25 16:54:07 [INFO] Running validation at epoch 40...
2026-05-25 16:54:33 [INFO] Epoch 40 Summary: Train=65.7747 Val=0.0468 (MSE=0.0468)
          Metrics: PTV_D95=28.40Gy Bladder=47.41Gy Rectum=45.74Gy
          Metrics: Ring=47.33Gy Dmax=62.21Gy BG=48.04Gy
2026-05-25 16:54:33 [INFO] [PHYSICS] Saved best model val_loss=0.0468
2026-05-25 16:54:33 [INFO] [DIAGNOSTIC] Saved fallback model MSE=0.0468
2026-05-25 16:54:33 [INFO] Epoch 41/300 [RAMP 41/75 (55% of physics)] ramp=0.547 lr=9.57e-05
2026-05-25 16:54:40 [INFO] Step 5/54 Loss=58.5175 mse=0.3101 v_opt=1.61186 v_mand=1.19033 ptv=0.4612 ptv_max=0.00000 global_ceil=0.00000 ring=0.00000 smooth=0.0754 laplacian=0.2890 anticollapse=0.00000 beam=0.64863 beam_ceil=0.04592 homogeneity=0.0542 body=0.00000 bowel=0.17042 femur=0.39651
2026-05-25 16:54:45 [INFO] Step 10/54 Loss=61.7507 mse=0.4155 v_opt=1.57767 v_mand=1.16134 ptv=0.4578 ptv_max=0.00000 global_ceil=0.00000 ring=0.00000 smooth=0.1028 laplacian=0.3946 anticollapse=0.00000 beam=0.64125 beam_ceil=0.41734 homogeneity=0.0542 body=0.00000 bowel=0.18106 femur=0.47224
2026-05-25 16:54:52 [INFO] Step 15/54 Loss=57.0035 mse=0.3708 v_opt=1.49466 v_mand=1.09486 ptv=0.4703 ptv_max=0.00000 global_ceil=0.00000 ring=0.00000 smooth=0.0843 laplacian=0.3254 anticollapse=0.00000 beam=0.65110 beam_ceil=0.17767 homogeneity=0.0552 body=0.00000 bowel=0.16690 femur=0.26351
2026-05-25 16:54:57 [INFO] Step 20/54 Loss=52.5222 mse=0.2856 v_opt=1.18540 v_mand=0.95108 ptv=0.4734 ptv_max=0.00000 global_ceil=0.00000 ring=0.00000 smooth=0.0630 laplacian=0.2318 anticollapse=0.00000 beam=0.64099 beam_ceil=1.44343 homogeneity=0.0551 body=0.00000 bowel=0.18901 femur=0.18931
2026-05-25 16:55:03 [INFO] Step 25/54 Loss=52.4015 mse=0.3344 v_opt=1.48285 v_mand=1.08102 ptv=0.4884 ptv_max=0.00000 global_ceil=0.00000 ring=0.00000 smooth=0.0766 laplacian=0.2933 anticollapse=0.00000 beam=0.63773 beam_ceil=0.00000 homogeneity=0.0588 body=0.00000 bowel=0.00000 femur=0.00000
2026-05-25 16:55:08 [INFO] Step 30/54 Loss=59.5369 mse=0.3799 v_opt=1.50075 v_mand=1.09397 ptv=0.4882 ptv_max=0.00000 global_ceil=0.00000 ring=0.00000 smooth=0.0906 laplacian=0.3513 anticollapse=0.00000 beam=0.64248 beam_ceil=1.37229 homogeneity=0.0585 body=0.00000 bowel=0.16428 femur=0.23908
2026-05-25 16:55:14 [INFO] Step 35/54 Loss=54.9603 mse=0.3906 v_opt=1.51407 v_mand=1.10707 ptv=0.5284 ptv_max=0.00000 global_ceil=0.00000 ring=0.00000 smooth=0.0964 laplacian=0.3588 anticollapse=0.00000 beam=0.63220 beam_ceil=0.00000 homogeneity=0.0656 body=0.00000 bowel=0.00000 femur=0.00000
2026-05-25 16:55:19 [INFO] Step 40/54 Loss=59.5780 mse=0.3745 v_opt=1.60360 v_mand=1.18293 ptv=0.4907 ptv_max=0.00000 global_ceil=0.00000 ring=0.00000 smooth=0.0936 laplacian=0.3617 anticollapse=0.00000 beam=0.64934 beam_ceil=0.13892 homogeneity=0.0581 body=0.00000 bowel=0.17676 femur=0.21420
2026-05-25 16:55:24 [INFO] Step 45/54 Loss=48.8979 mse=0.2553 v_opt=1.30608 v_mand=0.92916 ptv=0.5293 ptv_max=0.00000 global_ceil=0.00000 ring=0.00000 smooth=0.0578 laplacian=0.2233 anticollapse=0.00000 beam=0.65890 beam_ceil=0.03420 homogeneity=0.0647 body=0.00000 bowel=0.10384 femur=0.27836
2026-05-25 16:55:31 [INFO] Step 50/54 Loss=48.7630 mse=0.3175 v_opt=1.23656 v_mand=0.87558 ptv=0.5332 ptv_max=0.00000 global_ceil=0.00000 ring=0.00000 smooth=0.0756 laplacian=0.2845 anticollapse=0.00000 beam=0.62946 beam_ceil=0.07240 homogeneity=0.0668 body=0.00000 bowel=0.12553 femur=0.23782
2026-05-25 16:55:35 [INFO] Step 54/54 Loss=49.4196 mse=0.3282 v_opt=1.21083 v_mand=0.85606 ptv=0.5460 ptv_max=0.00000 global_ceil=0.00000 ring=0.00000 smooth=0.0857 laplacian=0.3295 anticollapse=0.00000 beam=0.63935 beam_ceil=0.33003 homogeneity=0.0690 body=0.00000 bowel=0.12874 femur=0.24734
2026-05-25 16:55:35 [INFO] Running validation at epoch 41...
2026-05-25 16:56:02 [INFO] Epoch 41 Summary: Train=53.2211 Val=0.0435 (MSE=0.0435)
          Metrics: PTV_D95=26.09Gy Bladder=45.06Gy Rectum=43.50Gy
          Metrics: Ring=45.33Gy Dmax=65.05Gy BG=46.46Gy
2026-05-25 16:56:02 [INFO] [PHYSICS] Saved best model val_loss=0.0435
2026-05-25 16:56:02 [INFO] [DIAGNOSTIC] Saved fallback model MSE=0.0435
2026-05-25 16:56:02 [INFO] Epoch 42/300 [RAMP 42/75 (56% of physics)] ramp=0.560 lr=9.55e-05
2026-05-25 16:56:09 [INFO] Step 5/54 Loss=49.9377 mse=0.3344 v_opt=1.17842 v_mand=0.82597 ptv=0.5609 ptv_max=0.00000 global_ceil=0.00000 ring=0.00000 smooth=0.0911 laplacian=0.3524 anticollapse=0.00000 beam=0.66795 beam_ceil=0.14272 homogeneity=0.0714 body=0.00000 bowel=0.11316 femur=0.27939
2026-05-25 16:56:14 [INFO] Step 10/54 Loss=49.0382 mse=0.2847 v_opt=1.23002 v_mand=0.87061 ptv=0.5166 ptv_max=0.00000 global_ceil=0.00000 ring=0.00000 smooth=0.0743 laplacian=0.2882 anticollapse=0.00000 beam=0.66146 beam_ceil=0.23006 homogeneity=0.0625 body=0.00000 bowel=0.11985 femur=0.17837
2026-05-25 16:56:21 [INFO] Step 15/54 Loss=47.6455 mse=0.3210 v_opt=1.16881 v_mand=0.82950 ptv=0.5389 ptv_max=0.00000 global_ceil=0.00000 ring=0.00000 smooth=0.0725 laplacian=0.2782 anticollapse=0.00000 beam=0.62176 beam_ceil=0.04745 homogeneity=0.0668 body=0.00000 bowel=0.08099 femur=0.18193
2026-05-25 16:56:26 [INFO] Step 20/54 Loss=46.0394 mse=0.2755 v_opt=1.23422 v_mand=0.87144 ptv=0.5755 ptv_max=0.00000 global_ceil=0.00000 ring=0.00000 smooth=0.0524 laplacian=0.1963 anticollapse=0.00000 beam=0.62561 beam_ceil=0.00000 homogeneity=0.0723 body=0.00000 bowel=0.00000 femur=0.00000
2026-05-25 16:56:32 [INFO] Step 25/54 Loss=46.6503 mse=0.3690 v_opt=1.05869 v_mand=0.72821 ptv=0.5714 ptv_max=0.00000 global_ceil=0.00000 ring=0.00000 smooth=0.0827 laplacian=0.3149 anticollapse=0.00000 beam=0.61382 beam_ceil=0.10245 homogeneity=0.0724 body=0.00000 bowel=0.09736 femur=0.23100
2026-05-25 16:56:37 [INFO] Step 30/54 Loss=44.2149 mse=0.3415 v_opt=0.99359 v_mand=0.67513 ptv=0.5706 ptv_max=0.00000 global_ceil=0.00000 ring=0.00000 smooth=0.0824 laplacian=0.3218 anticollapse=0.00000 beam=0.63540 beam_ceil=0.07861 homogeneity=0.0727 body=0.00000 bowel=0.08742 femur=0.16372
2026-05-25 16:56:44 [INFO] Step 35/54 Loss=47.0259 mse=0.3449 v_opt=1.04875 v_mand=0.73198 ptv=0.5533 ptv_max=0.00000 global_ceil=0.00000 ring=0.00000 smooth=0.0921 laplacian=0.3538 anticollapse=0.00000 beam=0.64020 beam_ceil=0.35700 homogeneity=0.0691 body=0.00000 bowel=0.15498 femur=0.15018
2026-05-25 16:56:49 [INFO] Step 40/54 Loss=46.2056 mse=0.3260 v_opt=1.04037 v_mand=0.71668 ptv=0.5445 ptv_max=0.00000 global_ceil=0.00000 ring=0.00000 smooth=0.0829 laplacian=0.3253 anticollapse=0.00000 beam=0.67045 beam_ceil=0.27376 homogeneity=0.0666 body=0.00000 bowel=0.16516 femur=0.13373
2026-05-25 16:56:55 [INFO] Step 45/54 Loss=19.9247 mse=0.2218 v_opt=0.00000 v_mand=0.00000 ptv=0.4315 ptv_max=0.00000 global_ceil=0.00529 ring=0.00000 smooth=0.0508 laplacian=0.1811 anticollapse=0.00000 beam=0.60585 beam_ceil=0.70801 homogeneity=0.0477 body=0.00000 bowel=0.09562 femur=0.03262
2026-05-25 16:57:00 [INFO] Step 50/54 Loss=13.2280 mse=0.1786 v_opt=0.00000 v_mand=0.00000 ptv=0.0000 ptv_max=0.00000 global_ceil=0.00000 ring=0.00000 smooth=0.0384 laplacian=0.1375 anticollapse=0.00000 beam=0.59681 beam_ceil=0.00000 homogeneity=0.0000 body=0.00000 bowel=0.00000 femur=0.00000
2026-05-25 16:57:04 [INFO] Step 54/54 Loss=39.8479 mse=0.3175 v_opt=0.83778 v_mand=0.55344 ptv=0.6052 ptv_max=0.00000 global_ceil=0.00000 ring=0.00000 smooth=0.0758 laplacian=0.2918 anticollapse=0.00000 beam=0.63043 beam_ceil=0.00000 homogeneity=0.0781 body=0.00000 bowel=0.10233 femur=0.11934
2026-05-25 16:57:05 [INFO] Running validation at epoch 42...
2026-05-25 16:57:31 [INFO] Epoch 42 Summary: Train=45.0777 Val=0.0402 (MSE=0.0402)
          Metrics: PTV_D95=25.50Gy Bladder=41.93Gy Rectum=39.84Gy
          Metrics: Ring=43.29Gy Dmax=65.20Gy BG=44.92Gy
2026-05-25 16:57:31 [INFO] [PHYSICS] Saved best model val_loss=0.0402
2026-05-25 16:57:31 [INFO] [DIAGNOSTIC] Saved fallback model MSE=0.0402
2026-05-25 16:57:31 [INFO] Epoch 43/300 [RAMP 43/75 (57% of physics)] ramp=0.573 lr=9.53e-05
2026-05-25 16:57:39 [INFO] Step 5/54 Loss=40.0482 mse=0.2254 v_opt=0.88143 v_mand=0.58282 ptv=0.5515 ptv_max=0.00000 global_ceil=0.00000 ring=0.00000 smooth=0.0629 laplacian=0.2421 anticollapse=0.00000 beam=0.59909 beam_ceil=0.59355 homogeneity=0.0679 body=0.00000 bowel=0.16633 femur=0.14318
2026-05-25 16:57:43 [INFO] Step 10/54 Loss=39.5739 mse=0.3109 v_opt=0.64901 v_mand=0.41416 ptv=0.6001 ptv_max=0.00000 global_ceil=0.00000 ring=0.00000 smooth=0.0696 laplacian=0.2716 anticollapse=0.00000 beam=0.66442 beam_ceil=1.64099 homogeneity=0.0763 body=0.00000 bowel=0.09043 femur=0.08169
2026-05-25 16:57:50 [INFO] Step 15/54 Loss=21.5191 mse=0.2630 v_opt=0.00000 v_mand=0.00000 ptv=0.5601 ptv_max=0.00000 global_ceil=0.00000 ring=0.00000 smooth=0.0662 laplacian=0.2374 anticollapse=0.00000 beam=0.59808 beam_ceil=0.51988 homogeneity=0.0693 body=0.00000 bowel=0.07053 femur=0.00000
2026-05-25 16:57:55 [INFO] Step 20/54 Loss=39.0345 mse=0.3143 v_opt=0.80146 v_mand=0.52562 ptv=0.6326 ptv_max=0.00000 global_ceil=0.00000 ring=0.00000 smooth=0.0647 laplacian=0.2445 anticollapse=0.00000 beam=0.61517 beam_ceil=0.04135 homogeneity=0.0817 body=0.00000 bowel=0.08358 femur=0.04690
2026-05-25 16:58:02 [INFO] Step 25/54 Loss=34.6115 mse=0.2438 v_opt=0.70190 v_mand=0.44550 ptv=0.6122 ptv_max=0.00000 global_ceil=0.00000 ring=0.00000 smooth=0.0592 laplacian=0.2207 anticollapse=0.00000 beam=0.59058 beam_ceil=0.04300 homogeneity=0.0786 body=0.00000 bowel=0.06470 femur=0.13187
2026-05-25 16:58:07 [INFO] Step 30/54 Loss=36.7428 mse=0.3435 v_opt=0.65383 v_mand=0.40390 ptv=0.6536 ptv_max=0.00000 global_ceil=0.00000 ring=0.00000 smooth=0.0743 laplacian=0.2874 anticollapse=0.00000 beam=0.62255 beam_ceil=0.01162 homogeneity=0.0857 body=0.00000 bowel=0.12027 femur=0.04360
2026-05-25 16:58:14 [INFO] Step 35/54 Loss=39.8389 mse=0.3234 v_opt=0.59287 v_mand=0.34955 ptv=0.6267 ptv_max=0.00000 global_ceil=0.00000 ring=0.00000 smooth=0.0728 laplacian=0.2813 anticollapse=0.00000 beam=0.63419 beam_ceil=2.65150 homogeneity=0.0803 body=0.00000 bowel=0.08816 femur=0.09435
2026-05-25 16:58:19 [INFO] Step 40/54 Loss=36.1716 mse=0.2781 v_opt=0.72358 v_mand=0.46589 ptv=0.6017 ptv_max=0.00000 global_ceil=0.00000 ring=0.00000 smooth=0.0734 laplacian=0.2744 anticollapse=0.00000 beam=0.58689 beam_ceil=0.09956 homogeneity=0.0762 body=0.00000 bowel=0.10274 femur=0.06739
2026-05-25 16:58:25 [INFO] Step 45/54 Loss=31.5407 mse=0.2256 v_opt=0.53528 v_mand=0.34159 ptv=0.7427 ptv_max=0.00000 global_ceil=0.00000 ring=0.00000 smooth=0.0515 laplacian=0.1883 anticollapse=0.00000 beam=0.60880 beam_ceil=0.15479 homogeneity=0.1014 body=0.00000 bowel=0.03796 femur=0.02474
2026-05-25 16:58:30 [INFO] Step 50/54 Loss=34.3003 mse=0.2722 v_opt=0.59798 v_mand=0.37439 ptv=0.6470 ptv_max=0.00000 global_ceil=0.00000 ring=0.00000 smooth=0.0666 laplacian=0.2567 anticollapse=0.00000 beam=0.64660 beam_ceil=0.18560 homogeneity=0.0840 body=0.00000 bowel=0.09537 femur=0.02995
2026-05-25 16:58:34 [INFO] Step 54/54 Loss=31.8964 mse=0.2829 v_opt=0.49869 v_mand=0.31028 ptv=0.6761 ptv_max=0.00000 global_ceil=0.00000 ring=0.00000 smooth=0.0674 laplacian=0.2566 anticollapse=0.00000 beam=0.61746 beam_ceil=0.04204 homogeneity=0.0896 body=0.00000 bowel=0.07087 femur=0.02377
2026-05-25 16:58:35 [INFO] Running validation at epoch 43...
2026-05-25 16:59:01 [INFO] Epoch 43 Summary: Train=35.8013 Val=0.0372 (MSE=0.0372)
          Metrics: PTV_D95=23.75Gy Bladder=38.78Gy Rectum=35.63Gy
          Metrics: Ring=40.72Gy Dmax=66.85Gy BG=43.33Gy
2026-05-25 16:59:01 [INFO] [PHYSICS] Saved best model val_loss=0.0372
2026-05-25 16:59:01 [INFO] [DIAGNOSTIC] Saved fallback model MSE=0.0372
2026-05-25 16:59:01 [INFO] Epoch 44/300 [RAMP 44/75 (59% of physics)] ramp=0.587 lr=9.51e-05
2026-05-25 16:59:08 [INFO] Step 5/54 Loss=36.6343 mse=0.2263 v_opt=0.64671 v_mand=0.47155 ptv=0.6989 ptv_max=0.00000 global_ceil=0.00000 ring=0.00000 smooth=0.0473 laplacian=0.1730 anticollapse=0.00000 beam=0.58707 beam_ceil=0.75144 homogeneity=0.0934 body=0.00000 bowel=0.05785 femur=0.00555
2026-05-25 16:59:13 [INFO] Step 10/54 Loss=32.3648 mse=0.3257 v_opt=0.43680 v_mand=0.25446 ptv=0.6708 ptv_max=0.00000 global_ceil=0.00000 ring=0.00000 smooth=0.0679 laplacian=0.2634 anticollapse=0.00000 beam=0.61308 beam_ceil=0.32793 homogeneity=0.0887 body=0.00000 bowel=0.07301 femur=0.02852
2026-05-25 16:59:20 [INFO] Step 15/54 Loss=31.0571 mse=0.2440 v_opt=0.50253 v_mand=0.29774 ptv=0.6954 ptv_max=0.00000 global_ceil=0.00000 ring=0.00000 smooth=0.0636 laplacian=0.2398 anticollapse=0.00000 beam=0.62173 beam_ceil=0.29860 homogeneity=0.0936 body=0.00000 bowel=0.00000 femur=0.00000
2026-05-25 16:59:25 [INFO] Step 20/54 Loss=32.5377 mse=0.3479 v_opt=0.39139 v_mand=0.24655 ptv=0.7064 ptv_max=0.00000 global_ceil=0.00000 ring=0.00000 smooth=0.0707 laplacian=0.2655 anticollapse=0.00000 beam=0.61629 beam_ceil=0.08544 homogeneity=0.0946 body=0.00000 bowel=0.04684 femur=0.07719
2026-05-25 16:59:30 [INFO] Step 25/54 Loss=31.5508 mse=0.2771 v_opt=0.49195 v_mand=0.29653 ptv=0.6745 ptv_max=0.00000 global_ceil=0.00000 ring=0.00000 smooth=0.0564 laplacian=0.2150 anticollapse=0.00000 beam=0.59963 beam_ceil=0.29675 homogeneity=0.0890 body=0.00000 bowel=0.01523 femur=0.02750
2026-05-25 16:59:36 [INFO] Step 30/54 Loss=29.7288 mse=0.3443 v_opt=0.29947 v_mand=0.16018 ptv=0.8188 ptv_max=0.00000 global_ceil=0.00272 ring=0.00000 smooth=0.0598 laplacian=0.2287 anticollapse=0.00000 beam=0.60591 beam_ceil=0.05319 homogeneity=0.1150 body=0.00000 bowel=0.01951 femur=0.00712
2026-05-25 16:59:41 [INFO] Step 35/54 Loss=26.7871 mse=0.2660 v_opt=0.26353 v_mand=0.15193 ptv=0.7364 ptv_max=0.00000 global_ceil=0.00000 ring=0.00000 smooth=0.0553 laplacian=0.2077 anticollapse=0.00000 beam=0.60913 beam_ceil=0.04830 homogeneity=0.1013 body=0.00000 bowel=0.01057 femur=0.01678
2026-05-25 16:59:47 [INFO] Step 40/54 Loss=26.9414 mse=0.3056 v_opt=0.29162 v_mand=0.14205 ptv=0.7286 ptv_max=0.00000 global_ceil=0.00000 ring=0.00000 smooth=0.0591 laplacian=0.2243 anticollapse=0.00000 beam=0.58858 beam_ceil=0.01010 homogeneity=0.1000 body=0.00000 bowel=0.00000 femur=0.00000
2026-05-25 16:59:52 [INFO] Step 45/54 Loss=27.0402 mse=0.2475 v_opt=0.26354 v_mand=0.12321 ptv=0.6806 ptv_max=0.00000 global_ceil=0.00000 ring=0.00000 smooth=0.0596 laplacian=0.2286 anticollapse=0.00000 beam=0.61231 beam_ceil=0.91918 homogeneity=0.0900 body=0.00000 bowel=0.03189 femur=0.01280
2026-05-25 16:59:59 [INFO] Step 50/54 Loss=30.2531 mse=0.2823 v_opt=0.41561 v_mand=0.23801 ptv=0.6647 ptv_max=0.00000 global_ceil=0.00000 ring=0.00000 smooth=0.0662 laplacian=0.2484 anticollapse=0.00000 beam=0.61076 beam_ceil=0.26406 homogeneity=0.0873 body=0.00000 bowel=0.05357 femur=0.01335
2026-05-25 17:00:03 [INFO] Step 54/54 Loss=27.4182 mse=0.2704 v_opt=0.30684 v_mand=0.16028 ptv=0.6680 ptv_max=0.00000 global_ceil=0.00000 ring=0.00000 smooth=0.0651 laplacian=0.2490 anticollapse=0.00000 beam=0.62206 beam_ceil=0.06367 homogeneity=0.0875 body=0.00000 bowel=0.06704 femur=0.00717
2026-05-25 17:00:03 [INFO] Running validation at epoch 44...
2026-05-25 17:00:30 [INFO] Epoch 44 Summary: Train=29.6253 Val=0.0347 (MSE=0.0347)
          Metrics: PTV_D95=24.69Gy Bladder=35.32Gy Rectum=32.45Gy
          Metrics: Ring=39.18Gy Dmax=63.82Gy BG=42.00Gy
2026-05-25 17:00:30 [INFO] [PHYSICS] Saved best model val_loss=0.0347
2026-05-25 17:00:30 [INFO] [DIAGNOSTIC] Saved fallback model MSE=0.0347
2026-05-25 17:00:30 [INFO] Epoch 45/300 [RAMP 45/75 (60% of physics)] ramp=0.600 lr=9.48e-05
2026-05-25 17:00:37 [INFO] Step 5/54 Loss=29.2473 mse=0.3300 v_opt=0.25249 v_mand=0.12426 ptv=0.6944 ptv_max=0.00000 global_ceil=0.00000 ring=0.00000 smooth=0.0665 laplacian=0.2554 anticollapse=0.00000 beam=0.60002 beam_ceil=0.65759 homogeneity=0.0927 body=0.00000 bowel=0.05973 femur=0.00469
2026-05-25 17:00:42 [INFO] Step 10/54 Loss=26.1469 mse=0.2797 v_opt=0.16347 v_mand=0.06275 ptv=0.6932 ptv_max=0.00000 global_ceil=0.00000 ring=0.00000 smooth=0.0636 laplacian=0.2413 anticollapse=0.00000 beam=0.60398 beam_ceil=0.90812 homogeneity=0.0926 body=0.00000 bowel=0.01351 femur=0.00762
2026-05-25 17:00:48 [INFO] Step 15/54 Loss=21.3517 mse=0.2513 v_opt=0.00000 v_mand=0.00000 ptv=0.7189 ptv_max=0.00000 global_ceil=0.00000 ring=0.00000 smooth=0.0515 laplacian=0.1775 anticollapse=0.00000 beam=0.56443 beam_ceil=0.28312 homogeneity=0.0967 body=0.00000 bowel=0.00000 femur=0.00000
2026-05-25 17:00:53 [INFO] Step 20/54 Loss=25.2267 mse=0.3134 v_opt=0.11325 v_mand=0.04174 ptv=0.6864 ptv_max=0.00000 global_ceil=0.00000 ring=0.00000 smooth=0.0654 laplacian=0.2540 anticollapse=0.00000 beam=0.62275 beam_ceil=0.27022 homogeneity=0.0910 body=0.00000 bowel=0.00478 femur=0.01140
2026-05-25 17:01:00 [INFO] Step 25/54 Loss=27.1380 mse=0.3597 v_opt=0.20109 v_mand=0.08561 ptv=0.7474 ptv_max=0.00000 global_ceil=0.00000 ring=0.00000 smooth=0.0627 laplacian=0.2421 anticollapse=0.00000 beam=0.59076 beam_ceil=0.00000 homogeneity=0.1023 body=0.00000 bowel=0.00000 femur=0.00000
2026-05-25 17:01:05 [INFO] Step 30/54 Loss=27.9385 mse=0.2416 v_opt=0.36837 v_mand=0.19566 ptv=0.6888 ptv_max=0.00000 global_ceil=0.00000 ring=0.00000 smooth=0.0542 laplacian=0.2060 anticollapse=0.00000 beam=0.61558 beam_ceil=0.13017 homogeneity=0.0906 body=0.00000 bowel=0.02119 femur=0.00524
2026-05-25 17:01:11 [INFO] Step 35/54 Loss=23.4235 mse=0.2235 v_opt=0.21970 v_mand=0.08788 ptv=0.6887 ptv_max=0.00000 global_ceil=0.00000 ring=0.00000 smooth=0.0409 laplacian=0.1530 anticollapse=0.00000 beam=0.58130 beam_ceil=0.19586 homogeneity=0.0905 body=0.00000 bowel=0.01267 femur=0.00135
2026-05-25 17:01:16 [INFO] Step 40/54 Loss=26.2080 mse=0.2703 v_opt=0.22095 v_mand=0.09383 ptv=0.6961 ptv_max=0.00000 global_ceil=0.00000 ring=0.00000 smooth=0.0647 laplacian=0.2379 anticollapse=0.00000 beam=0.61221 beam_ceil=0.52778 homogeneity=0.0925 body=0.00000 bowel=0.00213 femur=0.01242
2026-05-25 17:01:23 [INFO] Step 45/54 Loss=26.2922 mse=0.3287 v_opt=0.20726 v_mand=0.08176 ptv=0.6854 ptv_max=0.00000 global_ceil=0.00000 ring=0.00000 smooth=0.0604 laplacian=0.2348 anticollapse=0.00000 beam=0.59735 beam_ceil=0.19157 homogeneity=0.0905 body=0.00000 bowel=0.00870 femur=0.00215
2026-05-25 17:01:28 [INFO] Step 50/54 Loss=14.3899 mse=0.1920 v_opt=0.24536 v_mand=0.11759 ptv=0.6422 ptv_max=0.00000 global_ceil=0.00000 ring=0.00000 smooth=0.0551 laplacian=0.2094 anticollapse=0.00000 beam=0.00000 beam_ceil=0.03333 homogeneity=0.0829 body=0.00000 bowel=0.02052 femur=0.00096
2026-05-25 17:01:33 [INFO] Step 54/54 Loss=23.7509 mse=0.2438 v_opt=0.13766 v_mand=0.05902 ptv=0.7130 ptv_max=0.00000 global_ceil=0.00000 ring=0.00000 smooth=0.0531 laplacian=0.2039 anticollapse=0.00000 beam=0.62504 beam_ceil=0.04633 homogeneity=0.0960 body=0.00000 bowel=0.01856 femur=0.00180
2026-05-25 17:01:33 [INFO] Running validation at epoch 45...
2026-05-25 17:01:59 [INFO] Epoch 45 Summary: Train=25.0599 Val=0.0327 (MSE=0.0327)
          Metrics: PTV_D95=25.00Gy Bladder=33.01Gy Rectum=30.26Gy
          Metrics: Ring=37.83Gy Dmax=63.55Gy BG=40.91Gy
2026-05-25 17:01:59 [INFO] [PHYSICS] Saved best model val_loss=0.0327
2026-05-25 17:01:59 [INFO] [DIAGNOSTIC] Saved fallback model MSE=0.0327
2026-05-25 17:01:59 [INFO] Epoch 46/300 [RAMP 46/75 (61% of physics)] ramp=0.613 lr=9.46e-05
2026-05-25 17:02:06 [INFO] Step 5/54 Loss=22.1848 mse=0.2188 v_opt=0.06256 v_mand=0.01128 ptv=0.6928 ptv_max=0.00000 global_ceil=0.00000 ring=0.00000 smooth=0.0523 laplacian=0.2012 anticollapse=0.00000 beam=0.64953 beam_ceil=0.15180 homogeneity=0.0921 body=0.00000 bowel=0.00000 femur=0.00006
2026-05-25 17:02:11 [INFO] Step 10/54 Loss=25.2881 mse=0.3470 v_opt=0.07840 v_mand=0.01627 ptv=0.7181 ptv_max=0.00000 global_ceil=0.00000 ring=0.00000 smooth=0.0606 laplacian=0.2310 anticollapse=0.00000 beam=0.58975 beam_ceil=0.30971 homogeneity=0.0982 body=0.00000 bowel=0.00000 femur=0.00000
