2026-05-22 15:53:28 [INFO] Training log started: training_20260522_155328.log
2026-05-22 15:53:28 [INFO] PATCH_SIZE=(128, 128, 64), GRAD_ACCUM_STEPS=2
2026-05-22 15:53:28 [INFO] Loading clinical constraints from ./prostate_prime_constraints_v2.csv ...
2026-05-22 15:53:28 [INFO] Curriculum ramp: lambda_mse=25.0 constant, physics lambdas 0 -> target over 30 epochs
2026-05-22 15:53:28 [INFO] Model ready on cuda, epochs=100, AMP=ON
2026-05-22 15:53:28 [INFO] Epoch 1/100 [RAMP 1/30 (3% of physics)] ramp=0.033 lr=1.00e-04
2026-05-22 15:53:34 [INFO] Step 5/54 Loss=68.7117 mse=2.4257 v_opt=3.32966 v_mand=2.73353 ptv=0.2275 ptv_max=0.12361 ring=0.16894 smooth=2.0022 laplacian=7.9313 beam=0.98632 homogeneity=0.1637 body=0.00000 bowel=0.20710 femur=0.27242
2026-05-22 15:53:37 [INFO] Step 10/54 Loss=33.0483 mse=1.0487 v_opt=3.42285 v_mand=2.81677 ptv=0.1155 ptv_max=0.02172 ring=0.04409 smooth=1.3268 laplacian=5.2551 beam=0.95378 homogeneity=0.0378 body=0.00000 bowel=0.00000 femur=0.00000
2026-05-22 15:53:39 [INFO] Step 15/54 Loss=72.2600 mse=2.5686 v_opt=3.00591 v_mand=2.45972 ptv=0.2200 ptv_max=0.13079 ring=0.19098 smooth=2.5923 laplacian=10.2736 beam=1.02334 homogeneity=0.1698 body=0.00000 bowel=0.12034 femur=0.29373
2026-05-22 15:53:42 [INFO] Step 20/54 Loss=45.3373 mse=1.4952 v_opt=3.55243 v_mand=2.93810 ptv=0.2131 ptv_max=0.12635 ring=0.14158 smooth=1.4102 laplacian=5.5573 beam=0.97927 homogeneity=0.1650 body=0.00000 bowel=0.06750 femur=0.34951
2026-05-22 15:53:47 [INFO] Step 25/54 Loss=62.0541 mse=2.1232 v_opt=3.94682 v_mand=3.29599 ptv=0.2026 ptv_max=0.11142 ring=0.13567 smooth=1.9726 laplacian=7.8113 beam=1.02841 homogeneity=0.1458 body=0.00000 bowel=0.15825 femur=0.37515
2026-05-22 15:53:49 [INFO] Step 30/54 Loss=41.1016 mse=1.3009 v_opt=4.17190 v_mand=3.51062 ptv=0.1793 ptv_max=0.06796 ring=0.08655 smooth=1.3467 laplacian=5.3098 beam=0.94686 homogeneity=0.0974 body=0.00000 bowel=0.24690 femur=0.30018
2026-05-22 15:53:52 [INFO] Step 35/54 Loss=60.2307 mse=2.0757 v_opt=3.79508 v_mand=3.15327 ptv=0.2027 ptv_max=0.08145 ring=0.11056 smooth=1.6671 laplacian=6.5990 beam=1.01315 homogeneity=0.1157 body=0.00000 bowel=0.24976 femur=0.29369
2026-05-22 15:53:55 [INFO] Step 40/54 Loss=50.3627 mse=1.7296 v_opt=3.33852 v_mand=2.73368 ptv=0.1807 ptv_max=0.04916 ring=0.07140 smooth=1.3271 laplacian=5.2345 beam=0.98784 homogeneity=0.0773 body=0.00000 bowel=0.25260 femur=0.25186
2026-05-22 15:53:59 [INFO] Step 45/54 Loss=40.5069 mse=1.3549 v_opt=3.11132 v_mand=2.53430 ptv=0.1744 ptv_max=0.04009 ring=0.05624 smooth=1.0395 laplacian=4.1016 beam=1.00251 homogeneity=0.0658 body=0.00000 bowel=0.33243 femur=0.45643
2026-05-22 15:54:03 [INFO] Step 50/54 Loss=42.7502 mse=1.4429 v_opt=3.21015 v_mand=2.63191 ptv=0.1852 ptv_max=0.02810 ring=0.05343 smooth=1.0771 laplacian=4.2286 beam=0.98375 homogeneity=0.0565 body=0.00000 bowel=0.17527 femur=0.48511
2026-05-22 15:54:05 [INFO] Step 54/54 Loss=39.9256 mse=1.3740 v_opt=2.64082 v_mand=2.15891 ptv=0.1544 ptv_max=0.02018 ring=0.03402 smooth=0.8872 laplacian=3.4667 beam=0.96223 homogeneity=0.0418 body=0.00000 bowel=0.11444 femur=0.41192
2026-05-22 15:54:05 [INFO] Running validation at epoch 1...
2026-05-22 15:54:35 [INFO] Epoch 1 Summary: Train=49.9345 Val=0.1129 (MSE=0.1129)
          Metrics: PTV_D95=40.83Gy Bladder=63.82Gy Rectum=64.85Gy
          Metrics: Ring=64.34Gy Dmax=182.61Gy BG=68.07Gy
2026-05-22 15:54:35 [INFO] [PHYSICS] Saved best model val_loss=0.1129
2026-05-22 15:54:35 [INFO] [CLINICAL] Saved best model Score=129.556 PTV_D95=40.83Gy Bladder=63.82Gy Rectum=64.85Gy
2026-05-22 15:54:35 [INFO] Epoch 2/100 [RAMP 2/30 (7% of physics)] ramp=0.067 lr=1.00e-04
2026-05-22 15:54:41 [INFO] Step 5/54 Loss=37.9284 mse=0.9725 v_opt=3.25787 v_mand=2.66379 ptv=0.1634 ptv_max=0.03056 ring=0.04330 smooth=0.9274 laplacian=3.6553 beam=0.97246 homogeneity=0.0548 body=0.00000 bowel=0.40586 femur=0.69768
2026-05-22 15:54:44 [INFO] Step 10/54 Loss=42.5419 mse=1.1510 v_opt=3.30886 v_mand=2.71503 ptv=0.1647 ptv_max=0.01808 ring=0.03061 smooth=0.6889 laplacian=2.6919 beam=0.95888 homogeneity=0.0422 body=0.00000 bowel=0.86254 femur=0.74139
2026-05-22 15:54:47 [INFO] Step 15/54 Loss=42.4453 mse=1.0729 v_opt=4.20319 v_mand=3.53514 ptv=0.1402 ptv_max=0.01053 ring=0.02102 smooth=0.7105 laplacian=2.7896 beam=0.94177 homogeneity=0.0282 body=0.00000 bowel=0.47367 femur=0.00000
2026-05-22 15:54:50 [INFO] Step 20/54 Loss=39.0630 mse=1.0450 v_opt=3.26810 v_mand=2.66649 ptv=0.1836 ptv_max=0.02386 ring=0.03708 smooth=0.5813 laplacian=2.2662 beam=0.90590 homogeneity=0.0526 body=0.00000 bowel=0.47575 femur=0.54738
2026-05-22 15:54:54 [INFO] Step 25/54 Loss=48.6932 mse=1.3575 v_opt=3.75961 v_mand=3.11971 ptv=0.1757 ptv_max=0.01923 ring=0.02904 smooth=0.6306 laplacian=2.4595 beam=1.02165 homogeneity=0.0463 body=0.00000 bowel=0.41920 femur=0.70692
2026-05-22 15:54:57 [INFO] Step 30/54 Loss=38.9210 mse=1.0632 v_opt=3.39220 v_mand=2.77929 ptv=0.1317 ptv_max=0.00613 ring=0.01703 smooth=0.6711 laplacian=2.6218 beam=0.90617 homogeneity=0.0213 body=0.00000 bowel=0.00000 femur=0.00000
2026-05-22 15:55:00 [INFO] Step 35/54 Loss=44.5797 mse=1.2824 v_opt=3.01871 v_mand=2.45048 ptv=0.1535 ptv_max=0.01519 ring=0.02813 smooth=0.6583 laplacian=2.5716 beam=0.96212 homogeneity=0.0357 body=0.00000 bowel=0.60074 femur=0.77213
2026-05-22 15:55:02 [INFO] Step 40/54 Loss=48.5431 mse=1.4256 v_opt=3.18782 v_mand=2.59540 ptv=0.1819 ptv_max=0.01975 ring=0.02811 smooth=0.6559 laplacian=2.5749 beam=0.96576 homogeneity=0.0472 body=0.00000 bowel=0.50919 femur=0.59431
2026-05-22 15:55:07 [INFO] Step 45/54 Loss=43.9231 mse=1.2355 v_opt=3.24093 v_mand=2.64352 ptv=0.1609 ptv_max=0.01838 ring=0.02966 smooth=0.6007 laplacian=2.3401 beam=0.89737 homogeneity=0.0415 body=0.00000 bowel=0.54714 femur=0.83043
2026-05-22 15:55:10 [INFO] Step 50/54 Loss=41.2450 mse=1.1085 v_opt=3.41912 v_mand=2.80116 ptv=0.1636 ptv_max=0.01925 ring=0.02505 smooth=0.5939 laplacian=2.3368 beam=0.90029 homogeneity=0.0429 body=0.00000 bowel=0.50461 femur=0.79664
2026-05-22 15:55:12 [INFO] Step 54/54 Loss=35.7309 mse=0.9569 v_opt=3.30672 v_mand=2.70627 ptv=0.1279 ptv_max=0.00505 ring=0.01368 smooth=0.5003 laplacian=1.9452 beam=0.89435 homogeneity=0.0195 body=0.00000 bowel=0.00000 femur=0.00000
2026-05-22 15:55:12 [INFO] Running validation at epoch 2...
2026-05-22 15:55:41 [INFO] Epoch 2 Summary: Train=42.4597 Val=0.1018 (MSE=0.1018)
          Metrics: PTV_D95=43.76Gy Bladder=64.32Gy Rectum=63.08Gy
          Metrics: Ring=63.28Gy Dmax=184.65Gy BG=66.23Gy
2026-05-22 15:55:41 [INFO] [PHYSICS] Saved best model val_loss=0.1018
2026-05-22 15:55:41 [INFO] [CLINICAL] Saved best model Score=120.247 PTV_D95=43.76Gy Bladder=64.32Gy Rectum=63.08Gy
2026-05-22 15:55:41 [INFO] Epoch 3/100 [RAMP 3/30 (10% of physics)] ramp=0.100 lr=9.99e-05
2026-05-22 15:55:47 [INFO] Step 5/54 Loss=48.8690 mse=1.2130 v_opt=3.02938 v_mand=2.44892 ptv=0.1879 ptv_max=0.02292 ring=0.03238 smooth=0.5266 laplacian=2.0524 beam=0.92998 homogeneity=0.0528 body=0.00000 bowel=0.64112 femur=0.64105
2026-05-22 15:55:50 [INFO] Step 10/54 Loss=40.7994 mse=0.8802 v_opt=3.24429 v_mand=2.64645 ptv=0.1457 ptv_max=0.01095 ring=0.01705 smooth=0.3972 laplacian=1.5317 beam=0.91512 homogeneity=0.0290 body=0.00000 bowel=0.36012 femur=0.88611
2026-05-22 15:55:53 [INFO] Step 15/54 Loss=49.4598 mse=1.2696 v_opt=2.93815 v_mand=2.37323 ptv=0.1644 ptv_max=0.01115 ring=0.02103 smooth=0.5627 laplacian=2.2000 beam=0.92950 homogeneity=0.0341 body=0.00000 bowel=0.56571 femur=0.50608
2026-05-22 15:55:56 [INFO] Step 20/54 Loss=39.1324 mse=0.8284 v_opt=3.16356 v_mand=2.57122 ptv=0.1424 ptv_max=0.00934 ring=0.01842 smooth=0.2896 laplacian=1.1159 beam=0.88618 homogeneity=0.0264 body=0.00000 bowel=0.66348 femur=0.77328
2026-05-22 15:56:01 [INFO] Step 25/54 Loss=42.3344 mse=1.0415 v_opt=2.69348 v_mand=2.15057 ptv=0.1701 ptv_max=0.01650 ring=0.02803 smooth=0.4482 laplacian=1.7492 beam=0.90202 homogeneity=0.0405 body=0.00000 bowel=0.48513 femur=0.56325
2026-05-22 15:56:04 [INFO] Step 30/54 Loss=50.2374 mse=1.2347 v_opt=3.40092 v_mand=2.78640 ptv=0.1654 ptv_max=0.00847 ring=0.01356 smooth=0.5445 laplacian=2.1336 beam=0.91977 homogeneity=0.0316 body=0.00000 bowel=0.28639 femur=0.53103
2026-05-22 15:56:07 [INFO] Step 35/54 Loss=13.1960 mse=0.4201 v_opt=0.00000 v_mand=0.00000 ptv=0.0000 ptv_max=0.00000 ring=0.00000 smooth=0.2524 laplacian=0.9654 beam=0.87464 homogeneity=0.0000 body=0.00000 bowel=0.00000 femur=0.00000
2026-05-22 15:56:10 [INFO] Step 40/54 Loss=48.5248 mse=1.1797 v_opt=3.08369 v_mand=2.49416 ptv=0.1696 ptv_max=0.01476 ring=0.02571 smooth=0.5049 laplacian=1.9802 beam=0.95212 homogeneity=0.0378 body=0.00000 bowel=0.58282 femur=1.14426
2026-05-22 15:56:16 [INFO] Step 45/54 Loss=45.8728 mse=1.1779 v_opt=2.66424 v_mand=2.13338 ptv=0.1811 ptv_max=0.01276 ring=0.02516 smooth=0.4833 laplacian=1.8979 beam=0.91864 homogeneity=0.0379 body=0.00000 bowel=0.57568 femur=0.58119
2026-05-22 15:56:18 [INFO] Step 50/54 Loss=40.1271 mse=0.9998 v_opt=2.72704 v_mand=2.18228 ptv=0.1527 ptv_max=0.00725 ring=0.02454 smooth=0.5608 laplacian=2.1829 beam=0.87165 homogeneity=0.0249 body=0.00000 bowel=0.00000 femur=0.00000
2026-05-22 15:56:21 [INFO] Step 54/54 Loss=41.8823 mse=0.8908 v_opt=3.59600 v_mand=2.96162 ptv=0.1547 ptv_max=0.00679 ring=0.01267 smooth=0.3974 laplacian=1.5497 beam=0.86820 homogeneity=0.0260 body=0.00000 bowel=0.51557 femur=0.00000
2026-05-22 15:56:21 [INFO] Running validation at epoch 3...
2026-05-22 15:56:50 [INFO] Epoch 3 Summary: Train=43.4298 Val=0.0933 (MSE=0.0933)
          Metrics: PTV_D95=43.82Gy Bladder=64.43Gy Rectum=63.91Gy
          Metrics: Ring=62.33Gy Dmax=179.51Gy BG=64.26Gy
2026-05-22 15:56:50 [INFO] [PHYSICS] Saved best model val_loss=0.0933
2026-05-22 15:56:50 [INFO] [CLINICAL] Saved best model Score=120.164 PTV_D95=43.82Gy Bladder=64.43Gy Rectum=63.91Gy
2026-05-22 15:56:50 [INFO] Epoch 4/100 [RAMP 4/30 (13% of physics)] ramp=0.133 lr=9.98e-05
2026-05-22 15:56:55 [INFO] Step 5/54 Loss=42.8604 mse=0.9667 v_opt=2.19764 v_mand=1.74499 ptv=0.2036 ptv_max=0.01772 ring=0.02523 smooth=0.4135 laplacian=1.5789 beam=0.88901 homogeneity=0.0458 body=0.00000 bowel=0.23977 femur=0.84428
2026-05-22 15:56:58 [INFO] Step 10/54 Loss=46.2802 mse=0.8918 v_opt=2.94202 v_mand=2.37753 ptv=0.1524 ptv_max=0.00585 ring=0.01510 smooth=0.3010 laplacian=1.1709 beam=0.92290 homogeneity=0.0233 body=0.00000 bowel=1.13319 femur=0.58036
2026-05-22 15:57:01 [INFO] Step 15/54 Loss=47.2574 mse=1.0734 v_opt=2.54374 v_mand=2.02626 ptv=0.1865 ptv_max=0.01057 ring=0.01894 smooth=0.4234 laplacian=1.6579 beam=0.88391 homogeneity=0.0367 body=0.00000 bowel=0.00000 femur=1.14889
2026-05-22 15:57:04 [INFO] Step 20/54 Loss=41.1843 mse=0.8269 v_opt=2.49417 v_mand=1.98566 ptv=0.1569 ptv_max=0.01236 ring=0.02229 smooth=0.4353 laplacian=1.7111 beam=0.88812 homogeneity=0.0311 body=0.00000 bowel=0.50832 femur=0.63727
2026-05-22 15:57:08 [INFO] Step 25/54 Loss=40.9934 mse=0.7880 v_opt=2.62349 v_mand=2.09687 ptv=0.1622 ptv_max=0.00822 ring=0.01800 smooth=0.3083 laplacian=1.1979 beam=0.85000 homogeneity=0.0279 body=0.00000 bowel=0.50487 femur=1.07973
2026-05-22 15:57:11 [INFO] Step 30/54 Loss=45.8919 mse=1.0228 v_opt=2.50085 v_mand=2.00253 ptv=0.1706 ptv_max=0.00775 ring=0.01697 smooth=0.3788 laplacian=1.4719 beam=0.88463 homogeneity=0.0300 body=0.00000 bowel=0.48643 femur=0.64111
2026-05-22 15:57:15 [INFO] Step 35/54 Loss=44.8457 mse=1.0004 v_opt=2.22845 v_mand=1.77127 ptv=0.1670 ptv_max=0.01301 ring=0.02519 smooth=0.3609 laplacian=1.4010 beam=0.97255 homogeneity=0.0332 body=0.00000 bowel=0.72885 femur=0.84783
2026-05-22 15:57:18 [INFO] Step 40/54 Loss=46.4300 mse=1.0517 v_opt=2.27379 v_mand=1.80674 ptv=0.1755 ptv_max=0.01218 ring=0.02797 smooth=0.4470 laplacian=1.7424 beam=0.88714 homogeneity=0.0343 body=0.00000 bowel=0.84141 femur=0.75013
2026-05-22 15:57:22 [INFO] Step 45/54 Loss=33.8798 mse=0.5493 v_opt=2.47865 v_mand=1.95938 ptv=0.1555 ptv_max=0.01154 ring=0.02040 smooth=0.2073 laplacian=0.8047 beam=0.86548 homogeneity=0.0290 body=0.00000 bowel=0.59038 femur=0.92770
2026-05-22 15:57:25 [INFO] Step 50/54 Loss=42.0969 mse=0.9817 v_opt=2.00261 v_mand=1.58162 ptv=0.1823 ptv_max=0.01456 ring=0.03274 smooth=0.4101 laplacian=1.5862 beam=0.85965 homogeneity=0.0377 body=0.00000 bowel=0.22670 femur=1.00774
2026-05-22 15:57:28 [INFO] Step 54/54 Loss=43.1215 mse=0.6148 v_opt=3.58952 v_mand=2.96571 ptv=0.1401 ptv_max=0.00663 ring=0.01244 smooth=0.2305 laplacian=0.8745 beam=0.84131 homogeneity=0.0205 body=0.00000 bowel=0.68270 femur=1.38115
2026-05-22 15:57:28 [INFO] Running validation at epoch 4...
2026-05-22 15:57:57 [INFO] Epoch 4 Summary: Train=42.8961 Val=0.0871 (MSE=0.0871)
          Metrics: PTV_D95=42.71Gy Bladder=65.70Gy Rectum=68.03Gy
          Metrics: Ring=62.10Gy Dmax=199.00Gy BG=62.63Gy
2026-05-22 15:57:57 [INFO] [PHYSICS] Saved best model val_loss=0.0871
2026-05-22 15:57:57 [INFO] Epoch 5/100 [RAMP 5/30 (17% of physics)] ramp=0.167 lr=9.96e-05
2026-05-22 15:58:02 [INFO] Step 5/54 Loss=50.8566 mse=1.0209 v_opt=2.33173 v_mand=1.84808 ptv=0.1622 ptv_max=0.00795 ring=0.01523 smooth=0.3553 laplacian=1.3918 beam=0.87427 homogeneity=0.0272 body=0.00000 bowel=0.48473 femur=1.49101
2026-05-22 15:58:06 [INFO] Step 10/54 Loss=49.7972 mse=1.0072 v_opt=2.36183 v_mand=1.86925 ptv=0.1482 ptv_max=0.00608 ring=0.01528 smooth=0.3287 laplacian=1.2798 beam=0.89046 homogeneity=0.0216 body=0.00000 bowel=0.63125 femur=0.80050
2026-05-22 15:58:09 [INFO] Step 15/54 Loss=43.4351 mse=0.8833 v_opt=1.93641 v_mand=1.52263 ptv=0.1627 ptv_max=0.01023 ring=0.03030 smooth=0.3029 laplacian=1.1763 beam=0.88389 homogeneity=0.0289 body=0.00000 bowel=0.46799 femur=0.86106
2026-05-22 15:58:11 [INFO] Step 20/54 Loss=45.7933 mse=0.7250 v_opt=2.82452 v_mand=2.27428 ptv=0.1519 ptv_max=0.00668 ring=0.01059 smooth=0.2227 laplacian=0.8582 beam=0.83846 homogeneity=0.0230 body=0.00000 bowel=0.55316 femur=0.97394
2026-05-22 15:58:17 [INFO] Step 25/54 Loss=37.8975 mse=0.6505 v_opt=2.30420 v_mand=1.83172 ptv=0.2258 ptv_max=0.02663 ring=0.02888 smooth=0.2503 laplacian=0.9701 beam=0.82481 homogeneity=0.0602 body=0.00000 bowel=0.00000 femur=0.00000
2026-05-22 15:58:20 [INFO] Step 30/54 Loss=39.6086 mse=0.8087 v_opt=1.67405 v_mand=1.32970 ptv=0.1834 ptv_max=0.01476 ring=0.04060 smooth=0.3348 laplacian=1.2962 beam=0.83373 homogeneity=0.0374 body=0.00000 bowel=0.36575 femur=0.79626
2026-05-22 15:58:23 [INFO] Step 35/54 Loss=48.4506 mse=0.8680 v_opt=2.56715 v_mand=2.09675 ptv=0.1558 ptv_max=0.00674 ring=0.01049 smooth=0.2909 laplacian=1.1234 beam=0.84248 homogeneity=0.0238 body=0.00000 bowel=0.56181 femur=1.19400
2026-05-22 15:58:25 [INFO] Step 40/54 Loss=44.9720 mse=0.9928 v_opt=1.81193 v_mand=1.41930 ptv=0.1885 ptv_max=0.00841 ring=0.02109 smooth=0.3205 laplacian=1.2485 beam=0.85745 homogeneity=0.0315 body=0.00000 bowel=0.45537 femur=0.74047
2026-05-22 15:58:31 [INFO] Step 45/54 Loss=43.9815 mse=0.9929 v_opt=1.69321 v_mand=1.32219 ptv=0.1837 ptv_max=0.00922 ring=0.02774 smooth=0.3557 laplacian=1.3808 beam=0.84692 homogeneity=0.0319 body=0.00000 bowel=0.42739 femur=0.63422
2026-05-22 15:58:34 [INFO] Step 50/54 Loss=43.1788 mse=0.9192 v_opt=1.70735 v_mand=1.35321 ptv=0.1654 ptv_max=0.00785 ring=0.02342 smooth=0.3365 laplacian=1.3087 beam=0.84628 homogeneity=0.0262 body=0.00000 bowel=0.64311 femur=0.87338
2026-05-22 15:58:36 [INFO] Step 54/54 Loss=43.4532 mse=1.0201 v_opt=1.77909 v_mand=1.38954 ptv=0.1818 ptv_max=0.01286 ring=0.04194 smooth=0.3988 laplacian=1.5594 beam=0.85615 homogeneity=0.0349 body=0.00000 bowel=0.00000 femur=0.00000
2026-05-22 15:58:36 [INFO] Running validation at epoch 5...
2026-05-22 15:59:05 [INFO] Epoch 5 Summary: Train=42.1850 Val=0.0819 (MSE=0.0819)
          Metrics: PTV_D95=43.02Gy Bladder=66.51Gy Rectum=69.34Gy
          Metrics: Ring=61.35Gy Dmax=197.70Gy BG=61.27Gy
2026-05-22 15:59:05 [INFO] [PHYSICS] Saved best model val_loss=0.0819
2026-05-22 15:59:05 [INFO] Epoch 6/100 [RAMP 6/30 (20% of physics)] ramp=0.200 lr=9.94e-05
2026-05-22 15:59:11 [INFO] Step 5/54 Loss=43.0048 mse=0.8233 v_opt=1.61507 v_mand=1.26836 ptv=0.1667 ptv_max=0.00607 ring=0.02228 smooth=0.2746 laplacian=1.0556 beam=0.83482 homogeneity=0.0248 body=0.00000 bowel=0.55191 femur=0.73532
2026-05-22 15:59:14 [INFO] Step 10/54 Loss=40.9555 mse=0.6416 v_opt=1.98852 v_mand=1.56963 ptv=0.1476 ptv_max=0.00268 ring=0.00988 smooth=0.1853 laplacian=0.7102 beam=0.81659 homogeneity=0.0167 body=0.00000 bowel=0.47428 femur=0.84924
2026-05-22 15:59:17 [INFO] Step 15/54 Loss=50.3841 mse=0.8672 v_opt=2.21360 v_mand=1.74660 ptv=0.1601 ptv_max=0.00558 ring=0.01378 smooth=0.2279 laplacian=0.8842 beam=0.81953 homogeneity=0.0224 body=0.00000 bowel=0.71114 femur=1.28599
2026-05-22 15:59:20 [INFO] Step 20/54 Loss=47.9991 mse=0.9751 v_opt=1.78566 v_mand=1.39815 ptv=0.1741 ptv_max=0.00622 ring=0.01546 smooth=0.2671 laplacian=1.0376 beam=0.85462 homogeneity=0.0261 body=0.00000 bowel=0.46096 femur=0.74681
2026-05-22 15:59:24 [INFO] Step 25/54 Loss=37.8891 mse=0.6271 v_opt=1.67738 v_mand=1.27930 ptv=0.2500 ptv_max=0.01062 ring=0.02491 smooth=0.2036 laplacian=0.7436 beam=0.81178 homogeneity=0.0456 body=0.00000 bowel=0.30151 femur=0.96271
2026-05-22 15:59:28 [INFO] Step 30/54 Loss=46.6027 mse=0.8922 v_opt=1.80367 v_mand=1.40470 ptv=0.1806 ptv_max=0.00881 ring=0.02462 smooth=0.2488 laplacian=0.9683 beam=0.83341 homogeneity=0.0299 body=0.00000 bowel=0.90679 femur=0.40295
2026-05-22 15:59:31 [INFO] Step 35/54 Loss=36.3473 mse=0.6033 v_opt=1.79214 v_mand=1.41051 ptv=0.2594 ptv_max=0.02426 ring=0.06038 smooth=0.1803 laplacian=0.6822 beam=0.80861 homogeneity=0.0637 body=0.00000 bowel=0.00000 femur=0.00000
2026-05-22 15:59:34 [INFO] Step 40/54 Loss=47.3834 mse=0.9205 v_opt=1.94258 v_mand=1.51239 ptv=0.1572 ptv_max=0.00329 ring=0.00814 smooth=0.2482 laplacian=0.9659 beam=0.81104 homogeneity=0.0187 body=0.00000 bowel=0.52929 femur=0.64938
2026-05-22 15:59:40 [INFO] Step 45/54 Loss=46.5284 mse=0.9899 v_opt=1.56224 v_mand=1.22643 ptv=0.1842 ptv_max=0.00770 ring=0.02856 smooth=0.3379 laplacian=1.3195 beam=0.81839 homogeneity=0.0291 body=0.00000 bowel=0.62249 femur=0.37195
2026-05-22 15:59:42 [INFO] Step 50/54 Loss=34.3590 mse=0.6436 v_opt=1.49023 v_mand=1.16452 ptv=0.2139 ptv_max=0.01299 ring=0.05500 smooth=0.2084 laplacian=0.7975 beam=0.80861 homogeneity=0.0409 body=0.00000 bowel=0.00000 femur=0.00000
2026-05-22 15:59:45 [INFO] Step 54/54 Loss=41.8395 mse=0.7976 v_opt=1.61796 v_mand=1.26907 ptv=0.1944 ptv_max=0.00999 ring=0.02393 smooth=0.2182 laplacian=0.8352 beam=0.80476 homogeneity=0.0338 body=0.00000 bowel=0.74913 femur=0.25838
2026-05-22 15:59:45 [INFO] Running validation at epoch 6...
2026-05-22 16:00:13 [INFO] Epoch 6 Summary: Train=42.2827 Val=0.0762 (MSE=0.0762)
          Metrics: PTV_D95=41.37Gy Bladder=66.58Gy Rectum=67.88Gy
          Metrics: Ring=60.59Gy Dmax=180.13Gy BG=59.86Gy
2026-05-22 16:00:13 [INFO] [PHYSICS] Saved best model val_loss=0.0762
2026-05-22 16:00:13 [INFO] Epoch 7/100 [RAMP 7/30 (23% of physics)] ramp=0.233 lr=9.91e-05
2026-05-22 16:00:19 [INFO] Step 5/54 Loss=48.5988 mse=0.9281 v_opt=1.45519 v_mand=1.13964 ptv=0.2414 ptv_max=0.01919 ring=0.03920 smooth=0.2956 laplacian=1.1393 beam=0.81257 homogeneity=0.0536 body=0.00000 bowel=0.66152 femur=0.57721
2026-05-22 16:00:22 [INFO] Step 10/54 Loss=45.3801 mse=0.8478 v_opt=1.53413 v_mand=1.20584 ptv=0.2054 ptv_max=0.01086 ring=0.02384 smooth=0.2323 laplacian=0.9004 beam=0.80524 homogeneity=0.0364 body=0.00000 bowel=0.55443 femur=0.23361
2026-05-22 16:00:25 [INFO] Step 15/54 Loss=14.8178 mse=0.3901 v_opt=0.00000 v_mand=0.00000 ptv=0.0000 ptv_max=0.00000 ring=0.00000 smooth=0.0966 laplacian=0.3501 beam=0.79450 homogeneity=0.0000 body=0.00000 bowel=0.00000 femur=0.00000
2026-05-22 16:00:28 [INFO] Step 20/54 Loss=49.7097 mse=0.7407 v_opt=2.05580 v_mand=1.62320 ptv=0.1605 ptv_max=0.00235 ring=0.00808 smooth=0.2134 laplacian=0.8251 beam=0.80132 homogeneity=0.0177 body=0.00000 bowel=0.64732 femur=1.18971
2026-05-22 16:00:34 [INFO] Step 25/54 Loss=42.7536 mse=0.6984 v_opt=1.63661 v_mand=1.28030 ptv=0.1780 ptv_max=0.00401 ring=0.01659 smooth=0.1874 laplacian=0.7077 beam=0.79227 homogeneity=0.0228 body=0.00000 bowel=0.41952 femur=0.82051
2026-05-22 16:00:36 [INFO] Step 30/54 Loss=45.5964 mse=0.8401 v_opt=1.52944 v_mand=1.19422 ptv=0.2045 ptv_max=0.00929 ring=0.02764 smooth=0.2498 laplacian=0.9617 beam=0.80476 homogeneity=0.0340 body=0.00000 bowel=0.56842 femur=0.43997
2026-05-22 16:00:40 [INFO] Step 35/54 Loss=46.0954 mse=0.8481 v_opt=1.59754 v_mand=1.25255 ptv=0.1712 ptv_max=0.00299 ring=0.00990 smooth=0.1946 laplacian=0.7609 beam=0.79824 homogeneity=0.0196 body=0.00000 bowel=0.55208 femur=0.59279
2026-05-22 16:00:42 [INFO] Step 40/54 Loss=40.6881 mse=0.7816 v_opt=1.32604 v_mand=1.02979 ptv=0.1854 ptv_max=0.00425 ring=0.02083 smooth=0.2147 laplacian=0.8200 beam=0.79045 homogeneity=0.0234 body=0.00000 bowel=0.42067 femur=0.28388
2026-05-22 16:00:46 [INFO] Step 45/54 Loss=44.1102 mse=0.8863 v_opt=1.26663 v_mand=1.00020 ptv=0.1939 ptv_max=0.00596 ring=0.02390 smooth=0.2763 laplacian=1.0673 beam=0.81495 homogeneity=0.0271 body=0.00000 bowel=0.44801 femur=0.50998
2026-05-22 16:00:49 [INFO] Step 50/54 Loss=40.8560 mse=0.7846 v_opt=1.46682 v_mand=1.15200 ptv=0.2098 ptv_max=0.00744 ring=0.03875 smooth=0.2946 laplacian=1.1410 beam=0.80275 homogeneity=0.0316 body=0.00000 bowel=0.00000 femur=0.00000
2026-05-22 16:00:52 [INFO] Step 54/54 Loss=49.7319 mse=0.9815 v_opt=1.52198 v_mand=1.19653 ptv=0.2093 ptv_max=0.00973 ring=0.03042 smooth=0.3049 laplacian=1.1806 beam=0.82407 homogeneity=0.0342 body=0.00000 bowel=0.56032 femur=0.52006
2026-05-22 16:00:52 [INFO] Running validation at epoch 7...
2026-05-22 16:01:20 [INFO] Epoch 7 Summary: Train=43.4985 Val=0.0732 (MSE=0.0732)
          Metrics: PTV_D95=39.29Gy Bladder=67.03Gy Rectum=67.39Gy
          Metrics: Ring=59.78Gy Dmax=174.97Gy BG=58.78Gy
2026-05-22 16:01:20 [INFO] [PHYSICS] Saved best model val_loss=0.0732
2026-05-22 16:01:20 [INFO] Epoch 8/100 [RAMP 8/30 (27% of physics)] ramp=0.267 lr=9.88e-05
2026-05-22 16:01:26 [INFO] Step 5/54 Loss=43.7628 mse=0.7730 v_opt=1.30767 v_mand=1.03872 ptv=0.2094 ptv_max=0.00809 ring=0.02850 smooth=0.2179 laplacian=0.8450 beam=0.80627 homogeneity=0.0326 body=0.00000 bowel=0.35520 femur=0.27807
2026-05-22 16:01:29 [INFO] Step 10/54 Loss=44.5584 mse=0.6659 v_opt=1.50995 v_mand=1.18384 ptv=0.2563 ptv_max=0.01423 ring=0.03456 smooth=0.1606 laplacian=0.6069 beam=0.79032 homogeneity=0.0496 body=0.00000 bowel=0.60162 femur=0.42660
2026-05-22 16:01:32 [INFO] Step 15/54 Loss=46.5969 mse=0.7776 v_opt=1.52487 v_mand=1.19988 ptv=0.2253 ptv_max=0.01020 ring=0.03123 smooth=0.2234 laplacian=0.8610 beam=0.79472 homogeneity=0.0379 body=0.00000 bowel=0.46543 femur=0.24094
2026-05-22 16:01:35 [INFO] Step 20/54 Loss=46.7974 mse=0.8499 v_opt=1.47577 v_mand=1.15039 ptv=0.2154 ptv_max=0.00759 ring=0.03460 smooth=0.2638 laplacian=1.0236 beam=0.79898 homogeneity=0.0327 body=0.00000 bowel=0.23660 femur=0.19740
2026-05-22 16:01:39 [INFO] Step 25/54 Loss=43.8706 mse=0.7579 v_opt=1.42215 v_mand=1.10680 ptv=0.2286 ptv_max=0.00933 ring=0.03310 smooth=0.2216 laplacian=0.8548 beam=0.80272 homogeneity=0.0373 body=0.00000 bowel=0.20438 femur=0.27204
2026-05-22 16:01:42 [INFO] Step 30/54 Loss=48.1764 mse=0.9659 v_opt=1.47028 v_mand=1.14359 ptv=0.2115 ptv_max=0.00646 ring=0.04268 smooth=0.2628 laplacian=1.0096 beam=0.81451 homogeneity=0.0297 body=0.00000 bowel=0.00000 femur=0.00000
2026-05-22 16:01:46 [INFO] Step 35/54 Loss=46.0709 mse=0.8060 v_opt=1.48591 v_mand=1.16270 ptv=0.2035 ptv_max=0.00554 ring=0.01557 smooth=0.2006 laplacian=0.7686 beam=0.78678 homogeneity=0.0276 body=0.00000 bowel=0.42832 femur=0.23043
2026-05-22 16:01:49 [INFO] Step 40/54 Loss=51.2805 mse=0.9241 v_opt=1.50666 v_mand=1.19483 ptv=0.2027 ptv_max=0.00542 ring=0.02257 smooth=0.2746 laplacian=1.0750 beam=0.79406 homogeneity=0.0266 body=0.00000 bowel=0.58156 femur=0.49805
2026-05-22 16:01:53 [INFO] Step 45/54 Loss=41.5569 mse=0.6663 v_opt=1.41813 v_mand=1.09825 ptv=0.1919 ptv_max=0.00294 ring=0.01734 smooth=0.1612 laplacian=0.6191 beam=0.78196 homogeneity=0.0211 body=0.00000 bowel=0.45756 femur=0.29115
2026-05-22 16:01:55 [INFO] Step 50/54 Loss=35.2010 mse=0.6053 v_opt=0.91133 v_mand=0.72692 ptv=0.2289 ptv_max=0.00777 ring=0.01497 smooth=0.1319 laplacian=0.4955 beam=0.78157 homogeneity=0.0356 body=0.00000 bowel=0.33230 femur=0.55632
2026-05-22 16:01:58 [INFO] Step 54/54 Loss=42.7924 mse=0.6975 v_opt=1.41237 v_mand=1.11592 ptv=0.2136 ptv_max=0.00611 ring=0.02355 smooth=0.1980 laplacian=0.7655 beam=0.82393 homogeneity=0.0294 body=0.00000 bowel=0.36585 femur=0.23538
2026-05-22 16:01:58 [INFO] Running validation at epoch 8...
2026-05-22 16:02:27 [INFO] Epoch 8 Summary: Train=44.9530 Val=0.0702 (MSE=0.0702)
          Metrics: PTV_D95=39.59Gy Bladder=65.48Gy Rectum=66.05Gy
          Metrics: Ring=58.76Gy Dmax=170.84Gy BG=57.73Gy
2026-05-22 16:02:27 [INFO] [PHYSICS] Saved best model val_loss=0.0702
2026-05-22 16:02:27 [INFO] Epoch 9/100 [RAMP 9/30 (30% of physics)] ramp=0.300 lr=9.84e-05
2026-05-22 16:02:33 [INFO] Step 5/54 Loss=45.9196 mse=0.8480 v_opt=1.17775 v_mand=0.91034 ptv=0.2587 ptv_max=0.00497 ring=0.02289 smooth=0.2504 laplacian=0.9564 beam=0.78553 homogeneity=0.0371 body=0.00000 bowel=0.13547 femur=0.34070
2026-05-22 16:02:36 [INFO] Step 10/54 Loss=10.0375 mse=0.1606 v_opt=0.00000 v_mand=0.00000 ptv=0.0000 ptv_max=0.00000 ring=0.00000 smooth=0.0542 laplacian=0.1677 beam=0.76713 homogeneity=0.0000 body=0.00000 bowel=0.00000 femur=0.00000
2026-05-22 16:02:39 [INFO] Step 15/54 Loss=38.8271 mse=0.5477 v_opt=1.36486 v_mand=1.08261 ptv=0.2311 ptv_max=0.00606 ring=0.04090 smooth=0.1516 laplacian=0.5802 beam=0.77562 homogeneity=0.0324 body=0.00000 bowel=0.00000 femur=0.00000
2026-05-22 16:02:42 [INFO] Step 20/54 Loss=49.9967 mse=0.8295 v_opt=1.43453 v_mand=1.12860 ptv=0.2144 ptv_max=0.00531 ring=0.01929 smooth=0.2087 laplacian=0.8100 beam=0.76763 homogeneity=0.0279 body=0.00000 bowel=0.47415 femur=0.38797
2026-05-22 16:02:47 [INFO] Step 25/54 Loss=42.8300 mse=0.6483 v_opt=1.32223 v_mand=1.04021 ptv=0.2324 ptv_max=0.00698 ring=0.02560 smooth=0.1604 laplacian=0.6113 beam=0.76683 homogeneity=0.0334 body=0.00000 bowel=0.17767 femur=0.46147
2026-05-22 16:02:50 [INFO] Step 30/54 Loss=45.5540 mse=0.7758 v_opt=1.29065 v_mand=1.01038 ptv=0.2191 ptv_max=0.00417 ring=0.02241 smooth=0.2231 laplacian=0.8655 beam=0.80288 homogeneity=0.0272 body=0.00000 bowel=0.26783 femur=0.17576
2026-05-22 16:02:53 [INFO] Step 35/54 Loss=47.9091 mse=0.6370 v_opt=1.74345 v_mand=1.36610 ptv=0.2102 ptv_max=0.00336 ring=0.01315 smooth=0.1456 laplacian=0.5524 beam=0.76391 homogeneity=0.0247 body=0.00000 bowel=0.45190 femur=0.27382
2026-05-22 16:02:56 [INFO] Step 40/54 Loss=38.5770 mse=0.4291 v_opt=1.45579 v_mand=1.13277 ptv=0.2141 ptv_max=0.00342 ring=0.01828 smooth=0.1396 laplacian=0.5319 beam=0.76320 homogeneity=0.0252 body=0.00000 bowel=0.36246 femur=0.25312
2026-05-22 16:03:01 [INFO] Step 45/54 Loss=49.5085 mse=0.8500 v_opt=1.39381 v_mand=1.10224 ptv=0.2173 ptv_max=0.00420 ring=0.02160 smooth=0.2606 laplacian=1.0160 beam=0.77870 homogeneity=0.0262 body=0.00000 bowel=0.37977 femur=0.21376
2026-05-22 16:03:04 [INFO] Step 50/54 Loss=46.5503 mse=0.6921 v_opt=1.51751 v_mand=1.18237 ptv=0.2137 ptv_max=0.00282 ring=0.01560 smooth=0.2242 laplacian=0.8710 beam=0.79859 homogeneity=0.0240 body=0.00000 bowel=0.39338 femur=0.16232
2026-05-22 16:03:06 [INFO] Step 54/54 Loss=49.2013 mse=0.7780 v_opt=1.57995 v_mand=1.22641 ptv=0.2248 ptv_max=0.00416 ring=0.02051 smooth=0.2241 laplacian=0.8702 beam=0.77312 homogeneity=0.0276 body=0.00000 bowel=0.31373 femur=0.23491
2026-05-22 16:03:06 [INFO] Running validation at epoch 9...
2026-05-22 16:03:35 [INFO] Epoch 9 Summary: Train=45.1099 Val=0.0669 (MSE=0.0669)
          Metrics: PTV_D95=40.78Gy Bladder=63.61Gy Rectum=62.76Gy
          Metrics: Ring=57.45Gy Dmax=157.09Gy BG=56.63Gy
2026-05-22 16:03:35 [INFO] [PHYSICS] Saved best model val_loss=0.0669
2026-05-22 16:03:35 [INFO] Epoch 10/100 [RAMP 10/30 (33% of physics)] ramp=0.333 lr=9.80e-05
2026-05-22 16:03:41 [INFO] Step 5/54 Loss=46.7506 mse=0.7210 v_opt=1.38027 v_mand=1.08053 ptv=0.2942 ptv_max=0.01337 ring=0.05041 smooth=0.1781 laplacian=0.6804 beam=0.76171 homogeneity=0.0530 body=0.00000 bowel=0.00000 femur=0.00000
2026-05-22 16:03:45 [INFO] Step 10/54 Loss=45.6788 mse=0.5167 v_opt=1.57375 v_mand=1.21918 ptv=0.3210 ptv_max=0.01696 ring=0.03315 smooth=0.1181 laplacian=0.4375 beam=0.75770 homogeneity=0.0638 body=0.00000 bowel=0.00000 femur=0.54025
2026-05-22 16:03:47 [INFO] Step 15/54 Loss=51.1578 mse=0.5931 v_opt=1.71981 v_mand=1.34541 ptv=0.2001 ptv_max=0.00091 ring=0.00303 smooth=0.1190 laplacian=0.4458 beam=0.75109 homogeneity=0.0176 body=0.00000 bowel=0.44174 femur=0.79944
2026-05-22 16:03:50 [INFO] Step 20/54 Loss=47.7565 mse=0.7063 v_opt=1.37152 v_mand=1.08004 ptv=0.2307 ptv_max=0.00347 ring=0.02254 smooth=0.1989 laplacian=0.7715 beam=0.77156 homogeneity=0.0270 body=0.00000 bowel=0.27071 femur=0.24365
2026-05-22 16:03:55 [INFO] Step 25/54 Loss=42.6273 mse=0.5829 v_opt=1.32904 v_mand=1.03597 ptv=0.2379 ptv_max=0.00483 ring=0.01975 smooth=0.1348 laplacian=0.5111 beam=0.75047 homogeneity=0.0300 body=0.00000 bowel=0.07913 femur=0.30685
2026-05-22 16:03:58 [INFO] Step 30/54 Loss=46.8901 mse=0.6868 v_opt=1.38587 v_mand=1.07974 ptv=0.2421 ptv_max=0.00447 ring=0.01864 smooth=0.1868 laplacian=0.7241 beam=0.75953 homogeneity=0.0305 body=0.00000 bowel=0.23406 femur=0.21155
2026-05-22 16:04:01 [INFO] Step 35/54 Loss=47.4121 mse=0.7134 v_opt=1.36212 v_mand=1.06717 ptv=0.2536 ptv_max=0.00523 ring=0.02723 smooth=0.2147 laplacian=0.8248 beam=0.76816 homogeneity=0.0336 body=0.00000 bowel=0.16695 femur=0.22038
2026-05-22 16:04:04 [INFO] Step 40/54 Loss=46.6275 mse=0.6802 v_opt=1.41134 v_mand=1.11045 ptv=0.2672 ptv_max=0.00612 ring=0.02844 smooth=0.1820 laplacian=0.6958 beam=0.75417 homogeneity=0.0380 body=0.00000 bowel=0.10475 femur=0.16583
2026-05-22 16:04:09 [INFO] Step 45/54 Loss=49.3997 mse=0.7688 v_opt=1.34162 v_mand=1.05262 ptv=0.2452 ptv_max=0.00224 ring=0.01334 smooth=0.2136 laplacian=0.8284 beam=0.78888 homogeneity=0.0278 body=0.00000 bowel=0.31703 femur=0.28515
2026-05-22 16:04:12 [INFO] Step 50/54 Loss=46.1817 mse=0.7330 v_opt=1.31099 v_mand=1.04043 ptv=0.2832 ptv_max=0.00773 ring=0.04688 smooth=0.2196 laplacian=0.8509 beam=0.75627 homogeneity=0.0424 body=0.00000 bowel=0.00000 femur=0.00000
2026-05-22 16:04:14 [INFO] Step 54/54 Loss=47.7393 mse=0.7292 v_opt=1.35554 v_mand=1.06572 ptv=0.2434 ptv_max=0.00296 ring=0.01381 smooth=0.1682 laplacian=0.6481 beam=0.74978 homogeneity=0.0280 body=0.00000 bowel=0.35087 femur=0.14653
2026-05-22 16:04:14 [INFO] Running validation at epoch 10...
2026-05-22 16:04:43 [INFO] Epoch 10 Summary: Train=46.6656 Val=0.0642 (MSE=0.0642)
          Metrics: PTV_D95=41.37Gy Bladder=62.28Gy Rectum=61.09Gy
          Metrics: Ring=56.27Gy Dmax=154.19Gy BG=55.61Gy
2026-05-22 16:04:43 [INFO] [PHYSICS] Saved best model val_loss=0.0642
2026-05-22 16:04:43 [INFO] Epoch 11/100 [RAMP 11/30 (37% of physics)] ramp=0.367 lr=9.76e-05
2026-05-22 16:04:49 [INFO] Step 5/54 Loss=17.1040 mse=0.2847 v_opt=0.00000 v_mand=0.00000 ptv=0.0000 ptv_max=0.00000 ring=0.00000 smooth=0.0530 laplacian=0.1864 beam=0.73942 homogeneity=0.0000 body=0.00000 bowel=0.51789 femur=0.00000
2026-05-22 16:04:52 [INFO] Step 10/54 Loss=42.0652 mse=0.4926 v_opt=1.33484 v_mand=1.05312 ptv=0.2739 ptv_max=0.00534 ring=0.03721 smooth=0.1165 laplacian=0.4410 beam=0.74622 homogeneity=0.0368 body=0.00000 bowel=0.00000 femur=0.00000
2026-05-22 16:04:55 [INFO] Step 15/54 Loss=49.3414 mse=0.5139 v_opt=1.60122 v_mand=1.22767 ptv=0.2608 ptv_max=0.00436 ring=0.01426 smooth=0.1264 laplacian=0.4859 beam=0.76157 homogeneity=0.0340 body=0.00000 bowel=0.38146 femur=0.34692
2026-05-22 16:04:58 [INFO] Step 20/54 Loss=45.0517 mse=0.5877 v_opt=1.32398 v_mand=1.04693 ptv=0.3146 ptv_max=0.00961 ring=0.06141 smooth=0.1404 laplacian=0.5312 beam=0.73877 homogeneity=0.0513 body=0.00000 bowel=0.00000 femur=0.00000
2026-05-22 16:05:03 [INFO] Step 25/54 Loss=51.3575 mse=0.7471 v_opt=1.38278 v_mand=1.07389 ptv=0.2485 ptv_max=0.00311 ring=0.01658 smooth=0.2271 laplacian=0.8874 beam=0.75551 homogeneity=0.0285 body=0.00000 bowel=0.22188 femur=0.20142
2026-05-22 16:05:05 [INFO] Step 30/54 Loss=48.2065 mse=0.6576 v_opt=1.34814 v_mand=1.07327 ptv=0.2439 ptv_max=0.00131 ring=0.01159 smooth=0.1719 laplacian=0.6501 beam=0.75030 homogeneity=0.0245 body=0.00000 bowel=0.20517 femur=0.17172
2026-05-22 16:05:08 [INFO] Step 35/54 Loss=49.4697 mse=0.6554 v_opt=1.40393 v_mand=1.08958 ptv=0.2671 ptv_max=0.00343 ring=0.01764 smooth=0.1747 laplacian=0.6663 beam=0.75865 homogeneity=0.0322 body=0.00000 bowel=0.18357 femur=0.36240
2026-05-22 16:05:11 [INFO] Step 40/54 Loss=48.0455 mse=0.7054 v_opt=1.24765 v_mand=0.98816 ptv=0.2629 ptv_max=0.00262 ring=0.01394 smooth=0.1966 laplacian=0.7595 beam=0.75251 homogeneity=0.0300 body=0.00000 bowel=0.17956 femur=0.17021
2026-05-22 16:05:16 [INFO] Step 45/54 Loss=44.9148 mse=0.4813 v_opt=1.38093 v_mand=1.09420 ptv=0.3357 ptv_max=0.00935 ring=0.01749 smooth=0.1011 laplacian=0.3787 beam=0.74123 homogeneity=0.0548 body=0.00000 bowel=0.13307 femur=0.35686
2026-05-22 16:05:19 [INFO] Step 50/54 Loss=44.6456 mse=0.4768 v_opt=1.38431 v_mand=1.10030 ptv=0.2790 ptv_max=0.00480 ring=0.01079 smooth=0.0870 laplacian=0.3264 beam=0.73285 homogeneity=0.0363 body=0.00000 bowel=0.17845 femur=0.43540
2026-05-22 16:05:21 [INFO] Step 54/54 Loss=47.4250 mse=0.6861 v_opt=1.22807 v_mand=0.98087 ptv=0.2748 ptv_max=0.00504 ring=0.01740 smooth=0.2041 laplacian=0.7897 beam=0.74718 homogeneity=0.0349 body=0.00000 bowel=0.13142 femur=0.17941
2026-05-22 16:05:21 [INFO] Running validation at epoch 11...
2026-05-22 16:05:51 [INFO] Epoch 11 Summary: Train=46.4234 Val=0.0618 (MSE=0.0618)
          Metrics: PTV_D95=36.86Gy Bladder=62.48Gy Rectum=61.50Gy
          Metrics: Ring=55.67Gy Dmax=167.16Gy BG=54.58Gy
2026-05-22 16:05:51 [INFO] [PHYSICS] Saved best model val_loss=0.0618
2026-05-22 16:05:51 [INFO] Epoch 12/100 [RAMP 12/30 (40% of physics)] ramp=0.400 lr=9.71e-05
2026-05-22 16:05:57 [INFO] Step 5/54 Loss=49.6597 mse=0.6851 v_opt=1.29797 v_mand=1.02364 ptv=0.3038 ptv_max=0.00477 ring=0.03638 smooth=0.1969 laplacian=0.7602 beam=0.73774 homogeneity=0.0407 body=0.00000 bowel=0.00000 femur=0.00000
2026-05-22 16:06:00 [INFO] Step 10/54 Loss=50.8073 mse=0.5247 v_opt=1.50946 v_mand=1.17624 ptv=0.2862 ptv_max=0.00503 ring=0.01586 smooth=0.1080 laplacian=0.3916 beam=0.73224 homogeneity=0.0380 body=0.00000 bowel=0.30505 femur=0.28339
2026-05-22 16:06:03 [INFO] Step 15/54 Loss=48.7232 mse=0.6107 v_opt=1.30206 v_mand=1.01897 ptv=0.2764 ptv_max=0.00256 ring=0.01189 smooth=0.1669 laplacian=0.6452 beam=0.74244 homogeneity=0.0317 body=0.00000 bowel=0.17727 femur=0.15158
2026-05-22 16:06:05 [INFO] Step 20/54 Loss=45.9909 mse=0.3123 v_opt=1.66277 v_mand=1.32061 ptv=0.3689 ptv_max=0.00936 ring=0.01820 smooth=0.0722 laplacian=0.2583 beam=0.72706 homogeneity=0.0597 body=0.00000 bowel=0.00000 femur=0.00000
2026-05-22 16:06:11 [INFO] Step 25/54 Loss=47.7396 mse=0.6080 v_opt=1.22401 v_mand=0.95732 ptv=0.2695 ptv_max=0.00245 ring=0.01355 smooth=0.1736 laplacian=0.6664 beam=0.77956 homogeneity=0.0305 body=0.00000 bowel=0.14122 femur=0.20450
2026-05-22 16:06:14 [INFO] Step 30/54 Loss=53.2506 mse=0.8320 v_opt=1.31781 v_mand=1.01719 ptv=0.2844 ptv_max=0.00266 ring=0.03275 smooth=0.2240 laplacian=0.8642 beam=0.74783 homogeneity=0.0328 body=0.00000 bowel=0.00000 femur=0.00000
2026-05-22 16:06:16 [INFO] Step 35/54 Loss=45.2801 mse=0.5703 v_opt=1.26163 v_mand=0.99050 ptv=0.2992 ptv_max=0.00241 ring=0.02486 smooth=0.1451 laplacian=0.5563 beam=0.72604 homogeneity=0.0353 body=0.00000 bowel=0.00000 femur=0.00000
2026-05-22 16:06:19 [INFO] Step 40/54 Loss=49.7109 mse=0.6424 v_opt=1.31872 v_mand=1.02932 ptv=0.2828 ptv_max=0.00146 ring=0.01453 smooth=0.1764 laplacian=0.6784 beam=0.73286 homogeneity=0.0302 body=0.00000 bowel=0.16401 femur=0.18066
2026-05-22 16:06:24 [INFO] Step 45/54 Loss=51.8724 mse=0.7004 v_opt=1.31584 v_mand=1.02616 ptv=0.2727 ptv_max=0.00135 ring=0.01302 smooth=0.2080 laplacian=0.8096 beam=0.74843 homogeneity=0.0279 body=0.00000 bowel=0.24578 femur=0.16288
2026-05-22 16:06:27 [INFO] Step 50/54 Loss=50.6464 mse=0.5833 v_opt=1.41666 v_mand=1.09148 ptv=0.2566 ptv_max=0.00051 ring=0.00684 smooth=0.1367 laplacian=0.5185 beam=0.71821 homogeneity=0.0233 body=0.00000 bowel=0.20204 femur=0.58288
2026-05-22 16:06:30 [INFO] Step 54/54 Loss=48.6267 mse=0.6427 v_opt=1.38341 v_mand=1.04212 ptv=0.2728 ptv_max=0.00086 ring=0.00704 smooth=0.1499 laplacian=0.5686 beam=0.72468 homogeneity=0.0271 body=0.00000 bowel=0.00000 femur=0.19089
2026-05-22 16:06:30 [INFO] Running validation at epoch 12...
2026-05-22 16:06:59 [INFO] Epoch 12 Summary: Train=47.6142 Val=0.0592 (MSE=0.0592)
          Metrics: PTV_D95=38.44Gy Bladder=61.11Gy Rectum=53.52Gy
          Metrics: Ring=53.96Gy Dmax=160.03Gy BG=53.52Gy
2026-05-22 16:06:59 [INFO] [PHYSICS] Saved best model val_loss=0.0592
2026-05-22 16:06:59 [INFO] Epoch 13/100 [RAMP 13/30 (43% of physics)] ramp=0.433 lr=9.65e-05
2026-05-22 16:07:05 [INFO] Step 5/54 Loss=51.2640 mse=0.6718 v_opt=1.22502 v_mand=0.92125 ptv=0.3174 ptv_max=0.00378 ring=0.02228 smooth=0.2196 laplacian=0.8453 beam=0.74449 homogeneity=0.0401 body=0.00000 bowel=0.10392 femur=0.15386
2026-05-22 16:07:08 [INFO] Step 10/54 Loss=51.0451 mse=0.6516 v_opt=1.21884 v_mand=0.92562 ptv=0.2882 ptv_max=0.00140 ring=0.01079 smooth=0.2331 laplacian=0.9100 beam=0.74963 homogeneity=0.0305 body=0.00000 bowel=0.16291 femur=0.16555
2026-05-22 16:07:11 [INFO] Step 15/54 Loss=43.9466 mse=0.6213 v_opt=0.92247 v_mand=0.69437 ptv=0.2852 ptv_max=0.00083 ring=0.00936 smooth=0.1482 laplacian=0.5615 beam=0.71795 homogeneity=0.0287 body=0.00000 bowel=0.16810 femur=0.18878
2026-05-22 16:07:14 [INFO] Step 20/54 Loss=49.5953 mse=0.6346 v_opt=1.25057 v_mand=0.91741 ptv=0.2830 ptv_max=0.00097 ring=0.00777 smooth=0.1948 laplacian=0.7590 beam=0.72678 homogeneity=0.0284 body=0.00000 bowel=0.14771 femur=0.14335
2026-05-22 16:07:19 [INFO] Step 25/54 Loss=52.7314 mse=0.7215 v_opt=1.16888 v_mand=0.88504 ptv=0.3065 ptv_max=0.00443 ring=0.02018 smooth=0.2340 laplacian=0.9093 beam=0.74005 homogeneity=0.0367 body=0.00000 bowel=0.18026 femur=0.27223
2026-05-22 16:07:22 [INFO] Step 30/54 Loss=46.9035 mse=0.5731 v_opt=1.10344 v_mand=0.81836 ptv=0.3140 ptv_max=0.00222 ring=0.01382 smooth=0.1769 laplacian=0.6852 beam=0.77261 homogeneity=0.0351 body=0.00000 bowel=0.18556 femur=0.19658
2026-05-22 16:07:25 [INFO] Step 35/54 Loss=44.4112 mse=0.5794 v_opt=0.96127 v_mand=0.71555 ptv=0.2939 ptv_max=0.00080 ring=0.00533 smooth=0.1601 laplacian=0.6166 beam=0.77733 homogeneity=0.0292 body=0.00000 bowel=0.19493 femur=0.20376
2026-05-22 16:07:28 [INFO] Step 40/54 Loss=46.2121 mse=0.5003 v_opt=1.19670 v_mand=0.88786 ptv=0.4324 ptv_max=0.00351 ring=0.00768 smooth=0.0929 laplacian=0.3421 beam=0.71554 homogeneity=0.0604 body=0.00000 bowel=0.11659 femur=0.33791
2026-05-22 16:07:33 [INFO] Step 45/54 Loss=46.1837 mse=0.6866 v_opt=0.85964 v_mand=0.65816 ptv=0.3442 ptv_max=0.00299 ring=0.02062 smooth=0.2375 laplacian=0.9271 beam=0.72741 homogeneity=0.0423 body=0.00000 bowel=0.16557 femur=0.17491
2026-05-22 16:07:36 [INFO] Step 50/54 Loss=43.4769 mse=0.5627 v_opt=0.90887 v_mand=0.69721 ptv=0.3239 ptv_max=0.00095 ring=0.00676 smooth=0.1552 laplacian=0.5990 beam=0.75009 homogeneity=0.0343 body=0.00000 bowel=0.23572 femur=0.15838
2026-05-22 16:07:38 [INFO] Step 54/54 Loss=45.4065 mse=0.6252 v_opt=0.91489 v_mand=0.70951 ptv=0.3145 ptv_max=0.00111 ring=0.00807 smooth=0.2229 laplacian=0.8681 beam=0.73044 homogeneity=0.0330 body=0.00000 bowel=0.19842 femur=0.15179
2026-05-22 16:07:38 [INFO] Running validation at epoch 13...
2026-05-22 16:08:07 [INFO] Epoch 13 Summary: Train=46.1854 Val=0.0561 (MSE=0.0561)
          Metrics: PTV_D95=37.46Gy Bladder=54.89Gy Rectum=50.74Gy
          Metrics: Ring=51.40Gy Dmax=218.20Gy BG=52.32Gy
2026-05-22 16:08:07 [INFO] [PHYSICS] Saved best model val_loss=0.0561
2026-05-22 16:08:07 [INFO] Epoch 14/100 [RAMP 14/30 (47% of physics)] ramp=0.467 lr=9.59e-05
2026-05-22 16:08:13 [INFO] Step 5/54 Loss=46.5812 mse=0.5725 v_opt=0.94245 v_mand=0.71268 ptv=0.3471 ptv_max=0.00099 ring=0.00515 smooth=0.1420 laplacian=0.5468 beam=0.73896 homogeneity=0.0378 body=0.00000 bowel=0.22706 femur=0.24194
2026-05-22 16:08:15 [INFO] Step 10/54 Loss=42.8453 mse=0.5069 v_opt=0.87089 v_mand=0.66682 ptv=0.3505 ptv_max=0.00313 ring=0.01382 smooth=0.1453 laplacian=0.5501 beam=0.70394 homogeneity=0.0423 body=0.00000 bowel=0.12363 femur=0.21977
2026-05-22 16:08:19 [INFO] Step 15/54 Loss=39.9124 mse=0.4462 v_opt=0.82284 v_mand=0.62487 ptv=0.3257 ptv_max=0.00076 ring=0.00855 smooth=0.1285 laplacian=0.4928 beam=0.69450 homogeneity=0.0339 body=0.00000 bowel=0.14049 femur=0.24920
2026-05-22 16:08:21 [INFO] Step 20/54 Loss=45.3382 mse=0.6727 v_opt=0.86775 v_mand=0.63976 ptv=0.3700 ptv_max=0.00071 ring=0.00830 smooth=0.1732 laplacian=0.6592 beam=0.76768 homogeneity=0.0399 body=0.00000 bowel=0.00000 femur=0.00000
2026-05-22 16:08:26 [INFO] Step 25/54 Loss=42.8307 mse=0.5343 v_opt=0.88411 v_mand=0.64284 ptv=0.3682 ptv_max=0.00112 ring=0.00651 smooth=0.1229 laplacian=0.4578 beam=0.71010 homogeneity=0.0419 body=0.00000 bowel=0.13439 femur=0.22835
2026-05-22 16:08:29 [INFO] Step 30/54 Loss=44.4879 mse=0.5719 v_opt=0.86121 v_mand=0.61429 ptv=0.3363 ptv_max=0.00029 ring=0.00306 smooth=0.1500 laplacian=0.5776 beam=0.76602 homogeneity=0.0338 body=0.00000 bowel=0.24550 femur=0.22546
2026-05-22 16:08:32 [INFO] Step 35/54 Loss=43.1243 mse=0.4681 v_opt=0.97295 v_mand=0.69766 ptv=0.3765 ptv_max=0.00043 ring=0.00118 smooth=0.0846 laplacian=0.3170 beam=0.73209 homogeneity=0.0401 body=0.00000 bowel=0.20666 femur=0.27832
2026-05-22 16:08:36 [INFO] Step 40/54 Loss=39.7975 mse=0.4962 v_opt=0.74400 v_mand=0.52925 ptv=0.3680 ptv_max=0.00042 ring=0.00370 smooth=0.1400 laplacian=0.5349 beam=0.74571 homogeneity=0.0389 body=0.00000 bowel=0.16946 femur=0.21720
2026-05-22 16:08:41 [INFO] Step 45/54 Loss=42.0435 mse=0.5519 v_opt=0.82516 v_mand=0.54946 ptv=0.4004 ptv_max=0.00076 ring=0.00255 smooth=0.1350 laplacian=0.5089 beam=0.71930 homogeneity=0.0450 body=0.00000 bowel=0.24623 femur=0.19913
2026-05-22 16:08:43 [INFO] Step 50/54 Loss=49.6491 mse=0.3538 v_opt=1.53899 v_mand=1.10541 ptv=0.5955 ptv_max=0.00148 ring=0.00051 smooth=0.0601 laplacian=0.2150 beam=0.70961 homogeneity=0.0835 body=0.00000 bowel=0.15740 femur=0.00000
2026-05-22 16:08:46 [INFO] Step 54/54 Loss=38.2046 mse=0.4421 v_opt=0.70389 v_mand=0.47702 ptv=0.6626 ptv_max=0.00521 ring=0.00592 smooth=0.0893 laplacian=0.3293 beam=0.72021 homogeneity=0.1007 body=0.00000 bowel=0.14277 femur=0.15334
2026-05-22 16:08:46 [INFO] Running validation at epoch 14...
2026-05-22 16:09:15 [INFO] Epoch 14 Summary: Train=41.2791 Val=0.0535 (MSE=0.0535)
          Metrics: PTV_D95=34.36Gy Bladder=43.56Gy Rectum=46.27Gy
          Metrics: Ring=47.38Gy Dmax=178.87Gy BG=51.13Gy
2026-05-22 16:09:15 [INFO] [PHYSICS] Saved best model val_loss=0.0535
2026-05-22 16:09:15 [INFO] Epoch 15/100 [RAMP 15/30 (50% of physics)] ramp=0.500 lr=9.53e-05
2026-05-22 16:09:21 [INFO] Step 5/54 Loss=33.8715 mse=0.4071 v_opt=0.57941 v_mand=0.34536 ptv=0.3867 ptv_max=0.00014 ring=0.00175 smooth=0.0948 laplacian=0.3464 beam=0.70416 homogeneity=0.0415 body=0.00000 bowel=0.14257 femur=0.26475
2026-05-22 16:09:24 [INFO] Step 10/54 Loss=34.7433 mse=0.4575 v_opt=0.50160 v_mand=0.30131 ptv=0.4394 ptv_max=0.00056 ring=0.00304 smooth=0.1082 laplacian=0.4002 beam=0.72661 homogeneity=0.0509 body=0.00000 bowel=0.18745 femur=0.19134
2026-05-22 16:09:27 [INFO] Step 15/54 Loss=36.3678 mse=0.4241 v_opt=0.57134 v_mand=0.34463 ptv=0.4534 ptv_max=0.00023 ring=0.00216 smooth=0.1140 laplacian=0.4238 beam=0.78840 homogeneity=0.0523 body=0.00000 bowel=0.08564 femur=0.42839
2026-05-22 16:09:30 [INFO] Step 20/54 Loss=29.5705 mse=0.4399 v_opt=0.31905 v_mand=0.15763 ptv=0.6627 ptv_max=0.00091 ring=0.00786 smooth=0.1068 laplacian=0.3937 beam=0.71365 homogeneity=0.0913 body=0.00000 bowel=0.00000 femur=0.00000
2026-05-22 16:09:35 [INFO] Step 25/54 Loss=35.5273 mse=0.5471 v_opt=0.34171 v_mand=0.21014 ptv=0.4371 ptv_max=0.00042 ring=0.00263 smooth=0.1542 laplacian=0.5908 beam=0.76553 homogeneity=0.0503 body=0.00000 bowel=0.16085 femur=0.23708
2026-05-22 16:09:38 [INFO] Step 30/54 Loss=37.4097 mse=0.6014 v_opt=0.39007 v_mand=0.23632 ptv=0.5030 ptv_max=0.00093 ring=0.00380 smooth=0.1452 laplacian=0.5511 beam=0.75175 homogeneity=0.0637 body=0.00000 bowel=0.15503 femur=0.16327
2026-05-22 16:09:41 [INFO] Step 35/54 Loss=26.9235 mse=0.3286 v_opt=0.23396 v_mand=0.10799 ptv=0.5045 ptv_max=0.00029 ring=0.00197 smooth=0.0777 laplacian=0.2789 beam=0.87185 homogeneity=0.0604 body=0.00000 bowel=0.03973 femur=0.13578
2026-05-22 16:09:44 [INFO] Step 40/54 Loss=26.3653 mse=0.3628 v_opt=0.23134 v_mand=0.10245 ptv=0.5526 ptv_max=0.00003 ring=0.00016 smooth=0.0702 laplacian=0.2478 beam=0.70402 homogeneity=0.0688 body=0.00000 bowel=0.21246 femur=0.00000
2026-05-22 16:09:50 [INFO] Step 45/54 Loss=30.4826 mse=0.4354 v_opt=0.15194 v_mand=0.06902 ptv=0.6081 ptv_max=0.00018 ring=0.00060 smooth=0.0780 laplacian=0.2816 beam=0.79756 homogeneity=0.0787 body=0.00000 bowel=0.27848 femur=0.21450
2026-05-22 16:09:52 [INFO] Step 50/54 Loss=28.6119 mse=0.4732 v_opt=0.12907 v_mand=0.05306 ptv=0.5177 ptv_max=0.00045 ring=0.00112 smooth=0.0954 laplacian=0.3479 beam=0.71891 homogeneity=0.0643 body=0.00000 bowel=0.07990 femur=0.30998
2026-05-22 16:09:55 [INFO] Step 54/54 Loss=34.5928 mse=0.5631 v_opt=0.23492 v_mand=0.10213 ptv=0.4614 ptv_max=0.00040 ring=0.00074 smooth=0.1227 laplacian=0.4511 beam=0.83215 homogeneity=0.0543 body=0.00000 bowel=0.13434 femur=0.44881
2026-05-22 16:09:55 [INFO] Running validation at epoch 15...
2026-05-22 16:10:23 [INFO] Epoch 15 Summary: Train=32.9354 Val=0.0523 (MSE=0.0523)
          Metrics: PTV_D95=31.03Gy Bladder=35.04Gy Rectum=38.01Gy
          Metrics: Ring=43.47Gy Dmax=175.92Gy BG=50.11Gy
2026-05-22 16:10:23 [INFO] [PHYSICS] Saved best model val_loss=0.0523
2026-05-22 16:10:23 [INFO] Epoch 16/100 [RAMP 16/30 (53% of physics)] ramp=0.533 lr=9.46e-05
2026-05-22 16:10:29 [INFO] Step 5/54 Loss=31.3972 mse=0.5434 v_opt=0.12418 v_mand=0.04163 ptv=0.5323 ptv_max=0.00060 ring=0.00098 smooth=0.1169 laplacian=0.4363 beam=0.74919 homogeneity=0.0672 body=0.00000 bowel=0.10460 femur=0.16987
2026-05-22 16:10:32 [INFO] Step 10/54 Loss=26.6655 mse=0.4280 v_opt=0.16877 v_mand=0.06219 ptv=0.5912 ptv_max=0.00000 ring=0.00029 smooth=0.1051 laplacian=0.3852 beam=0.68132 homogeneity=0.0753 body=0.00000 bowel=0.00000 femur=0.00000
2026-05-22 16:10:35 [INFO] Step 15/54 Loss=30.4659 mse=0.5092 v_opt=0.12070 v_mand=0.04942 ptv=0.5118 ptv_max=0.00027 ring=0.00085 smooth=0.0985 laplacian=0.3384 beam=0.79947 homogeneity=0.0618 body=0.00000 bowel=0.15720 femur=0.00000
2026-05-22 16:10:38 [INFO] Step 20/54 Loss=35.2243 mse=0.5918 v_opt=0.16501 v_mand=0.06233 ptv=0.4545 ptv_max=0.00015 ring=0.00066 smooth=0.1262 laplacian=0.4774 beam=0.82074 homogeneity=0.0518 body=0.00000 bowel=0.19611 femur=0.32718
2026-05-22 16:10:43 [INFO] Step 25/54 Loss=29.7626 mse=0.5249 v_opt=0.07220 v_mand=0.01791 ptv=0.5244 ptv_max=0.00039 ring=0.00098 smooth=0.1104 laplacian=0.4120 beam=0.73802 homogeneity=0.0653 body=0.00000 bowel=0.10031 femur=0.14115
2026-05-22 16:10:47 [INFO] Step 30/54 Loss=32.9883 mse=0.5616 v_opt=0.20355 v_mand=0.08764 ptv=0.4519 ptv_max=0.00041 ring=0.00100 smooth=0.1146 laplacian=0.4172 beam=0.84005 homogeneity=0.0527 body=0.00000 bowel=0.00000 femur=0.18885
2026-05-22 16:10:50 [INFO] Step 35/54 Loss=26.1181 mse=0.4036 v_opt=0.12198 v_mand=0.05021 ptv=0.5511 ptv_max=0.00020 ring=0.00114 smooth=0.0831 laplacian=0.3001 beam=0.66569 homogeneity=0.0678 body=0.00000 bowel=0.04539 femur=0.14787
2026-05-22 16:10:52 [INFO] Step 40/54 Loss=29.4148 mse=0.4694 v_opt=0.09673 v_mand=0.03780 ptv=0.5643 ptv_max=0.00041 ring=0.00177 smooth=0.0988 laplacian=0.3581 beam=0.77243 homogeneity=0.0712 body=0.00000 bowel=0.05274 femur=0.19191
2026-05-22 16:10:57 [INFO] Step 45/54 Loss=28.1735 mse=0.4798 v_opt=0.02839 v_mand=0.00866 ptv=0.4159 ptv_max=0.00040 ring=0.00077 smooth=0.0953 laplacian=0.3525 beam=0.75761 homogeneity=0.0462 body=0.00000 bowel=0.15021 femur=0.16404
2026-05-22 16:11:01 [INFO] Step 50/54 Loss=28.5254 mse=0.4559 v_opt=0.11668 v_mand=0.03854 ptv=0.4601 ptv_max=0.00032 ring=0.00035 smooth=0.0815 laplacian=0.3023 beam=0.78703 homogeneity=0.0528 body=0.00000 bowel=0.12848 femur=0.10452
2026-05-22 16:11:03 [INFO] Step 54/54 Loss=28.9671 mse=0.4401 v_opt=0.14969 v_mand=0.07472 ptv=0.4960 ptv_max=0.00051 ring=0.00104 smooth=0.0887 laplacian=0.3117 beam=0.75557 homogeneity=0.0594 body=0.00000 bowel=0.09228 femur=0.14886
2026-05-22 16:11:03 [INFO] Running validation at epoch 16...
2026-05-22 16:11:31 [INFO] Epoch 16 Summary: Train=29.1259 Val=0.0486 (MSE=0.0486)
          Metrics: PTV_D95=32.43Gy Bladder=33.14Gy Rectum=34.90Gy
          Metrics: Ring=42.65Gy Dmax=160.91Gy BG=48.91Gy
2026-05-22 16:11:31 [INFO] [PHYSICS] Saved best model val_loss=0.0486
2026-05-22 16:11:31 [INFO] Epoch 17/100 [RAMP 17/30 (57% of physics)] ramp=0.567 lr=9.39e-05
2026-05-22 16:11:37 [INFO] Step 5/54 Loss=26.0706 mse=0.3907 v_opt=0.10736 v_mand=0.04215 ptv=0.6755 ptv_max=0.00007 ring=0.00082 smooth=0.0593 laplacian=0.2126 beam=0.67059 homogeneity=0.0892 body=0.00000 bowel=0.00000 femur=0.00000
2026-05-22 16:11:40 [INFO] Step 10/54 Loss=29.0879 mse=0.4752 v_opt=0.11441 v_mand=0.03482 ptv=0.4999 ptv_max=0.00009 ring=0.00015 smooth=0.0642 laplacian=0.2321 beam=0.72604 homogeneity=0.0604 body=0.00000 bowel=0.15764 femur=0.04327
2026-05-22 16:11:43 [INFO] Step 15/54 Loss=29.2817 mse=0.5016 v_opt=0.07625 v_mand=0.01686 ptv=0.4995 ptv_max=0.00032 ring=0.00065 smooth=0.0884 laplacian=0.3208 beam=0.75008 homogeneity=0.0602 body=0.00000 bowel=0.02918 femur=0.14098
2026-05-22 16:11:46 [INFO] Step 20/54 Loss=22.8009 mse=0.3105 v_opt=0.08003 v_mand=0.02139 ptv=0.3820 ptv_max=0.00016 ring=0.00040 smooth=0.0697 laplacian=0.2534 beam=0.64357 homogeneity=0.0403 body=0.00000 bowel=0.09893 femur=0.17436
2026-05-22 16:11:51 [INFO] Step 25/54 Loss=28.2847 mse=0.4474 v_opt=0.08448 v_mand=0.02597 ptv=0.6270 ptv_max=0.00018 ring=0.00037 smooth=0.0757 laplacian=0.2689 beam=0.73096 homogeneity=0.0813 body=0.00000 bowel=0.00061 femur=0.10776
2026-05-22 16:11:54 [INFO] Step 30/54 Loss=26.4194 mse=0.4049 v_opt=0.05071 v_mand=0.01069 ptv=0.5724 ptv_max=0.00023 ring=0.00042 smooth=0.0718 laplacian=0.2605 beam=0.73534 homogeneity=0.0725 body=0.00000 bowel=0.00161 femur=0.11240
2026-05-22 16:11:57 [INFO] Step 35/54 Loss=26.3735 mse=0.3651 v_opt=0.05968 v_mand=0.01268 ptv=0.6629 ptv_max=0.00014 ring=0.00018 smooth=0.0503 laplacian=0.1777 beam=0.70757 homogeneity=0.0875 body=0.00000 bowel=0.07422 femur=0.15369
2026-05-22 16:12:01 [INFO] Step 40/54 Loss=26.9290 mse=0.4192 v_opt=0.09906 v_mand=0.02459 ptv=0.5076 ptv_max=0.00020 ring=0.00048 smooth=0.0734 laplacian=0.2626 beam=0.72540 homogeneity=0.0612 body=0.00000 bowel=0.06465 femur=0.07728
2026-05-22 16:12:05 [INFO] Step 45/54 Loss=29.6466 mse=0.4876 v_opt=0.10134 v_mand=0.04006 ptv=0.4627 ptv_max=0.00005 ring=0.00031 smooth=0.0821 laplacian=0.3034 beam=0.71513 homogeneity=0.0523 body=0.00000 bowel=0.10475 femur=0.18680
2026-05-22 16:12:08 [INFO] Step 50/54 Loss=27.9575 mse=0.4909 v_opt=0.02033 v_mand=0.00400 ptv=0.4522 ptv_max=0.00014 ring=0.00015 smooth=0.0755 laplacian=0.2813 beam=0.72476 homogeneity=0.0508 body=0.00000 bowel=0.04126 femur=0.16561
2026-05-22 16:12:10 [INFO] Step 54/54 Loss=23.1236 mse=0.3359 v_opt=0.06695 v_mand=0.02303 ptv=0.4476 ptv_max=0.00010 ring=0.00014 smooth=0.0535 laplacian=0.1916 beam=0.64185 homogeneity=0.0504 body=0.00000 bowel=0.12044 femur=0.03371
2026-05-22 16:12:10 [INFO] Running validation at epoch 17...
2026-05-22 16:12:39 [INFO] Epoch 17 Summary: Train=28.6932 Val=0.0465 (MSE=0.0465)
          Metrics: PTV_D95=32.81Gy Bladder=31.39Gy Rectum=35.20Gy
          Metrics: Ring=42.57Gy Dmax=145.13Gy BG=48.06Gy
2026-05-22 16:12:39 [INFO] [PHYSICS] Saved best model val_loss=0.0465
2026-05-22 16:12:39 [INFO] Epoch 18/100 [RAMP 18/30 (60% of physics)] ramp=0.600 lr=9.31e-05
2026-05-22 16:12:45 [INFO] Step 5/54 Loss=28.3719 mse=0.4693 v_opt=0.04257 v_mand=0.00578 ptv=0.4446 ptv_max=0.00011 ring=0.00020 smooth=0.0848 laplacian=0.3115 beam=0.71176 homogeneity=0.0500 body=0.00000 bowel=0.10602 femur=0.08669
2026-05-22 16:12:48 [INFO] Step 10/54 Loss=25.5817 mse=0.3721 v_opt=0.10007 v_mand=0.03087 ptv=0.6315 ptv_max=0.00006 ring=0.00017 smooth=0.0521 laplacian=0.1863 beam=0.65885 homogeneity=0.0804 body=0.00000 bowel=0.00000 femur=0.00000
2026-05-22 16:12:51 [INFO] Step 15/54 Loss=26.0352 mse=0.3602 v_opt=0.14223 v_mand=0.04202 ptv=0.4378 ptv_max=0.00010 ring=0.00024 smooth=0.0718 laplacian=0.2629 beam=0.71817 homogeneity=0.0485 body=0.00000 bowel=0.03133 femur=0.08186
2026-05-22 16:12:54 [INFO] Step 20/54 Loss=28.8583 mse=0.4058 v_opt=0.11786 v_mand=0.03283 ptv=0.4064 ptv_max=0.00013 ring=0.00015 smooth=0.0645 laplacian=0.2375 beam=0.79469 homogeneity=0.0432 body=0.00000 bowel=0.12961 femur=0.12999
2026-05-22 16:13:00 [INFO] Step 25/54 Loss=27.0063 mse=0.4013 v_opt=0.06918 v_mand=0.01698 ptv=0.4783 ptv_max=0.00036 ring=0.00037 smooth=0.0652 laplacian=0.2377 beam=0.74012 homogeneity=0.0561 body=0.00000 bowel=0.04694 femur=0.08787
2026-05-22 16:13:03 [INFO] Step 30/54 Loss=24.8684 mse=0.3211 v_opt=0.09319 v_mand=0.02556 ptv=0.4099 ptv_max=0.00028 ring=0.00107 smooth=0.0632 laplacian=0.2249 beam=0.74568 homogeneity=0.0443 body=0.00000 bowel=0.04511 femur=0.10543
2026-05-22 16:13:05 [INFO] Step 35/54 Loss=28.5355 mse=0.4266 v_opt=0.13493 v_mand=0.04297 ptv=0.2955 ptv_max=0.00006 ring=0.00047 smooth=0.1047 laplacian=0.3996 beam=0.77576 homogeneity=0.0266 body=0.00000 bowel=0.08815 femur=0.10448
2026-05-22 16:13:08 [INFO] Step 40/54 Loss=28.4730 mse=0.4134 v_opt=0.11270 v_mand=0.03021 ptv=0.3637 ptv_max=0.00012 ring=0.00021 smooth=0.0744 laplacian=0.2743 beam=0.78865 homogeneity=0.0369 body=0.00000 bowel=0.13778 femur=0.08704
2026-05-22 16:13:13 [INFO] Step 45/54 Loss=15.3666 mse=0.3793 v_opt=0.06757 v_mand=0.02374 ptv=0.4646 ptv_max=0.00006 ring=0.00013 smooth=0.0624 laplacian=0.2277 beam=0.00000 homogeneity=0.0525 body=0.00000 bowel=0.04200 femur=0.09453
2026-05-22 16:13:16 [INFO] Step 50/54 Loss=24.0211 mse=0.3240 v_opt=0.04509 v_mand=0.00657 ptv=0.4973 ptv_max=0.00008 ring=0.00010 smooth=0.0533 laplacian=0.1934 beam=0.72550 homogeneity=0.0578 body=0.00000 bowel=0.01416 femur=0.06022
2026-05-22 16:13:18 [INFO] Step 54/54 Loss=27.4115 mse=0.3447 v_opt=0.29502 v_mand=0.13888 ptv=0.3655 ptv_max=0.00008 ring=0.00016 smooth=0.0561 laplacian=0.1997 beam=0.70707 homogeneity=0.0369 body=0.00000 bowel=0.00000 femur=0.06498
2026-05-22 16:13:18 [INFO] Running validation at epoch 18...
2026-05-22 16:13:47 [INFO] Epoch 18 Summary: Train=26.5311 Val=0.0444 (MSE=0.0444)
          Metrics: PTV_D95=36.68Gy Bladder=31.55Gy Rectum=37.42Gy
          Metrics: Ring=43.83Gy Dmax=138.54Gy BG=47.19Gy
2026-05-22 16:13:47 [INFO] [PHYSICS] Saved best model val_loss=0.0444
2026-05-22 16:13:47 [INFO] [CLINICAL] Saved best model Score=114.572 PTV_D95=36.68Gy Bladder=31.55Gy Rectum=37.42Gy
2026-05-22 16:13:47 [INFO] Epoch 19/100 [RAMP 19/30 (63% of physics)] ramp=0.633 lr=9.23e-05
2026-05-22 16:13:53 [INFO] Step 5/54 Loss=22.8760 mse=0.2664 v_opt=0.08198 v_mand=0.01777 ptv=0.5015 ptv_max=0.00005 ring=0.00009 smooth=0.0475 laplacian=0.1698 beam=0.67082 homogeneity=0.0586 body=0.00000 bowel=0.01070 femur=0.05274
2026-05-22 16:13:57 [INFO] Step 10/54 Loss=21.8883 mse=0.2962 v_opt=0.03622 v_mand=0.00825 ptv=0.4009 ptv_max=0.00002 ring=0.00008 smooth=0.0563 laplacian=0.2023 beam=0.62634 homogeneity=0.0419 body=0.00000 bowel=0.03004 femur=0.03554
2026-05-22 16:14:00 [INFO] Step 15/54 Loss=25.7738 mse=0.3619 v_opt=0.05087 v_mand=0.00901 ptv=0.4754 ptv_max=0.00004 ring=0.00009 smooth=0.0570 laplacian=0.2065 beam=0.69277 homogeneity=0.0543 body=0.00000 bowel=0.07269 femur=0.05098
2026-05-22 16:14:02 [INFO] Step 20/54 Loss=26.4524 mse=0.3916 v_opt=0.09314 v_mand=0.02667 ptv=0.4250 ptv_max=0.00016 ring=0.00040 smooth=0.0705 laplacian=0.2614 beam=0.69588 homogeneity=0.0468 body=0.00000 bowel=0.01465 femur=0.05774
2026-05-22 16:14:08 [INFO] Step 25/54 Loss=97.7553 mse=0.1906 v_opt=2.57736 v_mand=2.24165 ptv=0.9838 ptv_max=0.00071 ring=0.00047 smooth=0.0345 laplacian=0.1149 beam=0.62513 homogeneity=0.1524 body=0.00000 bowel=0.00000 femur=0.03487
2026-05-22 16:14:11 [INFO] Step 30/54 Loss=23.6625 mse=0.3074 v_opt=0.04134 v_mand=0.01037 ptv=0.4431 ptv_max=0.00006 ring=0.00012 smooth=0.0477 laplacian=0.1651 beam=0.64976 homogeneity=0.0485 body=0.00000 bowel=0.04817 femur=0.13765
2026-05-22 16:14:14 [INFO] Step 35/54 Loss=26.0578 mse=0.4158 v_opt=0.04562 v_mand=0.01094 ptv=0.3549 ptv_max=0.00003 ring=0.00009 smooth=0.0752 laplacian=0.2662 beam=0.63039 homogeneity=0.0347 body=0.00000 bowel=0.12249 femur=0.08381
2026-05-22 16:14:17 [INFO] Step 40/54 Loss=25.0825 mse=0.3850 v_opt=0.03027 v_mand=0.00075 ptv=0.5061 ptv_max=0.00007 ring=0.00009 smooth=0.0577 laplacian=0.2073 beam=0.66397 homogeneity=0.0601 body=0.00000 bowel=0.00059 femur=0.03315
2026-05-22 16:14:22 [INFO] Step 45/54 Loss=25.1698 mse=0.3873 v_opt=0.03706 v_mand=0.00327 ptv=0.4321 ptv_max=0.00010 ring=0.00020 smooth=0.0675 laplacian=0.2460 beam=0.66886 homogeneity=0.0480 body=0.00000 bowel=0.02032 femur=0.05939
2026-05-22 16:14:25 [INFO] Step 50/54 Loss=23.9078 mse=0.3360 v_opt=0.05526 v_mand=0.00844 ptv=0.3444 ptv_max=0.00004 ring=0.00010 smooth=0.0664 laplacian=0.2436 beam=0.70088 homogeneity=0.0340 body=0.00000 bowel=0.04516 femur=0.03383
2026-05-22 16:14:27 [INFO] Step 54/54 Loss=22.8162 mse=0.2981 v_opt=0.08904 v_mand=0.01615 ptv=0.3118 ptv_max=0.00009 ring=0.00013 smooth=0.0688 laplacian=0.2456 beam=0.70173 homogeneity=0.0287 body=0.00000 bowel=0.01230 femur=0.05428
2026-05-22 16:14:27 [INFO] Running validation at epoch 19...
2026-05-22 16:14:56 [INFO] Epoch 19 Summary: Train=26.3427 Val=0.0426 (MSE=0.0426)
          Metrics: PTV_D95=38.33Gy Bladder=30.31Gy Rectum=34.27Gy
          Metrics: Ring=43.61Gy Dmax=142.30Gy BG=46.33Gy
2026-05-22 16:14:56 [INFO] [PHYSICS] Saved best model val_loss=0.0426
2026-05-22 16:14:56 [INFO] [CLINICAL] Saved best model Score=106.488 PTV_D95=38.33Gy Bladder=30.31Gy Rectum=34.27Gy
2026-05-22 16:14:56 [INFO] Epoch 20/100 [RAMP 20/30 (67% of physics)] ramp=0.667 lr=9.14e-05
2026-05-22 16:15:02 [INFO] Step 5/54 Loss=24.1006 mse=0.3201 v_opt=0.03830 v_mand=0.00126 ptv=0.4292 ptv_max=0.00001 ring=0.00004 smooth=0.0716 laplacian=0.2412 beam=0.66456 homogeneity=0.0483 body=0.00000 bowel=0.02000 femur=0.05573
2026-05-22 16:15:06 [INFO] Step 10/54 Loss=25.4479 mse=0.3568 v_opt=0.00000 v_mand=0.00000 ptv=0.6085 ptv_max=0.00026 ring=0.00017 smooth=0.0606 laplacian=0.2172 beam=0.62486 homogeneity=0.0798 body=0.00000 bowel=0.02009 femur=0.00000
2026-05-22 16:15:09 [INFO] Step 15/54 Loss=24.8550 mse=0.3345 v_opt=0.07194 v_mand=0.02394 ptv=0.4730 ptv_max=0.00004 ring=0.00009 smooth=0.0511 laplacian=0.1841 beam=0.64484 homogeneity=0.0539 body=0.00000 bowel=0.01268 femur=0.02986
2026-05-22 16:15:11 [INFO] Step 20/54 Loss=24.4475 mse=0.2779 v_opt=0.09814 v_mand=0.04439 ptv=0.5807 ptv_max=0.00000 ring=0.00000 smooth=0.0443 laplacian=0.1529 beam=0.63174 homogeneity=0.0712 body=0.00000 bowel=0.00000 femur=0.00000
2026-05-22 16:15:16 [INFO] Step 25/54 Loss=25.2489 mse=0.3481 v_opt=0.14773 v_mand=0.04667 ptv=0.3309 ptv_max=0.00000 ring=0.00000 smooth=0.0525 laplacian=0.1836 beam=0.69136 homogeneity=0.0313 body=0.00000 bowel=0.00000 femur=0.00000
2026-05-22 16:15:19 [INFO] Step 30/54 Loss=24.3704 mse=0.4327 v_opt=0.04332 v_mand=0.00999 ptv=0.2164 ptv_max=0.00000 ring=0.00001 smooth=0.0661 laplacian=0.2401 beam=0.64011 homogeneity=0.0154 body=0.00000 bowel=0.00000 femur=0.00000
2026-05-22 16:15:23 [INFO] Step 35/54 Loss=23.8478 mse=0.3394 v_opt=0.02149 v_mand=0.00163 ptv=0.3750 ptv_max=0.00001 ring=0.00003 smooth=0.0577 laplacian=0.2148 beam=0.66726 homogeneity=0.0374 body=0.00000 bowel=0.01911 femur=0.03183
2026-05-22 16:15:25 [INFO] Step 40/54 Loss=24.2467 mse=0.3576 v_opt=0.04549 v_mand=0.00800 ptv=0.3289 ptv_max=0.00004 ring=0.00005 smooth=0.0603 laplacian=0.2174 beam=0.68104 homogeneity=0.0311 body=0.00000 bowel=0.00000 femur=0.03795
2026-05-22 16:15:29 [INFO] Step 45/54 Loss=58.3069 mse=0.1827 v_opt=1.53673 v_mand=1.20456 ptv=0.0000 ptv_max=0.00000 ring=0.00000 smooth=0.0340 laplacian=0.1096 beam=0.60600 homogeneity=0.0000 body=0.00000 bowel=0.00000 femur=0.15743
2026-05-22 16:15:33 [INFO] Step 50/54 Loss=26.3356 mse=0.3392 v_opt=0.05549 v_mand=0.00872 ptv=0.4644 ptv_max=0.00004 ring=0.00005 smooth=0.0447 laplacian=0.1603 beam=0.65080 homogeneity=0.0526 body=0.00000 bowel=0.20920 femur=0.02802
2026-05-22 16:15:35 [INFO] Step 54/54 Loss=24.1851 mse=0.3608 v_opt=0.05361 v_mand=0.01027 ptv=0.3010 ptv_max=0.00002 ring=0.00002 smooth=0.0573 laplacian=0.2052 beam=0.66839 homogeneity=0.0278 body=0.00000 bowel=0.01315 femur=0.05671
2026-05-22 16:15:35 [INFO] Running validation at epoch 20...
2026-05-22 16:16:04 [INFO] Epoch 20 Summary: Train=25.1849 Val=0.0411 (MSE=0.0411)
          Metrics: PTV_D95=39.09Gy Bladder=28.17Gy Rectum=32.48Gy
          Metrics: Ring=42.82Gy Dmax=133.21Gy BG=45.58Gy
2026-05-22 16:16:04 [INFO] [PHYSICS] Saved best model val_loss=0.0411
2026-05-22 16:16:04 [INFO] [CLINICAL] Saved best model Score=102.407 PTV_D95=39.09Gy Bladder=28.17Gy Rectum=32.48Gy
2026-05-22 16:16:04 [INFO] Epoch 21/100 [RAMP 21/30 (70% of physics)] ramp=0.700 lr=9.05e-05
2026-05-22 16:16:10 [INFO] Step 5/54 Loss=25.6575 mse=0.3859 v_opt=0.03167 v_mand=0.00536 ptv=0.3613 ptv_max=0.00005 ring=0.00003 smooth=0.0626 laplacian=0.2298 beam=0.63865 homogeneity=0.0363 body=0.00000 bowel=0.03343 femur=0.05137
2026-05-22 16:16:13 [INFO] Step 10/54 Loss=25.6419 mse=0.4177 v_opt=0.07321 v_mand=0.02638 ptv=0.2542 ptv_max=0.00002 ring=0.00006 smooth=0.0558 laplacian=0.2005 beam=0.64872 homogeneity=0.0213 body=0.00000 bowel=0.00000 femur=0.00000
2026-05-22 16:16:16 [INFO] Step 15/54 Loss=25.7069 mse=0.2986 v_opt=0.01421 v_mand=0.00027 ptv=0.2770 ptv_max=0.00004 ring=0.00007 smooth=0.0566 laplacian=0.2053 beam=0.83470 homogeneity=0.0238 body=0.00000 bowel=0.03932 femur=0.02237
2026-05-22 16:16:19 [INFO] Step 20/54 Loss=23.2456 mse=0.3790 v_opt=0.05542 v_mand=0.00510 ptv=0.2035 ptv_max=0.00001 ring=0.00003 smooth=0.0554 laplacian=0.1983 beam=0.63743 homogeneity=0.0143 body=0.00000 bowel=0.00000 femur=0.00000
2026-05-22 16:16:23 [INFO] Step 25/54 Loss=19.9776 mse=0.2550 v_opt=0.05092 v_mand=0.00213 ptv=0.2230 ptv_max=0.00002 ring=0.00005 smooth=0.0485 laplacian=0.1714 beam=0.61107 homogeneity=0.0164 body=0.00000 bowel=0.01467 femur=0.02594
2026-05-22 16:16:27 [INFO] Step 30/54 Loss=23.0405 mse=0.3037 v_opt=0.02157 v_mand=0.00208 ptv=0.3000 ptv_max=0.00007 ring=0.00011 smooth=0.0562 laplacian=0.2005 beam=0.66952 homogeneity=0.0270 body=0.00000 bowel=0.01417 femur=0.03602
2026-05-22 16:16:30 [INFO] Step 35/54 Loss=21.0116 mse=0.2815 v_opt=0.04065 v_mand=0.00183 ptv=0.2756 ptv_max=0.00005 ring=0.00006 smooth=0.0492 laplacian=0.1731 beam=0.60741 homogeneity=0.0244 body=0.00000 bowel=0.01610 femur=0.01978
2026-05-22 16:16:33 [INFO] Step 40/54 Loss=20.8815 mse=0.2719 v_opt=0.01324 v_mand=0.00001 ptv=0.2572 ptv_max=0.00005 ring=0.00004 smooth=0.0470 laplacian=0.1725 beam=0.60626 homogeneity=0.0212 body=0.00000 bowel=0.03916 femur=0.04359
2026-05-22 16:16:37 [INFO] Step 45/54 Loss=24.1551 mse=0.2922 v_opt=0.17256 v_mand=0.05527 ptv=0.2781 ptv_max=0.00003 ring=0.00006 smooth=0.0483 laplacian=0.1695 beam=0.65731 homogeneity=0.0238 body=0.00000 bowel=0.00903 femur=0.02380
2026-05-22 16:16:41 [INFO] Step 50/54 Loss=18.6925 mse=0.2097 v_opt=0.07058 v_mand=0.00644 ptv=0.2614 ptv_max=0.00005 ring=0.00009 smooth=0.0453 laplacian=0.1580 beam=0.58336 homogeneity=0.0222 body=0.00000 bowel=0.00286 femur=0.02236
2026-05-22 16:16:44 [INFO] Step 54/54 Loss=22.5172 mse=0.3078 v_opt=0.08687 v_mand=0.02628 ptv=0.1876 ptv_max=0.00006 ring=0.00006 smooth=0.0516 laplacian=0.1873 beam=0.61619 homogeneity=0.0144 body=0.00000 bowel=0.03023 femur=0.06656
2026-05-22 16:16:44 [INFO] Running validation at epoch 21...
2026-05-22 16:17:13 [INFO] Epoch 21 Summary: Train=22.9363 Val=0.0390 (MSE=0.0390)
          Metrics: PTV_D95=41.78Gy Bladder=28.03Gy Rectum=31.86Gy
          Metrics: Ring=43.19Gy Dmax=137.91Gy BG=44.57Gy
2026-05-22 16:17:13 [INFO] [PHYSICS] Saved best model val_loss=0.0390
2026-05-22 16:17:13 [INFO] [CLINICAL] Saved best model Score=93.726 PTV_D95=41.78Gy Bladder=28.03Gy Rectum=31.86Gy
2026-05-22 16:17:13 [INFO] Epoch 22/100 [RAMP 22/30 (73% of physics)] ramp=0.733 lr=8.96e-05
2026-05-22 16:17:18 [INFO] Step 5/54 Loss=21.0586 mse=0.2656 v_opt=0.06546 v_mand=0.01831 ptv=0.1521 ptv_max=0.00001 ring=0.00001 smooth=0.0478 laplacian=0.1702 beam=0.64109 homogeneity=0.0083 body=0.00000 bowel=0.00000 femur=0.00000
2026-05-22 16:17:22 [INFO] Step 10/54 Loss=22.6445 mse=0.3137 v_opt=0.04854 v_mand=0.00387 ptv=0.2377 ptv_max=0.00004 ring=0.00002 smooth=0.0482 laplacian=0.1754 beam=0.63319 homogeneity=0.0192 body=0.00000 bowel=0.01203 femur=0.01903
2026-05-22 16:17:25 [INFO] Step 15/54 Loss=43.3036 mse=0.2357 v_opt=0.80321 v_mand=0.57709 ptv=0.3540 ptv_max=0.00003 ring=0.00003 smooth=0.0464 laplacian=0.1548 beam=0.61886 homogeneity=0.0346 body=0.00000 bowel=0.00176 femur=0.00000
2026-05-22 16:17:28 [INFO] Step 20/54 Loss=24.1524 mse=0.3682 v_opt=0.05406 v_mand=0.00629 ptv=0.1673 ptv_max=0.00005 ring=0.00008 smooth=0.0541 laplacian=0.1986 beam=0.64758 homogeneity=0.0101 body=0.00000 bowel=0.01851 femur=0.05653
2026-05-22 16:17:31 [INFO] Step 25/54 Loss=21.3041 mse=0.2709 v_opt=0.04248 v_mand=0.00358 ptv=0.2243 ptv_max=0.00006 ring=0.00006 smooth=0.0451 laplacian=0.1611 beam=0.60998 homogeneity=0.0172 body=0.00000 bowel=0.04735 femur=0.01443
2026-05-22 16:17:35 [INFO] Step 30/54 Loss=30.6093 mse=0.2567 v_opt=0.36349 v_mand=0.22643 ptv=0.3984 ptv_max=0.00000 ring=0.00001 smooth=0.0361 laplacian=0.1220 beam=0.60328 homogeneity=0.0420 body=0.00000 bowel=0.01305 femur=0.01913
2026-05-22 16:17:39 [INFO] Step 35/54 Loss=23.6424 mse=0.3416 v_opt=0.09904 v_mand=0.02444 ptv=0.1945 ptv_max=0.00004 ring=0.00009 smooth=0.0472 laplacian=0.1694 beam=0.61618 homogeneity=0.0131 body=0.00000 bowel=0.02904 femur=0.02256
2026-05-22 16:17:42 [INFO] Step 40/54 Loss=21.4129 mse=0.2822 v_opt=0.07478 v_mand=0.00851 ptv=0.2017 ptv_max=0.00001 ring=0.00001 smooth=0.0481 laplacian=0.1691 beam=0.61689 homogeneity=0.0141 body=0.00000 bowel=0.01308 femur=0.01919
2026-05-22 16:17:45 [INFO] Step 45/54 Loss=22.7136 mse=0.3578 v_opt=0.01826 v_mand=0.00123 ptv=0.1906 ptv_max=0.00003 ring=0.00002 smooth=0.0632 laplacian=0.2226 beam=0.60049 homogeneity=0.0127 body=0.00000 bowel=0.00613 femur=0.02320
2026-05-22 16:17:49 [INFO] Step 50/54 Loss=23.0683 mse=0.3466 v_opt=0.03030 v_mand=0.00433 ptv=0.2546 ptv_max=0.00004 ring=0.00002 smooth=0.0494 laplacian=0.1769 beam=0.61007 homogeneity=0.0220 body=0.00000 bowel=0.00534 femur=0.01046
2026-05-22 16:17:52 [INFO] Step 54/54 Loss=22.5198 mse=0.3412 v_opt=0.00137 v_mand=0.00000 ptv=0.2583 ptv_max=0.00003 ring=0.00002 smooth=0.0523 laplacian=0.1881 beam=0.59148 homogeneity=0.0212 body=0.00000 bowel=0.00777 femur=0.01642
2026-05-22 16:17:52 [INFO] Running validation at epoch 22...
2026-05-22 16:18:21 [INFO] Epoch 22 Summary: Train=22.8151 Val=0.0376 (MSE=0.0376)
          Metrics: PTV_D95=45.22Gy Bladder=28.37Gy Rectum=31.85Gy
          Metrics: Ring=45.13Gy Dmax=135.26Gy BG=43.96Gy
2026-05-22 16:18:21 [INFO] [PHYSICS] Saved best model val_loss=0.0376
2026-05-22 16:18:21 [INFO] [CLINICAL] Saved best model Score=83.379 PTV_D95=45.22Gy Bladder=28.37Gy Rectum=31.85Gy
2026-05-22 16:18:21 [INFO] Epoch 23/100 [RAMP 23/30 (77% of physics)] ramp=0.767 lr=8.86e-05
2026-05-22 16:18:26 [INFO] Step 5/54 Loss=24.7703 mse=0.2841 v_opt=0.23665 v_mand=0.09310 ptv=0.1707 ptv_max=0.00001 ring=0.00004 smooth=0.0499 laplacian=0.1715 beam=0.59453 homogeneity=0.0104 body=0.00000 bowel=0.00102 femur=0.02150
2026-05-22 16:18:29 [INFO] Step 10/54 Loss=23.2037 mse=0.4007 v_opt=0.02536 v_mand=0.00296 ptv=0.0854 ptv_max=0.00006 ring=0.00002 smooth=0.0514 laplacian=0.1810 beam=0.60476 homogeneity=0.0031 body=0.00000 bowel=0.00000 femur=0.00000
2026-05-22 16:18:32 [INFO] Step 15/54 Loss=21.8028 mse=0.2884 v_opt=0.00239 v_mand=0.00000 ptv=0.1579 ptv_max=0.00004 ring=0.00006 smooth=0.0532 laplacian=0.1896 beam=0.64189 homogeneity=0.0097 body=0.00000 bowel=0.00559 femur=0.01163
2026-05-22 16:18:35 [INFO] Step 20/54 Loss=20.3839 mse=0.2595 v_opt=0.05138 v_mand=0.01370 ptv=0.1587 ptv_max=0.00014 ring=0.00020 smooth=0.0458 laplacian=0.1570 beam=0.58419 homogeneity=0.0094 body=0.00000 bowel=0.00203 femur=0.00730
2026-05-22 16:18:41 [INFO] Step 25/54 Loss=19.2169 mse=0.2435 v_opt=0.05124 v_mand=0.00428 ptv=0.1663 ptv_max=0.00004 ring=0.00003 smooth=0.0460 laplacian=0.1622 beam=0.55020 homogeneity=0.0107 body=0.00000 bowel=0.01116 femur=0.01468
2026-05-22 16:18:44 [INFO] Step 30/54 Loss=20.9716 mse=0.2632 v_opt=0.03693 v_mand=0.00195 ptv=0.2403 ptv_max=0.00001 ring=0.00002 smooth=0.0383 laplacian=0.1324 beam=0.59496 homogeneity=0.0198 body=0.00000 bowel=0.01103 femur=0.00610
2026-05-22 16:18:47 [INFO] Step 35/54 Loss=20.9249 mse=0.3058 v_opt=0.04810 v_mand=0.00909 ptv=0.0746 ptv_max=0.00031 ring=0.00015 smooth=0.0481 laplacian=0.1632 beam=0.60133 homogeneity=0.0040 body=0.00000 bowel=0.00000 femur=0.00000
2026-05-22 16:18:50 [INFO] Step 40/54 Loss=21.9487 mse=0.3154 v_opt=0.03408 v_mand=0.00716 ptv=0.1543 ptv_max=0.00002 ring=0.00005 smooth=0.0445 laplacian=0.1601 beam=0.60108 homogeneity=0.0087 body=0.00000 bowel=0.01673 femur=0.00732
2026-05-22 16:18:54 [INFO] Step 45/54 Loss=19.1959 mse=0.2532 v_opt=0.00300 v_mand=0.00000 ptv=0.1545 ptv_max=0.00006 ring=0.00007 smooth=0.0431 laplacian=0.1515 beam=0.56531 homogeneity=0.0095 body=0.00000 bowel=0.00467 femur=0.00289
2026-05-22 16:18:58 [INFO] Step 50/54 Loss=19.0641 mse=0.2521 v_opt=0.01953 v_mand=0.00013 ptv=0.1464 ptv_max=0.00004 ring=0.00002 smooth=0.0483 laplacian=0.1753 beam=0.55645 homogeneity=0.0082 body=0.00000 bowel=0.00437 femur=0.00659
2026-05-22 16:19:00 [INFO] Step 54/54 Loss=23.2747 mse=0.3666 v_opt=0.10928 v_mand=0.02734 ptv=0.1542 ptv_max=0.00002 ring=0.00002 smooth=0.0425 laplacian=0.1484 beam=0.57094 homogeneity=0.0107 body=0.00000 bowel=0.00000 femur=0.00000
2026-05-22 16:19:00 [INFO] Running validation at epoch 23...
2026-05-22 16:19:30 [INFO] Epoch 23 Summary: Train=21.9622 Val=0.0361 (MSE=0.0361)
          Metrics: PTV_D95=47.69Gy Bladder=29.57Gy Rectum=32.90Gy
          Metrics: Ring=46.65Gy Dmax=135.39Gy BG=43.27Gy
2026-05-22 16:19:30 [INFO] [PHYSICS] Saved best model val_loss=0.0361
2026-05-22 16:19:30 [INFO] [CLINICAL] Saved best model Score=77.036 PTV_D95=47.69Gy Bladder=29.57Gy Rectum=32.90Gy
2026-05-22 16:19:30 [INFO] Epoch 24/100 [RAMP 24/30 (80% of physics)] ramp=0.800 lr=8.76e-05
2026-05-22 16:19:35 [INFO] Step 5/54 Loss=17.0566 mse=0.1525 v_opt=0.00507 v_mand=0.00000 ptv=0.1248 ptv_max=0.00007 ring=0.00003 smooth=0.0313 laplacian=0.1077 beam=0.57535 homogeneity=0.0070 body=0.00000 bowel=0.01106 femur=0.00246
2026-05-22 16:19:38 [INFO] Step 10/54 Loss=21.0890 mse=0.3101 v_opt=0.04009 v_mand=0.00267 ptv=0.1169 ptv_max=0.00006 ring=0.00009 smooth=0.0498 laplacian=0.1747 beam=0.55903 homogeneity=0.0056 body=0.00000 bowel=0.00760 femur=0.01515
2026-05-22 16:19:41 [INFO] Step 15/54 Loss=19.7931 mse=0.2761 v_opt=0.03369 v_mand=0.00698 ptv=0.1287 ptv_max=0.00018 ring=0.00021 smooth=0.0435 laplacian=0.1530 beam=0.53112 homogeneity=0.0075 body=0.00000 bowel=0.00469 femur=0.00715
2026-05-22 16:19:45 [INFO] Step 20/54 Loss=21.3990 mse=0.2597 v_opt=0.03117 v_mand=0.00552 ptv=0.2047 ptv_max=0.00003 ring=0.00002 smooth=0.0367 laplacian=0.1261 beam=0.58811 homogeneity=0.0153 body=0.00000 bowel=0.03385 femur=0.00588
2026-05-22 16:19:50 [INFO] Step 25/54 Loss=19.1506 mse=0.2589 v_opt=0.01156 v_mand=0.00005 ptv=0.0976 ptv_max=0.00003 ring=0.00008 smooth=0.0465 laplacian=0.1624 beam=0.54922 homogeneity=0.0040 body=0.00000 bowel=0.00804 femur=0.00495
2026-05-22 16:19:53 [INFO] Step 30/54 Loss=23.1517 mse=0.3239 v_opt=0.09707 v_mand=0.03970 ptv=0.1773 ptv_max=0.00003 ring=0.00006 smooth=0.0472 laplacian=0.1733 beam=0.54392 homogeneity=0.0106 body=0.00000 bowel=0.00914 femur=0.00000
2026-05-22 16:19:56 [INFO] Step 35/54 Loss=17.9486 mse=0.2158 v_opt=0.01083 v_mand=0.00000 ptv=0.1399 ptv_max=0.00004 ring=0.00006 smooth=0.0398 laplacian=0.1352 beam=0.53471 homogeneity=0.0079 body=0.00000 bowel=0.00048 femur=0.00160
2026-05-22 16:19:59 [INFO] Step 40/54 Loss=17.0836 mse=0.1947 v_opt=0.04040 v_mand=0.00480 ptv=0.1559 ptv_max=0.00004 ring=0.00001 smooth=0.0320 laplacian=0.1106 beam=0.50226 homogeneity=0.0093 body=0.00000 bowel=0.00049 femur=0.00499
2026-05-22 16:20:04 [INFO] Step 45/54 Loss=22.6436 mse=0.3371 v_opt=0.03960 v_mand=0.00884 ptv=0.1793 ptv_max=0.00001 ring=0.00001 smooth=0.0427 laplacian=0.1495 beam=0.56643 homogeneity=0.0120 body=0.00000 bowel=0.01485 femur=0.00398
2026-05-22 16:20:07 [INFO] Step 50/54 Loss=20.3442 mse=0.2736 v_opt=0.00833 v_mand=0.00000 ptv=0.1455 ptv_max=0.00010 ring=0.00007 smooth=0.0388 laplacian=0.1299 beam=0.57248 homogeneity=0.0092 body=0.00000 bowel=0.00899 femur=0.00725
2026-05-22 16:20:09 [INFO] Step 54/54 Loss=18.7619 mse=0.2067 v_opt=0.00427 v_mand=0.00000 ptv=0.2127 ptv_max=0.00003 ring=0.00005 smooth=0.0374 laplacian=0.1206 beam=0.55255 homogeneity=0.0187 body=0.00000 bowel=0.00000 femur=0.00241
2026-05-22 16:20:09 [INFO] Running validation at epoch 24...
2026-05-22 16:20:38 [INFO] Epoch 24 Summary: Train=20.4364 Val=0.0344 (MSE=0.0344)
          Metrics: PTV_D95=45.43Gy Bladder=27.07Gy Rectum=25.40Gy
          Metrics: Ring=44.20Gy Dmax=138.49Gy BG=42.17Gy
2026-05-22 16:20:38 [INFO] [PHYSICS] Saved best model val_loss=0.0344
2026-05-22 16:20:38 [INFO] Epoch 25/100 [RAMP 25/30 (83% of physics)] ramp=0.833 lr=8.66e-05
2026-05-22 16:20:44 [INFO] Step 5/54 Loss=21.1345 mse=0.2980 v_opt=0.03496 v_mand=0.00711 ptv=0.1221 ptv_max=0.00006 ring=0.00016 smooth=0.0471 laplacian=0.1638 beam=0.54495 homogeneity=0.0060 body=0.00000 bowel=0.00012 femur=0.01515
2026-05-22 16:20:48 [INFO] Step 10/54 Loss=20.8649 mse=0.1508 v_opt=0.12074 v_mand=0.05347 ptv=0.2371 ptv_max=0.00001 ring=0.00001 smooth=0.0244 laplacian=0.0776 beam=0.56494 homogeneity=0.0200 body=0.00000 bowel=0.00000 femur=0.02922
2026-05-22 16:20:50 [INFO] Step 15/54 Loss=20.5868 mse=0.2362 v_opt=0.06256 v_mand=0.00859 ptv=0.1796 ptv_max=0.00009 ring=0.00015 smooth=0.0381 laplacian=0.1255 beam=0.57023 homogeneity=0.0147 body=0.00000 bowel=0.00000 femur=0.00376
2026-05-22 16:20:53 [INFO] Step 20/54 Loss=16.7518 mse=0.1886 v_opt=0.00609 v_mand=0.00000 ptv=0.1429 ptv_max=0.00009 ring=0.00016 smooth=0.0391 laplacian=0.1316 beam=0.48422 homogeneity=0.0085 body=0.00000 bowel=0.00000 femur=0.00126
2026-05-22 16:20:59 [INFO] Step 25/54 Loss=21.0413 mse=0.3074 v_opt=0.01731 v_mand=0.00000 ptv=0.1136 ptv_max=0.00003 ring=0.00004 smooth=0.0448 laplacian=0.1626 beam=0.55443 homogeneity=0.0044 body=0.00000 bowel=0.00308 femur=0.00000
2026-05-22 16:21:02 [INFO] Step 30/54 Loss=21.9955 mse=0.2155 v_opt=0.00000 v_mand=0.00000 ptv=0.4279 ptv_max=0.00002 ring=0.00000 smooth=0.0420 laplacian=0.1298 beam=0.54779 homogeneity=0.0595 body=0.00000 bowel=0.00482 femur=0.00000
2026-05-22 16:21:05 [INFO] Step 35/54 Loss=20.6250 mse=0.2660 v_opt=0.00997 v_mand=0.00000 ptv=0.0992 ptv_max=0.00009 ring=0.00012 smooth=0.0477 laplacian=0.1559 beam=0.59199 homogeneity=0.0045 body=0.00000 bowel=0.00083 femur=0.00141
2026-05-22 16:21:08 [INFO] Step 40/54 Loss=20.1459 mse=0.2851 v_opt=0.04215 v_mand=0.00172 ptv=0.1114 ptv_max=0.00003 ring=0.00004 smooth=0.0445 laplacian=0.1574 beam=0.51980 homogeneity=0.0054 body=0.00000 bowel=0.02352 femur=0.00431
2026-05-22 16:21:13 [INFO] Step 45/54 Loss=19.2391 mse=0.2424 v_opt=0.00569 v_mand=0.00000 ptv=0.0982 ptv_max=0.00013 ring=0.00019 smooth=0.0378 laplacian=0.1297 beam=0.55744 homogeneity=0.0068 body=0.00000 bowel=0.00267 femur=0.00000
2026-05-22 16:21:16 [INFO] Step 50/54 Loss=23.6972 mse=0.4163 v_opt=0.03153 v_mand=0.00552 ptv=0.0373 ptv_max=0.00051 ring=0.00015 smooth=0.0408 laplacian=0.1438 beam=0.57342 homogeneity=0.0031 body=0.00000 bowel=0.00000 femur=0.00000
2026-05-22 16:21:18 [INFO] Step 54/54 Loss=20.4188 mse=0.2966 v_opt=0.02443 v_mand=0.00063 ptv=0.1417 ptv_max=0.00002 ring=0.00005 smooth=0.0415 laplacian=0.1423 beam=0.52616 homogeneity=0.0079 body=0.00000 bowel=0.00266 femur=0.00000
2026-05-22 16:21:18 [INFO] Running validation at epoch 25...
2026-05-22 16:21:47 [INFO] Epoch 25 Summary: Train=21.1426 Val=0.0332 (MSE=0.0332)
          Metrics: PTV_D95=47.93Gy Bladder=26.45Gy Rectum=29.63Gy
          Metrics: Ring=45.41Gy Dmax=135.28Gy BG=41.59Gy
2026-05-22 16:21:47 [INFO] [PHYSICS] Saved best model val_loss=0.0332
2026-05-22 16:21:47 [INFO] [CLINICAL] Saved best model Score=73.049 PTV_D95=47.93Gy Bladder=26.45Gy Rectum=29.63Gy
2026-05-22 16:21:47 [INFO] Epoch 26/100 [RAMP 26/30 (87% of physics)] ramp=0.867 lr=8.55e-05
2026-05-22 16:21:53 [INFO] Step 5/54 Loss=19.3710 mse=0.2114 v_opt=0.13668 v_mand=0.04752 ptv=0.0834 ptv_max=0.00006 ring=0.00014 smooth=0.0401 laplacian=0.1304 beam=0.47723 homogeneity=0.0041 body=0.00000 bowel=0.00300 femur=0.00101
2026-05-22 16:21:56 [INFO] Step 10/54 Loss=19.5336 mse=0.2182 v_opt=0.00000 v_mand=0.00000 ptv=0.2197 ptv_max=0.00008 ring=0.00011 smooth=0.0311 laplacian=0.0990 beam=0.52712 homogeneity=0.0165 body=0.00000 bowel=0.00000 femur=0.00000
2026-05-22 16:21:59 [INFO] Step 15/54 Loss=18.4837 mse=0.2452 v_opt=0.00604 v_mand=0.00000 ptv=0.1262 ptv_max=0.00003 ring=0.00002 smooth=0.0379 laplacian=0.1315 beam=0.48430 homogeneity=0.0072 body=0.00000 bowel=0.00160 femur=0.00040
2026-05-22 16:22:02 [INFO] Step 20/54 Loss=19.1085 mse=0.2375 v_opt=0.00000 v_mand=0.00000 ptv=0.0000 ptv_max=0.00000 ring=0.00000 smooth=0.0363 laplacian=0.1203 beam=0.55486 homogeneity=0.0000 body=0.00000 bowel=0.04587 femur=0.00000
2026-05-22 16:22:07 [INFO] Step 25/54 Loss=17.4923 mse=0.2041 v_opt=0.02882 v_mand=0.00046 ptv=0.1132 ptv_max=0.00005 ring=0.00004 smooth=0.0388 laplacian=0.1284 beam=0.48994 homogeneity=0.0059 body=0.00000 bowel=0.00000 femur=0.00266
2026-05-22 16:22:10 [INFO] Step 30/54 Loss=16.8618 mse=0.1783 v_opt=0.00991 v_mand=0.00000 ptv=0.1643 ptv_max=0.00003 ring=0.00001 smooth=0.0266 laplacian=0.0920 beam=0.44620 homogeneity=0.0101 body=0.00000 bowel=0.05185 femur=0.00236
2026-05-22 16:22:13 [INFO] Step 35/54 Loss=16.2736 mse=0.1275 v_opt=0.06033 v_mand=0.02121 ptv=0.0000 ptv_max=0.00000 ring=0.00000 smooth=0.0219 laplacian=0.0703 beam=0.54185 homogeneity=0.0000 body=0.00000 bowel=0.00000 femur=0.00000
2026-05-22 16:22:16 [INFO] Step 40/54 Loss=20.4035 mse=0.2810 v_opt=0.00116 v_mand=0.00000 ptv=0.0722 ptv_max=0.00003 ring=0.00001 smooth=0.0403 laplacian=0.1354 beam=0.55754 homogeneity=0.0025 body=0.00000 bowel=0.00000 femur=0.00000
2026-05-22 16:22:22 [INFO] Step 45/54 Loss=19.5007 mse=0.2359 v_opt=0.00137 v_mand=0.00000 ptv=0.1423 ptv_max=0.00004 ring=0.00003 smooth=0.0361 laplacian=0.1176 beam=0.53617 homogeneity=0.0108 body=0.00000 bowel=0.00000 femur=0.00196
2026-05-22 16:22:25 [INFO] Step 50/54 Loss=19.1116 mse=0.2272 v_opt=0.01166 v_mand=0.00004 ptv=0.1383 ptv_max=0.00015 ring=0.00015 smooth=0.0341 laplacian=0.1129 beam=0.52843 homogeneity=0.0128 body=0.00000 bowel=0.00000 femur=0.00000
2026-05-22 16:22:27 [INFO] Step 54/54 Loss=18.3241 mse=0.2415 v_opt=0.06214 v_mand=0.00629 ptv=0.1231 ptv_max=0.00008 ring=0.00004 smooth=0.0448 laplacian=0.1478 beam=0.41743 homogeneity=0.0105 body=0.00000 bowel=0.06963 femur=0.00188
2026-05-22 16:22:27 [INFO] Running validation at epoch 26...
2026-05-22 16:22:56 [INFO] Epoch 26 Summary: Train=19.6831 Val=0.0321 (MSE=0.0321)
          Metrics: PTV_D95=51.91Gy Bladder=29.06Gy Rectum=33.12Gy
          Metrics: Ring=47.86Gy Dmax=133.23Gy BG=40.93Gy
2026-05-22 16:22:56 [INFO] [PHYSICS] Saved best model val_loss=0.0321
2026-05-22 16:22:56 [INFO] [CLINICAL] Saved best model Score=64.589 PTV_D95=51.91Gy Bladder=29.06Gy Rectum=33.12Gy
2026-05-22 16:22:56 [INFO] Epoch 27/100 [RAMP 27/30 (90% of physics)] ramp=0.900 lr=8.44e-05
2026-05-22 16:23:01 [INFO] Step 5/54 Loss=18.7113 mse=0.1797 v_opt=0.05345 v_mand=0.01220 ptv=0.0905 ptv_max=0.00004 ring=0.00005 smooth=0.0293 laplacian=0.0971 beam=0.53723 homogeneity=0.0042 body=0.00000 bowel=0.00881 femur=0.00096
2026-05-22 16:23:04 [INFO] Step 10/54 Loss=19.0797 mse=0.2302 v_opt=0.03582 v_mand=0.00287 ptv=0.1016 ptv_max=0.00006 ring=0.00004 smooth=0.0376 laplacian=0.1219 beam=0.50700 homogeneity=0.0073 body=0.00000 bowel=0.00380 femur=0.00408
2026-05-22 16:23:07 [INFO] Step 15/54 Loss=19.6212 mse=0.2066 v_opt=0.02373 v_mand=0.00164 ptv=0.1419 ptv_max=0.00023 ring=0.00013 smooth=0.0346 laplacian=0.1107 beam=0.54500 homogeneity=0.0130 body=0.00000 bowel=0.00000 femur=0.00049
2026-05-22 16:23:10 [INFO] Step 20/54 Loss=16.7820 mse=0.2643 v_opt=0.00166 v_mand=0.00000 ptv=0.0885 ptv_max=0.00008 ring=0.00005 smooth=0.0412 laplacian=0.1399 beam=0.38196 homogeneity=0.0046 body=0.00000 bowel=0.00142 femur=0.00020
2026-05-22 16:23:15 [INFO] Step 25/54 Loss=18.0614 mse=0.1927 v_opt=0.01625 v_mand=0.00001 ptv=0.1127 ptv_max=0.00012 ring=0.00010 smooth=0.0295 laplacian=0.0980 beam=0.51516 homogeneity=0.0062 body=0.00000 bowel=0.00050 femur=0.00044
2026-05-22 16:23:19 [INFO] Step 30/54 Loss=14.1868 mse=0.1906 v_opt=0.00610 v_mand=0.00000 ptv=0.1255 ptv_max=0.00011 ring=0.00013 smooth=0.0361 laplacian=0.1190 beam=0.33501 homogeneity=0.0080 body=0.00000 bowel=0.00113 femur=0.00000
2026-05-22 16:23:22 [INFO] Step 35/54 Loss=18.4836 mse=0.2771 v_opt=0.03281 v_mand=0.00545 ptv=0.0878 ptv_max=0.00003 ring=0.00005 smooth=0.0378 laplacian=0.1300 beam=0.42637 homogeneity=0.0034 body=0.00000 bowel=0.01040 femur=0.00475
2026-05-22 16:23:25 [INFO] Step 40/54 Loss=22.3448 mse=0.2253 v_opt=0.00572 v_mand=0.00000 ptv=0.1084 ptv_max=0.00006 ring=0.00011 smooth=0.0444 laplacian=0.1470 beam=0.65680 homogeneity=0.0064 body=0.00000 bowel=0.00881 femur=0.00016
2026-05-22 16:23:28 [INFO] Step 45/54 Loss=19.6799 mse=0.2607 v_opt=0.01571 v_mand=0.00045 ptv=0.0914 ptv_max=0.00009 ring=0.00003 smooth=0.0346 laplacian=0.1152 beam=0.51365 homogeneity=0.0053 body=0.00000 bowel=0.00454 femur=0.00186
2026-05-22 16:23:33 [INFO] Step 50/54 Loss=21.9379 mse=0.3681 v_opt=0.00445 v_mand=0.00000 ptv=0.1090 ptv_max=0.00003 ring=0.00006 smooth=0.0376 laplacian=0.1309 beam=0.48966 homogeneity=0.0043 body=0.00000 bowel=0.00000 femur=0.00271
2026-05-22 16:23:35 [INFO] Step 54/54 Loss=22.1504 mse=0.2708 v_opt=0.13430 v_mand=0.04591 ptv=0.0641 ptv_max=0.00030 ring=0.00001 smooth=0.0313 laplacian=0.1045 beam=0.52725 homogeneity=0.0052 body=0.00000 bowel=0.00000 femur=0.00000
2026-05-22 16:23:35 [INFO] Running validation at epoch 27...
2026-05-22 16:24:04 [INFO] Epoch 27 Summary: Train=19.8799 Val=0.0320 (MSE=0.0320)
          Metrics: PTV_D95=51.00Gy Bladder=27.15Gy Rectum=31.77Gy
          Metrics: Ring=47.31Gy Dmax=129.97Gy BG=40.91Gy
2026-05-22 16:24:04 [INFO] [PHYSICS] Saved best model val_loss=0.0320
2026-05-22 16:24:04 [INFO] Epoch 28/100 [RAMP 28/30 (93% of physics)] ramp=0.933 lr=8.32e-05
2026-05-22 16:24:10 [INFO] Step 5/54 Loss=20.5828 mse=0.2848 v_opt=0.01753 v_mand=0.00000 ptv=0.1103 ptv_max=0.00001 ring=0.00002 smooth=0.0376 laplacian=0.1215 beam=0.49535 homogeneity=0.0050 body=0.00000 bowel=0.00924 femur=0.00177
2026-05-22 16:24:13 [INFO] Step 10/54 Loss=17.8278 mse=0.2299 v_opt=0.00437 v_mand=0.00000 ptv=0.1149 ptv_max=0.00005 ring=0.00011 smooth=0.0356 laplacian=0.1146 beam=0.44064 homogeneity=0.0075 body=0.00000 bowel=0.00000 femur=0.00000
2026-05-22 16:24:16 [INFO] Step 15/54 Loss=20.2325 mse=0.2632 v_opt=0.04023 v_mand=0.00873 ptv=0.1131 ptv_max=0.00008 ring=0.00003 smooth=0.0350 laplacian=0.1192 beam=0.48692 homogeneity=0.0048 body=0.00000 bowel=0.00028 femur=0.00632
2026-05-22 16:24:19 [INFO] Step 20/54 Loss=17.2144 mse=0.2127 v_opt=0.04885 v_mand=0.01177 ptv=0.1210 ptv_max=0.00174 ring=0.00127 smooth=0.0344 laplacian=0.1145 beam=0.39206 homogeneity=0.0079 body=0.00000 bowel=0.00000 femur=0.00056
2026-05-22 16:24:25 [INFO] Step 25/54 Loss=18.5957 mse=0.2620 v_opt=0.00959 v_mand=0.00006 ptv=0.0735 ptv_max=0.00015 ring=0.00005 smooth=0.0378 laplacian=0.1284 beam=0.45146 homogeneity=0.0036 body=0.00000 bowel=0.00128 femur=0.00687
2026-05-22 16:24:28 [INFO] Step 30/54 Loss=19.1693 mse=0.2508 v_opt=0.00014 v_mand=0.00000 ptv=0.1097 ptv_max=0.00002 ring=0.00003 smooth=0.0317 laplacian=0.1076 beam=0.48185 homogeneity=0.0047 body=0.00000 bowel=0.00071 femur=0.00000
2026-05-22 16:24:31 [INFO] Step 35/54 Loss=24.5336 mse=0.3948 v_opt=0.01711 v_mand=0.00038 ptv=0.0103 ptv_max=0.00555 ring=0.00016 smooth=0.0465 laplacian=0.1533 beam=0.54516 homogeneity=0.0139 body=0.00000 bowel=0.00000 femur=0.00000
2026-05-22 16:24:34 [INFO] Step 40/54 Loss=17.3184 mse=0.1968 v_opt=0.03017 v_mand=0.00160 ptv=0.0627 ptv_max=0.00027 ring=0.00000 smooth=0.0331 laplacian=0.1052 beam=0.47402 homogeneity=0.0034 body=0.00000 bowel=0.00000 femur=0.00000
2026-05-22 16:24:39 [INFO] Step 45/54 Loss=21.7805 mse=0.2576 v_opt=0.13163 v_mand=0.03862 ptv=0.0336 ptv_max=0.00074 ring=0.00001 smooth=0.0279 laplacian=0.0940 beam=0.52866 homogeneity=0.0040 body=0.00000 bowel=0.00000 femur=0.00000
2026-05-22 16:24:42 [INFO] Step 50/54 Loss=20.3370 mse=0.2765 v_opt=0.00039 v_mand=0.00000 ptv=0.1064 ptv_max=0.00003 ring=0.00012 smooth=0.0360 laplacian=0.1216 beam=0.50275 homogeneity=0.0049 body=0.00000 bowel=0.00000 femur=0.00000
2026-05-22 16:24:44 [INFO] Step 54/54 Loss=20.4635 mse=0.1803 v_opt=0.00036 v_mand=0.00000 ptv=0.0981 ptv_max=0.00002 ring=0.00002 smooth=0.0304 laplacian=0.0980 beam=0.62009 homogeneity=0.0043 body=0.00000 bowel=0.00000 femur=0.00000
2026-05-22 16:24:44 [INFO] Running validation at epoch 28...
2026-05-22 16:25:13 [INFO] Epoch 28 Summary: Train=19.2689 Val=0.0298 (MSE=0.0298)
          Metrics: PTV_D95=50.91Gy Bladder=27.05Gy Rectum=27.80Gy
          Metrics: Ring=46.34Gy Dmax=127.64Gy BG=39.59Gy
2026-05-22 16:25:13 [INFO] [PHYSICS] Saved best model val_loss=0.0298
2026-05-22 16:25:13 [INFO] [CLINICAL] Saved best model Score=62.272 PTV_D95=50.91Gy Bladder=27.05Gy Rectum=27.80Gy
2026-05-22 16:25:13 [INFO] Epoch 29/100 [RAMP 29/30 (97% of physics)] ramp=0.967 lr=8.21e-05
2026-05-22 16:25:18 [INFO] Step 5/54 Loss=26.2146 mse=0.2320 v_opt=0.22126 v_mand=0.12381 ptv=0.1535 ptv_max=0.00001 ring=0.00004 smooth=0.0290 laplacian=0.0995 beam=0.47385 homogeneity=0.0085 body=0.00000 bowel=0.01719 femur=0.01484
2026-05-22 16:25:22 [INFO] Step 10/54 Loss=19.2433 mse=0.2519 v_opt=0.03760 v_mand=0.00606 ptv=0.0818 ptv_max=0.00003 ring=0.00006 smooth=0.0366 laplacian=0.1200 beam=0.45735 homogeneity=0.0035 body=0.00000 bowel=0.00000 femur=0.00498
2026-05-22 16:25:25 [INFO] Step 15/54 Loss=22.0995 mse=0.3214 v_opt=0.00206 v_mand=0.00016 ptv=0.0257 ptv_max=0.00164 ring=0.00000 smooth=0.0360 laplacian=0.1172 beam=0.53119 homogeneity=0.0066 body=0.00000 bowel=0.00000 femur=0.00000
2026-05-22 16:25:28 [INFO] Step 20/54 Loss=19.9974 mse=0.2877 v_opt=0.00810 v_mand=0.00000 ptv=0.0985 ptv_max=0.00002 ring=0.00007 smooth=0.0315 laplacian=0.1061 beam=0.46288 homogeneity=0.0047 body=0.00000 bowel=0.00009 femur=0.00130
2026-05-22 16:25:32 [INFO] Step 25/54 Loss=16.4329 mse=0.2381 v_opt=0.03107 v_mand=0.00300 ptv=0.0822 ptv_max=0.00009 ring=0.00004 smooth=0.0312 laplacian=0.1035 beam=0.36426 homogeneity=0.0039 body=0.00000 bowel=0.00406 femur=0.00000
2026-05-22 16:25:35 [INFO] Step 30/54 Loss=20.1240 mse=0.2842 v_opt=0.01313 v_mand=0.00021 ptv=0.1091 ptv_max=0.00009 ring=0.00005 smooth=0.0385 laplacian=0.1346 beam=0.45968 homogeneity=0.0057 body=0.00000 bowel=0.00066 femur=0.00000
2026-05-22 16:25:39 [INFO] Step 35/54 Loss=20.9431 mse=0.2709 v_opt=0.00030 v_mand=0.00000 ptv=0.0865 ptv_max=0.00012 ring=0.00007 smooth=0.0321 laplacian=0.1105 beam=0.51200 homogeneity=0.0046 body=0.00000 bowel=0.00156 femur=0.02761
2026-05-22 16:25:42 [INFO] Step 40/54 Loss=17.6952 mse=0.2019 v_opt=0.03766 v_mand=0.00323 ptv=0.0745 ptv_max=0.00006 ring=0.00001 smooth=0.0280 laplacian=0.0917 beam=0.45031 homogeneity=0.0041 body=0.00000 bowel=0.01255 femur=0.00786
2026-05-22 16:25:45 [INFO] Step 45/54 Loss=23.8753 mse=0.3850 v_opt=0.03480 v_mand=0.00410 ptv=0.0166 ptv_max=0.00242 ring=0.00014 smooth=0.0333 laplacian=0.1140 beam=0.52707 homogeneity=0.0078 body=0.00000 bowel=0.00000 femur=0.00000
2026-05-22 16:25:48 [INFO] Step 50/54 Loss=18.3490 mse=0.2562 v_opt=0.00025 v_mand=0.00000 ptv=0.0659 ptv_max=0.00005 ring=0.00009 smooth=0.0354 laplacian=0.1160 beam=0.43886 homogeneity=0.0025 body=0.00000 bowel=0.00056 femur=0.00444
2026-05-22 16:25:51 [INFO] Step 54/54 Loss=18.9346 mse=0.2186 v_opt=0.00157 v_mand=0.00000 ptv=0.0824 ptv_max=0.00001 ring=0.00010 smooth=0.0397 laplacian=0.1244 beam=0.49623 homogeneity=0.0018 body=0.00000 bowel=0.00014 femur=0.00000
2026-05-22 16:25:51 [INFO] Running validation at epoch 29...
2026-05-22 16:26:21 [INFO] Epoch 29 Summary: Train=19.0093 Val=0.0295 (MSE=0.0295)
          Metrics: PTV_D95=52.44Gy Bladder=25.96Gy Rectum=29.16Gy
          Metrics: Ring=47.08Gy Dmax=129.20Gy BG=39.23Gy
2026-05-22 16:26:21 [INFO] [PHYSICS] Saved best model val_loss=0.0295
2026-05-22 16:26:21 [INFO] [CLINICAL] Saved best model Score=59.052 PTV_D95=52.44Gy Bladder=25.96Gy Rectum=29.16Gy
2026-05-22 16:26:21 [INFO] Epoch 30/100 [RAMP 30/30 (100% of physics)] ramp=1.000 lr=8.08e-05
2026-05-22 16:26:27 [INFO] Step 5/54 Loss=16.2156 mse=0.2220 v_opt=0.00096 v_mand=0.00000 ptv=0.0863 ptv_max=0.00003 ring=0.00002 smooth=0.0297 laplacian=0.0990 beam=0.35225 homogeneity=0.0034 body=0.00000 bowel=0.02642 femur=0.00002
2026-05-22 16:26:30 [INFO] Step 10/54 Loss=20.7323 mse=0.2950 v_opt=0.05245 v_mand=0.00762 ptv=0.0610 ptv_max=0.00008 ring=0.00004 smooth=0.0372 laplacian=0.1262 beam=0.45760 homogeneity=0.0025 body=0.00000 bowel=0.00579 femur=0.00053
2026-05-22 16:26:33 [INFO] Step 15/54 Loss=21.4879 mse=0.2213 v_opt=0.19980 v_mand=0.07954 ptv=0.0935 ptv_max=0.00003 ring=0.00010 smooth=0.0349 laplacian=0.1125 beam=0.39768 homogeneity=0.0035 body=0.00000 bowel=0.00186 femur=0.00009
2026-05-22 16:26:36 [INFO] Step 20/54 Loss=19.4231 mse=0.3196 v_opt=0.00696 v_mand=0.00000 ptv=0.0933 ptv_max=0.00018 ring=0.00047 smooth=0.0338 laplacian=0.1117 beam=0.39108 homogeneity=0.0041 body=0.00000 bowel=0.00000 femur=0.00000
2026-05-22 16:26:40 [INFO] Step 25/54 Loss=15.7368 mse=0.2076 v_opt=0.02719 v_mand=0.00243 ptv=0.1033 ptv_max=0.00002 ring=0.00005 smooth=0.0288 laplacian=0.0934 beam=0.33062 homogeneity=0.0048 body=0.00000 bowel=0.03124 femur=0.00089
2026-05-22 16:26:44 [INFO] Step 30/54 Loss=19.9797 mse=0.2248 v_opt=0.00045 v_mand=0.00000 ptv=0.0859 ptv_max=0.00016 ring=0.00005 smooth=0.0332 laplacian=0.1081 beam=0.51105 homogeneity=0.0057 body=0.00000 bowel=0.00000 femur=0.00116
2026-05-22 16:26:47 [INFO] Step 35/54 Loss=19.2461 mse=0.2358 v_opt=0.09306 v_mand=0.03604 ptv=0.0827 ptv_max=0.00040 ring=0.00018 smooth=0.0315 laplacian=0.0981 beam=0.38829 homogeneity=0.0068 body=0.00000 bowel=0.00000 femur=0.01102
2026-05-22 16:26:50 [INFO] Step 40/54 Loss=18.9540 mse=0.2323 v_opt=0.01353 v_mand=0.00021 ptv=0.0853 ptv_max=0.00018 ring=0.00016 smooth=0.0343 laplacian=0.1143 beam=0.45993 homogeneity=0.0047 body=0.00000 bowel=0.00177 femur=0.00010
2026-05-22 16:26:54 [INFO] Step 45/54 Loss=20.4484 mse=0.2473 v_opt=0.06386 v_mand=0.01228 ptv=0.0750 ptv_max=0.00069 ring=0.00002 smooth=0.0283 laplacian=0.0925 beam=0.47954 homogeneity=0.0095 body=0.00000 bowel=0.00000 femur=0.00000
2026-05-22 16:26:58 [INFO] Step 50/54 Loss=14.2485 mse=0.1840 v_opt=0.00169 v_mand=0.00000 ptv=0.1054 ptv_max=0.00004 ring=0.00001 smooth=0.0260 laplacian=0.0859 beam=0.32088 homogeneity=0.0051 body=0.00000 bowel=0.00040 femur=0.00001
2026-05-22 16:27:01 [INFO] Step 54/54 Loss=73.2008 mse=0.2482 v_opt=1.31286 v_mand=0.92086 ptv=0.3404 ptv_max=0.00000 ring=0.00010 smooth=0.0312 laplacian=0.1018 beam=0.52528 homogeneity=0.0349 body=0.00000 bowel=0.03240 femur=0.00641
2026-05-22 16:27:01 [INFO] Running validation at epoch 30...
2026-05-22 16:27:31 [INFO] Epoch 30 Summary: Train=20.6511 Val=0.0278 (MSE=0.0278)
          Metrics: PTV_D95=49.59Gy Bladder=23.67Gy Rectum=27.24Gy
          Metrics: Ring=44.57Gy Dmax=126.56Gy BG=38.33Gy
2026-05-22 16:27:31 [INFO] [PHYSICS] Saved best model val_loss=0.0278
2026-05-22 16:27:31 [INFO] Epoch 31/100 [FULL PHYSICS] ramp=1.000 lr=7.96e-05
2026-05-22 16:27:37 [INFO] Step 5/54 Loss=21.8514 mse=0.2200 v_opt=0.10383 v_mand=0.03703 ptv=0.1284 ptv_max=0.00007 ring=0.00002 smooth=0.0341 laplacian=0.1080 beam=0.49119 homogeneity=0.0067 body=0.00000 bowel=0.00000 femur=0.00097
2026-05-22 16:27:40 [INFO] Step 10/54 Loss=21.8045 mse=0.2185 v_opt=0.04627 v_mand=0.01042 ptv=0.1028 ptv_max=0.00004 ring=0.00003 smooth=0.0393 laplacian=0.1234 beam=0.54994 homogeneity=0.0052 body=0.00000 bowel=0.01238 femur=0.00000
2026-05-22 16:27:43 [INFO] Step 15/54 Loss=20.4696 mse=0.2477 v_opt=0.04598 v_mand=0.00915 ptv=0.0298 ptv_max=0.00046 ring=0.00005 smooth=0.0273 laplacian=0.0932 beam=0.51188 homogeneity=0.0035 body=0.00000 bowel=0.00000 femur=0.00000
2026-05-22 16:27:46 [INFO] Step 20/54 Loss=17.2667 mse=0.2185 v_opt=0.00358 v_mand=0.00000 ptv=0.1054 ptv_max=0.00002 ring=0.00005 smooth=0.0283 laplacian=0.0953 beam=0.40467 homogeneity=0.0048 body=0.00000 bowel=0.00105 femur=0.00082
2026-05-22 16:27:51 [INFO] Step 25/54 Loss=19.0014 mse=0.2194 v_opt=0.03510 v_mand=0.00300 ptv=0.0516 ptv_max=0.00016 ring=0.00015 smooth=0.0276 laplacian=0.0868 beam=0.48491 homogeneity=0.0037 body=0.00000 bowel=0.00498 femur=0.00203
2026-05-22 16:27:54 [INFO] Step 30/54 Loss=15.0845 mse=0.2145 v_opt=0.07859 v_mand=0.01501 ptv=0.0435 ptv_max=0.00077 ring=0.00042 smooth=0.0301 laplacian=0.0961 beam=0.30481 homogeneity=0.0046 body=0.00000 bowel=0.00019 femur=0.00304
2026-05-22 16:27:57 [INFO] Step 35/54 Loss=17.2553 mse=0.1872 v_opt=0.01274 v_mand=0.00074 ptv=0.0299 ptv_max=0.00051 ring=0.00000 smooth=0.0249 laplacian=0.0771 beam=0.46598 homogeneity=0.0039 body=0.00000 bowel=0.00000 femur=0.00000
2026-05-22 16:28:00 [INFO] Step 40/54 Loss=13.8732 mse=0.2111 v_opt=0.00449 v_mand=0.00000 ptv=0.0760 ptv_max=0.00005 ring=0.00004 smooth=0.0298 laplacian=0.0981 beam=0.28945 homogeneity=0.0031 body=0.00000 bowel=0.00000 femur=0.00000
2026-05-22 16:28:05 [INFO] Step 45/54 Loss=14.2037 mse=0.1841 v_opt=0.05395 v_mand=0.01239 ptv=0.0752 ptv_max=0.00008 ring=0.00005 smooth=0.0278 laplacian=0.0912 beam=0.29818 homogeneity=0.0035 body=0.00000 bowel=0.00532 femur=0.00220
2026-05-22 16:28:08 [INFO] Step 50/54 Loss=14.1918 mse=0.2090 v_opt=0.02606 v_mand=0.00021 ptv=0.1085 ptv_max=0.00002 ring=0.00001 smooth=0.0316 laplacian=0.0981 beam=0.28254 homogeneity=0.0086 body=0.00000 bowel=0.00365 femur=0.00025
2026-05-22 16:28:10 [INFO] Step 54/54 Loss=18.9709 mse=0.2015 v_opt=0.01471 v_mand=0.00000 ptv=0.0843 ptv_max=0.00002 ring=0.00006 smooth=0.0255 laplacian=0.0829 beam=0.50202 homogeneity=0.0033 body=0.00000 bowel=0.00000 femur=0.00000
2026-05-22 16:28:10 [INFO] Running validation at epoch 31...
2026-05-22 16:28:40 [INFO] Epoch 31 Summary: Train=18.3512 Val=0.0274 (MSE=0.0274)
          Metrics: PTV_D95=51.69Gy Bladder=27.02Gy Rectum=29.29Gy
          Metrics: Ring=46.34Gy Dmax=126.51Gy BG=38.08Gy
2026-05-22 16:28:40 [INFO] [PHYSICS] Saved best model val_loss=0.0274
2026-05-22 16:28:40 [INFO] Epoch 32/100 [FULL PHYSICS] ramp=1.000 lr=7.83e-05
2026-05-22 16:28:46 [INFO] Step 5/54 Loss=17.5144 mse=0.2922 v_opt=0.01591 v_mand=0.00000 ptv=0.0474 ptv_max=0.00017 ring=0.00002 smooth=0.0295 laplacian=0.0993 beam=0.36052 homogeneity=0.0030 body=0.00000 bowel=0.00287 femur=0.00363
2026-05-22 16:28:50 [INFO] Step 10/54 Loss=17.4285 mse=0.1770 v_opt=0.00000 v_mand=0.00000 ptv=0.0543 ptv_max=0.00012 ring=0.00003 smooth=0.0263 laplacian=0.0866 beam=0.47678 homogeneity=0.0028 body=0.00000 bowel=0.00000 femur=0.00068
2026-05-22 16:28:53 [INFO] Step 15/54 Loss=16.0185 mse=0.2136 v_opt=0.00096 v_mand=0.00000 ptv=0.1023 ptv_max=0.00003 ring=0.00012 smooth=0.0343 laplacian=0.1077 beam=0.35645 homogeneity=0.0053 body=0.00000 bowel=0.00377 femur=0.00000
2026-05-22 16:28:56 [INFO] Step 20/54 Loss=20.6962 mse=0.2963 v_opt=0.00197 v_mand=0.00000 ptv=0.0830 ptv_max=0.00005 ring=0.00007 smooth=0.0347 laplacian=0.1150 beam=0.46961 homogeneity=0.0037 body=0.00000 bowel=0.00000 femur=0.00238
2026-05-22 16:29:01 [INFO] Step 25/54 Loss=12.2445 mse=0.1797 v_opt=0.02182 v_mand=0.00123 ptv=0.0916 ptv_max=0.00008 ring=0.00021 smooth=0.0269 laplacian=0.0854 beam=0.24205 homogeneity=0.0047 body=0.00000 bowel=0.00783 femur=0.00000
2026-05-22 16:29:04 [INFO] Step 30/54 Loss=18.9802 mse=0.2676 v_opt=0.00297 v_mand=0.00000 ptv=0.0500 ptv_max=0.00022 ring=0.00005 smooth=0.0311 laplacian=0.1011 beam=0.44529 homogeneity=0.0034 body=0.00000 bowel=0.00000 femur=0.00131
2026-05-22 16:29:07 [INFO] Step 35/54 Loss=15.5643 mse=0.2555 v_opt=0.01511 v_mand=0.00032 ptv=0.0477 ptv_max=0.00016 ring=0.00006 smooth=0.0333 laplacian=0.1038 beam=0.31957 homogeneity=0.0032 body=0.00000 bowel=0.00152 femur=0.00002
2026-05-22 16:29:10 [INFO] Step 40/54 Loss=15.6805 mse=0.2240 v_opt=0.00000 v_mand=0.00000 ptv=0.0609 ptv_max=0.00017 ring=0.00007 smooth=0.0277 laplacian=0.0924 beam=0.35272 homogeneity=0.0033 body=0.00000 bowel=0.00484 femur=0.00001
2026-05-22 16:29:14 [INFO] Step 45/54 Loss=17.9772 mse=0.2561 v_opt=0.00000 v_mand=0.00000 ptv=0.0647 ptv_max=0.00012 ring=0.00002 smooth=0.0319 laplacian=0.1038 beam=0.40821 homogeneity=0.0040 body=0.00000 bowel=0.00000 femur=0.00731
2026-05-22 16:29:18 [INFO] Step 50/54 Loss=18.9655 mse=0.2067 v_opt=0.01243 v_mand=0.00140 ptv=0.0352 ptv_max=0.00054 ring=0.00003 smooth=0.0299 laplacian=0.0938 beam=0.50629 homogeneity=0.0045 body=0.00000 bowel=0.00000 femur=0.00239
2026-05-22 16:29:20 [INFO] Step 54/54 Loss=45.0198 mse=0.1316 v_opt=0.70777 v_mand=0.52191 ptv=0.1575 ptv_max=0.00019 ring=0.00012 smooth=0.0257 laplacian=0.0788 beam=0.48044 homogeneity=0.0092 body=0.00000 bowel=0.00000 femur=0.00000
2026-05-22 16:29:20 [INFO] Running validation at epoch 32...
2026-05-22 16:29:50 [INFO] Epoch 32 Summary: Train=18.6026 Val=0.0263 (MSE=0.0263)
          Metrics: PTV_D95=53.23Gy Bladder=29.08Gy Rectum=29.84Gy
          Metrics: Ring=47.73Gy Dmax=129.50Gy BG=37.37Gy
2026-05-22 16:29:50 [INFO] [PHYSICS] Saved best model val_loss=0.0263
2026-05-22 16:29:50 [INFO] [CLINICAL] Saved best model Score=57.338 PTV_D95=53.23Gy Bladder=29.08Gy Rectum=29.84Gy
2026-05-22 16:29:50 [INFO] Epoch 33/100 [FULL PHYSICS] ramp=1.000 lr=7.70e-05
2026-05-22 16:29:56 [INFO] Step 5/54 Loss=20.7822 mse=0.2781 v_opt=0.00838 v_mand=0.00000 ptv=0.0229 ptv_max=0.00106 ring=0.00002 smooth=0.0393 laplacian=0.1279 beam=0.50541 homogeneity=0.0055 body=0.00000 bowel=0.00000 femur=0.00000
2026-05-22 16:30:00 [INFO] Step 10/54 Loss=15.7919 mse=0.2328 v_opt=0.01054 v_mand=0.00000 ptv=0.1158 ptv_max=0.00002 ring=0.00002 smooth=0.0256 laplacian=0.0820 beam=0.30191 homogeneity=0.0062 body=0.00000 bowel=0.04493 femur=0.00090
2026-05-22 16:30:02 [INFO] Step 15/54 Loss=14.1780 mse=0.2600 v_opt=0.00046 v_mand=0.00000 ptv=0.0402 ptv_max=0.00024 ring=0.00008 smooth=0.0327 laplacian=0.1108 beam=0.26194 homogeneity=0.0032 body=0.00000 bowel=0.00255 femur=0.00000
2026-05-22 16:30:05 [INFO] Step 20/54 Loss=14.9293 mse=0.2675 v_opt=0.05555 v_mand=0.00859 ptv=0.0374 ptv_max=0.00023 ring=0.00008 smooth=0.0275 laplacian=0.0914 beam=0.26810 homogeneity=0.0031 body=0.00000 bowel=0.00249 femur=0.00054
2026-05-22 16:30:10 [INFO] Step 25/54 Loss=18.2334 mse=0.2260 v_opt=0.00207 v_mand=0.00000 ptv=0.0671 ptv_max=0.00010 ring=0.00008 smooth=0.0343 laplacian=0.1113 beam=0.44899 homogeneity=0.0036 body=0.00000 bowel=0.00000 femur=0.00058
2026-05-22 16:30:13 [INFO] Step 30/54 Loss=16.4604 mse=0.2234 v_opt=0.01611 v_mand=0.00070 ptv=0.0766 ptv_max=0.00005 ring=0.00011 smooth=0.0276 laplacian=0.0892 beam=0.36468 homogeneity=0.0035 body=0.00000 bowel=0.02349 femur=0.00200
2026-05-22 16:30:16 [INFO] Step 35/54 Loss=20.1661 mse=0.4144 v_opt=0.01505 v_mand=0.00056 ptv=0.0273 ptv_max=0.00082 ring=0.00002 smooth=0.0334 laplacian=0.1107 beam=0.34685 homogeneity=0.0046 body=0.00000 bowel=0.00000 femur=0.00000
2026-05-22 16:30:19 [INFO] Step 40/54 Loss=8.7402 mse=0.1502 v_opt=0.03092 v_mand=0.00194 ptv=0.0672 ptv_max=0.00014 ring=0.00014 smooth=0.0294 laplacian=0.0962 beam=0.14158 homogeneity=0.0033 body=0.00000 bowel=0.00110 femur=0.00000
2026-05-22 16:30:24 [INFO] Step 45/54 Loss=18.2105 mse=0.2661 v_opt=0.01623 v_mand=0.00036 ptv=0.0612 ptv_max=0.00012 ring=0.00002 smooth=0.0274 laplacian=0.0917 beam=0.38662 homogeneity=0.0031 body=0.00000 bowel=0.03829 femur=0.00910
2026-05-22 16:30:27 [INFO] Step 50/54 Loss=10.7489 mse=0.1245 v_opt=0.01169 v_mand=0.00237 ptv=0.1266 ptv_max=0.00002 ring=0.00002 smooth=0.0278 laplacian=0.0817 beam=0.21747 homogeneity=0.0114 body=0.00000 bowel=0.00833 femur=0.00000
2026-05-22 16:30:30 [INFO] Step 54/54 Loss=19.2242 mse=0.2717 v_opt=0.00000 v_mand=0.00000 ptv=0.0712 ptv_max=0.00003 ring=0.00005 smooth=0.0298 laplacian=0.0967 beam=0.44371 homogeneity=0.0036 body=0.00000 bowel=0.00246 femur=0.00000
2026-05-22 16:30:30 [INFO] Running validation at epoch 33...
2026-05-22 16:30:59 [INFO] Epoch 33 Summary: Train=17.4365 Val=0.0257 (MSE=0.0257)
          Metrics: PTV_D95=51.58Gy Bladder=25.36Gy Rectum=28.95Gy
          Metrics: Ring=45.89Gy Dmax=132.22Gy BG=36.86Gy
2026-05-22 16:30:59 [INFO] [PHYSICS] Saved best model val_loss=0.0257
2026-05-22 16:30:59 [INFO] Epoch 34/100 [FULL PHYSICS] ramp=1.000 lr=7.57e-05
2026-05-22 16:31:06 [INFO] Step 5/54 Loss=14.7098 mse=0.1220 v_opt=0.02390 v_mand=0.00255 ptv=0.0462 ptv_max=0.00017 ring=0.00005 smooth=0.0259 laplacian=0.0786 beam=0.42049 homogeneity=0.0033 body=0.00000 bowel=0.00000 femur=0.00000
2026-05-22 16:31:09 [INFO] Step 10/54 Loss=17.7266 mse=0.2455 v_opt=0.00484 v_mand=0.00000 ptv=0.0636 ptv_max=0.00007 ring=0.00004 smooth=0.0294 laplacian=0.0980 beam=0.41023 homogeneity=0.0023 body=0.00000 bowel=0.00743 femur=0.00000
2026-05-22 16:31:12 [INFO] Step 15/54 Loss=16.5331 mse=0.2388 v_opt=0.02633 v_mand=0.00028 ptv=0.0745 ptv_max=0.00002 ring=0.00004 smooth=0.0270 laplacian=0.0881 beam=0.36896 homogeneity=0.0027 body=0.00000 bowel=0.00010 femur=0.00004
2026-05-22 16:31:15 [INFO] Step 20/54 Loss=17.8488 mse=0.2208 v_opt=0.00015 v_mand=0.00000 ptv=0.0619 ptv_max=0.00025 ring=0.00004 smooth=0.0295 laplacian=0.0946 beam=0.44302 homogeneity=0.0046 body=0.00000 bowel=0.00000 femur=0.00000
2026-05-22 16:31:21 [INFO] Step 25/54 Loss=17.0899 mse=0.2020 v_opt=0.01555 v_mand=0.00023 ptv=0.0751 ptv_max=0.00001 ring=0.00002 smooth=0.0227 laplacian=0.0720 beam=0.42686 homogeneity=0.0024 body=0.00000 bowel=0.00917 femur=0.00026
2026-05-22 16:31:24 [INFO] Step 30/54 Loss=21.3762 mse=0.2073 v_opt=0.11261 v_mand=0.03603 ptv=0.0543 ptv_max=0.00018 ring=0.00003 smooth=0.0340 laplacian=0.1069 beam=0.51765 homogeneity=0.0040 body=0.00000 bowel=0.00043 femur=0.00000
2026-05-22 16:31:26 [INFO] Step 35/54 Loss=18.6597 mse=0.2729 v_opt=0.00036 v_mand=0.00000 ptv=0.0472 ptv_max=0.00044 ring=0.00001 smooth=0.0286 laplacian=0.0949 beam=0.42821 homogeneity=0.0042 body=0.00000 bowel=0.00000 femur=0.00068
2026-05-22 16:31:29 [INFO] Step 40/54 Loss=20.8976 mse=0.2483 v_opt=0.00000 v_mand=0.00000 ptv=0.0871 ptv_max=0.00003 ring=0.00003 smooth=0.0344 laplacian=0.1055 beam=0.52588 homogeneity=0.0052 body=0.00000 bowel=0.00000 femur=0.00000
2026-05-22 16:31:35 [INFO] Step 45/54 Loss=20.4145 mse=0.2261 v_opt=0.00006 v_mand=0.00000 ptv=0.1430 ptv_max=0.00002 ring=0.00007 smooth=0.0430 laplacian=0.1264 beam=0.49939 homogeneity=0.0084 body=0.00000 bowel=0.00000 femur=0.00000
2026-05-22 16:31:37 [INFO] Step 50/54 Loss=11.8016 mse=0.1670 v_opt=0.01163 v_mand=0.00000 ptv=0.0527 ptv_max=0.00036 ring=0.00005 smooth=0.0282 laplacian=0.0891 beam=0.25766 homogeneity=0.0053 body=0.00000 bowel=0.00000 femur=0.00000
2026-05-22 16:31:40 [INFO] Step 54/54 Loss=12.1754 mse=0.1466 v_opt=0.00477 v_mand=0.00005 ptv=0.0945 ptv_max=0.00013 ring=0.00003 smooth=0.0295 laplacian=0.0892 beam=0.27414 homogeneity=0.0102 body=0.00000 bowel=0.00000 femur=0.00000
2026-05-22 16:31:40 [INFO] Running validation at epoch 34...
2026-05-22 16:32:09 [INFO] Epoch 34 Summary: Train=17.4302 Val=0.0257 (MSE=0.0257)
          Metrics: PTV_D95=54.91Gy Bladder=29.01Gy Rectum=31.28Gy
          Metrics: Ring=48.95Gy Dmax=129.15Gy BG=37.08Gy
2026-05-22 16:32:09 [INFO] [CLINICAL] Saved best model Score=53.753 PTV_D95=54.91Gy Bladder=29.01Gy Rectum=31.28Gy
2026-05-22 16:32:09 [INFO] Epoch 35/100 [FULL PHYSICS] ramp=1.000 lr=7.43e-05
2026-05-22 16:32:16 [INFO] Step 5/54 Loss=10.7424 mse=0.1841 v_opt=0.01963 v_mand=0.00074 ptv=0.0560 ptv_max=0.00013 ring=0.00003 smooth=0.0247 laplacian=0.0803 beam=0.19681 homogeneity=0.0031 body=0.00000 bowel=0.00507 femur=0.00000
2026-05-22 16:32:19 [INFO] Step 10/54 Loss=13.4562 mse=0.1845 v_opt=0.06693 v_mand=0.02855 ptv=0.0581 ptv_max=0.00032 ring=0.00021 smooth=0.0293 laplacian=0.0904 beam=0.24324 homogeneity=0.0043 body=0.00000 bowel=0.00000 femur=0.00000
2026-05-22 16:32:22 [INFO] Step 15/54 Loss=18.4894 mse=0.2068 v_opt=0.00670 v_mand=0.00007 ptv=0.1034 ptv_max=0.00018 ring=0.00004 smooth=0.0274 laplacian=0.0852 beam=0.46343 homogeneity=0.0073 body=0.00000 bowel=0.00131 femur=0.00353
2026-05-22 16:32:25 [INFO] Step 20/54 Loss=16.8019 mse=0.2553 v_opt=0.00000 v_mand=0.00000 ptv=0.0683 ptv_max=0.00017 ring=0.00003 smooth=0.0315 laplacian=0.0952 beam=0.36358 homogeneity=0.0052 body=0.00000 bowel=0.00000 femur=0.00080
2026-05-22 16:32:30 [INFO] Step 25/54 Loss=21.1436 mse=0.3479 v_opt=0.01221 v_mand=0.00000 ptv=0.0632 ptv_max=0.00006 ring=0.00010 smooth=0.0272 laplacian=0.0895 beam=0.44936 homogeneity=0.0028 body=0.00000 bowel=0.00000 femur=0.00136
2026-05-22 16:32:33 [INFO] Step 30/54 Loss=18.8811 mse=0.2154 v_opt=0.00276 v_mand=0.00000 ptv=0.0504 ptv_max=0.00007 ring=0.00013 smooth=0.0264 laplacian=0.0863 beam=0.49849 homogeneity=0.0027 body=0.00000 bowel=0.00000 femur=0.00000
2026-05-22 16:32:36 [INFO] Step 35/54 Loss=19.2246 mse=0.2322 v_opt=0.02154 v_mand=0.00021 ptv=0.0913 ptv_max=0.00003 ring=0.00002 smooth=0.0240 laplacian=0.0759 beam=0.45275 homogeneity=0.0047 body=0.00000 bowel=0.03979 femur=0.00342
2026-05-22 16:32:39 [INFO] Step 40/54 Loss=13.3945 mse=0.1362 v_opt=0.00513 v_mand=0.00004 ptv=0.1130 ptv_max=0.00002 ring=0.00002 smooth=0.0228 laplacian=0.0735 beam=0.33307 homogeneity=0.0059 body=0.00000 bowel=0.00059 femur=0.00000
2026-05-22 16:32:44 [INFO] Step 45/54 Loss=12.4653 mse=0.1898 v_opt=0.01934 v_mand=0.00102 ptv=0.0569 ptv_max=0.00030 ring=0.00002 smooth=0.0257 laplacian=0.0850 beam=0.25941 homogeneity=0.0041 body=0.00000 bowel=0.00000 femur=0.00000
2026-05-22 16:32:47 [INFO] Step 50/54 Loss=12.5433 mse=0.1889 v_opt=0.01345 v_mand=0.00022 ptv=0.0770 ptv_max=0.00013 ring=0.00005 smooth=0.0293 laplacian=0.0907 beam=0.25748 homogeneity=0.0037 body=0.00000 bowel=0.00000 femur=0.00000
2026-05-22 16:32:49 [INFO] Step 54/54 Loss=17.0292 mse=0.2491 v_opt=0.17022 v_mand=0.06384 ptv=0.0551 ptv_max=0.00007 ring=0.00006 smooth=0.0266 laplacian=0.0834 beam=0.23795 homogeneity=0.0022 body=0.00000 bowel=0.01803 femur=0.00002
2026-05-22 16:32:49 [INFO] Running validation at epoch 35...
2026-05-22 16:33:19 [INFO] Epoch 35 Summary: Train=16.7647 Val=0.0235 (MSE=0.0235)
          Metrics: PTV_D95=53.81Gy Bladder=28.69Gy Rectum=30.09Gy
          Metrics: Ring=47.82Gy Dmax=135.09Gy BG=35.39Gy
2026-05-22 16:33:19 [INFO] [PHYSICS] Saved best model val_loss=0.0235
2026-05-22 16:33:19 [INFO] Epoch 36/100 [FULL PHYSICS] ramp=1.000 lr=7.30e-05
2026-05-22 16:33:25 [INFO] Step 5/54 Loss=18.5217 mse=0.1799 v_opt=0.00001 v_mand=0.00000 ptv=0.1282 ptv_max=0.00001 ring=0.00001 smooth=0.0377 laplacian=0.1084 beam=0.47655 homogeneity=0.0124 body=0.00000 bowel=0.00000 femur=0.00000
2026-05-22 16:33:28 [INFO] Step 10/54 Loss=14.5551 mse=0.2435 v_opt=0.01365 v_mand=0.00013 ptv=0.0590 ptv_max=0.00014 ring=0.00007 smooth=0.0265 laplacian=0.0820 beam=0.29285 homogeneity=0.0032 body=0.00000 bowel=0.00000 femur=0.00000
2026-05-22 16:33:31 [INFO] Step 15/54 Loss=17.4636 mse=0.1896 v_opt=0.00001 v_mand=0.00000 ptv=0.0499 ptv_max=0.00006 ring=0.00005 smooth=0.0230 laplacian=0.0703 beam=0.47083 homogeneity=0.0034 body=0.00000 bowel=0.00012 femur=0.00000
2026-05-22 16:33:34 [INFO] Step 20/54 Loss=24.0068 mse=0.4134 v_opt=0.05159 v_mand=0.00765 ptv=0.0084 ptv_max=0.00367 ring=0.00016 smooth=0.0346 laplacian=0.1178 beam=0.46813 homogeneity=0.0112 body=0.00000 bowel=0.00000 femur=0.00000
2026-05-22 16:33:40 [INFO] Step 25/54 Loss=17.9891 mse=0.1816 v_opt=0.00000 v_mand=0.00000 ptv=0.0000 ptv_max=0.00000 ring=0.00000 smooth=0.0368 laplacian=0.1184 beam=0.49907 homogeneity=0.0000 body=0.00000 bowel=0.02287 femur=0.00000
2026-05-22 16:33:42 [INFO] Step 30/54 Loss=11.2841 mse=0.1599 v_opt=0.01630 v_mand=0.00042 ptv=0.0660 ptv_max=0.00007 ring=0.00002 smooth=0.0218 laplacian=0.0692 beam=0.22816 homogeneity=0.0030 body=0.00000 bowel=0.02871 femur=0.00000
2026-05-22 16:33:45 [INFO] Step 35/54 Loss=15.2410 mse=0.1634 v_opt=0.01712 v_mand=0.00038 ptv=0.0922 ptv_max=0.00002 ring=0.00013 smooth=0.0267 laplacian=0.0816 beam=0.38590 homogeneity=0.0044 body=0.00000 bowel=0.00000 femur=0.00061
2026-05-22 16:33:48 [INFO] Step 40/54 Loss=17.3855 mse=0.2672 v_opt=0.00000 v_mand=0.00000 ptv=0.0415 ptv_max=0.00032 ring=0.00005 smooth=0.0305 laplacian=0.0930 beam=0.38720 homogeneity=0.0033 body=0.00000 bowel=0.00000 femur=0.00000
2026-05-22 16:33:54 [INFO] Step 45/54 Loss=25.8599 mse=0.1902 v_opt=0.20251 v_mand=0.10598 ptv=0.0865 ptv_max=0.00004 ring=0.00004 smooth=0.0271 laplacian=0.0873 beam=0.46208 homogeneity=0.0041 body=0.00000 bowel=0.15551 femur=0.00969
2026-05-22 16:33:57 [INFO] Step 50/54 Loss=11.7372 mse=0.1749 v_opt=0.03065 v_mand=0.00375 ptv=0.0721 ptv_max=0.00007 ring=0.00005 smooth=0.0282 laplacian=0.0854 beam=0.23355 homogeneity=0.0045 body=0.00000 bowel=0.00000 femur=0.00000
2026-05-22 16:33:59 [INFO] Step 54/54 Loss=18.1204 mse=0.2702 v_opt=0.04602 v_mand=0.00383 ptv=0.0833 ptv_max=0.00005 ring=0.00003 smooth=0.0266 laplacian=0.0856 beam=0.38671 homogeneity=0.0031 body=0.00000 bowel=0.00000 femur=0.00563
2026-05-22 16:33:59 [INFO] Running validation at epoch 36...
2026-05-22 16:34:29 [INFO] Epoch 36 Summary: Train=16.5246 Val=0.0235 (MSE=0.0235)
          Metrics: PTV_D95=54.35Gy Bladder=27.39Gy Rectum=32.54Gy
          Metrics: Ring=48.24Gy Dmax=138.36Gy BG=35.47Gy
2026-05-22 16:34:29 [INFO] Epoch 37/100 [FULL PHYSICS] ramp=1.000 lr=7.16e-05
2026-05-22 16:34:35 [INFO] Step 5/54 Loss=103.6046 mse=0.1697 v_opt=1.97102 v_mand=1.64712 ptv=0.1441 ptv_max=0.00001 ring=0.00000 smooth=0.0249 laplacian=0.0777 beam=0.43741 homogeneity=0.0101 body=0.00000 bowel=0.00000 femur=0.00701
2026-05-22 16:34:38 [INFO] Step 10/54 Loss=13.0002 mse=0.2370 v_opt=0.00000 v_mand=0.00000 ptv=0.0378 ptv_max=0.00039 ring=0.00001 smooth=0.0261 laplacian=0.0846 beam=0.24438 homogeneity=0.0041 body=0.00000 bowel=0.00000 femur=0.00000
2026-05-22 16:34:41 [INFO] Step 15/54 Loss=18.4309 mse=0.2903 v_opt=0.00056 v_mand=0.00000 ptv=0.0423 ptv_max=0.00050 ring=0.00002 smooth=0.0252 laplacian=0.0845 beam=0.40472 homogeneity=0.0047 body=0.00000 bowel=0.00000 femur=0.00153
2026-05-22 16:34:44 [INFO] Step 20/54 Loss=15.0924 mse=0.2102 v_opt=0.08555 v_mand=0.03003 ptv=0.0654 ptv_max=0.00003 ring=0.00003 smooth=0.0242 laplacian=0.0733 beam=0.28260 homogeneity=0.0025 body=0.00000 bowel=0.00000 femur=0.00003
2026-05-22 16:34:48 [INFO] Step 25/54 Loss=15.6853 mse=0.1565 v_opt=0.01019 v_mand=0.00058 ptv=0.0646 ptv_max=0.00010 ring=0.00003 smooth=0.0248 laplacian=0.0794 beam=0.42270 homogeneity=0.0036 body=0.00000 bowel=0.00000 femur=0.00000
2026-05-22 16:34:52 [INFO] Step 30/54 Loss=15.6956 mse=0.1843 v_opt=0.00312 v_mand=0.00000 ptv=0.0869 ptv_max=0.00001 ring=0.00003 smooth=0.0253 laplacian=0.0746 beam=0.38489 homogeneity=0.0054 body=0.00000 bowel=0.00538 femur=0.00007
2026-05-22 16:34:55 [INFO] Step 35/54 Loss=15.1447 mse=0.3095 v_opt=0.00163 v_mand=0.00042 ptv=0.0344 ptv_max=0.00049 ring=0.00001 smooth=0.0240 laplacian=0.0759 beam=0.25905 homogeneity=0.0043 body=0.00000 bowel=0.00000 femur=0.00000
2026-05-22 16:34:58 [INFO] Step 40/54 Loss=17.6177 mse=0.2289 v_opt=0.03949 v_mand=0.00487 ptv=0.0605 ptv_max=0.00012 ring=0.00003 smooth=0.0249 laplacian=0.0789 beam=0.39138 homogeneity=0.0045 body=0.00000 bowel=0.04373 femur=0.00006
2026-05-22 16:35:02 [INFO] Step 45/54 Loss=12.0285 mse=0.2017 v_opt=0.00000 v_mand=0.00000 ptv=0.0763 ptv_max=0.00006 ring=0.00003 smooth=0.0280 laplacian=0.0928 beam=0.21015 homogeneity=0.0045 body=0.00000 bowel=0.02530 femur=0.00000
2026-05-22 16:35:06 [INFO] Step 50/54 Loss=12.1341 mse=0.1444 v_opt=0.00501 v_mand=0.00000 ptv=0.1176 ptv_max=0.00000 ring=0.00001 smooth=0.0190 laplacian=0.0595 beam=0.26927 homogeneity=0.0057 body=0.00000 bowel=0.01152 femur=0.00000
2026-05-22 16:35:09 [INFO] Step 54/54 Loss=13.9843 mse=0.2385 v_opt=0.00048 v_mand=0.00000 ptv=0.0598 ptv_max=0.00019 ring=0.00002 smooth=0.0314 laplacian=0.0920 beam=0.27153 homogeneity=0.0057 body=0.00000 bowel=0.00000 femur=0.00000
2026-05-22 16:35:09 [INFO] Running validation at epoch 37...
2026-05-22 16:35:38 [INFO] Epoch 37 Summary: Train=18.5962 Val=0.0225 (MSE=0.0225)
          Metrics: PTV_D95=51.44Gy Bladder=25.16Gy Rectum=22.22Gy
          Metrics: Ring=44.72Gy Dmax=134.19Gy BG=34.60Gy
2026-05-22 16:35:38 [INFO] [PHYSICS] Saved best model val_loss=0.0225
2026-05-22 16:35:38 [INFO] Epoch 38/100 [FULL PHYSICS] ramp=1.000 lr=7.02e-05
2026-05-22 16:35:44 [INFO] Step 5/54 Loss=16.6333 mse=0.2109 v_opt=0.03179 v_mand=0.00373 ptv=0.0653 ptv_max=0.00007 ring=0.00001 smooth=0.0246 laplacian=0.0776 beam=0.37181 homogeneity=0.0032 body=0.00000 bowel=0.04478 femur=0.00033
2026-05-22 16:35:48 [INFO] Step 10/54 Loss=17.0787 mse=0.1501 v_opt=0.00703 v_mand=0.00000 ptv=0.0546 ptv_max=0.00038 ring=0.00051 smooth=0.0245 laplacian=0.0762 beam=0.48853 homogeneity=0.0042 body=0.00000 bowel=0.00000 femur=0.00000
2026-05-22 16:35:50 [INFO] Step 15/54 Loss=12.5319 mse=0.2113 v_opt=0.02310 v_mand=0.00164 ptv=0.0521 ptv_max=0.00024 ring=0.00001 smooth=0.0248 laplacian=0.0812 beam=0.24063 homogeneity=0.0037 body=0.00000 bowel=0.00302 femur=0.00000
2026-05-22 16:35:54 [INFO] Step 20/54 Loss=13.3808 mse=0.2130 v_opt=0.00077 v_mand=0.00000 ptv=0.0576 ptv_max=0.00004 ring=0.00004 smooth=0.0263 laplacian=0.0797 beam=0.28034 homogeneity=0.0020 body=0.00000 bowel=0.00000 femur=0.00000
2026-05-22 16:35:59 [INFO] Step 25/54 Loss=10.5259 mse=0.2155 v_opt=0.00011 v_mand=0.00000 ptv=0.0685 ptv_max=0.00021 ring=0.00001 smooth=0.0245 laplacian=0.0770 beam=0.15495 homogeneity=0.0069 body=0.00000 bowel=0.00000 femur=0.00000
2026-05-22 16:36:01 [INFO] Step 30/54 Loss=22.6015 mse=0.3369 v_opt=0.03543 v_mand=0.00465 ptv=0.0146 ptv_max=0.00560 ring=0.00028 smooth=0.0330 laplacian=0.1030 beam=0.48309 homogeneity=0.0129 body=0.00000 bowel=0.00000 femur=0.00000
2026-05-22 16:36:04 [INFO] Step 35/54 Loss=6.2233 mse=0.2051 v_opt=0.00319 v_mand=0.00008 ptv=0.0495 ptv_max=0.00035 ring=0.00003 smooth=0.0281 laplacian=0.0848 beam=0.00000 homogeneity=0.0043 body=0.00000 bowel=0.00000 femur=0.00000
2026-05-22 16:36:08 [INFO] Step 40/54 Loss=14.4680 mse=0.1613 v_opt=0.01676 v_mand=0.00000 ptv=0.1453 ptv_max=0.00005 ring=0.00007 smooth=0.0222 laplacian=0.0669 beam=0.33513 homogeneity=0.0101 body=0.00000 bowel=0.00027 femur=0.00000
2026-05-22 16:36:12 [INFO] Step 45/54 Loss=19.1517 mse=0.2447 v_opt=0.00828 v_mand=0.00004 ptv=0.0417 ptv_max=0.00011 ring=0.00003 smooth=0.0254 laplacian=0.0783 beam=0.47322 homogeneity=0.0027 body=0.00000 bowel=0.01855 femur=0.00015
2026-05-22 16:36:15 [INFO] Step 50/54 Loss=26.9678 mse=0.3949 v_opt=0.18192 v_mand=0.06444 ptv=0.0089 ptv_max=0.00485 ring=0.00022 smooth=0.0339 laplacian=0.1124 beam=0.47333 homogeneity=0.0131 body=0.00000 bowel=0.00000 femur=0.00000
2026-05-22 16:36:17 [INFO] Step 54/54 Loss=10.5113 mse=0.1132 v_opt=0.00687 v_mand=0.00000 ptv=0.0947 ptv_max=0.00016 ring=0.00003 smooth=0.0255 laplacian=0.0847 beam=0.24516 homogeneity=0.0059 body=0.00000 bowel=0.00008 femur=0.00002
2026-05-22 16:36:17 [INFO] Running validation at epoch 38...
2026-05-22 16:36:47 [INFO] Epoch 38 Summary: Train=15.4375 Val=0.0228 (MSE=0.0228)
          Metrics: PTV_D95=53.41Gy Bladder=28.62Gy Rectum=30.82Gy
          Metrics: Ring=47.17Gy Dmax=129.94Gy BG=34.83Gy
2026-05-22 16:36:47 [INFO] Epoch 39/100 [FULL PHYSICS] ramp=1.000 lr=6.87e-05
2026-05-22 16:36:54 [INFO] Step 5/54 Loss=13.4880 mse=0.1431 v_opt=0.01063 v_mand=0.00008 ptv=0.0546 ptv_max=0.00050 ring=0.00071 smooth=0.0254 laplacian=0.0788 beam=0.34918 homogeneity=0.0052 body=0.00000 bowel=0.00000 femur=0.00000
2026-05-22 16:36:57 [INFO] Step 10/54 Loss=16.5780 mse=0.1988 v_opt=0.00279 v_mand=0.00000 ptv=0.0961 ptv_max=0.00004 ring=0.00007 smooth=0.0250 laplacian=0.0780 beam=0.40378 homogeneity=0.0049 body=0.00000 bowel=0.00000 femur=0.00259
2026-05-22 16:37:00 [INFO] Step 15/54 Loss=14.3228 mse=0.2193 v_opt=0.00000 v_mand=0.00000 ptv=0.0631 ptv_max=0.00003 ring=0.00002 smooth=0.0232 laplacian=0.0727 beam=0.31053 homogeneity=0.0027 body=0.00000 bowel=0.00000 femur=0.00019
2026-05-22 16:37:02 [INFO] Step 20/54 Loss=19.8751 mse=0.0858 v_opt=0.00000 v_mand=0.00000 ptv=0.5480 ptv_max=0.00062 ring=0.00006 smooth=0.0135 laplacian=0.0419 beam=0.42040 homogeneity=0.0711 body=0.00000 bowel=0.00000 femur=0.00000
2026-05-22 16:37:08 [INFO] Step 25/54 Loss=18.3872 mse=0.2614 v_opt=0.07590 v_mand=0.01806 ptv=0.0532 ptv_max=0.00008 ring=0.00010 smooth=0.0203 laplacian=0.0640 beam=0.39444 homogeneity=0.0025 body=0.00000 bowel=0.00000 femur=0.00000
2026-05-22 16:37:11 [INFO] Step 30/54 Loss=15.9416 mse=0.1848 v_opt=0.00000 v_mand=0.00000 ptv=0.0538 ptv_max=0.00032 ring=0.00006 smooth=0.0241 laplacian=0.0765 beam=0.40983 homogeneity=0.0041 body=0.00000 bowel=0.00000 femur=0.00000
2026-05-22 16:37:13 [INFO] Step 35/54 Loss=15.0776 mse=0.2414 v_opt=0.00037 v_mand=0.00000 ptv=0.0618 ptv_max=0.00017 ring=0.00004 smooth=0.0241 laplacian=0.0825 beam=0.31594 homogeneity=0.0031 body=0.00000 bowel=0.00000 femur=0.00000
2026-05-22 16:37:16 [INFO] Step 40/54 Loss=85.8212 mse=0.0914 v_opt=1.72752 v_mand=1.37144 ptv=0.0933 ptv_max=0.00002 ring=0.00001 smooth=0.0155 laplacian=0.0467 beam=0.40996 homogeneity=0.0037 body=0.00000 bowel=0.00000 femur=0.00000
2026-05-22 16:37:22 [INFO] Step 45/54 Loss=12.5850 mse=0.2283 v_opt=0.00215 v_mand=0.00026 ptv=0.0388 ptv_max=0.00019 ring=0.00001 smooth=0.0222 laplacian=0.0703 beam=0.23811 homogeneity=0.0032 body=0.00000 bowel=0.00355 femur=0.00000
2026-05-22 16:37:24 [INFO] Step 50/54 Loss=15.5268 mse=0.2412 v_opt=0.00755 v_mand=0.00000 ptv=0.0494 ptv_max=0.00007 ring=0.00006 smooth=0.0252 laplacian=0.0742 beam=0.34011 homogeneity=0.0026 body=0.00000 bowel=0.00073 femur=0.00143
2026-05-22 16:37:27 [INFO] Step 54/54 Loss=17.0060 mse=0.2308 v_opt=0.00002 v_mand=0.00000 ptv=0.0574 ptv_max=0.00013 ring=0.00002 smooth=0.0262 laplacian=0.0886 beam=0.39498 homogeneity=0.0030 body=0.00000 bowel=0.01601 femur=0.00000
2026-05-22 16:37:27 [INFO] Running validation at epoch 39...
2026-05-22 16:37:56 [INFO] Epoch 39 Summary: Train=16.9838 Val=0.0215 (MSE=0.0215)
          Metrics: PTV_D95=52.15Gy Bladder=24.38Gy Rectum=26.71Gy
          Metrics: Ring=45.21Gy Dmax=135.47Gy BG=33.89Gy
2026-05-22 16:37:56 [INFO] [PHYSICS] Saved best model val_loss=0.0215
2026-05-22 16:37:56 [INFO] Epoch 40/100 [FULL PHYSICS] ramp=1.000 lr=6.73e-05
2026-05-22 16:38:03 [INFO] Step 5/54 Loss=15.6198 mse=0.2314 v_opt=0.01207 v_mand=0.00007 ptv=0.0445 ptv_max=0.00017 ring=0.00002 smooth=0.0222 laplacian=0.0684 beam=0.35586 homogeneity=0.0033 body=0.00000 bowel=0.00000 femur=0.00106
2026-05-22 16:38:06 [INFO] Step 10/54 Loss=10.0990 mse=0.2147 v_opt=0.00612 v_mand=0.00017 ptv=0.0840 ptv_max=0.00028 ring=0.00001 smooth=0.0281 laplacian=0.0809 beam=0.12492 homogeneity=0.0118 body=0.00000 bowel=0.00250 femur=0.00000
2026-05-22 16:38:09 [INFO] Step 15/54 Loss=8.2413 mse=0.1546 v_opt=0.02129 v_mand=0.00363 ptv=0.0591 ptv_max=0.00037 ring=0.00001 smooth=0.0226 laplacian=0.0706 beam=0.12094 homogeneity=0.0053 body=0.00000 bowel=0.00000 femur=0.00000
2026-05-22 16:38:12 [INFO] Step 20/54 Loss=17.6070 mse=0.1891 v_opt=0.02488 v_mand=0.00055 ptv=0.0321 ptv_max=0.00036 ring=0.00001 smooth=0.0276 laplacian=0.0835 beam=0.47628 homogeneity=0.0038 body=0.00000 bowel=0.00000 femur=0.00000
2026-05-22 16:38:17 [INFO] Step 25/54 Loss=16.3462 mse=0.1847 v_opt=0.00065 v_mand=0.00000 ptv=0.0534 ptv_max=0.00017 ring=0.00002 smooth=0.0256 laplacian=0.0795 beam=0.42695 homogeneity=0.0035 body=0.00000 bowel=0.00000 femur=0.00000
2026-05-22 16:38:19 [INFO] Step 30/54 Loss=13.6836 mse=0.2130 v_opt=0.00000 v_mand=0.00000 ptv=0.0619 ptv_max=0.00006 ring=0.00001 smooth=0.0283 laplacian=0.0852 beam=0.28781 homogeneity=0.0040 body=0.00000 bowel=0.00000 femur=0.00000
2026-05-22 16:38:22 [INFO] Step 35/54 Loss=17.7966 mse=0.2853 v_opt=0.01867 v_mand=0.00026 ptv=0.0726 ptv_max=0.00016 ring=0.00003 smooth=0.0245 laplacian=0.0768 beam=0.36931 homogeneity=0.0040 body=0.00000 bowel=0.00000 femur=0.01424
2026-05-22 16:38:25 [INFO] Step 40/54 Loss=17.4553 mse=0.2234 v_opt=0.05051 v_mand=0.00861 ptv=0.0551 ptv_max=0.00001 ring=0.00000 smooth=0.0216 laplacian=0.0661 beam=0.41604 homogeneity=0.0017 body=0.00000 bowel=0.00000 femur=0.00000
2026-05-22 16:38:31 [INFO] Step 45/54 Loss=16.0194 mse=0.1286 v_opt=0.00095 v_mand=0.00000 ptv=0.0927 ptv_max=0.00001 ring=0.00002 smooth=0.0312 laplacian=0.0913 beam=0.45146 homogeneity=0.0050 body=0.00000 bowel=0.00000 femur=0.00000
2026-05-22 16:38:34 [INFO] Step 50/54 Loss=14.8059 mse=0.1412 v_opt=0.02292 v_mand=0.00151 ptv=0.0833 ptv_max=0.00001 ring=0.00002 smooth=0.0211 laplacian=0.0632 beam=0.39420 homogeneity=0.0045 body=0.00000 bowel=0.00243 femur=0.00000
2026-05-22 16:38:36 [INFO] Step 54/54 Loss=14.8769 mse=0.2270 v_opt=0.00989 v_mand=0.00007 ptv=0.0625 ptv_max=0.00019 ring=0.00003 smooth=0.0248 laplacian=0.0771 beam=0.32105 homogeneity=0.0043 body=0.00000 bowel=0.00000 femur=0.00008
2026-05-22 16:38:36 [INFO] Running validation at epoch 40...
2026-05-22 16:39:06 [INFO] Epoch 40 Summary: Train=14.7032 Val=0.0212 (MSE=0.0212)
          Metrics: PTV_D95=53.72Gy Bladder=26.78Gy Rectum=21.60Gy
          Metrics: Ring=46.04Gy Dmax=140.06Gy BG=33.71Gy
2026-05-22 16:39:06 [INFO] [PHYSICS] Saved best model val_loss=0.0212
2026-05-22 16:39:06 [INFO] [CLINICAL] Saved best model Score=52.815 PTV_D95=53.72Gy Bladder=26.78Gy Rectum=21.60Gy
2026-05-22 16:39:06 [INFO] Epoch 41/100 [FULL PHYSICS] ramp=1.000 lr=6.58e-05
2026-05-22 16:39:12 [INFO] Step 5/54 Loss=16.7241 mse=0.1752 v_opt=0.06606 v_mand=0.01887 ptv=0.0920 ptv_max=0.00006 ring=0.00002 smooth=0.0209 laplacian=0.0644 beam=0.39542 homogeneity=0.0055 body=0.00000 bowel=0.00000 femur=0.00011
2026-05-22 16:39:15 [INFO] Step 10/54 Loss=18.8348 mse=0.4696 v_opt=0.00195 v_mand=0.00051 ptv=0.0117 ptv_max=0.00670 ring=0.00017 smooth=0.0362 laplacian=0.1109 beam=0.20114 homogeneity=0.0161 body=0.00000 bowel=0.00000 femur=0.00000
2026-05-22 16:39:18 [INFO] Step 15/54 Loss=19.9445 mse=0.2060 v_opt=0.00002 v_mand=0.00000 ptv=0.0848 ptv_max=0.00002 ring=0.00001 smooth=0.0261 laplacian=0.0870 beam=0.51740 homogeneity=0.0041 body=0.00000 bowel=0.03111 femur=0.00000
2026-05-22 16:39:21 [INFO] Step 20/54 Loss=15.8158 mse=0.2207 v_opt=0.00000 v_mand=0.00000 ptv=0.0856 ptv_max=0.00005 ring=0.00005 smooth=0.0233 laplacian=0.0753 beam=0.35606 homogeneity=0.0065 body=0.00000 bowel=0.00000 femur=0.00036
2026-05-22 16:39:27 [INFO] Step 25/54 Loss=16.2333 mse=0.2187 v_opt=0.01359 v_mand=0.00021 ptv=0.0750 ptv_max=0.00004 ring=0.00006 smooth=0.0224 laplacian=0.0683 beam=0.37896 homogeneity=0.0034 body=0.00000 bowel=0.00428 femur=0.00004
2026-05-22 16:39:30 [INFO] Step 30/54 Loss=14.1295 mse=0.1737 v_opt=0.01433 v_mand=0.00035 ptv=0.0448 ptv_max=0.00052 ring=0.00003 smooth=0.0207 laplacian=0.0667 beam=0.34999 homogeneity=0.0055 body=0.00000 bowel=0.00000 femur=0.00000
2026-05-22 16:39:33 [INFO] Step 35/54 Loss=14.9542 mse=0.1192 v_opt=0.00047 v_mand=0.00000 ptv=0.0916 ptv_max=0.00002 ring=0.00009 smooth=0.0246 laplacian=0.0715 beam=0.42323 homogeneity=0.0045 body=0.00000 bowel=0.00000 femur=0.00000
2026-05-22 16:39:36 [INFO] Step 40/54 Loss=14.7772 mse=0.1915 v_opt=0.04565 v_mand=0.00572 ptv=0.0827 ptv_max=0.00008 ring=0.00003 smooth=0.0213 laplacian=0.0602 beam=0.33022 homogeneity=0.0097 body=0.00000 bowel=0.00000 femur=0.00000
2026-05-22 16:39:41 [INFO] Step 45/54 Loss=16.6526 mse=0.2510 v_opt=0.03121 v_mand=0.00470 ptv=0.0403 ptv_max=0.00040 ring=0.00002 smooth=0.0236 laplacian=0.0729 beam=0.36348 homogeneity=0.0042 body=0.00000 bowel=0.00379 femur=0.00010
2026-05-22 16:39:44 [INFO] Step 50/54 Loss=14.2552 mse=0.2326 v_opt=0.05283 v_mand=0.01606 ptv=0.0556 ptv_max=0.00001 ring=0.00001 smooth=0.0221 laplacian=0.0689 beam=0.25034 homogeneity=0.0024 body=0.00000 bowel=0.01996 femur=0.00000
2026-05-22 16:39:46 [INFO] Step 54/54 Loss=16.7337 mse=0.1956 v_opt=0.00000 v_mand=0.00000 ptv=0.0530 ptv_max=0.00015 ring=0.00005 smooth=0.0269 laplacian=0.0845 beam=0.42361 homogeneity=0.0041 body=0.00000 bowel=0.00000 femur=0.01672
2026-05-22 16:39:46 [INFO] Running validation at epoch 41...
2026-05-22 16:40:16 [INFO] Epoch 41 Summary: Train=14.2392 Val=0.0204 (MSE=0.0204)
          Metrics: PTV_D95=54.23Gy Bladder=26.04Gy Rectum=24.31Gy
          Metrics: Ring=46.33Gy Dmax=148.13Gy BG=33.13Gy
2026-05-22 16:40:16 [INFO] [PHYSICS] Saved best model val_loss=0.0204
2026-05-22 16:40:16 [INFO] [CLINICAL] Saved best model Score=50.548 PTV_D95=54.23Gy Bladder=26.04Gy Rectum=24.31Gy
2026-05-22 16:40:16 [INFO] Epoch 42/100 [FULL PHYSICS] ramp=1.000 lr=6.43e-05
2026-05-22 16:40:22 [INFO] Step 5/54 Loss=12.4298 mse=0.2208 v_opt=0.00124 v_mand=0.00003 ptv=0.0354 ptv_max=0.00037 ring=0.00002 smooth=0.0273 laplacian=0.0820 beam=0.23921 homogeneity=0.0040 body=0.00000 bowel=0.00000 femur=0.00000
2026-05-22 16:40:25 [INFO] Step 10/54 Loss=7.0122 mse=0.1073 v_opt=0.02719 v_mand=0.00296 ptv=0.0757 ptv_max=0.00004 ring=0.00003 smooth=0.0184 laplacian=0.0565 beam=0.11342 homogeneity=0.0042 body=0.00000 bowel=0.00969 femur=0.00000
2026-05-22 16:40:28 [INFO] Step 15/54 Loss=13.5218 mse=0.2079 v_opt=0.02079 v_mand=0.00119 ptv=0.0690 ptv_max=0.00002 ring=0.00002 smooth=0.0199 laplacian=0.0614 beam=0.28337 homogeneity=0.0020 body=0.00000 bowel=0.00533 femur=0.00000
2026-05-22 16:40:31 [INFO] Step 20/54 Loss=10.7490 mse=0.2035 v_opt=0.00164 v_mand=0.00007 ptv=0.0331 ptv_max=0.00037 ring=0.00001 smooth=0.0231 laplacian=0.0747 beam=0.19187 homogeneity=0.0038 body=0.00000 bowel=0.00000 femur=0.00000
2026-05-22 16:40:36 [INFO] Step 25/54 Loss=15.5347 mse=0.1875 v_opt=0.00064 v_mand=0.00000 ptv=0.0529 ptv_max=0.00008 ring=0.00003 smooth=0.0232 laplacian=0.0680 beam=0.39525 homogeneity=0.0030 body=0.00000 bowel=0.00000 femur=0.00000
2026-05-22 16:40:39 [INFO] Step 30/54 Loss=15.5702 mse=0.2657 v_opt=0.00079 v_mand=0.00003 ptv=0.0356 ptv_max=0.00066 ring=0.00003 smooth=0.0230 laplacian=0.0745 beam=0.31723 homogeneity=0.0042 body=0.00000 bowel=0.00386 femur=0.00001
2026-05-22 16:40:42 [INFO] Step 35/54 Loss=18.0803 mse=0.3348 v_opt=0.00150 v_mand=0.00024 ptv=0.0312 ptv_max=0.00095 ring=0.00001 smooth=0.0293 laplacian=0.0861 beam=0.34703 homogeneity=0.0052 body=0.00000 bowel=0.00000 femur=0.00000
2026-05-22 16:40:45 [INFO] Step 40/54 Loss=14.5663 mse=0.2336 v_opt=0.00001 v_mand=0.00000 ptv=0.0677 ptv_max=0.00002 ring=0.00002 smooth=0.0272 laplacian=0.0867 beam=0.30064 homogeneity=0.0033 body=0.00000 bowel=0.00000 femur=0.00036
2026-05-22 16:40:50 [INFO] Step 45/54 Loss=15.8192 mse=0.2169 v_opt=0.04916 v_mand=0.01143 ptv=0.0657 ptv_max=0.00003 ring=0.00003 smooth=0.0208 laplacian=0.0658 beam=0.32602 homogeneity=0.0026 body=0.00000 bowel=0.03253 femur=0.00241
2026-05-22 16:40:53 [INFO] Step 50/54 Loss=9.4527 mse=0.1666 v_opt=0.00000 v_mand=0.00000 ptv=0.0578 ptv_max=0.00014 ring=0.00001 smooth=0.0238 laplacian=0.0701 beam=0.16937 homogeneity=0.0041 body=0.00000 bowel=0.00000 femur=0.00000
2026-05-22 16:40:56 [INFO] Step 54/54 Loss=13.2088 mse=0.2356 v_opt=0.00023 v_mand=0.00000 ptv=0.0715 ptv_max=0.00018 ring=0.00016 smooth=0.0168 laplacian=0.0549 beam=0.24761 homogeneity=0.0046 body=0.00000 bowel=0.00000 femur=0.00000
2026-05-22 16:40:56 [INFO] Running validation at epoch 42...
2026-05-22 16:41:25 [INFO] Epoch 42 Summary: Train=14.0833 Val=0.0200 (MSE=0.0200)
          Metrics: PTV_D95=52.95Gy Bladder=24.21Gy Rectum=24.74Gy
          Metrics: Ring=44.92Gy Dmax=133.16Gy BG=32.82Gy
2026-05-22 16:41:25 [INFO] [PHYSICS] Saved best model val_loss=0.0200
2026-05-22 16:41:25 [INFO] Epoch 43/100 [FULL PHYSICS] ramp=1.000 lr=6.28e-05
2026-05-22 16:41:32 [INFO] Step 5/54 Loss=8.4073 mse=0.1420 v_opt=0.00016 v_mand=0.00000 ptv=0.0685 ptv_max=0.00009 ring=0.00001 smooth=0.0214 laplacian=0.0629 beam=0.14873 homogeneity=0.0053 body=0.00000 bowel=0.00000 femur=0.00000
2026-05-22 16:41:35 [INFO] Step 10/54 Loss=22.5038 mse=0.3676 v_opt=0.03069 v_mand=0.00308 ptv=0.0113 ptv_max=0.00468 ring=0.00017 smooth=0.0249 laplacian=0.0814 beam=0.46396 homogeneity=0.0125 body=0.00000 bowel=0.00000 femur=0.00000
2026-05-22 16:41:38 [INFO] Step 15/54 Loss=17.0644 mse=0.2181 v_opt=0.03836 v_mand=0.00700 ptv=0.0285 ptv_max=0.00082 ring=0.00003 smooth=0.0223 laplacian=0.0704 beam=0.41013 homogeneity=0.0053 body=0.00000 bowel=0.00000 femur=0.00446
2026-05-22 16:41:40 [INFO] Step 20/54 Loss=13.3130 mse=0.1963 v_opt=0.03199 v_mand=0.00160 ptv=0.0579 ptv_max=0.00009 ring=0.00004 smooth=0.0190 laplacian=0.0576 beam=0.28917 homogeneity=0.0031 body=0.00000 bowel=0.00477 femur=0.00000
2026-05-22 16:41:46 [INFO] Step 25/54 Loss=11.7019 mse=0.1564 v_opt=0.00872 v_mand=0.00024 ptv=0.0802 ptv_max=0.00020 ring=0.00012 smooth=0.0201 laplacian=0.0590 beam=0.26037 homogeneity=0.0051 body=0.00000 bowel=0.00000 femur=0.00028
2026-05-22 16:41:49 [INFO] Step 30/54 Loss=16.3333 mse=0.1759 v_opt=0.00084 v_mand=0.00004 ptv=0.0261 ptv_max=0.00098 ring=0.00002 smooth=0.0265 laplacian=0.0797 beam=0.43878 homogeneity=0.0061 body=0.00000 bowel=0.00000 femur=0.00078
2026-05-22 16:41:52 [INFO] Step 35/54 Loss=13.9941 mse=0.1031 v_opt=0.00004 v_mand=0.00000 ptv=0.0958 ptv_max=0.00001 ring=0.00005 smooth=0.0251 laplacian=0.0715 beam=0.39860 homogeneity=0.0054 body=0.00000 bowel=0.00000 femur=0.00001
2026-05-22 16:41:55 [INFO] Step 40/54 Loss=12.7812 mse=0.2407 v_opt=0.02738 v_mand=0.00254 ptv=0.0483 ptv_max=0.00018 ring=0.00012 smooth=0.0291 laplacian=0.0955 beam=0.22017 homogeneity=0.0029 body=0.00000 bowel=0.00006 femur=0.00000
2026-05-22 16:42:00 [INFO] Step 45/54 Loss=16.4220 mse=0.2310 v_opt=0.00525 v_mand=0.00002 ptv=0.0318 ptv_max=0.00080 ring=0.00003 smooth=0.0250 laplacian=0.0804 beam=0.38405 homogeneity=0.0048 body=0.00000 bowel=0.00369 femur=0.00166
2026-05-22 16:42:03 [INFO] Step 50/54 Loss=18.8015 mse=0.2852 v_opt=0.00015 v_mand=0.00000 ptv=0.0389 ptv_max=0.00061 ring=0.00001 smooth=0.0287 laplacian=0.0907 beam=0.42445 homogeneity=0.0049 body=0.00000 bowel=0.00000 femur=0.00000
2026-05-22 16:42:05 [INFO] Step 54/54 Loss=15.5064 mse=0.2295 v_opt=0.00379 v_mand=0.00000 ptv=0.0502 ptv_max=0.00004 ring=0.00002 smooth=0.0224 laplacian=0.0666 beam=0.34349 homogeneity=0.0023 body=0.00000 bowel=0.01745 femur=0.00013
2026-05-22 16:42:05 [INFO] Running validation at epoch 43...
2026-05-22 16:42:35 [INFO] Epoch 43 Summary: Train=13.9564 Val=0.0187 (MSE=0.0187)
          Metrics: PTV_D95=55.19Gy Bladder=26.30Gy Rectum=29.43Gy
          Metrics: Ring=46.71Gy Dmax=147.18Gy BG=31.79Gy
2026-05-22 16:42:35 [INFO] [PHYSICS] Saved best model val_loss=0.0187
2026-05-22 16:42:35 [INFO] Epoch 44/100 [FULL PHYSICS] ramp=1.000 lr=6.13e-05
2026-05-22 16:42:41 [INFO] Step 5/54 Loss=15.6812 mse=0.4025 v_opt=0.00430 v_mand=0.00016 ptv=0.0210 ptv_max=0.00170 ring=0.00002 smooth=0.0330 laplacian=0.0938 beam=0.17969 homogeneity=0.0070 body=0.00000 bowel=0.00000 femur=0.00000
2026-05-22 16:42:44 [INFO] Step 10/54 Loss=17.8131 mse=0.1141 v_opt=0.12277 v_mand=0.05383 ptv=0.0961 ptv_max=0.00000 ring=0.00001 smooth=0.0193 laplacian=0.0597 beam=0.42654 homogeneity=0.0041 body=0.00000 bowel=0.00000 femur=0.00000
2026-05-22 16:42:47 [INFO] Step 15/54 Loss=17.0962 mse=0.2294 v_opt=0.00303 v_mand=0.00008 ptv=0.0398 ptv_max=0.00033 ring=0.00002 smooth=0.0231 laplacian=0.0678 beam=0.41474 homogeneity=0.0041 body=0.00000 bowel=0.00564 femur=0.00060
2026-05-22 16:42:50 [INFO] Step 20/54 Loss=12.2983 mse=0.2123 v_opt=0.00003 v_mand=0.00000 ptv=0.0825 ptv_max=0.00004 ring=0.00001 smooth=0.0187 laplacian=0.0551 beam=0.23058 homogeneity=0.0050 body=0.00000 bowel=0.00000 femur=0.00000
2026-05-22 16:42:56 [INFO] Step 25/54 Loss=16.4342 mse=0.2201 v_opt=0.00205 v_mand=0.00000 ptv=0.0457 ptv_max=0.00076 ring=0.00003 smooth=0.0220 laplacian=0.0691 beam=0.39459 homogeneity=0.0062 body=0.00000 bowel=0.00001 femur=0.00005
2026-05-22 16:42:59 [INFO] Step 30/54 Loss=11.3669 mse=0.1934 v_opt=0.01835 v_mand=0.00125 ptv=0.0526 ptv_max=0.00005 ring=0.00004 smooth=0.0206 laplacian=0.0629 beam=0.22007 homogeneity=0.0026 body=0.00000 bowel=0.00074 femur=0.00000
2026-05-22 16:43:02 [INFO] Step 35/54 Loss=6.7459 mse=0.0915 v_opt=0.01103 v_mand=0.00000 ptv=0.0710 ptv_max=0.00003 ring=0.00003 smooth=0.0169 laplacian=0.0479 beam=0.13609 homogeneity=0.0031 body=0.00000 bowel=0.00000 femur=0.00000
2026-05-22 16:43:04 [INFO] Step 40/54 Loss=9.5504 mse=0.1794 v_opt=0.04089 v_mand=0.00396 ptv=0.0350 ptv_max=0.00050 ring=0.00007 smooth=0.0212 laplacian=0.0664 beam=0.15695 homogeneity=0.0041 body=0.00000 bowel=0.00000 femur=0.00000
2026-05-22 16:43:10 [INFO] Step 45/54 Loss=17.8142 mse=0.2492 v_opt=0.00000 v_mand=0.00000 ptv=0.0575 ptv_max=0.00014 ring=0.00010 smooth=0.0239 laplacian=0.0736 beam=0.41803 homogeneity=0.0053 body=0.00000 bowel=0.00253 femur=0.00000
2026-05-22 16:43:13 [INFO] Step 50/54 Loss=9.5292 mse=0.2045 v_opt=0.02203 v_mand=0.00183 ptv=0.0501 ptv_max=0.00011 ring=0.00003 smooth=0.0195 laplacian=0.0582 beam=0.13066 homogeneity=0.0032 body=0.00000 bowel=0.00810 femur=0.00000
2026-05-22 16:43:15 [INFO] Step 54/54 Loss=16.2586 mse=0.1557 v_opt=0.08621 v_mand=0.03563 ptv=0.0562 ptv_max=0.00002 ring=0.00002 smooth=0.0241 laplacian=0.0731 beam=0.37691 homogeneity=0.0017 body=0.00000 bowel=0.00000 femur=0.00000
2026-05-22 16:43:15 [INFO] Running validation at epoch 44...
2026-05-22 16:43:45 [INFO] Epoch 44 Summary: Train=13.2413 Val=0.0183 (MSE=0.0183)
          Metrics: PTV_D95=56.03Gy Bladder=26.32Gy Rectum=28.73Gy
          Metrics: Ring=47.41Gy Dmax=146.68Gy BG=31.34Gy
2026-05-22 16:43:45 [INFO] [PHYSICS] Saved best model val_loss=0.0183
2026-05-22 16:43:45 [INFO] [CLINICAL] Saved best model Score=47.848 PTV_D95=56.03Gy Bladder=26.32Gy Rectum=28.73Gy
2026-05-22 16:43:45 [INFO] Epoch 45/100 [FULL PHYSICS] ramp=1.000 lr=5.98e-05
2026-05-22 16:43:51 [INFO] Step 5/54 Loss=8.2424 mse=0.1693 v_opt=0.02021 v_mand=0.00088 ptv=0.0498 ptv_max=0.00025 ring=0.00001 smooth=0.0181 laplacian=0.0543 beam=0.12098 homogeneity=0.0038 body=0.00000 bowel=0.00000 femur=0.00000
2026-05-22 16:43:54 [INFO] Step 10/54 Loss=11.4177 mse=0.2282 v_opt=0.01419 v_mand=0.00084 ptv=0.0448 ptv_max=0.00025 ring=0.00003 smooth=0.0186 laplacian=0.0566 beam=0.19007 homogeneity=0.0036 body=0.00000 bowel=0.00217 femur=0.00000
2026-05-22 16:43:57 [INFO] Step 15/54 Loss=14.2877 mse=0.1826 v_opt=0.00000 v_mand=0.00000 ptv=0.0599 ptv_max=0.00006 ring=0.00001 smooth=0.0266 laplacian=0.0780 beam=0.34571 homogeneity=0.0029 body=0.00000 bowel=0.00000 femur=0.00000
2026-05-22 16:44:00 [INFO] Step 20/54 Loss=12.0843 mse=0.2104 v_opt=0.00003 v_mand=0.00000 ptv=0.0436 ptv_max=0.00026 ring=0.00001 smooth=0.0211 laplacian=0.0660 beam=0.23670 homogeneity=0.0040 body=0.00000 bowel=0.00000 femur=0.00000
2026-05-22 16:44:05 [INFO] Step 25/54 Loss=17.9673 mse=0.2499 v_opt=0.00000 v_mand=0.00000 ptv=0.0334 ptv_max=0.00093 ring=0.00002 smooth=0.0233 laplacian=0.0725 beam=0.42949 homogeneity=0.0061 body=0.00000 bowel=0.00000 femur=0.00000
2026-05-22 16:44:08 [INFO] Step 30/54 Loss=16.0907 mse=0.1611 v_opt=0.02344 v_mand=0.00177 ptv=0.0748 ptv_max=0.00003 ring=0.00002 smooth=0.0216 laplacian=0.0616 beam=0.43039 homogeneity=0.0043 body=0.00000 bowel=0.00000 femur=0.00000
2026-05-22 16:44:11 [INFO] Step 35/54 Loss=8.7914 mse=0.1319 v_opt=0.02342 v_mand=0.00293 ptv=0.0746 ptv_max=0.00005 ring=0.00002 smooth=0.0205 laplacian=0.0591 beam=0.16507 homogeneity=0.0052 body=0.00000 bowel=0.00000 femur=0.00000
2026-05-22 16:44:14 [INFO] Step 40/54 Loss=12.1530 mse=0.2040 v_opt=0.01738 v_mand=0.00098 ptv=0.0563 ptv_max=0.00024 ring=0.00002 smooth=0.0288 laplacian=0.0836 beam=0.23352 homogeneity=0.0043 body=0.00000 bowel=0.00000 femur=0.00000
2026-05-22 16:44:19 [INFO] Step 45/54 Loss=16.4975 mse=0.2323 v_opt=0.00933 v_mand=0.00006 ptv=0.0515 ptv_max=0.00017 ring=0.00007 smooth=0.0243 laplacian=0.0713 beam=0.38642 homogeneity=0.0037 body=0.00000 bowel=0.00000 femur=0.00083
2026-05-22 16:44:22 [INFO] Step 50/54 Loss=22.8275 mse=0.3975 v_opt=0.05265 v_mand=0.00408 ptv=0.0101 ptv_max=0.00459 ring=0.00019 smooth=0.0326 laplacian=0.1064 beam=0.43879 homogeneity=0.0127 body=0.00000 bowel=0.00000 femur=0.00000
2026-05-22 16:44:24 [INFO] Step 54/54 Loss=14.1790 mse=0.1629 v_opt=0.03465 v_mand=0.00263 ptv=0.0628 ptv_max=0.00003 ring=0.00003 smooth=0.0177 laplacian=0.0536 beam=0.35747 homogeneity=0.0024 body=0.00000 bowel=0.00018 femur=0.00002
2026-05-22 16:44:24 [INFO] Running validation at epoch 45...
2026-05-22 16:44:54 [INFO] Epoch 45 Summary: Train=13.2181 Val=0.0182 (MSE=0.0182)
          Metrics: PTV_D95=54.24Gy Bladder=24.98Gy Rectum=30.47Gy
          Metrics: Ring=45.59Gy Dmax=156.27Gy BG=31.25Gy
2026-05-22 16:44:54 [INFO] [PHYSICS] Saved best model val_loss=0.0182
2026-05-22 16:44:54 [INFO] Epoch 46/100 [FULL PHYSICS] ramp=1.000 lr=5.82e-05
2026-05-22 16:45:00 [INFO] Step 5/54 Loss=13.0479 mse=0.1808 v_opt=0.00000 v_mand=0.00000 ptv=0.0692 ptv_max=0.00009 ring=0.00003 smooth=0.0256 laplacian=0.0789 beam=0.29337 homogeneity=0.0034 body=0.00000 bowel=0.00000 femur=0.00000
2026-05-22 16:45:03 [INFO] Step 10/54 Loss=11.7132 mse=0.0958 v_opt=0.00000 v_mand=0.00000 ptv=0.0353 ptv_max=0.00042 ring=0.00001 smooth=0.0146 laplacian=0.0427 beam=0.34340 homogeneity=0.0044 body=0.00000 bowel=0.00000 femur=0.00000
2026-05-22 16:45:06 [INFO] Step 15/54 Loss=14.5041 mse=0.2124 v_opt=0.00806 v_mand=0.00000 ptv=0.0646 ptv_max=0.00007 ring=0.00004 smooth=0.0310 laplacian=0.0931 beam=0.31764 homogeneity=0.0041 body=0.00000 bowel=0.00000 femur=0.00000
2026-05-22 16:45:09 [INFO] Step 20/54 Loss=10.2444 mse=0.2009 v_opt=0.05203 v_mand=0.01368 ptv=0.0408 ptv_max=0.00021 ring=0.00004 smooth=0.0210 laplacian=0.0629 beam=0.14336 homogeneity=0.0036 body=0.00000 bowel=0.00000 femur=0.00006
2026-05-22 16:45:13 [INFO] Step 25/54 Loss=13.1628 mse=0.2309 v_opt=0.02749 v_mand=0.00251 ptv=0.0410 ptv_max=0.00027 ring=0.00000 smooth=0.0183 laplacian=0.0573 beam=0.24694 homogeneity=0.0036 body=0.00000 bowel=0.01390 femur=0.00006
2026-05-22 16:45:17 [INFO] Step 30/54 Loss=8.0711 mse=0.1686 v_opt=0.00499 v_mand=0.00011 ptv=0.0484 ptv_max=0.00071 ring=0.00001 smooth=0.0205 laplacian=0.0625 beam=0.11177 homogeneity=0.0062 body=0.00000 bowel=0.00000 femur=0.00000
2026-05-22 16:45:20 [INFO] Step 35/54 Loss=23.8421 mse=0.1521 v_opt=0.23689 v_mand=0.13722 ptv=0.2128 ptv_max=0.00000 ring=0.00096 smooth=0.0180 laplacian=0.0545 beam=0.39900 homogeneity=0.0148 body=0.00000 bowel=0.00000 femur=0.00000
2026-05-22 16:45:23 [INFO] Step 40/54 Loss=9.7585 mse=0.1497 v_opt=0.00026 v_mand=0.00000 ptv=0.0665 ptv_max=0.00004 ring=0.00001 smooth=0.0188 laplacian=0.0552 beam=0.19866 homogeneity=0.0042 body=0.00000 bowel=0.00000 femur=0.00000
2026-05-22 16:45:27 [INFO] Step 45/54 Loss=17.8113 mse=0.2656 v_opt=0.07373 v_mand=0.01806 ptv=0.0401 ptv_max=0.00028 ring=0.00002 smooth=0.0204 laplacian=0.0634 beam=0.35569 homogeneity=0.0041 body=0.00000 bowel=0.00898 femur=0.02331
2026-05-22 16:45:31 [INFO] Step 50/54 Loss=22.7997 mse=0.2182 v_opt=0.26679 v_mand=0.15607 ptv=0.0723 ptv_max=0.00001 ring=0.00002 smooth=0.0197 laplacian=0.0623 beam=0.31577 homogeneity=0.0029 body=0.00000 bowel=0.00000 femur=0.00000
2026-05-22 16:45:33 [INFO] Step 54/54 Loss=12.8546 mse=0.0971 v_opt=0.00000 v_mand=0.00000 ptv=0.0000 ptv_max=0.00000 ring=0.00000 smooth=0.0161 laplacian=0.0473 beam=0.40702 homogeneity=0.0000 body=0.00000 bowel=0.00000 femur=0.00000
2026-05-22 16:45:33 [INFO] Running validation at epoch 46...
2026-05-22 16:46:03 [INFO] Epoch 46 Summary: Train=13.6851 Val=0.0177 (MSE=0.0177)
          Metrics: PTV_D95=51.53Gy Bladder=22.90Gy Rectum=27.14Gy
          Metrics: Ring=43.38Gy Dmax=140.98Gy BG=31.04Gy
2026-05-22 16:46:03 [INFO] [PHYSICS] Saved best model val_loss=0.0177
2026-05-22 16:46:03 [INFO] Epoch 47/100 [FULL PHYSICS] ramp=1.000 lr=5.67e-05
2026-05-22 16:46:09 [INFO] Step 5/54 Loss=16.0234 mse=0.2136 v_opt=0.00023 v_mand=0.00000 ptv=0.0500 ptv_max=0.00043 ring=0.00002 smooth=0.0240 laplacian=0.0749 beam=0.38295 homogeneity=0.0055 body=0.00000 bowel=0.00000 femur=0.00343
2026-05-22 16:46:13 [INFO] Step 10/54 Loss=10.3236 mse=0.3029 v_opt=0.00225 v_mand=0.00075 ptv=0.0329 ptv_max=0.00084 ring=0.00005 smooth=0.0256 laplacian=0.0745 beam=0.07024 homogeneity=0.0049 body=0.00000 bowel=0.00000 femur=0.00000
2026-05-22 16:46:16 [INFO] Step 15/54 Loss=15.4775 mse=0.1860 v_opt=0.02383 v_mand=0.00295 ptv=0.0560 ptv_max=0.00005 ring=0.00004 smooth=0.0226 laplacian=0.0703 beam=0.38553 homogeneity=0.0025 body=0.00000 bowel=0.00005 femur=0.00000
2026-05-22 16:46:18 [INFO] Step 20/54 Loss=14.1401 mse=0.2081 v_opt=0.00148 v_mand=0.00000 ptv=0.0587 ptv_max=0.00006 ring=0.00003 smooth=0.0202 laplacian=0.0613 beam=0.31829 homogeneity=0.0026 body=0.00000 bowel=0.00000 femur=0.00010
2026-05-22 16:46:24 [INFO] Step 25/54 Loss=22.3809 mse=0.3851 v_opt=0.05542 v_mand=0.01509 ptv=0.0050 ptv_max=0.00541 ring=0.00019 smooth=0.0279 laplacian=0.0886 beam=0.41055 homogeneity=0.0144 body=0.00000 bowel=0.00000 femur=0.00000
2026-05-22 16:46:27 [INFO] Step 30/54 Loss=16.7572 mse=0.1889 v_opt=0.02982 v_mand=0.00463 ptv=0.0431 ptv_max=0.00006 ring=0.00000 smooth=0.0216 laplacian=0.0655 beam=0.43620 homogeneity=0.0024 body=0.00000 bowel=0.00000 femur=0.00000
2026-05-22 16:46:30 [INFO] Step 35/54 Loss=14.6758 mse=0.1487 v_opt=0.01884 v_mand=0.00382 ptv=0.0238 ptv_max=0.00100 ring=0.00002 smooth=0.0188 laplacian=0.0589 beam=0.39638 homogeneity=0.0060 body=0.00000 bowel=0.00000 femur=0.00000
2026-05-22 16:46:33 [INFO] Step 40/54 Loss=11.4923 mse=0.1267 v_opt=0.00339 v_mand=0.00146 ptv=0.0243 ptv_max=0.00105 ring=0.00001 smooth=0.0207 laplacian=0.0628 beam=0.29603 homogeneity=0.0055 body=0.00000 bowel=0.00000 femur=0.00000
2026-05-22 16:46:38 [INFO] Step 45/54 Loss=12.5196 mse=0.1296 v_opt=0.01525 v_mand=0.00054 ptv=0.1022 ptv_max=0.00003 ring=0.00004 smooth=0.0181 laplacian=0.0509 beam=0.30807 homogeneity=0.0110 body=0.00000 bowel=0.00000 femur=0.00000
2026-05-22 16:46:41 [INFO] Step 50/54 Loss=17.6476 mse=0.1119 v_opt=0.13789 v_mand=0.06069 ptv=0.1176 ptv_max=0.00002 ring=0.00001 smooth=0.0189 laplacian=0.0570 beam=0.39341 homogeneity=0.0110 body=0.00000 bowel=0.00000 femur=0.00000
2026-05-22 16:46:43 [INFO] Step 54/54 Loss=9.1789 mse=0.1651 v_opt=0.00000 v_mand=0.00000 ptv=0.0572 ptv_max=0.00014 ring=0.00002 smooth=0.0230 laplacian=0.0715 beam=0.16016 homogeneity=0.0036 body=0.00000 bowel=0.00000 femur=0.00000
2026-05-22 16:46:43 [INFO] Running validation at epoch 47...
2026-05-22 16:47:13 [INFO] Epoch 47 Summary: Train=13.6752 Val=0.0171 (MSE=0.0171)
          Metrics: PTV_D95=52.63Gy Bladder=24.66Gy Rectum=24.83Gy
          Metrics: Ring=44.55Gy Dmax=148.42Gy BG=30.40Gy
2026-05-22 16:47:13 [INFO] [PHYSICS] Saved best model val_loss=0.0171
2026-05-22 16:47:13 [INFO] Epoch 48/100 [FULL PHYSICS] ramp=1.000 lr=5.52e-05
2026-05-22 16:47:19 [INFO] Step 5/54 Loss=13.4899 mse=0.3118 v_opt=0.01645 v_mand=0.00053 ptv=0.0584 ptv_max=0.00004 ring=0.00003 smooth=0.0164 laplacian=0.0486 beam=0.18927 homogeneity=0.0025 body=0.00000 bowel=0.00000 femur=0.00049
2026-05-22 16:47:22 [INFO] Step 10/54 Loss=14.4772 mse=0.1290 v_opt=0.00000 v_mand=0.00000 ptv=0.0000 ptv_max=0.00000 ring=0.00000 smooth=0.0199 laplacian=0.0595 beam=0.43737 homogeneity=0.0000 body=0.00000 bowel=0.00000 femur=0.00000
2026-05-22 16:47:25 [INFO] Step 15/54 Loss=8.4220 mse=0.1425 v_opt=0.00000 v_mand=0.00000 ptv=0.0566 ptv_max=0.00004 ring=0.00000 smooth=0.0183 laplacian=0.0528 beam=0.15819 homogeneity=0.0026 body=0.00000 bowel=0.00000 femur=0.00000
2026-05-22 16:47:28 [INFO] Step 20/54 Loss=11.3246 mse=0.1456 v_opt=0.00000 v_mand=0.00000 ptv=0.0446 ptv_max=0.00021 ring=0.00001 smooth=0.0208 laplacian=0.0640 beam=0.27176 homogeneity=0.0036 body=0.00000 bowel=0.00000 femur=0.00000
2026-05-22 16:47:33 [INFO] Step 25/54 Loss=4.4627 mse=0.1032 v_opt=0.02519 v_mand=0.00173 ptv=0.0629 ptv_max=0.00012 ring=0.00002 smooth=0.0179 laplacian=0.0536 beam=0.02903 homogeneity=0.0044 body=0.00000 bowel=0.00000 femur=0.00000
2026-05-22 16:47:37 [INFO] Step 30/54 Loss=12.7968 mse=0.1800 v_opt=0.00065 v_mand=0.00000 ptv=0.0574 ptv_max=0.00006 ring=0.00004 smooth=0.0215 laplacian=0.0626 beam=0.29266 homogeneity=0.0031 body=0.00000 bowel=0.00000 femur=0.00000
2026-05-22 16:47:40 [INFO] Step 35/54 Loss=9.9378 mse=0.1499 v_opt=0.00615 v_mand=0.00004 ptv=0.0512 ptv_max=0.00038 ring=0.00003 smooth=0.0201 laplacian=0.0614 beam=0.20744 homogeneity=0.0047 body=0.00000 bowel=0.00000 femur=0.00000
2026-05-22 16:47:43 [INFO] Step 40/54 Loss=12.1947 mse=0.1248 v_opt=0.01275 v_mand=0.00027 ptv=0.0928 ptv_max=0.00014 ring=0.00010 smooth=0.0163 laplacian=0.0467 beam=0.30796 homogeneity=0.0064 body=0.00000 bowel=0.00000 femur=0.00088
2026-05-22 16:47:49 [INFO] Step 45/54 Loss=8.1604 mse=0.1356 v_opt=0.01101 v_mand=0.00000 ptv=0.0499 ptv_max=0.00007 ring=0.00005 smooth=0.0189 laplacian=0.0549 beam=0.15571 homogeneity=0.0027 body=0.00000 bowel=0.00000 femur=0.00000
2026-05-22 16:47:52 [INFO] Step 50/54 Loss=14.8758 mse=0.2384 v_opt=0.01182 v_mand=0.00056 ptv=0.0370 ptv_max=0.00019 ring=0.00001 smooth=0.0285 laplacian=0.0806 beam=0.31848 homogeneity=0.0029 body=0.00000 bowel=0.00093 femur=0.00000
2026-05-22 16:47:54 [INFO] Step 54/54 Loss=20.7779 mse=0.3782 v_opt=0.03896 v_mand=0.00566 ptv=0.0163 ptv_max=0.00221 ring=0.00007 smooth=0.0242 laplacian=0.0786 beam=0.39509 homogeneity=0.0086 body=0.00000 bowel=0.00000 femur=0.00000
2026-05-22 16:47:54 [INFO] Running validation at epoch 48...
2026-05-22 16:48:23 [INFO] Epoch 48 Summary: Train=12.2063 Val=0.0168 (MSE=0.0168)
          Metrics: PTV_D95=56.25Gy Bladder=24.44Gy Rectum=29.47Gy
          Metrics: Ring=46.95Gy Dmax=143.71Gy BG=30.13Gy
2026-05-22 16:48:23 [INFO] [PHYSICS] Saved best model val_loss=0.0168
2026-05-22 16:48:23 [INFO] Epoch 49/100 [FULL PHYSICS] ramp=1.000 lr=5.36e-05
2026-05-22 16:48:29 [INFO] Step 5/54 Loss=105.9663 mse=0.0905 v_opt=2.08191 v_mand=1.77619 ptv=0.1297 ptv_max=0.00007 ring=0.00003 smooth=0.0171 laplacian=0.0490 beam=0.36135 homogeneity=0.0063 body=0.00000 bowel=0.00000 femur=0.00000
2026-05-22 16:48:32 [INFO] Step 10/54 Loss=11.1175 mse=0.2057 v_opt=0.00550 v_mand=0.00263 ptv=0.0392 ptv_max=0.00060 ring=0.00001 smooth=0.0209 laplacian=0.0625 beam=0.19622 homogeneity=0.0054 body=0.00000 bowel=0.00000 femur=0.00042
2026-05-22 16:48:35 [INFO] Step 15/54 Loss=10.8096 mse=0.2363 v_opt=0.00179 v_mand=0.00019 ptv=0.0331 ptv_max=0.00037 ring=0.00001 smooth=0.0181 laplacian=0.0568 beam=0.16466 homogeneity=0.0039 body=0.00000 bowel=0.00031 femur=0.00000
2026-05-22 16:48:38 [INFO] Step 20/54 Loss=12.7790 mse=0.1409 v_opt=0.00208 v_mand=0.00000 ptv=0.0572 ptv_max=0.00013 ring=0.00001 smooth=0.0203 laplacian=0.0596 beam=0.33023 homogeneity=0.0044 body=0.00000 bowel=0.00000 femur=0.00000
2026-05-22 16:48:44 [INFO] Step 25/54 Loss=9.8705 mse=0.1321 v_opt=0.05199 v_mand=0.01171 ptv=0.0657 ptv_max=0.00019 ring=0.00002 smooth=0.0198 laplacian=0.0564 beam=0.19135 homogeneity=0.0054 body=0.00000 bowel=0.00000 femur=0.00000
2026-05-22 16:48:46 [INFO] Step 30/54 Loss=8.7795 mse=0.1735 v_opt=0.03041 v_mand=0.00425 ptv=0.0504 ptv_max=0.00061 ring=0.00001 smooth=0.0187 laplacian=0.0581 beam=0.12639 homogeneity=0.0052 body=0.00000 bowel=0.00000 femur=0.00000
2026-05-22 16:48:50 [INFO] Step 35/54 Loss=8.5327 mse=0.1877 v_opt=0.00578 v_mand=0.00000 ptv=0.0470 ptv_max=0.00005 ring=0.00001 smooth=0.0251 laplacian=0.0696 beam=0.11731 homogeneity=0.0023 body=0.00000 bowel=0.00000 femur=0.00000
2026-05-22 16:48:53 [INFO] Step 40/54 Loss=12.0408 mse=0.1852 v_opt=0.00261 v_mand=0.00091 ptv=0.0673 ptv_max=0.00004 ring=0.00003 smooth=0.0246 laplacian=0.0697 beam=0.25001 homogeneity=0.0029 body=0.00000 bowel=0.00000 femur=0.00000
2026-05-22 16:48:58 [INFO] Step 45/54 Loss=8.1300 mse=0.1264 v_opt=0.05084 v_mand=0.00883 ptv=0.0818 ptv_max=0.00006 ring=0.00001 smooth=0.0162 laplacian=0.0462 beam=0.13069 homogeneity=0.0043 body=0.00000 bowel=0.00000 femur=0.00000
2026-05-22 16:49:01 [INFO] Step 50/54 Loss=12.7588 mse=0.1277 v_opt=0.06993 v_mand=0.01057 ptv=0.0448 ptv_max=0.00003 ring=0.00000 smooth=0.0146 laplacian=0.0415 beam=0.32718 homogeneity=0.0021 body=0.00000 bowel=0.00000 femur=0.00000
2026-05-22 16:49:03 [INFO] Step 54/54 Loss=13.6078 mse=0.1174 v_opt=0.01975 v_mand=0.00111 ptv=0.0602 ptv_max=0.00012 ring=0.00013 smooth=0.0194 laplacian=0.0575 beam=0.38331 homogeneity=0.0033 body=0.00000 bowel=0.00000 femur=0.00000
2026-05-22 16:49:03 [INFO] Running validation at epoch 49...
2026-05-22 16:49:33 [INFO] Epoch 49 Summary: Train=13.5329 Val=0.0161 (MSE=0.0161)
          Metrics: PTV_D95=55.39Gy Bladder=27.88Gy Rectum=27.11Gy
          Metrics: Ring=46.56Gy Dmax=149.02Gy BG=29.57Gy
2026-05-22 16:49:33 [INFO] [PHYSICS] Saved best model val_loss=0.0161
2026-05-22 16:49:33 [INFO] Epoch 50/100 [FULL PHYSICS] ramp=1.000 lr=5.21e-05
2026-05-22 16:49:39 [INFO] Step 5/54 Loss=17.7762 mse=0.2660 v_opt=0.00962 v_mand=0.00003 ptv=0.0274 ptv_max=0.00075 ring=0.00003 smooth=0.0201 laplacian=0.0624 beam=0.41164 homogeneity=0.0049 body=0.00000 bowel=0.00000 femur=0.00000
2026-05-22 16:49:42 [INFO] Step 10/54 Loss=12.6381 mse=0.1223 v_opt=0.00469 v_mand=0.00008 ptv=0.0580 ptv_max=0.00009 ring=0.00002 smooth=0.0202 laplacian=0.0606 beam=0.34317 homogeneity=0.0035 body=0.00000 bowel=0.00000 femur=0.00000
2026-05-22 16:49:45 [INFO] Step 15/54 Loss=16.8037 mse=0.1835 v_opt=0.00000 v_mand=0.00000 ptv=0.0482 ptv_max=0.00014 ring=0.00013 smooth=0.0255 laplacian=0.0750 beam=0.44947 homogeneity=0.0034 body=0.00000 bowel=0.00000 femur=0.00037
2026-05-22 16:49:48 [INFO] Step 20/54 Loss=9.2244 mse=0.1290 v_opt=0.00034 v_mand=0.00000 ptv=0.1334 ptv_max=0.00001 ring=0.00001 smooth=0.0263 laplacian=0.0738 beam=0.15562 homogeneity=0.0128 body=0.00000 bowel=0.00799 femur=0.00000
2026-05-22 16:49:53 [INFO] Step 25/54 Loss=8.0561 mse=0.1531 v_opt=0.00422 v_mand=0.00000 ptv=0.0985 ptv_max=0.00009 ring=0.00002 smooth=0.0236 laplacian=0.0669 beam=0.10325 homogeneity=0.0125 body=0.00000 bowel=0.00207 femur=0.00000
2026-05-22 16:49:56 [INFO] Step 30/54 Loss=10.5978 mse=0.1743 v_opt=0.03404 v_mand=0.00510 ptv=0.0560 ptv_max=0.00009 ring=0.00006 smooth=0.0244 laplacian=0.0731 beam=0.19609 homogeneity=0.0025 body=0.00000 bowel=0.00000 femur=0.00000
2026-05-22 16:49:59 [INFO] Step 35/54 Loss=8.5794 mse=0.1153 v_opt=0.01898 v_mand=0.00109 ptv=0.0536 ptv_max=0.00028 ring=0.00002 smooth=0.0182 laplacian=0.0562 beam=0.18522 homogeneity=0.0048 body=0.00000 bowel=0.00000 femur=0.00000
2026-05-22 16:50:02 [INFO] Step 40/54 Loss=11.9265 mse=0.1625 v_opt=0.00457 v_mand=0.00001 ptv=0.0609 ptv_max=0.00007 ring=0.00001 smooth=0.0182 laplacian=0.0527 beam=0.27373 homogeneity=0.0043 body=0.00000 bowel=0.00157 femur=0.00000
2026-05-22 16:50:06 [INFO] Step 45/54 Loss=14.9888 mse=0.1872 v_opt=0.00010 v_mand=0.00000 ptv=0.0785 ptv_max=0.00004 ring=0.00001 smooth=0.0204 laplacian=0.0616 beam=0.36364 homogeneity=0.0049 body=0.00000 bowel=0.00000 femur=0.00000
2026-05-22 16:50:10 [INFO] Step 50/54 Loss=14.3411 mse=0.1551 v_opt=0.00008 v_mand=0.00000 ptv=0.0263 ptv_max=0.00042 ring=0.00001 smooth=0.0189 laplacian=0.0564 beam=0.38988 homogeneity=0.0040 body=0.00000 bowel=0.00061 femur=0.00000
2026-05-22 16:50:13 [INFO] Step 54/54 Loss=8.5971 mse=0.1445 v_opt=0.00000 v_mand=0.00000 ptv=0.0518 ptv_max=0.00039 ring=0.00004 smooth=0.0205 laplacian=0.0597 beam=0.15955 homogeneity=0.0050 body=0.00000 bowel=0.00000 femur=0.00000
2026-05-22 16:50:13 [INFO] Running validation at epoch 50...
2026-05-22 16:50:42 [INFO] Epoch 50 Summary: Train=13.9910 Val=0.0154 (MSE=0.0154)
          Metrics: PTV_D95=54.57Gy Bladder=25.56Gy Rectum=29.17Gy
          Metrics: Ring=45.94Gy Dmax=155.19Gy BG=28.97Gy
2026-05-22 16:50:42 [INFO] [PHYSICS] Saved best model val_loss=0.0154
2026-05-22 16:50:42 [INFO] Epoch 51/100 [FULL PHYSICS] ramp=1.000 lr=5.05e-05
2026-05-22 16:50:49 [INFO] Step 5/54 Loss=13.5025 mse=0.2414 v_opt=0.00686 v_mand=0.00000 ptv=0.0446 ptv_max=0.00023 ring=0.00001 smooth=0.0272 laplacian=0.0828 beam=0.25806 homogeneity=0.0039 body=0.00000 bowel=0.00000 femur=0.00014
2026-05-22 16:50:52 [INFO] Step 10/54 Loss=8.0443 mse=0.2275 v_opt=0.00577 v_mand=0.00289 ptv=0.0273 ptv_max=0.00054 ring=0.00002 smooth=0.0225 laplacian=0.0646 beam=0.05662 homogeneity=0.0043 body=0.00000 bowel=0.00000 femur=0.00000
2026-05-22 16:50:55 [INFO] Step 15/54 Loss=9.1359 mse=0.0838 v_opt=0.00031 v_mand=0.00000 ptv=0.0489 ptv_max=0.00009 ring=0.00000 smooth=0.0116 laplacian=0.0333 beam=0.25167 homogeneity=0.0034 body=0.00000 bowel=0.00000 femur=0.00000
2026-05-22 16:50:57 [INFO] Step 20/54 Loss=12.1007 mse=0.1791 v_opt=0.00633 v_mand=0.00000 ptv=0.0741 ptv_max=0.00002 ring=0.00000 smooth=0.0155 laplacian=0.0462 beam=0.26206 homogeneity=0.0034 body=0.00000 bowel=0.00000 femur=0.00000
2026-05-22 16:51:03 [INFO] Step 25/54 Loss=10.6221 mse=0.1638 v_opt=0.01310 v_mand=0.00021 ptv=0.0445 ptv_max=0.00014 ring=0.00004 smooth=0.0218 laplacian=0.0657 beam=0.22459 homogeneity=0.0029 body=0.00000 bowel=0.00000 femur=0.00000
2026-05-22 16:51:06 [INFO] Step 30/54 Loss=13.7277 mse=0.1655 v_opt=0.02893 v_mand=0.00302 ptv=0.0499 ptv_max=0.00008 ring=0.00004 smooth=0.0195 laplacian=0.0566 beam=0.33994 homogeneity=0.0033 body=0.00000 bowel=0.00000 femur=0.00019
2026-05-22 16:51:08 [INFO] Step 35/54 Loss=14.1006 mse=0.1960 v_opt=0.00150 v_mand=0.00000 ptv=0.0513 ptv_max=0.00050 ring=0.00001 smooth=0.0211 laplacian=0.0610 beam=0.32561 homogeneity=0.0071 body=0.00000 bowel=0.00000 femur=0.00001
2026-05-22 16:51:11 [INFO] Step 40/54 Loss=10.2912 mse=0.1527 v_opt=0.00700 v_mand=0.00000 ptv=0.0746 ptv_max=0.00003 ring=0.00002 smooth=0.0161 laplacian=0.0457 beam=0.20487 homogeneity=0.0038 body=0.00000 bowel=0.01781 femur=0.00000
2026-05-22 16:51:16 [INFO] Step 45/54 Loss=16.4377 mse=0.1156 v_opt=0.00000 v_mand=0.00000 ptv=0.2736 ptv_max=0.00322 ring=0.00084 smooth=0.0150 laplacian=0.0420 beam=0.37934 homogeneity=0.0293 body=0.00000 bowel=0.00142 femur=0.00000
2026-05-22 16:51:19 [INFO] Step 50/54 Loss=14.2927 mse=0.1502 v_opt=0.01537 v_mand=0.00003 ptv=0.0405 ptv_max=0.00011 ring=0.00004 smooth=0.0200 laplacian=0.0597 beam=0.37279 homogeneity=0.0026 body=0.00000 bowel=0.00000 femur=0.03941
2026-05-22 16:51:21 [INFO] Step 54/54 Loss=17.5912 mse=0.2999 v_opt=0.01087 v_mand=0.00000 ptv=0.0169 ptv_max=0.00106 ring=0.00001 smooth=0.0223 laplacian=0.0695 beam=0.37029 homogeneity=0.0058 body=0.00000 bowel=0.00000 femur=0.00000
2026-05-22 16:51:21 [INFO] Running validation at epoch 51...
2026-05-22 16:51:51 [INFO] Epoch 51 Summary: Train=12.6149 Val=0.0149 (MSE=0.0149)
          Metrics: PTV_D95=52.93Gy Bladder=24.20Gy Rectum=28.16Gy
          Metrics: Ring=44.81Gy Dmax=153.13Gy BG=28.23Gy
2026-05-22 16:51:51 [INFO] [PHYSICS] Saved best model val_loss=0.0149
2026-05-22 16:51:51 [INFO] Epoch 52/100 [FULL PHYSICS] ramp=1.000 lr=4.89e-05
2026-05-22 16:51:57 [INFO] Step 5/54 Loss=16.3940 mse=0.1845 v_opt=0.00104 v_mand=0.00000 ptv=0.0340 ptv_max=0.00035 ring=0.00001 smooth=0.0266 laplacian=0.0754 beam=0.43611 homogeneity=0.0040 body=0.00000 bowel=0.00000 femur=0.00000
2026-05-22 16:52:00 [INFO] Step 10/54 Loss=8.6377 mse=0.1702 v_opt=0.00309 v_mand=0.00004 ptv=0.0410 ptv_max=0.00015 ring=0.00001 smooth=0.0260 laplacian=0.0732 beam=0.13952 homogeneity=0.0031 body=0.00000 bowel=0.00000 femur=0.00000
2026-05-22 16:52:03 [INFO] Step 15/54 Loss=12.9143 mse=0.1149 v_opt=0.03245 v_mand=0.00197 ptv=0.0285 ptv_max=0.00057 ring=0.00001 smooth=0.0156 laplacian=0.0471 beam=0.36636 homogeneity=0.0049 body=0.00000 bowel=0.00000 femur=0.00000
2026-05-22 16:52:06 [INFO] Step 20/54 Loss=15.6234 mse=0.1735 v_opt=0.00000 v_mand=0.00000 ptv=0.1253 ptv_max=0.00007 ring=0.00000 smooth=0.0207 laplacian=0.0612 beam=0.37898 homogeneity=0.0111 body=0.00000 bowel=0.00000 femur=0.00017
2026-05-22 16:52:11 [INFO] Step 25/54 Loss=42.6829 mse=0.1991 v_opt=0.68123 v_mand=0.46302 ptv=0.2564 ptv_max=0.00014 ring=0.00012 smooth=0.0196 laplacian=0.0583 beam=0.39041 homogeneity=0.0267 body=0.00000 bowel=0.00000 femur=0.00000
2026-05-22 16:52:14 [INFO] Step 30/54 Loss=12.6933 mse=0.3382 v_opt=0.00623 v_mand=0.00000 ptv=0.0419 ptv_max=0.00009 ring=0.00001 smooth=0.0169 laplacian=0.0503 beam=0.13904 homogeneity=0.0024 body=0.00000 bowel=0.00000 femur=0.00000
2026-05-22 16:52:17 [INFO] Step 35/54 Loss=12.3595 mse=0.2191 v_opt=0.00138 v_mand=0.00000 ptv=0.0423 ptv_max=0.00025 ring=0.00007 smooth=0.0197 laplacian=0.0589 beam=0.24120 homogeneity=0.0037 body=0.00000 bowel=0.00000 femur=0.00000
2026-05-22 16:52:20 [INFO] Step 40/54 Loss=8.8200 mse=0.1180 v_opt=0.00400 v_mand=0.00038 ptv=0.0296 ptv_max=0.00045 ring=0.00000 smooth=0.0178 laplacian=0.0512 beam=0.20482 homogeneity=0.0042 body=0.00000 bowel=0.00000 femur=0.00000
2026-05-22 16:52:25 [INFO] Step 45/54 Loss=8.8499 mse=0.1960 v_opt=0.01888 v_mand=0.00029 ptv=0.0469 ptv_max=0.00016 ring=0.00001 smooth=0.0190 laplacian=0.0523 beam=0.12125 homogeneity=0.0047 body=0.00000 bowel=0.00000 femur=0.00000
2026-05-22 16:52:28 [INFO] Step 50/54 Loss=18.8734 mse=0.2705 v_opt=0.01879 v_mand=0.00130 ptv=0.0203 ptv_max=0.00073 ring=0.00001 smooth=0.0281 laplacian=0.0839 beam=0.44603 homogeneity=0.0049 body=0.00000 bowel=0.00000 femur=0.00000
2026-05-22 16:52:30 [INFO] Step 54/54 Loss=12.1951 mse=0.0950 v_opt=0.00000 v_mand=0.00000 ptv=0.0000 ptv_max=0.00000 ring=0.00000 smooth=0.0244 laplacian=0.0712 beam=0.37759 homogeneity=0.0000 body=0.00000 bowel=0.00000 femur=0.00000
2026-05-22 16:52:30 [INFO] Running validation at epoch 52...
2026-05-22 16:53:00 [INFO] Epoch 52 Summary: Train=12.5024 Val=0.0147 (MSE=0.0147)
          Metrics: PTV_D95=51.25Gy Bladder=20.85Gy Rectum=27.20Gy
          Metrics: Ring=43.12Gy Dmax=153.53Gy BG=27.92Gy
2026-05-22 16:53:00 [INFO] [PHYSICS] Saved best model val_loss=0.0147
2026-05-22 16:53:00 [INFO] Epoch 53/100 [FULL PHYSICS] ramp=1.000 lr=4.74e-05
2026-05-22 16:53:06 [INFO] Step 5/54 Loss=15.3810 mse=0.2312 v_opt=0.00699 v_mand=0.00011 ptv=0.0591 ptv_max=0.00022 ring=0.00003 smooth=0.0244 laplacian=0.0692 beam=0.33927 homogeneity=0.0052 body=0.00000 bowel=0.00000 femur=0.00000
2026-05-22 16:53:09 [INFO] Step 10/54 Loss=8.9329 mse=0.1498 v_opt=0.00642 v_mand=0.00174 ptv=0.0440 ptv_max=0.00026 ring=0.00001 smooth=0.0213 laplacian=0.0636 beam=0.16744 homogeneity=0.0042 body=0.00000 bowel=0.00000 femur=0.00000
2026-05-22 16:53:12 [INFO] Step 15/54 Loss=7.0326 mse=0.1146 v_opt=0.01580 v_mand=0.00109 ptv=0.0693 ptv_max=0.00003 ring=0.00003 smooth=0.0157 laplacian=0.0456 beam=0.11757 homogeneity=0.0036 body=0.00000 bowel=0.00865 femur=0.00000
2026-05-22 16:53:16 [INFO] Step 20/54 Loss=15.8971 mse=0.1791 v_opt=0.00601 v_mand=0.00053 ptv=0.0440 ptv_max=0.00010 ring=0.00004 smooth=0.0257 laplacian=0.0714 beam=0.41950 homogeneity=0.0028 body=0.00000 bowel=0.00000 femur=0.00000
2026-05-22 16:53:21 [INFO] Step 25/54 Loss=9.5003 mse=0.1829 v_opt=0.00330 v_mand=0.00007 ptv=0.0337 ptv_max=0.00028 ring=0.00001 smooth=0.0210 laplacian=0.0610 beam=0.16578 homogeneity=0.0034 body=0.00000 bowel=0.00000 femur=0.00000
2026-05-22 16:53:24 [INFO] Step 30/54 Loss=7.6887 mse=0.1812 v_opt=0.02420 v_mand=0.00190 ptv=0.0271 ptv_max=0.00084 ring=0.00001 smooth=0.0193 laplacian=0.0599 beam=0.08770 homogeneity=0.0053 body=0.00000 bowel=0.00007 femur=0.00000
2026-05-22 16:53:27 [INFO] Step 35/54 Loss=7.7764 mse=0.1303 v_opt=0.00221 v_mand=0.00008 ptv=0.1081 ptv_max=0.00006 ring=0.00001 smooth=0.0221 laplacian=0.0601 beam=0.10352 homogeneity=0.0110 body=0.00000 bowel=0.01930 femur=0.00000
2026-05-22 16:53:30 [INFO] Step 40/54 Loss=7.9459 mse=0.1566 v_opt=0.00000 v_mand=0.00000 ptv=0.0365 ptv_max=0.00030 ring=0.00001 smooth=0.0191 laplacian=0.0580 beam=0.12963 homogeneity=0.0036 body=0.00000 bowel=0.00000 femur=0.00000
2026-05-22 16:53:35 [INFO] Step 45/54 Loss=14.5017 mse=0.1409 v_opt=0.01149 v_mand=0.00023 ptv=0.0596 ptv_max=0.00008 ring=0.00002 smooth=0.0210 laplacian=0.0580 beam=0.39810 homogeneity=0.0037 body=0.00000 bowel=0.00000 femur=0.00000
2026-05-22 16:53:38 [INFO] Step 50/54 Loss=8.6197 mse=0.1432 v_opt=0.06086 v_mand=0.01090 ptv=0.0365 ptv_max=0.00012 ring=0.00001 smooth=0.0116 laplacian=0.0340 beam=0.14990 homogeneity=0.0026 body=0.00000 bowel=0.00057 femur=0.00000
2026-05-22 16:53:40 [INFO] Step 54/54 Loss=10.3832 mse=0.1659 v_opt=0.01453 v_mand=0.00017 ptv=0.0563 ptv_max=0.00007 ring=0.00002 smooth=0.0177 laplacian=0.0525 beam=0.21184 homogeneity=0.0025 body=0.00000 bowel=0.00000 femur=0.00000
2026-05-22 16:53:40 [INFO] Running validation at epoch 53...
2026-05-22 16:54:10 [INFO] Epoch 53 Summary: Train=11.1872 Val=0.0144 (MSE=0.0144)
          Metrics: PTV_D95=54.95Gy Bladder=26.56Gy Rectum=28.16Gy
          Metrics: Ring=45.55Gy Dmax=148.49Gy BG=28.20Gy
2026-05-22 16:54:10 [INFO] [PHYSICS] Saved best model val_loss=0.0144
2026-05-22 16:54:10 [INFO] Epoch 54/100 [FULL PHYSICS] ramp=1.000 lr=4.58e-05
2026-05-22 16:54:16 [INFO] Step 5/54 Loss=19.8659 mse=0.2803 v_opt=0.01492 v_mand=0.00049 ptv=0.0135 ptv_max=0.00286 ring=0.00007 smooth=0.0252 laplacian=0.0780 beam=0.46523 homogeneity=0.0096 body=0.00000 bowel=0.00000 femur=0.00000
2026-05-22 16:54:19 [INFO] Step 10/54 Loss=9.9230 mse=0.1529 v_opt=0.00080 v_mand=0.00001 ptv=0.0502 ptv_max=0.00005 ring=0.00000 smooth=0.0171 laplacian=0.0486 beam=0.21092 homogeneity=0.0027 body=0.00000 bowel=0.00000 femur=0.00000
2026-05-22 16:54:22 [INFO] Step 15/54 Loss=9.4902 mse=0.1872 v_opt=0.00217 v_mand=0.00017 ptv=0.0884 ptv_max=0.00005 ring=0.00001 smooth=0.0255 laplacian=0.0676 beam=0.10978 homogeneity=0.0100 body=0.00000 bowel=0.03996 femur=0.00000
2026-05-22 16:54:25 [INFO] Step 20/54 Loss=13.4785 mse=0.2452 v_opt=0.00000 v_mand=0.00000 ptv=0.0467 ptv_max=0.00002 ring=0.00005 smooth=0.0169 laplacian=0.0518 beam=0.26282 homogeneity=0.0016 body=0.00000 bowel=0.00000 femur=0.00000
2026-05-22 16:54:30 [INFO] Step 25/54 Loss=7.4893 mse=0.1476 v_opt=0.00232 v_mand=0.00001 ptv=0.0603 ptv_max=0.00001 ring=0.00000 smooth=0.0192 laplacian=0.0525 beam=0.11385 homogeneity=0.0031 body=0.00000 bowel=0.00000 femur=0.00000
2026-05-22 16:54:34 [INFO] Step 30/54 Loss=15.0746 mse=0.1383 v_opt=0.03766 v_mand=0.00753 ptv=0.0276 ptv_max=0.00067 ring=0.00002 smooth=0.0190 laplacian=0.0573 beam=0.41538 homogeneity=0.0049 body=0.00000 bowel=0.00000 femur=0.00000
2026-05-22 16:54:36 [INFO] Step 35/54 Loss=16.9035 mse=0.2433 v_opt=0.02620 v_mand=0.00327 ptv=0.0250 ptv_max=0.00161 ring=0.00002 smooth=0.0241 laplacian=0.0700 beam=0.38432 homogeneity=0.0066 body=0.00000 bowel=0.00000 femur=0.00000
2026-05-22 16:54:39 [INFO] Step 40/54 Loss=9.6739 mse=0.0876 v_opt=0.00071 v_mand=0.00000 ptv=0.0918 ptv_max=0.00001 ring=0.00000 smooth=0.0122 laplacian=0.0351 beam=0.25151 homogeneity=0.0044 body=0.00000 bowel=0.00000 femur=0.00000
2026-05-22 16:54:45 [INFO] Step 45/54 Loss=15.4295 mse=0.3189 v_opt=0.00001 v_mand=0.00000 ptv=0.0428 ptv_max=0.00016 ring=0.00003 smooth=0.0200 laplacian=0.0648 beam=0.26415 homogeneity=0.0029 body=0.00000 bowel=0.00000 femur=0.00000
2026-05-22 16:54:48 [INFO] Step 50/54 Loss=12.7222 mse=0.3302 v_opt=0.00120 v_mand=0.00021 ptv=0.0293 ptv_max=0.00061 ring=0.00002 smooth=0.0196 laplacian=0.0565 beam=0.14743 homogeneity=0.0041 body=0.00000 bowel=0.00000 femur=0.00000
2026-05-22 16:54:50 [INFO] Step 54/54 Loss=7.7372 mse=0.1414 v_opt=0.00066 v_mand=0.00003 ptv=0.0401 ptv_max=0.00018 ring=0.00002 smooth=0.0175 laplacian=0.0523 beam=0.13713 homogeneity=0.0032 body=0.00000 bowel=0.00000 femur=0.00000
2026-05-22 16:54:50 [INFO] Running validation at epoch 54...
2026-05-22 16:55:20 [INFO] Epoch 54 Summary: Train=12.4034 Val=0.0141 (MSE=0.0141)
          Metrics: PTV_D95=56.62Gy Bladder=24.40Gy Rectum=27.82Gy
          Metrics: Ring=46.36Gy Dmax=140.41Gy BG=27.94Gy
2026-05-22 16:55:20 [INFO] [PHYSICS] Saved best model val_loss=0.0141
2026-05-22 16:55:20 [INFO] [CLINICAL] Saved best model Score=45.147 PTV_D95=56.62Gy Bladder=24.40Gy Rectum=27.82Gy
2026-05-22 16:55:20 [INFO] Epoch 55/100 [FULL PHYSICS] ramp=1.000 lr=4.43e-05
2026-05-22 16:55:25 [INFO] Step 5/54 Loss=6.3858 mse=0.1715 v_opt=0.00846 v_mand=0.00109 ptv=0.0304 ptv_max=0.00061 ring=0.00001 smooth=0.0193 laplacian=0.0575 beam=0.04879 homogeneity=0.0051 body=0.00000 bowel=0.00000 femur=0.00000
2026-05-22 16:55:28 [INFO] Step 10/54 Loss=9.7311 mse=0.1830 v_opt=0.00128 v_mand=0.00000 ptv=0.0392 ptv_max=0.00008 ring=0.00000 smooth=0.0153 laplacian=0.0441 beam=0.17859 homogeneity=0.0025 body=0.00000 bowel=0.00000 femur=0.00000
2026-05-22 16:55:31 [INFO] Step 15/54 Loss=19.9635 mse=0.3219 v_opt=0.04241 v_mand=0.00242 ptv=0.0143 ptv_max=0.00187 ring=0.00006 smooth=0.0296 laplacian=0.0962 beam=0.42507 homogeneity=0.0073 body=0.00000 bowel=0.00000 femur=0.00000
2026-05-22 16:55:35 [INFO] Step 20/54 Loss=13.5861 mse=0.1254 v_opt=0.00000 v_mand=0.00000 ptv=0.0000 ptv_max=0.00000 ring=0.00000 smooth=0.0227 laplacian=0.0661 beam=0.40388 homogeneity=0.0000 body=0.00000 bowel=0.00000 femur=0.00000
2026-05-22 16:55:40 [INFO] Step 25/54 Loss=14.5121 mse=0.1224 v_opt=0.07645 v_mand=0.02010 ptv=0.0959 ptv_max=0.00016 ring=0.00004 smooth=0.0201 laplacian=0.0604 beam=0.35423 homogeneity=0.0063 body=0.00000 bowel=0.00000 femur=0.00062
2026-05-22 16:55:42 [INFO] Step 30/54 Loss=9.5644 mse=0.1522 v_opt=0.00002 v_mand=0.00000 ptv=0.0708 ptv_max=0.00003 ring=0.00000 smooth=0.0214 laplacian=0.0623 beam=0.18529 homogeneity=0.0041 body=0.00000 bowel=0.00000 femur=0.00000
2026-05-22 16:55:46 [INFO] Step 35/54 Loss=14.4886 mse=0.1153 v_opt=0.00244 v_mand=0.00000 ptv=0.0805 ptv_max=0.00004 ring=0.00001 smooth=0.0223 laplacian=0.0640 beam=0.41108 homogeneity=0.0044 body=0.00000 bowel=0.00547 femur=0.00000
2026-05-22 16:55:49 [INFO] Step 40/54 Loss=6.4414 mse=0.0951 v_opt=0.00226 v_mand=0.00055 ptv=0.1082 ptv_max=0.00000 ring=0.00000 smooth=0.0119 laplacian=0.0333 beam=0.10626 homogeneity=0.0057 body=0.00000 bowel=0.00000 femur=0.00000
2026-05-22 16:55:53 [INFO] Step 45/54 Loss=11.3823 mse=0.1859 v_opt=0.00064 v_mand=0.00000 ptv=0.0349 ptv_max=0.00029 ring=0.00001 smooth=0.0162 laplacian=0.0487 beam=0.24024 homogeneity=0.0037 body=0.00000 bowel=0.00000 femur=0.00000
2026-05-22 16:55:56 [INFO] Step 50/54 Loss=6.0195 mse=0.1369 v_opt=0.02112 v_mand=0.00386 ptv=0.0525 ptv_max=0.00013 ring=0.00000 smooth=0.0233 laplacian=0.0661 beam=0.05496 homogeneity=0.0045 body=0.00000 bowel=0.00000 femur=0.00000
2026-05-22 16:55:59 [INFO] Step 54/54 Loss=13.1344 mse=0.1577 v_opt=0.00002 v_mand=0.00000 ptv=0.0368 ptv_max=0.00006 ring=0.00003 smooth=0.0145 laplacian=0.0445 beam=0.34024 homogeneity=0.0019 body=0.00000 bowel=0.00216 femur=0.00000
2026-05-22 16:55:59 [INFO] Running validation at epoch 55...
2026-05-22 16:56:29 [INFO] Epoch 55 Summary: Train=13.3931 Val=0.0137 (MSE=0.0137)
          Metrics: PTV_D95=55.69Gy Bladder=26.67Gy Rectum=30.38Gy
          Metrics: Ring=46.34Gy Dmax=145.73Gy BG=27.49Gy
2026-05-22 16:56:29 [INFO] [PHYSICS] Saved best model val_loss=0.0137
2026-05-22 16:56:29 [INFO] Epoch 56/100 [FULL PHYSICS] ramp=1.000 lr=4.28e-05
2026-05-22 16:56:35 [INFO] Step 5/54 Loss=8.2588 mse=0.1508 v_opt=0.01723 v_mand=0.00082 ptv=0.0445 ptv_max=0.00003 ring=0.00000 smooth=0.0159 laplacian=0.0457 beam=0.14701 homogeneity=0.0022 body=0.00000 bowel=0.00000 femur=0.00000
2026-05-22 16:56:38 [INFO] Step 10/54 Loss=17.1056 mse=0.2779 v_opt=0.02514 v_mand=0.00047 ptv=0.0196 ptv_max=0.00054 ring=0.00001 smooth=0.0232 laplacian=0.0722 beam=0.37347 homogeneity=0.0042 body=0.00000 bowel=0.00000 femur=0.00000
2026-05-22 16:56:41 [INFO] Step 15/54 Loss=11.5910 mse=0.1186 v_opt=0.00169 v_mand=0.00000 ptv=0.0679 ptv_max=0.00012 ring=0.00001 smooth=0.0171 laplacian=0.0489 beam=0.30145 homogeneity=0.0059 body=0.00000 bowel=0.00060 femur=0.00000
2026-05-22 16:56:44 [INFO] Step 20/54 Loss=9.7224 mse=0.1806 v_opt=0.00000 v_mand=0.00000 ptv=0.0380 ptv_max=0.00014 ring=0.00001 smooth=0.0156 laplacian=0.0475 beam=0.17992 homogeneity=0.0029 body=0.00000 bowel=0.00000 femur=0.00000
2026-05-22 16:56:49 [INFO] Step 25/54 Loss=9.3342 mse=0.0972 v_opt=0.01295 v_mand=0.00005 ptv=0.0543 ptv_max=0.00001 ring=0.00000 smooth=0.0153 laplacian=0.0438 beam=0.24236 homogeneity=0.0019 body=0.00000 bowel=0.00000 femur=0.00000
2026-05-22 16:56:52 [INFO] Step 30/54 Loss=11.1219 mse=0.0917 v_opt=0.00000 v_mand=0.00000 ptv=0.1547 ptv_max=0.00000 ring=0.00002 smooth=0.0164 laplacian=0.0462 beam=0.27538 homogeneity=0.0075 body=0.00000 bowel=0.00000 femur=0.00000
2026-05-22 16:56:55 [INFO] Step 35/54 Loss=6.8468 mse=0.1316 v_opt=0.00674 v_mand=0.00017 ptv=0.0710 ptv_max=0.00005 ring=0.00001 smooth=0.0161 laplacian=0.0469 beam=0.09951 homogeneity=0.0039 body=0.00000 bowel=0.00000 femur=0.00000
2026-05-22 16:56:58 [INFO] Step 40/54 Loss=7.0654 mse=0.1367 v_opt=0.01258 v_mand=0.00001 ptv=0.0496 ptv_max=0.00007 ring=0.00001 smooth=0.0146 laplacian=0.0417 beam=0.11353 homogeneity=0.0027 body=0.00000 bowel=0.00000 femur=0.00000
2026-05-22 16:57:03 [INFO] Step 45/54 Loss=14.1828 mse=0.1372 v_opt=0.09362 v_mand=0.02469 ptv=0.0548 ptv_max=0.00003 ring=0.00000 smooth=0.0152 laplacian=0.0439 beam=0.33978 homogeneity=0.0025 body=0.00000 bowel=0.00000 femur=0.00000
2026-05-22 16:57:06 [INFO] Step 50/54 Loss=8.5321 mse=0.1738 v_opt=0.02427 v_mand=0.00098 ptv=0.0459 ptv_max=0.00037 ring=0.00001 smooth=0.0166 laplacian=0.0475 beam=0.12859 homogeneity=0.0053 body=0.00000 bowel=0.00000 femur=0.00000
2026-05-22 16:57:08 [INFO] Step 54/54 Loss=8.4027 mse=0.1305 v_opt=0.02044 v_mand=0.00133 ptv=0.0901 ptv_max=0.00001 ring=0.00001 smooth=0.0159 laplacian=0.0467 beam=0.15169 homogeneity=0.0043 body=0.00000 bowel=0.00000 femur=0.00000
2026-05-22 16:57:08 [INFO] Running validation at epoch 56...
2026-05-22 16:57:38 [INFO] Epoch 56 Summary: Train=11.9237 Val=0.0134 (MSE=0.0134)
          Metrics: PTV_D95=52.66Gy Bladder=25.77Gy Rectum=27.51Gy
          Metrics: Ring=44.26Gy Dmax=156.08Gy BG=26.82Gy
2026-05-22 16:57:38 [INFO] [PHYSICS] Saved best model val_loss=0.0134
2026-05-22 16:57:38 [INFO] Epoch 57/100 [FULL PHYSICS] ramp=1.000 lr=4.12e-05
2026-05-22 16:57:44 [INFO] Step 5/54 Loss=10.8079 mse=0.2127 v_opt=0.03551 v_mand=0.00200 ptv=0.0360 ptv_max=0.00023 ring=0.00001 smooth=0.0180 laplacian=0.0531 beam=0.18289 homogeneity=0.0035 body=0.00000 bowel=0.00000 femur=0.00000
2026-05-22 16:57:47 [INFO] Step 10/54 Loss=13.3912 mse=0.1715 v_opt=0.00000 v_mand=0.00000 ptv=0.0331 ptv_max=0.00039 ring=0.00001 smooth=0.0157 laplacian=0.0469 beam=0.32591 homogeneity=0.0047 body=0.00000 bowel=0.01491 femur=0.00000
2026-05-22 16:57:50 [INFO] Step 15/54 Loss=13.8472 mse=0.1194 v_opt=0.00197 v_mand=0.00000 ptv=0.0393 ptv_max=0.00020 ring=0.00000 smooth=0.0216 laplacian=0.0623 beam=0.40096 homogeneity=0.0039 body=0.00000 bowel=0.00000 femur=0.00000
2026-05-22 16:57:53 [INFO] Step 20/54 Loss=11.6872 mse=0.1545 v_opt=0.00326 v_mand=0.00122 ptv=0.0366 ptv_max=0.00078 ring=0.00001 smooth=0.0184 laplacian=0.0532 beam=0.27447 homogeneity=0.0064 body=0.00000 bowel=0.00000 femur=0.00000
2026-05-22 16:57:58 [INFO] Step 25/54 Loss=12.3963 mse=0.2009 v_opt=0.00365 v_mand=0.00087 ptv=0.0348 ptv_max=0.00026 ring=0.00002 smooth=0.0167 laplacian=0.0494 beam=0.26411 homogeneity=0.0035 body=0.00000 bowel=0.00000 femur=0.00000
2026-05-22 16:58:01 [INFO] Step 30/54 Loss=9.9453 mse=0.1271 v_opt=0.07776 v_mand=0.02798 ptv=0.0438 ptv_max=0.00022 ring=0.00000 smooth=0.0145 laplacian=0.0406 beam=0.17821 homogeneity=0.0036 body=0.00000 bowel=0.00000 femur=0.00000
2026-05-22 16:58:04 [INFO] Step 35/54 Loss=14.6235 mse=0.2099 v_opt=0.03931 v_mand=0.00552 ptv=0.0280 ptv_max=0.00039 ring=0.00000 smooth=0.0172 laplacian=0.0498 beam=0.33348 homogeneity=0.0039 body=0.00000 bowel=0.00000 femur=0.00000
2026-05-22 16:58:07 [INFO] Step 40/54 Loss=6.2259 mse=0.1364 v_opt=0.00791 v_mand=0.00003 ptv=0.0488 ptv_max=0.00010 ring=0.00000 smooth=0.0172 laplacian=0.0489 beam=0.07878 homogeneity=0.0032 body=0.00000 bowel=0.00000 femur=0.00000
2026-05-22 16:58:12 [INFO] Step 45/54 Loss=13.6986 mse=0.1482 v_opt=0.03268 v_mand=0.00355 ptv=0.0452 ptv_max=0.00005 ring=0.00008 smooth=0.0191 laplacian=0.0527 beam=0.35831 homogeneity=0.0024 body=0.00000 bowel=0.00000 femur=0.00004
2026-05-22 16:58:15 [INFO] Step 50/54 Loss=5.7288 mse=0.1404 v_opt=0.00016 v_mand=0.00000 ptv=0.0428 ptv_max=0.00015 ring=0.00000 smooth=0.0224 laplacian=0.0628 beam=0.05468 homogeneity=0.0032 body=0.00000 bowel=0.00000 femur=0.00000
2026-05-22 16:58:18 [INFO] Step 54/54 Loss=13.6624 mse=0.1959 v_opt=0.02119 v_mand=0.00055 ptv=0.0532 ptv_max=0.00008 ring=0.00002 smooth=0.0183 laplacian=0.0504 beam=0.31204 homogeneity=0.0040 body=0.00000 bowel=0.00000 femur=0.00000
2026-05-22 16:58:18 [INFO] Running validation at epoch 57...
2026-05-22 16:58:47 [INFO] Epoch 57 Summary: Train=11.1731 Val=0.0127 (MSE=0.0127)
          Metrics: PTV_D95=55.70Gy Bladder=24.58Gy Rectum=30.09Gy
          Metrics: Ring=45.37Gy Dmax=148.63Gy BG=26.43Gy
2026-05-22 16:58:47 [INFO] [PHYSICS] Saved best model val_loss=0.0127
2026-05-22 16:58:47 [INFO] Epoch 58/100 [FULL PHYSICS] ramp=1.000 lr=3.97e-05
2026-05-22 16:58:53 [INFO] Step 5/54 Loss=9.8211 mse=0.1474 v_opt=0.00021 v_mand=0.00000 ptv=0.0460 ptv_max=0.00011 ring=0.00001 smooth=0.0165 laplacian=0.0513 beam=0.21316 homogeneity=0.0028 body=0.00000 bowel=0.00000 femur=0.00000
2026-05-22 16:58:57 [INFO] Step 10/54 Loss=12.8782 mse=0.1407 v_opt=0.00316 v_mand=0.00033 ptv=0.0549 ptv_max=0.00004 ring=0.00001 smooth=0.0182 laplacian=0.0532 beam=0.33773 homogeneity=0.0028 body=0.00000 bowel=0.00000 femur=0.00000
2026-05-22 16:59:00 [INFO] Step 15/54 Loss=10.5967 mse=0.1496 v_opt=0.04119 v_mand=0.00782 ptv=0.0630 ptv_max=0.00002 ring=0.00001 smooth=0.0189 laplacian=0.0528 beam=0.21657 homogeneity=0.0027 body=0.00000 bowel=0.00000 femur=0.00000
2026-05-22 16:59:03 [INFO] Step 20/54 Loss=13.9192 mse=0.1660 v_opt=0.00024 v_mand=0.00000 ptv=0.0334 ptv_max=0.00020 ring=0.00000 smooth=0.0164 laplacian=0.0470 beam=0.36382 homogeneity=0.0029 body=0.00000 bowel=0.00000 femur=0.00000
2026-05-22 16:59:08 [INFO] Step 25/54 Loss=12.1210 mse=0.1571 v_opt=0.02193 v_mand=0.00165 ptv=0.0467 ptv_max=0.00019 ring=0.00003 smooth=0.0171 laplacian=0.0484 beam=0.28964 homogeneity=0.0035 body=0.00000 bowel=0.00000 femur=0.00000
