2026-05-25 12:01:53 [INFO] Training log started: training_20260525_120153.log
2026-05-25 12:01:53 [INFO] PATCH_SIZE=(128, 128, 64), GRAD_ACCUM_STEPS=2
2026-05-25 12:01:53 [INFO] Loading clinical constraints from ./prostate_prime_constraints_v2.csv ...
2026-05-25 12:01:53 [INFO] Curriculum ramp: lambda_mse=25.0 constant, physics lambdas 0 -> target over 75 epochs
2026-05-25 12:01:53 [INFO] Model ready on cuda, epochs=300, AMP=ON
2026-05-25 12:01:53 [INFO] Epoch 1/300 [RAMP 1/75 (1% of physics)] ramp=0.013 lr=1.00e-04
2026-05-25 12:02:00 [INFO] Step 5/54 Loss=27.3983 mse=0.9654 v_opt=2.14794 v_mand=1.66409 ptv=0.3658 ptv_max=0.02046 global_ceil=2.11154 ring=0.02535 smooth=0.5360 laplacian=2.0913 beam=0.87451 homogeneity=0.0668 body=0.00000 bowel=0.28339 femur=0.61751
2026-05-25 12:02:05 [INFO] Step 10/54 Loss=19.9849 mse=0.6659 v_opt=2.26065 v_mand=1.76444 ptv=0.4554 ptv_max=0.00002 global_ceil=2.37338 ring=0.00043 smooth=0.5159 laplacian=2.0089 beam=0.91468 homogeneity=0.0496 body=0.00000 bowel=0.00000 femur=0.00000
2026-05-25 12:02:10 [INFO] Step 15/54 Loss=35.2059 mse=1.2668 v_opt=2.07395 v_mand=1.61298 ptv=0.3775 ptv_max=0.01928 global_ceil=2.39040 ring=0.02933 smooth=0.7034 laplacian=2.7605 beam=0.96023 homogeneity=0.0655 body=0.00000 bowel=0.39688 femur=0.79686
2026-05-25 12:02:17 [INFO] Step 20/54 Loss=36.4578 mse=1.3031 v_opt=2.33878 v_mand=1.83049 ptv=0.3531 ptv_max=0.01219 global_ceil=2.68541 ring=0.03136 smooth=0.7415 laplacian=2.8964 beam=0.98901 homogeneity=0.0538 body=0.00000 bowel=0.41255 femur=0.74631
2026-05-25 12:02:21 [INFO] Step 25/54 Loss=17.3153 mse=0.6081 v_opt=0.89390 v_mand=0.63448 ptv=0.3326 ptv_max=0.00017 global_ceil=1.70897 ring=0.00023 smooth=0.3717 laplacian=1.4233 beam=0.88352 homogeneity=0.0342 body=0.00000 bowel=0.39424 femur=0.00000
2026-05-25 12:02:28 [INFO] Step 30/54 Loss=31.3464 mse=1.1246 v_opt=2.22094 v_mand=1.72820 ptv=0.3557 ptv_max=0.01255 global_ceil=2.05297 ring=0.02560 smooth=0.5312 laplacian=2.0465 beam=0.81275 homogeneity=0.0556 body=0.00000 bowel=0.23924 femur=0.72144
2026-05-25 12:02:33 [INFO] Step 35/54 Loss=40.6556 mse=1.4831 v_opt=2.35452 v_mand=1.84382 ptv=0.3202 ptv_max=0.02551 global_ceil=2.27678 ring=0.02893 smooth=0.5833 laplacian=2.2513 beam=0.94505 homogeneity=0.0674 body=0.00000 bowel=0.36977 femur=0.77127
2026-05-25 12:02:38 [INFO] Step 40/54 Loss=32.4865 mse=1.1775 v_opt=2.43883 v_mand=1.92262 ptv=0.3228 ptv_max=0.00910 global_ceil=1.51921 ring=0.01597 smooth=0.4731 laplacian=1.8360 beam=0.92508 homogeneity=0.0471 body=0.00000 bowel=0.38769 femur=0.74311
2026-05-25 12:02:43 [INFO] Step 45/54 Loss=21.7352 mse=0.7636 v_opt=2.45192 v_mand=1.92944 ptv=0.4142 ptv_max=0.00000 global_ceil=1.29218 ring=0.00002 smooth=0.2680 laplacian=1.0262 beam=0.88042 homogeneity=0.0425 body=0.00000 bowel=0.00000 femur=0.00000
2026-05-25 12:02:50 [INFO] Step 50/54 Loss=23.4459 mse=0.8163 v_opt=2.78641 v_mand=2.23301 ptv=0.2764 ptv_max=0.00990 global_ceil=1.25517 ring=0.01063 smooth=0.2893 laplacian=1.1128 beam=0.89965 homogeneity=0.0418 body=0.00000 bowel=0.43805 femur=0.77230
2026-05-25 12:02:54 [INFO] Step 54/54 Loss=26.8178 mse=0.9571 v_opt=1.94708 v_mand=1.54253 ptv=0.2910 ptv_max=0.00160 global_ceil=1.76760 ring=0.00397 smooth=0.3612 laplacian=1.3694 beam=0.96212 homogeneity=0.0317 body=0.00000 bowel=0.30093 femur=0.77759
2026-05-25 12:02:54 [INFO] Running validation at epoch 1...
2026-05-25 12:03:19 [INFO] Epoch 1 Summary: Train=31.0209 Val=0.0889 (MSE=0.0889)
          Metrics: PTV_D95=38.47Gy Bladder=55.03Gy Rectum=47.25Gy
          Metrics: Ring=54.45Gy Dmax=168.29Gy BG=62.46Gy
2026-05-25 12:03:19 [INFO] [DIAGNOSTIC] Saved fallback model MSE=0.0889
2026-05-25 12:03:19 [INFO] Epoch 2/300 [RAMP 2/75 (3% of physics)] ramp=0.027 lr=1.00e-04
2026-05-25 12:03:26 [INFO] Step 5/54 Loss=34.1611 mse=1.1038 v_opt=2.60413 v_mand=2.06186 ptv=0.2746 ptv_max=0.01678 global_ceil=1.72194 ring=0.01647 smooth=0.3239 laplacian=1.2524 beam=0.96193 homogeneity=0.0538 body=0.00000 bowel=0.45973 femur=0.77117
2026-05-25 12:03:31 [INFO] Step 10/54 Loss=29.1781 mse=0.9176 v_opt=2.66573 v_mand=2.11734 ptv=0.2804 ptv_max=0.00336 global_ceil=1.57204 ring=0.00593 smooth=0.3042 laplacian=1.1569 beam=0.87184 homogeneity=0.0338 body=0.00000 bowel=0.31393 femur=0.74724
2026-05-25 12:03:37 [INFO] Step 15/54 Loss=31.4011 mse=0.9964 v_opt=2.59612 v_mand=2.05244 ptv=0.2823 ptv_max=0.00692 global_ceil=1.60210 ring=0.00881 smooth=0.3064 laplacian=1.1785 beam=1.22212 homogeneity=0.0395 body=0.00000 bowel=0.42063 femur=0.76665
2026-05-25 12:03:42 [INFO] Step 20/54 Loss=20.5879 mse=0.6116 v_opt=2.65026 v_mand=2.10544 ptv=0.3141 ptv_max=0.00000 global_ceil=1.17515 ring=0.00004 smooth=0.2211 laplacian=0.8524 beam=0.84692 homogeneity=0.0285 body=0.00000 bowel=0.00000 femur=0.00000
2026-05-25 12:03:48 [INFO] Step 25/54 Loss=32.3059 mse=1.0525 v_opt=2.39690 v_mand=1.88957 ptv=0.2870 ptv_max=0.00325 global_ceil=1.54164 ring=0.00463 smooth=0.3382 laplacian=1.3124 beam=0.88428 homogeneity=0.0343 body=0.00000 bowel=0.48848 femur=0.79485
2026-05-25 12:03:53 [INFO] Step 30/54 Loss=29.4816 mse=0.9377 v_opt=2.50889 v_mand=1.97185 ptv=0.2796 ptv_max=0.00678 global_ceil=1.47112 ring=0.00694 smooth=0.2665 laplacian=1.0206 beam=0.99789 homogeneity=0.0385 body=0.00000 bowel=0.42560 femur=0.79142
2026-05-25 12:03:59 [INFO] Step 35/54 Loss=21.0750 mse=0.6498 v_opt=2.57706 v_mand=2.03538 ptv=0.3587 ptv_max=0.00000 global_ceil=0.89200 ring=0.00000 smooth=0.2182 laplacian=0.8315 beam=0.83858 homogeneity=0.0341 body=0.00000 bowel=0.00000 femur=0.00000
2026-05-25 12:04:05 [INFO] Step 40/54 Loss=32.0812 mse=1.0507 v_opt=2.51893 v_mand=1.98040 ptv=0.2891 ptv_max=0.00231 global_ceil=1.29170 ring=0.00493 smooth=0.3333 laplacian=1.3019 beam=0.95750 homogeneity=0.0338 body=0.00000 bowel=0.47694 femur=0.74758
2026-05-25 12:04:10 [INFO] Step 45/54 Loss=22.5144 mse=0.6941 v_opt=2.52887 v_mand=2.00071 ptv=0.2730 ptv_max=0.00732 global_ceil=0.91485 ring=0.00741 smooth=0.1930 laplacian=0.7437 beam=0.84640 homogeneity=0.0395 body=0.00000 bowel=0.35089 femur=0.76742
2026-05-25 12:04:16 [INFO] Step 50/54 Loss=19.9428 mse=0.5912 v_opt=2.41898 v_mand=1.89397 ptv=0.2820 ptv_max=0.00187 global_ceil=1.02642 ring=0.00222 smooth=0.1678 laplacian=0.6387 beam=0.86651 homogeneity=0.0329 body=0.00000 bowel=0.45437 femur=0.71408
2026-05-25 12:04:20 [INFO] Step 54/54 Loss=24.5327 mse=0.7702 v_opt=2.45427 v_mand=1.92477 ptv=0.2966 ptv_max=0.00189 global_ceil=1.09164 ring=0.00193 smooth=0.2271 laplacian=0.8658 beam=0.88974 homogeneity=0.0322 body=0.00000 bowel=0.26622 femur=0.74525
2026-05-25 12:04:20 [INFO] Running validation at epoch 2...
2026-05-25 12:04:47 [INFO] Epoch 2 Summary: Train=26.5182 Val=0.0793 (MSE=0.0793)
          Metrics: PTV_D95=38.46Gy Bladder=51.29Gy Rectum=47.61Gy
          Metrics: Ring=53.05Gy Dmax=134.94Gy BG=59.99Gy
2026-05-25 12:04:47 [INFO] [DIAGNOSTIC] Saved fallback model MSE=0.0793
2026-05-25 12:04:47 [INFO] Epoch 3/300 [RAMP 3/75 (4% of physics)] ramp=0.040 lr=1.00e-04
2026-05-25 12:04:55 [INFO] Step 5/54 Loss=33.5681 mse=1.0010 v_opt=2.47718 v_mand=1.94330 ptv=0.2791 ptv_max=0.00235 global_ceil=1.21525 ring=0.00389 smooth=0.2885 laplacian=1.1210 beam=1.04161 homogeneity=0.0327 body=0.00000 bowel=0.46041 femur=0.80073
2026-05-25 12:04:59 [INFO] Step 10/54 Loss=30.6985 mse=0.9144 v_opt=2.47864 v_mand=1.94179 ptv=0.2829 ptv_max=0.00164 global_ceil=0.93353 ring=0.00314 smooth=0.2646 laplacian=1.0305 beam=0.94450 homogeneity=0.0318 body=0.00000 bowel=0.46562 femur=0.74952
2026-05-25 12:05:06 [INFO] Step 15/54 Loss=20.3275 mse=0.5321 v_opt=2.34962 v_mand=1.83177 ptv=0.3083 ptv_max=0.00036 global_ceil=0.80150 ring=0.00057 smooth=0.1562 laplacian=0.5590 beam=0.83908 homogeneity=0.0308 body=0.00000 bowel=0.29230 femur=0.71618
2026-05-25 12:05:10 [INFO] Step 20/54 Loss=13.5909 mse=0.4406 v_opt=0.00000 v_mand=0.00000 ptv=0.0000 ptv_max=0.00000 global_ceil=0.68130 ring=0.00000 smooth=0.1319 laplacian=0.4992 beam=0.80319 homogeneity=0.0000 body=0.00000 bowel=0.51022 femur=0.00000
2026-05-25 12:05:16 [INFO] Step 25/54 Loss=31.6931 mse=0.9628 v_opt=2.27183 v_mand=1.76309 ptv=0.2908 ptv_max=0.00600 global_ceil=1.02573 ring=0.00706 smooth=0.2560 laplacian=0.9874 beam=0.97678 homogeneity=0.0401 body=0.00000 bowel=0.31251 femur=0.75748
2026-05-25 12:05:22 [INFO] Step 30/54 Loss=19.0731 mse=0.4948 v_opt=2.38161 v_mand=1.85709 ptv=0.3292 ptv_max=0.00012 global_ceil=0.64105 ring=0.00032 smooth=0.1188 laplacian=0.4467 beam=0.83565 homogeneity=0.0321 body=0.00000 bowel=0.23612 femur=0.71452
2026-05-25 12:05:27 [INFO] Step 35/54 Loss=25.3259 mse=0.7323 v_opt=2.31509 v_mand=1.79682 ptv=0.3136 ptv_max=0.00095 global_ceil=0.77230 ring=0.00210 smooth=0.1864 laplacian=0.7184 beam=0.81439 homogeneity=0.0329 body=0.00000 bowel=0.43523 femur=0.77415
2026-05-25 12:05:33 [INFO] Step 40/54 Loss=26.6320 mse=0.7795 v_opt=2.33811 v_mand=1.81675 ptv=0.3009 ptv_max=0.00119 global_ceil=0.77736 ring=0.00219 smooth=0.2157 laplacian=0.8251 beam=0.90260 homogeneity=0.0326 body=0.00000 bowel=0.39252 femur=0.75353
2026-05-25 12:05:39 [INFO] Step 45/54 Loss=22.6820 mse=0.6460 v_opt=2.25135 v_mand=1.74592 ptv=0.3186 ptv_max=0.00009 global_ceil=0.59509 ring=0.00033 smooth=0.1640 laplacian=0.6297 beam=0.85881 homogeneity=0.0305 body=0.00000 bowel=0.39853 femur=0.71501
2026-05-25 12:05:44 [INFO] Step 50/54 Loss=26.4180 mse=0.8102 v_opt=2.32711 v_mand=1.80602 ptv=0.3358 ptv_max=0.00000 global_ceil=0.58125 ring=0.00001 smooth=0.1699 laplacian=0.6502 beam=0.90642 homogeneity=0.0313 body=0.00000 bowel=0.00000 femur=0.00000
2026-05-25 12:05:49 [INFO] Step 54/54 Loss=23.9756 mse=0.6957 v_opt=2.27184 v_mand=1.76007 ptv=0.3128 ptv_max=0.00043 global_ceil=0.55643 ring=0.00112 smooth=0.1773 laplacian=0.6766 beam=0.90305 homogeneity=0.0315 body=0.00000 bowel=0.43048 femur=0.77781
2026-05-25 12:05:49 [INFO] Running validation at epoch 3...
2026-05-25 12:06:15 [INFO] Epoch 3 Summary: Train=24.2975 Val=0.0733 (MSE=0.0733)
          Metrics: PTV_D95=38.73Gy Bladder=48.86Gy Rectum=46.97Gy
          Metrics: Ring=51.77Gy Dmax=109.50Gy BG=58.38Gy
2026-05-25 12:06:15 [INFO] [DIAGNOSTIC] Saved fallback model MSE=0.0733
2026-05-25 12:06:15 [INFO] Epoch 4/300 [RAMP 4/75 (5% of physics)] ramp=0.053 lr=1.00e-04
2026-05-25 12:06:21 [INFO] Step 5/54 Loss=27.3255 mse=0.7579 v_opt=2.27569 v_mand=1.76267 ptv=0.3044 ptv_max=0.00065 global_ceil=0.56655 ring=0.00142 smooth=0.2031 laplacian=0.7646 beam=0.80126 homogeneity=0.0313 body=0.00000 bowel=0.00000 femur=0.82319
2026-05-25 12:06:26 [INFO] Step 10/54 Loss=15.2698 mse=0.3718 v_opt=1.41686 v_mand=1.16089 ptv=0.3314 ptv_max=0.00003 global_ceil=0.28715 ring=0.00008 smooth=0.0833 laplacian=0.3076 beam=0.77038 homogeneity=0.0324 body=0.00000 bowel=0.29932 femur=0.74362
2026-05-25 12:06:33 [INFO] Step 15/54 Loss=24.9381 mse=0.6596 v_opt=2.19481 v_mand=1.69222 ptv=0.3257 ptv_max=0.00027 global_ceil=0.52170 ring=0.00037 smooth=0.1457 laplacian=0.5564 beam=0.83425 homogeneity=0.0321 body=0.00000 bowel=0.48277 femur=0.83606
2026-05-25 12:06:38 [INFO] Step 20/54 Loss=25.9086 mse=0.6877 v_opt=2.22932 v_mand=1.71921 ptv=0.2985 ptv_max=0.00153 global_ceil=0.57913 ring=0.00253 smooth=0.1560 laplacian=0.6007 beam=0.86635 homogeneity=0.0323 body=0.00000 bowel=0.47365 femur=0.82448
2026-05-25 12:06:43 [INFO] Step 25/54 Loss=26.0019 mse=0.7150 v_opt=2.13945 v_mand=1.64347 ptv=0.2912 ptv_max=0.00061 global_ceil=0.45367 ring=0.00118 smooth=0.1632 laplacian=0.6215 beam=0.83930 homogeneity=0.0310 body=0.00000 bowel=0.49087 femur=0.79719
2026-05-25 12:06:49 [INFO] Step 30/54 Loss=29.3251 mse=0.8305 v_opt=2.12087 v_mand=1.62760 ptv=0.3272 ptv_max=0.00019 global_ceil=0.58418 ring=0.00043 smooth=0.1884 laplacian=0.7312 beam=0.88228 homogeneity=0.0325 body=0.00000 bowel=0.45501 femur=0.90402
2026-05-25 12:06:54 [INFO] Step 35/54 Loss=23.4530 mse=0.6224 v_opt=2.21014 v_mand=1.70528 ptv=0.3830 ptv_max=0.00001 global_ceil=0.47645 ring=0.00001 smooth=0.1405 laplacian=0.5339 beam=0.79832 homogeneity=0.0382 body=0.00000 bowel=0.00000 femur=0.71390
2026-05-25 12:07:00 [INFO] Step 40/54 Loss=25.3941 mse=0.7062 v_opt=2.17323 v_mand=1.67615 ptv=0.3187 ptv_max=0.00023 global_ceil=0.48248 ring=0.00082 smooth=0.1776 laplacian=0.6560 beam=0.84781 homogeneity=0.0311 body=0.00000 bowel=0.28958 femur=0.00000
2026-05-25 12:07:05 [INFO] Step 45/54 Loss=23.1963 mse=0.6006 v_opt=2.20472 v_mand=1.70086 ptv=0.2818 ptv_max=0.00113 global_ceil=0.47192 ring=0.00182 smooth=0.1473 laplacian=0.5565 beam=0.77037 homogeneity=0.0304 body=0.00000 bowel=0.39866 femur=0.85631
2026-05-25 12:07:11 [INFO] Step 50/54 Loss=22.9479 mse=0.5852 v_opt=2.14665 v_mand=1.65115 ptv=0.2983 ptv_max=0.00038 global_ceil=0.47196 ring=0.00143 smooth=0.1516 laplacian=0.5713 beam=0.77670 homogeneity=0.0296 body=0.00000 bowel=0.57865 femur=1.07369
2026-05-25 12:07:16 [INFO] Step 54/54 Loss=20.9703 mse=0.5419 v_opt=2.00421 v_mand=1.53077 ptv=0.3131 ptv_max=0.00020 global_ceil=0.32969 ring=0.00076 smooth=0.1263 laplacian=0.4762 beam=0.78166 homogeneity=0.0306 body=0.00000 bowel=0.53291 femur=0.83309
2026-05-25 12:07:16 [INFO] Running validation at epoch 4...
2026-05-25 12:07:42 [INFO] Epoch 4 Summary: Train=23.3635 Val=0.0690 (MSE=0.0690)
          Metrics: PTV_D95=38.96Gy Bladder=47.39Gy Rectum=46.06Gy
          Metrics: Ring=50.70Gy Dmax=94.41Gy BG=57.12Gy
2026-05-25 12:07:42 [INFO] [DIAGNOSTIC] Saved fallback model MSE=0.0690
2026-05-25 12:07:42 [INFO] Epoch 5/300 [RAMP 5/75 (7% of physics)] ramp=0.067 lr=1.00e-04
2026-05-25 12:07:49 [INFO] Step 5/54 Loss=30.8375 mse=0.8158 v_opt=2.07812 v_mand=1.58775 ptv=0.2864 ptv_max=0.00067 global_ceil=0.49711 ring=0.00149 smooth=0.1780 laplacian=0.6907 beam=0.92675 homogeneity=0.0297 body=0.00000 bowel=0.54614 femur=0.96655
2026-05-25 12:07:54 [INFO] Step 10/54 Loss=15.0352 mse=0.2326 v_opt=2.16265 v_mand=1.66766 ptv=0.3275 ptv_max=0.00001 global_ceil=0.21368 ring=0.00002 smooth=0.0550 laplacian=0.1939 beam=0.77589 homogeneity=0.0308 body=0.00000 bowel=0.41701 femur=0.93298
2026-05-25 12:08:01 [INFO] Step 15/54 Loss=27.2012 mse=0.7096 v_opt=1.94402 v_mand=1.47808 ptv=0.3073 ptv_max=0.00073 global_ceil=0.40078 ring=0.00081 smooth=0.1484 laplacian=0.5676 beam=0.85023 homogeneity=0.0317 body=0.00000 bowel=0.36622 femur=1.05171
2026-05-25 12:08:05 [INFO] Step 20/54 Loss=23.1209 mse=0.5874 v_opt=2.02291 v_mand=1.54623 ptv=0.3937 ptv_max=0.00000 global_ceil=0.36933 ring=0.00000 smooth=0.1200 laplacian=0.4506 beam=0.78487 homogeneity=0.0388 body=0.00000 bowel=0.00000 femur=0.00000
2026-05-25 12:08:11 [INFO] Step 25/54 Loss=23.3541 mse=0.5250 v_opt=2.10725 v_mand=1.61395 ptv=0.2966 ptv_max=0.00011 global_ceil=0.49008 ring=0.00048 smooth=0.1047 laplacian=0.4006 beam=0.78828 homogeneity=0.0279 body=0.00000 bowel=0.44981 femur=1.19229
2026-05-25 12:08:17 [INFO] Step 30/54 Loss=27.8561 mse=0.7136 v_opt=1.96499 v_mand=1.49892 ptv=0.3104 ptv_max=0.00025 global_ceil=0.48672 ring=0.00051 smooth=0.1465 laplacian=0.5660 beam=0.84066 homogeneity=0.0303 body=0.00000 bowel=0.62024 femur=0.99895
2026-05-25 12:08:23 [INFO] Step 35/54 Loss=21.4160 mse=0.5047 v_opt=2.10682 v_mand=1.62018 ptv=0.3253 ptv_max=0.00014 global_ceil=0.27578 ring=0.00057 smooth=0.0823 laplacian=0.3098 beam=0.77285 homogeneity=0.0316 body=0.00000 bowel=0.23201 femur=0.46167
2026-05-25 12:08:27 [INFO] Step 40/54 Loss=22.9701 mse=0.5578 v_opt=2.02953 v_mand=1.55246 ptv=0.3968 ptv_max=0.00000 global_ceil=0.30876 ring=0.00000 smooth=0.0928 laplacian=0.3516 beam=0.80785 homogeneity=0.0398 body=0.00000 bowel=0.12202 femur=0.96167
2026-05-25 12:08:34 [INFO] Step 45/54 Loss=20.3140 mse=0.4484 v_opt=2.10198 v_mand=1.61296 ptv=0.3483 ptv_max=0.00000 global_ceil=0.20256 ring=0.00002 smooth=0.1039 laplacian=0.3701 beam=0.77024 homogeneity=0.0336 body=0.00000 bowel=0.37753 femur=1.05662
2026-05-25 12:08:39 [INFO] Step 50/54 Loss=23.7425 mse=0.5669 v_opt=2.10692 v_mand=1.61841 ptv=0.3345 ptv_max=0.00004 global_ceil=0.27854 ring=0.00008 smooth=0.1054 laplacian=0.3984 beam=0.78757 homogeneity=0.0322 body=0.00000 bowel=0.48358 femur=1.14492
2026-05-25 12:08:43 [INFO] Step 54/54 Loss=26.9949 mse=0.7012 v_opt=2.04965 v_mand=1.56375 ptv=0.3187 ptv_max=0.00003 global_ceil=0.30741 ring=0.00011 smooth=0.1553 laplacian=0.5862 beam=0.84039 homogeneity=0.0309 body=0.00000 bowel=0.41273 femur=1.02247
2026-05-25 12:08:44 [INFO] Running validation at epoch 5...
2026-05-25 12:09:10 [INFO] Epoch 5 Summary: Train=24.2429 Val=0.0658 (MSE=0.0658)
          Metrics: PTV_D95=38.93Gy Bladder=46.57Gy Rectum=45.43Gy
          Metrics: Ring=50.16Gy Dmax=86.78Gy BG=56.06Gy
2026-05-25 12:09:10 [INFO] [DIAGNOSTIC] Saved fallback model MSE=0.0658
2026-05-25 12:09:10 [INFO] Epoch 6/300 [RAMP 6/75 (8% of physics)] ramp=0.080 lr=9.99e-05
2026-05-25 12:09:16 [INFO] Step 5/54 Loss=26.2593 mse=0.6459 v_opt=1.98907 v_mand=1.51576 ptv=0.4169 ptv_max=0.00000 global_ceil=0.38369 ring=0.00000 smooth=0.1205 laplacian=0.4534 beam=0.80121 homogeneity=0.0424 body=0.00000 bowel=0.00000 femur=0.00000
2026-05-25 12:09:21 [INFO] Step 10/54 Loss=25.8855 mse=0.6440 v_opt=2.02045 v_mand=1.54479 ptv=0.4204 ptv_max=0.00000 global_ceil=0.27600 ring=0.00000 smooth=0.1125 laplacian=0.4302 beam=0.79704 homogeneity=0.0429 body=0.00000 bowel=0.00000 femur=0.00000
2026-05-25 12:09:27 [INFO] Step 15/54 Loss=24.8932 mse=0.6327 v_opt=2.06481 v_mand=1.57826 ptv=0.3187 ptv_max=0.00012 global_ceil=0.31345 ring=0.00038 smooth=0.1391 laplacian=0.5059 beam=0.00000 homogeneity=0.0315 body=0.00000 bowel=0.00000 femur=0.82237
2026-05-25 12:09:32 [INFO] Step 20/54 Loss=23.0434 mse=0.4921 v_opt=2.07466 v_mand=1.58717 ptv=0.3488 ptv_max=0.00002 global_ceil=0.18742 ring=0.00003 smooth=0.0903 laplacian=0.3260 beam=0.78734 homogeneity=0.0342 body=0.00000 bowel=0.28775 femur=1.14905
2026-05-25 12:09:38 [INFO] Step 25/54 Loss=24.9537 mse=0.5493 v_opt=2.01143 v_mand=1.53669 ptv=0.3708 ptv_max=0.00001 global_ceil=0.31575 ring=0.00002 smooth=0.1049 laplacian=0.3926 beam=0.75700 homogeneity=0.0363 body=0.00000 bowel=0.36616 femur=1.26920
2026-05-25 12:09:44 [INFO] Step 30/54 Loss=22.0470 mse=0.5025 v_opt=1.98669 v_mand=1.51533 ptv=0.3919 ptv_max=0.00000 global_ceil=0.23791 ring=0.00000 smooth=0.0838 laplacian=0.3114 beam=0.82398 homogeneity=0.0387 body=0.00000 bowel=0.00000 femur=0.00000
2026-05-25 12:09:49 [INFO] Step 35/54 Loss=21.4580 mse=0.4924 v_opt=1.69218 v_mand=1.27264 ptv=0.3591 ptv_max=0.00006 global_ceil=0.17393 ring=0.00011 smooth=0.0821 laplacian=0.3017 beam=0.78850 homogeneity=0.0385 body=0.00000 bowel=0.18687 femur=1.01459
2026-05-25 12:09:54 [INFO] Step 40/54 Loss=26.6020 mse=0.6839 v_opt=1.98061 v_mand=1.50833 ptv=0.3726 ptv_max=0.00000 global_ceil=0.24287 ring=0.00000 smooth=0.1096 laplacian=0.4095 beam=0.82720 homogeneity=0.0361 body=0.00000 bowel=0.00000 femur=0.00000
2026-05-25 12:10:01 [INFO] Step 45/54 Loss=26.3698 mse=0.6141 v_opt=1.94241 v_mand=1.48010 ptv=0.3319 ptv_max=0.00009 global_ceil=0.28785 ring=0.00008 smooth=0.1005 laplacian=0.3807 beam=0.88526 homogeneity=0.0322 body=0.00000 bowel=0.34195 femur=1.21872
2026-05-25 12:10:06 [INFO] Step 50/54 Loss=24.0128 mse=0.5466 v_opt=1.96617 v_mand=1.49435 ptv=0.3746 ptv_max=0.00001 global_ceil=0.25059 ring=0.00002 smooth=0.0938 laplacian=0.3439 beam=0.79770 homogeneity=0.0372 body=0.00000 bowel=0.23664 femur=0.83881
2026-05-25 12:10:10 [INFO] Step 54/54 Loss=16.3038 mse=0.3445 v_opt=1.22514 v_mand=0.99135 ptv=0.4418 ptv_max=0.00000 global_ceil=0.14229 ring=0.00000 smooth=0.0601 laplacian=0.2083 beam=0.73375 homogeneity=0.0463 body=0.00000 bowel=0.15600 femur=0.98761
2026-05-25 12:10:10 [INFO] Running validation at epoch 6...
2026-05-25 12:10:37 [INFO] Epoch 6 Summary: Train=24.1629 Val=0.0630 (MSE=0.0630)
          Metrics: PTV_D95=39.05Gy Bladder=46.44Gy Rectum=44.35Gy
          Metrics: Ring=49.88Gy Dmax=80.85Gy BG=55.16Gy
2026-05-25 12:10:37 [INFO] [DIAGNOSTIC] Saved fallback model MSE=0.0630
2026-05-25 12:10:37 [INFO] Epoch 7/300 [RAMP 7/75 (9% of physics)] ramp=0.093 lr=9.99e-05
2026-05-25 12:10:44 [INFO] Step 5/54 Loss=26.0217 mse=0.5331 v_opt=1.96524 v_mand=1.50034 ptv=0.3415 ptv_max=0.00001 global_ceil=0.21489 ring=0.00001 smooth=0.0988 laplacian=0.3657 beam=0.81888 homogeneity=0.0332 body=0.00000 bowel=0.63824 femur=1.02753
2026-05-25 12:10:49 [INFO] Step 10/54 Loss=23.9735 mse=0.4891 v_opt=1.93519 v_mand=1.47012 ptv=0.3560 ptv_max=0.00000 global_ceil=0.21785 ring=0.00000 smooth=0.0796 laplacian=0.2990 beam=0.79900 homogeneity=0.0348 body=0.00000 bowel=0.16015 femur=0.93778
2026-05-25 12:10:55 [INFO] Step 15/54 Loss=28.0679 mse=0.6167 v_opt=1.99667 v_mand=1.52985 ptv=0.3300 ptv_max=0.00001 global_ceil=0.19436 ring=0.00001 smooth=0.1049 laplacian=0.4043 beam=0.83857 homogeneity=0.0309 body=0.00000 bowel=0.52256 femur=1.04917
2026-05-25 12:11:00 [INFO] Step 20/54 Loss=27.8804 mse=0.5967 v_opt=2.01108 v_mand=1.53304 ptv=0.2837 ptv_max=0.00011 global_ceil=0.23979 ring=0.00012 smooth=0.1089 laplacian=0.4112 beam=0.67930 homogeneity=0.0261 body=0.00000 bowel=0.75589 femur=1.23673
2026-05-25 12:11:06 [INFO] Step 25/54 Loss=23.9047 mse=0.5504 v_opt=1.84460 v_mand=1.39437 ptv=0.3896 ptv_max=0.00000 global_ceil=0.20027 ring=0.00000 smooth=0.0822 laplacian=0.3065 beam=0.75899 homogeneity=0.0387 body=0.00000 bowel=0.00000 femur=0.00000
2026-05-25 12:11:11 [INFO] Step 30/54 Loss=28.4966 mse=0.6337 v_opt=1.91611 v_mand=1.45814 ptv=0.3292 ptv_max=0.00001 global_ceil=0.29966 ring=0.00004 smooth=0.1075 laplacian=0.4041 beam=0.85980 homogeneity=0.0309 body=0.00000 bowel=0.26183 femur=1.24010
2026-05-25 12:11:17 [INFO] Step 35/54 Loss=24.1054 mse=0.4736 v_opt=1.97028 v_mand=1.50497 ptv=0.3235 ptv_max=0.00001 global_ceil=0.17973 ring=0.00001 smooth=0.0787 laplacian=0.2873 beam=0.77751 homogeneity=0.0305 body=0.00000 bowel=0.35804 femur=1.30700
2026-05-25 12:11:22 [INFO] Step 40/54 Loss=22.7946 mse=0.4971 v_opt=1.80409 v_mand=1.36183 ptv=0.3672 ptv_max=0.00000 global_ceil=0.12861 ring=0.00000 smooth=0.0734 laplacian=0.2733 beam=0.77434 homogeneity=0.0361 body=0.00000 bowel=0.15411 femur=0.54473
2026-05-25 12:11:29 [INFO] Step 45/54 Loss=25.2931 mse=0.5973 v_opt=1.59613 v_mand=1.19794 ptv=0.3550 ptv_max=0.00007 global_ceil=0.16569 ring=0.00003 smooth=0.1022 laplacian=0.3730 beam=0.80013 homogeneity=0.0390 body=0.00000 bowel=0.17785 femur=1.06648
2026-05-25 12:11:34 [INFO] Step 50/54 Loss=24.9304 mse=0.5106 v_opt=1.92015 v_mand=1.46675 ptv=0.2982 ptv_max=0.00006 global_ceil=0.21639 ring=0.00022 smooth=0.0991 laplacian=0.3691 beam=0.75553 homogeneity=0.0283 body=0.00000 bowel=0.58074 femur=0.92380
2026-05-25 12:11:38 [INFO] Step 54/54 Loss=25.7811 mse=0.5821 v_opt=1.86326 v_mand=1.41373 ptv=0.3033 ptv_max=0.00038 global_ceil=0.19938 ring=0.00026 smooth=0.1010 laplacian=0.3821 beam=0.76933 homogeneity=0.0306 body=0.00000 bowel=0.50030 femur=0.34603
2026-05-25 12:11:38 [INFO] Running validation at epoch 7...
2026-05-25 12:12:05 [INFO] Epoch 7 Summary: Train=24.9883 Val=0.0604 (MSE=0.0604)
          Metrics: PTV_D95=39.49Gy Bladder=45.72Gy Rectum=43.52Gy
          Metrics: Ring=49.17Gy Dmax=79.00Gy BG=54.19Gy
2026-05-25 12:12:05 [INFO] [DIAGNOSTIC] Saved fallback model MSE=0.0604
2026-05-25 12:12:05 [INFO] Epoch 8/300 [RAMP 8/75 (11% of physics)] ramp=0.107 lr=9.99e-05
2026-05-25 12:12:12 [INFO] Step 5/54 Loss=22.6191 mse=0.4184 v_opt=1.85244 v_mand=1.40597 ptv=0.3903 ptv_max=0.00000 global_ceil=0.16490 ring=0.00000 smooth=0.0807 laplacian=0.2844 beam=0.75236 homogeneity=0.0392 body=0.00000 bowel=0.24573 femur=0.30650
2026-05-25 12:12:17 [INFO] Step 10/54 Loss=26.3282 mse=0.5519 v_opt=1.92093 v_mand=1.46395 ptv=0.2771 ptv_max=0.00009 global_ceil=0.14332 ring=0.00007 smooth=0.0919 laplacian=0.3542 beam=0.78733 homogeneity=0.0269 body=0.00000 bowel=0.40906 femur=0.22603
2026-05-25 12:12:23 [INFO] Step 15/54 Loss=25.9125 mse=0.5267 v_opt=1.84077 v_mand=1.40048 ptv=0.3237 ptv_max=0.00014 global_ceil=0.17458 ring=0.00008 smooth=0.0916 laplacian=0.3431 beam=0.76124 homogeneity=0.0322 body=0.00000 bowel=0.62500 femur=0.29316
2026-05-25 12:12:28 [INFO] Step 20/54 Loss=27.3803 mse=0.6001 v_opt=1.83187 v_mand=1.37628 ptv=0.2964 ptv_max=0.00001 global_ceil=0.16059 ring=0.00002 smooth=0.1150 laplacian=0.4356 beam=0.78218 homogeneity=0.0275 body=0.00000 bowel=0.42118 femur=0.38503
2026-05-25 12:12:35 [INFO] Step 25/54 Loss=24.4079 mse=0.5399 v_opt=1.72669 v_mand=1.30387 ptv=0.3963 ptv_max=0.00000 global_ceil=0.16720 ring=0.00000 smooth=0.0792 laplacian=0.2976 beam=0.75829 homogeneity=0.0397 body=0.00000 bowel=0.00000 femur=0.00000
2026-05-25 12:12:40 [INFO] Step 30/54 Loss=25.4441 mse=0.5809 v_opt=1.50903 v_mand=1.11753 ptv=0.3166 ptv_max=0.00001 global_ceil=0.21235 ring=0.00002 smooth=0.1068 laplacian=0.4048 beam=0.81363 homogeneity=0.0305 body=0.00000 bowel=0.20965 femur=0.34893
2026-05-25 12:12:46 [INFO] Step 35/54 Loss=23.5444 mse=0.5098 v_opt=1.71131 v_mand=1.28924 ptv=0.3458 ptv_max=0.00000 global_ceil=0.17512 ring=0.00000 smooth=0.0950 laplacian=0.3550 beam=0.74418 homogeneity=0.0330 body=0.00000 bowel=0.00000 femur=0.00000
2026-05-25 12:12:51 [INFO] Step 40/54 Loss=23.8192 mse=0.5053 v_opt=1.74822 v_mand=1.31662 ptv=0.4148 ptv_max=0.00000 global_ceil=0.14226 ring=0.00000 smooth=0.0846 laplacian=0.3137 beam=0.77105 homogeneity=0.0426 body=0.00000 bowel=0.00000 femur=0.25005
2026-05-25 12:12:58 [INFO] Step 45/54 Loss=26.7561 mse=0.5830 v_opt=1.73179 v_mand=1.30280 ptv=0.3124 ptv_max=0.00001 global_ceil=0.15691 ring=0.00000 smooth=0.1014 laplacian=0.3851 beam=0.81529 homogeneity=0.0289 body=0.00000 bowel=0.48826 femur=0.43059
2026-05-25 12:13:03 [INFO] Step 50/54 Loss=23.7562 mse=0.4545 v_opt=1.79682 v_mand=1.35574 ptv=0.3153 ptv_max=0.00000 global_ceil=0.14258 ring=0.00002 smooth=0.0817 laplacian=0.3045 beam=0.74432 homogeneity=0.0295 body=0.00000 bowel=0.56464 femur=0.52633
2026-05-25 12:13:07 [INFO] Step 54/54 Loss=23.0199 mse=0.4812 v_opt=1.64595 v_mand=1.22883 ptv=0.3304 ptv_max=0.00003 global_ceil=0.12609 ring=0.00006 smooth=0.0922 laplacian=0.3384 beam=0.80841 homogeneity=0.0328 body=0.00000 bowel=0.19684 femur=0.30702
2026-05-25 12:13:07 [INFO] Running validation at epoch 8...
2026-05-25 12:13:33 [INFO] Epoch 8 Summary: Train=24.6168 Val=0.0589 (MSE=0.0589)
          Metrics: PTV_D95=39.60Gy Bladder=45.01Gy Rectum=42.33Gy
          Metrics: Ring=48.90Gy Dmax=75.99Gy BG=53.60Gy
2026-05-25 12:13:33 [INFO] [DIAGNOSTIC] Saved fallback model MSE=0.0589
2026-05-25 12:13:33 [INFO] Epoch 9/300 [RAMP 9/75 (12% of physics)] ramp=0.120 lr=9.98e-05
2026-05-25 12:13:40 [INFO] Step 5/54 Loss=25.1835 mse=0.4904 v_opt=1.71346 v_mand=1.28482 ptv=0.3076 ptv_max=0.00000 global_ceil=0.09012 ring=0.00000 smooth=0.0800 laplacian=0.3008 beam=0.75506 homogeneity=0.0290 body=0.00000 bowel=0.26125 femur=0.74853
2026-05-25 12:13:45 [INFO] Step 10/54 Loss=24.1222 mse=0.4152 v_opt=1.74726 v_mand=1.31104 ptv=0.2797 ptv_max=0.00002 global_ceil=0.16350 ring=0.00010 smooth=0.0763 laplacian=0.2889 beam=0.70433 homogeneity=0.0253 body=0.00000 bowel=0.52372 femur=0.69979
2026-05-25 12:13:51 [INFO] Step 15/54 Loss=27.7629 mse=0.5482 v_opt=1.85707 v_mand=1.40909 ptv=0.3408 ptv_max=0.00000 global_ceil=0.09906 ring=0.00000 smooth=0.1172 laplacian=0.4202 beam=0.78878 homogeneity=0.0325 body=0.00000 bowel=0.41722 femur=0.57697
2026-05-25 12:13:56 [INFO] Step 20/54 Loss=25.5444 mse=0.5411 v_opt=1.56616 v_mand=1.15917 ptv=0.3622 ptv_max=0.00004 global_ceil=0.14986 ring=0.00001 smooth=0.0916 laplacian=0.3444 beam=0.75748 homogeneity=0.0364 body=0.00000 bowel=0.18395 femur=0.37005
2026-05-25 12:14:02 [INFO] Step 25/54 Loss=24.3975 mse=0.4711 v_opt=1.66461 v_mand=1.24223 ptv=0.3153 ptv_max=0.00001 global_ceil=0.12240 ring=0.00000 smooth=0.0836 laplacian=0.3144 beam=0.79285 homogeneity=0.0289 body=0.00000 bowel=0.35648 femur=0.30538
2026-05-25 12:14:07 [INFO] Step 30/54 Loss=23.9038 mse=0.4210 v_opt=1.85579 v_mand=1.40273 ptv=0.3921 ptv_max=0.00000 global_ceil=0.05794 ring=0.00000 smooth=0.0677 laplacian=0.2487 beam=0.72894 homogeneity=0.0394 body=0.00000 bowel=0.37925 femur=0.48196
2026-05-25 12:14:14 [INFO] Step 35/54 Loss=22.9166 mse=0.4803 v_opt=1.49217 v_mand=1.09171 ptv=0.3544 ptv_max=0.00002 global_ceil=0.08748 ring=0.00000 smooth=0.0839 laplacian=0.3083 beam=0.74806 homogeneity=0.0345 body=0.00000 bowel=0.14281 femur=0.22588
2026-05-25 12:14:18 [INFO] Step 40/54 Loss=21.9616 mse=0.3720 v_opt=1.81150 v_mand=1.36089 ptv=0.3431 ptv_max=0.00000 global_ceil=0.05665 ring=0.00000 smooth=0.0699 laplacian=0.2476 beam=0.71418 homogeneity=0.0330 body=0.00000 bowel=0.30626 femur=0.31686
2026-05-25 12:14:25 [INFO] Step 45/54 Loss=18.9869 mse=0.3379 v_opt=1.43795 v_mand=1.05203 ptv=0.3592 ptv_max=0.00001 global_ceil=0.07167 ring=0.00000 smooth=0.0620 laplacian=0.2156 beam=0.74822 homogeneity=0.0358 body=0.00000 bowel=0.13013 femur=0.26624
2026-05-25 12:14:29 [INFO] Step 50/54 Loss=27.3431 mse=0.6264 v_opt=1.29657 v_mand=0.94743 ptv=0.2963 ptv_max=0.00007 global_ceil=0.16405 ring=0.00003 smooth=0.1140 laplacian=0.4426 beam=0.78376 homogeneity=0.0289 body=0.00000 bowel=0.42832 femur=0.72953
2026-05-25 12:14:34 [INFO] Step 54/54 Loss=21.7988 mse=0.4347 v_opt=1.39220 v_mand=1.00518 ptv=0.2959 ptv_max=0.00003 global_ceil=0.14693 ring=0.00013 smooth=0.0922 laplacian=0.3413 beam=0.72208 homogeneity=0.0297 body=0.00000 bowel=0.24821 femur=0.35712
2026-05-25 12:14:34 [INFO] Running validation at epoch 9...
2026-05-25 12:15:00 [INFO] Epoch 9 Summary: Train=24.3261 Val=0.0572 (MSE=0.0572)
          Metrics: PTV_D95=39.15Gy Bladder=44.36Gy Rectum=41.86Gy
          Metrics: Ring=48.64Gy Dmax=78.81Gy BG=52.86Gy
2026-05-25 12:15:00 [INFO] [DIAGNOSTIC] Saved fallback model MSE=0.0572
2026-05-25 12:15:00 [INFO] Epoch 10/300 [RAMP 10/75 (13% of physics)] ramp=0.133 lr=9.98e-05
2026-05-25 12:15:07 [INFO] Step 5/54 Loss=23.6880 mse=0.4959 v_opt=1.27197 v_mand=0.91159 ptv=0.2981 ptv_max=0.00027 global_ceil=0.15221 ring=0.00010 smooth=0.0923 laplacian=0.3539 beam=0.74235 homogeneity=0.0295 body=0.00000 bowel=0.20258 femur=0.18667
2026-05-25 12:15:12 [INFO] Step 10/54 Loss=23.8122 mse=0.5001 v_opt=1.27057 v_mand=0.91015 ptv=0.3871 ptv_max=0.00003 global_ceil=0.11493 ring=0.00002 smooth=0.0865 laplacian=0.3182 beam=0.77559 homogeneity=0.0396 body=0.00000 bowel=0.21654 femur=0.20390
2026-05-25 12:15:18 [INFO] Step 15/54 Loss=23.9792 mse=0.4784 v_opt=1.37403 v_mand=0.98985 ptv=0.3904 ptv_max=0.00000 global_ceil=0.09833 ring=0.00000 smooth=0.0917 laplacian=0.3346 beam=0.79206 homogeneity=0.0410 body=0.00000 bowel=0.19164 femur=0.38155
2026-05-25 12:15:23 [INFO] Step 20/54 Loss=18.2581 mse=0.2979 v_opt=1.29988 v_mand=0.93020 ptv=0.3555 ptv_max=0.00000 global_ceil=0.15797 ring=0.00004 smooth=0.0676 laplacian=0.2448 beam=0.74094 homogeneity=0.0346 body=0.00000 bowel=0.00000 femur=0.00000
2026-05-25 12:15:29 [INFO] Step 25/54 Loss=23.8332 mse=0.5141 v_opt=1.17521 v_mand=0.82780 ptv=0.3204 ptv_max=0.00001 global_ceil=0.13277 ring=0.00001 smooth=0.0955 laplacian=0.3584 beam=0.73355 homogeneity=0.0316 body=0.00000 bowel=0.29265 femur=0.35213
2026-05-25 12:15:34 [INFO] Step 30/54 Loss=23.9014 mse=0.4662 v_opt=1.45961 v_mand=1.05892 ptv=0.3548 ptv_max=0.00000 global_ceil=0.05839 ring=0.00000 smooth=0.0919 laplacian=0.3300 beam=0.72968 homogeneity=0.0336 body=0.00000 bowel=0.25164 femur=0.50862
2026-05-25 12:15:41 [INFO] Step 35/54 Loss=26.9716 mse=0.5921 v_opt=1.28322 v_mand=0.91984 ptv=0.3284 ptv_max=0.00001 global_ceil=0.12445 ring=0.00001 smooth=0.1164 laplacian=0.4417 beam=0.78208 homogeneity=0.0318 body=0.00000 bowel=0.36183 femur=0.52593
2026-05-25 12:15:45 [INFO] Step 40/54 Loss=20.1849 mse=0.3825 v_opt=1.16531 v_mand=0.82221 ptv=0.2854 ptv_max=0.00010 global_ceil=0.17269 ring=0.00013 smooth=0.0794 laplacian=0.2910 beam=0.71539 homogeneity=0.0273 body=0.00000 bowel=0.14844 femur=0.25350
2026-05-25 12:15:52 [INFO] Step 45/54 Loss=22.0376 mse=0.4939 v_opt=1.00221 v_mand=0.68432 ptv=0.3582 ptv_max=0.00018 global_ceil=0.15629 ring=0.00018 smooth=0.0894 laplacian=0.3357 beam=0.75636 homogeneity=0.0385 body=0.00000 bowel=0.11174 femur=0.19147
2026-05-25 12:15:57 [INFO] Step 50/54 Loss=22.4436 mse=0.4894 v_opt=1.12421 v_mand=0.78033 ptv=0.3330 ptv_max=0.00002 global_ceil=0.11634 ring=0.00004 smooth=0.0958 laplacian=0.3509 beam=0.75509 homogeneity=0.0330 body=0.00000 bowel=0.13783 femur=0.26903
2026-05-25 12:16:01 [INFO] Step 54/54 Loss=24.2956 mse=0.5425 v_opt=1.05545 v_mand=0.73812 ptv=0.2780 ptv_max=0.00007 global_ceil=0.22753 ring=0.00025 smooth=0.1225 laplacian=0.4725 beam=0.75351 homogeneity=0.0272 body=0.00000 bowel=0.21097 femur=0.22692
2026-05-25 12:16:02 [INFO] Running validation at epoch 10...
2026-05-25 12:16:28 [INFO] Epoch 10 Summary: Train=22.5577 Val=0.0562 (MSE=0.0562)
          Metrics: PTV_D95=38.39Gy Bladder=43.16Gy Rectum=39.69Gy
          Metrics: Ring=47.90Gy Dmax=89.44Gy BG=52.44Gy
2026-05-25 12:16:28 [INFO] [DIAGNOSTIC] Saved fallback model MSE=0.0562
2026-05-25 12:16:28 [INFO] Epoch 11/300 [RAMP 11/75 (15% of physics)] ramp=0.147 lr=9.97e-05
2026-05-25 12:16:34 [INFO] Step 5/54 Loss=27.3139 mse=0.6075 v_opt=1.14404 v_mand=0.79413 ptv=0.3558 ptv_max=0.00032 global_ceil=0.15843 ring=0.00003 smooth=0.1050 laplacian=0.3941 beam=0.75574 homogeneity=0.0370 body=0.00000 bowel=0.16960 femur=0.49095
2026-05-25 12:16:40 [INFO] Step 10/54 Loss=22.2879 mse=0.5233 v_opt=0.76171 v_mand=0.47814 ptv=0.3903 ptv_max=0.00008 global_ceil=0.18143 ring=0.00001 smooth=0.1007 laplacian=0.3829 beam=0.76893 homogeneity=0.0423 body=0.00000 bowel=0.04105 femur=0.16467
2026-05-25 12:16:46 [INFO] Step 15/54 Loss=23.0083 mse=0.5077 v_opt=0.94833 v_mand=0.64031 ptv=0.2911 ptv_max=0.00024 global_ceil=0.13583 ring=0.00003 smooth=0.0975 laplacian=0.3690 beam=0.74132 homogeneity=0.0290 body=0.00000 bowel=0.21882 femur=0.23546
2026-05-25 12:16:51 [INFO] Step 20/54 Loss=26.9208 mse=0.6107 v_opt=0.97456 v_mand=0.66953 ptv=0.2907 ptv_max=0.00001 global_ceil=0.21118 ring=0.00002 smooth=0.1214 laplacian=0.4659 beam=0.80155 homogeneity=0.0263 body=0.00000 bowel=0.19236 femur=0.46605
2026-05-25 12:16:58 [INFO] Step 25/54 Loss=16.6350 mse=0.3568 v_opt=0.65295 v_mand=0.41307 ptv=0.3371 ptv_max=0.00009 global_ceil=0.03536 ring=0.00001 smooth=0.0693 laplacian=0.2461 beam=0.71901 homogeneity=0.0342 body=0.00000 bowel=0.27892 femur=0.13425
2026-05-25 12:17:02 [INFO] Step 30/54 Loss=21.1856 mse=0.5077 v_opt=0.72181 v_mand=0.47013 ptv=0.3181 ptv_max=0.00171 global_ceil=0.17441 ring=0.00017 smooth=0.0992 laplacian=0.3664 beam=0.72675 homogeneity=0.0351 body=0.00000 bowel=0.00000 femur=0.00000
2026-05-25 12:17:09 [INFO] Step 35/54 Loss=23.8334 mse=0.5799 v_opt=0.69000 v_mand=0.43415 ptv=0.2552 ptv_max=0.00024 global_ceil=0.15286 ring=0.00004 smooth=0.1087 laplacian=0.4159 beam=0.77193 homogeneity=0.0244 body=0.00000 bowel=0.38372 femur=0.26064
2026-05-25 12:17:13 [INFO] Step 40/54 Loss=25.9025 mse=0.5978 v_opt=0.87244 v_mand=0.58038 ptv=0.2456 ptv_max=0.00011 global_ceil=0.22323 ring=0.00020 smooth=0.1304 laplacian=0.5082 beam=0.76862 homogeneity=0.0223 body=0.00000 bowel=0.36389 femur=0.25160
2026-05-25 12:17:20 [INFO] Step 45/54 Loss=14.9794 mse=0.3141 v_opt=0.61408 v_mand=0.37950 ptv=0.4196 ptv_max=0.00000 global_ceil=0.03215 ring=0.00000 smooth=0.0565 laplacian=0.1957 beam=0.71594 homogeneity=0.0466 body=0.00000 bowel=0.09644 femur=0.12649
2026-05-25 12:17:24 [INFO] Step 50/54 Loss=20.2212 mse=0.4868 v_opt=0.61537 v_mand=0.36809 ptv=0.3800 ptv_max=0.00005 global_ceil=0.14953 ring=0.00006 smooth=0.0878 laplacian=0.3158 beam=0.74900 homogeneity=0.0433 body=0.00000 bowel=0.08353 femur=0.14693
2026-05-25 12:17:29 [INFO] Step 54/54 Loss=21.8689 mse=0.5203 v_opt=0.62441 v_mand=0.39948 ptv=0.2602 ptv_max=0.00007 global_ceil=0.18201 ring=0.00003 smooth=0.1115 laplacian=0.4195 beam=0.76145 homogeneity=0.0236 body=0.00000 bowel=0.24890 femur=0.20269
2026-05-25 12:17:29 [INFO] Running validation at epoch 11...
2026-05-25 12:17:56 [INFO] Epoch 11 Summary: Train=21.3514 Val=0.0545 (MSE=0.0545)
          Metrics: PTV_D95=39.58Gy Bladder=40.49Gy Rectum=37.79Gy
          Metrics: Ring=47.91Gy Dmax=88.07Gy BG=51.71Gy
2026-05-25 12:17:56 [INFO] [DIAGNOSTIC] Saved fallback model MSE=0.0545
2026-05-25 12:17:56 [INFO] Epoch 12/300 [RAMP 12/75 (16% of physics)] ramp=0.160 lr=9.97e-05
2026-05-25 12:18:02 [INFO] Step 5/54 Loss=17.4287 mse=0.2979 v_opt=0.88794 v_mand=0.59552 ptv=0.3170 ptv_max=0.00002 global_ceil=0.06785 ring=0.00006 smooth=0.0706 laplacian=0.2500 beam=0.78806 homogeneity=0.0306 body=0.00000 bowel=0.09025 femur=0.12815
2026-05-25 12:18:07 [INFO] Step 10/54 Loss=20.1522 mse=0.4583 v_opt=0.63812 v_mand=0.39945 ptv=0.2954 ptv_max=0.00014 global_ceil=0.12752 ring=0.00005 smooth=0.0918 laplacian=0.3238 beam=0.71678 homogeneity=0.0316 body=0.00000 bowel=0.13084 femur=0.15227
2026-05-25 12:18:14 [INFO] Step 15/54 Loss=21.5111 mse=0.5288 v_opt=0.44457 v_mand=0.26858 ptv=0.3518 ptv_max=0.00014 global_ceil=0.12678 ring=0.00006 smooth=0.0874 laplacian=0.3313 beam=0.75207 homogeneity=0.0373 body=0.00000 bowel=0.39881 femur=0.03541
2026-05-25 12:18:18 [INFO] Step 20/54 Loss=22.0696 mse=0.5315 v_opt=0.65660 v_mand=0.41753 ptv=0.2673 ptv_max=0.00080 global_ceil=0.18343 ring=0.00004 smooth=0.1075 laplacian=0.3986 beam=0.72375 homogeneity=0.0272 body=0.00000 bowel=0.00000 femur=0.00000
2026-05-25 12:18:25 [INFO] Step 25/54 Loss=19.9107 mse=0.4131 v_opt=0.75824 v_mand=0.57200 ptv=0.4171 ptv_max=0.00001 global_ceil=0.05296 ring=0.00000 smooth=0.0735 laplacian=0.2663 beam=0.72780 homogeneity=0.0453 body=0.00000 bowel=0.16383 femur=0.00000
2026-05-25 12:18:30 [INFO] Step 30/54 Loss=22.2877 mse=0.5648 v_opt=0.41582 v_mand=0.23325 ptv=0.2530 ptv_max=0.00018 global_ceil=0.17312 ring=0.00002 smooth=0.0919 laplacian=0.3491 beam=0.76393 homogeneity=0.0242 body=0.00000 bowel=0.26489 femur=0.19438
2026-05-25 12:18:36 [INFO] Step 35/54 Loss=15.8655 mse=0.3795 v_opt=0.39716 v_mand=0.23036 ptv=0.3039 ptv_max=0.00007 global_ceil=0.04373 ring=0.00000 smooth=0.0568 laplacian=0.2114 beam=0.68541 homogeneity=0.0298 body=0.00000 bowel=0.14866 femur=0.12357
2026-05-25 12:18:41 [INFO] Step 40/54 Loss=22.7592 mse=0.5829 v_opt=0.47995 v_mand=0.29245 ptv=0.3718 ptv_max=0.00002 global_ceil=0.11283 ring=0.00000 smooth=0.1051 laplacian=0.3952 beam=0.74306 homogeneity=0.0388 body=0.00000 bowel=0.31924 femur=0.00000
2026-05-25 12:18:48 [INFO] Step 45/54 Loss=21.3549 mse=0.5251 v_opt=0.44725 v_mand=0.26712 ptv=0.2609 ptv_max=0.00001 global_ceil=0.15927 ring=0.00002 smooth=0.0964 laplacian=0.3603 beam=0.75928 homogeneity=0.0228 body=0.00000 bowel=0.22674 femur=0.18655
2026-05-25 12:18:53 [INFO] Step 50/54 Loss=18.0380 mse=0.4542 v_opt=0.30847 v_mand=0.15833 ptv=0.3643 ptv_max=0.00002 global_ceil=0.13086 ring=0.00000 smooth=0.0748 laplacian=0.2786 beam=0.73415 homogeneity=0.0378 body=0.00000 bowel=0.08125 femur=0.12527
2026-05-25 12:18:58 [INFO] Step 54/54 Loss=14.4404 mse=0.3148 v_opt=0.40939 v_mand=0.21645 ptv=0.3707 ptv_max=0.00001 global_ceil=0.10114 ring=0.00001 smooth=0.0551 laplacian=0.1936 beam=0.69716 homogeneity=0.0388 body=0.00000 bowel=0.02103 femur=0.11203
2026-05-25 12:18:58 [INFO] Running validation at epoch 12...
2026-05-25 12:19:24 [INFO] Epoch 12 Summary: Train=20.1463 Val=0.0532 (MSE=0.0532)
          Metrics: PTV_D95=39.60Gy Bladder=38.67Gy Rectum=35.65Gy
          Metrics: Ring=47.43Gy Dmax=100.85Gy BG=51.11Gy
2026-05-25 12:19:24 [INFO] [DIAGNOSTIC] Saved fallback model MSE=0.0532
2026-05-25 12:19:24 [INFO] Epoch 13/300 [RAMP 13/75 (17% of physics)] ramp=0.173 lr=9.96e-05
2026-05-25 12:19:32 [INFO] Step 5/54 Loss=18.1906 mse=0.4434 v_opt=0.36468 v_mand=0.18626 ptv=0.3496 ptv_max=0.00012 global_ceil=0.09318 ring=0.00003 smooth=0.0702 laplacian=0.2570 beam=0.71164 homogeneity=0.0371 body=0.00000 bowel=0.05498 femur=0.20621
2026-05-25 12:19:36 [INFO] Step 10/54 Loss=23.1824 mse=0.5449 v_opt=0.51723 v_mand=0.32784 ptv=0.1974 ptv_max=0.00064 global_ceil=0.14550 ring=0.00002 smooth=0.1012 laplacian=0.3851 beam=0.75364 homogeneity=0.0182 body=0.00000 bowel=0.36381 femur=0.16966
2026-05-25 12:19:43 [INFO] Step 15/54 Loss=21.4917 mse=0.5046 v_opt=0.52895 v_mand=0.31542 ptv=0.2120 ptv_max=0.00033 global_ceil=0.17740 ring=0.00014 smooth=0.0891 laplacian=0.3310 beam=0.72742 homogeneity=0.0195 body=0.00000 bowel=0.11189 femur=0.13371
2026-05-25 12:19:48 [INFO] Step 20/54 Loss=20.0934 mse=0.4823 v_opt=0.45357 v_mand=0.29086 ptv=0.2005 ptv_max=0.00014 global_ceil=0.10191 ring=0.00002 smooth=0.0910 laplacian=0.3279 beam=0.72111 homogeneity=0.0167 body=0.00000 bowel=0.12071 femur=0.18896
2026-05-25 12:19:55 [INFO] Step 25/54 Loss=18.1671 mse=0.4145 v_opt=0.41094 v_mand=0.21056 ptv=0.4188 ptv_max=0.00003 global_ceil=0.08105 ring=0.00000 smooth=0.0614 laplacian=0.2223 beam=0.69824 homogeneity=0.0458 body=0.00000 bowel=0.35000 femur=0.06393
2026-05-25 12:20:00 [INFO] Step 30/54 Loss=20.0228 mse=0.4687 v_opt=0.49865 v_mand=0.29925 ptv=0.2807 ptv_max=0.00004 global_ceil=0.08724 ring=0.00002 smooth=0.0778 laplacian=0.2859 beam=0.71562 homogeneity=0.0275 body=0.00000 bowel=0.16711 femur=0.23305
2026-05-25 12:20:06 [INFO] Step 35/54 Loss=19.2958 mse=0.4747 v_opt=0.42754 v_mand=0.23894 ptv=0.2314 ptv_max=0.00014 global_ceil=0.09077 ring=0.00005 smooth=0.0722 laplacian=0.2675 beam=0.73404 homogeneity=0.0210 body=0.00000 bowel=0.11991 femur=0.11986
2026-05-25 12:20:10 [INFO] Step 40/54 Loss=20.5205 mse=0.5168 v_opt=0.48204 v_mand=0.26330 ptv=0.2889 ptv_max=0.00007 global_ceil=0.13737 ring=0.00002 smooth=0.0816 laplacian=0.3010 beam=0.71163 homogeneity=0.0291 body=0.00000 bowel=0.00000 femur=0.00000
2026-05-25 12:20:17 [INFO] Step 45/54 Loss=17.9066 mse=0.3585 v_opt=0.65701 v_mand=0.39103 ptv=0.1713 ptv_max=0.00054 global_ceil=0.12286 ring=0.00006 smooth=0.0514 laplacian=0.1915 beam=0.63982 homogeneity=0.0156 body=0.00000 bowel=0.30828 femur=0.08649
2026-05-25 12:20:22 [INFO] Step 50/54 Loss=19.2875 mse=0.4779 v_opt=0.40700 v_mand=0.22967 ptv=0.2055 ptv_max=0.00026 global_ceil=0.10450 ring=0.00005 smooth=0.0691 laplacian=0.2525 beam=0.57956 homogeneity=0.0182 body=0.00000 bowel=0.34874 femur=0.13191
2026-05-25 12:20:27 [INFO] Step 54/54 Loss=21.0349 mse=0.5074 v_opt=0.43101 v_mand=0.23842 ptv=0.2080 ptv_max=0.00007 global_ceil=0.13203 ring=0.00002 smooth=0.0873 laplacian=0.3285 beam=0.75496 homogeneity=0.0180 body=0.00000 bowel=0.23529 femur=0.22017
2026-05-25 12:20:27 [INFO] Running validation at epoch 13...
2026-05-25 12:20:53 [INFO] Epoch 13 Summary: Train=19.1575 Val=0.0512 (MSE=0.0512)
          Metrics: PTV_D95=40.03Gy Bladder=37.50Gy Rectum=32.62Gy
          Metrics: Ring=46.82Gy Dmax=103.95Gy BG=50.25Gy
2026-05-25 12:20:53 [INFO] [DIAGNOSTIC] Saved fallback model MSE=0.0512
2026-05-25 12:20:53 [INFO] Epoch 14/300 [RAMP 14/75 (19% of physics)] ramp=0.187 lr=9.95e-05
2026-05-25 12:21:00 [INFO] Step 5/54 Loss=18.5204 mse=0.3955 v_opt=0.43694 v_mand=0.24238 ptv=0.2448 ptv_max=0.00086 global_ceil=0.15829 ring=0.00008 smooth=0.0502 laplacian=0.1846 beam=0.68668 homogeneity=0.0248 body=0.00000 bowel=0.21960 femur=0.08386
2026-05-25 12:21:05 [INFO] Step 10/54 Loss=18.3282 mse=0.4242 v_opt=0.27114 v_mand=0.11953 ptv=0.2515 ptv_max=0.00095 global_ceil=0.13594 ring=0.00002 smooth=0.0621 laplacian=0.2321 beam=0.74197 homogeneity=0.0256 body=0.00000 bowel=0.31671 femur=0.03600
2026-05-25 12:21:12 [INFO] Step 15/54 Loss=19.3106 mse=0.4092 v_opt=0.46056 v_mand=0.25774 ptv=0.2898 ptv_max=0.00002 global_ceil=0.18503 ring=0.00001 smooth=0.0651 laplacian=0.2338 beam=0.74295 homogeneity=0.0270 body=0.00000 bowel=0.10166 femur=0.08120
2026-05-25 12:21:16 [INFO] Step 20/54 Loss=18.3926 mse=0.4079 v_opt=0.29271 v_mand=0.13356 ptv=0.1669 ptv_max=0.00070 global_ceil=0.22956 ring=0.00006 smooth=0.0746 laplacian=0.2714 beam=0.67328 homogeneity=0.0163 body=0.00000 bowel=0.23043 femur=0.13437
2026-05-25 12:21:23 [INFO] Step 25/54 Loss=21.7365 mse=0.5356 v_opt=0.29514 v_mand=0.12886 ptv=0.2503 ptv_max=0.00052 global_ceil=0.18379 ring=0.00010 smooth=0.1044 laplacian=0.3859 beam=0.73403 homogeneity=0.0246 body=0.00000 bowel=0.23329 femur=0.15311
2026-05-25 12:21:27 [INFO] Step 30/54 Loss=19.6102 mse=0.4501 v_opt=0.38989 v_mand=0.20930 ptv=0.2770 ptv_max=0.00003 global_ceil=0.14649 ring=0.00003 smooth=0.0634 laplacian=0.2289 beam=0.72621 homogeneity=0.0267 body=0.00000 bowel=0.17019 femur=0.09803
2026-05-25 12:21:34 [INFO] Step 35/54 Loss=18.4486 mse=0.4419 v_opt=0.39409 v_mand=0.21457 ptv=0.1655 ptv_max=0.00017 global_ceil=0.07296 ring=0.00004 smooth=0.0719 laplacian=0.2574 beam=0.71255 homogeneity=0.0131 body=0.00000 bowel=0.13793 femur=0.13060
2026-05-25 12:21:39 [INFO] Step 40/54 Loss=16.3291 mse=0.3773 v_opt=0.34773 v_mand=0.17392 ptv=0.2886 ptv_max=0.00011 global_ceil=0.08685 ring=0.00002 smooth=0.0487 laplacian=0.1695 beam=0.63981 homogeneity=0.0307 body=0.00000 bowel=0.10569 femur=0.12251
2026-05-25 12:21:45 [INFO] Step 45/54 Loss=19.9257 mse=0.4454 v_opt=0.54492 v_mand=0.31937 ptv=0.1769 ptv_max=0.00005 global_ceil=0.07481 ring=0.00001 smooth=0.0625 laplacian=0.2286 beam=0.68808 homogeneity=0.0136 body=0.00000 bowel=0.26384 femur=0.18778
2026-05-25 12:21:51 [INFO] Step 50/54 Loss=19.1205 mse=0.3894 v_opt=0.69083 v_mand=0.43748 ptv=0.2277 ptv_max=0.00002 global_ceil=0.04471 ring=0.00001 smooth=0.0649 laplacian=0.2382 beam=0.69552 homogeneity=0.0190 body=0.00000 bowel=0.14488 femur=0.13136
2026-05-25 12:21:55 [INFO] Step 54/54 Loss=22.9069 mse=0.5382 v_opt=0.54760 v_mand=0.35751 ptv=0.1442 ptv_max=0.00049 global_ceil=0.09023 ring=0.00004 smooth=0.0607 laplacian=0.2283 beam=0.64805 homogeneity=0.0116 body=0.00000 bowel=0.40651 femur=0.19086
2026-05-25 12:21:55 [INFO] Running validation at epoch 14...
2026-05-25 12:22:21 [INFO] Epoch 14 Summary: Train=18.4341 Val=0.0497 (MSE=0.0497)
          Metrics: PTV_D95=40.78Gy Bladder=36.03Gy Rectum=33.34Gy
          Metrics: Ring=46.93Gy Dmax=94.70Gy BG=49.56Gy
2026-05-25 12:22:21 [INFO] [DIAGNOSTIC] Saved fallback model MSE=0.0497
2026-05-25 12:22:21 [INFO] Epoch 15/300 [RAMP 15/75 (20% of physics)] ramp=0.200 lr=9.95e-05
2026-05-25 12:22:28 [INFO] Step 5/54 Loss=12.9491 mse=0.2198 v_opt=0.50552 v_mand=0.28014 ptv=0.3359 ptv_max=0.00000 global_ceil=0.01000 ring=0.00000 smooth=0.0406 laplacian=0.1411 beam=0.63854 homogeneity=0.0329 body=0.00000 bowel=0.03423 femur=0.05175
2026-05-25 12:22:33 [INFO] Step 10/54 Loss=14.0163 mse=0.3389 v_opt=0.16410 v_mand=0.07275 ptv=0.2236 ptv_max=0.00004 global_ceil=0.01628 ring=0.00002 smooth=0.0523 laplacian=0.1856 beam=0.68586 homogeneity=0.0189 body=0.00000 bowel=0.10380 femur=0.06402
2026-05-25 12:22:39 [INFO] Step 15/54 Loss=18.1037 mse=0.4199 v_opt=0.29931 v_mand=0.16038 ptv=0.2270 ptv_max=0.00003 global_ceil=0.07425 ring=0.00000 smooth=0.0496 laplacian=0.1784 beam=0.63909 homogeneity=0.0184 body=0.00000 bowel=0.37935 femur=0.04507
2026-05-25 12:22:44 [INFO] Step 20/54 Loss=14.2999 mse=0.3496 v_opt=0.16463 v_mand=0.05775 ptv=0.3342 ptv_max=0.00000 global_ceil=0.01091 ring=0.00001 smooth=0.0383 laplacian=0.1326 beam=0.68326 homogeneity=0.0324 body=0.00000 bowel=0.13536 femur=0.02301
2026-05-25 12:22:50 [INFO] Step 25/54 Loss=18.1810 mse=0.4351 v_opt=0.36111 v_mand=0.17302 ptv=0.2529 ptv_max=0.00020 global_ceil=0.06519 ring=0.00005 smooth=0.0609 laplacian=0.2086 beam=0.69191 homogeneity=0.0267 body=0.00000 bowel=0.09880 femur=0.09094
2026-05-25 12:22:55 [INFO] Step 30/54 Loss=12.1970 mse=0.2254 v_opt=0.41558 v_mand=0.24087 ptv=0.2871 ptv_max=0.00000 global_ceil=0.00937 ring=0.00000 smooth=0.0267 laplacian=0.0925 beam=0.62316 homogeneity=0.0263 body=0.00000 bowel=0.00000 femur=0.00000
2026-05-25 12:23:02 [INFO] Step 35/54 Loss=13.0162 mse=0.2480 v_opt=0.25357 v_mand=0.11615 ptv=0.2904 ptv_max=0.00001 global_ceil=0.11089 ring=0.00000 smooth=0.0328 laplacian=0.1119 beam=0.61240 homogeneity=0.0262 body=0.00000 bowel=0.13445 femur=0.08735
2026-05-25 12:23:07 [INFO] Step 40/54 Loss=14.1154 mse=0.3100 v_opt=0.18529 v_mand=0.08066 ptv=0.3141 ptv_max=0.00001 global_ceil=0.12433 ring=0.00000 smooth=0.0346 laplacian=0.1167 beam=0.64908 homogeneity=0.0305 body=0.00000 bowel=0.02027 femur=0.03103
2026-05-25 12:23:13 [INFO] Step 45/54 Loss=15.6099 mse=0.3582 v_opt=0.09401 v_mand=0.03447 ptv=0.1981 ptv_max=0.00016 global_ceil=0.12661 ring=0.00001 smooth=0.0520 laplacian=0.1804 beam=0.64968 homogeneity=0.0166 body=0.00000 bowel=0.29338 femur=0.10994
2026-05-25 12:23:18 [INFO] Step 50/54 Loss=16.4004 mse=0.3851 v_opt=0.00000 v_mand=0.00000 ptv=0.4890 ptv_max=0.00001 global_ceil=0.15066 ring=0.00000 smooth=0.0714 laplacian=0.2458 beam=0.68036 homogeneity=0.0567 body=0.00000 bowel=0.13292 femur=0.00000
2026-05-25 12:23:23 [INFO] Step 54/54 Loss=13.6745 mse=0.3249 v_opt=0.18679 v_mand=0.07909 ptv=0.3314 ptv_max=0.00021 global_ceil=0.04812 ring=0.00000 smooth=0.0331 laplacian=0.1094 beam=0.65398 homogeneity=0.0377 body=0.00000 bowel=0.00000 femur=0.00000
2026-05-25 12:23:23 [INFO] Running validation at epoch 15...
2026-05-25 12:23:49 [INFO] Epoch 15 Summary: Train=16.4948 Val=0.0457 (MSE=0.0457)
          Metrics: PTV_D95=41.46Gy Bladder=34.72Gy Rectum=34.01Gy
          Metrics: Ring=46.77Gy Dmax=98.71Gy BG=47.71Gy
2026-05-25 12:23:49 [INFO] [DIAGNOSTIC] Saved fallback model MSE=0.0457
2026-05-25 12:23:49 [INFO] Epoch 16/300 [RAMP 16/75 (21% of physics)] ramp=0.213 lr=9.94e-05
2026-05-25 12:23:56 [INFO] Step 5/54 Loss=19.7700 mse=0.4584 v_opt=0.40794 v_mand=0.20858 ptv=0.1825 ptv_max=0.00005 global_ceil=0.04588 ring=0.00000 smooth=0.0553 laplacian=0.1972 beam=0.70794 homogeneity=0.0136 body=0.00000 bowel=0.26267 femur=0.06337
2026-05-25 12:24:01 [INFO] Step 10/54 Loss=20.2089 mse=0.4650 v_opt=0.44437 v_mand=0.26510 ptv=0.1637 ptv_max=0.00021 global_ceil=0.04625 ring=0.00001 smooth=0.0411 laplacian=0.1497 beam=0.71206 homogeneity=0.0133 body=0.00000 bowel=0.16703 femur=0.07453
2026-05-25 12:24:08 [INFO] Step 15/54 Loss=11.8945 mse=0.2934 v_opt=0.12152 v_mand=0.06052 ptv=0.0000 ptv_max=0.00000 global_ceil=0.04013 ring=0.00000 smooth=0.0319 laplacian=0.1054 beam=0.62151 homogeneity=0.0000 body=0.00000 bowel=0.00000 femur=0.00000
2026-05-25 12:24:12 [INFO] Step 20/54 Loss=17.6798 mse=0.3011 v_opt=0.47852 v_mand=0.33550 ptv=0.4852 ptv_max=0.00024 global_ceil=0.14502 ring=0.00000 smooth=0.0388 laplacian=0.1343 beam=0.62251 homogeneity=0.0597 body=0.00000 bowel=0.00239 femur=0.02174
2026-05-25 12:24:19 [INFO] Step 25/54 Loss=14.8853 mse=0.3533 v_opt=0.21712 v_mand=0.09545 ptv=0.2166 ptv_max=0.00002 global_ceil=0.02262 ring=0.00000 smooth=0.0371 laplacian=0.1317 beam=0.66373 homogeneity=0.0177 body=0.00000 bowel=0.11086 femur=0.05612
2026-05-25 12:24:23 [INFO] Step 30/54 Loss=18.1350 mse=0.4351 v_opt=0.30310 v_mand=0.16595 ptv=0.2182 ptv_max=0.00018 global_ceil=0.03860 ring=0.00002 smooth=0.0373 laplacian=0.1340 beam=0.65883 homogeneity=0.0214 body=0.00000 bowel=0.17765 femur=0.07042
2026-05-25 12:24:30 [INFO] Step 35/54 Loss=15.1376 mse=0.3853 v_opt=0.09256 v_mand=0.03260 ptv=0.1545 ptv_max=0.00006 global_ceil=0.01678 ring=0.00000 smooth=0.0438 laplacian=0.1559 beam=0.66909 homogeneity=0.0116 body=0.00000 bowel=0.19930 femur=0.08223
2026-05-25 12:24:35 [INFO] Step 40/54 Loss=19.2594 mse=0.5135 v_opt=0.16347 v_mand=0.05783 ptv=0.1701 ptv_max=0.00034 global_ceil=0.05025 ring=0.00003 smooth=0.0491 laplacian=0.1800 beam=0.70281 homogeneity=0.0152 body=0.00000 bowel=0.16915 femur=0.12568
2026-05-25 12:24:42 [INFO] Step 45/54 Loss=11.2052 mse=0.2268 v_opt=0.24394 v_mand=0.09788 ptv=0.3007 ptv_max=0.00000 global_ceil=0.00207 ring=0.00000 smooth=0.0323 laplacian=0.1097 beam=0.59389 homogeneity=0.0275 body=0.00000 bowel=0.09272 femur=0.00811
2026-05-25 12:24:47 [INFO] Step 50/54 Loss=13.2795 mse=0.2742 v_opt=0.25733 v_mand=0.11932 ptv=0.2782 ptv_max=0.00000 global_ceil=0.02474 ring=0.00000 smooth=0.0312 laplacian=0.0989 beam=0.60246 homogeneity=0.0239 body=0.00000 bowel=0.21853 femur=0.02703
2026-05-25 12:24:51 [INFO] Step 54/54 Loss=18.6260 mse=0.4180 v_opt=0.40886 v_mand=0.21949 ptv=0.2324 ptv_max=0.00009 global_ceil=0.08606 ring=0.00001 smooth=0.0590 laplacian=0.1990 beam=0.68076 homogeneity=0.0201 body=0.00000 bowel=0.06574 femur=0.04319
2026-05-25 12:24:51 [INFO] Running validation at epoch 16...
2026-05-25 12:25:18 [INFO] Epoch 16 Summary: Train=16.2500 Val=0.0448 (MSE=0.0448)
          Metrics: PTV_D95=42.16Gy Bladder=34.97Gy Rectum=32.01Gy
          Metrics: Ring=46.25Gy Dmax=107.57Gy BG=47.13Gy
2026-05-25 12:25:18 [INFO] [DIAGNOSTIC] Saved fallback model MSE=0.0448
2026-05-25 12:25:18 [INFO] Epoch 17/300 [RAMP 17/75 (23% of physics)] ramp=0.227 lr=9.93e-05
2026-05-25 12:25:24 [INFO] Step 5/54 Loss=18.5819 mse=0.4895 v_opt=0.22957 v_mand=0.09932 ptv=0.1956 ptv_max=0.00056 global_ceil=0.04574 ring=0.00003 smooth=0.0363 laplacian=0.1311 beam=0.68761 homogeneity=0.0176 body=0.00000 bowel=0.00000 femur=0.00000
2026-05-25 12:25:29 [INFO] Step 10/54 Loss=18.0389 mse=0.4530 v_opt=0.21689 v_mand=0.07795 ptv=0.1534 ptv_max=0.00022 global_ceil=0.04569 ring=0.00000 smooth=0.0396 laplacian=0.1434 beam=0.69464 homogeneity=0.0133 body=0.00000 bowel=0.16319 femur=0.06046
2026-05-25 12:25:36 [INFO] Step 15/54 Loss=17.5649 mse=0.3775 v_opt=0.42990 v_mand=0.22825 ptv=0.1899 ptv_max=0.00007 global_ceil=0.01465 ring=0.00000 smooth=0.0336 laplacian=0.1210 beam=0.67587 homogeneity=0.0153 body=0.00000 bowel=0.17417 femur=0.04931
2026-05-25 12:25:40 [INFO] Step 20/54 Loss=19.1410 mse=0.4999 v_opt=0.08682 v_mand=0.03046 ptv=0.2506 ptv_max=0.00007 global_ceil=0.05781 ring=0.00000 smooth=0.0471 laplacian=0.1636 beam=0.70933 homogeneity=0.0242 body=0.00000 bowel=0.17993 femur=0.04262
2026-05-25 12:25:47 [INFO] Step 25/54 Loss=14.8894 mse=0.3515 v_opt=0.17100 v_mand=0.08382 ptv=0.1956 ptv_max=0.00003 global_ceil=0.02184 ring=0.00000 smooth=0.0324 laplacian=0.1117 beam=0.63262 homogeneity=0.0148 body=0.00000 bowel=0.16330 femur=0.01795
2026-05-25 12:25:52 [INFO] Step 30/54 Loss=17.1864 mse=0.3846 v_opt=0.28266 v_mand=0.11928 ptv=0.1464 ptv_max=0.00050 global_ceil=0.09866 ring=0.00001 smooth=0.0412 laplacian=0.1431 beam=0.63217 homogeneity=0.0132 body=0.00000 bowel=0.13209 femur=0.15976
2026-05-25 12:25:58 [INFO] Step 35/54 Loss=16.8452 mse=0.3723 v_opt=0.00000 v_mand=0.00000 ptv=0.0000 ptv_max=0.00000 global_ceil=0.24054 ring=0.00000 smooth=0.0550 laplacian=0.1938 beam=0.66889 homogeneity=0.0000 body=0.00000 bowel=0.23195 femur=0.00000
2026-05-25 12:26:03 [INFO] Step 40/54 Loss=15.3874 mse=0.3432 v_opt=0.23379 v_mand=0.12209 ptv=0.1128 ptv_max=0.00033 global_ceil=0.07805 ring=0.00001 smooth=0.0317 laplacian=0.1135 beam=0.60876 homogeneity=0.0089 body=0.00000 bowel=0.10230 femur=0.08465
2026-05-25 12:26:09 [INFO] Step 45/54 Loss=19.8022 mse=0.4596 v_opt=0.22476 v_mand=0.10890 ptv=0.1771 ptv_max=0.00021 global_ceil=0.13688 ring=0.00001 smooth=0.0432 laplacian=0.1534 beam=0.61991 homogeneity=0.0176 body=0.00000 bowel=0.27638 femur=0.13261
2026-05-25 12:26:14 [INFO] Step 50/54 Loss=15.1440 mse=0.3343 v_opt=0.32916 v_mand=0.15144 ptv=0.2016 ptv_max=0.00005 global_ceil=0.00860 ring=0.00000 smooth=0.0380 laplacian=0.1300 beam=0.66872 homogeneity=0.0160 body=0.00000 bowel=0.08105 femur=0.03203
2026-05-25 12:26:18 [INFO] Step 54/54 Loss=17.6458 mse=0.3961 v_opt=0.39802 v_mand=0.19209 ptv=0.1960 ptv_max=0.00008 global_ceil=0.03099 ring=0.00001 smooth=0.0499 laplacian=0.1659 beam=0.67954 homogeneity=0.0189 body=0.00000 bowel=0.10382 femur=0.04371
2026-05-25 12:26:19 [INFO] Running validation at epoch 17...
2026-05-25 12:26:45 [INFO] Epoch 17 Summary: Train=17.0497 Val=0.0445 (MSE=0.0445)
          Metrics: PTV_D95=38.15Gy Bladder=33.87Gy Rectum=32.30Gy
          Metrics: Ring=45.40Gy Dmax=115.52Gy BG=47.13Gy
2026-05-25 12:26:45 [INFO] [DIAGNOSTIC] Saved fallback model MSE=0.0445
2026-05-25 12:26:45 [INFO] Epoch 18/300 [RAMP 18/75 (24% of physics)] ramp=0.240 lr=9.92e-05
2026-05-25 12:26:51 [INFO] Step 5/54 Loss=11.5663 mse=0.2377 v_opt=0.12553 v_mand=0.05106 ptv=0.3137 ptv_max=0.00000 global_ceil=0.00049 ring=0.00000 smooth=0.0214 laplacian=0.0729 beam=0.62490 homogeneity=0.0290 body=0.00000 bowel=0.05666 femur=0.00299
2026-05-25 12:26:57 [INFO] Step 10/54 Loss=20.6488 mse=0.4607 v_opt=0.37209 v_mand=0.19652 ptv=0.1745 ptv_max=0.00004 global_ceil=0.02266 ring=0.00000 smooth=0.0428 laplacian=0.1505 beam=0.68291 homogeneity=0.0123 body=0.00000 bowel=0.30760 femur=0.18682
2026-05-25 12:27:03 [INFO] Step 15/54 Loss=18.0564 mse=0.4035 v_opt=0.42019 v_mand=0.23474 ptv=0.1402 ptv_max=0.00013 global_ceil=0.02106 ring=0.00004 smooth=0.0517 laplacian=0.1813 beam=0.67932 homogeneity=0.0105 body=0.00000 bowel=0.00000 femur=0.00000
2026-05-25 12:27:08 [INFO] Step 20/54 Loss=9.3629 mse=0.1702 v_opt=0.00000 v_mand=0.00000 ptv=0.0000 ptv_max=0.00000 global_ceil=0.11048 ring=0.00000 smooth=0.0206 laplacian=0.0625 beam=0.59805 homogeneity=0.0000 body=0.00000 bowel=0.03130 femur=0.00000
2026-05-25 12:27:14 [INFO] Step 25/54 Loss=24.9871 mse=0.5629 v_opt=0.35040 v_mand=0.17021 ptv=0.1620 ptv_max=0.00139 global_ceil=0.21304 ring=0.00015 smooth=0.0641 laplacian=0.2373 beam=0.70659 homogeneity=0.0172 body=0.00000 bowel=0.21932 femur=0.12332
2026-05-25 12:27:19 [INFO] Step 30/54 Loss=16.3425 mse=0.3578 v_opt=0.32935 v_mand=0.15714 ptv=0.2142 ptv_max=0.00001 global_ceil=0.02694 ring=0.00000 smooth=0.0475 laplacian=0.1604 beam=0.60987 homogeneity=0.0159 body=0.00000 bowel=0.14009 femur=0.03020
2026-05-25 12:27:25 [INFO] Step 35/54 Loss=17.4373 mse=0.4307 v_opt=0.11853 v_mand=0.03290 ptv=0.1589 ptv_max=0.00009 global_ceil=0.05706 ring=0.00000 smooth=0.0364 laplacian=0.1253 beam=0.69634 homogeneity=0.0120 body=0.00000 bowel=0.17483 femur=0.05195
2026-05-25 12:27:31 [INFO] Step 40/54 Loss=15.3119 mse=0.3553 v_opt=0.20346 v_mand=0.08662 ptv=0.2816 ptv_max=0.00000 global_ceil=0.00407 ring=0.00000 smooth=0.0333 laplacian=0.1097 beam=0.66958 homogeneity=0.0254 body=0.00000 bowel=0.06019 femur=0.02974
2026-05-25 12:27:36 [INFO] Step 45/54 Loss=17.6138 mse=0.4014 v_opt=0.25439 v_mand=0.10972 ptv=0.2737 ptv_max=0.00009 global_ceil=0.06923 ring=0.00000 smooth=0.0350 laplacian=0.1197 beam=0.66914 homogeneity=0.0290 body=0.00000 bowel=0.07933 femur=0.02399
2026-05-25 12:27:42 [INFO] Step 50/54 Loss=15.6944 mse=0.3770 v_opt=0.18269 v_mand=0.07467 ptv=0.2823 ptv_max=0.00047 global_ceil=0.03475 ring=0.00001 smooth=0.0320 laplacian=0.1069 beam=0.64540 homogeneity=0.0343 body=0.00000 bowel=0.00000 femur=0.00000
2026-05-25 12:27:46 [INFO] Step 54/54 Loss=14.9618 mse=0.3672 v_opt=0.20621 v_mand=0.08831 ptv=0.1926 ptv_max=0.00001 global_ceil=0.01022 ring=0.00000 smooth=0.0388 laplacian=0.1307 beam=0.55710 homogeneity=0.0146 body=0.00000 bowel=0.08340 femur=0.06633
2026-05-25 12:27:46 [INFO] Running validation at epoch 18...
2026-05-25 12:28:13 [INFO] Epoch 18 Summary: Train=16.2800 Val=0.0417 (MSE=0.0417)
          Metrics: PTV_D95=44.24Gy Bladder=34.50Gy Rectum=31.69Gy
          Metrics: Ring=47.39Gy Dmax=108.19Gy BG=45.86Gy
2026-05-25 12:28:13 [INFO] [DIAGNOSTIC] Saved fallback model MSE=0.0417
2026-05-25 12:28:13 [INFO] Epoch 19/300 [RAMP 19/75 (25% of physics)] ramp=0.253 lr=9.91e-05
2026-05-25 12:28:20 [INFO] Step 5/54 Loss=15.6342 mse=0.3368 v_opt=0.29319 v_mand=0.16011 ptv=0.2145 ptv_max=0.00018 global_ceil=0.02626 ring=0.00001 smooth=0.0302 laplacian=0.0990 beam=0.61707 homogeneity=0.0223 body=0.00000 bowel=0.00000 femur=0.00000
2026-05-25 12:28:25 [INFO] Step 10/54 Loss=12.3344 mse=0.2337 v_opt=0.23765 v_mand=0.09741 ptv=0.3000 ptv_max=0.00000 global_ceil=0.00464 ring=0.00000 smooth=0.0238 laplacian=0.0820 beam=0.62155 homogeneity=0.0270 body=0.00000 bowel=0.03342 femur=0.00314
2026-05-25 12:28:31 [INFO] Step 15/54 Loss=16.8773 mse=0.3980 v_opt=0.19948 v_mand=0.06678 ptv=0.1199 ptv_max=0.00053 global_ceil=0.06359 ring=0.00004 smooth=0.0369 laplacian=0.1242 beam=0.62309 homogeneity=0.0118 body=0.00000 bowel=0.14856 femur=0.04487
2026-05-25 12:28:36 [INFO] Step 20/54 Loss=18.2881 mse=0.4739 v_opt=0.13127 v_mand=0.05868 ptv=0.1735 ptv_max=0.00013 global_ceil=0.02759 ring=0.00001 smooth=0.0325 laplacian=0.1153 beam=0.65108 homogeneity=0.0146 body=0.00000 bowel=0.07520 femur=0.07904
2026-05-25 12:28:42 [INFO] Step 25/54 Loss=14.1426 mse=0.3264 v_opt=0.13192 v_mand=0.04194 ptv=0.3235 ptv_max=0.00001 global_ceil=0.01872 ring=0.00000 smooth=0.0273 laplacian=0.0917 beam=0.61564 homogeneity=0.0323 body=0.00000 bowel=0.01503 femur=0.03317
2026-05-25 12:28:47 [INFO] Step 30/54 Loss=17.6639 mse=0.4535 v_opt=0.11636 v_mand=0.04040 ptv=0.1825 ptv_max=0.00012 global_ceil=0.01503 ring=0.00001 smooth=0.0326 laplacian=0.1122 beam=0.69345 homogeneity=0.0163 body=0.00000 bowel=0.07150 femur=0.07973
2026-05-25 12:28:53 [INFO] Step 35/54 Loss=15.2730 mse=0.2926 v_opt=0.37992 v_mand=0.20658 ptv=0.1305 ptv_max=0.00003 global_ceil=0.01895 ring=0.00000 smooth=0.0313 laplacian=0.1034 beam=0.69425 homogeneity=0.0083 body=0.00000 bowel=0.00000 femur=0.00000
2026-05-25 12:28:59 [INFO] Step 40/54 Loss=19.1141 mse=0.4376 v_opt=0.31177 v_mand=0.16109 ptv=0.1442 ptv_max=0.00002 global_ceil=0.02826 ring=0.00000 smooth=0.0341 laplacian=0.1201 beam=0.67458 homogeneity=0.0084 body=0.00000 bowel=0.15552 femur=0.07331
2026-05-25 12:29:05 [INFO] Step 45/54 Loss=12.0452 mse=0.2577 v_opt=0.05876 v_mand=0.01202 ptv=0.3060 ptv_max=0.00001 global_ceil=0.03399 ring=0.00000 smooth=0.0247 laplacian=0.0779 beam=0.60565 homogeneity=0.0292 body=0.00000 bowel=0.03262 femur=0.00044
2026-05-25 12:29:10 [INFO] Step 50/54 Loss=12.7818 mse=0.2413 v_opt=0.25897 v_mand=0.12075 ptv=0.2664 ptv_max=0.00000 global_ceil=0.00585 ring=0.00000 smooth=0.0323 laplacian=0.1115 beam=0.62277 homogeneity=0.0224 body=0.00000 bowel=0.02775 femur=0.01073
2026-05-25 12:29:14 [INFO] Step 54/54 Loss=13.3623 mse=0.3069 v_opt=0.08449 v_mand=0.02958 ptv=0.1712 ptv_max=0.00013 global_ceil=0.02122 ring=0.00000 smooth=0.0337 laplacian=0.1146 beam=0.62611 homogeneity=0.0141 body=0.00000 bowel=0.09373 femur=0.00701
2026-05-25 12:29:15 [INFO] Running validation at epoch 19...
2026-05-25 12:29:41 [INFO] Epoch 19 Summary: Train=16.6750 Val=0.0403 (MSE=0.0403)
          Metrics: PTV_D95=44.62Gy Bladder=34.62Gy Rectum=29.56Gy
          Metrics: Ring=47.26Gy Dmax=121.86Gy BG=45.13Gy
2026-05-25 12:29:41 [INFO] [DIAGNOSTIC] Saved fallback model MSE=0.0403
2026-05-25 12:29:41 [INFO] Epoch 20/300 [RAMP 20/75 (27% of physics)] ramp=0.267 lr=9.90e-05
2026-05-25 12:29:48 [INFO] Step 5/54 Loss=18.1521 mse=0.4341 v_opt=0.19651 v_mand=0.09813 ptv=0.1257 ptv_max=0.00014 global_ceil=0.02801 ring=0.00001 smooth=0.0348 laplacian=0.1212 beam=0.62258 homogeneity=0.0082 body=0.00000 bowel=0.18960 femur=0.01862
2026-05-25 12:29:53 [INFO] Step 10/54 Loss=11.4430 mse=0.2163 v_opt=0.12327 v_mand=0.04818 ptv=0.2827 ptv_max=0.00000 global_ceil=0.00083 ring=0.00000 smooth=0.0216 laplacian=0.0747 beam=0.62333 homogeneity=0.0247 body=0.00000 bowel=0.04029 femur=0.00280
2026-05-25 12:29:59 [INFO] Step 15/54 Loss=17.3344 mse=0.3730 v_opt=0.28301 v_mand=0.12317 ptv=0.1718 ptv_max=0.00001 global_ceil=0.03651 ring=0.00000 smooth=0.0312 laplacian=0.1070 beam=0.64604 homogeneity=0.0119 body=0.00000 bowel=0.16369 femur=0.03525
2026-05-25 12:30:05 [INFO] Step 20/54 Loss=17.7307 mse=0.2212 v_opt=0.79160 v_mand=0.49488 ptv=0.2654 ptv_max=0.00001 global_ceil=0.00666 ring=0.00000 smooth=0.0223 laplacian=0.0719 beam=0.57357 homogeneity=0.0227 body=0.00000 bowel=0.07772 femur=0.00976
2026-05-25 12:30:11 [INFO] Step 25/54 Loss=12.8096 mse=0.2155 v_opt=0.28708 v_mand=0.15044 ptv=0.2278 ptv_max=0.00000 global_ceil=0.00423 ring=0.00000 smooth=0.0218 laplacian=0.0761 beam=0.61222 homogeneity=0.0172 body=0.00000 bowel=0.07876 femur=0.00100
2026-05-25 12:30:16 [INFO] Step 30/54 Loss=21.9659 mse=0.5115 v_opt=0.16111 v_mand=0.05324 ptv=0.1636 ptv_max=0.00101 global_ceil=0.15020 ring=0.00006 smooth=0.0417 laplacian=0.1459 beam=0.65822 homogeneity=0.0174 body=0.00000 bowel=0.26908 femur=0.05245
2026-05-25 12:30:22 [INFO] Step 35/54 Loss=23.1433 mse=0.4444 v_opt=0.30550 v_mand=0.14747 ptv=0.1158 ptv_max=0.00005 global_ceil=0.27798 ring=0.00000 smooth=0.0675 laplacian=0.2336 beam=0.68861 homogeneity=0.0073 body=0.00000 bowel=0.11138 femur=0.18076
2026-05-25 12:30:27 [INFO] Step 40/54 Loss=17.4036 mse=0.3881 v_opt=0.30135 v_mand=0.12943 ptv=0.1902 ptv_max=0.00007 global_ceil=0.00903 ring=0.00001 smooth=0.0365 laplacian=0.1289 beam=0.67407 homogeneity=0.0153 body=0.00000 bowel=0.06368 femur=0.06402
2026-05-25 12:30:33 [INFO] Step 45/54 Loss=18.8577 mse=0.4692 v_opt=0.19808 v_mand=0.10066 ptv=0.1372 ptv_max=0.00078 global_ceil=0.03380 ring=0.00002 smooth=0.0392 laplacian=0.1331 beam=0.68583 homogeneity=0.0137 body=0.00000 bowel=0.00000 femur=0.00000
2026-05-25 12:30:38 [INFO] Step 50/54 Loss=20.4190 mse=0.4894 v_opt=0.14946 v_mand=0.07189 ptv=0.1522 ptv_max=0.00007 global_ceil=0.04008 ring=0.00000 smooth=0.0459 laplacian=0.1481 beam=0.67852 homogeneity=0.0109 body=0.00000 bowel=0.28246 femur=0.10535
2026-05-25 12:30:43 [INFO] Step 54/54 Loss=13.5315 mse=0.2881 v_opt=0.14029 v_mand=0.05289 ptv=0.2376 ptv_max=0.00001 global_ceil=0.00495 ring=0.00000 smooth=0.0330 laplacian=0.1098 beam=0.61122 homogeneity=0.0203 body=0.00000 bowel=0.11369 femur=0.02082
2026-05-25 12:30:43 [INFO] Running validation at epoch 20...
2026-05-25 12:31:09 [INFO] Epoch 20 Summary: Train=17.0404 Val=0.0407 (MSE=0.0407)
          Metrics: PTV_D95=40.04Gy Bladder=33.32Gy Rectum=28.44Gy
          Metrics: Ring=45.18Gy Dmax=116.76Gy BG=45.31Gy
2026-05-25 12:31:09 [INFO] Epoch 21/300 [RAMP 21/75 (28% of physics)] ramp=0.280 lr=9.89e-05
2026-05-25 12:31:16 [INFO] Step 5/54 Loss=19.3763 mse=0.4311 v_opt=0.24737 v_mand=0.13262 ptv=0.0931 ptv_max=0.00022 global_ceil=0.04851 ring=0.00001 smooth=0.0340 laplacian=0.1222 beam=0.57418 homogeneity=0.0054 body=0.00000 bowel=0.32285 femur=0.02436
2026-05-25 12:31:21 [INFO] Step 10/54 Loss=18.7207 mse=0.3445 v_opt=0.29047 v_mand=0.12616 ptv=0.2059 ptv_max=0.00000 global_ceil=0.16871 ring=0.00000 smooth=0.0377 laplacian=0.1235 beam=0.66154 homogeneity=0.0150 body=0.00000 bowel=0.07117 femur=0.01582
2026-05-25 12:31:28 [INFO] Step 15/54 Loss=15.4154 mse=0.3758 v_opt=0.13931 v_mand=0.03689 ptv=0.2125 ptv_max=0.00000 global_ceil=0.00410 ring=0.00000 smooth=0.0283 laplacian=0.0959 beam=0.60079 homogeneity=0.0165 body=0.00000 bowel=0.06805 femur=0.01685
2026-05-25 12:31:32 [INFO] Step 20/54 Loss=12.5854 mse=0.2360 v_opt=0.10872 v_mand=0.03507 ptv=0.4836 ptv_max=0.00000 global_ceil=0.01072 ring=0.00000 smooth=0.0238 laplacian=0.0733 beam=0.60174 homogeneity=0.0549 body=0.00000 bowel=0.00000 femur=0.00014
2026-05-25 12:31:39 [INFO] Step 25/54 Loss=19.2811 mse=0.4231 v_opt=0.15134 v_mand=0.07424 ptv=0.1543 ptv_max=0.00056 global_ceil=0.12907 ring=0.00005 smooth=0.0345 laplacian=0.1177 beam=0.62534 homogeneity=0.0139 body=0.00000 bowel=0.15445 femur=0.01371
2026-05-25 12:31:44 [INFO] Step 30/54 Loss=12.5776 mse=0.1749 v_opt=0.33162 v_mand=0.20962 ptv=0.2104 ptv_max=0.00002 global_ceil=0.00732 ring=0.00000 smooth=0.0188 laplacian=0.0612 beam=0.53711 homogeneity=0.0152 body=0.00000 bowel=0.09900 femur=0.01430
2026-05-25 12:31:50 [INFO] Step 35/54 Loss=15.4353 mse=0.3243 v_opt=0.00000 v_mand=0.00000 ptv=0.0000 ptv_max=0.00000 global_ceil=0.18099 ring=0.00000 smooth=0.0510 laplacian=0.1742 beam=0.64808 homogeneity=0.0000 body=0.00000 bowel=0.00000 femur=0.00000
2026-05-25 12:31:55 [INFO] Step 40/54 Loss=18.6056 mse=0.4429 v_opt=0.11967 v_mand=0.04493 ptv=0.2467 ptv_max=0.00001 global_ceil=0.01167 ring=0.00000 smooth=0.0334 laplacian=0.1116 beam=0.71038 homogeneity=0.0227 body=0.00000 bowel=0.13103 femur=0.05953
2026-05-25 12:32:01 [INFO] Step 45/54 Loss=16.3126 mse=0.3793 v_opt=0.13737 v_mand=0.03667 ptv=0.3254 ptv_max=0.00001 global_ceil=0.01055 ring=0.00000 smooth=0.0263 laplacian=0.0885 beam=0.68388 homogeneity=0.0335 body=0.00000 bowel=0.01106 femur=0.00965
2026-05-25 12:32:06 [INFO] Step 50/54 Loss=16.2790 mse=0.2759 v_opt=0.38035 v_mand=0.23447 ptv=0.1980 ptv_max=0.00001 global_ceil=0.00328 ring=0.00000 smooth=0.0274 laplacian=0.0933 beam=0.67161 homogeneity=0.0153 body=0.00000 bowel=0.08193 femur=0.00604
2026-05-25 12:32:11 [INFO] Step 54/54 Loss=12.3384 mse=0.2505 v_opt=0.13373 v_mand=0.05475 ptv=0.2454 ptv_max=0.00000 global_ceil=0.00242 ring=0.00000 smooth=0.0269 laplacian=0.0886 beam=0.59892 homogeneity=0.0208 body=0.00000 bowel=0.01548 femur=0.00267
2026-05-25 12:32:11 [INFO] Running validation at epoch 21...
2026-05-25 12:32:37 [INFO] Epoch 21 Summary: Train=16.9565 Val=0.0397 (MSE=0.0397)
          Metrics: PTV_D95=43.05Gy Bladder=32.88Gy Rectum=31.80Gy
          Metrics: Ring=46.42Gy Dmax=126.17Gy BG=44.80Gy
2026-05-25 12:32:37 [INFO] [DIAGNOSTIC] Saved fallback model MSE=0.0397
2026-05-25 12:32:37 [INFO] Epoch 22/300 [RAMP 22/75 (29% of physics)] ramp=0.293 lr=9.88e-05
2026-05-25 12:32:44 [INFO] Step 5/54 Loss=20.5195 mse=0.4730 v_opt=0.04956 v_mand=0.00536 ptv=0.1078 ptv_max=0.00127 global_ceil=0.18060 ring=0.00002 smooth=0.0357 laplacian=0.1275 beam=0.56213 homogeneity=0.0096 body=0.00000 bowel=0.24613 femur=0.03672
2026-05-25 12:32:49 [INFO] Step 10/54 Loss=11.0881 mse=0.2165 v_opt=0.05217 v_mand=0.00519 ptv=0.3067 ptv_max=0.00000 global_ceil=0.00008 ring=0.00000 smooth=0.0169 laplacian=0.0569 beam=0.60066 homogeneity=0.0292 body=0.00000 bowel=0.00088 femur=0.00000
2026-05-25 12:32:56 [INFO] Step 15/54 Loss=12.9972 mse=0.2376 v_opt=0.24291 v_mand=0.10895 ptv=0.1159 ptv_max=0.00006 global_ceil=0.00284 ring=0.00000 smooth=0.0190 laplacian=0.0625 beam=0.65413 homogeneity=0.0067 body=0.00000 bowel=0.00000 femur=0.00000
2026-05-25 12:33:00 [INFO] Step 20/54 Loss=14.5993 mse=0.3068 v_opt=0.14770 v_mand=0.06136 ptv=0.1794 ptv_max=0.00001 global_ceil=0.00329 ring=0.00000 smooth=0.0320 laplacian=0.1086 beam=0.63305 homogeneity=0.0131 body=0.00000 bowel=0.09295 femur=0.02384
2026-05-25 12:33:07 [INFO] Step 25/54 Loss=15.4297 mse=0.2902 v_opt=0.31286 v_mand=0.17392 ptv=0.1638 ptv_max=0.00000 global_ceil=0.00476 ring=0.00000 smooth=0.0264 laplacian=0.0915 beam=0.63888 homogeneity=0.0107 body=0.00000 bowel=0.00000 femur=0.00000
2026-05-25 12:33:12 [INFO] Step 30/54 Loss=12.9299 mse=0.2469 v_opt=0.22209 v_mand=0.08439 ptv=0.2276 ptv_max=0.00017 global_ceil=0.02042 ring=0.00000 smooth=0.0256 laplacian=0.0780 beam=0.56604 homogeneity=0.0211 body=0.00000 bowel=0.00000 femur=0.00615
2026-05-25 12:33:17 [INFO] Step 35/54 Loss=15.0883 mse=0.3370 v_opt=0.07430 v_mand=0.01275 ptv=0.1422 ptv_max=0.00021 global_ceil=0.06219 ring=0.00001 smooth=0.0257 laplacian=0.0846 beam=0.60110 homogeneity=0.0141 body=0.00000 bowel=0.10522 femur=0.00289
2026-05-25 12:33:23 [INFO] Step 40/54 Loss=18.1022 mse=0.4182 v_opt=0.16970 v_mand=0.05664 ptv=0.2319 ptv_max=0.00024 global_ceil=0.06143 ring=0.00001 smooth=0.0293 laplacian=0.0981 beam=0.60868 homogeneity=0.0226 body=0.00000 bowel=0.08032 femur=0.00797
2026-05-25 12:33:28 [INFO] Step 45/54 Loss=18.8596 mse=0.4892 v_opt=0.14161 v_mand=0.05123 ptv=0.1199 ptv_max=0.00041 global_ceil=0.01148 ring=0.00001 smooth=0.0376 laplacian=0.1317 beam=0.68127 homogeneity=0.0096 body=0.00000 bowel=0.00000 femur=0.00000
2026-05-25 12:33:35 [INFO] Step 50/54 Loss=14.0752 mse=0.2712 v_opt=0.17523 v_mand=0.07754 ptv=0.2122 ptv_max=0.00000 global_ceil=0.01299 ring=0.00000 smooth=0.0339 laplacian=0.1068 beam=0.63191 homogeneity=0.0160 body=0.00000 bowel=0.05402 femur=0.03753
2026-05-25 12:33:39 [INFO] Step 54/54 Loss=15.8426 mse=0.3448 v_opt=0.00367 v_mand=0.00006 ptv=0.2328 ptv_max=0.00008 global_ceil=0.01478 ring=0.00000 smooth=0.0223 laplacian=0.0765 beam=0.61458 homogeneity=0.0204 body=0.00000 bowel=0.35729 femur=0.00000
2026-05-25 12:33:39 [INFO] Running validation at epoch 22...
2026-05-25 12:34:05 [INFO] Epoch 22 Summary: Train=16.8449 Val=0.0414 (MSE=0.0414)
          Metrics: PTV_D95=40.71Gy Bladder=31.99Gy Rectum=31.18Gy
          Metrics: Ring=45.01Gy Dmax=98.79Gy BG=45.69Gy
2026-05-25 12:34:05 [INFO] Epoch 23/300 [RAMP 23/75 (31% of physics)] ramp=0.307 lr=9.87e-05
2026-05-25 12:34:12 [INFO] Step 5/54 Loss=14.8339 mse=0.3146 v_opt=0.06102 v_mand=0.00922 ptv=0.2039 ptv_max=0.00008 global_ceil=0.05842 ring=0.00000 smooth=0.0275 laplacian=0.0915 beam=0.59277 homogeneity=0.0167 body=0.00000 bowel=0.10046 femur=0.00282
2026-05-25 12:34:17 [INFO] Step 10/54 Loss=20.2972 mse=0.4753 v_opt=0.20843 v_mand=0.08651 ptv=0.1056 ptv_max=0.00035 global_ceil=0.03522 ring=0.00001 smooth=0.0337 laplacian=0.1193 beam=0.68595 homogeneity=0.0092 body=0.00000 bowel=0.10813 femur=0.02425
2026-05-25 12:34:24 [INFO] Step 15/54 Loss=18.0642 mse=0.4373 v_opt=0.08372 v_mand=0.02706 ptv=0.1299 ptv_max=0.00009 global_ceil=0.02715 ring=0.00000 smooth=0.0358 laplacian=0.1178 beam=0.66325 homogeneity=0.0092 body=0.00000 bowel=0.07135 femur=0.06036
2026-05-25 12:34:28 [INFO] Step 20/54 Loss=20.5832 mse=0.5057 v_opt=0.18961 v_mand=0.07673 ptv=0.0668 ptv_max=0.00129 global_ceil=0.05615 ring=0.00007 smooth=0.0391 laplacian=0.1368 beam=0.68548 homogeneity=0.0075 body=0.00000 bowel=0.00000 femur=0.00000
2026-05-25 12:34:35 [INFO] Step 25/54 Loss=18.1991 mse=0.4474 v_opt=0.14205 v_mand=0.04197 ptv=0.1341 ptv_max=0.00008 global_ceil=0.01756 ring=0.00001 smooth=0.0346 laplacian=0.1168 beam=0.64610 homogeneity=0.0103 body=0.00000 bowel=0.00000 femur=0.12778
2026-05-25 12:34:39 [INFO] Step 30/54 Loss=17.1139 mse=0.3775 v_opt=0.16120 v_mand=0.07786 ptv=0.2497 ptv_max=0.00002 global_ceil=0.00600 ring=0.00000 smooth=0.0279 laplacian=0.0947 beam=0.66901 homogeneity=0.0228 body=0.00000 bowel=0.00240 femur=0.02928
2026-05-25 12:34:45 [INFO] Step 35/54 Loss=14.4300 mse=0.2570 v_opt=0.23691 v_mand=0.09644 ptv=0.3363 ptv_max=0.00000 global_ceil=0.00665 ring=0.00000 smooth=0.0191 laplacian=0.0591 beam=0.64499 homogeneity=0.0331 body=0.00000 bowel=0.00000 femur=0.00114
2026-05-25 12:34:51 [INFO] Step 40/54 Loss=21.3127 mse=0.4151 v_opt=0.01359 v_mand=0.00145 ptv=0.1613 ptv_max=0.00003 global_ceil=0.29980 ring=0.00000 smooth=0.0553 laplacian=0.1871 beam=0.66218 homogeneity=0.0135 body=0.00000 bowel=0.07335 femur=0.00374
2026-05-25 12:34:56 [INFO] Step 45/54 Loss=15.8801 mse=0.3550 v_opt=0.10779 v_mand=0.03552 ptv=0.2356 ptv_max=0.00011 global_ceil=0.01017 ring=0.00000 smooth=0.0257 laplacian=0.0817 beam=0.62695 homogeneity=0.0246 body=0.00000 bowel=0.09069 femur=0.00071
2026-05-25 12:35:02 [INFO] Step 50/54 Loss=18.2817 mse=0.4285 v_opt=0.11414 v_mand=0.04801 ptv=0.1202 ptv_max=0.00012 global_ceil=0.01404 ring=0.00001 smooth=0.0412 laplacian=0.1299 beam=0.65771 homogeneity=0.0085 body=0.00000 bowel=0.16246 femur=0.03870
2026-05-25 12:35:07 [INFO] Step 54/54 Loss=13.7342 mse=0.2899 v_opt=0.05777 v_mand=0.01321 ptv=0.2761 ptv_max=0.00000 global_ceil=0.00542 ring=0.00000 smooth=0.0233 laplacian=0.0742 beam=0.61833 homogeneity=0.0247 body=0.00000 bowel=0.06629 femur=0.00000
2026-05-25 12:35:07 [INFO] Running validation at epoch 23...
2026-05-25 12:35:33 [INFO] Epoch 23 Summary: Train=16.3154 Val=0.0403 (MSE=0.0403)
          Metrics: PTV_D95=43.79Gy Bladder=31.89Gy Rectum=31.51Gy
          Metrics: Ring=47.10Gy Dmax=106.24Gy BG=45.17Gy
2026-05-25 12:35:33 [INFO] Epoch 24/300 [RAMP 24/75 (32% of physics)] ramp=0.320 lr=9.86e-05
2026-05-25 12:35:40 [INFO] Step 5/54 Loss=19.3155 mse=0.4243 v_opt=0.25161 v_mand=0.10319 ptv=0.1403 ptv_max=0.00016 global_ceil=0.01927 ring=0.00001 smooth=0.0322 laplacian=0.1118 beam=0.65686 homogeneity=0.0113 body=0.00000 bowel=0.09003 femur=0.05724
2026-05-25 12:35:44 [INFO] Step 10/54 Loss=21.9567 mse=0.5145 v_opt=0.07319 v_mand=0.01762 ptv=0.1340 ptv_max=0.00025 global_ceil=0.07753 ring=0.00001 smooth=0.0334 laplacian=0.1165 beam=0.67280 homogeneity=0.0094 body=0.00000 bowel=0.22044 femur=0.12097
2026-05-25 12:35:51 [INFO] Step 15/54 Loss=20.4591 mse=0.4789 v_opt=0.12061 v_mand=0.03836 ptv=0.1485 ptv_max=0.00024 global_ceil=0.07153 ring=0.00001 smooth=0.0400 laplacian=0.1381 beam=0.56714 homogeneity=0.0121 body=0.00000 bowel=0.23678 femur=0.05606
2026-05-25 12:35:56 [INFO] Step 20/54 Loss=21.3505 mse=0.4851 v_opt=0.20103 v_mand=0.09227 ptv=0.1218 ptv_max=0.00009 global_ceil=0.02910 ring=0.00000 smooth=0.0333 laplacian=0.1169 beam=0.63433 homogeneity=0.0076 body=0.00000 bowel=0.18339 femur=0.17373
2026-05-25 12:36:02 [INFO] Step 25/54 Loss=14.4001 mse=0.2403 v_opt=0.00000 v_mand=0.00000 ptv=0.4830 ptv_max=0.00006 global_ceil=0.08762 ring=0.00004 smooth=0.0265 laplacian=0.0842 beam=0.59875 homogeneity=0.0557 body=0.00000 bowel=0.03202 femur=0.00000
2026-05-25 12:36:08 [INFO] Step 30/54 Loss=20.2823 mse=0.4800 v_opt=0.03926 v_mand=0.00296 ptv=0.1169 ptv_max=0.00065 global_ceil=0.09189 ring=0.00002 smooth=0.0459 laplacian=0.1565 beam=0.64436 homogeneity=0.0101 body=0.00000 bowel=0.14231 femur=0.05170
2026-05-25 12:36:14 [INFO] Step 35/54 Loss=15.4310 mse=0.3255 v_opt=0.17542 v_mand=0.05455 ptv=0.2053 ptv_max=0.00001 global_ceil=0.00029 ring=0.00000 smooth=0.0213 laplacian=0.0740 beam=0.64657 homogeneity=0.0169 body=0.00000 bowel=0.04460 femur=0.00807
2026-05-25 12:36:19 [INFO] Step 40/54 Loss=13.0727 mse=0.3055 v_opt=0.04636 v_mand=0.00165 ptv=0.1442 ptv_max=0.00015 global_ceil=0.01608 ring=0.00000 smooth=0.0219 laplacian=0.0713 beam=0.54414 homogeneity=0.0124 body=0.00000 bowel=0.01512 femur=0.00821
2026-05-25 12:36:25 [INFO] Step 45/54 Loss=17.8541 mse=0.3061 v_opt=0.28824 v_mand=0.14571 ptv=0.1912 ptv_max=0.00002 global_ceil=0.09538 ring=0.00000 smooth=0.0339 laplacian=0.1054 beam=0.61208 homogeneity=0.0156 body=0.00000 bowel=0.05867 femur=0.02834
2026-05-25 12:36:30 [INFO] Step 50/54 Loss=17.9293 mse=0.3538 v_opt=0.00000 v_mand=0.00000 ptv=0.1023 ptv_max=0.00210 global_ceil=0.18096 ring=0.00007 smooth=0.0306 laplacian=0.1055 beam=0.57305 homogeneity=0.0112 body=0.00000 bowel=0.19304 femur=0.00000
2026-05-25 12:36:34 [INFO] Step 54/54 Loss=17.4928 mse=0.4203 v_opt=0.10162 v_mand=0.04005 ptv=0.1310 ptv_max=0.00006 global_ceil=0.00453 ring=0.00000 smooth=0.0290 laplacian=0.1004 beam=0.60285 homogeneity=0.0091 body=0.00000 bowel=0.14034 femur=0.01893
2026-05-25 12:36:35 [INFO] Running validation at epoch 24...
2026-05-25 12:37:01 [INFO] Epoch 24 Summary: Train=16.8578 Val=0.0393 (MSE=0.0393)
          Metrics: PTV_D95=43.68Gy Bladder=31.86Gy Rectum=28.70Gy
          Metrics: Ring=46.47Gy Dmax=103.77Gy BG=44.73Gy
2026-05-25 12:37:01 [INFO] [DIAGNOSTIC] Saved fallback model MSE=0.0393
2026-05-25 12:37:01 [INFO] Epoch 25/300 [RAMP 25/75 (33% of physics)] ramp=0.333 lr=9.84e-05
2026-05-25 12:37:08 [INFO] Step 5/54 Loss=22.0548 mse=0.4952 v_opt=0.20012 v_mand=0.10767 ptv=0.1088 ptv_max=0.00016 global_ceil=0.01571 ring=0.00001 smooth=0.0295 laplacian=0.1042 beam=0.69587 homogeneity=0.0076 body=0.00000 bowel=0.17818 femur=0.05687
2026-05-25 12:37:13 [INFO] Step 10/54 Loss=17.1236 mse=0.3875 v_opt=0.04263 v_mand=0.00708 ptv=0.2477 ptv_max=0.00000 global_ceil=0.00645 ring=0.00000 smooth=0.0260 laplacian=0.0887 beam=0.69900 homogeneity=0.0221 body=0.00000 bowel=0.04218 femur=0.00526
2026-05-25 12:37:19 [INFO] Step 15/54 Loss=17.7352 mse=0.4162 v_opt=0.07121 v_mand=0.02120 ptv=0.1642 ptv_max=0.00006 global_ceil=0.00986 ring=0.00000 smooth=0.0307 laplacian=0.1043 beam=0.61367 homogeneity=0.0142 body=0.00000 bowel=0.10962 femur=0.08198
2026-05-25 12:37:24 [INFO] Step 20/54 Loss=15.8527 mse=0.3593 v_opt=0.03036 v_mand=0.00162 ptv=0.2542 ptv_max=0.00006 global_ceil=0.01228 ring=0.00000 smooth=0.0230 laplacian=0.0774 beam=0.64461 homogeneity=0.0260 body=0.00000 bowel=0.01292 femur=0.00675
2026-05-25 12:37:31 [INFO] Step 25/54 Loss=15.0858 mse=0.3025 v_opt=0.15041 v_mand=0.04916 ptv=0.2120 ptv_max=0.00006 global_ceil=0.01614 ring=0.00000 smooth=0.0312 laplacian=0.0999 beam=0.59786 homogeneity=0.0199 body=0.00000 bowel=0.06325 femur=0.00542
2026-05-25 12:37:35 [INFO] Step 30/54 Loss=14.8247 mse=0.3080 v_opt=0.04258 v_mand=0.00593 ptv=0.3748 ptv_max=0.00003 global_ceil=0.00474 ring=0.00000 smooth=0.0236 laplacian=0.0762 beam=0.61427 homogeneity=0.0448 body=0.00000 bowel=0.00000 femur=0.03440
2026-05-25 12:37:42 [INFO] Step 35/54 Loss=14.1155 mse=0.2981 v_opt=0.12397 v_mand=0.02871 ptv=0.1825 ptv_max=0.00002 global_ceil=0.00130 ring=0.00000 smooth=0.0257 laplacian=0.0870 beam=0.56726 homogeneity=0.0137 body=0.00000 bowel=0.09590 femur=0.00602
2026-05-25 12:37:47 [INFO] Step 40/54 Loss=20.4926 mse=0.4194 v_opt=0.31603 v_mand=0.15872 ptv=0.0713 ptv_max=0.00039 global_ceil=0.04083 ring=0.00003 smooth=0.0311 laplacian=0.1119 beam=0.61720 homogeneity=0.0057 body=0.00000 bowel=0.14536 femur=0.03302
2026-05-25 12:37:53 [INFO] Step 45/54 Loss=20.0541 mse=0.4724 v_opt=0.16053 v_mand=0.06379 ptv=0.0943 ptv_max=0.00015 global_ceil=0.02960 ring=0.00002 smooth=0.0321 laplacian=0.1123 beam=0.63725 homogeneity=0.0064 body=0.00000 bowel=0.08354 femur=0.08679
2026-05-25 12:37:58 [INFO] Step 50/54 Loss=16.9957 mse=0.3488 v_opt=0.23440 v_mand=0.09653 ptv=0.1812 ptv_max=0.00001 global_ceil=0.00491 ring=0.00000 smooth=0.0283 laplacian=0.0917 beam=0.62301 homogeneity=0.0135 body=0.00000 bowel=0.06036 femur=0.02353
2026-05-25 12:38:02 [INFO] Step 54/54 Loss=11.9522 mse=0.1905 v_opt=0.18625 v_mand=0.07818 ptv=0.2024 ptv_max=0.00000 global_ceil=0.00013 ring=0.00000 smooth=0.0166 laplacian=0.0560 beam=0.58775 homogeneity=0.0133 body=0.00000 bowel=0.00000 femur=0.00000
2026-05-25 12:38:03 [INFO] Running validation at epoch 25...
2026-05-25 12:38:29 [INFO] Epoch 25 Summary: Train=17.0664 Val=0.0398 (MSE=0.0398)
          Metrics: PTV_D95=41.22Gy Bladder=30.71Gy Rectum=31.88Gy
          Metrics: Ring=46.29Gy Dmax=102.38Gy BG=45.00Gy
2026-05-25 12:38:29 [INFO] Epoch 26/300 [RAMP 26/75 (35% of physics)] ramp=0.347 lr=9.83e-05
2026-05-25 12:38:36 [INFO] Step 5/54 Loss=14.0610 mse=0.2712 v_opt=0.09366 v_mand=0.03124 ptv=0.2553 ptv_max=0.00002 global_ceil=0.00206 ring=0.00000 smooth=0.0242 laplacian=0.0755 beam=0.61701 homogeneity=0.0238 body=0.00000 bowel=0.01954 femur=0.00005
2026-05-25 12:38:41 [INFO] Step 10/54 Loss=15.9510 mse=0.3052 v_opt=0.11967 v_mand=0.03853 ptv=0.0936 ptv_max=0.00013 global_ceil=0.06525 ring=0.00000 smooth=0.0248 laplacian=0.0784 beam=0.57418 homogeneity=0.0056 body=0.00000 bowel=0.18144 femur=0.00142
2026-05-25 12:38:47 [INFO] Step 15/54 Loss=16.3294 mse=0.3133 v_opt=0.16844 v_mand=0.08223 ptv=0.1418 ptv_max=0.00005 global_ceil=0.00860 ring=0.00000 smooth=0.0249 laplacian=0.0769 beam=0.58024 homogeneity=0.0120 body=0.00000 bowel=0.19506 femur=0.01298
2026-05-25 12:38:52 [INFO] Step 20/54 Loss=15.7401 mse=0.3019 v_opt=0.27871 v_mand=0.12163 ptv=0.1933 ptv_max=0.00003 global_ceil=0.02153 ring=0.00000 smooth=0.0238 laplacian=0.0760 beam=0.51603 homogeneity=0.0179 body=0.00000 bowel=0.01783 femur=0.00532
2026-05-25 12:38:59 [INFO] Step 25/54 Loss=15.1424 mse=0.2880 v_opt=0.02866 v_mand=0.00241 ptv=0.4769 ptv_max=0.00000 global_ceil=0.01964 ring=0.00000 smooth=0.0258 laplacian=0.0795 beam=0.61457 homogeneity=0.0593 body=0.00000 bowel=0.00000 femur=0.00114
2026-05-25 12:39:04 [INFO] Step 30/54 Loss=17.2177 mse=0.3780 v_opt=0.10247 v_mand=0.02812 ptv=0.2031 ptv_max=0.00001 global_ceil=0.00952 ring=0.00000 smooth=0.0313 laplacian=0.0985 beam=0.61087 homogeneity=0.0178 body=0.00000 bowel=0.14037 femur=0.00339
2026-05-25 12:39:11 [INFO] Step 35/54 Loss=15.4174 mse=0.3175 v_opt=0.12441 v_mand=0.04861 ptv=0.1861 ptv_max=0.00001 global_ceil=0.00113 ring=0.00000 smooth=0.0286 laplacian=0.0924 beam=0.62655 homogeneity=0.0144 body=0.00000 bowel=0.03170 femur=0.00613
2026-05-25 12:39:16 [INFO] Step 40/54 Loss=11.3278 mse=0.1740 v_opt=0.07407 v_mand=0.02039 ptv=0.1646 ptv_max=0.00016 global_ceil=0.01524 ring=0.00000 smooth=0.0205 laplacian=0.0623 beam=0.61277 homogeneity=0.0161 body=0.00000 bowel=0.02453 femur=0.01922
2026-05-25 12:39:22 [INFO] Step 45/54 Loss=25.7447 mse=0.4631 v_opt=0.17509 v_mand=0.05502 ptv=0.0785 ptv_max=0.00042 global_ceil=0.33082 ring=0.00013 smooth=0.0620 laplacian=0.2096 beam=0.64984 homogeneity=0.0073 body=0.00000 bowel=0.16306 femur=0.04246
2026-05-25 12:39:27 [INFO] Step 50/54 Loss=21.0936 mse=0.5101 v_opt=0.14257 v_mand=0.04429 ptv=0.0553 ptv_max=0.00196 global_ceil=0.04956 ring=0.00007 smooth=0.0390 laplacian=0.1388 beam=0.69152 homogeneity=0.0106 body=0.00000 bowel=0.00000 femur=0.00000
2026-05-25 12:39:31 [INFO] Step 54/54 Loss=12.3671 mse=0.2504 v_opt=0.10778 v_mand=0.02018 ptv=0.1647 ptv_max=0.00002 global_ceil=0.00077 ring=0.00000 smooth=0.0193 laplacian=0.0618 beam=0.56487 homogeneity=0.0121 body=0.00000 bowel=0.00000 femur=0.00143
2026-05-25 12:39:32 [INFO] Running validation at epoch 26...
2026-05-25 12:39:58 [INFO] Epoch 26 Summary: Train=16.8307 Val=0.0395 (MSE=0.0395)
          Metrics: PTV_D95=44.85Gy Bladder=31.34Gy Rectum=34.29Gy
          Metrics: Ring=47.84Gy Dmax=112.93Gy BG=44.84Gy
2026-05-25 12:39:58 [INFO] Epoch 27/300 [RAMP 27/75 (36% of physics)] ramp=0.360 lr=9.82e-05
2026-05-25 12:40:05 [INFO] Step 5/54 Loss=21.3259 mse=0.4869 v_opt=0.01788 v_mand=0.00029 ptv=0.1774 ptv_max=0.00008 global_ceil=0.08729 ring=0.00001 smooth=0.0544 laplacian=0.1778 beam=0.64677 homogeneity=0.0127 body=0.00000 bowel=0.12406 femur=0.00000
2026-05-25 12:40:09 [INFO] Step 10/54 Loss=18.0720 mse=0.4061 v_opt=0.12936 v_mand=0.04346 ptv=0.2159 ptv_max=0.00002 global_ceil=0.00113 ring=0.00000 smooth=0.0350 laplacian=0.1156 beam=0.65194 homogeneity=0.0218 body=0.00000 bowel=0.00000 femur=0.00000
2026-05-25 12:40:16 [INFO] Step 15/54 Loss=17.9829 mse=0.4311 v_opt=0.01386 v_mand=0.00024 ptv=0.1565 ptv_max=0.00004 global_ceil=0.00200 ring=0.00000 smooth=0.0267 laplacian=0.0943 beam=0.65239 homogeneity=0.0120 body=0.00000 bowel=0.06083 femur=0.03465
2026-05-25 12:40:21 [INFO] Step 20/54 Loss=19.2833 mse=0.4671 v_opt=0.03069 v_mand=0.00325 ptv=0.1106 ptv_max=0.00017 global_ceil=0.01103 ring=0.00000 smooth=0.0305 laplacian=0.1096 beam=0.61547 homogeneity=0.0086 body=0.00000 bowel=0.16994 femur=0.05337
2026-05-25 12:40:27 [INFO] Step 25/54 Loss=15.6482 mse=0.3044 v_opt=0.12038 v_mand=0.03105 ptv=0.2441 ptv_max=0.00004 global_ceil=0.01499 ring=0.00000 smooth=0.0389 laplacian=0.1162 beam=0.60963 homogeneity=0.0238 body=0.00000 bowel=0.06549 femur=0.00186
2026-05-25 12:40:32 [INFO] Step 30/54 Loss=16.2897 mse=0.3713 v_opt=0.09325 v_mand=0.02136 ptv=0.0381 ptv_max=0.00081 global_ceil=0.03074 ring=0.00007 smooth=0.0251 laplacian=0.0845 beam=0.62486 homogeneity=0.0050 body=0.00000 bowel=0.00000 femur=0.00000
2026-05-25 12:40:38 [INFO] Step 35/54 Loss=16.4367 mse=0.2653 v_opt=0.38360 v_mand=0.21924 ptv=0.0948 ptv_max=0.00006 global_ceil=0.00486 ring=0.00000 smooth=0.0243 laplacian=0.0788 beam=0.53085 homogeneity=0.0057 body=0.00000 bowel=0.01088 femur=0.03348
2026-05-25 12:40:44 [INFO] Step 40/54 Loss=17.4321 mse=0.3786 v_opt=0.09141 v_mand=0.01353 ptv=0.1730 ptv_max=0.00005 global_ceil=0.01381 ring=0.00001 smooth=0.0263 laplacian=0.0895 beam=0.69187 homogeneity=0.0139 body=0.00000 bowel=0.02935 femur=0.03552
2026-05-25 12:40:49 [INFO] Step 45/54 Loss=13.6933 mse=0.1994 v_opt=0.24428 v_mand=0.14316 ptv=0.1847 ptv_max=0.00001 global_ceil=0.00191 ring=0.00000 smooth=0.0165 laplacian=0.0525 beam=0.53697 homogeneity=0.0142 body=0.00000 bowel=0.04063 femur=0.00025
2026-05-25 12:40:55 [INFO] Step 50/54 Loss=15.7296 mse=0.3493 v_opt=0.02321 v_mand=0.00124 ptv=0.2016 ptv_max=0.00001 global_ceil=0.00122 ring=0.00000 smooth=0.0200 laplacian=0.0669 beam=0.63406 homogeneity=0.0164 body=0.00000 bowel=0.04145 femur=0.00928
2026-05-25 12:40:59 [INFO] Step 54/54 Loss=13.0422 mse=0.2418 v_opt=0.12119 v_mand=0.03174 ptv=0.2090 ptv_max=0.00002 global_ceil=0.00095 ring=0.00000 smooth=0.0233 laplacian=0.0746 beam=0.56318 homogeneity=0.0181 body=0.00000 bowel=0.04101 femur=0.00129
2026-05-25 12:40:59 [INFO] Running validation at epoch 27...
2026-05-25 12:41:25 [INFO] Epoch 27 Summary: Train=16.9770 Val=0.0372 (MSE=0.0372)
          Metrics: PTV_D95=46.13Gy Bladder=31.32Gy Rectum=31.76Gy
          Metrics: Ring=48.43Gy Dmax=115.64Gy BG=43.76Gy
2026-05-25 12:41:25 [INFO] [DIAGNOSTIC] Saved fallback model MSE=0.0372
2026-05-25 12:41:25 [INFO] Epoch 28/300 [RAMP 28/75 (37% of physics)] ramp=0.373 lr=9.80e-05
2026-05-25 12:41:32 [INFO] Step 5/54 Loss=20.8168 mse=0.4316 v_opt=0.21276 v_mand=0.09593 ptv=0.1015 ptv_max=0.00015 global_ceil=0.01313 ring=0.00001 smooth=0.0268 laplacian=0.0930 beam=0.65266 homogeneity=0.0073 body=0.00000 bowel=0.17891 femur=0.03016
2026-05-25 12:41:37 [INFO] Step 10/54 Loss=19.4196 mse=0.3743 v_opt=0.20708 v_mand=0.10214 ptv=0.1314 ptv_max=0.00002 global_ceil=0.03639 ring=0.00000 smooth=0.0348 laplacian=0.1100 beam=0.60729 homogeneity=0.0083 body=0.00000 bowel=0.13204 femur=0.03837
2026-05-25 12:41:44 [INFO] Step 15/54 Loss=16.0475 mse=0.3409 v_opt=0.09321 v_mand=0.02420 ptv=0.1283 ptv_max=0.00018 global_ceil=0.01533 ring=0.00001 smooth=0.0197 laplacian=0.0667 beam=0.55305 homogeneity=0.0129 body=0.00000 bowel=0.14874 femur=0.00127
2026-05-25 12:41:48 [INFO] Step 20/54 Loss=18.8298 mse=0.2775 v_opt=0.00000 v_mand=0.00000 ptv=0.5503 ptv_max=0.00233 global_ceil=0.14207 ring=0.00016 smooth=0.0346 laplacian=0.1075 beam=0.61608 homogeneity=0.0762 body=0.00000 bowel=0.09305 femur=0.00000
2026-05-25 12:41:54 [INFO] Step 25/54 Loss=14.8933 mse=0.2561 v_opt=0.00000 v_mand=0.00000 ptv=0.4426 ptv_max=0.00000 global_ceil=0.03112 ring=0.00000 smooth=0.0259 laplacian=0.0785 beam=0.58521 homogeneity=0.0485 body=0.00000 bowel=0.04970 femur=0.00000
2026-05-25 12:42:00 [INFO] Step 30/54 Loss=11.3241 mse=0.3189 v_opt=0.18337 v_mand=0.07492 ptv=0.2074 ptv_max=0.00014 global_ceil=0.02148 ring=0.00001 smooth=0.0290 laplacian=0.0932 beam=0.00000 homogeneity=0.0196 body=0.00000 bowel=0.05067 femur=0.00511
2026-05-25 12:42:05 [INFO] Step 35/54 Loss=17.4995 mse=0.3823 v_opt=0.08534 v_mand=0.03031 ptv=0.1977 ptv_max=0.00005 global_ceil=0.00451 ring=0.00000 smooth=0.0240 laplacian=0.0793 beam=0.63641 homogeneity=0.0189 body=0.00000 bowel=0.03939 femur=0.00762
2026-05-25 12:42:10 [INFO] Step 40/54 Loss=19.6954 mse=0.4734 v_opt=0.01499 v_mand=0.00003 ptv=0.1164 ptv_max=0.00026 global_ceil=0.02145 ring=0.00001 smooth=0.0305 laplacian=0.1029 beam=0.65597 homogeneity=0.0122 body=0.00000 bowel=0.06713 femur=0.05478
2026-05-25 12:42:16 [INFO] Step 45/54 Loss=19.9880 mse=0.4772 v_opt=0.17135 v_mand=0.05325 ptv=0.0947 ptv_max=0.00006 global_ceil=0.00729 ring=0.00000 smooth=0.0278 laplacian=0.0986 beam=0.57406 homogeneity=0.0055 body=0.00000 bowel=0.14086 femur=0.01644
2026-05-25 12:42:21 [INFO] Step 50/54 Loss=15.4991 mse=0.3228 v_opt=0.05660 v_mand=0.01096 ptv=0.1250 ptv_max=0.00010 global_ceil=0.01154 ring=0.00000 smooth=0.0181 laplacian=0.0594 beam=0.54603 homogeneity=0.0088 body=0.00000 bowel=0.21339 femur=0.00520
2026-05-25 12:42:26 [INFO] Step 54/54 Loss=16.5436 mse=0.3488 v_opt=0.14243 v_mand=0.05804 ptv=0.1276 ptv_max=0.00006 global_ceil=0.01247 ring=0.00000 smooth=0.0288 laplacian=0.0962 beam=0.56816 homogeneity=0.0083 body=0.00000 bowel=0.05339 femur=0.01780
2026-05-25 12:42:26 [INFO] Running validation at epoch 28...
2026-05-25 12:42:52 [INFO] Epoch 28 Summary: Train=16.9357 Val=0.0389 (MSE=0.0389)
          Metrics: PTV_D95=46.15Gy Bladder=31.73Gy Rectum=30.51Gy
          Metrics: Ring=47.95Gy Dmax=96.58Gy BG=44.56Gy
2026-05-25 12:42:52 [INFO] Epoch 29/300 [RAMP 29/75 (39% of physics)] ramp=0.387 lr=9.79e-05
2026-05-25 12:42:59 [INFO] Step 5/54 Loss=21.7962 mse=0.4914 v_opt=0.17114 v_mand=0.08583 ptv=0.0955 ptv_max=0.00009 global_ceil=0.01360 ring=0.00000 smooth=0.0293 laplacian=0.1018 beam=0.61089 homogeneity=0.0067 body=0.00000 bowel=0.08402 femur=0.11103
2026-05-25 12:43:04 [INFO] Step 10/54 Loss=15.5355 mse=0.3138 v_opt=0.11971 v_mand=0.04132 ptv=0.1344 ptv_max=0.00002 global_ceil=0.01820 ring=0.00000 smooth=0.0212 laplacian=0.0661 beam=0.58881 homogeneity=0.0085 body=0.00000 bowel=0.00104 femur=0.00702
2026-05-25 12:43:10 [INFO] Step 15/54 Loss=19.7107 mse=0.4986 v_opt=0.04121 v_mand=0.00048 ptv=0.1238 ptv_max=0.00015 global_ceil=0.02655 ring=0.00001 smooth=0.0312 laplacian=0.1049 beam=0.53912 homogeneity=0.0110 body=0.00000 bowel=0.10631 femur=0.01927
2026-05-25 12:43:15 [INFO] Step 20/54 Loss=28.5662 mse=0.3047 v_opt=0.72015 v_mand=0.44412 ptv=0.3253 ptv_max=0.00001 global_ceil=0.18473 ring=0.00000 smooth=0.0349 laplacian=0.1088 beam=0.63241 homogeneity=0.0316 body=0.00000 bowel=0.06788 femur=0.00000
2026-05-25 12:43:20 [INFO] Step 25/54 Loss=16.0626 mse=0.2882 v_opt=0.01458 v_mand=0.00014 ptv=0.4817 ptv_max=0.00001 global_ceil=0.01524 ring=0.00000 smooth=0.0198 laplacian=0.0601 beam=0.58690 homogeneity=0.0595 body=0.00000 bowel=0.07355 femur=0.00034
2026-05-25 12:43:27 [INFO] Step 30/54 Loss=18.0597 mse=0.3979 v_opt=0.07088 v_mand=0.01960 ptv=0.1737 ptv_max=0.00000 global_ceil=0.00055 ring=0.00000 smooth=0.0206 laplacian=0.0717 beam=0.67830 homogeneity=0.0123 body=0.00000 bowel=0.02482 femur=0.01379
2026-05-25 12:43:32 [INFO] Step 35/54 Loss=19.5338 mse=0.3908 v_opt=0.21650 v_mand=0.09295 ptv=0.1511 ptv_max=0.00003 global_ceil=0.00796 ring=0.00000 smooth=0.0258 laplacian=0.0872 beam=0.66786 homogeneity=0.0098 body=0.00000 bowel=0.05680 femur=0.00521
2026-05-25 12:43:38 [INFO] Step 40/54 Loss=20.9352 mse=0.4419 v_opt=0.21372 v_mand=0.10131 ptv=0.1067 ptv_max=0.00010 global_ceil=0.02341 ring=0.00003 smooth=0.0276 laplacian=0.0961 beam=0.61543 homogeneity=0.0073 body=0.00000 bowel=0.10437 femur=0.02220
2026-05-25 12:43:43 [INFO] Step 45/54 Loss=15.2062 mse=0.2517 v_opt=0.05802 v_mand=0.01496 ptv=0.4977 ptv_max=0.00000 global_ceil=0.03005 ring=0.00000 smooth=0.0157 laplacian=0.0460 beam=0.56979 homogeneity=0.0610 body=0.00000 bowel=0.00000 femur=0.00005
2026-05-25 12:43:49 [INFO] Step 50/54 Loss=17.7388 mse=0.4080 v_opt=0.05276 v_mand=0.01239 ptv=0.0702 ptv_max=0.00034 global_ceil=0.03355 ring=0.00001 smooth=0.0290 laplacian=0.0928 beam=0.62928 homogeneity=0.0058 body=0.00000 bowel=0.00000 femur=0.00000
2026-05-25 12:43:54 [INFO] Step 54/54 Loss=15.7815 mse=0.3413 v_opt=0.01037 v_mand=0.00013 ptv=0.2085 ptv_max=0.00003 global_ceil=0.00114 ring=0.00000 smooth=0.0192 laplacian=0.0631 beam=0.63416 homogeneity=0.0193 body=0.00000 bowel=0.00000 femur=0.00003
2026-05-25 12:43:54 [INFO] Running validation at epoch 29...
2026-05-25 12:44:20 [INFO] Epoch 29 Summary: Train=17.7434 Val=0.0365 (MSE=0.0365)
          Metrics: PTV_D95=45.08Gy Bladder=31.40Gy Rectum=28.49Gy
          Metrics: Ring=47.29Gy Dmax=108.39Gy BG=43.40Gy
2026-05-25 12:44:20 [INFO] [DIAGNOSTIC] Saved fallback model MSE=0.0365
2026-05-25 12:44:20 [INFO] Epoch 30/300 [RAMP 30/75 (40% of physics)] ramp=0.400 lr=9.77e-05
2026-05-25 12:44:27 [INFO] Step 5/54 Loss=17.8168 mse=0.3981 v_opt=0.05095 v_mand=0.01000 ptv=0.1171 ptv_max=0.00021 global_ceil=0.00735 ring=0.00001 smooth=0.0256 laplacian=0.0857 beam=0.61778 homogeneity=0.0106 body=0.00000 bowel=0.08587 femur=0.00902
2026-05-25 12:44:32 [INFO] Step 10/54 Loss=16.3249 mse=0.3428 v_opt=0.04213 v_mand=0.00262 ptv=0.1621 ptv_max=0.00009 global_ceil=0.00290 ring=0.00000 smooth=0.0212 laplacian=0.0721 beam=0.66151 homogeneity=0.0135 body=0.00000 bowel=0.01374 femur=0.00008
2026-05-25 12:44:38 [INFO] Step 15/54 Loss=17.4161 mse=0.3646 v_opt=0.07510 v_mand=0.02316 ptv=0.1628 ptv_max=0.00002 global_ceil=0.00540 ring=0.00000 smooth=0.0265 laplacian=0.0855 beam=0.53523 homogeneity=0.0116 body=0.00000 bowel=0.22724 femur=0.00667
2026-05-25 12:44:44 [INFO] Step 20/54 Loss=9.9329 mse=0.1140 v_opt=0.01717 v_mand=0.00037 ptv=0.3902 ptv_max=0.00000 global_ceil=0.00026 ring=0.00000 smooth=0.0136 laplacian=0.0385 beam=0.50913 homogeneity=0.0401 body=0.00000 bowel=0.00000 femur=0.00000
2026-05-25 12:44:50 [INFO] Step 25/54 Loss=21.4081 mse=0.4793 v_opt=0.17773 v_mand=0.06877 ptv=0.0722 ptv_max=0.00011 global_ceil=0.00350 ring=0.00000 smooth=0.0232 laplacian=0.0842 beam=0.62078 homogeneity=0.0044 body=0.00000 bowel=0.14159 femur=0.06798
2026-05-25 12:44:55 [INFO] Step 30/54 Loss=18.2465 mse=0.3735 v_opt=0.05246 v_mand=0.01308 ptv=0.1636 ptv_max=0.00005 global_ceil=0.00563 ring=0.00000 smooth=0.0247 laplacian=0.0820 beam=0.64936 homogeneity=0.0126 body=0.00000 bowel=0.17764 femur=0.00000
2026-05-25 12:45:01 [INFO] Step 35/54 Loss=14.0009 mse=0.2010 v_opt=0.26025 v_mand=0.13605 ptv=0.1017 ptv_max=0.00002 global_ceil=0.00038 ring=0.00000 smooth=0.0213 laplacian=0.0667 beam=0.54493 homogeneity=0.0051 body=0.00000 bowel=0.00000 femur=0.00000
2026-05-25 12:45:05 [INFO] Step 40/54 Loss=17.6973 mse=0.3736 v_opt=0.06462 v_mand=0.00526 ptv=0.1618 ptv_max=0.00010 global_ceil=0.03091 ring=0.00001 smooth=0.0222 laplacian=0.0750 beam=0.61169 homogeneity=0.0140 body=0.00000 bowel=0.05726 femur=0.04960
2026-05-25 12:45:11 [INFO] Step 45/54 Loss=17.9395 mse=0.3866 v_opt=0.05816 v_mand=0.01306 ptv=0.1539 ptv_max=0.00004 global_ceil=0.01515 ring=0.00000 smooth=0.0252 laplacian=0.0820 beam=0.63407 homogeneity=0.0123 body=0.00000 bowel=0.06048 femur=0.01715
2026-05-25 12:45:17 [INFO] Step 50/54 Loss=18.3938 mse=0.4313 v_opt=0.01756 v_mand=0.00014 ptv=0.0866 ptv_max=0.00019 global_ceil=0.01095 ring=0.00000 smooth=0.0252 laplacian=0.0869 beam=0.63470 homogeneity=0.0068 body=0.00000 bowel=0.06225 femur=0.01478
2026-05-25 12:45:22 [INFO] Step 54/54 Loss=17.3228 mse=0.3593 v_opt=0.14230 v_mand=0.05882 ptv=0.1379 ptv_max=0.00005 global_ceil=0.00622 ring=0.00000 smooth=0.0280 laplacian=0.0901 beam=0.58856 homogeneity=0.0103 body=0.00000 bowel=0.03317 femur=0.00330
2026-05-25 12:45:22 [INFO] Running validation at epoch 30...
2026-05-25 12:45:48 [INFO] Epoch 30 Summary: Train=17.4727 Val=0.0370 (MSE=0.0370)
          Metrics: PTV_D95=45.81Gy Bladder=30.71Gy Rectum=32.37Gy
          Metrics: Ring=47.07Gy Dmax=109.86Gy BG=43.65Gy
2026-05-25 12:45:48 [INFO] Epoch 31/300 [RAMP 31/75 (41% of physics)] ramp=0.413 lr=9.76e-05
2026-05-25 12:45:55 [INFO] Step 5/54 Loss=20.5762 mse=0.4981 v_opt=0.07520 v_mand=0.01096 ptv=0.1451 ptv_max=0.00003 global_ceil=0.00222 ring=0.00000 smooth=0.0253 laplacian=0.0822 beam=0.64762 homogeneity=0.0122 body=0.00000 bowel=0.03098 femur=0.00567
2026-05-25 12:46:00 [INFO] Step 10/54 Loss=20.5180 mse=0.4862 v_opt=0.08016 v_mand=0.01132 ptv=0.1253 ptv_max=0.00012 global_ceil=0.02651 ring=0.00001 smooth=0.0315 laplacian=0.1012 beam=0.64281 homogeneity=0.0100 body=0.00000 bowel=0.00000 femur=0.01018
2026-05-25 12:46:06 [INFO] Step 15/54 Loss=19.8907 mse=0.4188 v_opt=0.02249 v_mand=0.00090 ptv=0.1035 ptv_max=0.00047 global_ceil=0.06713 ring=0.00000 smooth=0.0237 laplacian=0.0805 beam=0.62287 homogeneity=0.0102 body=0.00000 bowel=0.12065 femur=0.02267
2026-05-25 12:46:11 [INFO] Step 20/54 Loss=15.1841 mse=0.3267 v_opt=0.03593 v_mand=0.00209 ptv=0.0887 ptv_max=0.00022 global_ceil=0.00367 ring=0.00001 smooth=0.0198 laplacian=0.0624 beam=0.60806 homogeneity=0.0081 body=0.00000 bowel=0.00000 femur=0.00000
2026-05-25 12:46:17 [INFO] Step 25/54 Loss=20.2252 mse=0.4568 v_opt=0.08216 v_mand=0.02589 ptv=0.1023 ptv_max=0.00006 global_ceil=0.00160 ring=0.00000 smooth=0.0283 laplacian=0.0924 beam=0.66918 homogeneity=0.0073 body=0.00000 bowel=0.07968 femur=0.01703
2026-05-25 12:46:22 [INFO] Step 30/54 Loss=13.1613 mse=0.1806 v_opt=0.00010 v_mand=0.00000 ptv=0.4918 ptv_max=0.00001 global_ceil=0.00201 ring=0.00000 smooth=0.0188 laplacian=0.0535 beam=0.57285 homogeneity=0.0636 body=0.00000 bowel=0.00133 femur=0.00000
2026-05-25 12:46:28 [INFO] Step 35/54 Loss=9.1892 mse=0.2588 v_opt=0.15818 v_mand=0.07903 ptv=0.1303 ptv_max=0.00002 global_ceil=0.00034 ring=0.00000 smooth=0.0185 laplacian=0.0611 beam=0.00000 homogeneity=0.0082 body=0.00000 bowel=0.03332 femur=0.00000
2026-05-25 12:46:33 [INFO] Step 40/54 Loss=16.9010 mse=0.3446 v_opt=0.02854 v_mand=0.00326 ptv=0.2049 ptv_max=0.00000 global_ceil=0.01384 ring=0.00000 smooth=0.0227 laplacian=0.0712 beam=0.59653 homogeneity=0.0158 body=0.00000 bowel=0.09841 femur=0.00002
2026-05-25 12:46:39 [INFO] Step 45/54 Loss=16.0463 mse=0.3281 v_opt=0.04826 v_mand=0.01076 ptv=0.1652 ptv_max=0.00002 global_ceil=0.00777 ring=0.00000 smooth=0.0195 laplacian=0.0654 beam=0.59058 homogeneity=0.0124 body=0.00000 bowel=0.05820 femur=0.00695
2026-05-25 12:46:45 [INFO] Step 50/54 Loss=15.4617 mse=0.2943 v_opt=0.05026 v_mand=0.00627 ptv=0.1819 ptv_max=0.00001 global_ceil=0.00210 ring=0.00000 smooth=0.0199 laplacian=0.0650 beam=0.63482 homogeneity=0.0138 body=0.00000 bowel=0.05170 femur=0.00031
2026-05-25 12:46:49 [INFO] Step 54/54 Loss=17.6882 mse=0.3963 v_opt=0.01321 v_mand=0.00045 ptv=0.0814 ptv_max=0.00021 global_ceil=0.01225 ring=0.00000 smooth=0.0254 laplacian=0.0869 beam=0.61771 homogeneity=0.0066 body=0.00000 bowel=0.08013 femur=0.00810
2026-05-25 12:46:49 [INFO] Running validation at epoch 31...
2026-05-25 12:47:15 [INFO] Epoch 31 Summary: Train=17.0073 Val=0.0361 (MSE=0.0361)
          Metrics: PTV_D95=46.51Gy Bladder=31.14Gy Rectum=32.09Gy
          Metrics: Ring=47.49Gy Dmax=105.99Gy BG=43.16Gy
2026-05-25 12:47:15 [INFO] [DIAGNOSTIC] Saved fallback model MSE=0.0361
2026-05-25 12:47:15 [INFO] Epoch 32/300 [RAMP 32/75 (43% of physics)] ramp=0.427 lr=9.74e-05
2026-05-25 12:47:22 [INFO] Step 5/54 Loss=15.6430 mse=0.2904 v_opt=0.06708 v_mand=0.01290 ptv=0.1973 ptv_max=0.00001 global_ceil=0.00305 ring=0.00000 smooth=0.0233 laplacian=0.0735 beam=0.63057 homogeneity=0.0153 body=0.00000 bowel=0.01394 femur=0.00728
2026-05-25 12:47:27 [INFO] Step 10/54 Loss=13.8468 mse=0.1802 v_opt=0.23105 v_mand=0.10169 ptv=0.2267 ptv_max=0.00000 global_ceil=0.00027 ring=0.00000 smooth=0.0214 laplacian=0.0635 beam=0.53468 homogeneity=0.0179 body=0.00000 bowel=0.00000 femur=0.00006
2026-05-25 12:47:33 [INFO] Step 15/54 Loss=16.8232 mse=0.3454 v_opt=0.00000 v_mand=0.00000 ptv=0.1398 ptv_max=0.00011 global_ceil=0.00798 ring=0.00000 smooth=0.0212 laplacian=0.0692 beam=0.57294 homogeneity=0.0114 body=0.00000 bowel=0.16406 femur=0.00000
2026-05-25 12:47:38 [INFO] Step 20/54 Loss=20.3198 mse=0.4645 v_opt=0.10270 v_mand=0.03415 ptv=0.0804 ptv_max=0.00018 global_ceil=0.01353 ring=0.00001 smooth=0.0255 laplacian=0.0895 beam=0.58675 homogeneity=0.0055 body=0.00000 bowel=0.09458 femur=0.03131
2026-05-25 12:47:45 [INFO] Step 25/54 Loss=21.7566 mse=0.5132 v_opt=0.03374 v_mand=0.00377 ptv=0.0545 ptv_max=0.00052 global_ceil=0.04972 ring=0.00002 smooth=0.0281 laplacian=0.0952 beam=0.67790 homogeneity=0.0052 body=0.00000 bowel=0.00000 femur=0.00000
2026-05-25 12:47:50 [INFO] Step 30/54 Loss=16.6242 mse=0.3204 v_opt=0.07679 v_mand=0.02540 ptv=0.0892 ptv_max=0.00009 global_ceil=0.02194 ring=0.00001 smooth=0.0218 laplacian=0.0684 beam=0.56115 homogeneity=0.0044 body=0.00000 bowel=0.15225 femur=0.00000
2026-05-25 12:47:55 [INFO] Step 35/54 Loss=15.4367 mse=0.1139 v_opt=0.30989 v_mand=0.19644 ptv=0.4741 ptv_max=0.00000 global_ceil=0.00000 ring=0.00000 smooth=0.0102 laplacian=0.0290 beam=0.52371 homogeneity=0.0536 body=0.00000 bowel=0.00000 femur=0.00000
2026-05-25 12:48:02 [INFO] Step 40/54 Loss=22.3896 mse=0.4784 v_opt=0.18776 v_mand=0.06343 ptv=0.1073 ptv_max=0.00003 global_ceil=0.00122 ring=0.00000 smooth=0.0228 laplacian=0.0788 beam=0.63796 homogeneity=0.0061 body=0.00000 bowel=0.15884 femur=0.08862
2026-05-25 12:48:06 [INFO] Step 45/54 Loss=19.6031 mse=0.4328 v_opt=0.03777 v_mand=0.00461 ptv=0.1005 ptv_max=0.00024 global_ceil=0.01531 ring=0.00000 smooth=0.0281 laplacian=0.0915 beam=0.67120 homogeneity=0.0091 body=0.00000 bowel=0.06718 femur=0.00159
2026-05-25 12:48:13 [INFO] Step 50/54 Loss=10.4887 mse=0.1279 v_opt=0.08678 v_mand=0.01452 ptv=0.2000 ptv_max=0.00000 global_ceil=0.00408 ring=0.00000 smooth=0.0173 laplacian=0.0501 beam=0.51386 homogeneity=0.0159 body=0.00000 bowel=0.03669 femur=0.00028
2026-05-25 12:48:17 [INFO] Step 54/54 Loss=17.9882 mse=0.3656 v_opt=0.06646 v_mand=0.01837 ptv=0.1676 ptv_max=0.00026 global_ceil=0.03294 ring=0.00001 smooth=0.0199 laplacian=0.0613 beam=0.60953 homogeneity=0.0171 body=0.00000 bowel=0.02294 femur=0.00751
2026-05-25 12:48:17 [INFO] Running validation at epoch 32...
2026-05-25 12:48:44 [INFO] Epoch 32 Summary: Train=17.5577 Val=0.0352 (MSE=0.0352)
          Metrics: PTV_D95=44.39Gy Bladder=30.41Gy Rectum=31.70Gy
          Metrics: Ring=47.31Gy Dmax=116.40Gy BG=42.71Gy
2026-05-25 12:48:44 [INFO] [DIAGNOSTIC] Saved fallback model MSE=0.0352
2026-05-25 12:48:44 [INFO] Epoch 33/300 [RAMP 33/75 (44% of physics)] ramp=0.440 lr=9.72e-05
2026-05-25 12:48:51 [INFO] Step 5/54 Loss=18.2197 mse=0.3799 v_opt=0.04593 v_mand=0.00821 ptv=0.1622 ptv_max=0.00004 global_ceil=0.00379 ring=0.00000 smooth=0.0219 laplacian=0.0739 beam=0.65340 homogeneity=0.0125 body=0.00000 bowel=0.03113 femur=0.00567
2026-05-25 12:48:56 [INFO] Step 10/54 Loss=14.1296 mse=0.2574 v_opt=0.04840 v_mand=0.00740 ptv=0.1799 ptv_max=0.00001 global_ceil=0.00021 ring=0.00000 smooth=0.0221 laplacian=0.0727 beam=0.56039 homogeneity=0.0135 body=0.00000 bowel=0.03568 femur=0.00133
2026-05-25 12:49:01 [INFO] Step 15/54 Loss=17.6334 mse=0.3410 v_opt=0.09370 v_mand=0.03247 ptv=0.1484 ptv_max=0.00002 global_ceil=0.00278 ring=0.00000 smooth=0.0302 laplacian=0.0924 beam=0.64118 homogeneity=0.0101 body=0.00000 bowel=0.03248 femur=0.00551
2026-05-25 12:49:06 [INFO] Step 20/54 Loss=18.6105 mse=0.4248 v_opt=0.06650 v_mand=0.01296 ptv=0.0884 ptv_max=0.00009 global_ceil=0.00402 ring=0.00000 smooth=0.0236 laplacian=0.0811 beam=0.62956 homogeneity=0.0055 body=0.00000 bowel=0.00000 femur=0.00000
2026-05-25 12:49:12 [INFO] Step 25/54 Loss=13.9527 mse=0.2376 v_opt=0.04923 v_mand=0.00838 ptv=0.2376 ptv_max=0.00000 global_ceil=0.00410 ring=0.00000 smooth=0.0163 laplacian=0.0529 beam=0.53571 homogeneity=0.0222 body=0.00000 bowel=0.06632 femur=0.00000
2026-05-25 12:49:18 [INFO] Step 30/54 Loss=12.9805 mse=0.2119 v_opt=0.05238 v_mand=0.01349 ptv=0.1434 ptv_max=0.00008 global_ceil=0.00673 ring=0.00000 smooth=0.0143 laplacian=0.0474 beam=0.55358 homogeneity=0.0106 body=0.00000 bowel=0.03973 femur=0.00000
2026-05-25 12:49:23 [INFO] Step 35/54 Loss=13.5203 mse=0.2402 v_opt=0.06243 v_mand=0.01149 ptv=0.2105 ptv_max=0.00005 global_ceil=0.00092 ring=0.00000 smooth=0.0235 laplacian=0.0690 beam=0.53488 homogeneity=0.0199 body=0.00000 bowel=0.00576 femur=0.00000
2026-05-25 12:49:29 [INFO] Step 40/54 Loss=14.1029 mse=0.2692 v_opt=0.05388 v_mand=0.01404 ptv=0.0903 ptv_max=0.00006 global_ceil=0.00052 ring=0.00000 smooth=0.0158 laplacian=0.0490 beam=0.58594 homogeneity=0.0049 body=0.00000 bowel=0.00000 femur=0.00000
2026-05-25 12:49:35 [INFO] Step 45/54 Loss=22.8565 mse=0.5727 v_opt=0.05226 v_mand=0.01243 ptv=0.0601 ptv_max=0.00058 global_ceil=0.00577 ring=0.00001 smooth=0.0271 laplacian=0.0961 beam=0.68276 homogeneity=0.0065 body=0.00000 bowel=0.00000 femur=0.00000
2026-05-25 12:49:40 [INFO] Step 50/54 Loss=17.8872 mse=0.3165 v_opt=0.18887 v_mand=0.06969 ptv=0.1178 ptv_max=0.00002 global_ceil=0.00229 ring=0.00000 smooth=0.0205 laplacian=0.0627 beam=0.56869 homogeneity=0.0071 body=0.00000 bowel=0.18101 femur=0.01051
2026-05-25 12:49:45 [INFO] Step 54/54 Loss=13.5446 mse=0.2222 v_opt=0.06176 v_mand=0.00771 ptv=0.2154 ptv_max=0.00001 global_ceil=0.01466 ring=0.00000 smooth=0.0153 laplacian=0.0482 beam=0.55618 homogeneity=0.0179 body=0.00000 bowel=0.01631 femur=0.00000
2026-05-25 12:49:45 [INFO] Running validation at epoch 33...
2026-05-25 12:50:11 [INFO] Epoch 33 Summary: Train=17.3281 Val=0.0351 (MSE=0.0351)
          Metrics: PTV_D95=46.12Gy Bladder=30.89Gy Rectum=30.61Gy
          Metrics: Ring=47.76Gy Dmax=113.59Gy BG=42.57Gy
2026-05-25 12:50:11 [INFO] [DIAGNOSTIC] Saved fallback model MSE=0.0351
2026-05-25 12:50:11 [INFO] Epoch 34/300 [RAMP 34/75 (45% of physics)] ramp=0.453 lr=9.71e-05
2026-05-25 12:50:17 [INFO] Step 5/54 Loss=17.8890 mse=0.2723 v_opt=0.00303 v_mand=0.00000 ptv=0.3343 ptv_max=0.00000 global_ceil=0.09688 ring=0.00000 smooth=0.0316 laplacian=0.0938 beam=0.60287 homogeneity=0.0338 body=0.00000 bowel=0.00000 femur=0.00000
2026-05-25 12:50:22 [INFO] Step 10/54 Loss=21.6721 mse=0.4163 v_opt=0.09089 v_mand=0.01720 ptv=0.0354 ptv_max=0.00316 global_ceil=0.12548 ring=0.00020 smooth=0.0278 laplacian=0.0953 beam=0.63987 homogeneity=0.0099 body=0.00000 bowel=0.00000 femur=0.00000
2026-05-25 12:50:28 [INFO] Step 15/54 Loss=17.0198 mse=0.3333 v_opt=0.04738 v_mand=0.00681 ptv=0.1636 ptv_max=0.00000 global_ceil=0.00068 ring=0.00000 smooth=0.0246 laplacian=0.0820 beam=0.62486 homogeneity=0.0113 body=0.00000 bowel=0.02555 femur=0.03891
2026-05-25 12:50:34 [INFO] Step 20/54 Loss=20.5977 mse=0.4806 v_opt=0.05358 v_mand=0.00840 ptv=0.1442 ptv_max=0.00000 global_ceil=0.00578 ring=0.00000 smooth=0.0282 laplacian=0.0891 beam=0.64044 homogeneity=0.0094 body=0.00000 bowel=0.00000 femur=0.00000
2026-05-25 12:50:39 [INFO] Step 25/54 Loss=15.0406 mse=0.2975 v_opt=0.02461 v_mand=0.00164 ptv=0.1560 ptv_max=0.00002 global_ceil=0.00095 ring=0.00000 smooth=0.0193 laplacian=0.0634 beam=0.56628 homogeneity=0.0112 body=0.00000 bowel=0.02075 femur=0.00000
2026-05-25 12:50:45 [INFO] Step 30/54 Loss=11.3374 mse=0.1504 v_opt=0.05354 v_mand=0.00448 ptv=0.2354 ptv_max=0.00000 global_ceil=0.00028 ring=0.00000 smooth=0.0109 laplacian=0.0334 beam=0.53492 homogeneity=0.0194 body=0.00000 bowel=0.00524 femur=0.00000
2026-05-25 12:50:50 [INFO] Step 35/54 Loss=18.9758 mse=0.4265 v_opt=0.02417 v_mand=0.00165 ptv=0.1235 ptv_max=0.00008 global_ceil=0.02000 ring=0.00001 smooth=0.0219 laplacian=0.0715 beam=0.59599 homogeneity=0.0113 body=0.00000 bowel=0.02989 femur=0.00071
2026-05-25 12:50:56 [INFO] Step 40/54 Loss=15.9121 mse=0.2975 v_opt=0.04079 v_mand=0.00253 ptv=0.1503 ptv_max=0.00002 global_ceil=0.03104 ring=0.00000 smooth=0.0195 laplacian=0.0592 beam=0.58112 homogeneity=0.0111 body=0.00000 bowel=0.02392 femur=0.00061
2026-05-25 12:51:01 [INFO] Step 45/54 Loss=16.7983 mse=0.3151 v_opt=0.10763 v_mand=0.02246 ptv=0.1329 ptv_max=0.00004 global_ceil=0.00117 ring=0.00000 smooth=0.0183 laplacian=0.0612 beam=0.62325 homogeneity=0.0092 body=0.00000 bowel=0.04644 femur=0.01619
2026-05-25 12:51:07 [INFO] Step 50/54 Loss=14.1101 mse=0.2695 v_opt=0.01183 v_mand=0.00028 ptv=0.1612 ptv_max=0.00005 global_ceil=0.00265 ring=0.00000 smooth=0.0202 laplacian=0.0641 beam=0.54874 homogeneity=0.0138 body=0.00000 bowel=0.00935 femur=0.00000
2026-05-25 12:51:11 [INFO] Step 54/54 Loss=18.6539 mse=0.3933 v_opt=0.07951 v_mand=0.02048 ptv=0.0982 ptv_max=0.00010 global_ceil=0.00420 ring=0.00000 smooth=0.0260 laplacian=0.0828 beam=0.62840 homogeneity=0.0069 body=0.00000 bowel=0.04472 femur=0.01114
2026-05-25 12:51:12 [INFO] Running validation at epoch 34...
2026-05-25 12:51:38 [INFO] Epoch 34 Summary: Train=17.9250 Val=0.0348 (MSE=0.0348)
          Metrics: PTV_D95=46.84Gy Bladder=30.79Gy Rectum=29.39Gy
          Metrics: Ring=47.66Gy Dmax=112.35Gy BG=42.50Gy
2026-05-25 12:51:38 [INFO] [DIAGNOSTIC] Saved fallback model MSE=0.0348
2026-05-25 12:51:38 [INFO] Epoch 35/300 [RAMP 35/75 (47% of physics)] ramp=0.467 lr=9.69e-05
2026-05-25 12:51:45 [INFO] Step 5/54 Loss=13.3285 mse=0.2002 v_opt=0.06796 v_mand=0.02335 ptv=0.2396 ptv_max=0.00000 global_ceil=0.00041 ring=0.00000 smooth=0.0115 laplacian=0.0353 beam=0.54167 homogeneity=0.0194 body=0.00000 bowel=0.00000 femur=0.00000
2026-05-25 12:51:50 [INFO] Step 10/54 Loss=10.4866 mse=0.1549 v_opt=0.00000 v_mand=0.00000 ptv=0.0000 ptv_max=0.00000 global_ceil=0.00998 ring=0.00000 smooth=0.0104 laplacian=0.0279 beam=0.54090 homogeneity=0.0000 body=0.00000 bowel=0.00000 femur=0.00000
2026-05-25 12:51:56 [INFO] Step 15/54 Loss=14.3173 mse=0.2216 v_opt=0.13242 v_mand=0.03566 ptv=0.1970 ptv_max=0.00001 global_ceil=0.00320 ring=0.00000 smooth=0.0194 laplacian=0.0617 beam=0.55197 homogeneity=0.0156 body=0.00000 bowel=0.01285 femur=0.00000
2026-05-25 12:52:01 [INFO] Step 20/54 Loss=14.6835 mse=0.2514 v_opt=0.04253 v_mand=0.00304 ptv=0.2663 ptv_max=0.00006 global_ceil=0.00122 ring=0.00000 smooth=0.0181 laplacian=0.0527 beam=0.56679 homogeneity=0.0288 body=0.00000 bowel=0.00000 femur=0.00000
2026-05-25 12:52:06 [INFO] Step 25/54 Loss=16.7605 mse=0.3174 v_opt=0.02330 v_mand=0.00168 ptv=0.1438 ptv_max=0.00011 global_ceil=0.02119 ring=0.00000 smooth=0.0161 laplacian=0.0531 beam=0.58303 homogeneity=0.0131 body=0.00000 bowel=0.07532 femur=0.00193
2026-05-25 12:52:12 [INFO] Step 30/54 Loss=16.1886 mse=0.2913 v_opt=0.12109 v_mand=0.05333 ptv=0.0815 ptv_max=0.00008 global_ceil=0.01213 ring=0.00000 smooth=0.0176 laplacian=0.0558 beam=0.53436 homogeneity=0.0053 body=0.00000 bowel=0.06455 femur=0.00100
2026-05-25 12:52:17 [INFO] Step 35/54 Loss=17.4624 mse=0.3684 v_opt=0.09100 v_mand=0.03408 ptv=0.0902 ptv_max=0.00007 global_ceil=0.00068 ring=0.00000 smooth=0.0151 laplacian=0.0491 beam=0.57910 homogeneity=0.0056 body=0.00000 bowel=0.00000 femur=0.00000
2026-05-25 12:52:23 [INFO] Step 40/54 Loss=18.0873 mse=0.3511 v_opt=0.06104 v_mand=0.01155 ptv=0.1129 ptv_max=0.00006 global_ceil=0.02409 ring=0.00000 smooth=0.0246 laplacian=0.0740 beam=0.57540 homogeneity=0.0061 body=0.00000 bowel=0.13356 femur=0.00000
2026-05-25 12:52:29 [INFO] Step 45/54 Loss=24.0071 mse=0.4889 v_opt=0.21731 v_mand=0.07630 ptv=0.0968 ptv_max=0.00005 global_ceil=0.01211 ring=0.00001 smooth=0.0256 laplacian=0.0899 beam=0.62819 homogeneity=0.0053 body=0.00000 bowel=0.18644 femur=0.03403
2026-05-25 12:52:34 [INFO] Step 50/54 Loss=18.3333 mse=0.3882 v_opt=0.13600 v_mand=0.03459 ptv=0.0914 ptv_max=0.00005 global_ceil=0.01563 ring=0.00000 smooth=0.0298 laplacian=0.0937 beam=0.52013 homogeneity=0.0056 body=0.00000 bowel=0.06638 femur=0.01754
2026-05-25 12:52:38 [INFO] Step 54/54 Loss=18.5226 mse=0.4091 v_opt=0.06886 v_mand=0.02142 ptv=0.1116 ptv_max=0.00009 global_ceil=0.00253 ring=0.00000 smooth=0.0223 laplacian=0.0738 beam=0.57791 homogeneity=0.0076 body=0.00000 bowel=0.01874 femur=0.00389
2026-05-25 12:52:38 [INFO] Running validation at epoch 35...
2026-05-25 12:53:05 [INFO] Epoch 35 Summary: Train=18.3582 Val=0.0351 (MSE=0.0351)
          Metrics: PTV_D95=47.37Gy Bladder=31.03Gy Rectum=28.33Gy
          Metrics: Ring=48.23Gy Dmax=99.67Gy BG=42.64Gy
2026-05-25 12:53:05 [INFO] Epoch 36/300 [RAMP 36/75 (48% of physics)] ramp=0.480 lr=9.67e-05
2026-05-25 12:53:12 [INFO] Step 5/54 Loss=23.0779 mse=0.4708 v_opt=0.16604 v_mand=0.08385 ptv=0.0744 ptv_max=0.00020 global_ceil=0.01162 ring=0.00001 smooth=0.0218 laplacian=0.0759 beam=0.59880 homogeneity=0.0057 body=0.00000 bowel=0.07612 femur=0.10491
2026-05-25 12:53:16 [INFO] Step 10/54 Loss=10.9510 mse=0.1729 v_opt=0.00000 v_mand=0.00000 ptv=0.0000 ptv_max=0.00000 global_ceil=0.00048 ring=0.00000 smooth=0.0092 laplacian=0.0244 beam=0.54625 homogeneity=0.0000 body=0.00000 bowel=0.00000 femur=0.00000
2026-05-25 12:53:23 [INFO] Step 15/54 Loss=22.3922 mse=0.5233 v_opt=0.06660 v_mand=0.01690 ptv=0.0349 ptv_max=0.00094 global_ceil=0.01196 ring=0.00002 smooth=0.0256 laplacian=0.0883 beam=0.66942 homogeneity=0.0063 body=0.00000 bowel=0.00000 femur=0.00000
2026-05-25 12:53:28 [INFO] Step 20/54 Loss=16.4981 mse=0.1439 v_opt=0.00000 v_mand=0.00000 ptv=0.9198 ptv_max=0.00000 global_ceil=0.03468 ring=0.00000 smooth=0.0108 laplacian=0.0303 beam=0.52428 homogeneity=0.1325 body=0.00000 bowel=0.00000 femur=0.00000
2026-05-25 12:53:34 [INFO] Step 25/54 Loss=18.8868 mse=0.3187 v_opt=0.11866 v_mand=0.05079 ptv=0.2453 ptv_max=0.00001 global_ceil=0.01957 ring=0.00000 smooth=0.0203 laplacian=0.0631 beam=0.62155 homogeneity=0.0216 body=0.00000 bowel=0.00539 femur=0.01508
2026-05-25 12:53:39 [INFO] Step 30/54 Loss=17.0620 mse=0.3331 v_opt=0.06661 v_mand=0.01237 ptv=0.0462 ptv_max=0.00068 global_ceil=0.01399 ring=0.00004 smooth=0.0195 laplacian=0.0651 beam=0.63011 homogeneity=0.0042 body=0.00000 bowel=0.00000 femur=0.00000
2026-05-25 12:53:44 [INFO] Step 35/54 Loss=17.9235 mse=0.3129 v_opt=0.12327 v_mand=0.05493 ptv=0.1353 ptv_max=0.00006 global_ceil=0.00364 ring=0.00000 smooth=0.0212 laplacian=0.0689 beam=0.60397 homogeneity=0.0095 body=0.00000 bowel=0.03454 femur=0.03335
2026-05-25 12:53:50 [INFO] Step 40/54 Loss=14.6847 mse=0.2526 v_opt=0.09900 v_mand=0.02033 ptv=0.1474 ptv_max=0.00001 global_ceil=0.00070 ring=0.00000 smooth=0.0169 laplacian=0.0575 beam=0.55407 homogeneity=0.0098 body=0.00000 bowel=0.02019 femur=0.00552
2026-05-25 12:53:56 [INFO] Step 45/54 Loss=19.6611 mse=0.3919 v_opt=0.01663 v_mand=0.00000 ptv=0.1156 ptv_max=0.00003 global_ceil=0.00289 ring=0.00000 smooth=0.0260 laplacian=0.0810 beam=0.62613 homogeneity=0.0069 body=0.00000 bowel=0.19882 femur=0.00037
2026-05-25 12:54:02 [INFO] Step 50/54 Loss=17.4411 mse=0.3257 v_opt=0.08419 v_mand=0.02731 ptv=0.1502 ptv_max=0.00006 global_ceil=0.00443 ring=0.00000 smooth=0.0193 laplacian=0.0619 beam=0.59416 homogeneity=0.0116 body=0.00000 bowel=0.04589 femur=0.00001
2026-05-25 12:54:06 [INFO] Step 54/54 Loss=13.3858 mse=0.1781 v_opt=0.17643 v_mand=0.07060 ptv=0.0931 ptv_max=0.00003 global_ceil=0.00098 ring=0.00000 smooth=0.0148 laplacian=0.0456 beam=0.53716 homogeneity=0.0035 body=0.00000 bowel=0.00000 femur=0.00000
2026-05-25 12:54:06 [INFO] Running validation at epoch 36...
2026-05-25 12:54:32 [INFO] Epoch 36 Summary: Train=17.5405 Val=0.0360 (MSE=0.0360)
          Metrics: PTV_D95=46.81Gy Bladder=29.81Gy Rectum=33.23Gy
          Metrics: Ring=47.73Gy Dmax=99.12Gy BG=43.06Gy
2026-05-25 12:54:32 [INFO] Epoch 37/300 [RAMP 37/75 (49% of physics)] ramp=0.493 lr=9.65e-05
2026-05-25 12:54:39 [INFO] Step 5/54 Loss=22.9699 mse=0.5579 v_opt=0.11868 v_mand=0.02589 ptv=0.0428 ptv_max=0.00029 global_ceil=0.01060 ring=0.00001 smooth=0.0307 laplacian=0.0948 beam=0.60707 homogeneity=0.0037 body=0.00000 bowel=0.00000 femur=0.00000
2026-05-25 12:54:44 [INFO] Step 10/54 Loss=20.8584 mse=0.4741 v_opt=0.08609 v_mand=0.02451 ptv=0.0939 ptv_max=0.00003 global_ceil=0.00288 ring=0.00000 smooth=0.0197 laplacian=0.0698 beam=0.59525 homogeneity=0.0048 body=0.00000 bowel=0.02075 femur=0.01127
2026-05-25 12:54:50 [INFO] Step 15/54 Loss=20.2938 mse=0.4040 v_opt=0.13759 v_mand=0.06407 ptv=0.0974 ptv_max=0.00025 global_ceil=0.00773 ring=0.00001 smooth=0.0190 laplacian=0.0633 beam=0.59892 homogeneity=0.0086 body=0.00000 bowel=0.01335 femur=0.01032
2026-05-25 12:54:55 [INFO] Step 20/54 Loss=15.9766 mse=0.2821 v_opt=0.09231 v_mand=0.02960 ptv=0.0821 ptv_max=0.00033 global_ceil=0.01670 ring=0.00001 smooth=0.0169 laplacian=0.0528 beam=0.54351 homogeneity=0.0077 body=0.00000 bowel=0.04661 femur=0.00000
2026-05-25 12:55:01 [INFO] Step 25/54 Loss=16.9046 mse=0.3224 v_opt=0.07363 v_mand=0.02411 ptv=0.1468 ptv_max=0.00000 global_ceil=0.00203 ring=0.00000 smooth=0.0238 laplacian=0.0761 beam=0.53905 homogeneity=0.0091 body=0.00000 bowel=0.05583 femur=0.01084
2026-05-25 12:55:06 [INFO] Step 30/54 Loss=18.4804 mse=0.3715 v_opt=0.04045 v_mand=0.00470 ptv=0.1652 ptv_max=0.00002 global_ceil=0.00871 ring=0.00000 smooth=0.0207 laplacian=0.0692 beam=0.62351 homogeneity=0.0136 body=0.00000 bowel=0.00000 femur=0.00000
2026-05-25 12:55:11 [INFO] Step 35/54 Loss=13.2163 mse=0.1889 v_opt=0.11090 v_mand=0.02728 ptv=0.1350 ptv_max=0.00001 global_ceil=0.00041 ring=0.00000 smooth=0.0136 laplacian=0.0428 beam=0.52549 homogeneity=0.0081 body=0.00000 bowel=0.04874 femur=0.00000
2026-05-25 12:55:17 [INFO] Step 40/54 Loss=15.3571 mse=0.2485 v_opt=0.04283 v_mand=0.00659 ptv=0.1963 ptv_max=0.00011 global_ceil=0.01067 ring=0.00000 smooth=0.0168 laplacian=0.0529 beam=0.59818 homogeneity=0.0172 body=0.00000 bowel=0.00183 femur=0.00000
2026-05-25 12:55:23 [INFO] Step 45/54 Loss=17.8677 mse=0.3115 v_opt=0.11105 v_mand=0.04629 ptv=0.1176 ptv_max=0.00019 global_ceil=0.01244 ring=0.00001 smooth=0.0197 laplacian=0.0626 beam=0.58572 homogeneity=0.0087 body=0.00000 bowel=0.06114 femur=0.00027
2026-05-25 12:55:28 [INFO] Step 50/54 Loss=18.1430 mse=0.3579 v_opt=0.05336 v_mand=0.01165 ptv=0.1751 ptv_max=0.00034 global_ceil=0.00188 ring=0.00001 smooth=0.0207 laplacian=0.0651 beam=0.61276 homogeneity=0.0193 body=0.00000 bowel=0.00000 femur=0.00000
2026-05-25 12:55:32 [INFO] Step 54/54 Loss=17.0603 mse=0.3606 v_opt=0.03436 v_mand=0.00180 ptv=0.1446 ptv_max=0.00007 global_ceil=0.00797 ring=0.00000 smooth=0.0206 laplacian=0.0664 beam=0.54965 homogeneity=0.0100 body=0.00000 bowel=0.00000 femur=0.00000
2026-05-25 12:55:32 [INFO] Running validation at epoch 37...
2026-05-25 12:55:59 [INFO] Epoch 37 Summary: Train=18.2850 Val=0.0352 (MSE=0.0352)
          Metrics: PTV_D95=47.46Gy Bladder=29.93Gy Rectum=32.14Gy
          Metrics: Ring=48.08Gy Dmax=96.25Gy BG=42.67Gy
2026-05-25 12:55:59 [INFO] Epoch 38/300 [RAMP 38/75 (51% of physics)] ramp=0.507 lr=9.63e-05
2026-05-25 12:56:06 [INFO] Step 5/54 Loss=16.1814 mse=0.3107 v_opt=0.01352 v_mand=0.00001 ptv=0.1107 ptv_max=0.00010 global_ceil=0.00053 ring=0.00000 smooth=0.0207 laplacian=0.0648 beam=0.57481 homogeneity=0.0096 body=0.00000 bowel=0.03362 femur=0.00179
2026-05-25 12:56:11 [INFO] Step 10/54 Loss=18.7734 mse=0.3835 v_opt=0.09141 v_mand=0.01573 ptv=0.1028 ptv_max=0.00017 global_ceil=0.00535 ring=0.00000 smooth=0.0238 laplacian=0.0729 beam=0.58955 homogeneity=0.0089 body=0.00000 bowel=0.02409 femur=0.01738
2026-05-25 12:56:17 [INFO] Step 15/54 Loss=17.0798 mse=0.3362 v_opt=0.05009 v_mand=0.01186 ptv=0.1232 ptv_max=0.00010 global_ceil=0.02195 ring=0.00000 smooth=0.0194 laplacian=0.0634 beam=0.50068 homogeneity=0.0085 body=0.00000 bowel=0.06477 femur=0.00871
2026-05-25 12:56:22 [INFO] Step 20/54 Loss=16.7800 mse=0.2438 v_opt=0.15890 v_mand=0.06166 ptv=0.2300 ptv_max=0.00000 global_ceil=0.00153 ring=0.00000 smooth=0.0165 laplacian=0.0534 beam=0.58210 homogeneity=0.0187 body=0.00000 bowel=0.00665 femur=0.00017
2026-05-25 12:56:29 [INFO] Step 25/54 Loss=17.6533 mse=0.3491 v_opt=0.00743 v_mand=0.00000 ptv=0.0927 ptv_max=0.00004 global_ceil=0.00160 ring=0.00000 smooth=0.0189 laplacian=0.0600 beam=0.57275 homogeneity=0.0048 body=0.00000 bowel=0.12375 femur=0.00000
2026-05-25 12:56:34 [INFO] Step 30/54 Loss=18.9142 mse=0.4093 v_opt=0.02789 v_mand=0.00265 ptv=0.0475 ptv_max=0.00079 global_ceil=0.00927 ring=0.00002 smooth=0.0205 laplacian=0.0683 beam=0.61547 homogeneity=0.0069 body=0.00000 bowel=0.00000 femur=0.00000
2026-05-25 12:56:41 [INFO] Step 35/54 Loss=15.6707 mse=0.2833 v_opt=0.10947 v_mand=0.02727 ptv=0.0378 ptv_max=0.00023 global_ceil=0.00180 ring=0.00000 smooth=0.0170 laplacian=0.0526 beam=0.58082 homogeneity=0.0033 body=0.00000 bowel=0.00000 femur=0.00000
2026-05-25 12:56:45 [INFO] Step 40/54 Loss=15.8268 mse=0.2801 v_opt=0.01661 v_mand=0.00000 ptv=0.0975 ptv_max=0.00011 global_ceil=0.02809 ring=0.00000 smooth=0.0187 laplacian=0.0555 beam=0.56418 homogeneity=0.0070 body=0.00000 bowel=0.02911 femur=0.00098
2026-05-25 12:56:52 [INFO] Step 45/54 Loss=14.8459 mse=0.2292 v_opt=0.07371 v_mand=0.02044 ptv=0.1919 ptv_max=0.00000 global_ceil=0.00024 ring=0.00000 smooth=0.0173 laplacian=0.0513 beam=0.57003 homogeneity=0.0143 body=0.00000 bowel=0.00544 femur=0.00000
2026-05-25 12:56:57 [INFO] Step 50/54 Loss=26.2185 mse=0.4576 v_opt=0.04550 v_mand=0.00600 ptv=0.1068 ptv_max=0.00008 global_ceil=0.18618 ring=0.00000 smooth=0.0383 laplacian=0.1269 beam=0.65001 homogeneity=0.0077 body=0.00000 bowel=0.08641 femur=0.00132
2026-05-25 12:57:01 [INFO] Step 54/54 Loss=15.0973 mse=0.2610 v_opt=0.00954 v_mand=0.00000 ptv=0.1959 ptv_max=0.00004 global_ceil=0.00646 ring=0.00000 smooth=0.0128 laplacian=0.0384 beam=0.56232 homogeneity=0.0175 body=0.00000 bowel=0.00000 femur=0.00000
2026-05-25 12:57:01 [INFO] Running validation at epoch 38...
2026-05-25 12:57:27 [INFO] Epoch 38 Summary: Train=17.2045 Val=0.0354 (MSE=0.0354)
          Metrics: PTV_D95=46.00Gy Bladder=29.36Gy Rectum=29.38Gy
          Metrics: Ring=47.27Gy Dmax=108.96Gy BG=42.69Gy
2026-05-25 12:57:27 [INFO] Epoch 39/300 [RAMP 39/75 (52% of physics)] ramp=0.520 lr=9.61e-05
2026-05-25 12:57:34 [INFO] Step 5/54 Loss=14.1491 mse=0.1814 v_opt=0.16346 v_mand=0.05680 ptv=0.1673 ptv_max=0.00013 global_ceil=0.00323 ring=0.00000 smooth=0.0173 laplacian=0.0506 beam=0.51566 homogeneity=0.0152 body=0.00000 bowel=0.00000 femur=0.00000
2026-05-25 12:57:39 [INFO] Step 10/54 Loss=12.0549 mse=0.1863 v_opt=0.00000 v_mand=0.00000 ptv=0.0000 ptv_max=0.00000 global_ceil=0.00026 ring=0.00000 smooth=0.0125 laplacian=0.0343 beam=0.56111 homogeneity=0.0000 body=0.00000 bowel=0.00000 femur=0.00000
2026-05-25 12:57:46 [INFO] Step 15/54 Loss=14.5457 mse=0.2432 v_opt=0.02399 v_mand=0.00004 ptv=0.1582 ptv_max=0.00006 global_ceil=0.00466 ring=0.00000 smooth=0.0169 laplacian=0.0484 beam=0.54205 homogeneity=0.0142 body=0.00000 bowel=0.02074 femur=0.00013
2026-05-25 12:57:51 [INFO] Step 20/54 Loss=18.8381 mse=0.3530 v_opt=0.07676 v_mand=0.02663 ptv=0.0972 ptv_max=0.00019 global_ceil=0.01287 ring=0.00000 smooth=0.0182 laplacian=0.0593 beam=0.56740 homogeneity=0.0068 body=0.00000 bowel=0.09852 femur=0.00152
2026-05-25 12:57:58 [INFO] Step 25/54 Loss=19.7832 mse=0.3496 v_opt=0.11932 v_mand=0.03579 ptv=0.1262 ptv_max=0.00010 global_ceil=0.01072 ring=0.00000 smooth=0.0238 laplacian=0.0771 beam=0.64974 homogeneity=0.0094 body=0.00000 bowel=0.03656 femur=0.00097
2026-05-25 12:58:03 [INFO] Step 30/54 Loss=21.6658 mse=0.4286 v_opt=0.02728 v_mand=0.00159 ptv=0.1115 ptv_max=0.00028 global_ceil=0.04093 ring=0.00001 smooth=0.0335 laplacian=0.1010 beam=0.60435 homogeneity=0.0086 body=0.00000 bowel=0.10630 femur=0.03087
2026-05-25 12:58:08 [INFO] Step 35/54 Loss=20.5626 mse=0.4296 v_opt=0.05379 v_mand=0.00491 ptv=0.1649 ptv_max=0.00004 global_ceil=0.04206 ring=0.00001 smooth=0.0279 laplacian=0.0869 beam=0.52394 homogeneity=0.0166 body=0.00000 bowel=0.05713 femur=0.00278
2026-05-25 12:58:14 [INFO] Step 40/54 Loss=23.6883 mse=0.5675 v_opt=0.02182 v_mand=0.00037 ptv=0.0484 ptv_max=0.00034 global_ceil=0.00243 ring=0.00001 smooth=0.0257 laplacian=0.0888 beam=0.68010 homogeneity=0.0039 body=0.00000 bowel=0.00000 femur=0.00000
2026-05-25 12:58:19 [INFO] Step 45/54 Loss=19.2723 mse=0.2967 v_opt=0.20108 v_mand=0.11243 ptv=0.1373 ptv_max=0.00003 global_ceil=0.00268 ring=0.00000 smooth=0.0193 laplacian=0.0603 beam=0.58755 homogeneity=0.0098 body=0.00000 bowel=0.00367 femur=0.00013
2026-05-25 12:58:24 [INFO] Step 50/54 Loss=16.5392 mse=0.3166 v_opt=0.03082 v_mand=0.00329 ptv=0.1368 ptv_max=0.00012 global_ceil=0.00322 ring=0.00000 smooth=0.0153 laplacian=0.0487 beam=0.54830 homogeneity=0.0116 body=0.00000 bowel=0.04054 femur=0.00077
2026-05-25 12:58:29 [INFO] Step 54/54 Loss=15.9791 mse=0.3078 v_opt=0.04413 v_mand=0.00384 ptv=0.1348 ptv_max=0.00002 global_ceil=0.00274 ring=0.00000 smooth=0.0152 laplacian=0.0462 beam=0.51499 homogeneity=0.0099 body=0.00000 bowel=0.04527 femur=0.01660
2026-05-25 12:58:29 [INFO] Running validation at epoch 39...
2026-05-25 12:58:55 [INFO] Epoch 39 Summary: Train=18.4064 Val=0.0349 (MSE=0.0349)
          Metrics: PTV_D95=47.37Gy Bladder=29.58Gy Rectum=29.32Gy
          Metrics: Ring=47.65Gy Dmax=98.74Gy BG=42.42Gy
2026-05-25 12:58:55 [INFO] Epoch 40/300 [RAMP 40/75 (53% of physics)] ramp=0.533 lr=9.59e-05
2026-05-25 12:59:02 [INFO] Step 5/54 Loss=13.7712 mse=0.2085 v_opt=0.07275 v_mand=0.01236 ptv=0.1170 ptv_max=0.00005 global_ceil=0.00069 ring=0.00000 smooth=0.0171 laplacian=0.0541 beam=0.54268 homogeneity=0.0086 body=0.00000 bowel=0.00287 femur=0.00020
2026-05-25 12:59:07 [INFO] Step 10/54 Loss=18.5392 mse=0.4128 v_opt=0.01361 v_mand=0.00001 ptv=0.0739 ptv_max=0.00018 global_ceil=0.00833 ring=0.00000 smooth=0.0239 laplacian=0.0775 beam=0.52680 homogeneity=0.0062 body=0.00000 bowel=0.03296 femur=0.00024
2026-05-25 12:59:13 [INFO] Step 15/54 Loss=16.2700 mse=0.2865 v_opt=0.14288 v_mand=0.04348 ptv=0.1003 ptv_max=0.00005 global_ceil=0.00070 ring=0.00000 smooth=0.0179 laplacian=0.0573 beam=0.52355 homogeneity=0.0063 body=0.00000 bowel=0.00347 femur=0.00000
2026-05-25 12:59:18 [INFO] Step 20/54 Loss=15.4857 mse=0.2717 v_opt=0.03994 v_mand=0.00489 ptv=0.0676 ptv_max=0.00027 global_ceil=0.01199 ring=0.00001 smooth=0.0185 laplacian=0.0574 beam=0.54554 homogeneity=0.0054 body=0.00000 bowel=0.04027 femur=0.00013
2026-05-25 12:59:24 [INFO] Step 25/54 Loss=20.1437 mse=0.3698 v_opt=0.16251 v_mand=0.05385 ptv=0.0878 ptv_max=0.00006 global_ceil=0.00400 ring=0.00000 smooth=0.0160 laplacian=0.0511 beam=0.55238 homogeneity=0.0043 body=0.00000 bowel=0.14424 femur=0.00000
2026-05-25 12:59:29 [INFO] Step 30/54 Loss=23.1847 mse=0.5234 v_opt=0.04398 v_mand=0.00921 ptv=0.0360 ptv_max=0.00044 global_ceil=0.00804 ring=0.00001 smooth=0.0253 laplacian=0.0861 beam=0.68112 homogeneity=0.0039 body=0.00000 bowel=0.00000 femur=0.00000
2026-05-25 12:59:35 [INFO] Step 35/54 Loss=20.5656 mse=0.4096 v_opt=0.13250 v_mand=0.03667 ptv=0.1130 ptv_max=0.00006 global_ceil=0.00492 ring=0.00001 smooth=0.0226 laplacian=0.0767 beam=0.54902 homogeneity=0.0073 body=0.00000 bowel=0.10157 femur=0.00748
2026-05-25 12:59:40 [INFO] Step 40/54 Loss=17.2239 mse=0.2947 v_opt=0.02890 v_mand=0.00294 ptv=0.2703 ptv_max=0.00024 global_ceil=0.00322 ring=0.00000 smooth=0.0193 laplacian=0.0573 beam=0.57592 homogeneity=0.0335 body=0.00000 bowel=0.00000 femur=0.00000
2026-05-25 12:59:46 [INFO] Step 45/54 Loss=17.9417 mse=0.2908 v_opt=0.05812 v_mand=0.01606 ptv=0.1671 ptv_max=0.00005 global_ceil=0.02601 ring=0.00001 smooth=0.0189 laplacian=0.0598 beam=0.58065 homogeneity=0.0128 body=0.00000 bowel=0.06785 femur=0.00000
2026-05-25 12:59:51 [INFO] Step 50/54 Loss=15.2550 mse=0.2404 v_opt=0.02610 v_mand=0.00236 ptv=0.1856 ptv_max=0.00000 global_ceil=0.00707 ring=0.00000 smooth=0.0160 laplacian=0.0465 beam=0.56172 homogeneity=0.0137 body=0.00000 bowel=0.02606 femur=0.00000
2026-05-25 12:59:55 [INFO] Step 54/54 Loss=14.0179 mse=0.2299 v_opt=0.00000 v_mand=0.00000 ptv=0.0000 ptv_max=0.00000 global_ceil=0.01899 ring=0.00000 smooth=0.0184 laplacian=0.0506 beam=0.56543 homogeneity=0.0000 body=0.00000 bowel=0.00990 femur=0.00000
2026-05-25 12:59:56 [INFO] Running validation at epoch 40...
2026-05-25 13:00:22 [INFO] Epoch 40 Summary: Train=18.3908 Val=0.0336 (MSE=0.0336)
          Metrics: PTV_D95=49.05Gy Bladder=30.37Gy Rectum=29.92Gy
          Metrics: Ring=49.03Gy Dmax=109.73Gy BG=41.79Gy
2026-05-25 13:00:22 [INFO] [DIAGNOSTIC] Saved fallback model MSE=0.0336
2026-05-25 13:00:22 [INFO] Epoch 41/300 [RAMP 41/75 (55% of physics)] ramp=0.547 lr=9.57e-05
2026-05-25 13:00:29 [INFO] Step 5/54 Loss=27.7891 mse=0.4302 v_opt=0.13927 v_mand=0.06199 ptv=0.1093 ptv_max=0.00049 global_ceil=0.12322 ring=0.00006 smooth=0.0340 laplacian=0.1108 beam=0.66540 homogeneity=0.0097 body=0.00000 bowel=0.20260 femur=0.00000
2026-05-25 13:00:33 [INFO] Step 10/54 Loss=19.7460 mse=0.4003 v_opt=0.09003 v_mand=0.02061 ptv=0.0514 ptv_max=0.00025 global_ceil=0.00291 ring=0.00000 smooth=0.0184 laplacian=0.0593 beam=0.62087 homogeneity=0.0036 body=0.00000 bowel=0.00000 femur=0.00000
2026-05-25 13:00:40 [INFO] Step 15/54 Loss=15.1919 mse=0.2132 v_opt=0.12384 v_mand=0.04182 ptv=0.1003 ptv_max=0.00001 global_ceil=0.00010 ring=0.00000 smooth=0.0188 laplacian=0.0542 beam=0.57297 homogeneity=0.0038 body=0.00000 bowel=0.00000 femur=0.00000
2026-05-25 13:00:44 [INFO] Step 20/54 Loss=20.5445 mse=0.3843 v_opt=0.04384 v_mand=0.00856 ptv=0.1042 ptv_max=0.00003 global_ceil=0.00112 ring=0.00000 smooth=0.0197 laplacian=0.0619 beam=0.62010 homogeneity=0.0058 body=0.00000 bowel=0.16282 femur=0.00000
2026-05-25 13:00:51 [INFO] Step 25/54 Loss=14.7516 mse=0.2226 v_opt=0.15910 v_mand=0.05310 ptv=0.1355 ptv_max=0.00002 global_ceil=0.00001 ring=0.00000 smooth=0.0145 laplacian=0.0455 beam=0.47319 homogeneity=0.0091 body=0.00000 bowel=0.01459 femur=0.00000
2026-05-25 13:00:56 [INFO] Step 30/54 Loss=18.4877 mse=0.3512 v_opt=0.02664 v_mand=0.00225 ptv=0.0265 ptv_max=0.00202 global_ceil=0.02971 ring=0.00005 smooth=0.0178 laplacian=0.0588 beam=0.60273 homogeneity=0.0079 body=0.00000 bowel=0.00000 femur=0.00000
2026-05-25 13:01:02 [INFO] Step 35/54 Loss=17.9945 mse=0.3561 v_opt=0.03478 v_mand=0.00493 ptv=0.1025 ptv_max=0.00003 global_ceil=0.00612 ring=0.00000 smooth=0.0178 laplacian=0.0548 beam=0.54474 homogeneity=0.0070 body=0.00000 bowel=0.04903 femur=0.01945
2026-05-25 13:01:07 [INFO] Step 40/54 Loss=12.3471 mse=0.1387 v_opt=0.05484 v_mand=0.01401 ptv=0.2250 ptv_max=0.00000 global_ceil=0.00000 ring=0.00000 smooth=0.0165 laplacian=0.0465 beam=0.49878 homogeneity=0.0167 body=0.00000 bowel=0.00881 femur=0.00000
2026-05-25 13:01:14 [INFO] Step 45/54 Loss=15.8132 mse=0.2482 v_opt=0.06875 v_mand=0.02114 ptv=0.1699 ptv_max=0.00000 global_ceil=0.00023 ring=0.00000 smooth=0.0228 laplacian=0.0685 beam=0.56030 homogeneity=0.0119 body=0.00000 bowel=0.00368 femur=0.00030
2026-05-25 13:01:19 [INFO] Step 50/54 Loss=21.3375 mse=0.4006 v_opt=0.12537 v_mand=0.03806 ptv=0.1011 ptv_max=0.00008 global_ceil=0.02599 ring=0.00000 smooth=0.0288 laplacian=0.0865 beam=0.57973 homogeneity=0.0063 body=0.00000 bowel=0.05579 femur=0.03186
2026-05-25 13:01:23 [INFO] Step 54/54 Loss=17.3614 mse=0.3164 v_opt=0.04829 v_mand=0.01091 ptv=0.0529 ptv_max=0.00051 global_ceil=0.00551 ring=0.00002 smooth=0.0197 laplacian=0.0637 beam=0.61186 homogeneity=0.0066 body=0.00000 bowel=0.00000 femur=0.00000
2026-05-25 13:01:24 [INFO] Running validation at epoch 41...
2026-05-25 13:01:50 [INFO] Epoch 41 Summary: Train=17.5226 Val=0.0336 (MSE=0.0336)
          Metrics: PTV_D95=48.60Gy Bladder=29.27Gy Rectum=32.24Gy
          Metrics: Ring=48.32Gy Dmax=117.29Gy BG=41.78Gy
2026-05-25 13:01:50 [INFO] Epoch 42/300 [RAMP 42/75 (56% of physics)] ramp=0.560 lr=9.55e-05
2026-05-25 13:01:57 [INFO] Step 5/54 Loss=15.2683 mse=0.1755 v_opt=0.07995 v_mand=0.01842 ptv=0.2242 ptv_max=0.00000 global_ceil=0.03704 ring=0.00000 smooth=0.0161 laplacian=0.0464 beam=0.54612 homogeneity=0.0177 body=0.00000 bowel=0.00000 femur=0.00000
2026-05-25 13:02:02 [INFO] Step 10/54 Loss=15.5277 mse=0.3116 v_opt=0.05699 v_mand=0.00455 ptv=0.0845 ptv_max=0.00039 global_ceil=0.02073 ring=0.00001 smooth=0.0177 laplacian=0.0561 beam=0.43305 homogeneity=0.0090 body=0.00000 bowel=0.01529 femur=0.00000
2026-05-25 13:02:09 [INFO] Step 15/54 Loss=20.6805 mse=0.4768 v_opt=0.00391 v_mand=0.00000 ptv=0.1297 ptv_max=0.00003 global_ceil=0.00220 ring=0.00000 smooth=0.0219 laplacian=0.0700 beam=0.52933 homogeneity=0.0098 body=0.00000 bowel=0.01568 femur=0.01889
2026-05-25 13:02:14 [INFO] Step 20/54 Loss=19.3357 mse=0.3746 v_opt=0.00625 v_mand=0.00000 ptv=0.1363 ptv_max=0.00001 global_ceil=0.00671 ring=0.00000 smooth=0.0188 laplacian=0.0579 beam=0.57264 homogeneity=0.0091 body=0.00000 bowel=0.08591 femur=0.00000
2026-05-25 13:02:20 [INFO] Step 25/54 Loss=18.3110 mse=0.3343 v_opt=0.03471 v_mand=0.00225 ptv=0.1027 ptv_max=0.00010 global_ceil=0.00265 ring=0.00001 smooth=0.0163 laplacian=0.0545 beam=0.62426 homogeneity=0.0075 body=0.00000 bowel=0.02386 femur=0.00134
2026-05-25 13:02:25 [INFO] Step 30/54 Loss=21.2569 mse=0.3304 v_opt=0.06013 v_mand=0.01296 ptv=0.1091 ptv_max=0.00010 global_ceil=0.10208 ring=0.00000 smooth=0.0240 laplacian=0.0726 beam=0.58814 homogeneity=0.0076 body=0.00000 bowel=0.06527 femur=0.00101
2026-05-25 13:02:31 [INFO] Step 35/54 Loss=15.0302 mse=0.2794 v_opt=0.05093 v_mand=0.00467 ptv=0.1524 ptv_max=0.00002 global_ceil=0.00359 ring=0.00000 smooth=0.0212 laplacian=0.0640 beam=0.45745 homogeneity=0.0133 body=0.00000 bowel=0.01873 femur=0.00000
2026-05-25 13:02:36 [INFO] Step 40/54 Loss=20.6517 mse=0.4279 v_opt=0.06992 v_mand=0.02136 ptv=0.0903 ptv_max=0.00005 global_ceil=0.00454 ring=0.00000 smooth=0.0197 laplacian=0.0643 beam=0.57540 homogeneity=0.0055 body=0.00000 bowel=0.02607 femur=0.02045
2026-05-25 13:02:42 [INFO] Step 45/54 Loss=17.9800 mse=0.3413 v_opt=0.09793 v_mand=0.01904 ptv=0.0748 ptv_max=0.00023 global_ceil=0.01107 ring=0.00000 smooth=0.0205 laplacian=0.0647 beam=0.54206 homogeneity=0.0058 body=0.00000 bowel=0.02448 femur=0.00087
2026-05-25 13:02:47 [INFO] Step 50/54 Loss=12.9523 mse=0.2151 v_opt=0.06174 v_mand=0.01598 ptv=0.1512 ptv_max=0.00000 global_ceil=0.00016 ring=0.00000 smooth=0.0149 laplacian=0.0468 beam=0.42518 homogeneity=0.0095 body=0.00000 bowel=0.00102 femur=0.00000
2026-05-25 13:02:52 [INFO] Step 54/54 Loss=28.6688 mse=0.4875 v_opt=0.00137 v_mand=0.00000 ptv=0.1017 ptv_max=0.00004 global_ceil=0.18079 ring=0.00000 smooth=0.0430 laplacian=0.1501 beam=0.69097 homogeneity=0.0053 body=0.00000 bowel=0.07940 femur=0.00000
2026-05-25 13:02:52 [INFO] Running validation at epoch 42...
2026-05-25 13:03:18 [INFO] Epoch 42 Summary: Train=18.6709 Val=0.0339 (MSE=0.0339)
          Metrics: PTV_D95=48.54Gy Bladder=28.53Gy Rectum=31.54Gy
          Metrics: Ring=47.50Gy Dmax=115.78Gy BG=41.99Gy
2026-05-25 13:03:18 [INFO] Epoch 43/300 [RAMP 43/75 (57% of physics)] ramp=0.573 lr=9.53e-05
2026-05-25 13:03:24 [INFO] Step 5/54 Loss=14.7337 mse=0.2120 v_opt=0.05424 v_mand=0.01100 ptv=0.1267 ptv_max=0.00001 global_ceil=0.00212 ring=0.00000 smooth=0.0145 laplacian=0.0432 beam=0.52237 homogeneity=0.0068 body=0.00000 bowel=0.06629 femur=0.00000
2026-05-25 13:03:29 [INFO] Step 10/54 Loss=16.9305 mse=0.3264 v_opt=0.02151 v_mand=0.00144 ptv=0.0957 ptv_max=0.00003 global_ceil=0.00106 ring=0.00000 smooth=0.0235 laplacian=0.0711 beam=0.51757 homogeneity=0.0055 body=0.00000 bowel=0.04579 femur=0.00540
2026-05-25 13:03:36 [INFO] Step 15/54 Loss=16.8184 mse=0.2470 v_opt=0.04245 v_mand=0.00916 ptv=0.1766 ptv_max=0.00003 global_ceil=0.00179 ring=0.00000 smooth=0.0140 laplacian=0.0423 beam=0.56327 homogeneity=0.0150 body=0.00000 bowel=0.10375 femur=0.00000
2026-05-25 13:03:41 [INFO] Step 20/54 Loss=18.2471 mse=0.3387 v_opt=0.01389 v_mand=0.00000 ptv=0.1118 ptv_max=0.00026 global_ceil=0.04168 ring=0.00000 smooth=0.0278 laplacian=0.0755 beam=0.51554 homogeneity=0.0094 body=0.00000 bowel=0.02033 femur=0.00000
2026-05-25 13:03:48 [INFO] Step 25/54 Loss=20.9958 mse=0.3245 v_opt=0.00000 v_mand=0.00000 ptv=0.2667 ptv_max=0.00037 global_ceil=0.07447 ring=0.00000 smooth=0.0261 laplacian=0.0736 beam=0.58535 homogeneity=0.0272 body=0.00000 bowel=0.03009 femur=0.00000
2026-05-25 13:03:52 [INFO] Step 30/54 Loss=14.6243 mse=0.1929 v_opt=0.06117 v_mand=0.01326 ptv=0.1885 ptv_max=0.00000 global_ceil=0.00001 ring=0.00000 smooth=0.0155 laplacian=0.0475 beam=0.55605 homogeneity=0.0136 body=0.00000 bowel=0.00000 femur=0.00000
2026-05-25 13:03:59 [INFO] Step 35/54 Loss=16.2484 mse=0.2522 v_opt=0.11417 v_mand=0.02859 ptv=0.1557 ptv_max=0.00003 global_ceil=0.00305 ring=0.00000 smooth=0.0222 laplacian=0.0638 beam=0.50451 homogeneity=0.0144 body=0.00000 bowel=0.04848 femur=0.00000
2026-05-25 13:04:04 [INFO] Step 40/54 Loss=16.8048 mse=0.2718 v_opt=0.17133 v_mand=0.06046 ptv=0.0550 ptv_max=0.00021 global_ceil=0.00295 ring=0.00000 smooth=0.0153 laplacian=0.0467 beam=0.52110 homogeneity=0.0043 body=0.00000 bowel=0.00000 femur=0.00051
2026-05-25 13:04:10 [INFO] Step 45/54 Loss=14.8529 mse=0.2066 v_opt=0.02776 v_mand=0.00227 ptv=0.1552 ptv_max=0.00001 global_ceil=0.02287 ring=0.00000 smooth=0.0176 laplacian=0.0497 beam=0.54118 homogeneity=0.0113 body=0.00000 bowel=0.00082 femur=0.00000
2026-05-25 13:04:15 [INFO] Step 50/54 Loss=20.0222 mse=0.3569 v_opt=0.00267 v_mand=0.00000 ptv=0.1516 ptv_max=0.00002 global_ceil=0.05123 ring=0.00000 smooth=0.0246 laplacian=0.0725 beam=0.58545 homogeneity=0.0122 body=0.00000 bowel=0.00000 femur=0.00085
2026-05-25 13:04:20 [INFO] Step 54/54 Loss=15.7254 mse=0.2026 v_opt=0.06647 v_mand=0.02110 ptv=0.2468 ptv_max=0.00000 global_ceil=0.00016 ring=0.00000 smooth=0.0165 laplacian=0.0498 beam=0.56348 homogeneity=0.0203 body=0.00000 bowel=0.01136 femur=0.00000
2026-05-25 13:04:20 [INFO] Running validation at epoch 43...
2026-05-25 13:04:46 [INFO] Epoch 43 Summary: Train=17.9295 Val=0.0335 (MSE=0.0335)
          Metrics: PTV_D95=45.70Gy Bladder=28.25Gy Rectum=29.36Gy
          Metrics: Ring=46.16Gy Dmax=119.03Gy BG=41.60Gy
2026-05-25 13:04:46 [INFO] [DIAGNOSTIC] Saved fallback model MSE=0.0335
2026-05-25 13:04:46 [INFO] Epoch 44/300 [RAMP 44/75 (59% of physics)] ramp=0.587 lr=9.51e-05
2026-05-25 13:04:53 [INFO] Step 5/54 Loss=20.4879 mse=0.3923 v_opt=0.04836 v_mand=0.00930 ptv=0.1136 ptv_max=0.00021 global_ceil=0.00846 ring=0.00003 smooth=0.0218 laplacian=0.0692 beam=0.56220 homogeneity=0.0108 body=0.00000 bowel=0.09267 femur=0.00226
2026-05-25 13:04:58 [INFO] Step 10/54 Loss=18.4095 mse=0.3648 v_opt=0.07909 v_mand=0.01695 ptv=0.0901 ptv_max=0.00016 global_ceil=0.00985 ring=0.00001 smooth=0.0241 laplacian=0.0750 beam=0.50126 homogeneity=0.0068 body=0.00000 bowel=0.02126 femur=0.00251
2026-05-25 13:05:04 [INFO] Step 15/54 Loss=12.5218 mse=0.1630 v_opt=0.05997 v_mand=0.00752 ptv=0.1489 ptv_max=0.00001 global_ceil=0.00030 ring=0.00000 smooth=0.0119 laplacian=0.0349 beam=0.48089 homogeneity=0.0093 body=0.00000 bowel=0.00000 femur=0.00000
2026-05-25 13:05:09 [INFO] Step 20/54 Loss=19.5933 mse=0.3399 v_opt=0.06163 v_mand=0.01719 ptv=0.1040 ptv_max=0.00007 global_ceil=0.01310 ring=0.00000 smooth=0.0170 laplacian=0.0539 beam=0.58600 homogeneity=0.0056 body=0.00000 bowel=0.07839 femur=0.00000
2026-05-25 13:05:15 [INFO] Step 25/54 Loss=17.9031 mse=0.2691 v_opt=0.02775 v_mand=0.00192 ptv=0.0365 ptv_max=0.00068 global_ceil=0.03826 ring=0.00002 smooth=0.0169 laplacian=0.0537 beam=0.64491 homogeneity=0.0054 body=0.00000 bowel=0.00000 femur=0.00000
2026-05-25 13:05:20 [INFO] Step 30/54 Loss=18.3225 mse=0.3380 v_opt=0.06877 v_mand=0.01149 ptv=0.1192 ptv_max=0.00005 global_ceil=0.00712 ring=0.00000 smooth=0.0220 laplacian=0.0686 beam=0.54974 homogeneity=0.0089 body=0.00000 bowel=0.01685 femur=0.00215
2026-05-25 13:05:27 [INFO] Step 35/54 Loss=17.3960 mse=0.3460 v_opt=0.04105 v_mand=0.00462 ptv=0.0401 ptv_max=0.00034 global_ceil=0.02162 ring=0.00001 smooth=0.0204 laplacian=0.0604 beam=0.50624 homogeneity=0.0042 body=0.00000 bowel=0.00000 femur=0.00000
2026-05-25 13:05:31 [INFO] Step 40/54 Loss=16.2872 mse=0.2790 v_opt=0.05209 v_mand=0.01238 ptv=0.0975 ptv_max=0.00024 global_ceil=0.01073 ring=0.00001 smooth=0.0202 laplacian=0.0627 beam=0.52156 homogeneity=0.0082 body=0.00000 bowel=0.00429 femur=0.00020
2026-05-25 13:05:38 [INFO] Step 45/54 Loss=15.0326 mse=0.2682 v_opt=0.02020 v_mand=0.00145 ptv=0.1507 ptv_max=0.00001 global_ceil=0.00567 ring=0.00000 smooth=0.0217 laplacian=0.0627 beam=0.46792 homogeneity=0.0121 body=0.00000 bowel=0.00000 femur=0.00147
2026-05-25 13:05:43 [INFO] Step 50/54 Loss=23.6440 mse=0.5041 v_opt=0.07372 v_mand=0.02419 ptv=0.1183 ptv_max=0.00000 global_ceil=0.00032 ring=0.00000 smooth=0.0174 laplacian=0.0588 beam=0.58919 homogeneity=0.0063 body=0.00000 bowel=0.02039 femur=0.07905
2026-05-25 13:05:47 [INFO] Step 54/54 Loss=15.8125 mse=0.2372 v_opt=0.11963 v_mand=0.03539 ptv=0.1323 ptv_max=0.00000 global_ceil=0.00001 ring=0.00000 smooth=0.0153 laplacian=0.0453 beam=0.52449 homogeneity=0.0078 body=0.00000 bowel=0.00000 femur=0.00016
2026-05-25 13:05:48 [INFO] Running validation at epoch 44...
2026-05-25 13:06:14 [INFO] Epoch 44 Summary: Train=18.3836 Val=0.0329 (MSE=0.0329)
          Metrics: PTV_D95=48.92Gy Bladder=29.47Gy Rectum=29.04Gy
          Metrics: Ring=47.95Gy Dmax=100.15Gy BG=41.39Gy
2026-05-25 13:06:14 [INFO] [DIAGNOSTIC] Saved fallback model MSE=0.0329
2026-05-25 13:06:14 [INFO] Epoch 45/300 [RAMP 45/75 (60% of physics)] ramp=0.600 lr=9.48e-05
2026-05-25 13:06:21 [INFO] Step 5/54 Loss=20.6767 mse=0.4611 v_opt=0.00831 v_mand=0.00000 ptv=0.0924 ptv_max=0.00002 global_ceil=0.00136 ring=0.00000 smooth=0.0172 laplacian=0.0555 beam=0.52229 homogeneity=0.0046 body=0.00000 bowel=0.05286 femur=0.00031
2026-05-25 13:06:26 [INFO] Step 10/54 Loss=16.4080 mse=0.2858 v_opt=0.02557 v_mand=0.00234 ptv=0.0906 ptv_max=0.00003 global_ceil=0.00267 ring=0.00000 smooth=0.0161 laplacian=0.0498 beam=0.52583 homogeneity=0.0056 body=0.00000 bowel=0.04695 femur=0.00000
2026-05-25 13:06:32 [INFO] Step 15/54 Loss=22.5940 mse=0.5259 v_opt=0.05689 v_mand=0.01371 ptv=0.0445 ptv_max=0.00019 global_ceil=0.00203 ring=0.00000 smooth=0.0214 laplacian=0.0645 beam=0.55814 homogeneity=0.0037 body=0.00000 bowel=0.00000 femur=0.00000
2026-05-25 13:06:37 [INFO] Step 20/54 Loss=15.0723 mse=0.2011 v_opt=0.09016 v_mand=0.03045 ptv=0.1249 ptv_max=0.00002 global_ceil=0.00009 ring=0.00000 smooth=0.0124 laplacian=0.0370 beam=0.52239 homogeneity=0.0083 body=0.00000 bowel=0.02398 femur=0.00000
2026-05-25 13:06:43 [INFO] Step 25/54 Loss=20.9979 mse=0.3639 v_opt=0.17174 v_mand=0.05697 ptv=0.0875 ptv_max=0.00006 global_ceil=0.02399 ring=0.00000 smooth=0.0159 laplacian=0.0497 beam=0.55402 homogeneity=0.0042 body=0.00000 bowel=0.02258 femur=0.00231
2026-05-25 13:06:48 [INFO] Step 30/54 Loss=25.4622 mse=0.3921 v_opt=0.05425 v_mand=0.00757 ptv=0.0846 ptv_max=0.00029 global_ceil=0.14367 ring=0.00000 smooth=0.0263 laplacian=0.0757 beam=0.58777 homogeneity=0.0054 body=0.00000 bowel=0.15555 femur=0.00000
2026-05-25 13:06:54 [INFO] Step 35/54 Loss=20.0955 mse=0.3497 v_opt=0.03664 v_mand=0.00239 ptv=0.1631 ptv_max=0.00000 global_ceil=0.00367 ring=0.00000 smooth=0.0187 laplacian=0.0579 beam=0.62377 homogeneity=0.0105 body=0.00000 bowel=0.05306 femur=0.00042
2026-05-25 13:06:59 [INFO] Step 40/54 Loss=15.1621 mse=0.2229 v_opt=0.16504 v_mand=0.05185 ptv=0.1426 ptv_max=0.00005 global_ceil=0.00816 ring=0.00000 smooth=0.0136 laplacian=0.0408 beam=0.42554 homogeneity=0.0093 body=0.00000 bowel=0.01185 femur=0.00000
2026-05-25 13:07:05 [INFO] Step 45/54 Loss=21.5539 mse=0.4164 v_opt=0.07259 v_mand=0.01944 ptv=0.0962 ptv_max=0.00021 global_ceil=0.00695 ring=0.00001 smooth=0.0252 laplacian=0.0767 beam=0.61169 homogeneity=0.0083 body=0.00000 bowel=0.01298 femur=0.00540
2026-05-25 13:07:10 [INFO] Step 50/54 Loss=14.9909 mse=0.2153 v_opt=0.03608 v_mand=0.00645 ptv=0.1369 ptv_max=0.00000 global_ceil=0.00106 ring=0.00000 smooth=0.0130 laplacian=0.0368 beam=0.54466 homogeneity=0.0086 body=0.00000 bowel=0.01409 femur=0.00002
2026-05-25 13:07:14 [INFO] Step 54/54 Loss=22.4232 mse=0.3309 v_opt=0.00000 v_mand=0.00000 ptv=0.1232 ptv_max=0.00005 global_ceil=0.13191 ring=0.00000 smooth=0.0315 laplacian=0.0858 beam=0.56743 homogeneity=0.0077 body=0.00000 bowel=0.06344 femur=0.00000
2026-05-25 13:07:15 [INFO] Running validation at epoch 45...
2026-05-25 13:07:41 [INFO] Epoch 45 Summary: Train=19.1820 Val=0.0330 (MSE=0.0330)
          Metrics: PTV_D95=48.30Gy Bladder=28.78Gy Rectum=28.01Gy
          Metrics: Ring=47.04Gy Dmax=106.55Gy BG=41.33Gy
2026-05-25 13:07:41 [INFO] Epoch 46/300 [RAMP 46/75 (61% of physics)] ramp=0.613 lr=9.46e-05
2026-05-25 13:07:48 [INFO] Step 5/54 Loss=18.3383 mse=0.3445 v_opt=0.06592 v_mand=0.02079 ptv=0.1217 ptv_max=0.00014 global_ceil=0.00526 ring=0.00000 smooth=0.0160 laplacian=0.0518 beam=0.50626 homogeneity=0.0093 body=0.00000 bowel=0.00450 femur=0.00000
2026-05-25 13:07:53 [INFO] Step 10/54 Loss=20.6119 mse=0.3766 v_opt=0.08660 v_mand=0.03537 ptv=0.0920 ptv_max=0.00011 global_ceil=0.00119 ring=0.00000 smooth=0.0167 laplacian=0.0543 beam=0.52527 homogeneity=0.0062 body=0.00000 bowel=0.11818 femur=0.00000
2026-05-25 13:07:59 [INFO] Step 15/54 Loss=13.5656 mse=0.1476 v_opt=0.06363 v_mand=0.01014 ptv=0.2163 ptv_max=0.00000 global_ceil=0.00011 ring=0.00000 smooth=0.0188 laplacian=0.0502 beam=0.50540 homogeneity=0.0197 body=0.00000 bowel=0.00000 femur=0.00000
2026-05-25 13:08:04 [INFO] Step 20/54 Loss=15.8044 mse=0.3004 v_opt=0.02943 v_mand=0.00268 ptv=0.1055 ptv_max=0.00010 global_ceil=0.00481 ring=0.00000 smooth=0.0205 laplacian=0.0612 beam=0.46020 homogeneity=0.0078 body=0.00000 bowel=0.00193 femur=0.00019
2026-05-25 13:08:11 [INFO] Step 25/54 Loss=19.0535 mse=0.3610 v_opt=0.03882 v_mand=0.00621 ptv=0.0310 ptv_max=0.00065 global_ceil=0.00520 ring=0.00001 smooth=0.0171 laplacian=0.0536 beam=0.59664 homogeneity=0.0047 body=0.00000 bowel=0.00000 femur=0.00000
2026-05-25 13:08:15 [INFO] Step 30/54 Loss=15.3784 mse=0.2013 v_opt=0.09247 v_mand=0.02718 ptv=0.1468 ptv_max=0.00000 global_ceil=0.00057 ring=0.00000 smooth=0.0149 laplacian=0.0413 beam=0.53787 homogeneity=0.0081 body=0.00000 bowel=0.00000 femur=0.00000
2026-05-25 13:08:21 [INFO] Step 35/54 Loss=14.4979 mse=0.2087 v_opt=0.04381 v_mand=0.00528 ptv=0.2113 ptv_max=0.00000 global_ceil=0.00060 ring=0.00000 smooth=0.0159 laplacian=0.0439 beam=0.46392 homogeneity=0.0193 body=0.00000 bowel=0.02786 femur=0.00000
2026-05-25 13:08:27 [INFO] Step 40/54 Loss=21.9104 mse=0.3653 v_opt=0.13841 v_mand=0.04753 ptv=0.0594 ptv_max=0.00041 global_ceil=0.03249 ring=0.00003 smooth=0.0157 laplacian=0.0490 beam=0.56365 homogeneity=0.0059 body=0.00000 bowel=0.03653 femur=0.08834
2026-05-25 13:08:32 [INFO] Step 45/54 Loss=17.5540 mse=0.3035 v_opt=0.06829 v_mand=0.01274 ptv=0.1140 ptv_max=0.00016 global_ceil=0.00284 ring=0.00000 smooth=0.0152 laplacian=0.0450 beam=0.54894 homogeneity=0.0101 body=0.00000 bowel=0.00000 femur=0.00036
2026-05-25 13:08:38 [INFO] Step 50/54 Loss=19.0605 mse=0.3938 v_opt=0.05788 v_mand=0.01307 ptv=0.0763 ptv_max=0.00017 global_ceil=0.00500 ring=0.00001 smooth=0.0163 laplacian=0.0519 beam=0.51024 homogeneity=0.0057 body=0.00000 bowel=0.00379 femur=0.00168
2026-05-25 13:08:42 [INFO] Step 54/54 Loss=19.9057 mse=0.3058 v_opt=0.03606 v_mand=0.00264 ptv=0.1378 ptv_max=0.00004 global_ceil=0.04246 ring=0.00000 smooth=0.0270 laplacian=0.0750 beam=0.57809 homogeneity=0.0093 body=0.00000 bowel=0.08251 femur=0.00000
2026-05-25 13:08:42 [INFO] Running validation at epoch 46...
2026-05-25 13:09:09 [INFO] Epoch 46 Summary: Train=18.1032 Val=0.0331 (MSE=0.0331)
          Metrics: PTV_D95=50.10Gy Bladder=28.33Gy Rectum=32.26Gy
          Metrics: Ring=48.72Gy Dmax=102.61Gy BG=41.51Gy
2026-05-25 13:09:09 [INFO] Epoch 47/300 [RAMP 47/75 (63% of physics)] ramp=0.627 lr=9.44e-05
2026-05-25 13:09:16 [INFO] Step 5/54 Loss=16.0133 mse=0.2462 v_opt=0.03098 v_mand=0.00414 ptv=0.1378 ptv_max=0.00009 global_ceil=0.00522 ring=0.00000 smooth=0.0184 laplacian=0.0523 beam=0.51598 homogeneity=0.0148 body=0.00000 bowel=0.02191 femur=0.00065
2026-05-25 13:09:20 [INFO] Step 10/54 Loss=14.3344 mse=0.2638 v_opt=0.04417 v_mand=0.00898 ptv=0.1091 ptv_max=0.00009 global_ceil=0.00340 ring=0.00000 smooth=0.0151 laplacian=0.0460 beam=0.36045 homogeneity=0.0085 body=0.00000 bowel=0.07368 femur=0.00079
2026-05-25 13:09:27 [INFO] Step 15/54 Loss=20.9407 mse=0.3868 v_opt=0.03545 v_mand=0.00591 ptv=0.0884 ptv_max=0.00007 global_ceil=0.00931 ring=0.00000 smooth=0.0289 laplacian=0.0797 beam=0.59699 homogeneity=0.0054 body=0.00000 bowel=0.05305 femur=0.00016
2026-05-25 13:09:32 [INFO] Step 20/54 Loss=24.2246 mse=0.4951 v_opt=0.09493 v_mand=0.02142 ptv=0.0141 ptv_max=0.00141 global_ceil=0.01320 ring=0.00002 smooth=0.0217 laplacian=0.0710 beam=0.64484 homogeneity=0.0067 body=0.00000 bowel=0.00000 femur=0.00000
2026-05-25 13:09:38 [INFO] Step 25/54 Loss=17.1230 mse=0.3129 v_opt=0.03582 v_mand=0.00213 ptv=0.1258 ptv_max=0.00001 global_ceil=0.01397 ring=0.00000 smooth=0.0157 laplacian=0.0475 beam=0.48567 homogeneity=0.0074 body=0.00000 bowel=0.01081 femur=0.00000
2026-05-25 13:09:43 [INFO] Step 30/54 Loss=18.6513 mse=0.3264 v_opt=0.05253 v_mand=0.00540 ptv=0.0954 ptv_max=0.00003 global_ceil=0.00115 ring=0.00000 smooth=0.0175 laplacian=0.0518 beam=0.59017 homogeneity=0.0059 body=0.00000 bowel=0.01300 femur=0.00082
2026-05-25 13:09:49 [INFO] Step 35/54 Loss=20.8244 mse=0.3890 v_opt=0.10981 v_mand=0.03338 ptv=0.0728 ptv_max=0.00012 global_ceil=0.00220 ring=0.00000 smooth=0.0208 laplacian=0.0649 beam=0.52809 homogeneity=0.0053 body=0.00000 bowel=0.08707 femur=0.00083
2026-05-25 13:09:54 [INFO] Step 40/54 Loss=16.9170 mse=0.3136 v_opt=0.03061 v_mand=0.00131 ptv=0.1116 ptv_max=0.00008 global_ceil=0.01140 ring=0.00000 smooth=0.0185 laplacian=0.0539 beam=0.48474 homogeneity=0.0088 body=0.00000 bowel=0.00411 femur=0.00172
2026-05-25 13:10:01 [INFO] Step 45/54 Loss=16.7914 mse=0.3021 v_opt=0.07379 v_mand=0.02158 ptv=0.0879 ptv_max=0.00016 global_ceil=0.01376 ring=0.00000 smooth=0.0169 laplacian=0.0518 beam=0.43482 homogeneity=0.0062 body=0.00000 bowel=0.04247 femur=0.00202
2026-05-25 13:10:06 [INFO] Step 50/54 Loss=19.5174 mse=0.3166 v_opt=0.08105 v_mand=0.03025 ptv=0.1172 ptv_max=0.00009 global_ceil=0.00699 ring=0.00000 smooth=0.0208 laplacian=0.0596 beam=0.59032 homogeneity=0.0094 body=0.00000 bowel=0.00236 femur=0.00054
2026-05-25 13:10:10 [INFO] Step 54/54 Loss=21.3668 mse=0.4243 v_opt=0.02107 v_mand=0.00111 ptv=0.0897 ptv_max=0.00009 global_ceil=0.00423 ring=0.00000 smooth=0.0204 laplacian=0.0608 beam=0.61955 homogeneity=0.0069 body=0.00000 bowel=0.00000 femur=0.00000
2026-05-25 13:10:11 [INFO] Running validation at epoch 47...
2026-05-25 13:10:37 [INFO] Epoch 47 Summary: Train=19.5320 Val=0.0324 (MSE=0.0324)
          Metrics: PTV_D95=48.14Gy Bladder=27.83Gy Rectum=29.86Gy
          Metrics: Ring=47.69Gy Dmax=108.75Gy BG=41.08Gy
2026-05-25 13:10:37 [INFO] [DIAGNOSTIC] Saved fallback model MSE=0.0324
2026-05-25 13:10:37 [INFO] Epoch 48/300 [RAMP 48/75 (64% of physics)] ramp=0.640 lr=9.41e-05
2026-05-25 13:10:43 [INFO] Step 5/54 Loss=19.5104 mse=0.3576 v_opt=0.00430 v_mand=0.00000 ptv=0.1425 ptv_max=0.00003 global_ceil=0.00050 ring=0.00000 smooth=0.0148 laplacian=0.0439 beam=0.58281 homogeneity=0.0123 body=0.00000 bowel=0.00000 femur=0.00000
2026-05-25 13:10:48 [INFO] Step 10/54 Loss=13.0401 mse=0.1647 v_opt=0.01500 v_mand=0.00049 ptv=0.2394 ptv_max=0.00000 global_ceil=0.00294 ring=0.00000 smooth=0.0120 laplacian=0.0344 beam=0.42959 homogeneity=0.0212 body=0.00000 bowel=0.00000 femur=0.00000
2026-05-25 13:10:55 [INFO] Step 15/54 Loss=17.4807 mse=0.2869 v_opt=0.01785 v_mand=0.00038 ptv=0.1058 ptv_max=0.00012 global_ceil=0.00285 ring=0.00000 smooth=0.0150 laplacian=0.0458 beam=0.56634 homogeneity=0.0083 body=0.00000 bowel=0.01773 femur=0.00000
2026-05-25 13:11:00 [INFO] Step 20/54 Loss=13.5767 mse=0.1706 v_opt=0.05646 v_mand=0.01268 ptv=0.1737 ptv_max=0.00001 global_ceil=0.00105 ring=0.00000 smooth=0.0136 laplacian=0.0402 beam=0.46135 homogeneity=0.0132 body=0.00000 bowel=0.00000 femur=0.00000
2026-05-25 13:11:06 [INFO] Step 25/54 Loss=14.5997 mse=0.1687 v_opt=0.07526 v_mand=0.02137 ptv=0.1788 ptv_max=0.00000 global_ceil=0.00000 ring=0.00000 smooth=0.0120 laplacian=0.0323 beam=0.51114 homogeneity=0.0133 body=0.00000 bowel=0.00000 femur=0.00000
2026-05-25 13:11:11 [INFO] Step 30/54 Loss=19.1475 mse=0.3790 v_opt=0.02404 v_mand=0.00073 ptv=0.1008 ptv_max=0.00009 global_ceil=0.00550 ring=0.00000 smooth=0.0195 laplacian=0.0587 beam=0.49978 homogeneity=0.0079 body=0.00000 bowel=0.04246 femur=0.01295
2026-05-25 13:11:18 [INFO] Step 35/54 Loss=17.1489 mse=0.2469 v_opt=0.04746 v_mand=0.00964 ptv=0.1927 ptv_max=0.00000 global_ceil=0.00121 ring=0.00000 smooth=0.0127 laplacian=0.0354 beam=0.56345 homogeneity=0.0150 body=0.00000 bowel=0.00066 femur=0.00000
2026-05-25 13:11:23 [INFO] Step 40/54 Loss=17.7614 mse=0.3427 v_opt=0.06070 v_mand=0.00960 ptv=0.0890 ptv_max=0.00010 global_ceil=0.00320 ring=0.00000 smooth=0.0127 laplacian=0.0406 beam=0.46479 homogeneity=0.0060 body=0.00000 bowel=0.04417 femur=0.00821
2026-05-25 13:11:29 [INFO] Step 45/54 Loss=24.1470 mse=0.4109 v_opt=0.02479 v_mand=0.00210 ptv=0.0620 ptv_max=0.00021 global_ceil=0.11456 ring=0.00000 smooth=0.0189 laplacian=0.0562 beam=0.58419 homogeneity=0.0050 body=0.00000 bowel=0.00588 femur=0.00530
2026-05-25 13:11:34 [INFO] Step 50/54 Loss=13.5790 mse=0.2477 v_opt=0.10115 v_mand=0.03221 ptv=0.1265 ptv_max=0.00004 global_ceil=0.00033 ring=0.00000 smooth=0.0184 laplacian=0.0532 beam=0.29562 homogeneity=0.0086 body=0.00000 bowel=0.03565 femur=0.00613
2026-05-25 13:11:39 [INFO] Step 54/54 Loss=29.5838 mse=0.2659 v_opt=0.10694 v_mand=0.02206 ptv=0.2049 ptv_max=0.00000 global_ceil=0.31783 ring=0.00000 smooth=0.0376 laplacian=0.1206 beam=0.62517 homogeneity=0.0155 body=0.00000 bowel=0.00010 femur=0.00000
2026-05-25 13:11:39 [INFO] Running validation at epoch 48...
2026-05-25 13:12:05 [INFO] Epoch 48 Summary: Train=18.8984 Val=0.0325 (MSE=0.0325)
          Metrics: PTV_D95=48.46Gy Bladder=27.48Gy Rectum=30.21Gy
          Metrics: Ring=47.63Gy Dmax=112.02Gy BG=41.10Gy
2026-05-25 13:12:05 [INFO] Epoch 49/300 [RAMP 49/75 (65% of physics)] ramp=0.653 lr=9.39e-05
2026-05-25 13:12:12 [INFO] Step 5/54 Loss=20.1313 mse=0.4573 v_opt=0.04548 v_mand=0.00217 ptv=0.0791 ptv_max=0.00012 global_ceil=0.01293 ring=0.00000 smooth=0.0198 laplacian=0.0610 beam=0.39252 homogeneity=0.0052 body=0.00000 bowel=0.05327 femur=0.06190
2026-05-25 13:12:17 [INFO] Step 10/54 Loss=19.2974 mse=0.3829 v_opt=0.04224 v_mand=0.00825 ptv=0.0772 ptv_max=0.00006 global_ceil=0.00098 ring=0.00000 smooth=0.0189 laplacian=0.0567 beam=0.51405 homogeneity=0.0047 body=0.00000 bowel=0.00698 femur=0.02080
2026-05-25 13:12:24 [INFO] Step 15/54 Loss=17.0730 mse=0.3657 v_opt=0.02700 v_mand=0.00224 ptv=0.0885 ptv_max=0.00013 global_ceil=0.00249 ring=0.00000 smooth=0.0152 laplacian=0.0484 beam=0.41664 homogeneity=0.0066 body=0.00000 bowel=0.00794 femur=0.00190
2026-05-25 13:12:28 [INFO] Step 20/54 Loss=15.9861 mse=0.2541 v_opt=0.06076 v_mand=0.01016 ptv=0.1175 ptv_max=0.00004 global_ceil=0.00493 ring=0.00000 smooth=0.0261 laplacian=0.0698 beam=0.48199 homogeneity=0.0081 body=0.00000 bowel=0.00670 femur=0.00000
2026-05-25 13:12:36 [INFO] Step 25/54 Loss=17.1392 mse=0.2817 v_opt=0.09201 v_mand=0.03287 ptv=0.0878 ptv_max=0.00007 global_ceil=0.00292 ring=0.00000 smooth=0.0154 laplacian=0.0463 beam=0.48082 homogeneity=0.0059 body=0.00000 bowel=0.01381 femur=0.00000
2026-05-25 13:12:40 [INFO] Step 30/54 Loss=13.1550 mse=0.1680 v_opt=0.01202 v_mand=0.00009 ptv=0.1814 ptv_max=0.00000 global_ceil=0.00000 ring=0.00000 smooth=0.0145 laplacian=0.0401 beam=0.45372 homogeneity=0.0134 body=0.00000 bowel=0.00263 femur=0.00000
2026-05-25 13:12:46 [INFO] Step 35/54 Loss=14.1461 mse=0.1638 v_opt=0.04464 v_mand=0.00420 ptv=0.1639 ptv_max=0.00000 global_ceil=0.00125 ring=0.00000 smooth=0.0119 laplacian=0.0325 beam=0.51816 homogeneity=0.0127 body=0.00000 bowel=0.00000 femur=0.00000
2026-05-25 13:12:51 [INFO] Step 40/54 Loss=19.6342 mse=0.2998 v_opt=0.02943 v_mand=0.00389 ptv=0.1016 ptv_max=0.00047 global_ceil=0.04084 ring=0.00001 smooth=0.0171 laplacian=0.0491 beam=0.52695 homogeneity=0.0083 body=0.00000 bowel=0.10646 femur=0.00000
2026-05-25 13:12:58 [INFO] Step 45/54 Loss=8.7815 mse=0.2857 v_opt=0.04085 v_mand=0.00936 ptv=0.1036 ptv_max=0.00009 global_ceil=0.01007 ring=0.00000 smooth=0.0157 laplacian=0.0456 beam=0.00000 homogeneity=0.0080 body=0.00000 bowel=0.00007 femur=0.00000
2026-05-25 13:13:03 [INFO] Step 50/54 Loss=21.9737 mse=0.4325 v_opt=0.04005 v_mand=0.00808 ptv=0.0436 ptv_max=0.00031 global_ceil=0.00418 ring=0.00000 smooth=0.0175 laplacian=0.0553 beam=0.62179 homogeneity=0.0035 body=0.00000 bowel=0.00000 femur=0.00000
2026-05-25 13:13:07 [INFO] Step 54/54 Loss=28.7090 mse=0.4849 v_opt=0.00000 v_mand=0.00000 ptv=0.1220 ptv_max=0.00010 global_ceil=0.15159 ring=0.00005 smooth=0.0238 laplacian=0.0725 beam=0.57052 homogeneity=0.0062 body=0.00000 bowel=0.11999 femur=0.00000
2026-05-25 13:13:07 [INFO] Running validation at epoch 49...
2026-05-25 13:13:34 [INFO] Epoch 49 Summary: Train=18.3745 Val=0.0315 (MSE=0.0315)
          Metrics: PTV_D95=48.93Gy Bladder=27.05Gy Rectum=31.42Gy
          Metrics: Ring=47.70Gy Dmax=128.51Gy BG=40.51Gy
2026-05-25 13:13:34 [INFO] [DIAGNOSTIC] Saved fallback model MSE=0.0315
2026-05-25 13:13:34 [INFO] Epoch 50/300 [RAMP 50/75 (67% of physics)] ramp=0.667 lr=9.36e-05
2026-05-25 13:13:41 [INFO] Step 5/54 Loss=21.6427 mse=0.3932 v_opt=0.05283 v_mand=0.00756 ptv=0.1081 ptv_max=0.00002 global_ceil=0.00151 ring=0.00000 smooth=0.0173 laplacian=0.0505 beam=0.61966 homogeneity=0.0073 body=0.00000 bowel=0.00000 femur=0.01668
2026-05-25 13:13:45 [INFO] Step 10/54 Loss=21.5092 mse=0.4039 v_opt=0.01977 v_mand=0.00136 ptv=0.1064 ptv_max=0.00005 global_ceil=0.00027 ring=0.00000 smooth=0.0143 laplacian=0.0437 beam=0.62179 homogeneity=0.0074 body=0.00000 bowel=0.00000 femur=0.00001
2026-05-25 13:13:52 [INFO] Step 15/54 Loss=20.0452 mse=0.3562 v_opt=0.07429 v_mand=0.02302 ptv=0.0537 ptv_max=0.00042 global_ceil=0.01470 ring=0.00000 smooth=0.0163 laplacian=0.0492 beam=0.53975 homogeneity=0.0058 body=0.00000 bowel=0.01362 femur=0.00000
2026-05-25 13:13:56 [INFO] Step 20/54 Loss=24.7736 mse=0.4914 v_opt=0.03823 v_mand=0.00621 ptv=0.0125 ptv_max=0.00226 global_ceil=0.03519 ring=0.00007 smooth=0.0198 laplacian=0.0641 beam=0.62442 homogeneity=0.0085 body=0.00000 bowel=0.00000 femur=0.00000
2026-05-25 13:14:03 [INFO] Step 25/54 Loss=15.7806 mse=0.2419 v_opt=0.03958 v_mand=0.00733 ptv=0.0467 ptv_max=0.00020 global_ceil=0.00193 ring=0.00000 smooth=0.0112 laplacian=0.0336 beam=0.53255 homogeneity=0.0034 body=0.00000 bowel=0.00000 femur=0.00000
2026-05-25 13:14:09 [INFO] Step 30/54 Loss=17.6607 mse=0.2933 v_opt=0.12997 v_mand=0.04423 ptv=0.0903 ptv_max=0.00005 global_ceil=0.00192 ring=0.00000 smooth=0.0146 laplacian=0.0420 beam=0.40698 homogeneity=0.0059 body=0.00000 bowel=0.09974 femur=0.00002
2026-05-25 13:14:14 [INFO] Step 35/54 Loss=16.9225 mse=0.2809 v_opt=0.09312 v_mand=0.01443 ptv=0.0918 ptv_max=0.00011 global_ceil=0.00250 ring=0.00000 smooth=0.0193 laplacian=0.0589 beam=0.48902 homogeneity=0.0066 body=0.00000 bowel=0.01427 femur=0.00000
2026-05-25 13:14:20 [INFO] Step 40/54 Loss=20.4915 mse=0.3614 v_opt=0.15032 v_mand=0.04060 ptv=0.0787 ptv_max=0.00011 global_ceil=0.00369 ring=0.00000 smooth=0.0195 laplacian=0.0553 beam=0.53564 homogeneity=0.0056 body=0.00000 bowel=0.00096 femur=0.00540
2026-05-25 13:14:25 [INFO] Step 45/54 Loss=13.6699 mse=0.1984 v_opt=0.09798 v_mand=0.03006 ptv=0.1922 ptv_max=0.00000 global_ceil=0.00000 ring=0.00000 smooth=0.0123 laplacian=0.0365 beam=0.35875 homogeneity=0.0141 body=0.00000 bowel=0.00000 femur=0.00000
2026-05-25 13:14:31 [INFO] Step 50/54 Loss=20.6970 mse=0.2165 v_opt=0.00000 v_mand=0.00000 ptv=0.0000 ptv_max=0.00000 global_ceil=0.17448 ring=0.00000 smooth=0.0199 laplacian=0.0544 beam=0.55646 homogeneity=0.0000 body=0.00000 bowel=0.00000 femur=0.00000
2026-05-25 13:14:35 [INFO] Step 54/54 Loss=20.9783 mse=0.4380 v_opt=0.01988 v_mand=0.00095 ptv=0.0950 ptv_max=0.00004 global_ceil=0.00275 ring=0.00000 smooth=0.0128 laplacian=0.0400 beam=0.52199 homogeneity=0.0060 body=0.00000 bowel=0.01905 femur=0.01949
2026-05-25 13:14:35 [INFO] Running validation at epoch 50...
2026-05-25 13:15:01 [INFO] Epoch 50 Summary: Train=19.1272 Val=0.0315 (MSE=0.0315)
          Metrics: PTV_D95=50.02Gy Bladder=26.91Gy Rectum=28.48Gy
          Metrics: Ring=48.26Gy Dmax=109.72Gy BG=40.56Gy
2026-05-25 13:15:01 [INFO] Epoch 51/300 [RAMP 51/75 (68% of physics)] ramp=0.680 lr=9.34e-05
2026-05-25 13:15:08 [INFO] Step 5/54 Loss=20.0563 mse=0.3480 v_opt=0.01617 v_mand=0.00053 ptv=0.1702 ptv_max=0.00001 global_ceil=0.01203 ring=0.00000 smooth=0.0209 laplacian=0.0580 beam=0.53949 homogeneity=0.0162 body=0.00000 bowel=0.01435 femur=0.00000
2026-05-25 13:15:12 [INFO] Step 10/54 Loss=19.0789 mse=0.3562 v_opt=0.06824 v_mand=0.01046 ptv=0.0787 ptv_max=0.00002 global_ceil=0.00006 ring=0.00000 smooth=0.0119 laplacian=0.0382 beam=0.52505 homogeneity=0.0038 body=0.00000 bowel=0.00688 femur=0.00000
2026-05-25 13:15:19 [INFO] Step 15/54 Loss=24.5629 mse=0.5047 v_opt=0.03091 v_mand=0.00187 ptv=0.0383 ptv_max=0.00060 global_ceil=0.00680 ring=0.00001 smooth=0.0196 laplacian=0.0604 beam=0.64790 homogeneity=0.0039 body=0.00000 bowel=0.00000 femur=0.00000
2026-05-25 13:15:24 [INFO] Step 20/54 Loss=22.9994 mse=0.4430 v_opt=0.04345 v_mand=0.00725 ptv=0.0790 ptv_max=0.00009 global_ceil=0.00300 ring=0.00000 smooth=0.0176 laplacian=0.0533 beam=0.61470 homogeneity=0.0050 body=0.00000 bowel=0.01395 femur=0.01739
2026-05-25 13:15:30 [INFO] Step 25/54 Loss=22.7643 mse=0.4204 v_opt=0.00611 v_mand=0.00000 ptv=0.0949 ptv_max=0.00009 global_ceil=0.00573 ring=0.00001 smooth=0.0158 laplacian=0.0501 beam=0.63798 homogeneity=0.0071 body=0.00000 bowel=0.01577 femur=0.01640
2026-05-25 13:15:35 [INFO] Step 30/54 Loss=22.5999 mse=0.4177 v_opt=0.00933 v_mand=0.00044 ptv=0.0731 ptv_max=0.00039 global_ceil=0.01850 ring=0.00001 smooth=0.0161 laplacian=0.0491 beam=0.58877 homogeneity=0.0059 body=0.00000 bowel=0.06828 femur=0.00000
2026-05-25 13:15:42 [INFO] Step 35/54 Loss=22.7834 mse=0.4912 v_opt=0.02248 v_mand=0.00216 ptv=0.0799 ptv_max=0.00005 global_ceil=0.00187 ring=0.00000 smooth=0.0188 laplacian=0.0531 beam=0.56194 homogeneity=0.0031 body=0.00000 bowel=0.00000 femur=0.00000
2026-05-25 13:15:46 [INFO] Step 40/54 Loss=15.4394 mse=0.1869 v_opt=0.02727 v_mand=0.00115 ptv=0.2292 ptv_max=0.00001 global_ceil=0.00212 ring=0.00000 smooth=0.0217 laplacian=0.0556 beam=0.50354 homogeneity=0.0218 body=0.00000 bowel=0.00003 femur=0.00000
2026-05-25 13:15:53 [INFO] Step 45/54 Loss=23.0076 mse=0.3663 v_opt=0.11867 v_mand=0.05220 ptv=0.0810 ptv_max=0.00048 global_ceil=0.02949 ring=0.00001 smooth=0.0160 laplacian=0.0489 beam=0.59025 homogeneity=0.0073 body=0.00000 bowel=0.00000 femur=0.00000
2026-05-25 13:15:57 [INFO] Step 50/54 Loss=19.6029 mse=0.3130 v_opt=0.04406 v_mand=0.00411 ptv=0.1240 ptv_max=0.00006 global_ceil=0.00573 ring=0.00000 smooth=0.0156 laplacian=0.0462 beam=0.60075 homogeneity=0.0085 body=0.00000 bowel=0.00000 femur=0.00547
2026-05-25 13:16:02 [INFO] Step 54/54 Loss=19.0080 mse=0.3819 v_opt=0.11747 v_mand=0.04713 ptv=0.0812 ptv_max=0.00004 global_ceil=0.00278 ring=0.00000 smooth=0.0224 laplacian=0.0673 beam=0.36376 homogeneity=0.0042 body=0.00000 bowel=0.05247 femur=0.00401
2026-05-25 13:16:03 [INFO] Running validation at epoch 51...
2026-05-25 13:16:29 [INFO] Epoch 51 Summary: Train=19.8163 Val=0.0342 (MSE=0.0342)
          Metrics: PTV_D95=49.49Gy Bladder=26.62Gy Rectum=31.30Gy
          Metrics: Ring=48.10Gy Dmax=96.24Gy BG=41.89Gy
2026-05-25 13:16:29 [INFO] Epoch 52/300 [RAMP 52/75 (69% of physics)] ramp=0.693 lr=9.31e-05
2026-05-25 13:16:35 [INFO] Step 5/54 Loss=17.9041 mse=0.3049 v_opt=0.05974 v_mand=0.01739 ptv=0.0776 ptv_max=0.00021 global_ceil=0.00431 ring=0.00000 smooth=0.0155 laplacian=0.0461 beam=0.44542 homogeneity=0.0068 body=0.00000 bowel=0.08233 femur=0.00658
2026-05-25 13:16:40 [INFO] Step 10/54 Loss=19.6528 mse=0.3400 v_opt=0.05308 v_mand=0.00647 ptv=0.0294 ptv_max=0.00052 global_ceil=0.00296 ring=0.00001 smooth=0.0178 laplacian=0.0546 beam=0.59070 homogeneity=0.0039 body=0.00000 bowel=0.00000 femur=0.00000
2026-05-25 13:16:47 [INFO] Step 15/54 Loss=19.2171 mse=0.3302 v_opt=0.06273 v_mand=0.01928 ptv=0.0716 ptv_max=0.00026 global_ceil=0.00831 ring=0.00000 smooth=0.0152 laplacian=0.0452 beam=0.51625 homogeneity=0.0060 body=0.00000 bowel=0.01848 femur=0.00045
2026-05-25 13:16:52 [INFO] Step 20/54 Loss=21.9667 mse=0.3439 v_opt=0.14763 v_mand=0.07078 ptv=0.0874 ptv_max=0.00003 global_ceil=0.00726 ring=0.00000 smooth=0.0191 laplacian=0.0559 beam=0.53385 homogeneity=0.0047 body=0.00000 bowel=0.02926 femur=0.00287
2026-05-25 13:16:58 [INFO] Step 25/54 Loss=17.8916 mse=0.3067 v_opt=0.00178 v_mand=0.00000 ptv=0.0829 ptv_max=0.00002 global_ceil=0.00287 ring=0.00000 smooth=0.0149 laplacian=0.0412 beam=0.53101 homogeneity=0.0036 body=0.00000 bowel=0.01224 femur=0.00148
2026-05-25 13:17:03 [INFO] Step 30/54 Loss=17.4556 mse=0.2601 v_opt=0.01863 v_mand=0.00052 ptv=0.1246 ptv_max=0.00001 global_ceil=0.00779 ring=0.00000 smooth=0.0187 laplacian=0.0494 beam=0.54665 homogeneity=0.0080 body=0.00000 bowel=0.00000 femur=0.00034
2026-05-25 13:17:10 [INFO] Step 35/54 Loss=18.4092 mse=0.2979 v_opt=0.00000 v_mand=0.00000 ptv=0.0828 ptv_max=0.00002 global_ceil=0.00175 ring=0.00000 smooth=0.0149 laplacian=0.0425 beam=0.54763 homogeneity=0.0036 body=0.00000 bowel=0.06001 femur=0.00000
2026-05-25 13:17:14 [INFO] Step 40/54 Loss=25.6874 mse=0.4376 v_opt=0.01166 v_mand=0.00000 ptv=0.0776 ptv_max=0.00106 global_ceil=0.09197 ring=0.00001 smooth=0.0206 laplacian=0.0620 beam=0.57205 homogeneity=0.0093 body=0.00000 bowel=0.05974 femur=0.00000
2026-05-25 13:17:21 [INFO] Step 45/54 Loss=14.7251 mse=0.1539 v_opt=0.00888 v_mand=0.00000 ptv=0.2136 ptv_max=0.00005 global_ceil=0.00044 ring=0.00000 smooth=0.0133 laplacian=0.0362 beam=0.51702 homogeneity=0.0194 body=0.00000 bowel=0.00000 femur=0.00000
2026-05-25 13:17:26 [INFO] Step 50/54 Loss=25.8168 mse=0.3477 v_opt=0.02763 v_mand=0.00038 ptv=0.1045 ptv_max=0.00045 global_ceil=0.14106 ring=0.00003 smooth=0.0274 laplacian=0.0892 beam=0.57931 homogeneity=0.0077 body=0.00000 bowel=0.08987 femur=0.00000
2026-05-25 13:17:30 [INFO] Step 54/54 Loss=14.5018 mse=0.1814 v_opt=0.03194 v_mand=0.00431 ptv=0.1131 ptv_max=0.00000 global_ceil=0.00185 ring=0.00000 smooth=0.0155 laplacian=0.0409 beam=0.49666 homogeneity=0.0055 body=0.00000 bowel=0.00826 femur=0.00000
2026-05-25 13:17:30 [INFO] Running validation at epoch 52...
2026-05-25 13:17:56 [INFO] Epoch 52 Summary: Train=19.4416 Val=0.0305 (MSE=0.0305)
          Metrics: PTV_D95=49.28Gy Bladder=28.33Gy Rectum=28.89Gy
          Metrics: Ring=47.18Gy Dmax=149.23Gy BG=39.91Gy
2026-05-25 13:17:56 [INFO] [DIAGNOSTIC] Saved fallback model MSE=0.0305
2026-05-25 13:17:56 [INFO] Epoch 53/300 [RAMP 53/75 (71% of physics)] ramp=0.707 lr=9.28e-05
2026-05-25 13:18:03 [INFO] Step 5/54 Loss=22.5839 mse=0.4149 v_opt=0.01725 v_mand=0.00019 ptv=0.0882 ptv_max=0.00011 global_ceil=0.00578 ring=0.00000 smooth=0.0172 laplacian=0.0502 beam=0.59665 homogeneity=0.0069 body=0.00000 bowel=0.04836 femur=0.00000
2026-05-25 13:18:08 [INFO] Step 10/54 Loss=18.9181 mse=0.3270 v_opt=0.01071 v_mand=0.00000 ptv=0.1057 ptv_max=0.00002 global_ceil=0.00102 ring=0.00000 smooth=0.0125 laplacian=0.0372 beam=0.53428 homogeneity=0.0065 body=0.00000 bowel=0.02554 femur=0.00009
2026-05-25 13:18:15 [INFO] Step 15/54 Loss=14.4128 mse=0.1763 v_opt=0.10066 v_mand=0.03541 ptv=0.1185 ptv_max=0.00000 global_ceil=0.00000 ring=0.00000 smooth=0.0127 laplacian=0.0370 beam=0.42662 homogeneity=0.0068 body=0.00000 bowel=0.00000 femur=0.00000
2026-05-25 13:18:19 [INFO] Step 20/54 Loss=19.4668 mse=0.3074 v_opt=0.03684 v_mand=0.00598 ptv=0.0817 ptv_max=0.00010 global_ceil=0.00591 ring=0.00000 smooth=0.0150 laplacian=0.0452 beam=0.58473 homogeneity=0.0057 body=0.00000 bowel=0.00025 femur=0.01928
2026-05-25 13:18:26 [INFO] Step 25/54 Loss=19.6967 mse=0.3324 v_opt=0.01020 v_mand=0.00000 ptv=0.1086 ptv_max=0.00022 global_ceil=0.00250 ring=0.00000 smooth=0.0146 laplacian=0.0438 beam=0.56585 homogeneity=0.0100 body=0.00000 bowel=0.00355 femur=0.02156
2026-05-25 13:18:31 [INFO] Step 30/54 Loss=20.8922 mse=0.3888 v_opt=0.02192 v_mand=0.00088 ptv=0.0942 ptv_max=0.00003 global_ceil=0.00125 ring=0.00000 smooth=0.0156 laplacian=0.0474 beam=0.56665 homogeneity=0.0055 body=0.00000 bowel=0.01043 femur=0.00250
2026-05-25 13:18:37 [INFO] Step 35/54 Loss=17.2779 mse=0.2020 v_opt=0.03432 v_mand=0.00157 ptv=0.2814 ptv_max=0.00002 global_ceil=0.00307 ring=0.00000 smooth=0.0138 laplacian=0.0377 beam=0.53340 homogeneity=0.0324 body=0.00000 bowel=0.00000 femur=0.00000
2026-05-25 13:18:42 [INFO] Step 40/54 Loss=21.4794 mse=0.4177 v_opt=0.00292 v_mand=0.00000 ptv=0.0883 ptv_max=0.00008 global_ceil=0.04127 ring=0.00000 smooth=0.0175 laplacian=0.0592 beam=0.46746 homogeneity=0.0047 body=0.00000 bowel=0.03596 femur=0.00213
2026-05-25 13:18:48 [INFO] Step 45/54 Loss=7.9388 mse=0.1302 v_opt=0.14028 v_mand=0.05495 ptv=0.2861 ptv_max=0.00000 global_ceil=0.00000 ring=0.00000 smooth=0.0114 laplacian=0.0316 beam=0.00000 homogeneity=0.0285 body=0.00000 bowel=0.00000 femur=0.00000
2026-05-25 13:18:53 [INFO] Step 50/54 Loss=18.2700 mse=0.3148 v_opt=0.00072 v_mand=0.00000 ptv=0.0762 ptv_max=0.00009 global_ceil=0.00822 ring=0.00000 smooth=0.0179 laplacian=0.0531 beam=0.52621 homogeneity=0.0045 body=0.00000 bowel=0.00010 femur=0.00000
2026-05-25 13:18:58 [INFO] Step 54/54 Loss=31.2107 mse=0.4602 v_opt=0.00000 v_mand=0.00000 ptv=0.1240 ptv_max=0.00026 global_ceil=0.15847 ring=0.00001 smooth=0.0341 laplacian=0.1060 beam=0.63987 homogeneity=0.0101 body=0.00000 bowel=0.12805 femur=0.00000
2026-05-25 13:18:58 [INFO] Running validation at epoch 53...
2026-05-25 13:19:24 [INFO] Epoch 53 Summary: Train=19.1529 Val=0.0318 (MSE=0.0318)
          Metrics: PTV_D95=51.54Gy Bladder=28.85Gy Rectum=29.78Gy
          Metrics: Ring=49.56Gy Dmax=101.44Gy BG=40.68Gy
2026-05-25 13:19:24 [INFO] Epoch 54/300 [RAMP 54/75 (72% of physics)] ramp=0.720 lr=9.26e-05
2026-05-25 13:19:31 [INFO] Step 5/54 Loss=19.6305 mse=0.3553 v_opt=0.03872 v_mand=0.00582 ptv=0.0636 ptv_max=0.00042 global_ceil=0.00892 ring=0.00000 smooth=0.0153 laplacian=0.0429 beam=0.52207 homogeneity=0.0066 body=0.00000 bowel=0.00000 femur=0.00000
2026-05-25 13:19:36 [INFO] Step 10/54 Loss=29.8942 mse=0.5216 v_opt=0.01170 v_mand=0.00003 ptv=0.0722 ptv_max=0.00039 global_ceil=0.13109 ring=0.00004 smooth=0.0284 laplacian=0.0793 beam=0.57888 homogeneity=0.0051 body=0.00000 bowel=0.06987 femur=0.00022
2026-05-25 13:19:43 [INFO] Step 15/54 Loss=16.5871 mse=0.2079 v_opt=0.04754 v_mand=0.00737 ptv=0.1618 ptv_max=0.00000 global_ceil=0.00003 ring=0.00000 smooth=0.0144 laplacian=0.0399 beam=0.53104 homogeneity=0.0121 body=0.00000 bowel=0.00000 femur=0.00015
2026-05-25 13:19:48 [INFO] Step 20/54 Loss=29.8945 mse=0.4771 v_opt=0.00388 v_mand=0.00000 ptv=0.0737 ptv_max=0.00033 global_ceil=0.13695 ring=0.00001 smooth=0.0337 laplacian=0.1025 beam=0.59527 homogeneity=0.0051 body=0.00000 bowel=0.11888 femur=0.00000
2026-05-25 13:19:54 [INFO] Step 25/54 Loss=20.9177 mse=0.3930 v_opt=0.07908 v_mand=0.01016 ptv=0.0652 ptv_max=0.00015 global_ceil=0.00279 ring=0.00000 smooth=0.0167 laplacian=0.0482 beam=0.50630 homogeneity=0.0043 body=0.00000 bowel=0.05492 femur=0.01023
2026-05-25 13:19:59 [INFO] Step 30/54 Loss=15.8618 mse=0.1986 v_opt=0.03471 v_mand=0.00478 ptv=0.1273 ptv_max=0.00001 global_ceil=0.00022 ring=0.00000 smooth=0.0111 laplacian=0.0316 beam=0.52737 homogeneity=0.0083 body=0.00000 bowel=0.00148 femur=0.00000
2026-05-25 13:20:05 [INFO] Step 35/54 Loss=17.6561 mse=0.3035 v_opt=0.05921 v_mand=0.01740 ptv=0.0651 ptv_max=0.00020 global_ceil=0.00214 ring=0.00000 smooth=0.0126 laplacian=0.0382 beam=0.47238 homogeneity=0.0055 body=0.00000 bowel=0.00546 femur=0.00016
2026-05-25 13:20:10 [INFO] Step 40/54 Loss=23.9561 mse=0.4746 v_opt=0.02118 v_mand=0.00086 ptv=0.0667 ptv_max=0.00011 global_ceil=0.00241 ring=0.00001 smooth=0.0146 laplacian=0.0457 beam=0.58458 homogeneity=0.0041 body=0.00000 bowel=0.06410 femur=0.00036
2026-05-25 13:20:16 [INFO] Step 45/54 Loss=15.7843 mse=0.2071 v_opt=0.06111 v_mand=0.01042 ptv=0.1219 ptv_max=0.00003 global_ceil=0.00045 ring=0.00000 smooth=0.0109 laplacian=0.0306 beam=0.49869 homogeneity=0.0097 body=0.00000 bowel=0.00105 femur=0.00000
2026-05-25 13:20:21 [INFO] Step 50/54 Loss=16.0139 mse=0.3658 v_opt=0.00292 v_mand=0.00000 ptv=0.0719 ptv_max=0.00005 global_ceil=0.00592 ring=0.00000 smooth=0.0161 laplacian=0.0480 beam=0.32557 homogeneity=0.0040 body=0.00000 bowel=0.00049 femur=0.00280
2026-05-25 13:20:25 [INFO] Step 54/54 Loss=13.5480 mse=0.1285 v_opt=0.04156 v_mand=0.00759 ptv=0.0858 ptv_max=0.00003 global_ceil=0.00062 ring=0.00000 smooth=0.0138 laplacian=0.0374 beam=0.50806 homogeneity=0.0049 body=0.00000 bowel=0.00000 femur=0.00000
2026-05-25 13:20:25 [INFO] Running validation at epoch 54...
2026-05-25 13:20:51 [INFO] Epoch 54 Summary: Train=19.4510 Val=0.0302 (MSE=0.0302)
          Metrics: PTV_D95=51.56Gy Bladder=27.76Gy Rectum=30.68Gy
          Metrics: Ring=49.15Gy Dmax=108.09Gy BG=39.75Gy
2026-05-25 13:20:51 [INFO] [DIAGNOSTIC] Saved fallback model MSE=0.0302
2026-05-25 13:20:51 [INFO] Epoch 55/300 [RAMP 55/75 (73% of physics)] ramp=0.733 lr=9.23e-05
2026-05-25 13:20:58 [INFO] Step 5/54 Loss=27.3193 mse=0.4084 v_opt=0.07456 v_mand=0.01306 ptv=0.0850 ptv_max=0.00005 global_ceil=0.06881 ring=0.00000 smooth=0.0193 laplacian=0.0529 beam=0.61136 homogeneity=0.0054 body=0.00000 bowel=0.17042 femur=0.00000
2026-05-25 13:21:02 [INFO] Step 10/54 Loss=19.0910 mse=0.2571 v_opt=0.13572 v_mand=0.04639 ptv=0.0676 ptv_max=0.00001 global_ceil=0.00547 ring=0.00000 smooth=0.0164 laplacian=0.0458 beam=0.53782 homogeneity=0.0017 body=0.00000 bowel=0.00000 femur=0.00000
2026-05-25 13:21:09 [INFO] Step 15/54 Loss=18.5792 mse=0.2903 v_opt=0.03477 v_mand=0.00277 ptv=0.0552 ptv_max=0.00017 global_ceil=0.00034 ring=0.00000 smooth=0.0142 laplacian=0.0418 beam=0.57291 homogeneity=0.0046 body=0.00000 bowel=0.00000 femur=0.00000
2026-05-25 13:21:14 [INFO] Step 20/54 Loss=18.7465 mse=0.2718 v_opt=0.06246 v_mand=0.01720 ptv=0.0950 ptv_max=0.00006 global_ceil=0.00343 ring=0.00000 smooth=0.0141 laplacian=0.0410 beam=0.52601 homogeneity=0.0060 body=0.00000 bowel=0.04619 femur=0.00000
2026-05-25 13:21:20 [INFO] Step 25/54 Loss=17.3695 mse=0.2404 v_opt=0.00502 v_mand=0.00000 ptv=0.1514 ptv_max=0.00003 global_ceil=0.01228 ring=0.00000 smooth=0.0223 laplacian=0.0619 beam=0.51035 homogeneity=0.0129 body=0.00000 bowel=0.00007 femur=0.00000
2026-05-25 13:21:25 [INFO] Step 30/54 Loss=20.6640 mse=0.3744 v_opt=0.00100 v_mand=0.00000 ptv=0.0884 ptv_max=0.00003 global_ceil=0.00030 ring=0.00000 smooth=0.0136 laplacian=0.0420 beam=0.53879 homogeneity=0.0047 body=0.00000 bowel=0.04818 femur=0.00000
2026-05-25 13:21:32 [INFO] Step 35/54 Loss=20.3805 mse=0.3554 v_opt=0.04410 v_mand=0.00535 ptv=0.0846 ptv_max=0.00018 global_ceil=0.00542 ring=0.00000 smooth=0.0200 laplacian=0.0558 beam=0.54408 homogeneity=0.0068 body=0.00000 bowel=0.00794 femur=0.00198
2026-05-25 13:21:37 [INFO] Step 40/54 Loss=13.9596 mse=0.2710 v_opt=0.02067 v_mand=0.00086 ptv=0.0850 ptv_max=0.00008 global_ceil=0.00169 ring=0.00000 smooth=0.0157 laplacian=0.0445 beam=0.33696 homogeneity=0.0051 body=0.00000 bowel=0.00000 femur=0.00000
2026-05-25 13:21:44 [INFO] Step 45/54 Loss=15.2462 mse=0.1661 v_opt=0.11452 v_mand=0.02910 ptv=0.1979 ptv_max=0.00001 global_ceil=0.00095 ring=0.00000 smooth=0.0133 laplacian=0.0355 beam=0.42815 homogeneity=0.0178 body=0.00000 bowel=0.01109 femur=0.00000
2026-05-25 13:21:48 [INFO] Step 50/54 Loss=17.9668 mse=0.2180 v_opt=0.09536 v_mand=0.03931 ptv=0.1436 ptv_max=0.00000 global_ceil=0.00190 ring=0.00000 smooth=0.0161 laplacian=0.0428 beam=0.51576 homogeneity=0.0110 body=0.00000 bowel=0.00234 femur=0.00000
2026-05-25 13:21:53 [INFO] Step 54/54 Loss=14.6626 mse=0.1638 v_opt=0.00406 v_mand=0.00000 ptv=0.1957 ptv_max=0.00000 global_ceil=0.00003 ring=0.00000 smooth=0.0118 laplacian=0.0329 beam=0.47996 homogeneity=0.0134 body=0.00000 bowel=0.00000 femur=0.00000
2026-05-25 13:21:53 [INFO] Running validation at epoch 55...
2026-05-25 13:22:20 [INFO] Epoch 55 Summary: Train=20.4230 Val=0.0317 (MSE=0.0317)
          Metrics: PTV_D95=49.80Gy Bladder=26.67Gy Rectum=27.74Gy
          Metrics: Ring=47.99Gy Dmax=94.88Gy BG=40.49Gy
2026-05-25 13:22:20 [INFO] Epoch 56/300 [RAMP 56/75 (75% of physics)] ramp=0.747 lr=9.20e-05
2026-05-25 13:22:27 [INFO] Step 5/54 Loss=19.8183 mse=0.2858 v_opt=0.06325 v_mand=0.00958 ptv=0.1307 ptv_max=0.00001 global_ceil=0.00260 ring=0.00000 smooth=0.0136 laplacian=0.0393 beam=0.58063 homogeneity=0.0079 body=0.00000 bowel=0.00239 femur=0.00079
2026-05-25 13:22:32 [INFO] Step 10/54 Loss=19.1670 mse=0.3402 v_opt=0.00162 v_mand=0.00000 ptv=0.0904 ptv_max=0.00005 global_ceil=0.00200 ring=0.00000 smooth=0.0148 laplacian=0.0450 beam=0.49509 homogeneity=0.0054 body=0.00000 bowel=0.03590 femur=0.00004
2026-05-25 13:22:38 [INFO] Step 15/54 Loss=23.7878 mse=0.3275 v_opt=0.03294 v_mand=0.00435 ptv=0.0819 ptv_max=0.00098 global_ceil=0.10740 ring=0.00001 smooth=0.0158 laplacian=0.0454 beam=0.54954 homogeneity=0.0100 body=0.00000 bowel=0.00349 femur=0.00396
2026-05-25 13:22:43 [INFO] Step 20/54 Loss=10.9891 mse=0.0808 v_opt=0.02159 v_mand=0.00147 ptv=0.1294 ptv_max=0.00003 global_ceil=0.00006 ring=0.00000 smooth=0.0078 laplacian=0.0212 beam=0.39615 homogeneity=0.0086 body=0.00000 bowel=0.02691 femur=0.00000
2026-05-25 13:22:50 [INFO] Step 25/54 Loss=17.2180 mse=0.2177 v_opt=0.04681 v_mand=0.00973 ptv=0.1777 ptv_max=0.00000 global_ceil=0.00026 ring=0.00000 smooth=0.0149 laplacian=0.0388 beam=0.51578 homogeneity=0.0149 body=0.00000 bowel=0.00000 femur=0.00000
2026-05-25 13:22:55 [INFO] Step 30/54 Loss=16.5411 mse=0.2287 v_opt=0.03165 v_mand=0.00148 ptv=0.1090 ptv_max=0.00000 global_ceil=0.00066 ring=0.00000 smooth=0.0151 laplacian=0.0404 beam=0.50971 homogeneity=0.0057 body=0.00000 bowel=0.01092 femur=0.00000
2026-05-25 13:23:01 [INFO] Step 35/54 Loss=12.4447 mse=0.1608 v_opt=0.03682 v_mand=0.00455 ptv=0.1507 ptv_max=0.00000 global_ceil=0.00000 ring=0.00000 smooth=0.0102 laplacian=0.0289 beam=0.36601 homogeneity=0.0082 body=0.00000 bowel=0.00029 femur=0.00000
2026-05-25 13:23:06 [INFO] Step 40/54 Loss=14.2060 mse=0.1933 v_opt=0.00464 v_mand=0.00000 ptv=0.1480 ptv_max=0.00000 global_ceil=0.00018 ring=0.00000 smooth=0.0098 laplacian=0.0277 beam=0.42911 homogeneity=0.0091 body=0.00000 bowel=0.00000 femur=0.00000
2026-05-25 13:23:12 [INFO] Step 45/54 Loss=14.6801 mse=0.2220 v_opt=0.02253 v_mand=0.00251 ptv=0.1082 ptv_max=0.00005 global_ceil=0.00099 ring=0.00000 smooth=0.0112 laplacian=0.0318 beam=0.42184 homogeneity=0.0064 body=0.00000 bowel=0.00504 femur=0.00000
2026-05-25 13:23:18 [INFO] Step 50/54 Loss=17.7878 mse=0.2764 v_opt=0.01090 v_mand=0.00000 ptv=0.0761 ptv_max=0.00011 global_ceil=0.00054 ring=0.00000 smooth=0.0151 laplacian=0.0427 beam=0.53598 homogeneity=0.0054 body=0.00000 bowel=0.00043 femur=0.00000
2026-05-25 13:23:23 [INFO] Step 54/54 Loss=20.8931 mse=0.3760 v_opt=0.00218 v_mand=0.00000 ptv=0.0698 ptv_max=0.00026 global_ceil=0.00685 ring=0.00000 smooth=0.0123 laplacian=0.0365 beam=0.55858 homogeneity=0.0073 body=0.00000 bowel=0.00019 femur=0.00000
2026-05-25 13:23:23 [INFO] Running validation at epoch 56...
2026-05-25 13:23:49 [INFO] Epoch 56 Summary: Train=18.8107 Val=0.0301 (MSE=0.0301)
          Metrics: PTV_D95=52.17Gy Bladder=27.33Gy Rectum=28.77Gy
          Metrics: Ring=49.29Gy Dmax=113.44Gy BG=39.59Gy
2026-05-25 13:23:49 [INFO] [DIAGNOSTIC] Saved fallback model MSE=0.0301
2026-05-25 13:23:49 [INFO] Epoch 57/300 [RAMP 57/75 (76% of physics)] ramp=0.760 lr=9.17e-05
2026-05-25 13:23:56 [INFO] Step 5/54 Loss=14.8457 mse=0.2012 v_opt=0.00994 v_mand=0.00000 ptv=0.0827 ptv_max=0.00004 global_ceil=0.00010 ring=0.00000 smooth=0.0112 laplacian=0.0299 beam=0.47149 homogeneity=0.0054 body=0.00000 bowel=0.00000 femur=0.00000
2026-05-25 13:24:01 [INFO] Step 10/54 Loss=20.7513 mse=0.4792 v_opt=0.02909 v_mand=0.00459 ptv=0.0308 ptv_max=0.00031 global_ceil=0.00145 ring=0.00000 smooth=0.0201 laplacian=0.0562 beam=0.41806 homogeneity=0.0036 body=0.00000 bowel=0.00000 femur=0.00000
2026-05-25 13:24:08 [INFO] Step 15/54 Loss=29.3106 mse=0.4432 v_opt=0.01130 v_mand=0.00004 ptv=0.0882 ptv_max=0.00069 global_ceil=0.13504 ring=0.00008 smooth=0.0272 laplacian=0.0746 beam=0.57492 homogeneity=0.0072 body=0.00000 bowel=0.08713 femur=0.00000
2026-05-25 13:24:12 [INFO] Step 20/54 Loss=18.3579 mse=0.2842 v_opt=0.01008 v_mand=0.00000 ptv=0.0669 ptv_max=0.00001 global_ceil=0.00566 ring=0.00000 smooth=0.0098 laplacian=0.0293 beam=0.54443 homogeneity=0.0033 body=0.00000 bowel=0.00000 femur=0.00000
2026-05-25 13:24:19 [INFO] Step 25/54 Loss=19.9663 mse=0.2997 v_opt=0.02312 v_mand=0.00211 ptv=0.1034 ptv_max=0.00000 global_ceil=0.00399 ring=0.00000 smooth=0.0158 laplacian=0.0428 beam=0.52348 homogeneity=0.0047 body=0.00000 bowel=0.04496 femur=0.09427
2026-05-25 13:24:24 [INFO] Step 30/54 Loss=21.3247 mse=0.3457 v_opt=0.04505 v_mand=0.01008 ptv=0.1318 ptv_max=0.00001 global_ceil=0.00067 ring=0.00000 smooth=0.0119 laplacian=0.0343 beam=0.47896 homogeneity=0.0080 body=0.00000 bowel=0.16144 femur=0.00000
2026-05-25 13:24:30 [INFO] Step 35/54 Loss=23.3874 mse=0.3425 v_opt=0.02148 v_mand=0.00093 ptv=0.0834 ptv_max=0.00002 global_ceil=0.03983 ring=0.00000 smooth=0.0257 laplacian=0.0684 beam=0.60273 homogeneity=0.0040 body=0.00000 bowel=0.07151 femur=0.00000
2026-05-25 13:24:36 [INFO] Step 40/54 Loss=18.9958 mse=0.2344 v_opt=0.09031 v_mand=0.01585 ptv=0.1738 ptv_max=0.00002 global_ceil=0.00267 ring=0.00000 smooth=0.0149 laplacian=0.0405 beam=0.51915 homogeneity=0.0162 body=0.00000 bowel=0.06116 femur=0.00000
2026-05-25 13:24:42 [INFO] Step 45/54 Loss=18.2126 mse=0.3248 v_opt=0.00276 v_mand=0.00000 ptv=0.0768 ptv_max=0.00009 global_ceil=0.00070 ring=0.00000 smooth=0.0132 laplacian=0.0401 beam=0.47100 homogeneity=0.0051 body=0.00000 bowel=0.02432 femur=0.00000
2026-05-25 13:24:46 [INFO] Step 50/54 Loss=19.1377 mse=0.3913 v_opt=0.01394 v_mand=0.00005 ptv=0.0693 ptv_max=0.00014 global_ceil=0.00478 ring=0.00000 smooth=0.0221 laplacian=0.0620 beam=0.41603 homogeneity=0.0057 body=0.00000 bowel=0.03183 femur=0.00000
2026-05-25 13:24:51 [INFO] Step 54/54 Loss=18.0547 mse=0.2632 v_opt=0.03302 v_mand=0.00190 ptv=0.0968 ptv_max=0.00016 global_ceil=0.00451 ring=0.00000 smooth=0.0159 laplacian=0.0441 beam=0.53358 homogeneity=0.0072 body=0.00000 bowel=0.00000 femur=0.00000
2026-05-25 13:24:51 [INFO] Running validation at epoch 57...
2026-05-25 13:25:17 [INFO] Epoch 57 Summary: Train=20.5565 Val=0.0300 (MSE=0.0300)
          Metrics: PTV_D95=50.86Gy Bladder=26.86Gy Rectum=28.89Gy
          Metrics: Ring=48.91Gy Dmax=116.48Gy BG=39.62Gy
2026-05-25 13:25:17 [INFO] [DIAGNOSTIC] Saved fallback model MSE=0.0300
2026-05-25 13:25:17 [INFO] Epoch 58/300 [RAMP 58/75 (77% of physics)] ramp=0.773 lr=9.14e-05
2026-05-25 13:25:25 [INFO] Step 5/54 Loss=17.8476 mse=0.2206 v_opt=0.03949 v_mand=0.00572 ptv=0.1844 ptv_max=0.00000 global_ceil=0.00019 ring=0.00000 smooth=0.0148 laplacian=0.0399 beam=0.52940 homogeneity=0.0139 body=0.00000 bowel=0.00016 femur=0.00000
2026-05-25 13:25:29 [INFO] Step 10/54 Loss=16.1938 mse=0.1588 v_opt=0.07393 v_mand=0.02034 ptv=0.2153 ptv_max=0.00000 global_ceil=0.00030 ring=0.00000 smooth=0.0065 laplacian=0.0177 beam=0.48140 homogeneity=0.0172 body=0.00000 bowel=0.00000 femur=0.00000
2026-05-25 13:25:35 [INFO] Step 15/54 Loss=13.5399 mse=0.2503 v_opt=0.02069 v_mand=0.00032 ptv=0.1002 ptv_max=0.00001 global_ceil=0.00108 ring=0.00000 smooth=0.0183 laplacian=0.0498 beam=0.31456 homogeneity=0.0049 body=0.00000 bowel=0.00497 femur=0.00000
2026-05-25 13:25:41 [INFO] Step 20/54 Loss=23.5672 mse=0.4515 v_opt=0.02032 v_mand=0.00008 ptv=0.0818 ptv_max=0.00004 global_ceil=0.00128 ring=0.00000 smooth=0.0120 laplacian=0.0365 beam=0.57340 homogeneity=0.0043 body=0.00000 bowel=0.02212 femur=0.00000
2026-05-25 13:25:45 [INFO] Step 25/54 Loss=17.9145 mse=0.2501 v_opt=0.05239 v_mand=0.00605 ptv=0.0892 ptv_max=0.00026 global_ceil=0.01354 ring=0.00000 smooth=0.0109 laplacian=0.0305 beam=0.47960 homogeneity=0.0079 body=0.00000 bowel=0.05030 femur=0.00000
2026-05-25 13:25:52 [INFO] Step 30/54 Loss=20.1385 mse=0.3527 v_opt=0.01012 v_mand=0.00000 ptv=0.0942 ptv_max=0.00005 global_ceil=0.00133 ring=0.00000 smooth=0.0158 laplacian=0.0464 beam=0.51771 homogeneity=0.0053 body=0.00000 bowel=0.01925 femur=0.00180
2026-05-25 13:25:57 [INFO] Step 35/54 Loss=17.6681 mse=0.2249 v_opt=0.00967 v_mand=0.00000 ptv=0.0764 ptv_max=0.00001 global_ceil=0.01003 ring=0.00000 smooth=0.0114 laplacian=0.0327 beam=0.51283 homogeneity=0.0034 body=0.00000 bowel=0.05772 femur=0.03593
2026-05-25 13:26:03 [INFO] Step 40/54 Loss=17.7946 mse=0.3717 v_opt=0.05797 v_mand=0.00629 ptv=0.0784 ptv_max=0.00001 global_ceil=0.02778 ring=0.00000 smooth=0.0152 laplacian=0.0447 beam=0.30338 homogeneity=0.0029 body=0.00000 bowel=0.03134 femur=0.00369
2026-05-25 13:26:08 [INFO] Step 45/54 Loss=20.0023 mse=0.3624 v_opt=0.02321 v_mand=0.00205 ptv=0.0862 ptv_max=0.00002 global_ceil=0.00048 ring=0.00000 smooth=0.0144 laplacian=0.0424 beam=0.50320 homogeneity=0.0050 body=0.00000 bowel=0.00054 femur=0.01962
2026-05-25 13:26:14 [INFO] Step 50/54 Loss=21.4635 mse=0.3641 v_opt=0.04297 v_mand=0.00826 ptv=0.0826 ptv_max=0.00007 global_ceil=0.02114 ring=0.00001 smooth=0.0117 laplacian=0.0331 beam=0.51399 homogeneity=0.0056 body=0.00000 bowel=0.03022 femur=0.00010
2026-05-25 13:26:19 [INFO] Step 54/54 Loss=26.2065 mse=0.4414 v_opt=0.05666 v_mand=0.01484 ptv=0.0659 ptv_max=0.00058 global_ceil=0.02548 ring=0.00003 smooth=0.0172 laplacian=0.0510 beam=0.58040 homogeneity=0.0079 body=0.00000 bowel=0.11906 femur=0.00171
2026-05-25 13:26:19 [INFO] Running validation at epoch 58...
2026-05-25 13:26:46 [INFO] Epoch 58 Summary: Train=19.2959 Val=0.0294 (MSE=0.0294)
          Metrics: PTV_D95=50.81Gy Bladder=27.24Gy Rectum=26.75Gy
          Metrics: Ring=48.77Gy Dmax=115.77Gy BG=39.20Gy
2026-05-25 13:26:46 [INFO] [DIAGNOSTIC] Saved fallback model MSE=0.0294
2026-05-25 13:26:46 [INFO] Epoch 59/300 [RAMP 59/75 (79% of physics)] ramp=0.787 lr=9.11e-05
2026-05-25 13:26:53 [INFO] Step 5/54 Loss=19.5731 mse=0.3205 v_opt=0.01341 v_mand=0.00015 ptv=0.0905 ptv_max=0.00003 global_ceil=0.00036 ring=0.00000 smooth=0.0130 laplacian=0.0373 beam=0.52450 homogeneity=0.0054 body=0.00000 bowel=0.02024 femur=0.00094
2026-05-25 13:26:57 [INFO] Step 10/54 Loss=17.9492 mse=0.1762 v_opt=0.16830 v_mand=0.08073 ptv=0.1256 ptv_max=0.00000 global_ceil=0.00000 ring=0.00000 smooth=0.0098 laplacian=0.0272 beam=0.45202 homogeneity=0.0070 body=0.00000 bowel=0.00000 femur=0.00000
2026-05-25 13:27:04 [INFO] Step 15/54 Loss=21.9289 mse=0.3702 v_opt=0.08578 v_mand=0.01762 ptv=0.0667 ptv_max=0.00014 global_ceil=0.01561 ring=0.00000 smooth=0.0158 laplacian=0.0454 beam=0.52401 homogeneity=0.0046 body=0.00000 bowel=0.00930 femur=0.00150
2026-05-25 13:27:09 [INFO] Step 20/54 Loss=21.8467 mse=0.3618 v_opt=0.05022 v_mand=0.00575 ptv=0.0661 ptv_max=0.00020 global_ceil=0.01005 ring=0.00001 smooth=0.0160 laplacian=0.0460 beam=0.56234 homogeneity=0.0040 body=0.00000 bowel=0.02055 femur=0.00000
2026-05-25 13:27:16 [INFO] Step 25/54 Loss=21.3893 mse=0.3972 v_opt=0.13939 v_mand=0.04824 ptv=0.0668 ptv_max=0.00003 global_ceil=0.00072 ring=0.00000 smooth=0.0136 laplacian=0.0415 beam=0.42572 homogeneity=0.0028 body=0.00000 bowel=0.01446 femur=0.00319
2026-05-25 13:27:21 [INFO] Step 30/54 Loss=23.8214 mse=0.5231 v_opt=0.03252 v_mand=0.00563 ptv=0.0501 ptv_max=0.00008 global_ceil=0.00209 ring=0.00000 smooth=0.0160 laplacian=0.0470 beam=0.49593 homogeneity=0.0022 body=0.00000 bowel=0.00000 femur=0.00000
2026-05-25 13:27:28 [INFO] Step 35/54 Loss=22.6941 mse=0.4053 v_opt=0.02681 v_mand=0.00224 ptv=0.0903 ptv_max=0.00003 global_ceil=0.00345 ring=0.00000 smooth=0.0148 laplacian=0.0428 beam=0.56948 homogeneity=0.0052 body=0.00000 bowel=0.01011 femur=0.00000
2026-05-25 13:27:32 [INFO] Step 40/54 Loss=24.3431 mse=0.4162 v_opt=0.09616 v_mand=0.03832 ptv=0.0628 ptv_max=0.00011 global_ceil=0.00176 ring=0.00000 smooth=0.0140 laplacian=0.0397 beam=0.57907 homogeneity=0.0043 body=0.00000 bowel=0.00577 femur=0.00130
2026-05-25 13:27:39 [INFO] Step 45/54 Loss=20.8224 mse=0.2956 v_opt=0.08822 v_mand=0.02503 ptv=0.0628 ptv_max=0.00007 global_ceil=0.00648 ring=0.00001 smooth=0.0154 laplacian=0.0409 beam=0.49557 homogeneity=0.0030 body=0.00000 bowel=0.08111 femur=0.07982
2026-05-25 13:27:44 [INFO] Step 50/54 Loss=15.9096 mse=0.2007 v_opt=0.02939 v_mand=0.00098 ptv=0.1176 ptv_max=0.00005 global_ceil=0.00042 ring=0.00000 smooth=0.0103 laplacian=0.0297 beam=0.48821 homogeneity=0.0085 body=0.00000 bowel=0.00000 femur=0.00000
2026-05-25 13:27:48 [INFO] Step 54/54 Loss=15.7085 mse=0.2108 v_opt=0.03204 v_mand=0.00141 ptv=0.0918 ptv_max=0.00010 global_ceil=0.00115 ring=0.00000 smooth=0.0139 laplacian=0.0380 beam=0.47260 homogeneity=0.0063 body=0.00000 bowel=0.00000 femur=0.00000
2026-05-25 13:27:48 [INFO] Running validation at epoch 59...
2026-05-25 13:28:14 [INFO] Epoch 59 Summary: Train=20.2798 Val=0.0288 (MSE=0.0288)
          Metrics: PTV_D95=53.00Gy Bladder=27.66Gy Rectum=29.80Gy
          Metrics: Ring=49.66Gy Dmax=113.41Gy BG=38.80Gy
2026-05-25 13:28:14 [INFO] [DIAGNOSTIC] Saved fallback model MSE=0.0288
2026-05-25 13:28:14 [INFO] Epoch 60/300 [RAMP 60/75 (80% of physics)] ramp=0.800 lr=9.08e-05
2026-05-25 13:28:22 [INFO] Step 5/54 Loss=26.6112 mse=0.5269 v_opt=0.08453 v_mand=0.02867 ptv=0.0503 ptv_max=0.00051 global_ceil=0.01238 ring=0.00001 smooth=0.0131 laplacian=0.0403 beam=0.52324 homogeneity=0.0058 body=0.00000 bowel=0.02556 femur=0.02035
2026-05-25 13:28:27 [INFO] Step 10/54 Loss=28.0694 mse=0.3991 v_opt=0.04522 v_mand=0.00736 ptv=0.0912 ptv_max=0.00026 global_ceil=0.11918 ring=0.00000 smooth=0.0265 laplacian=0.0705 beam=0.55584 homogeneity=0.0060 body=0.00000 bowel=0.05673 femur=0.00000
2026-05-25 13:28:33 [INFO] Step 15/54 Loss=18.9994 mse=0.3032 v_opt=0.05533 v_mand=0.00788 ptv=0.1325 ptv_max=0.00001 global_ceil=0.00355 ring=0.00000 smooth=0.0123 laplacian=0.0371 beam=0.45226 homogeneity=0.0077 body=0.00000 bowel=0.03441 femur=0.00901
2026-05-25 13:28:38 [INFO] Step 20/54 Loss=18.3863 mse=0.2794 v_opt=0.01342 v_mand=0.00000 ptv=0.0829 ptv_max=0.00001 global_ceil=0.00672 ring=0.00000 smooth=0.0146 laplacian=0.0417 beam=0.50389 homogeneity=0.0037 body=0.00000 bowel=0.00996 femur=0.00135
2026-05-25 13:28:44 [INFO] Step 25/54 Loss=17.5073 mse=0.4241 v_opt=0.01725 v_mand=0.00000 ptv=0.0661 ptv_max=0.00012 global_ceil=0.00145 ring=0.00000 smooth=0.0130 laplacian=0.0402 beam=0.29146 homogeneity=0.0039 body=0.00000 bowel=0.01791 femur=0.00000
2026-05-25 13:28:50 [INFO] Step 30/54 Loss=14.2470 mse=0.2454 v_opt=0.03118 v_mand=0.00494 ptv=0.1371 ptv_max=0.00001 global_ceil=0.00039 ring=0.00000 smooth=0.0187 laplacian=0.0506 beam=0.31971 homogeneity=0.0088 body=0.00000 bowel=0.00000 femur=0.00000
2026-05-25 13:28:55 [INFO] Step 35/54 Loss=20.1300 mse=0.4567 v_opt=0.03071 v_mand=0.00057 ptv=0.0525 ptv_max=0.00008 global_ceil=0.00056 ring=0.00000 smooth=0.0121 laplacian=0.0392 beam=0.39759 homogeneity=0.0032 body=0.00000 bowel=0.00116 femur=0.00067
2026-05-25 13:29:01 [INFO] Step 40/54 Loss=19.4031 mse=0.4269 v_opt=0.06742 v_mand=0.01521 ptv=0.0514 ptv_max=0.00022 global_ceil=0.00440 ring=0.00000 smooth=0.0140 laplacian=0.0409 beam=0.34927 homogeneity=0.0045 body=0.00000 bowel=0.00745 femur=0.00998
2026-05-25 13:29:05 [INFO] Step 45/54 Loss=25.9890 mse=0.4685 v_opt=0.02976 v_mand=0.00083 ptv=0.0282 ptv_max=0.00092 global_ceil=0.01170 ring=0.00001 smooth=0.0163 laplacian=0.0506 beam=0.65486 homogeneity=0.0049 body=0.00000 bowel=0.00000 femur=0.00000
2026-05-25 13:29:11 [INFO] Step 50/54 Loss=18.0056 mse=0.2736 v_opt=0.00000 v_mand=0.00000 ptv=0.1021 ptv_max=0.00002 global_ceil=0.00214 ring=0.00000 smooth=0.0138 laplacian=0.0354 beam=0.49698 homogeneity=0.0067 body=0.00000 bowel=0.00512 femur=0.00000
2026-05-25 13:29:16 [INFO] Step 54/54 Loss=19.8169 mse=0.3644 v_opt=0.00002 v_mand=0.00000 ptv=0.0840 ptv_max=0.00005 global_ceil=0.00258 ring=0.00000 smooth=0.0123 laplacian=0.0359 beam=0.46001 homogeneity=0.0046 body=0.00000 bowel=0.03978 femur=0.00277
2026-05-25 13:29:16 [INFO] Running validation at epoch 60...
2026-05-25 13:29:43 [INFO] Epoch 60 Summary: Train=20.1078 Val=0.0281 (MSE=0.0281)
          Metrics: PTV_D95=50.76Gy Bladder=26.10Gy Rectum=26.95Gy
          Metrics: Ring=47.75Gy Dmax=123.13Gy BG=38.47Gy
2026-05-25 13:29:43 [INFO] [DIAGNOSTIC] Saved fallback model MSE=0.0281
2026-05-25 13:29:43 [INFO] Epoch 61/300 [RAMP 61/75 (81% of physics)] ramp=0.813 lr=9.05e-05
2026-05-25 13:29:49 [INFO] Step 5/54 Loss=20.9474 mse=0.3429 v_opt=0.00183 v_mand=0.00000 ptv=0.1016 ptv_max=0.00011 global_ceil=0.00338 ring=0.00001 smooth=0.0119 laplacian=0.0335 beam=0.54498 homogeneity=0.0097 body=0.00000 bowel=0.00077 femur=0.00000
2026-05-25 13:29:54 [INFO] Step 10/54 Loss=18.0750 mse=0.2859 v_opt=0.02622 v_mand=0.00309 ptv=0.0620 ptv_max=0.00033 global_ceil=0.00736 ring=0.00001 smooth=0.0121 laplacian=0.0325 beam=0.47026 homogeneity=0.0061 body=0.00000 bowel=0.00258 femur=0.01006
2026-05-25 13:30:00 [INFO] Step 15/54 Loss=17.8038 mse=0.2735 v_opt=0.00002 v_mand=0.00000 ptv=0.0899 ptv_max=0.00002 global_ceil=0.00040 ring=0.00000 smooth=0.0126 laplacian=0.0341 beam=0.49064 homogeneity=0.0056 body=0.00000 bowel=0.00000 femur=0.00000
2026-05-25 13:30:05 [INFO] Step 20/54 Loss=14.8131 mse=0.1632 v_opt=0.01662 v_mand=0.00081 ptv=0.1152 ptv_max=0.00000 global_ceil=0.00007 ring=0.00000 smooth=0.0089 laplacian=0.0237 beam=0.46893 homogeneity=0.0058 body=0.00000 bowel=0.00000 femur=0.00000
2026-05-25 13:30:11 [INFO] Step 25/54 Loss=11.4742 mse=0.1899 v_opt=0.05712 v_mand=0.01625 ptv=0.1346 ptv_max=0.00000 global_ceil=0.00005 ring=0.00000 smooth=0.0098 laplacian=0.0268 beam=0.22757 homogeneity=0.0081 body=0.00000 bowel=0.00000 femur=0.00000
2026-05-25 13:30:16 [INFO] Step 30/54 Loss=14.0343 mse=0.2903 v_opt=0.01599 v_mand=0.00029 ptv=0.0785 ptv_max=0.00010 global_ceil=0.00356 ring=0.00000 smooth=0.0117 laplacian=0.0336 beam=0.27880 homogeneity=0.0053 body=0.00000 bowel=0.00216 femur=0.00173
2026-05-25 13:30:23 [INFO] Step 35/54 Loss=23.3744 mse=0.4249 v_opt=0.10025 v_mand=0.01974 ptv=0.0632 ptv_max=0.00022 global_ceil=0.00215 ring=0.00000 smooth=0.0174 laplacian=0.0489 beam=0.48544 homogeneity=0.0060 body=0.00000 bowel=0.07704 femur=0.00434
2026-05-25 13:30:28 [INFO] Step 40/54 Loss=16.9525 mse=0.2046 v_opt=0.03915 v_mand=0.00823 ptv=0.0969 ptv_max=0.00000 global_ceil=0.00051 ring=0.00000 smooth=0.0105 laplacian=0.0291 beam=0.51065 homogeneity=0.0048 body=0.00000 bowel=0.00338 femur=0.00000
2026-05-25 13:30:34 [INFO] Step 45/54 Loss=12.8988 mse=0.1554 v_opt=0.01960 v_mand=0.00154 ptv=0.1480 ptv_max=0.00000 global_ceil=0.00001 ring=0.00000 smooth=0.0111 laplacian=0.0291 beam=0.36519 homogeneity=0.0100 body=0.00000 bowel=0.00000 femur=0.00000
2026-05-25 13:30:39 [INFO] Step 50/54 Loss=25.4536 mse=0.4146 v_opt=0.01576 v_mand=0.00025 ptv=0.0800 ptv_max=0.00003 global_ceil=0.03168 ring=0.00000 smooth=0.0182 laplacian=0.0490 beam=0.62413 homogeneity=0.0042 body=0.00000 bowel=0.01120 femur=0.00000
2026-05-25 13:30:44 [INFO] Step 54/54 Loss=17.5282 mse=0.2306 v_opt=0.01719 v_mand=0.00093 ptv=0.1142 ptv_max=0.00027 global_ceil=0.01077 ring=0.00000 smooth=0.0126 laplacian=0.0332 beam=0.49097 homogeneity=0.0105 body=0.00000 bowel=0.00000 femur=0.00000
2026-05-25 13:30:44 [INFO] Running validation at epoch 61...
2026-05-25 13:31:11 [INFO] Epoch 61 Summary: Train=20.0311 Val=0.0285 (MSE=0.0285)
          Metrics: PTV_D95=52.33Gy Bladder=27.41Gy Rectum=28.23Gy
          Metrics: Ring=49.10Gy Dmax=104.08Gy BG=38.71Gy
2026-05-25 13:31:11 [INFO] Epoch 62/300 [RAMP 62/75 (83% of physics)] ramp=0.827 lr=9.02e-05
2026-05-25 13:31:17 [INFO] Step 5/54 Loss=15.2955 mse=0.3030 v_opt=0.01228 v_mand=0.00001 ptv=0.0760 ptv_max=0.00008 global_ceil=0.00208 ring=0.00000 smooth=0.0143 laplacian=0.0398 beam=0.32370 homogeneity=0.0049 body=0.00000 bowel=0.00231 femur=0.00000
2026-05-25 13:31:22 [INFO] Step 10/54 Loss=19.9279 mse=0.3032 v_opt=0.00787 v_mand=0.00000 ptv=0.0867 ptv_max=0.00002 global_ceil=0.00339 ring=0.00000 smooth=0.0117 laplacian=0.0324 beam=0.50851 homogeneity=0.0035 body=0.00000 bowel=0.06175 femur=0.00000
2026-05-25 13:31:29 [INFO] Step 15/54 Loss=18.3476 mse=0.3287 v_opt=0.04566 v_mand=0.00364 ptv=0.0743 ptv_max=0.00005 global_ceil=0.01255 ring=0.00000 smooth=0.0142 laplacian=0.0394 beam=0.40504 homogeneity=0.0038 body=0.00000 bowel=0.01260 femur=0.00000
2026-05-25 13:31:35 [INFO] Step 20/54 Loss=18.6565 mse=0.2305 v_opt=0.03739 v_mand=0.00597 ptv=0.0950 ptv_max=0.00006 global_ceil=0.02048 ring=0.00000 smooth=0.0117 laplacian=0.0304 beam=0.51759 homogeneity=0.0069 body=0.00000 bowel=0.00000 femur=0.00000
2026-05-25 13:31:40 [INFO] Step 25/54 Loss=23.0256 mse=0.3734 v_opt=0.06056 v_mand=0.01650 ptv=0.0347 ptv_max=0.00056 global_ceil=0.01715 ring=0.00001 smooth=0.0116 laplacian=0.0348 beam=0.56196 homogeneity=0.0045 body=0.00000 bowel=0.00000 femur=0.00000
2026-05-25 13:31:46 [INFO] Step 30/54 Loss=23.4354 mse=0.3949 v_opt=0.05024 v_mand=0.00309 ptv=0.0653 ptv_max=0.00017 global_ceil=0.01116 ring=0.00001 smooth=0.0148 laplacian=0.0420 beam=0.54801 homogeneity=0.0046 body=0.00000 bowel=0.05940 femur=0.00085
2026-05-25 13:31:51 [INFO] Step 35/54 Loss=25.8218 mse=0.4125 v_opt=0.07918 v_mand=0.01749 ptv=0.0415 ptv_max=0.00011 global_ceil=0.01759 ring=0.00000 smooth=0.0236 laplacian=0.0647 beam=0.59089 homogeneity=0.0028 body=0.00000 bowel=0.00351 femur=0.11909
2026-05-25 13:31:57 [INFO] Step 40/54 Loss=14.5761 mse=0.3469 v_opt=0.00225 v_mand=0.00000 ptv=0.0933 ptv_max=0.00001 global_ceil=0.00048 ring=0.00000 smooth=0.0120 laplacian=0.0325 beam=0.23364 homogeneity=0.0044 body=0.00000 bowel=0.00225 femur=0.00417
2026-05-25 13:32:02 [INFO] Step 45/54 Loss=18.6124 mse=0.2026 v_opt=0.03996 v_mand=0.00936 ptv=0.1461 ptv_max=0.00001 global_ceil=0.00012 ring=0.00000 smooth=0.0114 laplacian=0.0296 beam=0.53278 homogeneity=0.0093 body=0.00000 bowel=0.04710 femur=0.00000
2026-05-25 13:32:09 [INFO] Step 50/54 Loss=20.7088 mse=0.2386 v_opt=0.11268 v_mand=0.05121 ptv=0.1392 ptv_max=0.00000 global_ceil=0.00542 ring=0.00000 smooth=0.0166 laplacian=0.0426 beam=0.51936 homogeneity=0.0084 body=0.00000 bowel=0.00031 femur=0.00000
2026-05-25 13:32:13 [INFO] Step 54/54 Loss=34.0939 mse=0.4255 v_opt=0.04404 v_mand=0.00898 ptv=0.0804 ptv_max=0.00069 global_ceil=0.13256 ring=0.00001 smooth=0.0213 laplacian=0.0640 beam=0.62765 homogeneity=0.0058 body=0.00000 bowel=0.27695 femur=0.00000
2026-05-25 13:32:13 [INFO] Running validation at epoch 62...
2026-05-25 13:32:41 [INFO] Epoch 62 Summary: Train=20.1922 Val=0.0287 (MSE=0.0287)
          Metrics: PTV_D95=49.88Gy Bladder=27.97Gy Rectum=24.76Gy
          Metrics: Ring=47.26Gy Dmax=119.56Gy BG=38.74Gy
2026-05-25 13:32:41 [INFO] Epoch 63/300 [RAMP 63/75 (84% of physics)] ramp=0.840 lr=8.99e-05
2026-05-25 13:32:49 [INFO] Step 5/54 Loss=26.5436 mse=0.4626 v_opt=0.01263 v_mand=0.00004 ptv=0.0733 ptv_max=0.00012 global_ceil=0.02360 ring=0.00000 smooth=0.0160 laplacian=0.0495 beam=0.62028 homogeneity=0.0051 body=0.00000 bowel=0.00000 femur=0.00017
2026-05-25 13:32:54 [INFO] Step 10/54 Loss=23.7646 mse=0.3607 v_opt=0.00308 v_mand=0.00000 ptv=0.0857 ptv_max=0.00001 global_ceil=0.02015 ring=0.00000 smooth=0.0212 laplacian=0.0611 beam=0.59036 homogeneity=0.0042 body=0.00000 bowel=0.03430 femur=0.00000
2026-05-25 13:33:00 [INFO] Step 15/54 Loss=16.6119 mse=0.3889 v_opt=0.02220 v_mand=0.00130 ptv=0.0752 ptv_max=0.00011 global_ceil=0.00292 ring=0.00000 smooth=0.0171 laplacian=0.0490 beam=0.26588 homogeneity=0.0056 body=0.00000 bowel=0.01037 femur=0.00006
2026-05-25 13:33:05 [INFO] Step 20/54 Loss=15.6170 mse=0.2093 v_opt=0.07669 v_mand=0.01576 ptv=0.1112 ptv_max=0.00003 global_ceil=0.00269 ring=0.00000 smooth=0.0148 laplacian=0.0390 beam=0.39247 homogeneity=0.0072 body=0.00000 bowel=0.00038 femur=0.00000
2026-05-25 13:33:11 [INFO] Step 25/54 Loss=21.0750 mse=0.3128 v_opt=0.07312 v_mand=0.01987 ptv=0.0513 ptv_max=0.00015 global_ceil=0.01106 ring=0.00000 smooth=0.0164 laplacian=0.0435 beam=0.52603 homogeneity=0.0033 body=0.00000 bowel=0.00646 femur=0.00049
2026-05-25 13:33:17 [INFO] Step 30/54 Loss=26.4594 mse=0.4783 v_opt=0.06157 v_mand=0.00876 ptv=0.0359 ptv_max=0.00012 global_ceil=0.00989 ring=0.00000 smooth=0.0155 laplacian=0.0466 beam=0.62166 homogeneity=0.0021 body=0.00000 bowel=0.00000 femur=0.00000
2026-05-25 13:33:22 [INFO] Step 35/54 Loss=17.4286 mse=0.2664 v_opt=0.02871 v_mand=0.00277 ptv=0.0695 ptv_max=0.00004 global_ceil=0.00107 ring=0.00000 smooth=0.0111 laplacian=0.0313 beam=0.46182 homogeneity=0.0035 body=0.00000 bowel=0.00320 femur=0.00390
2026-05-25 13:33:28 [INFO] Step 40/54 Loss=17.7326 mse=0.2483 v_opt=0.00818 v_mand=0.00000 ptv=0.0792 ptv_max=0.00002 global_ceil=0.00033 ring=0.00000 smooth=0.0123 laplacian=0.0332 beam=0.50249 homogeneity=0.0042 body=0.00000 bowel=0.00391 femur=0.00106
2026-05-25 13:33:33 [INFO] Step 45/54 Loss=17.9513 mse=0.3077 v_opt=0.01415 v_mand=0.00000 ptv=0.0552 ptv_max=0.00010 global_ceil=0.00198 ring=0.00000 smooth=0.0107 laplacian=0.0306 beam=0.45136 homogeneity=0.0036 body=0.00000 bowel=0.00000 femur=0.00000
2026-05-25 13:33:40 [INFO] Step 50/54 Loss=17.6169 mse=0.1993 v_opt=0.01475 v_mand=0.00034 ptv=0.1320 ptv_max=0.00000 global_ceil=0.00735 ring=0.00000 smooth=0.0131 laplacian=0.0345 beam=0.51687 homogeneity=0.0073 body=0.00000 bowel=0.00362 femur=0.00000
2026-05-25 13:33:44 [INFO] Step 54/54 Loss=21.6697 mse=0.2557 v_opt=0.01559 v_mand=0.00060 ptv=0.1769 ptv_max=0.00011 global_ceil=0.09059 ring=0.00000 smooth=0.0146 laplacian=0.0417 beam=0.43234 homogeneity=0.0185 body=0.00000 bowel=0.00000 femur=0.04074
2026-05-25 13:33:44 [INFO] Running validation at epoch 63...
2026-05-25 13:34:10 [INFO] Epoch 63 Summary: Train=20.5461 Val=0.0283 (MSE=0.0283)
          Metrics: PTV_D95=49.48Gy Bladder=28.25Gy Rectum=28.16Gy
          Metrics: Ring=47.73Gy Dmax=180.88Gy BG=38.54Gy
2026-05-25 13:34:10 [INFO] Epoch 64/300 [RAMP 64/75 (85% of physics)] ramp=0.853 lr=8.96e-05
2026-05-25 13:34:18 [INFO] Step 5/54 Loss=18.0884 mse=0.2077 v_opt=0.14696 v_mand=0.06192 ptv=0.0996 ptv_max=0.00000 global_ceil=0.00002 ring=0.00000 smooth=0.0081 laplacian=0.0233 beam=0.42008 homogeneity=0.0048 body=0.00000 bowel=0.00005 femur=0.00000
2026-05-25 13:34:22 [INFO] Step 10/54 Loss=16.6600 mse=0.2542 v_opt=0.06349 v_mand=0.01918 ptv=0.0784 ptv_max=0.00003 global_ceil=0.00148 ring=0.00000 smooth=0.0152 laplacian=0.0402 beam=0.39277 homogeneity=0.0041 body=0.00000 bowel=0.00069 femur=0.00000
2026-05-25 13:34:28 [INFO] Step 15/54 Loss=19.1077 mse=0.3790 v_opt=0.00065 v_mand=0.00000 ptv=0.1149 ptv_max=0.00003 global_ceil=0.00021 ring=0.00000 smooth=0.0124 laplacian=0.0379 beam=0.38835 homogeneity=0.0084 body=0.00000 bowel=0.00174 femur=0.00180
2026-05-25 13:34:33 [INFO] Step 20/54 Loss=18.2913 mse=0.2680 v_opt=0.00826 v_mand=0.00000 ptv=0.0798 ptv_max=0.00003 global_ceil=0.00077 ring=0.00000 smooth=0.0176 laplacian=0.0468 beam=0.48516 homogeneity=0.0041 body=0.00000 bowel=0.01702 femur=0.00075
2026-05-25 13:34:40 [INFO] Step 25/54 Loss=21.7206 mse=0.4183 v_opt=0.00160 v_mand=0.00000 ptv=0.0542 ptv_max=0.00011 global_ceil=0.01253 ring=0.00000 smooth=0.0123 laplacian=0.0359 beam=0.44709 homogeneity=0.0030 body=0.00000 bowel=0.03881 femur=0.00000
2026-05-25 13:34:44 [INFO] Step 30/54 Loss=22.3224 mse=0.3063 v_opt=0.15404 v_mand=0.05567 ptv=0.0570 ptv_max=0.00011 global_ceil=0.01288 ring=0.00000 smooth=0.0139 laplacian=0.0390 beam=0.49441 homogeneity=0.0030 body=0.00000 bowel=0.01550 femur=0.00000
2026-05-25 13:34:51 [INFO] Step 35/54 Loss=22.0346 mse=0.2542 v_opt=0.12643 v_mand=0.05485 ptv=0.1090 ptv_max=0.00021 global_ceil=0.01014 ring=0.00000 smooth=0.0118 laplacian=0.0319 beam=0.51855 homogeneity=0.0068 body=0.00000 bowel=0.03019 femur=0.00273
2026-05-25 13:34:56 [INFO] Step 40/54 Loss=23.5111 mse=0.3845 v_opt=0.04119 v_mand=0.00843 ptv=0.0242 ptv_max=0.00084 global_ceil=0.00492 ring=0.00000 smooth=0.0155 laplacian=0.0436 beam=0.59336 homogeneity=0.0051 body=0.00000 bowel=0.00000 femur=0.00000
2026-05-25 13:35:03 [INFO] Step 45/54 Loss=25.8191 mse=0.3418 v_opt=0.01510 v_mand=0.00042 ptv=0.1419 ptv_max=0.00002 global_ceil=0.08207 ring=0.00000 smooth=0.0155 laplacian=0.0416 beam=0.56985 homogeneity=0.0099 body=0.00000 bowel=0.00000 femur=0.00000
2026-05-25 13:35:07 [INFO] Step 50/54 Loss=17.7759 mse=0.1935 v_opt=0.02596 v_mand=0.00316 ptv=0.1191 ptv_max=0.00001 global_ceil=0.00711 ring=0.00000 smooth=0.0124 laplacian=0.0325 beam=0.51069 homogeneity=0.0069 body=0.00000 bowel=0.02167 femur=0.00000
2026-05-25 13:35:12 [INFO] Step 54/54 Loss=21.0768 mse=0.3474 v_opt=0.01883 v_mand=0.00068 ptv=0.0735 ptv_max=0.00002 global_ceil=0.00549 ring=0.00000 smooth=0.0122 laplacian=0.0354 beam=0.51960 homogeneity=0.0035 body=0.00000 bowel=0.01254 femur=0.00000
2026-05-25 13:35:12 [INFO] Running validation at epoch 64...
2026-05-25 13:35:39 [INFO] Epoch 64 Summary: Train=20.6661 Val=0.0288 (MSE=0.0288)
          Metrics: PTV_D95=53.65Gy Bladder=27.52Gy Rectum=26.20Gy
          Metrics: Ring=50.30Gy Dmax=97.19Gy BG=38.71Gy
2026-05-25 13:35:39 [INFO] Epoch 65/300 [RAMP 65/75 (87% of physics)] ramp=0.867 lr=8.93e-05
2026-05-25 13:35:46 [INFO] Step 5/54 Loss=19.6236 mse=0.2727 v_opt=0.05180 v_mand=0.01247 ptv=0.0623 ptv_max=0.00012 global_ceil=0.00198 ring=0.00000 smooth=0.0132 laplacian=0.0364 beam=0.51445 homogeneity=0.0044 body=0.00000 bowel=0.01086 femur=0.00000
2026-05-25 13:35:51 [INFO] Step 10/54 Loss=10.5372 mse=0.2260 v_opt=0.00991 v_mand=0.00000 ptv=0.0801 ptv_max=0.00003 global_ceil=0.00026 ring=0.00000 smooth=0.0104 laplacian=0.0286 beam=0.18250 homogeneity=0.0041 body=0.00000 bowel=0.00000 femur=0.00000
2026-05-25 13:35:57 [INFO] Step 15/54 Loss=14.1915 mse=0.1457 v_opt=0.01214 v_mand=0.00010 ptv=0.2075 ptv_max=0.00001 global_ceil=0.00203 ring=0.00000 smooth=0.0098 laplacian=0.0249 beam=0.37980 homogeneity=0.0168 body=0.00000 bowel=0.00000 femur=0.00000
2026-05-25 13:36:02 [INFO] Step 20/54 Loss=14.8594 mse=0.3432 v_opt=0.06844 v_mand=0.01709 ptv=0.0665 ptv_max=0.00001 global_ceil=0.00000 ring=0.00000 smooth=0.0092 laplacian=0.0253 beam=0.21632 homogeneity=0.0023 body=0.00000 bowel=0.00000 femur=0.00000
2026-05-25 13:36:08 [INFO] Step 25/54 Loss=11.8915 mse=0.2473 v_opt=0.00425 v_mand=0.00000 ptv=0.0875 ptv_max=0.00001 global_ceil=0.00021 ring=0.00000 smooth=0.0126 laplacian=0.0346 beam=0.21489 homogeneity=0.0040 body=0.00000 bowel=0.00353 femur=0.00000
2026-05-25 13:36:14 [INFO] Step 30/54 Loss=18.6465 mse=0.2504 v_opt=0.08158 v_mand=0.02789 ptv=0.0720 ptv_max=0.00003 global_ceil=0.00018 ring=0.00000 smooth=0.0103 laplacian=0.0291 beam=0.44577 homogeneity=0.0038 body=0.00000 bowel=0.04150 femur=0.00000
2026-05-25 13:36:19 [INFO] Step 35/54 Loss=14.7582 mse=0.3404 v_opt=0.04896 v_mand=0.00817 ptv=0.0586 ptv_max=0.00020 global_ceil=0.01218 ring=0.00000 smooth=0.0131 laplacian=0.0364 beam=0.18773 homogeneity=0.0046 body=0.00000 bowel=0.02742 femur=0.00846
2026-05-25 13:36:24 [INFO] Step 40/54 Loss=18.6135 mse=0.3478 v_opt=0.08161 v_mand=0.02317 ptv=0.0950 ptv_max=0.00003 global_ceil=0.00197 ring=0.00000 smooth=0.0174 laplacian=0.0477 beam=0.33875 homogeneity=0.0057 body=0.00000 bowel=0.01509 femur=0.00065
2026-05-25 13:36:30 [INFO] Step 45/54 Loss=16.4557 mse=0.1376 v_opt=0.00011 v_mand=0.00000 ptv=0.2477 ptv_max=0.00000 global_ceil=0.00000 ring=0.00000 smooth=0.0134 laplacian=0.0332 beam=0.47844 homogeneity=0.0199 body=0.00000 bowel=0.00000 femur=0.00010
2026-05-25 13:36:36 [INFO] Step 50/54 Loss=14.5884 mse=0.2000 v_opt=0.01328 v_mand=0.00000 ptv=0.1191 ptv_max=0.00001 global_ceil=0.00133 ring=0.00000 smooth=0.0131 laplacian=0.0340 beam=0.37772 homogeneity=0.0077 body=0.00000 bowel=0.00000 femur=0.00004
2026-05-25 13:36:40 [INFO] Step 54/54 Loss=7.9622 mse=0.2734 v_opt=0.01166 v_mand=0.00004 ptv=0.0886 ptv_max=0.00003 global_ceil=0.00105 ring=0.00000 smooth=0.0118 laplacian=0.0321 beam=0.00000 homogeneity=0.0060 body=0.00000 bowel=0.00259 femur=0.00000
2026-05-25 13:36:41 [INFO] Running validation at epoch 65...
2026-05-25 13:37:07 [INFO] Epoch 65 Summary: Train=18.5823 Val=0.0272 (MSE=0.0272)
          Metrics: PTV_D95=52.62Gy Bladder=27.62Gy Rectum=26.25Gy
          Metrics: Ring=49.22Gy Dmax=120.94Gy BG=37.81Gy
2026-05-25 13:37:07 [INFO] [DIAGNOSTIC] Saved fallback model MSE=0.0272
2026-05-25 13:37:07 [INFO] Epoch 66/300 [RAMP 66/75 (88% of physics)] ramp=0.880 lr=8.90e-05
2026-05-25 13:37:14 [INFO] Step 5/54 Loss=15.3342 mse=0.2935 v_opt=0.00782 v_mand=0.00000 ptv=0.0878 ptv_max=0.00008 global_ceil=0.00337 ring=0.00000 smooth=0.0120 laplacian=0.0318 beam=0.30821 homogeneity=0.0069 body=0.00000 bowel=0.00000 femur=0.00000
2026-05-25 13:37:19 [INFO] Step 10/54 Loss=17.8854 mse=0.1945 v_opt=0.05466 v_mand=0.01777 ptv=0.0977 ptv_max=0.00014 global_ceil=0.00082 ring=0.00000 smooth=0.0138 laplacian=0.0349 beam=0.49641 homogeneity=0.0082 body=0.00000 bowel=0.00000 femur=0.00000
2026-05-25 13:37:25 [INFO] Step 15/54 Loss=17.4605 mse=0.2010 v_opt=0.04788 v_mand=0.01289 ptv=0.0146 ptv_max=0.00134 global_ceil=0.00484 ring=0.00001 smooth=0.0079 laplacian=0.0221 beam=0.50178 homogeneity=0.0069 body=0.00000 bowel=0.00000 femur=0.00000
2026-05-25 13:37:30 [INFO] Step 20/54 Loss=26.7978 mse=0.4166 v_opt=0.00000 v_mand=0.00000 ptv=0.1198 ptv_max=0.00000 global_ceil=0.00398 ring=0.00000 smooth=0.0161 laplacian=0.0470 beam=0.60654 homogeneity=0.0062 body=0.00000 bowel=0.11205 femur=0.00000
2026-05-25 13:37:37 [INFO] Step 25/54 Loss=25.2375 mse=0.5342 v_opt=0.00306 v_mand=0.00000 ptv=0.0481 ptv_max=0.00018 global_ceil=0.00269 ring=0.00000 smooth=0.0136 laplacian=0.0369 beam=0.47721 homogeneity=0.0042 body=0.00000 bowel=0.03178 femur=0.01658
2026-05-25 13:37:41 [INFO] Step 30/54 Loss=20.9178 mse=0.2969 v_opt=0.09047 v_mand=0.03307 ptv=0.1456 ptv_max=0.00001 global_ceil=0.00396 ring=0.00000 smooth=0.0262 laplacian=0.0649 beam=0.44525 homogeneity=0.0123 body=0.00000 bowel=0.00790 femur=0.00000
2026-05-25 13:37:48 [INFO] Step 35/54 Loss=21.2110 mse=0.2908 v_opt=0.08296 v_mand=0.01796 ptv=0.0565 ptv_max=0.00062 global_ceil=0.02267 ring=0.00000 smooth=0.0149 laplacian=0.0413 beam=0.50379 homogeneity=0.0066 body=0.00000 bowel=0.00251 femur=0.00000
2026-05-25 13:37:53 [INFO] Step 40/54 Loss=22.9836 mse=0.4671 v_opt=0.09825 v_mand=0.03695 ptv=0.0230 ptv_max=0.00120 global_ceil=0.03897 ring=0.00006 smooth=0.0101 laplacian=0.0307 beam=0.32536 homogeneity=0.0067 body=0.00000 bowel=0.00000 femur=0.00140
2026-05-25 13:37:59 [INFO] Step 45/54 Loss=19.2504 mse=0.4255 v_opt=0.00036 v_mand=0.00000 ptv=0.0806 ptv_max=0.00004 global_ceil=0.00108 ring=0.00000 smooth=0.0146 laplacian=0.0414 beam=0.34251 homogeneity=0.0050 body=0.00000 bowel=0.00000 femur=0.00361
2026-05-25 13:38:04 [INFO] Step 50/54 Loss=26.7124 mse=0.4179 v_opt=0.01041 v_mand=0.00000 ptv=0.0427 ptv_max=0.00011 global_ceil=0.04562 ring=0.00000 smooth=0.0173 laplacian=0.0547 beam=0.61551 homogeneity=0.0029 body=0.00000 bowel=0.00000 femur=0.00000
2026-05-25 13:38:09 [INFO] Step 54/54 Loss=8.9044 mse=0.2534 v_opt=0.09052 v_mand=0.02159 ptv=0.1305 ptv_max=0.00000 global_ceil=0.00027 ring=0.00000 smooth=0.0133 laplacian=0.0360 beam=0.00000 homogeneity=0.0073 body=0.00000 bowel=0.00000 femur=0.00032
2026-05-25 13:38:09 [INFO] Running validation at epoch 66...
2026-05-25 13:38:35 [INFO] Epoch 66 Summary: Train=21.4662 Val=0.0299 (MSE=0.0299)
          Metrics: PTV_D95=52.27Gy Bladder=27.07Gy Rectum=26.45Gy
          Metrics: Ring=49.64Gy Dmax=86.13Gy BG=39.43Gy
2026-05-25 13:38:35 [INFO] Epoch 67/300 [RAMP 67/75 (89% of physics)] ramp=0.893 lr=8.86e-05
2026-05-25 13:38:42 [INFO] Step 5/54 Loss=11.9255 mse=0.1108 v_opt=0.01284 v_mand=0.00018 ptv=0.2427 ptv_max=0.00000 global_ceil=0.00000 ring=0.00000 smooth=0.0096 laplacian=0.0238 beam=0.28823 homogeneity=0.0227 body=0.00000 bowel=0.00000 femur=0.00000
2026-05-25 13:38:47 [INFO] Step 10/54 Loss=28.8046 mse=0.4768 v_opt=0.00913 v_mand=0.00029 ptv=0.0733 ptv_max=0.00016 global_ceil=0.02191 ring=0.00001 smooth=0.0243 laplacian=0.0754 beam=0.62128 homogeneity=0.0058 body=0.00000 bowel=0.05545 femur=0.01341
2026-05-25 13:38:54 [INFO] Step 15/54 Loss=14.8373 mse=0.1541 v_opt=0.04606 v_mand=0.01159 ptv=0.1330 ptv_max=0.00000 global_ceil=0.00000 ring=0.00000 smooth=0.0080 laplacian=0.0209 beam=0.39332 homogeneity=0.0080 body=0.00000 bowel=0.01241 femur=0.00000
2026-05-25 13:38:58 [INFO] Step 20/54 Loss=20.8678 mse=0.2944 v_opt=0.02707 v_mand=0.00342 ptv=0.0851 ptv_max=0.00006 global_ceil=0.00104 ring=0.00000 smooth=0.0133 laplacian=0.0351 beam=0.54394 homogeneity=0.0053 body=0.00000 bowel=0.00592 femur=0.00000
2026-05-25 13:39:05 [INFO] Step 25/54 Loss=5.3783 mse=0.1561 v_opt=0.00362 v_mand=0.00000 ptv=0.1201 ptv_max=0.00013 global_ceil=0.00170 ring=0.00000 smooth=0.0101 laplacian=0.0261 beam=0.00000 homogeneity=0.0098 body=0.00000 bowel=0.00000 femur=0.00000
2026-05-25 13:39:10 [INFO] Step 30/54 Loss=15.8491 mse=0.2161 v_opt=0.04429 v_mand=0.00660 ptv=0.0952 ptv_max=0.00004 global_ceil=0.00021 ring=0.00000 smooth=0.0114 laplacian=0.0303 beam=0.40033 homogeneity=0.0068 body=0.00000 bowel=0.00006 femur=0.00000
2026-05-25 13:39:16 [INFO] Step 35/54 Loss=14.9110 mse=0.2265 v_opt=0.05900 v_mand=0.01529 ptv=0.1014 ptv_max=0.00002 global_ceil=0.00321 ring=0.00000 smooth=0.0110 laplacian=0.0292 beam=0.29544 homogeneity=0.0067 body=0.00000 bowel=0.04109 femur=0.00000
2026-05-25 13:39:21 [INFO] Step 40/54 Loss=20.0884 mse=0.2308 v_opt=0.02761 v_mand=0.00286 ptv=0.1892 ptv_max=0.00003 global_ceil=0.01015 ring=0.00000 smooth=0.0103 laplacian=0.0264 beam=0.50883 homogeneity=0.0161 body=0.00000 bowel=0.01605 femur=0.00000
2026-05-25 13:39:27 [INFO] Step 45/54 Loss=23.5204 mse=0.3802 v_opt=0.00365 v_mand=0.00000 ptv=0.0329 ptv_max=0.00033 global_ceil=0.00070 ring=0.00000 smooth=0.0143 laplacian=0.0403 beam=0.59948 homogeneity=0.0033 body=0.00000 bowel=0.00000 femur=0.00000
2026-05-25 13:39:32 [INFO] Step 50/54 Loss=18.3444 mse=0.2452 v_opt=0.01135 v_mand=0.00000 ptv=0.0619 ptv_max=0.00013 global_ceil=0.00462 ring=0.00000 smooth=0.0113 laplacian=0.0311 beam=0.48348 homogeneity=0.0043 body=0.00000 bowel=0.02946 femur=0.00000
2026-05-25 13:39:37 [INFO] Step 54/54 Loss=14.2866 mse=0.3138 v_opt=0.02405 v_mand=0.00193 ptv=0.0996 ptv_max=0.00003 global_ceil=0.00324 ring=0.00000 smooth=0.0098 laplacian=0.0277 beam=0.22078 homogeneity=0.0054 body=0.00000 bowel=0.00843 femur=0.00014
2026-05-25 13:39:37 [INFO] Running validation at epoch 67...
2026-05-25 13:40:04 [INFO] Epoch 67 Summary: Train=19.8878 Val=0.0270 (MSE=0.0270)
          Metrics: PTV_D95=50.34Gy Bladder=27.52Gy Rectum=26.77Gy
          Metrics: Ring=47.66Gy Dmax=120.16Gy BG=37.73Gy
2026-05-25 13:40:04 [INFO] [DIAGNOSTIC] Saved fallback model MSE=0.0270
2026-05-25 13:40:04 [INFO] Epoch 68/300 [RAMP 68/75 (91% of physics)] ramp=0.907 lr=8.83e-05
2026-05-25 13:40:11 [INFO] Step 5/54 Loss=15.6908 mse=0.3171 v_opt=0.00708 v_mand=0.00000 ptv=0.0853 ptv_max=0.00001 global_ceil=0.00115 ring=0.00000 smooth=0.0124 laplacian=0.0335 beam=0.29540 homogeneity=0.0035 body=0.00000 bowel=0.00000 femur=0.00000
2026-05-25 13:40:16 [INFO] Step 10/54 Loss=17.3362 mse=0.3628 v_opt=0.03081 v_mand=0.00386 ptv=0.0822 ptv_max=0.00001 global_ceil=0.00034 ring=0.00000 smooth=0.0137 laplacian=0.0363 beam=0.30800 homogeneity=0.0042 body=0.00000 bowel=0.00275 femur=0.00004
2026-05-25 13:40:23 [INFO] Step 15/54 Loss=13.8763 mse=0.1242 v_opt=0.00000 v_mand=0.00000 ptv=0.0000 ptv_max=0.00000 global_ceil=0.00250 ring=0.00000 smooth=0.0096 laplacian=0.0257 beam=0.46465 homogeneity=0.0000 body=0.00000 bowel=0.00000 femur=0.00000
2026-05-25 13:40:27 [INFO] Step 20/54 Loss=22.3583 mse=0.3828 v_opt=0.01908 v_mand=0.00038 ptv=0.0500 ptv_max=0.00023 global_ceil=0.00421 ring=0.00000 smooth=0.0138 laplacian=0.0372 beam=0.51664 homogeneity=0.0053 body=0.00000 bowel=0.00530 femur=0.00000
2026-05-25 13:40:33 [INFO] Step 25/54 Loss=17.9440 mse=0.1794 v_opt=0.09072 v_mand=0.02593 ptv=0.1260 ptv_max=0.00000 global_ceil=0.00016 ring=0.00000 smooth=0.0104 laplacian=0.0271 beam=0.47264 homogeneity=0.0068 body=0.00000 bowel=0.00000 femur=0.00000
2026-05-25 13:40:39 [INFO] Step 30/54 Loss=16.1844 mse=0.3509 v_opt=0.00894 v_mand=0.00000 ptv=0.0836 ptv_max=0.00001 global_ceil=0.00033 ring=0.00000 smooth=0.0162 laplacian=0.0430 beam=0.27385 homogeneity=0.0036 body=0.00000 bowel=0.00849 femur=0.00284
2026-05-25 13:40:45 [INFO] Step 35/54 Loss=18.4506 mse=0.2248 v_opt=0.11649 v_mand=0.04890 ptv=0.0723 ptv_max=0.00005 global_ceil=0.00035 ring=0.00000 smooth=0.0120 laplacian=0.0312 beam=0.41285 homogeneity=0.0042 body=0.00000 bowel=0.01015 femur=0.00001
2026-05-25 13:40:50 [INFO] Step 40/54 Loss=28.9043 mse=0.4987 v_opt=0.05295 v_mand=0.01196 ptv=0.0115 ptv_max=0.00202 global_ceil=0.01262 ring=0.00003 smooth=0.0146 laplacian=0.0440 beam=0.63883 homogeneity=0.0086 body=0.00000 bowel=0.00000 femur=0.00000
2026-05-25 13:40:55 [INFO] Step 45/54 Loss=16.1498 mse=0.3226 v_opt=0.03319 v_mand=0.00142 ptv=0.0918 ptv_max=0.00007 global_ceil=0.00447 ring=0.00000 smooth=0.0128 laplacian=0.0346 beam=0.28533 homogeneity=0.0060 body=0.00000 bowel=0.01263 femur=0.00000
2026-05-25 13:41:02 [INFO] Step 50/54 Loss=24.1010 mse=0.3468 v_opt=0.04661 v_mand=0.01103 ptv=0.0463 ptv_max=0.00038 global_ceil=0.02188 ring=0.00004 smooth=0.0093 laplacian=0.0279 beam=0.49742 homogeneity=0.0049 body=0.00000 bowel=0.07781 femur=0.09113
2026-05-25 13:41:06 [INFO] Step 54/54 Loss=15.8612 mse=0.2385 v_opt=0.01524 v_mand=0.00018 ptv=0.0910 ptv_max=0.00002 global_ceil=0.00231 ring=0.00000 smooth=0.0115 laplacian=0.0297 beam=0.38039 homogeneity=0.0051 body=0.00000 bowel=0.00481 femur=0.00077
2026-05-25 13:41:06 [INFO] Running validation at epoch 68...
2026-05-25 13:41:32 [INFO] Epoch 68 Summary: Train=19.5193 Val=0.0285 (MSE=0.0285)
          Metrics: PTV_D95=50.78Gy Bladder=25.81Gy Rectum=27.11Gy
          Metrics: Ring=47.48Gy Dmax=112.01Gy BG=38.48Gy
2026-05-25 13:41:32 [INFO] Epoch 69/300 [RAMP 69/75 (92% of physics)] ramp=0.920 lr=8.80e-05
2026-05-25 13:41:40 [INFO] Step 5/54 Loss=11.2586 mse=0.1026 v_opt=0.03423 v_mand=0.00612 ptv=0.1141 ptv_max=0.00000 global_ceil=0.00002 ring=0.00000 smooth=0.0071 laplacian=0.0187 beam=0.30580 homogeneity=0.0055 body=0.00000 bowel=0.00529 femur=0.00000
2026-05-25 13:41:45 [INFO] Step 10/54 Loss=20.9056 mse=0.3048 v_opt=0.09238 v_mand=0.01781 ptv=0.0414 ptv_max=0.00049 global_ceil=0.02808 ring=0.00001 smooth=0.0088 laplacian=0.0234 beam=0.44903 homogeneity=0.0061 body=0.00000 bowel=0.00000 femur=0.00000
2026-05-25 13:41:52 [INFO] Step 15/54 Loss=23.4830 mse=0.3157 v_opt=0.05733 v_mand=0.00384 ptv=0.0211 ptv_max=0.00098 global_ceil=0.01463 ring=0.00001 smooth=0.0148 laplacian=0.0419 beam=0.60880 homogeneity=0.0052 body=0.00000 bowel=0.00000 femur=0.00000
2026-05-25 13:41:56 [INFO] Step 20/54 Loss=15.2162 mse=0.1696 v_opt=0.00394 v_mand=0.00001 ptv=0.0963 ptv_max=0.00011 global_ceil=0.00048 ring=0.00000 smooth=0.0099 laplacian=0.0259 beam=0.42517 homogeneity=0.0075 body=0.00000 bowel=0.00000 femur=0.00000
2026-05-25 13:42:03 [INFO] Step 25/54 Loss=19.4437 mse=0.3803 v_opt=0.01513 v_mand=0.00001 ptv=0.0680 ptv_max=0.00009 global_ceil=0.00231 ring=0.00000 smooth=0.0207 laplacian=0.0545 beam=0.35021 homogeneity=0.0045 body=0.00000 bowel=0.05487 femur=0.00000
2026-05-25 13:42:08 [INFO] Step 30/54 Loss=20.5976 mse=0.3083 v_opt=0.05548 v_mand=0.01414 ptv=0.0646 ptv_max=0.00007 global_ceil=0.00084 ring=0.00000 smooth=0.0122 laplacian=0.0331 beam=0.48204 homogeneity=0.0039 body=0.00000 bowel=0.01240 femur=0.00000
2026-05-25 13:42:14 [INFO] Step 35/54 Loss=13.6233 mse=0.1985 v_opt=0.07640 v_mand=0.01721 ptv=0.1301 ptv_max=0.00000 global_ceil=0.00000 ring=0.00000 smooth=0.0105 laplacian=0.0278 beam=0.27126 homogeneity=0.0084 body=0.00000 bowel=0.00000 femur=0.00000
2026-05-25 13:42:19 [INFO] Step 40/54 Loss=23.6079 mse=0.3509 v_opt=0.01459 v_mand=0.00029 ptv=0.0776 ptv_max=0.00006 global_ceil=0.00107 ring=0.00000 smooth=0.0096 laplacian=0.0265 beam=0.58147 homogeneity=0.0049 body=0.00000 bowel=0.03101 femur=0.00000
2026-05-25 13:42:25 [INFO] Step 45/54 Loss=18.8224 mse=0.2497 v_opt=0.16625 v_mand=0.05121 ptv=0.1036 ptv_max=0.00005 global_ceil=0.00901 ring=0.00000 smooth=0.0143 laplacian=0.0363 beam=0.34021 homogeneity=0.0106 body=0.00000 bowel=0.02489 femur=0.00000
2026-05-25 13:42:30 [INFO] Step 50/54 Loss=26.3504 mse=0.4183 v_opt=0.00954 v_mand=0.00000 ptv=0.0451 ptv_max=0.00005 global_ceil=0.04210 ring=0.00000 smooth=0.0142 laplacian=0.0395 beam=0.57788 homogeneity=0.0017 body=0.00000 bowel=0.00000 femur=0.00000
2026-05-25 13:42:34 [INFO] Step 54/54 Loss=19.8711 mse=0.4542 v_opt=0.03011 v_mand=0.00375 ptv=0.0532 ptv_max=0.00017 global_ceil=0.01580 ring=0.00001 smooth=0.0126 laplacian=0.0366 beam=0.24070 homogeneity=0.0039 body=0.00000 bowel=0.08873 femur=0.00383
2026-05-25 13:42:35 [INFO] Running validation at epoch 69...
2026-05-25 13:43:01 [INFO] Epoch 69 Summary: Train=20.1412 Val=0.0272 (MSE=0.0272)
          Metrics: PTV_D95=52.88Gy Bladder=26.45Gy Rectum=25.37Gy
          Metrics: Ring=49.67Gy Dmax=104.69Gy BG=37.79Gy
2026-05-25 13:43:01 [INFO] Epoch 70/300 [RAMP 70/75 (93% of physics)] ramp=0.933 lr=8.76e-05
2026-05-25 13:43:08 [INFO] Step 5/54 Loss=17.7361 mse=0.3526 v_opt=0.00943 v_mand=0.00000 ptv=0.0676 ptv_max=0.00009 global_ceil=0.00118 ring=0.00000 smooth=0.0149 laplacian=0.0385 beam=0.33786 homogeneity=0.0053 body=0.00000 bowel=0.00158 femur=0.00089
2026-05-25 13:43:13 [INFO] Step 10/54 Loss=13.3458 mse=0.2708 v_opt=0.01543 v_mand=0.00057 ptv=0.0702 ptv_max=0.00025 global_ceil=0.00448 ring=0.00000 smooth=0.0120 laplacian=0.0322 beam=0.22515 homogeneity=0.0065 body=0.00000 bowel=0.00614 femur=0.00000
2026-05-25 13:43:20 [INFO] Step 15/54 Loss=15.5854 mse=0.2601 v_opt=0.00034 v_mand=0.00000 ptv=0.1005 ptv_max=0.00000 global_ceil=0.00223 ring=0.00000 smooth=0.0112 laplacian=0.0293 beam=0.32039 homogeneity=0.0042 body=0.00000 bowel=0.02410 femur=0.00000
2026-05-25 13:43:24 [INFO] Step 20/54 Loss=27.5430 mse=0.4172 v_opt=0.03397 v_mand=0.00453 ptv=0.0548 ptv_max=0.00028 global_ceil=0.04389 ring=0.00000 smooth=0.0227 laplacian=0.0577 beam=0.57019 homogeneity=0.0040 body=0.00000 bowel=0.03626 femur=0.00659
2026-05-25 13:43:31 [INFO] Step 25/54 Loss=22.0339 mse=0.3944 v_opt=0.00000 v_mand=0.00000 ptv=0.0877 ptv_max=0.00004 global_ceil=0.00498 ring=0.00000 smooth=0.0161 laplacian=0.0425 beam=0.44324 homogeneity=0.0049 body=0.00000 bowel=0.03358 femur=0.00000
2026-05-25 13:43:35 [INFO] Step 30/54 Loss=15.6508 mse=0.2976 v_opt=0.01136 v_mand=0.00000 ptv=0.1156 ptv_max=0.00004 global_ceil=0.00040 ring=0.00000 smooth=0.0148 laplacian=0.0390 beam=0.28487 homogeneity=0.0080 body=0.00000 bowel=0.00260 femur=0.00636
2026-05-25 13:43:42 [INFO] Step 35/54 Loss=14.0384 mse=0.2380 v_opt=0.01612 v_mand=0.00000 ptv=0.0838 ptv_max=0.00001 global_ceil=0.00021 ring=0.00000 smooth=0.0121 laplacian=0.0325 beam=0.30109 homogeneity=0.0040 body=0.00000 bowel=0.00000 femur=0.00000
2026-05-25 13:43:46 [INFO] Step 40/54 Loss=17.9669 mse=0.1622 v_opt=0.10008 v_mand=0.02632 ptv=0.1086 ptv_max=0.00000 global_ceil=0.00030 ring=0.00000 smooth=0.0082 laplacian=0.0209 beam=0.48099 homogeneity=0.0057 body=0.00000 bowel=0.00249 femur=0.00000
2026-05-25 13:43:54 [INFO] Step 45/54 Loss=18.6230 mse=0.2552 v_opt=0.03516 v_mand=0.00587 ptv=0.0813 ptv_max=0.00004 global_ceil=0.00011 ring=0.00000 smooth=0.0093 laplacian=0.0244 beam=0.46793 homogeneity=0.0048 body=0.00000 bowel=0.00000 femur=0.00055
2026-05-25 13:43:58 [INFO] Step 50/54 Loss=26.1189 mse=0.4404 v_opt=0.04334 v_mand=0.00962 ptv=0.0567 ptv_max=0.00010 global_ceil=0.02215 ring=0.00000 smooth=0.0153 laplacian=0.0416 beam=0.51731 homogeneity=0.0032 body=0.00000 bowel=0.04725 femur=0.00018
2026-05-25 13:44:03 [INFO] Step 54/54 Loss=18.0096 mse=0.2177 v_opt=0.01918 v_mand=0.00242 ptv=0.0719 ptv_max=0.00064 global_ceil=0.02474 ring=0.00000 smooth=0.0106 laplacian=0.0277 beam=0.43700 homogeneity=0.0086 body=0.00000 bowel=0.00060 femur=0.00000
2026-05-25 13:44:03 [INFO] Running validation at epoch 70...
2026-05-25 13:44:29 [INFO] Epoch 70 Summary: Train=19.2996 Val=0.0274 (MSE=0.0274)
          Metrics: PTV_D95=53.19Gy Bladder=26.37Gy Rectum=26.09Gy
          Metrics: Ring=49.47Gy Dmax=101.90Gy BG=37.77Gy
2026-05-25 13:44:29 [INFO] Epoch 71/300 [RAMP 71/75 (95% of physics)] ramp=0.947 lr=8.73e-05
2026-05-25 13:44:36 [INFO] Step 5/54 Loss=16.7278 mse=0.4388 v_opt=0.02683 v_mand=0.00211 ptv=0.0479 ptv_max=0.00018 global_ceil=0.00427 ring=0.00000 smooth=0.0175 laplacian=0.0461 beam=0.18628 homogeneity=0.0035 body=0.00000 bowel=0.01201 femur=0.00457
2026-05-25 13:44:40 [INFO] Step 10/54 Loss=18.5033 mse=0.3150 v_opt=0.03596 v_mand=0.00272 ptv=0.0827 ptv_max=0.00004 global_ceil=0.00139 ring=0.00000 smooth=0.0133 laplacian=0.0351 beam=0.38551 homogeneity=0.0073 body=0.00000 bowel=0.00963 femur=0.00000
2026-05-25 13:44:47 [INFO] Step 15/54 Loss=12.3160 mse=0.2840 v_opt=0.03652 v_mand=0.00322 ptv=0.0764 ptv_max=0.00012 global_ceil=0.01518 ring=0.00000 smooth=0.0155 laplacian=0.0393 beam=0.13674 homogeneity=0.0049 body=0.00000 bowel=0.00049 femur=0.00000
2026-05-25 13:44:53 [INFO] Step 20/54 Loss=13.4389 mse=0.2107 v_opt=0.02768 v_mand=0.00146 ptv=0.0948 ptv_max=0.00001 global_ceil=0.00018 ring=0.00000 smooth=0.0075 laplacian=0.0200 beam=0.28933 homogeneity=0.0046 body=0.00000 bowel=0.00742 femur=0.00000
2026-05-25 13:44:59 [INFO] Step 25/54 Loss=12.8999 mse=0.2157 v_opt=0.00323 v_mand=0.00000 ptv=0.1245 ptv_max=0.00000 global_ceil=0.00014 ring=0.00000 smooth=0.0112 laplacian=0.0288 beam=0.25496 homogeneity=0.0071 body=0.00000 bowel=0.00000 femur=0.00000
2026-05-25 13:45:04 [INFO] Step 30/54 Loss=18.7755 mse=0.1929 v_opt=0.03569 v_mand=0.00791 ptv=0.1265 ptv_max=0.00000 global_ceil=0.00059 ring=0.00000 smooth=0.0123 laplacian=0.0313 beam=0.50379 homogeneity=0.0072 body=0.00000 bowel=0.00459 femur=0.00000
2026-05-25 13:45:10 [INFO] Step 35/54 Loss=20.2624 mse=0.2653 v_opt=0.03408 v_mand=0.00175 ptv=0.1320 ptv_max=0.00003 global_ceil=0.00777 ring=0.00001 smooth=0.0131 laplacian=0.0339 beam=0.47848 homogeneity=0.0129 body=0.00000 bowel=0.00839 femur=0.00007
2026-05-25 13:45:15 [INFO] Step 40/54 Loss=18.7104 mse=0.3673 v_opt=0.03697 v_mand=0.00278 ptv=0.0640 ptv_max=0.00024 global_ceil=0.01077 ring=0.00001 smooth=0.0119 laplacian=0.0314 beam=0.32407 homogeneity=0.0059 body=0.00000 bowel=0.00332 femur=0.01982
2026-05-25 13:45:22 [INFO] Step 45/54 Loss=12.7450 mse=0.3000 v_opt=0.03684 v_mand=0.00624 ptv=0.0479 ptv_max=0.00040 global_ceil=0.00510 ring=0.00001 smooth=0.0075 laplacian=0.0213 beam=0.15396 homogeneity=0.0054 body=0.00000 bowel=0.01934 femur=0.00000
2026-05-25 13:45:27 [INFO] Step 50/54 Loss=14.4658 mse=0.1859 v_opt=0.03821 v_mand=0.00634 ptv=0.1139 ptv_max=0.00000 global_ceil=0.00012 ring=0.00000 smooth=0.0096 laplacian=0.0243 beam=0.34150 homogeneity=0.0068 body=0.00000 bowel=0.00186 femur=0.00000
2026-05-25 13:45:31 [INFO] Step 54/54 Loss=21.4925 mse=0.2362 v_opt=0.00613 v_mand=0.00000 ptv=0.1178 ptv_max=0.00000 global_ceil=0.00858 ring=0.00000 smooth=0.0085 laplacian=0.0227 beam=0.53428 homogeneity=0.0063 body=0.00000 bowel=0.08124 femur=0.00224
2026-05-25 13:45:31 [INFO] Running validation at epoch 71...
2026-05-25 13:45:58 [INFO] Epoch 71 Summary: Train=20.1610 Val=0.0263 (MSE=0.0263)
          Metrics: PTV_D95=51.27Gy Bladder=25.46Gy Rectum=30.97Gy
          Metrics: Ring=48.20Gy Dmax=126.81Gy BG=37.27Gy
2026-05-25 13:45:58 [INFO] [DIAGNOSTIC] Saved fallback model MSE=0.0263
2026-05-25 13:45:58 [INFO] Epoch 72/300 [RAMP 72/75 (96% of physics)] ramp=0.960 lr=8.69e-05
2026-05-25 13:46:05 [INFO] Step 5/54 Loss=25.0253 mse=0.2746 v_opt=0.14300 v_mand=0.05354 ptv=0.1088 ptv_max=0.00003 global_ceil=0.01590 ring=0.00000 smooth=0.0152 laplacian=0.0426 beam=0.54517 homogeneity=0.0055 body=0.00000 bowel=0.00662 femur=0.00000
2026-05-25 13:46:10 [INFO] Step 10/54 Loss=26.8845 mse=0.4669 v_opt=0.00500 v_mand=0.00000 ptv=0.0531 ptv_max=0.00011 global_ceil=0.00215 ring=0.00000 smooth=0.0099 laplacian=0.0280 beam=0.58544 homogeneity=0.0042 body=0.00000 bowel=0.01574 femur=0.00734
2026-05-25 13:46:16 [INFO] Step 15/54 Loss=12.4831 mse=0.0983 v_opt=0.00516 v_mand=0.00000 ptv=0.2737 ptv_max=0.00002 global_ceil=0.00307 ring=0.00000 smooth=0.0131 laplacian=0.0305 beam=0.26603 homogeneity=0.0361 body=0.00000 bowel=0.00000 femur=0.00000
2026-05-25 13:46:21 [INFO] Step 20/54 Loss=23.4375 mse=0.3376 v_opt=0.04174 v_mand=0.01083 ptv=0.0426 ptv_max=0.00067 global_ceil=0.01117 ring=0.00000 smooth=0.0115 laplacian=0.0325 beam=0.54469 homogeneity=0.0061 body=0.00000 bowel=0.00000 femur=0.00000
2026-05-25 13:46:28 [INFO] Step 25/54 Loss=19.8164 mse=0.4516 v_opt=0.01988 v_mand=0.00168 ptv=0.0386 ptv_max=0.00030 global_ceil=0.00668 ring=0.00001 smooth=0.0093 laplacian=0.0271 beam=0.28651 homogeneity=0.0041 body=0.00000 bowel=0.02355 femur=0.02487
2026-05-25 13:46:33 [INFO] Step 30/54 Loss=22.1777 mse=0.3292 v_opt=0.07987 v_mand=0.03101 ptv=0.0527 ptv_max=0.00003 global_ceil=0.00455 ring=0.00000 smooth=0.0086 laplacian=0.0237 beam=0.47448 homogeneity=0.0023 body=0.00000 bowel=0.00174 femur=0.00000
2026-05-25 13:46:39 [INFO] Step 35/54 Loss=20.5811 mse=0.3678 v_opt=0.00757 v_mand=0.00034 ptv=0.0368 ptv_max=0.00013 global_ceil=0.00425 ring=0.00000 smooth=0.0117 laplacian=0.0301 beam=0.44046 homogeneity=0.0028 body=0.00000 bowel=0.00000 femur=0.00000
2026-05-25 13:46:44 [INFO] Step 40/54 Loss=19.4129 mse=0.2770 v_opt=0.00534 v_mand=0.00000 ptv=0.0597 ptv_max=0.00010 global_ceil=0.00307 ring=0.00000 smooth=0.0109 laplacian=0.0285 beam=0.47646 homogeneity=0.0034 body=0.00000 bowel=0.00454 femur=0.00312
2026-05-25 13:46:50 [INFO] Step 45/54 Loss=21.9531 mse=0.2870 v_opt=0.05345 v_mand=0.01056 ptv=0.0633 ptv_max=0.00008 global_ceil=0.02984 ring=0.00000 smooth=0.0117 laplacian=0.0305 beam=0.48854 homogeneity=0.0041 body=0.00000 bowel=0.00999 femur=0.00118
2026-05-25 13:46:55 [INFO] Step 50/54 Loss=27.8852 mse=0.4270 v_opt=0.06846 v_mand=0.01257 ptv=0.0282 ptv_max=0.00038 global_ceil=0.03777 ring=0.00000 smooth=0.0145 laplacian=0.0401 beam=0.58604 homogeneity=0.0034 body=0.00000 bowel=0.00000 femur=0.00000
2026-05-25 13:47:00 [INFO] Step 54/54 Loss=12.9523 mse=0.2262 v_opt=0.04458 v_mand=0.00733 ptv=0.0967 ptv_max=0.00000 global_ceil=0.00003 ring=0.00000 smooth=0.0107 laplacian=0.0285 beam=0.23813 homogeneity=0.0035 body=0.00000 bowel=0.00000 femur=0.00000
2026-05-25 13:47:00 [INFO] Running validation at epoch 72...
2026-05-25 13:47:27 [INFO] Epoch 72 Summary: Train=19.6023 Val=0.0270 (MSE=0.0270)
          Metrics: PTV_D95=52.78Gy Bladder=26.37Gy Rectum=30.87Gy
          Metrics: Ring=49.62Gy Dmax=113.44Gy BG=37.49Gy
2026-05-25 13:47:27 [INFO] Epoch 73/300 [RAMP 73/75 (97% of physics)] ramp=0.973 lr=8.66e-05
2026-05-25 13:47:34 [INFO] Step 5/54 Loss=17.6482 mse=0.1949 v_opt=0.00000 v_mand=0.00000 ptv=0.0684 ptv_max=0.00002 global_ceil=0.00146 ring=0.00000 smooth=0.0117 laplacian=0.0315 beam=0.48494 homogeneity=0.0033 body=0.00000 bowel=0.00031 femur=0.00000
2026-05-25 13:47:38 [INFO] Step 10/54 Loss=19.9269 mse=0.3658 v_opt=0.00142 v_mand=0.00000 ptv=0.0935 ptv_max=0.00001 global_ceil=0.00186 ring=0.00000 smooth=0.0121 laplacian=0.0322 beam=0.38789 homogeneity=0.0044 body=0.00000 bowel=0.00486 femur=0.00139
2026-05-25 13:47:45 [INFO] Step 15/54 Loss=17.9173 mse=0.3874 v_opt=0.00010 v_mand=0.00000 ptv=0.0588 ptv_max=0.00004 global_ceil=0.00115 ring=0.00000 smooth=0.0125 laplacian=0.0343 beam=0.28542 homogeneity=0.0028 body=0.00000 bowel=0.02837 femur=0.00054
2026-05-25 13:47:50 [INFO] Step 20/54 Loss=18.3999 mse=0.2092 v_opt=0.00655 v_mand=0.00000 ptv=0.1004 ptv_max=0.00003 global_ceil=0.00113 ring=0.00000 smooth=0.0140 laplacian=0.0348 beam=0.48537 homogeneity=0.0066 body=0.00000 bowel=0.00000 femur=0.00000
2026-05-25 13:47:57 [INFO] Step 25/54 Loss=18.2933 mse=0.2762 v_opt=0.00769 v_mand=0.00001 ptv=0.0523 ptv_max=0.00024 global_ceil=0.02509 ring=0.00006 smooth=0.0126 laplacian=0.0331 beam=0.37701 homogeneity=0.0051 body=0.00000 bowel=0.01090 femur=0.00000
2026-05-25 13:48:02 [INFO] Step 30/54 Loss=24.8937 mse=0.3325 v_opt=0.13472 v_mand=0.05208 ptv=0.0516 ptv_max=0.00009 global_ceil=0.00311 ring=0.00000 smooth=0.0105 laplacian=0.0279 beam=0.48036 homogeneity=0.0037 body=0.00000 bowel=0.07658 femur=0.00948
2026-05-25 13:48:09 [INFO] Step 35/54 Loss=14.2961 mse=0.1658 v_opt=0.01780 v_mand=0.00011 ptv=0.1241 ptv_max=0.00000 global_ceil=0.00015 ring=0.00000 smooth=0.0075 laplacian=0.0193 beam=0.35524 homogeneity=0.0077 body=0.00000 bowel=0.00000 femur=0.00000
2026-05-25 13:48:14 [INFO] Step 40/54 Loss=17.6966 mse=0.2242 v_opt=0.01881 v_mand=0.00068 ptv=0.0716 ptv_max=0.00027 global_ceil=0.00419 ring=0.00000 smooth=0.0100 laplacian=0.0255 beam=0.44369 homogeneity=0.0077 body=0.00000 bowel=0.00000 femur=0.00000
2026-05-25 13:48:20 [INFO] Step 45/54 Loss=11.9093 mse=0.1654 v_opt=0.05339 v_mand=0.00714 ptv=0.0843 ptv_max=0.00006 global_ceil=0.00014 ring=0.00000 smooth=0.0096 laplacian=0.0241 beam=0.25719 homogeneity=0.0053 body=0.00000 bowel=0.00000 femur=0.00000
2026-05-25 13:48:25 [INFO] Step 50/54 Loss=14.4655 mse=0.1320 v_opt=0.03640 v_mand=0.00520 ptv=0.1233 ptv_max=0.00007 global_ceil=0.00119 ring=0.00000 smooth=0.0100 laplacian=0.0244 beam=0.37992 homogeneity=0.0102 body=0.00000 bowel=0.00000 femur=0.00000
2026-05-25 13:48:29 [INFO] Step 54/54 Loss=27.0467 mse=0.4563 v_opt=0.08989 v_mand=0.03192 ptv=0.0659 ptv_max=0.00004 global_ceil=0.00308 ring=0.00001 smooth=0.0111 laplacian=0.0306 beam=0.52457 homogeneity=0.0031 body=0.00000 bowel=0.00627 femur=0.00366
2026-05-25 13:48:29 [INFO] Running validation at epoch 73...
2026-05-25 13:48:56 [INFO] Epoch 73 Summary: Train=19.5072 Val=0.0265 (MSE=0.0265)
          Metrics: PTV_D95=52.51Gy Bladder=27.59Gy Rectum=28.57Gy
          Metrics: Ring=49.58Gy Dmax=101.76Gy BG=37.37Gy
2026-05-25 13:48:56 [INFO] Epoch 74/300 [RAMP 74/75 (99% of physics)] ramp=0.987 lr=8.62e-05
2026-05-25 13:49:03 [INFO] Step 5/54 Loss=14.2250 mse=0.2672 v_opt=0.01008 v_mand=0.00000 ptv=0.0922 ptv_max=0.00001 global_ceil=0.01128 ring=0.00000 smooth=0.0209 laplacian=0.0517 beam=0.23064 homogeneity=0.0046 body=0.00000 bowel=0.00000 femur=0.00000
2026-05-25 13:49:07 [INFO] Step 10/54 Loss=17.1479 mse=0.1753 v_opt=0.00000 v_mand=0.00000 ptv=0.0000 ptv_max=0.00000 global_ceil=0.00082 ring=0.00000 smooth=0.0138 laplacian=0.0361 beam=0.50810 homogeneity=0.0000 body=0.00000 bowel=0.00000 femur=0.00000
2026-05-25 13:49:14 [INFO] Step 15/54 Loss=21.0395 mse=0.3577 v_opt=0.05202 v_mand=0.01065 ptv=0.0899 ptv_max=0.00005 global_ceil=0.00046 ring=0.00000 smooth=0.0101 laplacian=0.0283 beam=0.40022 homogeneity=0.0051 body=0.00000 bowel=0.02586 femur=0.00479
2026-05-25 13:49:19 [INFO] Step 20/54 Loss=20.3266 mse=0.2880 v_opt=0.03792 v_mand=0.00317 ptv=0.0543 ptv_max=0.00001 global_ceil=0.00746 ring=0.00000 smooth=0.0107 laplacian=0.0277 beam=0.44566 homogeneity=0.0016 body=0.00000 bowel=0.00816 femur=0.07046
2026-05-25 13:49:26 [INFO] Step 25/54 Loss=19.3799 mse=0.2801 v_opt=0.01954 v_mand=0.00152 ptv=0.1378 ptv_max=0.00018 global_ceil=0.06542 ring=0.00015 smooth=0.0136 laplacian=0.0331 beam=0.28971 homogeneity=0.0164 body=0.00000 bowel=0.00000 femur=0.00000
2026-05-25 13:49:31 [INFO] Step 30/54 Loss=21.5983 mse=0.2891 v_opt=0.00536 v_mand=0.00000 ptv=0.0523 ptv_max=0.00008 global_ceil=0.01243 ring=0.00000 smooth=0.0121 laplacian=0.0332 beam=0.52640 homogeneity=0.0030 body=0.00000 bowel=0.00000 femur=0.00000
2026-05-25 13:49:37 [INFO] Step 35/54 Loss=18.4169 mse=0.4651 v_opt=0.01561 v_mand=0.00028 ptv=0.0772 ptv_max=0.00006 global_ceil=0.00218 ring=0.00000 smooth=0.0122 laplacian=0.0337 beam=0.22358 homogeneity=0.0045 body=0.00000 bowel=0.00462 femur=0.00167
2026-05-25 13:49:42 [INFO] Step 40/54 Loss=20.8689 mse=0.2308 v_opt=0.00000 v_mand=0.00000 ptv=0.0000 ptv_max=0.00000 global_ceil=0.02528 ring=0.00000 smooth=0.0197 laplacian=0.0513 beam=0.55053 homogeneity=0.0000 body=0.00000 bowel=0.00000 femur=0.00000
2026-05-25 13:49:48 [INFO] Step 45/54 Loss=13.6137 mse=0.2570 v_opt=0.03205 v_mand=0.00114 ptv=0.1075 ptv_max=0.00002 global_ceil=0.00015 ring=0.00000 smooth=0.0100 laplacian=0.0275 beam=0.23206 homogeneity=0.0064 body=0.00000 bowel=0.00000 femur=0.00013
2026-05-25 13:49:53 [INFO] Step 50/54 Loss=20.5564 mse=0.1980 v_opt=0.06748 v_mand=0.01193 ptv=0.1870 ptv_max=0.00003 global_ceil=0.00600 ring=0.00000 smooth=0.0126 laplacian=0.0325 beam=0.47337 homogeneity=0.0175 body=0.00000 bowel=0.03674 femur=0.00000
2026-05-25 13:49:58 [INFO] Step 54/54 Loss=20.3229 mse=0.2799 v_opt=0.01929 v_mand=0.00129 ptv=0.0732 ptv_max=0.00022 global_ceil=0.01522 ring=0.00000 smooth=0.0117 laplacian=0.0315 beam=0.45919 homogeneity=0.0064 body=0.00000 bowel=0.00678 femur=0.00000
2026-05-25 13:49:58 [INFO] Running validation at epoch 74...
2026-05-25 13:50:24 [INFO] Epoch 74 Summary: Train=22.2695 Val=0.0252 (MSE=0.0252)
          Metrics: PTV_D95=51.77Gy Bladder=27.95Gy Rectum=28.89Gy
          Metrics: Ring=49.09Gy Dmax=121.72Gy BG=36.58Gy
2026-05-25 13:50:24 [INFO] [DIAGNOSTIC] Saved fallback model MSE=0.0252
2026-05-25 13:50:24 [INFO] Epoch 75/300 [RAMP 75/75 (100% of physics)] ramp=1.000 lr=8.59e-05
2026-05-25 13:50:31 [INFO] Step 5/54 Loss=27.7752 mse=0.2510 v_opt=0.14449 v_mand=0.06712 ptv=0.1036 ptv_max=0.00000 global_ceil=0.07065 ring=0.00000 smooth=0.0155 laplacian=0.0406 beam=0.52029 homogeneity=0.0031 body=0.00000 bowel=0.00000 femur=0.00000
2026-05-25 13:50:36 [INFO] Step 10/54 Loss=20.4765 mse=0.3241 v_opt=0.03331 v_mand=0.00249 ptv=0.0832 ptv_max=0.00009 global_ceil=0.01774 ring=0.00000 smooth=0.0097 laplacian=0.0259 beam=0.39286 homogeneity=0.0047 body=0.00000 bowel=0.02633 femur=0.00000
2026-05-25 13:50:41 [INFO] Step 15/54 Loss=17.1722 mse=0.2512 v_opt=0.03052 v_mand=0.00537 ptv=0.0764 ptv_max=0.00002 global_ceil=0.00027 ring=0.00000 smooth=0.0107 laplacian=0.0274 beam=0.38200 homogeneity=0.0042 body=0.00000 bowel=0.00000 femur=0.00007
2026-05-25 13:50:47 [INFO] Step 20/54 Loss=15.6815 mse=0.1038 v_opt=0.00075 v_mand=0.00005 ptv=0.1237 ptv_max=0.00003 global_ceil=0.00105 ring=0.00000 smooth=0.0093 laplacian=0.0236 beam=0.45957 homogeneity=0.0087 body=0.00000 bowel=0.00000 femur=0.00000
2026-05-25 13:50:53 [INFO] Step 25/54 Loss=19.6534 mse=0.1647 v_opt=0.06489 v_mand=0.01855 ptv=0.0800 ptv_max=0.00042 global_ceil=0.02945 ring=0.00000 smooth=0.0088 laplacian=0.0237 beam=0.47155 homogeneity=0.0114 body=0.00000 bowel=0.00000 femur=0.00000
2026-05-25 13:50:59 [INFO] Step 30/54 Loss=33.7218 mse=0.4547 v_opt=0.01111 v_mand=0.00038 ptv=0.0332 ptv_max=0.00080 global_ceil=0.09141 ring=0.00001 smooth=0.0235 laplacian=0.0728 beam=0.63621 homogeneity=0.0062 body=0.00000 bowel=0.05601 femur=0.00344
2026-05-25 13:51:03 [INFO] Step 35/54 Loss=22.0481 mse=0.2990 v_opt=0.07657 v_mand=0.02088 ptv=0.0628 ptv_max=0.00016 global_ceil=0.00101 ring=0.00000 smooth=0.0107 laplacian=0.0278 beam=0.49077 homogeneity=0.0046 body=0.00000 bowel=0.01083 femur=0.00000
2026-05-25 13:51:10 [INFO] Step 40/54 Loss=21.4014 mse=0.3118 v_opt=0.00066 v_mand=0.00000 ptv=0.0291 ptv_max=0.00029 global_ceil=0.00034 ring=0.00000 smooth=0.0070 laplacian=0.0190 beam=0.52315 homogeneity=0.0036 body=0.00000 bowel=0.00000 femur=0.00000
2026-05-25 13:51:15 [INFO] Step 45/54 Loss=25.3873 mse=0.4120 v_opt=0.00000 v_mand=0.00000 ptv=0.0983 ptv_max=0.00005 global_ceil=0.07199 ring=0.00000 smooth=0.0179 laplacian=0.0469 beam=0.39085 homogeneity=0.0050 body=0.00000 bowel=0.02498 femur=0.00000
2026-05-25 13:51:22 [INFO] Step 50/54 Loss=31.3443 mse=0.3901 v_opt=0.00967 v_mand=0.00000 ptv=0.1058 ptv_max=0.00001 global_ceil=0.11193 ring=0.00000 smooth=0.0202 laplacian=0.0618 beam=0.57882 homogeneity=0.0058 body=0.00000 bowel=0.00000 femur=0.00000
2026-05-25 13:51:26 [INFO] Step 54/54 Loss=32.0956 mse=0.5586 v_opt=0.03361 v_mand=0.00504 ptv=0.0434 ptv_max=0.00010 global_ceil=0.00042 ring=0.00000 smooth=0.0115 laplacian=0.0374 beam=0.68434 homogeneity=0.0018 body=0.00000 bowel=0.00000 femur=0.00000
2026-05-25 13:51:27 [INFO] Running validation at epoch 75...
2026-05-25 13:51:53 [INFO] Epoch 75 Summary: Train=21.2223 Val=0.0263 (MSE=0.0263)
          Metrics: PTV_D95=51.02Gy Bladder=26.06Gy Rectum=29.62Gy
          Metrics: Ring=48.18Gy Dmax=101.66Gy BG=37.16Gy
2026-05-25 13:51:53 [INFO] Epoch 76/300 [FULL PHYSICS] ramp=1.000 lr=8.55e-05
2026-05-25 13:52:00 [INFO] Step 5/54 Loss=13.0754 mse=0.1833 v_opt=0.05820 v_mand=0.00726 ptv=0.1416 ptv_max=0.00000 global_ceil=0.00000 ring=0.00000 smooth=0.0064 laplacian=0.0159 beam=0.25388 homogeneity=0.0082 body=0.00000 bowel=0.00000 femur=0.00000
2026-05-25 13:52:05 [INFO] Step 10/54 Loss=16.0441 mse=0.2217 v_opt=0.02646 v_mand=0.00333 ptv=0.0736 ptv_max=0.00003 global_ceil=0.00011 ring=0.00000 smooth=0.0078 laplacian=0.0213 beam=0.37189 homogeneity=0.0035 body=0.00000 bowel=0.00364 femur=0.00000
2026-05-25 13:52:12 [INFO] Step 15/54 Loss=17.4261 mse=0.1599 v_opt=0.02167 v_mand=0.00219 ptv=0.1256 ptv_max=0.00000 global_ceil=0.00196 ring=0.00000 smooth=0.0105 laplacian=0.0258 beam=0.46209 homogeneity=0.0096 body=0.00000 bowel=0.00256 femur=0.00000
2026-05-25 13:52:17 [INFO] Step 20/54 Loss=16.1160 mse=0.2650 v_opt=0.01170 v_mand=0.00007 ptv=0.0726 ptv_max=0.00003 global_ceil=0.00045 ring=0.00000 smooth=0.0117 laplacian=0.0300 beam=0.33606 homogeneity=0.0037 body=0.00000 bowel=0.00495 femur=0.00000
2026-05-25 13:52:23 [INFO] Step 25/54 Loss=22.2175 mse=0.2889 v_opt=0.01029 v_mand=0.00068 ptv=0.0524 ptv_max=0.00021 global_ceil=0.01469 ring=0.00000 smooth=0.0105 laplacian=0.0270 beam=0.53649 homogeneity=0.0047 body=0.00000 bowel=0.00000 femur=0.00000
2026-05-25 13:52:28 [INFO] Step 30/54 Loss=18.7137 mse=0.3349 v_opt=0.00448 v_mand=0.00005 ptv=0.0527 ptv_max=0.00015 global_ceil=0.00206 ring=0.00000 smooth=0.0100 laplacian=0.0271 beam=0.37422 homogeneity=0.0040 body=0.00000 bowel=0.00633 femur=0.00018
2026-05-25 13:52:34 [INFO] Step 35/54 Loss=16.6033 mse=0.1576 v_opt=0.00670 v_mand=0.00000 ptv=0.0000 ptv_max=0.00000 global_ceil=0.00001 ring=0.00000 smooth=0.0106 laplacian=0.0265 beam=0.50022 homogeneity=0.0000 body=0.00000 bowel=0.00000 femur=0.00000
2026-05-25 13:52:39 [INFO] Step 40/54 Loss=17.3337 mse=0.2918 v_opt=0.07662 v_mand=0.01893 ptv=0.0874 ptv_max=0.00010 global_ceil=0.00198 ring=0.00000 smooth=0.0085 laplacian=0.0228 beam=0.29266 homogeneity=0.0052 body=0.00000 bowel=0.02727 femur=0.00000
2026-05-25 13:52:45 [INFO] Step 45/54 Loss=26.2964 mse=0.5085 v_opt=0.04204 v_mand=0.00731 ptv=0.0404 ptv_max=0.00033 global_ceil=0.01393 ring=0.00002 smooth=0.0107 laplacian=0.0307 beam=0.43205 homogeneity=0.0034 body=0.00000 bowel=0.06316 femur=0.00027
2026-05-25 13:52:50 [INFO] Step 50/54 Loss=21.4046 mse=0.2832 v_opt=0.05511 v_mand=0.01134 ptv=0.0627 ptv_max=0.00014 global_ceil=0.00127 ring=0.00000 smooth=0.0119 laplacian=0.0310 beam=0.49430 homogeneity=0.0044 body=0.00000 bowel=0.02077 femur=0.00116
2026-05-25 13:52:55 [INFO] Step 54/54 Loss=21.1577 mse=0.3311 v_opt=0.00040 v_mand=0.00000 ptv=0.0986 ptv_max=0.00002 global_ceil=0.00092 ring=0.00000 smooth=0.0096 laplacian=0.0263 beam=0.45369 homogeneity=0.0066 body=0.00000 bowel=0.01481 femur=0.00069
2026-05-25 13:52:55 [INFO] Running validation at epoch 76...
2026-05-25 13:53:21 [INFO] Epoch 76 Summary: Train=20.2650 Val=0.0260 (MSE=0.0260)
          Metrics: PTV_D95=53.00Gy Bladder=26.38Gy Rectum=27.35Gy
          Metrics: Ring=49.10Gy Dmax=109.22Gy BG=37.06Gy
2026-05-25 13:53:21 [INFO] Epoch 77/300 [FULL PHYSICS] ramp=1.000 lr=8.51e-05
2026-05-25 13:53:29 [INFO] Step 5/54 Loss=28.5766 mse=0.2859 v_opt=0.27510 v_mand=0.12991 ptv=0.0961 ptv_max=0.00009 global_ceil=0.01221 ring=0.00000 smooth=0.0220 laplacian=0.0540 beam=0.48306 homogeneity=0.0076 body=0.00000 bowel=0.01850 femur=0.00000
2026-05-25 13:53:34 [INFO] Step 10/54 Loss=29.5259 mse=0.3860 v_opt=0.05686 v_mand=0.01912 ptv=0.1123 ptv_max=0.00001 global_ceil=0.01951 ring=0.00000 smooth=0.0213 laplacian=0.0598 beam=0.63335 homogeneity=0.0073 body=0.00000 bowel=0.02496 femur=0.00325
2026-05-25 13:53:40 [INFO] Step 15/54 Loss=18.9687 mse=0.3066 v_opt=0.01572 v_mand=0.00059 ptv=0.0733 ptv_max=0.00003 global_ceil=0.00084 ring=0.00000 smooth=0.0144 laplacian=0.0371 beam=0.40362 homogeneity=0.0036 body=0.00000 bowel=0.00228 femur=0.00673
2026-05-25 13:53:45 [INFO] Step 20/54 Loss=80.0750 mse=0.3135 v_opt=1.39653 v_mand=1.14466 ptv=0.0477 ptv_max=0.00015 global_ceil=0.00591 ring=0.00000 smooth=0.0085 laplacian=0.0245 beam=0.35851 homogeneity=0.0022 body=0.00000 bowel=0.15184 femur=0.00000
2026-05-25 13:53:52 [INFO] Step 25/54 Loss=13.8584 mse=0.3475 v_opt=0.02557 v_mand=0.00249 ptv=0.0657 ptv_max=0.00007 global_ceil=0.00356 ring=0.00000 smooth=0.0134 laplacian=0.0344 beam=0.15455 homogeneity=0.0040 body=0.00000 bowel=0.00134 femur=0.00000
2026-05-25 13:53:57 [INFO] Step 30/54 Loss=22.0966 mse=0.2810 v_opt=0.00000 v_mand=0.00000 ptv=0.0000 ptv_max=0.00000 global_ceil=0.00239 ring=0.00000 smooth=0.0150 laplacian=0.0409 beam=0.58934 homogeneity=0.0000 body=0.00000 bowel=0.00000 femur=0.00000
2026-05-25 13:54:03 [INFO] Step 35/54 Loss=12.1168 mse=0.2537 v_opt=0.00641 v_mand=0.00000 ptv=0.1019 ptv_max=0.00006 global_ceil=0.00216 ring=0.00000 smooth=0.0072 laplacian=0.0196 beam=0.17058 homogeneity=0.0064 body=0.00000 bowel=0.00866 femur=0.00000
2026-05-25 13:54:08 [INFO] Step 40/54 Loss=19.8238 mse=0.2596 v_opt=0.01289 v_mand=0.00012 ptv=0.1012 ptv_max=0.00014 global_ceil=0.01413 ring=0.00000 smooth=0.0152 laplacian=0.0393 beam=0.44553 homogeneity=0.0077 body=0.00000 bowel=0.00389 femur=0.00000
2026-05-25 13:54:15 [INFO] Step 45/54 Loss=21.3082 mse=0.4826 v_opt=0.02700 v_mand=0.00367 ptv=0.0492 ptv_max=0.00009 global_ceil=0.00176 ring=0.00001 smooth=0.0102 laplacian=0.0273 beam=0.30830 homogeneity=0.0030 body=0.00000 bowel=0.02141 femur=0.01770
2026-05-25 13:54:19 [INFO] Step 50/54 Loss=27.5181 mse=0.5090 v_opt=0.06488 v_mand=0.01785 ptv=0.0360 ptv_max=0.00064 global_ceil=0.02133 ring=0.00001 smooth=0.0136 laplacian=0.0361 beam=0.43412 homogeneity=0.0058 body=0.00000 bowel=0.03743 femur=0.05237
2026-05-25 13:54:23 [INFO] Step 54/54 Loss=26.6057 mse=0.4607 v_opt=0.00821 v_mand=0.00009 ptv=0.0613 ptv_max=0.00015 global_ceil=0.00152 ring=0.00000 smooth=0.0101 laplacian=0.0262 beam=0.56510 homogeneity=0.0035 body=0.00000 bowel=0.00122 femur=0.00000
2026-05-25 13:54:24 [INFO] Running validation at epoch 77...
2026-05-25 13:54:50 [INFO] Epoch 77 Summary: Train=20.7514 Val=0.0258 (MSE=0.0258)
          Metrics: PTV_D95=53.30Gy Bladder=25.26Gy Rectum=30.81Gy
          Metrics: Ring=49.38Gy Dmax=103.22Gy BG=36.79Gy
2026-05-25 13:54:50 [INFO] Epoch 78/300 [FULL PHYSICS] ramp=1.000 lr=8.48e-05
2026-05-25 13:54:57 [INFO] Step 5/54 Loss=17.1627 mse=0.3926 v_opt=0.04082 v_mand=0.00334 ptv=0.0672 ptv_max=0.00001 global_ceil=0.00279 ring=0.00000 smooth=0.0110 laplacian=0.0287 beam=0.23111 homogeneity=0.0020 body=0.00000 bowel=0.02100 femur=0.00000
2026-05-25 13:55:01 [INFO] Step 10/54 Loss=11.3223 mse=0.1732 v_opt=0.02111 v_mand=0.00205 ptv=0.0893 ptv_max=0.00001 global_ceil=0.00024 ring=0.00000 smooth=0.0087 laplacian=0.0211 beam=0.22940 homogeneity=0.0046 body=0.00000 bowel=0.00000 femur=0.00000
2026-05-25 13:55:08 [INFO] Step 15/54 Loss=12.3336 mse=0.0784 v_opt=0.02025 v_mand=0.00176 ptv=0.1013 ptv_max=0.00001 global_ceil=0.00010 ring=0.00000 smooth=0.0061 laplacian=0.0150 beam=0.36070 homogeneity=0.0063 body=0.00000 bowel=0.00000 femur=0.00000
2026-05-25 13:55:13 [INFO] Step 20/54 Loss=13.0810 mse=0.0815 v_opt=0.00000 v_mand=0.00000 ptv=0.0000 ptv_max=0.00000 global_ceil=0.00136 ring=0.00000 smooth=0.0085 laplacian=0.0204 beam=0.43463 homogeneity=0.0000 body=0.00000 bowel=0.00000 femur=0.00000
2026-05-25 13:55:19 [INFO] Step 25/54 Loss=20.7211 mse=0.1943 v_opt=0.06184 v_mand=0.00696 ptv=0.1396 ptv_max=0.00010 global_ceil=0.00784 ring=0.00000 smooth=0.0117 laplacian=0.0284 beam=0.47956 homogeneity=0.0140 body=0.00000 bowel=0.07777 femur=0.00000
2026-05-25 13:55:24 [INFO] Step 30/54 Loss=18.9728 mse=0.2219 v_opt=0.00186 v_mand=0.00000 ptv=0.0850 ptv_max=0.00005 global_ceil=0.00160 ring=0.00000 smooth=0.0180 laplacian=0.0435 beam=0.48572 homogeneity=0.0052 body=0.00000 bowel=0.00000 femur=0.00000
2026-05-25 13:55:31 [INFO] Step 35/54 Loss=20.3063 mse=0.2662 v_opt=0.00522 v_mand=0.00000 ptv=0.0678 ptv_max=0.00004 global_ceil=0.00015 ring=0.00000 smooth=0.0111 laplacian=0.0284 beam=0.50901 homogeneity=0.0036 body=0.00000 bowel=0.00000 femur=0.00000
2026-05-25 13:55:36 [INFO] Step 40/54 Loss=22.0752 mse=0.3093 v_opt=0.05345 v_mand=0.01688 ptv=0.0248 ptv_max=0.00054 global_ceil=0.00295 ring=0.00000 smooth=0.0098 laplacian=0.0265 beam=0.50761 homogeneity=0.0042 body=0.00000 bowel=0.00000 femur=0.00000
2026-05-25 13:55:42 [INFO] Step 45/54 Loss=11.0613 mse=0.2845 v_opt=0.01455 v_mand=0.00021 ptv=0.0689 ptv_max=0.00004 global_ceil=0.00213 ring=0.00000 smooth=0.0084 laplacian=0.0225 beam=0.11463 homogeneity=0.0040 body=0.00000 bowel=0.00268 femur=0.00000
2026-05-25 13:55:47 [INFO] Step 50/54 Loss=20.4487 mse=0.3676 v_opt=0.06512 v_mand=0.01317 ptv=0.0782 ptv_max=0.00001 global_ceil=0.00068 ring=0.00000 smooth=0.0103 laplacian=0.0267 beam=0.36892 homogeneity=0.0036 body=0.00000 bowel=0.01278 femur=0.00225
2026-05-25 13:55:51 [INFO] Step 54/54 Loss=19.1149 mse=0.3259 v_opt=0.01258 v_mand=0.00000 ptv=0.0777 ptv_max=0.00000 global_ceil=0.00370 ring=0.00000 smooth=0.0089 laplacian=0.0228 beam=0.38748 homogeneity=0.0028 body=0.00000 bowel=0.00573 femur=0.00270
2026-05-25 13:55:52 [INFO] Running validation at epoch 78...
2026-05-25 13:56:18 [INFO] Epoch 78 Summary: Train=20.0904 Val=0.0253 (MSE=0.0253)
          Metrics: PTV_D95=53.02Gy Bladder=24.96Gy Rectum=27.65Gy
          Metrics: Ring=48.79Gy Dmax=103.31Gy BG=36.46Gy
2026-05-25 13:56:18 [INFO] Epoch 79/300 [FULL PHYSICS] ramp=1.000 lr=8.44e-05
2026-05-25 13:56:25 [INFO] Step 5/54 Loss=15.4399 mse=0.2185 v_opt=0.02657 v_mand=0.00255 ptv=0.0840 ptv_max=0.00002 global_ceil=0.00001 ring=0.00000 smooth=0.0104 laplacian=0.0258 beam=0.34886 homogeneity=0.0046 body=0.00000 bowel=0.00000 femur=0.00000
2026-05-25 13:56:30 [INFO] Step 10/54 Loss=12.7978 mse=0.2931 v_opt=0.01395 v_mand=0.00019 ptv=0.0661 ptv_max=0.00029 global_ceil=0.00818 ring=0.00000 smooth=0.0083 laplacian=0.0222 beam=0.16334 homogeneity=0.0057 body=0.00000 bowel=0.00004 femur=0.00000
2026-05-25 13:56:36 [INFO] Step 15/54 Loss=18.2199 mse=0.1846 v_opt=0.03034 v_mand=0.00517 ptv=0.0795 ptv_max=0.00003 global_ceil=0.00091 ring=0.00000 smooth=0.0123 laplacian=0.0312 beam=0.48713 homogeneity=0.0048 body=0.00000 bowel=0.00000 femur=0.00000
2026-05-25 13:56:41 [INFO] Step 20/54 Loss=23.5167 mse=0.3676 v_opt=0.03341 v_mand=0.00530 ptv=0.0633 ptv_max=0.00003 global_ceil=0.00038 ring=0.00000 smooth=0.0148 laplacian=0.0367 beam=0.52299 homogeneity=0.0024 body=0.00000 bowel=0.00108 femur=0.00015
2026-05-25 13:56:47 [INFO] Step 25/54 Loss=25.4029 mse=0.3181 v_opt=0.00447 v_mand=0.00000 ptv=0.1033 ptv_max=0.00001 global_ceil=0.05410 ring=0.00000 smooth=0.0116 laplacian=0.0295 beam=0.53760 homogeneity=0.0047 body=0.00000 bowel=0.00005 femur=0.00074
2026-05-25 13:56:52 [INFO] Step 30/54 Loss=21.2145 mse=0.3192 v_opt=0.00956 v_mand=0.00000 ptv=0.0788 ptv_max=0.00004 global_ceil=0.02405 ring=0.00000 smooth=0.0109 laplacian=0.0278 beam=0.43240 homogeneity=0.0040 body=0.00000 bowel=0.00905 femur=0.00419
2026-05-25 13:56:58 [INFO] Step 35/54 Loss=13.8765 mse=0.1679 v_opt=0.00006 v_mand=0.00000 ptv=0.1093 ptv_max=0.00001 global_ceil=0.00051 ring=0.00000 smooth=0.0082 laplacian=0.0207 beam=0.33237 homogeneity=0.0070 body=0.00000 bowel=0.00000 femur=0.00000
2026-05-25 13:57:03 [INFO] Step 40/54 Loss=27.6492 mse=0.5687 v_opt=0.01305 v_mand=0.00153 ptv=0.0197 ptv_max=0.00105 global_ceil=0.00931 ring=0.00001 smooth=0.0137 laplacian=0.0374 beam=0.48756 homogeneity=0.0060 body=0.00000 bowel=0.00000 femur=0.00000
2026-05-25 13:57:09 [INFO] Step 45/54 Loss=19.9646 mse=0.2471 v_opt=0.02810 v_mand=0.00267 ptv=0.0873 ptv_max=0.00011 global_ceil=0.00085 ring=0.00000 smooth=0.0149 laplacian=0.0372 beam=0.49171 homogeneity=0.0071 body=0.00000 bowel=0.00000 femur=0.00320
2026-05-25 13:57:15 [INFO] Step 50/54 Loss=11.6002 mse=0.1810 v_opt=0.00801 v_mand=0.00000 ptv=0.0954 ptv_max=0.00005 global_ceil=0.00015 ring=0.00000 smooth=0.0088 laplacian=0.0216 beam=0.23400 homogeneity=0.0061 body=0.00000 bowel=0.00000 femur=0.00000
2026-05-25 13:57:19 [INFO] Step 54/54 Loss=22.5110 mse=0.3086 v_opt=0.05632 v_mand=0.00519 ptv=0.1080 ptv_max=0.00014 global_ceil=0.01135 ring=0.00001 smooth=0.0231 laplacian=0.0568 beam=0.48094 homogeneity=0.0128 body=0.00000 bowel=0.01119 femur=0.00000
2026-05-25 13:57:19 [INFO] Running validation at epoch 79...
2026-05-25 13:57:46 [INFO] Epoch 79 Summary: Train=21.5197 Val=0.0265 (MSE=0.0265)
          Metrics: PTV_D95=53.32Gy Bladder=27.84Gy Rectum=25.21Gy
          Metrics: Ring=50.16Gy Dmax=98.80Gy BG=37.16Gy
2026-05-25 13:57:46 [INFO] Epoch 80/300 [FULL PHYSICS] ramp=1.000 lr=8.40e-05
2026-05-25 13:57:54 [INFO] Step 5/54 Loss=16.3210 mse=0.4463 v_opt=0.07064 v_mand=0.02154 ptv=0.0798 ptv_max=0.00000 global_ceil=0.00072 ring=0.00000 smooth=0.0072 laplacian=0.0206 beam=0.11757 homogeneity=0.0024 body=0.00000 bowel=0.00000 femur=0.00127
2026-05-25 13:57:59 [INFO] Step 10/54 Loss=20.9360 mse=0.2415 v_opt=0.00005 v_mand=0.00000 ptv=0.1233 ptv_max=0.00000 global_ceil=0.00512 ring=0.00000 smooth=0.0142 laplacian=0.0370 beam=0.52223 homogeneity=0.0077 body=0.00000 bowel=0.00000 femur=0.00000
2026-05-25 13:58:06 [INFO] Step 15/54 Loss=15.7078 mse=0.1755 v_opt=0.01762 v_mand=0.00018 ptv=0.0792 ptv_max=0.00003 global_ceil=0.00029 ring=0.00000 smooth=0.0105 laplacian=0.0265 beam=0.40919 homogeneity=0.0047 body=0.00000 bowel=0.00000 femur=0.00000
2026-05-25 13:58:11 [INFO] Step 20/54 Loss=20.0354 mse=0.3308 v_opt=0.01985 v_mand=0.00022 ptv=0.0525 ptv_max=0.00022 global_ceil=0.00464 ring=0.00001 smooth=0.0193 laplacian=0.0478 beam=0.40346 homogeneity=0.0043 body=0.00000 bowel=0.03295 femur=0.00000
2026-05-25 13:58:19 [INFO] Step 25/54 Loss=13.7420 mse=0.2007 v_opt=0.02915 v_mand=0.00080 ptv=0.0559 ptv_max=0.00006 global_ceil=0.00066 ring=0.00000 smooth=0.0081 laplacian=0.0241 beam=0.29006 homogeneity=0.0024 body=0.00000 bowel=0.03991 femur=0.00000
2026-05-25 13:58:24 [INFO] Step 30/54 Loss=25.6949 mse=0.1387 v_opt=0.02282 v_mand=0.00261 ptv=0.3956 ptv_max=0.00000 global_ceil=0.10227 ring=0.00000 smooth=0.0090 laplacian=0.0232 beam=0.48074 homogeneity=0.0419 body=0.00000 bowel=0.00000 femur=0.00000
2026-05-25 13:58:31 [INFO] Step 35/54 Loss=30.9172 mse=0.5330 v_opt=0.00630 v_mand=0.00000 ptv=0.0311 ptv_max=0.00029 global_ceil=0.00600 ring=0.00000 smooth=0.0099 laplacian=0.0300 beam=0.66819 homogeneity=0.0030 body=0.00000 bowel=0.00000 femur=0.00000
2026-05-25 13:58:37 [INFO] Step 40/54 Loss=16.3392 mse=0.2896 v_opt=0.01323 v_mand=0.00000 ptv=0.0522 ptv_max=0.00007 global_ceil=0.00016 ring=0.00000 smooth=0.0088 laplacian=0.0233 beam=0.33383 homogeneity=0.0030 body=0.00000 bowel=0.00000 femur=0.00000
2026-05-25 13:58:42 [INFO] Step 45/54 Loss=10.9893 mse=0.1754 v_opt=0.05439 v_mand=0.01124 ptv=0.0792 ptv_max=0.00015 global_ceil=0.00237 ring=0.00000 smooth=0.0114 laplacian=0.0280 beam=0.18823 homogeneity=0.0072 body=0.00000 bowel=0.00000 femur=0.00000
2026-05-25 13:58:48 [INFO] Step 50/54 Loss=26.9158 mse=0.2243 v_opt=0.00000 v_mand=0.00000 ptv=0.0000 ptv_max=0.00000 global_ceil=0.14076 ring=0.00000 smooth=0.0311 laplacian=0.0937 beam=0.54152 homogeneity=0.0000 body=0.00000 bowel=0.01559 femur=0.00000
2026-05-25 13:58:52 [INFO] Step 54/54 Loss=20.6838 mse=0.2667 v_opt=0.02991 v_mand=0.00445 ptv=0.0780 ptv_max=0.00010 global_ceil=0.00015 ring=0.00000 smooth=0.0117 laplacian=0.0294 beam=0.50413 homogeneity=0.0055 body=0.00000 bowel=0.00393 femur=0.00000
2026-05-25 13:58:53 [INFO] Running validation at epoch 80...
2026-05-25 13:59:20 [INFO] Epoch 80 Summary: Train=19.4420 Val=0.0254 (MSE=0.0254)
          Metrics: PTV_D95=52.38Gy Bladder=27.25Gy Rectum=24.67Gy
          Metrics: Ring=48.57Gy Dmax=111.53Gy BG=36.50Gy
2026-05-25 13:59:20 [INFO] Epoch 81/300 [FULL PHYSICS] ramp=1.000 lr=8.36e-05
2026-05-25 13:59:28 [INFO] Step 5/54 Loss=18.5145 mse=0.2838 v_opt=0.00362 v_mand=0.00000 ptv=0.0972 ptv_max=0.00001 global_ceil=0.00186 ring=0.00000 smooth=0.0123 laplacian=0.0309 beam=0.39688 homogeneity=0.0050 body=0.00000 bowel=0.00000 femur=0.01590
2026-05-25 13:59:32 [INFO] Step 10/54 Loss=14.6390 mse=0.2116 v_opt=0.00000 v_mand=0.00000 ptv=0.1282 ptv_max=0.00001 global_ceil=0.00001 ring=0.00000 smooth=0.0134 laplacian=0.0320 beam=0.30916 homogeneity=0.0082 body=0.00000 bowel=0.00000 femur=0.00000
2026-05-25 13:59:39 [INFO] Step 15/54 Loss=11.4311 mse=0.2571 v_opt=0.00934 v_mand=0.00000 ptv=0.0683 ptv_max=0.00014 global_ceil=0.01024 ring=0.00000 smooth=0.0086 laplacian=0.0221 beam=0.14021 homogeneity=0.0049 body=0.00000 bowel=0.00301 femur=0.00000
2026-05-25 13:59:44 [INFO] Step 20/54 Loss=20.5415 mse=0.2116 v_opt=0.07068 v_mand=0.02054 ptv=0.0749 ptv_max=0.00022 global_ceil=0.00041 ring=0.00000 smooth=0.0114 laplacian=0.0286 beam=0.47000 homogeneity=0.0066 body=0.00000 bowel=0.08299 femur=0.00000
2026-05-25 13:59:50 [INFO] Step 25/54 Loss=14.3006 mse=0.2325 v_opt=0.04073 v_mand=0.00791 ptv=0.0866 ptv_max=0.00002 global_ceil=0.00020 ring=0.00000 smooth=0.0082 laplacian=0.0206 beam=0.27705 homogeneity=0.0047 body=0.00000 bowel=0.00000 femur=0.00000
2026-05-25 13:59:56 [INFO] Step 30/54 Loss=28.8149 mse=0.4492 v_opt=0.10752 v_mand=0.03216 ptv=0.0294 ptv_max=0.00022 global_ceil=0.00739 ring=0.00000 smooth=0.0127 laplacian=0.0342 beam=0.59303 homogeneity=0.0028 body=0.00000 bowel=0.00000 femur=0.00000
2026-05-25 14:00:02 [INFO] Step 35/54 Loss=13.7897 mse=0.1643 v_opt=0.01796 v_mand=0.00111 ptv=0.0831 ptv_max=0.00002 global_ceil=0.00017 ring=0.00000 smooth=0.0080 laplacian=0.0200 beam=0.34180 homogeneity=0.0048 body=0.00000 bowel=0.00001 femur=0.00000
2026-05-25 14:00:08 [INFO] Step 40/54 Loss=11.0447 mse=0.2544 v_opt=0.01134 v_mand=0.00000 ptv=0.0796 ptv_max=0.00001 global_ceil=0.00070 ring=0.00000 smooth=0.0083 laplacian=0.0233 beam=0.14468 homogeneity=0.0025 body=0.00000 bowel=0.00251 femur=0.00000
2026-05-25 14:00:14 [INFO] Step 45/54 Loss=18.8086 mse=0.1795 v_opt=0.03081 v_mand=0.00415 ptv=0.1091 ptv_max=0.00000 global_ceil=0.00604 ring=0.00000 smooth=0.0083 laplacian=0.0205 beam=0.49159 homogeneity=0.0058 body=0.00000 bowel=0.00939 femur=0.00000
2026-05-25 14:00:20 [INFO] Step 50/54 Loss=19.3350 mse=0.2116 v_opt=0.04718 v_mand=0.01365 ptv=0.1198 ptv_max=0.00002 global_ceil=0.00022 ring=0.00000 smooth=0.0088 laplacian=0.0222 beam=0.47052 homogeneity=0.0087 body=0.00000 bowel=0.00000 femur=0.00000
2026-05-25 14:00:25 [INFO] Step 54/54 Loss=19.9448 mse=0.2751 v_opt=0.01677 v_mand=0.00078 ptv=0.0857 ptv_max=0.00005 global_ceil=0.00042 ring=0.00000 smooth=0.0115 laplacian=0.0287 beam=0.47292 homogeneity=0.0063 body=0.00000 bowel=0.00023 femur=0.00000
2026-05-25 14:00:25 [INFO] Running validation at epoch 81...
2026-05-25 14:00:54 [INFO] Epoch 81 Summary: Train=19.1920 Val=0.0244 (MSE=0.0244)
          Metrics: PTV_D95=52.73Gy Bladder=24.41Gy Rectum=25.44Gy
          Metrics: Ring=48.12Gy Dmax=121.66Gy BG=35.80Gy
2026-05-25 14:00:54 [INFO] [DIAGNOSTIC] Saved fallback model MSE=0.0244
2026-05-25 14:00:54 [INFO] Epoch 82/300 [FULL PHYSICS] ramp=1.000 lr=8.32e-05
2026-05-25 14:01:00 [INFO] Step 5/54 Loss=14.7389 mse=0.1142 v_opt=0.00086 v_mand=0.00000 ptv=0.1103 ptv_max=0.00001 global_ceil=0.00207 ring=0.00000 smooth=0.0083 laplacian=0.0208 beam=0.41709 homogeneity=0.0068 body=0.00000 bowel=0.00000 femur=0.00000
2026-05-25 14:01:06 [INFO] Step 10/54 Loss=12.0929 mse=0.2677 v_opt=0.00359 v_mand=0.00083 ptv=0.0721 ptv_max=0.00005 global_ceil=0.00021 ring=0.00000 smooth=0.0106 laplacian=0.0275 beam=0.17523 homogeneity=0.0039 body=0.00000 bowel=0.00048 femur=0.00000
2026-05-25 14:01:12 [INFO] Step 15/54 Loss=27.3953 mse=0.4173 v_opt=0.05071 v_mand=0.00665 ptv=0.0300 ptv_max=0.00116 global_ceil=0.03056 ring=0.00007 smooth=0.0103 laplacian=0.0292 beam=0.49718 homogeneity=0.0075 body=0.00000 bowel=0.07673 femur=0.06389
2026-05-25 14:01:17 [INFO] Step 20/54 Loss=30.1007 mse=0.4151 v_opt=0.18779 v_mand=0.07883 ptv=0.0632 ptv_max=0.00020 global_ceil=0.01298 ring=0.00000 smooth=0.0131 laplacian=0.0377 beam=0.52599 homogeneity=0.0031 body=0.00000 bowel=0.04550 femur=0.00000
2026-05-25 14:01:24 [INFO] Step 25/54 Loss=23.0096 mse=0.3489 v_opt=0.04114 v_mand=0.00302 ptv=0.0864 ptv_max=0.00001 global_ceil=0.01254 ring=0.00001 smooth=0.0159 laplacian=0.0421 beam=0.49087 homogeneity=0.0031 body=0.00000 bowel=0.00021 femur=0.00000
2026-05-25 14:01:30 [INFO] Step 30/54 Loss=22.1371 mse=0.2966 v_opt=0.02070 v_mand=0.00065 ptv=0.1251 ptv_max=0.00001 global_ceil=0.00420 ring=0.00000 smooth=0.0153 laplacian=0.0395 beam=0.50350 homogeneity=0.0074 body=0.00000 bowel=0.01581 femur=0.00000
2026-05-25 14:01:37 [INFO] Step 35/54 Loss=20.8434 mse=0.3883 v_opt=0.05149 v_mand=0.01294 ptv=0.0780 ptv_max=0.00005 global_ceil=0.01144 ring=0.00003 smooth=0.0097 laplacian=0.0253 beam=0.32677 homogeneity=0.0037 body=0.00000 bowel=0.04317 femur=0.00001
2026-05-25 14:01:41 [INFO] Step 40/54 Loss=18.5771 mse=0.1422 v_opt=0.14518 v_mand=0.04798 ptv=0.0938 ptv_max=0.00009 global_ceil=0.00003 ring=0.00000 smooth=0.0102 laplacian=0.0241 beam=0.44319 homogeneity=0.0074 body=0.00000 bowel=0.00136 femur=0.00000
2026-05-25 14:01:49 [INFO] Step 45/54 Loss=34.3121 mse=0.5344 v_opt=0.05560 v_mand=0.00948 ptv=0.0183 ptv_max=0.00180 global_ceil=0.03788 ring=0.00009 smooth=0.0134 laplacian=0.0359 beam=0.60293 homogeneity=0.0082 body=0.00000 bowel=0.14283 femur=0.04440
2026-05-25 14:01:54 [INFO] Step 50/54 Loss=21.9121 mse=0.3333 v_opt=0.06918 v_mand=0.01213 ptv=0.0409 ptv_max=0.00062 global_ceil=0.00971 ring=0.00000 smooth=0.0121 laplacian=0.0307 beam=0.41753 homogeneity=0.0058 body=0.00000 bowel=0.06539 femur=0.01459
2026-05-25 14:01:58 [INFO] Step 54/54 Loss=19.9364 mse=0.3455 v_opt=0.01788 v_mand=0.00047 ptv=0.0664 ptv_max=0.00027 global_ceil=0.00262 ring=0.00000 smooth=0.0143 laplacian=0.0356 beam=0.39894 homogeneity=0.0063 body=0.00000 bowel=0.00757 femur=0.00000
2026-05-25 14:01:59 [INFO] Running validation at epoch 82...
2026-05-25 14:02:27 [INFO] Epoch 82 Summary: Train=19.7259 Val=0.0252 (MSE=0.0252)
          Metrics: PTV_D95=53.10Gy Bladder=23.77Gy Rectum=27.54Gy
          Metrics: Ring=48.06Gy Dmax=106.21Gy BG=36.33Gy
2026-05-25 14:02:27 [INFO] Epoch 83/300 [FULL PHYSICS] ramp=1.000 lr=8.28e-05
2026-05-25 14:02:35 [INFO] Step 5/54 Loss=26.7513 mse=0.5001 v_opt=0.02800 v_mand=0.00107 ptv=0.0651 ptv_max=0.00007 global_ceil=0.00585 ring=0.00001 smooth=0.0103 laplacian=0.0289 beam=0.49626 homogeneity=0.0032 body=0.00000 bowel=0.02866 femur=0.01299
2026-05-25 14:02:39 [INFO] Step 10/54 Loss=18.5388 mse=0.1761 v_opt=0.00425 v_mand=0.00000 ptv=0.1514 ptv_max=0.00000 global_ceil=0.00017 ring=0.00000 smooth=0.0105 laplacian=0.0261 beam=0.49152 homogeneity=0.0088 body=0.00000 bowel=0.00000 femur=0.00000
2026-05-25 14:02:46 [INFO] Step 15/54 Loss=24.8006 mse=0.3543 v_opt=0.01231 v_mand=0.00004 ptv=0.0897 ptv_max=0.00001 global_ceil=0.00417 ring=0.00000 smooth=0.0138 laplacian=0.0380 beam=0.58237 homogeneity=0.0024 body=0.00000 bowel=0.00000 femur=0.00000
2026-05-25 14:02:51 [INFO] Step 20/54 Loss=14.6153 mse=0.2085 v_opt=0.02544 v_mand=0.00131 ptv=0.1196 ptv_max=0.00001 global_ceil=0.00008 ring=0.00000 smooth=0.0089 laplacian=0.0219 beam=0.31369 homogeneity=0.0063 body=0.00000 bowel=0.00000 femur=0.00000
2026-05-25 14:02:58 [INFO] Step 25/54 Loss=23.5567 mse=0.3276 v_opt=0.00407 v_mand=0.00000 ptv=0.0621 ptv_max=0.00007 global_ceil=0.00173 ring=0.00000 smooth=0.0106 laplacian=0.0280 beam=0.57741 homogeneity=0.0027 body=0.00000 bowel=0.00000 femur=0.00000
2026-05-25 14:03:03 [INFO] Step 30/54 Loss=20.7590 mse=0.3133 v_opt=0.00723 v_mand=0.00032 ptv=0.0652 ptv_max=0.00017 global_ceil=0.00567 ring=0.00000 smooth=0.0092 laplacian=0.0235 beam=0.46668 homogeneity=0.0044 body=0.00000 bowel=0.00357 femur=0.00000
2026-05-25 14:03:10 [INFO] Step 35/54 Loss=21.1965 mse=0.2840 v_opt=0.00211 v_mand=0.00014 ptv=0.0479 ptv_max=0.00059 global_ceil=0.00805 ring=0.00000 smooth=0.0120 laplacian=0.0304 beam=0.49770 homogeneity=0.0067 body=0.00000 bowel=0.02496 femur=0.00000
2026-05-25 14:03:15 [INFO] Step 40/54 Loss=16.8044 mse=0.3288 v_opt=0.00184 v_mand=0.00000 ptv=0.0537 ptv_max=0.00020 global_ceil=0.00206 ring=0.00000 smooth=0.0108 laplacian=0.0283 beam=0.30613 homogeneity=0.0038 body=0.00000 bowel=0.00185 femur=0.00000
2026-05-25 14:03:22 [INFO] Step 45/54 Loss=12.6390 mse=0.1907 v_opt=0.01932 v_mand=0.00085 ptv=0.0753 ptv_max=0.00004 global_ceil=0.00065 ring=0.00000 smooth=0.0102 laplacian=0.0248 beam=0.27127 homogeneity=0.0041 body=0.00000 bowel=0.00000 femur=0.00000
2026-05-25 14:03:28 [INFO] Step 50/54 Loss=19.8239 mse=0.3114 v_opt=0.01506 v_mand=0.00030 ptv=0.0394 ptv_max=0.00035 global_ceil=0.00295 ring=0.00001 smooth=0.0074 laplacian=0.0176 beam=0.44825 homogeneity=0.0049 body=0.00000 bowel=0.00000 femur=0.00000
2026-05-25 14:03:32 [INFO] Step 54/54 Loss=9.9865 mse=0.1711 v_opt=0.00042 v_mand=0.00000 ptv=0.0970 ptv_max=0.00001 global_ceil=0.00030 ring=0.00000 smooth=0.0115 laplacian=0.0271 beam=0.17814 homogeneity=0.0061 body=0.00000 bowel=0.00000 femur=0.00000
2026-05-25 14:03:33 [INFO] Running validation at epoch 83...
2026-05-25 14:04:01 [INFO] Epoch 83 Summary: Train=20.3558 Val=0.0243 (MSE=0.0243)
          Metrics: PTV_D95=52.90Gy Bladder=26.26Gy Rectum=26.42Gy
          Metrics: Ring=48.89Gy Dmax=101.71Gy BG=35.83Gy
2026-05-25 14:04:01 [INFO] [DIAGNOSTIC] Saved fallback model MSE=0.0243
2026-05-25 14:04:01 [INFO] Epoch 84/300 [FULL PHYSICS] ramp=1.000 lr=8.25e-05
2026-05-25 14:04:09 [INFO] Step 5/54 Loss=11.1746 mse=0.3059 v_opt=0.03489 v_mand=0.00649 ptv=0.0674 ptv_max=0.00006 global_ceil=0.00048 ring=0.00000 smooth=0.0081 laplacian=0.0219 beam=0.08966 homogeneity=0.0030 body=0.00000 bowel=0.00000 femur=0.00078
2026-05-25 14:04:14 [INFO] Step 10/54 Loss=35.8830 mse=0.2489 v_opt=0.00397 v_mand=0.00000 ptv=0.1147 ptv_max=0.00000 global_ceil=0.27055 ring=0.00000 smooth=0.0250 laplacian=0.0762 beam=0.57894 homogeneity=0.0050 body=0.00000 bowel=0.00000 femur=0.00000
2026-05-25 14:04:21 [INFO] Step 15/54 Loss=24.1646 mse=0.4124 v_opt=0.04766 v_mand=0.00358 ptv=0.0576 ptv_max=0.00011 global_ceil=0.01632 ring=0.00002 smooth=0.0105 laplacian=0.0255 beam=0.43721 homogeneity=0.0035 body=0.00000 bowel=0.03917 femur=0.04443
2026-05-25 14:04:26 [INFO] Step 20/54 Loss=20.2272 mse=0.2498 v_opt=0.00000 v_mand=0.00000 ptv=0.1692 ptv_max=0.00002 global_ceil=0.00291 ring=0.00000 smooth=0.0154 laplacian=0.0374 beam=0.45588 homogeneity=0.0196 body=0.00000 bowel=0.01007 femur=0.00000
2026-05-25 14:04:33 [INFO] Step 25/54 Loss=13.7071 mse=0.2952 v_opt=0.00974 v_mand=0.00000 ptv=0.0911 ptv_max=0.00001 global_ceil=0.00127 ring=0.00000 smooth=0.0099 laplacian=0.0252 beam=0.20256 homogeneity=0.0066 body=0.00000 bowel=0.00000 femur=0.00000
2026-05-25 14:04:38 [INFO] Step 30/54 Loss=18.0492 mse=0.1868 v_opt=0.00182 v_mand=0.00000 ptv=0.0937 ptv_max=0.00010 global_ceil=0.00298 ring=0.00000 smooth=0.0140 laplacian=0.0351 beam=0.47604 homogeneity=0.0092 body=0.00000 bowel=0.00000 femur=0.00000
2026-05-25 14:04:45 [INFO] Step 35/54 Loss=17.6196 mse=0.3248 v_opt=0.00811 v_mand=0.00003 ptv=0.0561 ptv_max=0.00004 global_ceil=0.00011 ring=0.00000 smooth=0.0094 laplacian=0.0236 beam=0.33828 homogeneity=0.0030 body=0.00000 bowel=0.01349 femur=0.00632
2026-05-25 14:04:50 [INFO] Step 40/54 Loss=17.7039 mse=0.1964 v_opt=0.07568 v_mand=0.01691 ptv=0.0709 ptv_max=0.00002 global_ceil=0.00284 ring=0.00000 smooth=0.0094 laplacian=0.0235 beam=0.43022 homogeneity=0.0032 body=0.00000 bowel=0.00000 femur=0.00000
2026-05-25 14:04:57 [INFO] Step 45/54 Loss=17.3487 mse=0.2992 v_opt=0.01886 v_mand=0.00114 ptv=0.0946 ptv_max=0.00000 global_ceil=0.00081 ring=0.00000 smooth=0.0073 laplacian=0.0186 beam=0.34391 homogeneity=0.0045 body=0.00000 bowel=0.00002 femur=0.00000
2026-05-25 14:05:03 [INFO] Step 50/54 Loss=11.2192 mse=0.1618 v_opt=0.00972 v_mand=0.00000 ptv=0.1164 ptv_max=0.00000 global_ceil=0.00000 ring=0.00000 smooth=0.0109 laplacian=0.0258 beam=0.22951 homogeneity=0.0057 body=0.00000 bowel=0.00000 femur=0.00000
2026-05-25 14:05:08 [INFO] Step 54/54 Loss=17.0235 mse=0.4010 v_opt=0.03691 v_mand=0.00080 ptv=0.0706 ptv_max=0.00006 global_ceil=0.00182 ring=0.00000 smooth=0.0152 laplacian=0.0377 beam=0.21117 homogeneity=0.0037 body=0.00000 bowel=0.03463 femur=0.00024
2026-05-25 14:05:08 [INFO] Running validation at epoch 84...
2026-05-25 14:05:36 [INFO] Epoch 84 Summary: Train=18.5616 Val=0.0244 (MSE=0.0244)
          Metrics: PTV_D95=52.83Gy Bladder=25.68Gy Rectum=29.22Gy
          Metrics: Ring=49.22Gy Dmax=101.55Gy BG=35.97Gy
2026-05-25 14:05:36 [INFO] Epoch 85/300 [FULL PHYSICS] ramp=1.000 lr=8.21e-05
2026-05-25 14:05:43 [INFO] Step 5/54 Loss=26.6935 mse=0.5025 v_opt=0.09122 v_mand=0.03338 ptv=0.0714 ptv_max=0.00032 global_ceil=0.01849 ring=0.00000 smooth=0.0113 laplacian=0.0294 beam=0.37288 homogeneity=0.0073 body=0.00000 bowel=0.04599 femur=0.02783
2026-05-25 14:05:49 [INFO] Step 10/54 Loss=23.6151 mse=0.3883 v_opt=0.05427 v_mand=0.00691 ptv=0.0462 ptv_max=0.00038 global_ceil=0.02312 ring=0.00001 smooth=0.0101 laplacian=0.0258 beam=0.44200 homogeneity=0.0049 body=0.00000 bowel=0.03261 femur=0.00000
2026-05-25 14:05:56 [INFO] Step 15/54 Loss=11.9068 mse=0.1792 v_opt=0.02743 v_mand=0.00431 ptv=0.0665 ptv_max=0.00009 global_ceil=0.00022 ring=0.00000 smooth=0.0084 laplacian=0.0201 beam=0.25060 homogeneity=0.0045 body=0.00000 bowel=0.00025 femur=0.00000
2026-05-25 14:06:01 [INFO] Step 20/54 Loss=15.0098 mse=0.0989 v_opt=0.00000 v_mand=0.00000 ptv=0.1193 ptv_max=0.00007 global_ceil=0.00272 ring=0.00000 smooth=0.0136 laplacian=0.0323 beam=0.43319 homogeneity=0.0096 body=0.00000 bowel=0.00000 femur=0.00000
2026-05-25 14:06:08 [INFO] Step 25/54 Loss=25.2255 mse=0.3869 v_opt=0.00000 v_mand=0.00000 ptv=0.0555 ptv_max=0.00039 global_ceil=0.01876 ring=0.00000 smooth=0.0131 laplacian=0.0389 beam=0.53822 homogeneity=0.0047 body=0.00000 bowel=0.01635 femur=0.00000
2026-05-25 14:06:13 [INFO] Step 30/54 Loss=20.8259 mse=0.2749 v_opt=0.04427 v_mand=0.00709 ptv=0.0739 ptv_max=0.00004 global_ceil=0.00179 ring=0.00000 smooth=0.0117 laplacian=0.0297 beam=0.49757 homogeneity=0.0038 body=0.00000 bowel=0.00000 femur=0.00000
2026-05-25 14:06:20 [INFO] Step 35/54 Loss=13.7454 mse=0.2128 v_opt=0.03495 v_mand=0.00709 ptv=0.0517 ptv_max=0.00001 global_ceil=0.00077 ring=0.00000 smooth=0.0087 laplacian=0.0222 beam=0.29171 homogeneity=0.0015 body=0.00000 bowel=0.00000 femur=0.00000
2026-05-25 14:06:25 [INFO] Step 40/54 Loss=19.7386 mse=0.1959 v_opt=0.10226 v_mand=0.04142 ptv=0.0947 ptv_max=0.00001 global_ceil=0.00018 ring=0.00000 smooth=0.0097 laplacian=0.0244 beam=0.45453 homogeneity=0.0056 body=0.00000 bowel=0.00000 femur=0.00000
2026-05-25 14:06:32 [INFO] Step 45/54 Loss=22.8834 mse=0.3297 v_opt=0.06429 v_mand=0.01735 ptv=0.0510 ptv_max=0.00022 global_ceil=0.00890 ring=0.00000 smooth=0.0174 laplacian=0.0424 beam=0.49111 homogeneity=0.0040 body=0.00000 bowel=0.00453 femur=0.00026
2026-05-25 14:06:37 [INFO] Step 50/54 Loss=24.8046 mse=0.3848 v_opt=0.05452 v_mand=0.00755 ptv=0.0588 ptv_max=0.00006 global_ceil=0.00089 ring=0.00000 smooth=0.0094 laplacian=0.0255 beam=0.52088 homogeneity=0.0031 body=0.00000 bowel=0.05581 femur=0.00000
2026-05-25 14:06:42 [INFO] Step 54/54 Loss=11.4306 mse=0.1997 v_opt=0.00494 v_mand=0.00006 ptv=0.0867 ptv_max=0.00001 global_ceil=0.00006 ring=0.00000 smooth=0.0088 laplacian=0.0208 beam=0.21372 homogeneity=0.0048 body=0.00000 bowel=0.00000 femur=0.00000
2026-05-25 14:06:42 [INFO] Running validation at epoch 85...
2026-05-25 14:07:11 [INFO] Epoch 85 Summary: Train=20.1502 Val=0.0249 (MSE=0.0249)
          Metrics: PTV_D95=54.85Gy Bladder=24.45Gy Rectum=26.74Gy
          Metrics: Ring=50.39Gy Dmax=95.10Gy BG=36.12Gy
2026-05-25 14:07:11 [INFO] Epoch 86/300 [FULL PHYSICS] ramp=1.000 lr=8.17e-05
2026-05-25 14:07:19 [INFO] Step 5/54 Loss=21.0157 mse=0.3357 v_opt=0.00690 v_mand=0.00125 ptv=0.0363 ptv_max=0.00027 global_ceil=0.01150 ring=0.00005 smooth=0.0088 laplacian=0.0221 beam=0.44980 homogeneity=0.0045 body=0.00000 bowel=0.00729 femur=0.00037
2026-05-25 14:07:24 [INFO] Step 10/54 Loss=23.8212 mse=0.3426 v_opt=0.00057 v_mand=0.00000 ptv=0.0866 ptv_max=0.00009 global_ceil=0.01660 ring=0.00000 smooth=0.0099 laplacian=0.0254 beam=0.52832 homogeneity=0.0055 body=0.00000 bowel=0.00000 femur=0.00907
2026-05-25 14:07:31 [INFO] Step 15/54 Loss=18.4317 mse=0.2076 v_opt=0.02182 v_mand=0.00223 ptv=0.1155 ptv_max=0.00000 global_ceil=0.00025 ring=0.00000 smooth=0.0075 laplacian=0.0185 beam=0.45028 homogeneity=0.0051 body=0.00000 bowel=0.03060 femur=0.00000
2026-05-25 14:07:36 [INFO] Step 20/54 Loss=19.3333 mse=0.1966 v_opt=0.06344 v_mand=0.02042 ptv=0.0605 ptv_max=0.00007 global_ceil=0.00722 ring=0.00000 smooth=0.0126 laplacian=0.0322 beam=0.48234 homogeneity=0.0031 body=0.00000 bowel=0.00001 femur=0.00000
2026-05-25 14:07:44 [INFO] Step 25/54 Loss=22.3059 mse=0.2476 v_opt=0.01476 v_mand=0.00045 ptv=0.1016 ptv_max=0.00000 global_ceil=0.01786 ring=0.00000 smooth=0.0153 laplacian=0.0419 beam=0.55377 homogeneity=0.0043 body=0.00000 bowel=0.00000 femur=0.00000
2026-05-25 14:07:49 [INFO] Step 30/54 Loss=11.8185 mse=0.2020 v_opt=0.00136 v_mand=0.00013 ptv=0.0728 ptv_max=0.00008 global_ceil=0.00014 ring=0.00000 smooth=0.0076 laplacian=0.0184 beam=0.23272 homogeneity=0.0047 body=0.00000 bowel=0.00000 femur=0.00000
2026-05-25 14:07:55 [INFO] Step 35/54 Loss=10.5924 mse=0.2188 v_opt=0.00779 v_mand=0.00011 ptv=0.0999 ptv_max=0.00015 global_ceil=0.00377 ring=0.00000 smooth=0.0140 laplacian=0.0325 beam=0.13933 homogeneity=0.0117 body=0.00000 bowel=0.00000 femur=0.00000
2026-05-25 14:08:00 [INFO] Step 40/54 Loss=21.9353 mse=0.2412 v_opt=0.07823 v_mand=0.01665 ptv=0.0755 ptv_max=0.00002 global_ceil=0.01439 ring=0.00000 smooth=0.0125 laplacian=0.0340 beam=0.50263 homogeneity=0.0038 body=0.00000 bowel=0.04089 femur=0.00000
2026-05-25 14:08:07 [INFO] Step 45/54 Loss=28.2587 mse=0.4779 v_opt=0.00357 v_mand=0.00012 ptv=0.0437 ptv_max=0.00041 global_ceil=0.04144 ring=0.00000 smooth=0.0118 laplacian=0.0282 beam=0.47880 homogeneity=0.0049 body=0.00000 bowel=0.02293 femur=0.11619
2026-05-25 14:08:12 [INFO] Step 50/54 Loss=21.9879 mse=0.2900 v_opt=0.03889 v_mand=0.00239 ptv=0.0380 ptv_max=0.00042 global_ceil=0.00866 ring=0.00000 smooth=0.0115 laplacian=0.0313 beam=0.53624 homogeneity=0.0045 body=0.00000 bowel=0.00000 femur=0.00000
2026-05-25 14:08:17 [INFO] Step 54/54 Loss=11.3954 mse=0.2064 v_opt=0.04351 v_mand=0.00660 ptv=0.1072 ptv_max=0.00000 global_ceil=0.00040 ring=0.00000 smooth=0.0106 laplacian=0.0254 beam=0.17996 homogeneity=0.0045 body=0.00000 bowel=0.00000 femur=0.00000
2026-05-25 14:08:17 [INFO] Running validation at epoch 86...
2026-05-25 14:08:46 [INFO] Epoch 86 Summary: Train=20.4616 Val=0.0236 (MSE=0.0236)
          Metrics: PTV_D95=52.20Gy Bladder=26.81Gy Rectum=28.38Gy
          Metrics: Ring=48.47Gy Dmax=96.97Gy BG=35.35Gy
2026-05-25 14:08:46 [INFO] [DIAGNOSTIC] Saved fallback model MSE=0.0236
2026-05-25 14:08:46 [INFO] Epoch 87/300 [FULL PHYSICS] ramp=1.000 lr=8.12e-05
2026-05-25 14:08:53 [INFO] Step 5/54 Loss=28.5226 mse=0.4477 v_opt=0.00532 v_mand=0.00000 ptv=0.0285 ptv_max=0.00057 global_ceil=0.00447 ring=0.00000 smooth=0.0154 laplacian=0.0457 beam=0.61056 homogeneity=0.0051 body=0.00000 bowel=0.07173 femur=0.00396
2026-05-25 14:08:58 [INFO] Step 10/54 Loss=12.8127 mse=0.2861 v_opt=0.00194 v_mand=0.00003 ptv=0.0702 ptv_max=0.00001 global_ceil=0.00018 ring=0.00000 smooth=0.0124 laplacian=0.0310 beam=0.18838 homogeneity=0.0033 body=0.00000 bowel=0.00000 femur=0.00000
2026-05-25 14:09:05 [INFO] Step 15/54 Loss=24.2319 mse=0.4296 v_opt=0.00058 v_mand=0.00000 ptv=0.0586 ptv_max=0.00019 global_ceil=0.00429 ring=0.00000 smooth=0.0091 laplacian=0.0240 beam=0.49572 homogeneity=0.0035 body=0.00000 bowel=0.00311 femur=0.00215
2026-05-25 14:09:09 [INFO] Step 20/54 Loss=17.8172 mse=0.3090 v_opt=0.00663 v_mand=0.00000 ptv=0.0824 ptv_max=0.00006 global_ceil=0.00294 ring=0.00000 smooth=0.0115 laplacian=0.0290 beam=0.35098 homogeneity=0.0073 body=0.00000 bowel=0.00155 femur=0.00000
2026-05-25 14:09:16 [INFO] Step 25/54 Loss=24.7922 mse=0.3950 v_opt=0.02686 v_mand=0.00269 ptv=0.0441 ptv_max=0.00041 global_ceil=0.04499 ring=0.00002 smooth=0.0119 laplacian=0.0301 beam=0.44570 homogeneity=0.0046 body=0.00000 bowel=0.03872 femur=0.00000
2026-05-25 14:09:22 [INFO] Step 30/54 Loss=15.3183 mse=0.1778 v_opt=0.03249 v_mand=0.00550 ptv=0.0578 ptv_max=0.00003 global_ceil=0.00032 ring=0.00000 smooth=0.0075 laplacian=0.0186 beam=0.39093 homogeneity=0.0031 body=0.00000 bowel=0.00000 femur=0.00000
2026-05-25 14:09:29 [INFO] Step 35/54 Loss=18.9548 mse=0.2210 v_opt=0.07826 v_mand=0.01792 ptv=0.0580 ptv_max=0.00037 global_ceil=0.00180 ring=0.00000 smooth=0.0091 laplacian=0.0222 beam=0.44102 homogeneity=0.0067 body=0.00000 bowel=0.02477 femur=0.00000
2026-05-25 14:09:34 [INFO] Step 40/54 Loss=19.1704 mse=0.2934 v_opt=0.00208 v_mand=0.00000 ptv=0.0655 ptv_max=0.00003 global_ceil=0.00023 ring=0.00000 smooth=0.0109 laplacian=0.0278 beam=0.43811 homogeneity=0.0029 body=0.00000 bowel=0.00000 femur=0.00000
2026-05-25 14:09:40 [INFO] Step 45/54 Loss=21.1761 mse=0.2626 v_opt=0.03040 v_mand=0.00356 ptv=0.0829 ptv_max=0.00016 global_ceil=0.01747 ring=0.00000 smooth=0.0115 laplacian=0.0295 beam=0.49430 homogeneity=0.0063 body=0.00000 bowel=0.00000 femur=0.00005
2026-05-25 14:09:47 [INFO] Step 50/54 Loss=21.8362 mse=0.2959 v_opt=0.09782 v_mand=0.03598 ptv=0.0443 ptv_max=0.00012 global_ceil=0.00686 ring=0.00003 smooth=0.0098 laplacian=0.0260 beam=0.45536 homogeneity=0.0028 body=0.00000 bowel=0.00312 femur=0.00137
2026-05-25 14:09:51 [INFO] Step 54/54 Loss=21.0215 mse=0.3676 v_opt=0.02648 v_mand=0.00365 ptv=0.0549 ptv_max=0.00019 global_ceil=0.00418 ring=0.00000 smooth=0.0104 laplacian=0.0261 beam=0.41261 homogeneity=0.0047 body=0.00000 bowel=0.01130 femur=0.00906
2026-05-25 14:09:51 [INFO] Running validation at epoch 87...
2026-05-25 14:10:20 [INFO] Epoch 87 Summary: Train=20.0777 Val=0.0249 (MSE=0.0249)
          Metrics: PTV_D95=52.03Gy Bladder=26.54Gy Rectum=24.48Gy
          Metrics: Ring=48.38Gy Dmax=103.50Gy BG=36.15Gy
2026-05-25 14:10:20 [INFO] Epoch 88/300 [FULL PHYSICS] ramp=1.000 lr=8.08e-05
2026-05-25 14:10:27 [INFO] Step 5/54 Loss=26.1659 mse=0.4397 v_opt=0.00907 v_mand=0.00080 ptv=0.0695 ptv_max=0.00016 global_ceil=0.01273 ring=0.00000 smooth=0.0099 laplacian=0.0256 beam=0.53783 homogeneity=0.0036 body=0.00000 bowel=0.00346 femur=0.00545
2026-05-25 14:10:32 [INFO] Step 10/54 Loss=15.6312 mse=0.1419 v_opt=0.00000 v_mand=0.00000 ptv=0.1055 ptv_max=0.00001 global_ceil=0.00005 ring=0.00000 smooth=0.0065 laplacian=0.0160 beam=0.43250 homogeneity=0.0062 body=0.00000 bowel=0.00000 femur=0.00000
2026-05-25 14:10:40 [INFO] Step 15/54 Loss=15.4696 mse=0.1534 v_opt=0.00768 v_mand=0.00000 ptv=0.1244 ptv_max=0.00003 global_ceil=0.00008 ring=0.00000 smooth=0.0074 laplacian=0.0183 beam=0.40406 homogeneity=0.0084 body=0.00000 bowel=0.00000 femur=0.00000
2026-05-25 14:10:45 [INFO] Step 20/54 Loss=23.6876 mse=0.3893 v_opt=0.04634 v_mand=0.00450 ptv=0.0473 ptv_max=0.00115 global_ceil=0.04035 ring=0.00014 smooth=0.0099 laplacian=0.0262 beam=0.37957 homogeneity=0.0086 body=0.00000 bowel=0.07581 femur=0.00334
2026-05-25 14:10:53 [INFO] Step 25/54 Loss=22.7119 mse=0.4317 v_opt=0.04541 v_mand=0.00902 ptv=0.0394 ptv_max=0.00047 global_ceil=0.02383 ring=0.00001 smooth=0.0142 laplacian=0.0409 beam=0.34366 homogeneity=0.0042 body=0.00000 bowel=0.05513 femur=0.00001
2026-05-25 14:10:58 [INFO] Step 30/54 Loss=18.4884 mse=0.2040 v_opt=0.01434 v_mand=0.00178 ptv=0.0708 ptv_max=0.00031 global_ceil=0.02193 ring=0.00000 smooth=0.0088 laplacian=0.0212 beam=0.44811 homogeneity=0.0049 body=0.00000 bowel=0.00000 femur=0.00031
2026-05-25 14:11:04 [INFO] Step 35/54 Loss=25.4939 mse=0.4145 v_opt=0.01481 v_mand=0.00024 ptv=0.0636 ptv_max=0.00010 global_ceil=0.00408 ring=0.00000 smooth=0.0094 laplacian=0.0249 beam=0.55504 homogeneity=0.0041 body=0.00000 bowel=0.00190 femur=0.01144
2026-05-25 14:11:09 [INFO] Step 40/54 Loss=13.8432 mse=0.3292 v_opt=0.01134 v_mand=0.00001 ptv=0.0943 ptv_max=0.00001 global_ceil=0.00056 ring=0.00000 smooth=0.0102 laplacian=0.0251 beam=0.17481 homogeneity=0.0047 body=0.00000 bowel=0.00008 femur=0.00158
2026-05-25 14:11:16 [INFO] Step 45/54 Loss=19.9605 mse=0.2792 v_opt=0.01691 v_mand=0.00048 ptv=0.0685 ptv_max=0.00001 global_ceil=0.00263 ring=0.00000 smooth=0.0137 laplacian=0.0339 beam=0.47535 homogeneity=0.0019 body=0.00000 bowel=0.00000 femur=0.00000
2026-05-25 14:11:21 [INFO] Step 50/54 Loss=22.2244 mse=0.2772 v_opt=0.05237 v_mand=0.01263 ptv=0.0670 ptv_max=0.00001 global_ceil=0.00056 ring=0.00000 smooth=0.0099 laplacian=0.0240 beam=0.54793 homogeneity=0.0015 body=0.00000 bowel=0.00000 femur=0.00000
2026-05-25 14:11:26 [INFO] Step 54/54 Loss=21.4948 mse=0.3531 v_opt=0.00063 v_mand=0.00000 ptv=0.0584 ptv_max=0.00014 global_ceil=0.00804 ring=0.00000 smooth=0.0086 laplacian=0.0226 beam=0.45435 homogeneity=0.0034 body=0.00000 bowel=0.00719 femur=0.00023
2026-05-25 14:11:26 [INFO] Running validation at epoch 88...
2026-05-25 14:11:55 [INFO] Epoch 88 Summary: Train=19.0381 Val=0.0234 (MSE=0.0234)
          Metrics: PTV_D95=50.81Gy Bladder=24.45Gy Rectum=23.47Gy
          Metrics: Ring=47.41Gy Dmax=112.46Gy BG=35.09Gy
2026-05-25 14:11:55 [INFO] [DIAGNOSTIC] Saved fallback model MSE=0.0234
2026-05-25 14:11:55 [INFO] Epoch 89/300 [FULL PHYSICS] ramp=1.000 lr=8.04e-05
2026-05-25 14:12:01 [INFO] Step 5/54 Loss=12.9247 mse=0.2688 v_opt=0.02688 v_mand=0.00391 ptv=0.0761 ptv_max=0.00003 global_ceil=0.00037 ring=0.00000 smooth=0.0077 laplacian=0.0190 beam=0.19894 homogeneity=0.0044 body=0.00000 bowel=0.00046 femur=0.00000
2026-05-25 14:12:06 [INFO] Step 10/54 Loss=11.8215 mse=0.1570 v_opt=0.02186 v_mand=0.00163 ptv=0.0756 ptv_max=0.00013 global_ceil=0.00169 ring=0.00000 smooth=0.0054 laplacian=0.0132 beam=0.26956 homogeneity=0.0051 body=0.00000 bowel=0.00000 femur=0.00000
2026-05-25 14:12:13 [INFO] Step 15/54 Loss=23.8892 mse=0.4313 v_opt=0.00485 v_mand=0.00000 ptv=0.0461 ptv_max=0.00016 global_ceil=0.00476 ring=0.00000 smooth=0.0077 laplacian=0.0218 beam=0.44094 homogeneity=0.0032 body=0.00000 bowel=0.07790 femur=0.00000
2026-05-25 14:12:18 [INFO] Step 20/54 Loss=19.1775 mse=0.2330 v_opt=0.01028 v_mand=0.00000 ptv=0.0360 ptv_max=0.00053 global_ceil=0.00540 ring=0.00000 smooth=0.0093 laplacian=0.0227 beam=0.49611 homogeneity=0.0049 body=0.00000 bowel=0.00000 femur=0.00000
2026-05-25 14:12:26 [INFO] Step 25/54 Loss=12.7490 mse=0.3076 v_opt=0.00687 v_mand=0.00000 ptv=0.0878 ptv_max=0.00001 global_ceil=0.00399 ring=0.00000 smooth=0.0097 laplacian=0.0241 beam=0.15051 homogeneity=0.0036 body=0.00000 bowel=0.00000 femur=0.00000
2026-05-25 14:12:31 [INFO] Step 30/54 Loss=18.0931 mse=0.1686 v_opt=0.05155 v_mand=0.01202 ptv=0.0888 ptv_max=0.00001 global_ceil=0.00001 ring=0.00000 smooth=0.0076 laplacian=0.0183 beam=0.44966 homogeneity=0.0042 body=0.00000 bowel=0.05729 femur=0.00000
2026-05-25 14:12:38 [INFO] Step 35/54 Loss=14.6371 mse=0.1952 v_opt=0.05099 v_mand=0.00685 ptv=0.0896 ptv_max=0.00001 global_ceil=0.00003 ring=0.00000 smooth=0.0073 laplacian=0.0179 beam=0.32984 homogeneity=0.0036 body=0.00000 bowel=0.00000 femur=0.00000
2026-05-25 14:12:43 [INFO] Step 40/54 Loss=16.3671 mse=0.2983 v_opt=0.02786 v_mand=0.00143 ptv=0.0767 ptv_max=0.00000 global_ceil=0.00004 ring=0.00000 smooth=0.0142 laplacian=0.0356 beam=0.30549 homogeneity=0.0021 body=0.00000 bowel=0.00946 femur=0.00000
2026-05-25 14:12:50 [INFO] Step 45/54 Loss=20.0365 mse=0.4024 v_opt=0.00518 v_mand=0.00013 ptv=0.0284 ptv_max=0.00029 global_ceil=0.00061 ring=0.00000 smooth=0.0084 laplacian=0.0205 beam=0.37681 homogeneity=0.0035 body=0.00000 bowel=0.00000 femur=0.00000
2026-05-25 14:12:56 [INFO] Step 50/54 Loss=9.9886 mse=0.1734 v_opt=0.01013 v_mand=0.00000 ptv=0.0939 ptv_max=0.00002 global_ceil=0.00016 ring=0.00000 smooth=0.0066 laplacian=0.0153 beam=0.17947 homogeneity=0.0056 body=0.00000 bowel=0.00000 femur=0.00000
2026-05-25 14:13:01 [INFO] Step 54/54 Loss=17.1606 mse=0.2949 v_opt=0.01910 v_mand=0.00072 ptv=0.0650 ptv_max=0.00002 global_ceil=0.01340 ring=0.00000 smooth=0.0089 laplacian=0.0222 beam=0.32730 homogeneity=0.0032 body=0.00000 bowel=0.00170 femur=0.00000
2026-05-25 14:13:01 [INFO] Running validation at epoch 89...
2026-05-25 14:13:29 [INFO] Epoch 89 Summary: Train=18.8281 Val=0.0236 (MSE=0.0236)
          Metrics: PTV_D95=53.29Gy Bladder=28.03Gy Rectum=22.12Gy
          Metrics: Ring=49.24Gy Dmax=127.37Gy BG=35.33Gy
2026-05-25 14:13:29 [INFO] Epoch 90/300 [FULL PHYSICS] ramp=1.000 lr=8.00e-05
2026-05-25 14:13:36 [INFO] Step 5/54 Loss=22.9212 mse=0.3061 v_opt=0.03478 v_mand=0.00560 ptv=0.0130 ptv_max=0.00186 global_ceil=0.01163 ring=0.00000 smooth=0.0106 laplacian=0.0288 beam=0.54468 homogeneity=0.0078 body=0.00000 bowel=0.00000 femur=0.00000
2026-05-25 14:13:42 [INFO] Step 10/54 Loss=26.4991 mse=0.3364 v_opt=0.01693 v_mand=0.00021 ptv=0.1346 ptv_max=0.00002 global_ceil=0.00462 ring=0.00000 smooth=0.0145 laplacian=0.0406 beam=0.63142 homogeneity=0.0120 body=0.00000 bowel=0.01492 femur=0.00000
2026-05-25 14:13:47 [INFO] Step 15/54 Loss=21.8586 mse=0.3930 v_opt=0.00579 v_mand=0.00000 ptv=0.0726 ptv_max=0.00003 global_ceil=0.00031 ring=0.00000 smooth=0.0073 laplacian=0.0171 beam=0.44281 homogeneity=0.0043 body=0.00000 bowel=0.00003 femur=0.00262
2026-05-25 14:13:53 [INFO] Step 20/54 Loss=8.9534 mse=0.2051 v_opt=0.00390 v_mand=0.00000 ptv=0.0834 ptv_max=0.00003 global_ceil=0.00002 ring=0.00000 smooth=0.0078 laplacian=0.0184 beam=0.11051 homogeneity=0.0058 body=0.00000 bowel=0.00000 femur=0.00000
2026-05-25 14:13:59 [INFO] Step 25/54 Loss=25.5418 mse=0.3434 v_opt=0.05169 v_mand=0.00500 ptv=0.0118 ptv_max=0.00229 global_ceil=0.04632 ring=0.00001 smooth=0.0143 laplacian=0.0378 beam=0.53804 homogeneity=0.0086 body=0.00000 bowel=0.00000 femur=0.00000
2026-05-25 14:14:05 [INFO] Step 30/54 Loss=29.5197 mse=0.5090 v_opt=0.02570 v_mand=0.00198 ptv=0.0799 ptv_max=0.00009 global_ceil=0.00302 ring=0.00000 smooth=0.0084 laplacian=0.0247 beam=0.49035 homogeneity=0.0039 body=0.00000 bowel=0.07325 femur=0.21137
2026-05-25 14:14:11 [INFO] Step 35/54 Loss=15.1001 mse=0.2645 v_opt=0.04439 v_mand=0.00867 ptv=0.0841 ptv_max=0.00000 global_ceil=0.00422 ring=0.00000 smooth=0.0076 laplacian=0.0185 beam=0.26694 homogeneity=0.0027 body=0.00000 bowel=0.00570 femur=0.00000
2026-05-25 14:14:16 [INFO] Step 40/54 Loss=17.4169 mse=0.2118 v_opt=0.00859 v_mand=0.00000 ptv=0.0797 ptv_max=0.00002 global_ceil=0.00064 ring=0.00000 smooth=0.0093 laplacian=0.0221 beam=0.44371 homogeneity=0.0031 body=0.00000 bowel=0.00000 femur=0.00000
2026-05-25 14:14:23 [INFO] Step 45/54 Loss=18.0013 mse=0.2070 v_opt=0.00032 v_mand=0.00000 ptv=0.0724 ptv_max=0.00007 global_ceil=0.00046 ring=0.00000 smooth=0.0098 laplacian=0.0235 beam=0.47444 homogeneity=0.0040 body=0.00000 bowel=0.00000 femur=0.00000
2026-05-25 14:14:29 [INFO] Step 50/54 Loss=16.1346 mse=0.1510 v_opt=0.03862 v_mand=0.00295 ptv=0.0663 ptv_max=0.00031 global_ceil=0.02810 ring=0.00000 smooth=0.0064 laplacian=0.0159 beam=0.39125 homogeneity=0.0055 body=0.00000 bowel=0.00291 femur=0.00000
2026-05-25 14:14:34 [INFO] Step 54/54 Loss=20.5587 mse=0.3167 v_opt=0.01286 v_mand=0.00078 ptv=0.0439 ptv_max=0.00078 global_ceil=0.02253 ring=0.00008 smooth=0.0098 laplacian=0.0232 beam=0.42542 homogeneity=0.0066 body=0.00000 bowel=0.00000 femur=0.00000
2026-05-25 14:14:34 [INFO] Running validation at epoch 90...
2026-05-25 14:15:03 [INFO] Epoch 90 Summary: Train=18.3349 Val=0.0228 (MSE=0.0228)
          Metrics: PTV_D95=55.16Gy Bladder=29.47Gy Rectum=25.23Gy
          Metrics: Ring=50.94Gy Dmax=115.47Gy BG=34.78Gy
2026-05-25 14:15:03 [INFO] [DIAGNOSTIC] Saved fallback model MSE=0.0228
2026-05-25 14:15:03 [INFO] Epoch 91/300 [FULL PHYSICS] ramp=1.000 lr=7.96e-05
2026-05-25 14:15:09 [INFO] Step 5/54 Loss=16.6349 mse=0.4165 v_opt=0.02613 v_mand=0.00228 ptv=0.0710 ptv_max=0.00002 global_ceil=0.00011 ring=0.00000 smooth=0.0077 laplacian=0.0203 beam=0.20483 homogeneity=0.0030 body=0.00000 bowel=0.00311 femur=0.00000
2026-05-25 14:15:15 [INFO] Step 10/54 Loss=15.4839 mse=0.2262 v_opt=0.00886 v_mand=0.00000 ptv=0.0817 ptv_max=0.00002 global_ceil=0.00067 ring=0.00000 smooth=0.0079 laplacian=0.0202 beam=0.35055 homogeneity=0.0035 body=0.00000 bowel=0.00110 femur=0.00000
2026-05-25 14:15:21 [INFO] Step 15/54 Loss=16.5086 mse=0.1654 v_opt=0.04311 v_mand=0.00694 ptv=0.1020 ptv_max=0.00000 global_ceil=0.00000 ring=0.00000 smooth=0.0085 laplacian=0.0207 beam=0.42878 homogeneity=0.0045 body=0.00000 bowel=0.00000 femur=0.00000
2026-05-25 14:15:26 [INFO] Step 20/54 Loss=11.4005 mse=0.2888 v_opt=0.00005 v_mand=0.00000 ptv=0.0632 ptv_max=0.00008 global_ceil=0.00254 ring=0.00000 smooth=0.0084 laplacian=0.0199 beam=0.12453 homogeneity=0.0032 body=0.00000 bowel=0.00819 femur=0.00000
2026-05-25 14:15:32 [INFO] Step 25/54 Loss=23.5909 mse=0.3496 v_opt=0.01277 v_mand=0.00011 ptv=0.0256 ptv_max=0.00094 global_ceil=0.01704 ring=0.00001 smooth=0.0113 laplacian=0.0304 beam=0.53210 homogeneity=0.0052 body=0.00000 bowel=0.00000 femur=0.00000
2026-05-25 14:15:38 [INFO] Step 30/54 Loss=8.3511 mse=0.2326 v_opt=0.00102 v_mand=0.00000 ptv=0.0607 ptv_max=0.00025 global_ceil=0.00770 ring=0.00000 smooth=0.0098 laplacian=0.0238 beam=0.05080 homogeneity=0.0053 body=0.00000 bowel=0.00000 femur=0.00000
2026-05-25 14:15:43 [INFO] Step 35/54 Loss=16.4817 mse=0.1651 v_opt=0.00099 v_mand=0.00000 ptv=0.0770 ptv_max=0.00002 global_ceil=0.00100 ring=0.00000 smooth=0.0143 laplacian=0.0350 beam=0.45066 homogeneity=0.0036 body=0.00000 bowel=0.00000 femur=0.00000
2026-05-25 14:15:49 [INFO] Step 40/54 Loss=18.5131 mse=0.1375 v_opt=0.00000 v_mand=0.00000 ptv=0.2171 ptv_max=0.00000 global_ceil=0.00000 ring=0.00000 smooth=0.0078 laplacian=0.0187 beam=0.45887 homogeneity=0.0169 body=0.00000 bowel=0.06617 femur=0.00000
2026-05-25 14:15:54 [INFO] Step 45/54 Loss=20.1456 mse=0.2531 v_opt=0.01164 v_mand=0.00000 ptv=0.1023 ptv_max=0.00024 global_ceil=0.00097 ring=0.00000 smooth=0.0091 laplacian=0.0228 beam=0.49233 homogeneity=0.0129 body=0.00000 bowel=0.00000 femur=0.00000
2026-05-25 14:16:00 [INFO] Step 50/54 Loss=26.9570 mse=0.4107 v_opt=0.00376 v_mand=0.00000 ptv=0.0428 ptv_max=0.00010 global_ceil=0.00345 ring=0.00000 smooth=0.0141 laplacian=0.0367 beam=0.63309 homogeneity=0.0020 body=0.00000 bowel=0.00000 femur=0.00000
2026-05-25 14:16:05 [INFO] Step 54/54 Loss=25.3818 mse=0.4453 v_opt=0.00562 v_mand=0.00000 ptv=0.0630 ptv_max=0.00003 global_ceil=0.01339 ring=0.00000 smooth=0.0119 laplacian=0.0317 beam=0.48466 homogeneity=0.0018 body=0.00000 bowel=0.04075 femur=0.00000
2026-05-25 14:16:05 [INFO] Running validation at epoch 91...
2026-05-25 14:16:32 [INFO] Epoch 91 Summary: Train=18.6334 Val=0.0229 (MSE=0.0229)
          Metrics: PTV_D95=52.65Gy Bladder=25.23Gy Rectum=25.06Gy
          Metrics: Ring=48.30Gy Dmax=97.78Gy BG=34.82Gy
2026-05-25 14:16:32 [INFO] Epoch 92/300 [FULL PHYSICS] ramp=1.000 lr=7.92e-05
2026-05-25 14:16:40 [INFO] Step 5/54 Loss=17.6437 mse=0.2574 v_opt=0.07046 v_mand=0.01264 ptv=0.0913 ptv_max=0.00000 global_ceil=0.00129 ring=0.00000 smooth=0.0066 laplacian=0.0183 beam=0.36961 homogeneity=0.0039 body=0.00000 bowel=0.00000 femur=0.00417
2026-05-25 14:16:44 [INFO] Step 10/54 Loss=5.8389 mse=0.0986 v_opt=0.04852 v_mand=0.01406 ptv=0.0354 ptv_max=0.00032 global_ceil=0.00042 ring=0.00000 smooth=0.0059 laplacian=0.0143 beam=0.07986 homogeneity=0.0038 body=0.00000 bowel=0.00000 femur=0.00000
2026-05-25 14:16:51 [INFO] Step 15/54 Loss=10.6243 mse=0.2033 v_opt=0.03440 v_mand=0.00514 ptv=0.0743 ptv_max=0.00006 global_ceil=0.00030 ring=0.00000 smooth=0.0073 laplacian=0.0173 beam=0.17075 homogeneity=0.0044 body=0.00000 bowel=0.00000 femur=0.00000
2026-05-25 14:16:56 [INFO] Step 20/54 Loss=26.1407 mse=0.3950 v_opt=0.00048 v_mand=0.00000 ptv=0.0852 ptv_max=0.00005 global_ceil=0.00126 ring=0.00000 smooth=0.0102 laplacian=0.0308 beam=0.60380 homogeneity=0.0040 body=0.00000 bowel=0.00015 femur=0.00000
2026-05-25 14:17:03 [INFO] Step 25/54 Loss=18.5078 mse=0.2004 v_opt=0.00000 v_mand=0.00000 ptv=0.1256 ptv_max=0.00001 global_ceil=0.00005 ring=0.00000 smooth=0.0085 laplacian=0.0202 beam=0.47799 homogeneity=0.0089 body=0.00000 bowel=0.00000 femur=0.00000
2026-05-25 14:17:08 [INFO] Step 30/54 Loss=18.1351 mse=0.2900 v_opt=0.00000 v_mand=0.00000 ptv=0.0916 ptv_max=0.00006 global_ceil=0.00003 ring=0.00000 smooth=0.0074 laplacian=0.0186 beam=0.38881 homogeneity=0.0069 body=0.00000 bowel=0.00000 femur=0.00000
2026-05-25 14:17:14 [INFO] Step 35/54 Loss=23.3391 mse=0.3633 v_opt=0.00100 v_mand=0.00000 ptv=0.0546 ptv_max=0.00006 global_ceil=0.00251 ring=0.00000 smooth=0.0181 laplacian=0.0443 beam=0.52747 homogeneity=0.0028 body=0.00000 bowel=0.00611 femur=0.00000
2026-05-25 14:17:19 [INFO] Step 40/54 Loss=17.6442 mse=0.2537 v_opt=0.05012 v_mand=0.00500 ptv=0.0948 ptv_max=0.00003 global_ceil=0.00239 ring=0.00000 smooth=0.0098 laplacian=0.0251 beam=0.38223 homogeneity=0.0071 body=0.00000 bowel=0.00312 femur=0.00000
2026-05-25 14:17:26 [INFO] Step 45/54 Loss=26.4547 mse=0.4248 v_opt=0.01597 v_mand=0.00032 ptv=0.0351 ptv_max=0.00021 global_ceil=0.01001 ring=0.00001 smooth=0.0126 laplacian=0.0342 beam=0.58668 homogeneity=0.0025 body=0.00000 bowel=0.00000 femur=0.00000
2026-05-25 14:17:31 [INFO] Step 50/54 Loss=14.0063 mse=0.1205 v_opt=0.01007 v_mand=0.00022 ptv=0.0908 ptv_max=0.00008 global_ceil=0.00023 ring=0.00000 smooth=0.0087 laplacian=0.0205 beam=0.39058 homogeneity=0.0077 body=0.00000 bowel=0.00000 femur=0.00000
2026-05-25 14:17:35 [INFO] Step 54/54 Loss=21.6398 mse=0.2544 v_opt=0.00122 v_mand=0.00000 ptv=0.1003 ptv_max=0.00011 global_ceil=0.00592 ring=0.00000 smooth=0.0100 laplacian=0.0247 beam=0.54693 homogeneity=0.0078 body=0.00000 bowel=0.00000 femur=0.00000
2026-05-25 14:17:35 [INFO] Running validation at epoch 92...
2026-05-25 14:18:03 [INFO] Epoch 92 Summary: Train=18.6669 Val=0.0227 (MSE=0.0227)
          Metrics: PTV_D95=50.98Gy Bladder=26.10Gy Rectum=27.13Gy
          Metrics: Ring=47.26Gy Dmax=121.63Gy BG=34.75Gy
2026-05-25 14:18:03 [INFO] [DIAGNOSTIC] Saved fallback model MSE=0.0227
2026-05-25 14:18:03 [INFO] Epoch 93/300 [FULL PHYSICS] ramp=1.000 lr=7.88e-05
2026-05-25 14:18:10 [INFO] Step 5/54 Loss=21.1063 mse=0.3292 v_opt=0.02777 v_mand=0.00014 ptv=0.0784 ptv_max=0.00002 global_ceil=0.00843 ring=0.00001 smooth=0.0071 laplacian=0.0179 beam=0.45603 homogeneity=0.0040 body=0.00000 bowel=0.00165 femur=0.00040
2026-05-25 14:18:15 [INFO] Step 10/54 Loss=16.6752 mse=0.2729 v_opt=0.02405 v_mand=0.00057 ptv=0.0844 ptv_max=0.00000 global_ceil=0.00003 ring=0.00000 smooth=0.0089 laplacian=0.0238 beam=0.34921 homogeneity=0.0029 body=0.00000 bowel=0.00089 femur=0.00001
2026-05-25 14:18:21 [INFO] Step 15/54 Loss=28.5349 mse=0.3539 v_opt=0.01590 v_mand=0.00000 ptv=0.0834 ptv_max=0.00000 global_ceil=0.04087 ring=0.00000 smooth=0.0224 laplacian=0.0667 beam=0.62661 homogeneity=0.0038 body=0.00000 bowel=0.04545 femur=0.00000
2026-05-25 14:18:27 [INFO] Step 20/54 Loss=23.1467 mse=0.3402 v_opt=0.00372 v_mand=0.00007 ptv=0.0618 ptv_max=0.00011 global_ceil=0.00128 ring=0.00000 smooth=0.0095 laplacian=0.0250 beam=0.53132 homogeneity=0.0045 body=0.00000 bowel=0.02827 femur=0.00000
2026-05-25 14:18:33 [INFO] Step 25/54 Loss=19.9710 mse=0.3314 v_opt=0.08563 v_mand=0.02961 ptv=0.0487 ptv_max=0.00004 global_ceil=0.00016 ring=0.00000 smooth=0.0101 laplacian=0.0257 beam=0.34207 homogeneity=0.0023 body=0.00000 bowel=0.05220 femur=0.00148
2026-05-25 14:18:38 [INFO] Step 30/54 Loss=21.4649 mse=0.3878 v_opt=0.03971 v_mand=0.00947 ptv=0.0384 ptv_max=0.00011 global_ceil=0.00261 ring=0.00000 smooth=0.0099 laplacian=0.0240 beam=0.42022 homogeneity=0.0025 body=0.00000 bowel=0.00000 femur=0.00000
2026-05-25 14:18:45 [INFO] Step 35/54 Loss=10.9842 mse=0.2300 v_opt=0.06745 v_mand=0.02500 ptv=0.0657 ptv_max=0.00000 global_ceil=0.00145 ring=0.00000 smooth=0.0098 laplacian=0.0241 beam=0.11839 homogeneity=0.0014 body=0.00000 bowel=0.00000 femur=0.00000
2026-05-25 14:18:50 [INFO] Step 40/54 Loss=23.5287 mse=0.3547 v_opt=0.00684 v_mand=0.00000 ptv=0.0807 ptv_max=0.00001 global_ceil=0.00050 ring=0.00000 smooth=0.0130 laplacian=0.0303 beam=0.54330 homogeneity=0.0033 body=0.00000 bowel=0.00000 femur=0.00000
2026-05-25 14:18:56 [INFO] Step 45/54 Loss=17.4983 mse=0.2540 v_opt=0.09945 v_mand=0.01882 ptv=0.0660 ptv_max=0.00015 global_ceil=0.00509 ring=0.00000 smooth=0.0087 laplacian=0.0228 beam=0.34681 homogeneity=0.0055 body=0.00000 bowel=0.01120 femur=0.00006
2026-05-25 14:19:01 [INFO] Step 50/54 Loss=25.1113 mse=0.4390 v_opt=0.01551 v_mand=0.00023 ptv=0.0869 ptv_max=0.00004 global_ceil=0.00247 ring=0.00000 smooth=0.0093 laplacian=0.0247 beam=0.48172 homogeneity=0.0033 body=0.00000 bowel=0.03709 femur=0.02959
2026-05-25 14:19:07 [INFO] Step 54/54 Loss=22.5893 mse=0.3184 v_opt=0.02840 v_mand=0.00187 ptv=0.0805 ptv_max=0.00001 global_ceil=0.00167 ring=0.00000 smooth=0.0161 laplacian=0.0384 beam=0.52935 homogeneity=0.0040 body=0.00000 bowel=0.00000 femur=0.00670
2026-05-25 14:19:07 [INFO] Running validation at epoch 93...
2026-05-25 14:19:34 [INFO] Epoch 93 Summary: Train=20.7380 Val=0.0231 (MSE=0.0231)
          Metrics: PTV_D95=53.88Gy Bladder=25.76Gy Rectum=24.42Gy
          Metrics: Ring=49.15Gy Dmax=94.71Gy BG=34.84Gy
2026-05-25 14:19:34 [INFO] Epoch 94/300 [FULL PHYSICS] ramp=1.000 lr=7.83e-05
2026-05-25 14:19:41 [INFO] Step 5/54 Loss=18.5803 mse=0.2882 v_opt=0.03454 v_mand=0.00619 ptv=0.0495 ptv_max=0.00003 global_ceil=0.00012 ring=0.00000 smooth=0.0060 laplacian=0.0155 beam=0.40988 homogeneity=0.0021 body=0.00000 bowel=0.00000 femur=0.01208
2026-05-25 14:19:46 [INFO] Step 10/54 Loss=25.8006 mse=0.4313 v_opt=0.00391 v_mand=0.00000 ptv=0.0263 ptv_max=0.00032 global_ceil=0.00130 ring=0.00001 smooth=0.0098 laplacian=0.0246 beam=0.57743 homogeneity=0.0033 body=0.00000 bowel=0.00000 femur=0.00000
2026-05-25 14:19:53 [INFO] Step 15/54 Loss=14.0691 mse=0.1470 v_opt=0.02599 v_mand=0.00081 ptv=0.0656 ptv_max=0.00029 global_ceil=0.00815 ring=0.00000 smooth=0.0101 laplacian=0.0232 beam=0.35814 homogeneity=0.0057 body=0.00000 bowel=0.00000 femur=0.00000
2026-05-25 14:19:58 [INFO] Step 20/54 Loss=7.7039 mse=0.1463 v_opt=0.03574 v_mand=0.00351 ptv=0.0828 ptv_max=0.00001 global_ceil=0.00000 ring=0.00000 smooth=0.0074 laplacian=0.0173 beam=0.11187 homogeneity=0.0039 body=0.00000 bowel=0.00000 femur=0.00000
2026-05-25 14:20:04 [INFO] Step 25/54 Loss=11.1887 mse=0.2075 v_opt=0.00000 v_mand=0.00000 ptv=0.0881 ptv_max=0.00001 global_ceil=0.00004 ring=0.00000 smooth=0.0068 laplacian=0.0166 beam=0.19755 homogeneity=0.0044 body=0.00000 bowel=0.00000 femur=0.00000
2026-05-25 14:20:10 [INFO] Step 30/54 Loss=14.0320 mse=0.2690 v_opt=0.00005 v_mand=0.00000 ptv=0.0808 ptv_max=0.00008 global_ceil=0.00150 ring=0.00000 smooth=0.0078 laplacian=0.0195 beam=0.24814 homogeneity=0.0050 body=0.00000 bowel=0.00019 femur=0.00000
2026-05-25 14:20:16 [INFO] Step 35/54 Loss=10.7630 mse=0.2512 v_opt=0.00595 v_mand=0.00001 ptv=0.0930 ptv_max=0.00000 global_ceil=0.00004 ring=0.00000 smooth=0.0078 laplacian=0.0202 beam=0.13340 homogeneity=0.0041 body=0.00000 bowel=0.00083 femur=0.00000
2026-05-25 14:20:22 [INFO] Step 40/54 Loss=20.0486 mse=0.2032 v_opt=0.08093 v_mand=0.02654 ptv=0.0975 ptv_max=0.00000 global_ceil=0.00003 ring=0.00000 smooth=0.0079 laplacian=0.0205 beam=0.49212 homogeneity=0.0045 body=0.00000 bowel=0.00000 femur=0.00000
2026-05-25 14:20:27 [INFO] Step 45/54 Loss=11.0091 mse=0.1304 v_opt=0.04916 v_mand=0.01124 ptv=0.0900 ptv_max=0.00005 global_ceil=0.00132 ring=0.00000 smooth=0.0056 laplacian=0.0128 beam=0.23686 homogeneity=0.0048 body=0.00000 bowel=0.00180 femur=0.00000
2026-05-25 14:20:33 [INFO] Step 50/54 Loss=14.7155 mse=0.1244 v_opt=0.00705 v_mand=0.00000 ptv=0.1096 ptv_max=0.00000 global_ceil=0.00011 ring=0.00000 smooth=0.0064 laplacian=0.0151 beam=0.41166 homogeneity=0.0049 body=0.00000 bowel=0.00126 femur=0.00000
2026-05-25 14:20:38 [INFO] Step 54/54 Loss=21.5764 mse=0.3604 v_opt=0.03171 v_mand=0.00575 ptv=0.0624 ptv_max=0.00008 global_ceil=0.00338 ring=0.00001 smooth=0.0110 laplacian=0.0280 beam=0.44748 homogeneity=0.0036 body=0.00000 bowel=0.00000 femur=0.00000
2026-05-25 14:20:38 [INFO] Running validation at epoch 94...
2026-05-25 14:21:05 [INFO] Epoch 94 Summary: Train=20.4805 Val=0.0219 (MSE=0.0219)
          Metrics: PTV_D95=49.46Gy Bladder=24.66Gy Rectum=26.38Gy
          Metrics: Ring=46.93Gy Dmax=126.67Gy BG=34.11Gy
2026-05-25 14:21:05 [INFO] [DIAGNOSTIC] Saved fallback model MSE=0.0219
2026-05-25 14:21:05 [INFO] Epoch 95/300 [FULL PHYSICS] ramp=1.000 lr=7.79e-05
2026-05-25 14:21:13 [INFO] Step 5/54 Loss=18.5433 mse=0.2242 v_opt=0.00728 v_mand=0.00000 ptv=0.1276 ptv_max=0.00001 global_ceil=0.00027 ring=0.00000 smooth=0.0073 laplacian=0.0178 beam=0.45456 homogeneity=0.0087 body=0.00000 bowel=0.00000 femur=0.00000
2026-05-25 14:21:18 [INFO] Step 10/54 Loss=7.7808 mse=0.1320 v_opt=0.00838 v_mand=0.00088 ptv=0.1294 ptv_max=0.00001 global_ceil=0.00004 ring=0.00000 smooth=0.0097 laplacian=0.0221 beam=0.11268 homogeneity=0.0093 body=0.00000 bowel=0.00000 femur=0.00000
2026-05-25 14:21:24 [INFO] Step 15/54 Loss=16.8380 mse=0.1392 v_opt=0.00000 v_mand=0.00000 ptv=0.0972 ptv_max=0.00021 global_ceil=0.00725 ring=0.00000 smooth=0.0116 laplacian=0.0282 beam=0.46583 homogeneity=0.0097 body=0.00000 bowel=0.00000 femur=0.00000
2026-05-25 14:21:29 [INFO] Step 20/54 Loss=21.2517 mse=0.4098 v_opt=0.00794 v_mand=0.00013 ptv=0.0442 ptv_max=0.00037 global_ceil=0.01101 ring=0.00001 smooth=0.0087 laplacian=0.0227 beam=0.38865 homogeneity=0.0047 body=0.00000 bowel=0.00015 femur=0.00000
2026-05-25 14:21:36 [INFO] Step 25/54 Loss=24.1053 mse=0.3764 v_opt=0.04392 v_mand=0.01133 ptv=0.0234 ptv_max=0.00057 global_ceil=0.00452 ring=0.00000 smooth=0.0098 laplacian=0.0264 beam=0.53086 homogeneity=0.0041 body=0.00000 bowel=0.00000 femur=0.00000
2026-05-25 14:21:41 [INFO] Step 30/54 Loss=17.5576 mse=0.2534 v_opt=0.00194 v_mand=0.00000 ptv=0.0733 ptv_max=0.00007 global_ceil=0.00094 ring=0.00000 smooth=0.0068 laplacian=0.0167 beam=0.41068 homogeneity=0.0036 body=0.00000 bowel=0.00000 femur=0.00000
2026-05-25 14:21:48 [INFO] Step 35/54 Loss=9.1221 mse=0.1763 v_opt=0.00002 v_mand=0.00000 ptv=0.1063 ptv_max=0.00002 global_ceil=0.00062 ring=0.00000 smooth=0.0118 laplacian=0.0285 beam=0.13361 homogeneity=0.0061 body=0.00000 bowel=0.00000 femur=0.00000
2026-05-25 14:21:53 [INFO] Step 40/54 Loss=16.9145 mse=0.2175 v_opt=0.00593 v_mand=0.00000 ptv=0.0991 ptv_max=0.00002 global_ceil=0.00234 ring=0.00000 smooth=0.0106 laplacian=0.0267 beam=0.40396 homogeneity=0.0055 body=0.00000 bowel=0.00000 femur=0.00000
2026-05-25 14:21:59 [INFO] Step 45/54 Loss=26.0571 mse=0.5020 v_opt=0.02446 v_mand=0.00208 ptv=0.0655 ptv_max=0.00009 global_ceil=0.02141 ring=0.00003 smooth=0.0110 laplacian=0.0304 beam=0.40257 homogeneity=0.0034 body=0.00000 bowel=0.08800 femur=0.00000
2026-05-25 14:22:05 [INFO] Step 50/54 Loss=25.7727 mse=0.3199 v_opt=0.00029 v_mand=0.00000 ptv=0.0938 ptv_max=0.00005 global_ceil=0.01156 ring=0.00000 smooth=0.0226 laplacian=0.0679 beam=0.62960 homogeneity=0.0074 body=0.00000 bowel=0.00005 femur=0.00000
2026-05-25 14:22:09 [INFO] Step 54/54 Loss=7.3430 mse=0.1601 v_opt=0.00257 v_mand=0.00000 ptv=0.0680 ptv_max=0.00003 global_ceil=0.00005 ring=0.00000 smooth=0.0099 laplacian=0.0230 beam=0.09845 homogeneity=0.0031 body=0.00000 bowel=0.00000 femur=0.00000
2026-05-25 14:22:10 [INFO] Running validation at epoch 95...
2026-05-25 14:22:37 [INFO] Epoch 95 Summary: Train=17.3895 Val=0.0220 (MSE=0.0220)
          Metrics: PTV_D95=53.15Gy Bladder=25.43Gy Rectum=26.28Gy
          Metrics: Ring=48.64Gy Dmax=101.83Gy BG=34.07Gy
2026-05-25 14:22:37 [INFO] Epoch 96/300 [FULL PHYSICS] ramp=1.000 lr=7.75e-05
2026-05-25 14:22:44 [INFO] Step 5/54 Loss=16.6845 mse=0.2577 v_opt=0.10122 v_mand=0.02801 ptv=0.0742 ptv_max=0.00009 global_ceil=0.00983 ring=0.00000 smooth=0.0085 laplacian=0.0207 beam=0.26377 homogeneity=0.0062 body=0.00000 bowel=0.03735 femur=0.00000
2026-05-25 14:22:49 [INFO] Step 10/54 Loss=3.9808 mse=0.1144 v_opt=0.00387 v_mand=0.00000 ptv=0.0919 ptv_max=0.00001 global_ceil=0.00017 ring=0.00000 smooth=0.0075 laplacian=0.0175 beam=0.00000 homogeneity=0.0045 body=0.00000 bowel=0.00000 femur=0.00000
2026-05-25 14:22:55 [INFO] Step 15/54 Loss=12.1189 mse=0.1771 v_opt=0.00784 v_mand=0.00000 ptv=0.0837 ptv_max=0.00000 global_ceil=0.00002 ring=0.00000 smooth=0.0059 laplacian=0.0140 beam=0.26610 homogeneity=0.0032 body=0.00000 bowel=0.00308 femur=0.00000
2026-05-25 14:23:00 [INFO] Step 20/54 Loss=25.7953 mse=0.4553 v_opt=0.04816 v_mand=0.00972 ptv=0.0514 ptv_max=0.00004 global_ceil=0.00622 ring=0.00000 smooth=0.0204 laplacian=0.0497 beam=0.49490 homogeneity=0.0024 body=0.00000 bowel=0.01823 femur=0.00369
2026-05-25 14:23:07 [INFO] Step 25/54 Loss=19.7065 mse=0.2971 v_opt=0.03179 v_mand=0.00497 ptv=0.0736 ptv_max=0.00016 global_ceil=0.00179 ring=0.00000 smooth=0.0110 laplacian=0.0263 beam=0.43155 homogeneity=0.0054 body=0.00000 bowel=0.00000 femur=0.00797
2026-05-25 14:23:12 [INFO] Step 30/54 Loss=12.7727 mse=0.1362 v_opt=0.02552 v_mand=0.00307 ptv=0.0750 ptv_max=0.00001 global_ceil=0.00007 ring=0.00000 smooth=0.0069 laplacian=0.0165 beam=0.33033 homogeneity=0.0029 body=0.00000 bowel=0.00000 femur=0.00000
2026-05-25 14:23:19 [INFO] Step 35/54 Loss=17.8293 mse=0.1652 v_opt=0.00000 v_mand=0.00000 ptv=0.0730 ptv_max=0.00004 global_ceil=0.00929 ring=0.00000 smooth=0.0137 laplacian=0.0337 beam=0.48923 homogeneity=0.0043 body=0.00000 bowel=0.00000 femur=0.00000
2026-05-25 14:23:24 [INFO] Step 40/54 Loss=27.9035 mse=0.4763 v_opt=0.00031 v_mand=0.00000 ptv=0.0302 ptv_max=0.00088 global_ceil=0.02701 ring=0.00001 smooth=0.0129 laplacian=0.0316 beam=0.54409 homogeneity=0.0056 body=0.00000 bowel=0.02173 femur=0.00000
2026-05-25 14:23:29 [INFO] Step 45/54 Loss=8.0987 mse=0.1763 v_opt=0.00350 v_mand=0.00058 ptv=0.0800 ptv_max=0.00007 global_ceil=0.00051 ring=0.00000 smooth=0.0067 laplacian=0.0154 beam=0.10557 homogeneity=0.0048 body=0.00000 bowel=0.00000 femur=0.00000
2026-05-25 14:23:36 [INFO] Step 50/54 Loss=10.8342 mse=0.2605 v_opt=0.00004 v_mand=0.00000 ptv=0.0935 ptv_max=0.00000 global_ceil=0.00001 ring=0.00000 smooth=0.0080 laplacian=0.0215 beam=0.12782 homogeneity=0.0029 body=0.00000 bowel=0.00104 femur=0.00008
2026-05-25 14:23:40 [INFO] Step 54/54 Loss=14.7011 mse=0.1202 v_opt=0.06496 v_mand=0.01749 ptv=0.0891 ptv_max=0.00000 global_ceil=0.00033 ring=0.00000 smooth=0.0071 laplacian=0.0171 beam=0.37992 homogeneity=0.0028 body=0.00000 bowel=0.00925 femur=0.00000
2026-05-25 14:23:41 [INFO] Running validation at epoch 96...
2026-05-25 14:24:07 [INFO] Epoch 96 Summary: Train=16.7269 Val=0.0221 (MSE=0.0221)
          Metrics: PTV_D95=53.78Gy Bladder=28.54Gy Rectum=24.90Gy
          Metrics: Ring=49.14Gy Dmax=106.71Gy BG=34.13Gy
2026-05-25 14:24:07 [INFO] Epoch 97/300 [FULL PHYSICS] ramp=1.000 lr=7.70e-05
2026-05-25 14:24:15 [INFO] Step 5/54 Loss=10.9107 mse=0.2736 v_opt=0.01898 v_mand=0.00000 ptv=0.0788 ptv_max=0.00001 global_ceil=0.01307 ring=0.00000 smooth=0.0104 laplacian=0.0266 beam=0.09440 homogeneity=0.0035 body=0.00000 bowel=0.00000 femur=0.00164
2026-05-25 14:24:20 [INFO] Step 10/54 Loss=17.5138 mse=0.2583 v_opt=0.06098 v_mand=0.01000 ptv=0.0627 ptv_max=0.00005 global_ceil=0.00099 ring=0.00000 smooth=0.0093 laplacian=0.0232 beam=0.38206 homogeneity=0.0026 body=0.00000 bowel=0.00135 femur=0.00000
2026-05-25 14:24:26 [INFO] Step 15/54 Loss=15.4109 mse=0.2895 v_opt=0.00798 v_mand=0.00015 ptv=0.0634 ptv_max=0.00009 global_ceil=0.00260 ring=0.00000 smooth=0.0103 laplacian=0.0254 beam=0.27435 homogeneity=0.0035 body=0.00000 bowel=0.02037 femur=0.00000
2026-05-25 14:24:31 [INFO] Step 20/54 Loss=10.0423 mse=0.0976 v_opt=0.01454 v_mand=0.00016 ptv=0.1213 ptv_max=0.00000 global_ceil=0.00023 ring=0.00000 smooth=0.0053 laplacian=0.0127 beam=0.24548 homogeneity=0.0067 body=0.00000 bowel=0.00000 femur=0.00000
2026-05-25 14:24:37 [INFO] Step 25/54 Loss=13.2544 mse=0.1682 v_opt=0.00455 v_mand=0.00000 ptv=0.1226 ptv_max=0.00000 global_ceil=0.00000 ring=0.00000 smooth=0.0101 laplacian=0.0234 beam=0.30170 homogeneity=0.0072 body=0.00000 bowel=0.00000 femur=0.00000
2026-05-25 14:24:43 [INFO] Step 30/54 Loss=15.3060 mse=0.4326 v_opt=0.04982 v_mand=0.01217 ptv=0.0614 ptv_max=0.00007 global_ceil=0.00200 ring=0.00000 smooth=0.0086 laplacian=0.0247 beam=0.11433 homogeneity=0.0029 body=0.00000 bowel=0.00031 femur=0.00054
2026-05-25 14:24:49 [INFO] Step 35/54 Loss=25.5097 mse=0.4801 v_opt=0.05707 v_mand=0.01405 ptv=0.0498 ptv_max=0.00016 global_ceil=0.00523 ring=0.00000 smooth=0.0118 laplacian=0.0290 beam=0.44828 homogeneity=0.0037 body=0.00000 bowel=0.02850 femur=0.00399
2026-05-25 14:24:55 [INFO] Step 40/54 Loss=20.4509 mse=0.3268 v_opt=0.00108 v_mand=0.00014 ptv=0.0425 ptv_max=0.00040 global_ceil=0.00309 ring=0.00000 smooth=0.0080 laplacian=0.0198 beam=0.42517 homogeneity=0.0057 body=0.00000 bowel=0.04119 femur=0.01650
2026-05-25 14:25:00 [INFO] Step 45/54 Loss=15.6461 mse=0.2528 v_opt=0.00858 v_mand=0.00000 ptv=0.0780 ptv_max=0.00004 global_ceil=0.00117 ring=0.00000 smooth=0.0100 laplacian=0.0235 beam=0.32943 homogeneity=0.0051 body=0.00000 bowel=0.00000 femur=0.00000
2026-05-25 14:25:06 [INFO] Step 50/54 Loss=14.1166 mse=0.1240 v_opt=0.02348 v_mand=0.00220 ptv=0.1585 ptv_max=0.00001 global_ceil=0.00000 ring=0.00000 smooth=0.0066 laplacian=0.0154 beam=0.35742 homogeneity=0.0127 body=0.00000 bowel=0.00000 femur=0.00000
2026-05-25 14:25:10 [INFO] Step 54/54 Loss=14.0200 mse=0.1321 v_opt=0.01280 v_mand=0.00060 ptv=0.0922 ptv_max=0.00005 global_ceil=0.00057 ring=0.00000 smooth=0.0067 laplacian=0.0155 beam=0.37936 homogeneity=0.0068 body=0.00000 bowel=0.00000 femur=0.00000
2026-05-25 14:25:11 [INFO] Running validation at epoch 97...
2026-05-25 14:25:38 [INFO] Epoch 97 Summary: Train=17.5803 Val=0.0213 (MSE=0.0213)
          Metrics: PTV_D95=53.39Gy Bladder=29.71Gy Rectum=25.50Gy
          Metrics: Ring=48.80Gy Dmax=122.13Gy BG=33.67Gy
2026-05-25 14:25:38 [INFO] [DIAGNOSTIC] Saved fallback model MSE=0.0213
2026-05-25 14:25:38 [INFO] Epoch 98/300 [FULL PHYSICS] ramp=1.000 lr=7.66e-05
2026-05-25 14:25:46 [INFO] Step 5/54 Loss=11.2020 mse=0.2093 v_opt=0.00401 v_mand=0.00029 ptv=0.0663 ptv_max=0.00009 global_ceil=0.00230 ring=0.00000 smooth=0.0096 laplacian=0.0232 beam=0.19794 homogeneity=0.0040 body=0.00000 bowel=0.00000 femur=0.00000
2026-05-25 14:25:50 [INFO] Step 10/54 Loss=15.2781 mse=0.1673 v_opt=0.02034 v_mand=0.00053 ptv=0.0652 ptv_max=0.00005 global_ceil=0.00013 ring=0.00000 smooth=0.0081 laplacian=0.0189 beam=0.40592 homogeneity=0.0039 body=0.00000 bowel=0.00236 femur=0.00000
2026-05-25 14:25:57 [INFO] Step 15/54 Loss=15.6657 mse=0.3036 v_opt=0.01678 v_mand=0.00000 ptv=0.0999 ptv_max=0.00000 global_ceil=0.00182 ring=0.00000 smooth=0.0112 laplacian=0.0270 beam=0.25113 homogeneity=0.0042 body=0.00000 bowel=0.02961 femur=0.00000
2026-05-25 14:26:02 [INFO] Step 20/54 Loss=18.7489 mse=0.3542 v_opt=0.05075 v_mand=0.00969 ptv=0.0567 ptv_max=0.00006 global_ceil=0.01280 ring=0.00001 smooth=0.0112 laplacian=0.0266 beam=0.29893 homogeneity=0.0021 body=0.00000 bowel=0.02885 femur=0.00000
2026-05-25 14:26:08 [INFO] Step 25/54 Loss=10.4495 mse=0.1474 v_opt=0.01136 v_mand=0.00001 ptv=0.0885 ptv_max=0.00000 global_ceil=0.00025 ring=0.00000 smooth=0.0091 laplacian=0.0207 beam=0.22591 homogeneity=0.0042 body=0.00000 bowel=0.00000 femur=0.00000
2026-05-25 14:26:13 [INFO] Step 30/54 Loss=15.4625 mse=0.1685 v_opt=0.03955 v_mand=0.00664 ptv=0.0676 ptv_max=0.00004 global_ceil=0.00051 ring=0.00000 smooth=0.0080 laplacian=0.0194 beam=0.39066 homogeneity=0.0042 body=0.00000 bowel=0.01179 femur=0.00000
2026-05-25 14:26:20 [INFO] Step 35/54 Loss=16.2328 mse=0.1788 v_opt=0.02025 v_mand=0.00085 ptv=0.0700 ptv_max=0.00003 global_ceil=0.00130 ring=0.00000 smooth=0.0101 laplacian=0.0244 beam=0.42716 homogeneity=0.0049 body=0.00000 bowel=0.00000 femur=0.00003
2026-05-25 14:26:25 [INFO] Step 40/54 Loss=28.6158 mse=0.4319 v_opt=0.00538 v_mand=0.00000 ptv=0.0444 ptv_max=0.00006 global_ceil=0.04735 ring=0.00000 smooth=0.0207 laplacian=0.0574 beam=0.58023 homogeneity=0.0023 body=0.00000 bowel=0.00847 femur=0.00000
2026-05-25 14:26:31 [INFO] Step 45/54 Loss=31.0222 mse=0.2889 v_opt=0.00964 v_mand=0.00000 ptv=0.0984 ptv_max=0.00000 global_ceil=0.13108 ring=0.00000 smooth=0.0301 laplacian=0.0812 beam=0.62902 homogeneity=0.0040 body=0.00000 bowel=0.00000 femur=0.00000
2026-05-25 14:26:36 [INFO] Step 50/54 Loss=26.6037 mse=0.4453 v_opt=0.00988 v_mand=0.00000 ptv=0.0318 ptv_max=0.00038 global_ceil=0.01173 ring=0.00000 smooth=0.0090 laplacian=0.0241 beam=0.57159 homogeneity=0.0036 body=0.00000 bowel=0.00000 femur=0.00000
2026-05-25 14:26:41 [INFO] Step 54/54 Loss=11.9325 mse=0.2081 v_opt=0.00724 v_mand=0.00011 ptv=0.0538 ptv_max=0.00009 global_ceil=0.00121 ring=0.00000 smooth=0.0070 laplacian=0.0190 beam=0.23785 homogeneity=0.0024 body=0.00000 bowel=0.00006 femur=0.00007
2026-05-25 14:26:41 [INFO] Running validation at epoch 98...
2026-05-25 14:27:08 [INFO] Epoch 98 Summary: Train=18.4866 Val=0.0227 (MSE=0.0227)
          Metrics: PTV_D95=52.29Gy Bladder=29.78Gy Rectum=21.43Gy
          Metrics: Ring=48.11Gy Dmax=105.82Gy BG=34.39Gy
2026-05-25 14:27:08 [INFO] Epoch 99/300 [FULL PHYSICS] ramp=1.000 lr=7.61e-05
2026-05-25 14:27:15 [INFO] Step 5/54 Loss=18.1947 mse=0.1643 v_opt=0.10815 v_mand=0.04629 ptv=0.0828 ptv_max=0.00005 global_ceil=0.00028 ring=0.00000 smooth=0.0080 laplacian=0.0193 beam=0.41165 homogeneity=0.0056 body=0.00000 bowel=0.00000 femur=0.02003
2026-05-25 14:27:21 [INFO] Step 10/54 Loss=30.3635 mse=0.3581 v_opt=0.14641 v_mand=0.07293 ptv=0.0487 ptv_max=0.00016 global_ceil=0.09112 ring=0.00007 smooth=0.0117 laplacian=0.0322 beam=0.37026 homogeneity=0.0024 body=0.00000 bowel=0.14635 femur=0.07320
2026-05-25 14:27:27 [INFO] Step 15/54 Loss=14.7432 mse=0.1304 v_opt=0.01564 v_mand=0.00046 ptv=0.1097 ptv_max=0.00000 global_ceil=0.00484 ring=0.00000 smooth=0.0078 laplacian=0.0197 beam=0.38747 homogeneity=0.0046 body=0.00000 bowel=0.01362 femur=0.00000
2026-05-25 14:27:32 [INFO] Step 20/54 Loss=27.6342 mse=0.4723 v_opt=0.00043 v_mand=0.00000 ptv=0.0251 ptv_max=0.00054 global_ceil=0.00498 ring=0.00001 smooth=0.0100 laplacian=0.0268 beam=0.60079 homogeneity=0.0041 body=0.00000 bowel=0.00000 femur=0.00000
2026-05-25 14:27:38 [INFO] Step 25/54 Loss=15.7322 mse=0.1158 v_opt=0.00000 v_mand=0.00000 ptv=0.3559 ptv_max=0.00000 global_ceil=0.00000 ring=0.00000 smooth=0.0077 laplacian=0.0181 beam=0.33908 homogeneity=0.0352 body=0.00000 bowel=0.00000 femur=0.00000
2026-05-25 14:27:44 [INFO] Step 30/54 Loss=12.5190 mse=0.2009 v_opt=0.05347 v_mand=0.00535 ptv=0.0700 ptv_max=0.00003 global_ceil=0.00026 ring=0.00000 smooth=0.0094 laplacian=0.0221 beam=0.24897 homogeneity=0.0031 body=0.00000 bowel=0.00000 femur=0.00000
2026-05-25 14:27:50 [INFO] Step 35/54 Loss=21.7448 mse=0.2869 v_opt=0.00000 v_mand=0.00000 ptv=0.0461 ptv_max=0.00025 global_ceil=0.01408 ring=0.00000 smooth=0.0144 laplacian=0.0444 beam=0.52249 homogeneity=0.0035 body=0.00000 bowel=0.00000 femur=0.00000
2026-05-25 14:27:55 [INFO] Step 40/54 Loss=13.2104 mse=0.3870 v_opt=0.04184 v_mand=0.00094 ptv=0.0640 ptv_max=0.00002 global_ceil=0.00044 ring=0.00000 smooth=0.0075 laplacian=0.0190 beam=0.09275 homogeneity=0.0022 body=0.00000 bowel=0.01831 femur=0.00000
2026-05-25 14:28:01 [INFO] Step 45/54 Loss=12.6632 mse=0.1851 v_opt=0.01490 v_mand=0.00065 ptv=0.0647 ptv_max=0.00014 global_ceil=0.00100 ring=0.00000 smooth=0.0098 laplacian=0.0235 beam=0.28051 homogeneity=0.0057 body=0.00000 bowel=0.00000 femur=0.00000
2026-05-25 14:28:06 [INFO] Step 50/54 Loss=16.9935 mse=0.1849 v_opt=0.00518 v_mand=0.00000 ptv=0.0122 ptv_max=0.00180 global_ceil=0.00926 ring=0.00000 smooth=0.0069 laplacian=0.0180 beam=0.45003 homogeneity=0.0078 body=0.00000 bowel=0.00000 femur=0.00000
2026-05-25 14:28:11 [INFO] Step 54/54 Loss=27.1488 mse=0.4707 v_opt=0.01983 v_mand=0.00166 ptv=0.0460 ptv_max=0.00020 global_ceil=0.01058 ring=0.00000 smooth=0.0105 laplacian=0.0279 beam=0.52813 homogeneity=0.0023 body=0.00000 bowel=0.05606 femur=0.00000
2026-05-25 14:28:11 [INFO] Running validation at epoch 99...
2026-05-25 14:28:38 [INFO] Epoch 99 Summary: Train=19.1239 Val=0.0213 (MSE=0.0213)
          Metrics: PTV_D95=50.44Gy Bladder=24.77Gy Rectum=21.92Gy
          Metrics: Ring=46.12Gy Dmax=117.33Gy BG=33.49Gy
2026-05-25 14:28:38 [INFO] [DIAGNOSTIC] Saved fallback model MSE=0.0213
2026-05-25 14:28:38 [INFO] Epoch 100/300 [FULL PHYSICS] ramp=1.000 lr=7.57e-05
2026-05-25 14:28:45 [INFO] Step 5/54 Loss=23.3149 mse=0.3634 v_opt=0.03251 v_mand=0.00642 ptv=0.0821 ptv_max=0.00000 global_ceil=0.00028 ring=0.00000 smooth=0.0085 laplacian=0.0219 beam=0.48122 homogeneity=0.0030 body=0.00000 bowel=0.05338 femur=0.00000
2026-05-25 14:28:50 [INFO] Step 10/54 Loss=22.5095 mse=0.3320 v_opt=0.03132 v_mand=0.00102 ptv=0.1027 ptv_max=0.00001 global_ceil=0.00004 ring=0.00000 smooth=0.0097 laplacian=0.0266 beam=0.49951 homogeneity=0.0047 body=0.00000 bowel=0.02266 femur=0.00000
2026-05-25 14:28:56 [INFO] Step 15/54 Loss=17.7714 mse=0.2462 v_opt=0.15063 v_mand=0.05072 ptv=0.0503 ptv_max=0.00020 global_ceil=0.00468 ring=0.00000 smooth=0.0098 laplacian=0.0239 beam=0.31146 homogeneity=0.0045 body=0.00000 bowel=0.00041 femur=0.00000
2026-05-25 14:29:01 [INFO] Step 20/54 Loss=23.7634 mse=0.2855 v_opt=0.02527 v_mand=0.00236 ptv=0.0506 ptv_max=0.00023 global_ceil=0.01625 ring=0.00003 smooth=0.0074 laplacian=0.0191 beam=0.59683 homogeneity=0.0039 body=0.00000 bowel=0.00000 femur=0.00000
2026-05-25 14:29:08 [INFO] Step 25/54 Loss=24.6683 mse=0.3756 v_opt=0.00083 v_mand=0.00000 ptv=0.0225 ptv_max=0.00064 global_ceil=0.00287 ring=0.00001 smooth=0.0099 laplacian=0.0259 beam=0.58340 homogeneity=0.0044 body=0.00000 bowel=0.00000 femur=0.00000
2026-05-25 14:29:13 [INFO] Step 30/54 Loss=15.4417 mse=0.1389 v_opt=0.00000 v_mand=0.00000 ptv=0.0951 ptv_max=0.00004 global_ceil=0.01244 ring=0.00000 smooth=0.0085 laplacian=0.0214 beam=0.40588 homogeneity=0.0064 body=0.00000 bowel=0.00000 femur=0.00000
2026-05-25 14:29:19 [INFO] Step 35/54 Loss=23.2255 mse=0.3474 v_opt=0.02533 v_mand=0.00257 ptv=0.0755 ptv_max=0.00004 global_ceil=0.00022 ring=0.00000 smooth=0.0082 laplacian=0.0212 beam=0.53454 homogeneity=0.0056 body=0.00000 bowel=0.00000 femur=0.00000
2026-05-25 14:29:24 [INFO] Step 40/54 Loss=21.5464 mse=0.3951 v_opt=0.04822 v_mand=0.00995 ptv=0.0432 ptv_max=0.00014 global_ceil=0.00690 ring=0.00001 smooth=0.0099 laplacian=0.0234 beam=0.37907 homogeneity=0.0028 body=0.00000 bowel=0.03891 femur=0.00340
2026-05-25 14:29:30 [INFO] Step 45/54 Loss=22.1930 mse=0.2641 v_opt=0.05395 v_mand=0.01227 ptv=0.0379 ptv_max=0.00038 global_ceil=0.05797 ring=0.00000 smooth=0.0084 laplacian=0.0207 beam=0.45013 homogeneity=0.0042 body=0.00000 bowel=0.00000 femur=0.00864
2026-05-25 14:29:36 [INFO] Step 50/54 Loss=19.0313 mse=0.2712 v_opt=0.03989 v_mand=0.00922 ptv=0.0399 ptv_max=0.00020 global_ceil=0.00161 ring=0.00000 smooth=0.0080 laplacian=0.0206 beam=0.44028 homogeneity=0.0035 body=0.00000 bowel=0.00000 femur=0.00106
2026-05-25 14:29:40 [INFO] Step 54/54 Loss=17.0544 mse=0.1926 v_opt=0.03441 v_mand=0.00192 ptv=0.1279 ptv_max=0.00006 global_ceil=0.00854 ring=0.00000 smooth=0.0109 laplacian=0.0251 beam=0.38335 homogeneity=0.0122 body=0.00000 bowel=0.02619 femur=0.00000
2026-05-25 14:29:40 [INFO] Running validation at epoch 100...
2026-05-25 14:30:07 [INFO] Epoch 100 Summary: Train=18.6930 Val=0.0214 (MSE=0.0214)
          Metrics: PTV_D95=53.57Gy Bladder=26.56Gy Rectum=26.15Gy
          Metrics: Ring=48.47Gy Dmax=100.62Gy BG=33.68Gy
2026-05-25 14:30:07 [INFO] Epoch 101/300 [FULL PHYSICS] ramp=1.000 lr=7.52e-05
2026-05-25 14:30:14 [INFO] Step 5/54 Loss=14.7260 mse=0.2718 v_opt=0.05243 v_mand=0.01664 ptv=0.0996 ptv_max=0.00002 global_ceil=0.00035 ring=0.00000 smooth=0.0077 laplacian=0.0203 beam=0.23050 homogeneity=0.0053 body=0.00000 bowel=0.00000 femur=0.00000
2026-05-25 14:30:19 [INFO] Step 10/54 Loss=13.8810 mse=0.1215 v_opt=0.06801 v_mand=0.01749 ptv=0.0420 ptv_max=0.00005 global_ceil=0.00002 ring=0.00000 smooth=0.0105 laplacian=0.0244 beam=0.36921 homogeneity=0.0021 body=0.00000 bowel=0.00000 femur=0.00000
2026-05-25 14:30:26 [INFO] Step 15/54 Loss=11.2989 mse=0.3747 v_opt=0.01580 v_mand=0.00033 ptv=0.0698 ptv_max=0.00014 global_ceil=0.00428 ring=0.00000 smooth=0.0106 laplacian=0.0264 beam=0.01721 homogeneity=0.0035 body=0.00000 bowel=0.00815 femur=0.01863
2026-05-25 14:30:31 [INFO] Step 20/54 Loss=20.4183 mse=0.3404 v_opt=0.00001 v_mand=0.00000 ptv=0.0663 ptv_max=0.00005 global_ceil=0.00055 ring=0.00000 smooth=0.0059 laplacian=0.0148 beam=0.39211 homogeneity=0.0033 body=0.00000 bowel=0.08424 femur=0.00000
2026-05-25 14:30:36 [INFO] Step 25/54 Loss=25.3211 mse=0.4028 v_opt=0.06312 v_mand=0.01837 ptv=0.0727 ptv_max=0.00018 global_ceil=0.00930 ring=0.00000 smooth=0.0150 laplacian=0.0368 beam=0.50550 homogeneity=0.0046 body=0.00000 bowel=0.00389 femur=0.00003
2026-05-25 14:30:43 [INFO] Step 30/54 Loss=17.8862 mse=0.3905 v_opt=0.00505 v_mand=0.00000 ptv=0.0634 ptv_max=0.00005 global_ceil=0.00118 ring=0.00000 smooth=0.0094 laplacian=0.0235 beam=0.28709 homogeneity=0.0034 body=0.00000 bowel=0.00274 femur=0.00000
2026-05-25 14:30:48 [INFO] Step 35/54 Loss=6.6248 mse=0.1749 v_opt=0.00718 v_mand=0.00000 ptv=0.0751 ptv_max=0.00003 global_ceil=0.00007 ring=0.00000 smooth=0.0073 laplacian=0.0171 beam=0.05215 homogeneity=0.0040 body=0.00000 bowel=0.00000 femur=0.00000
2026-05-25 14:30:54 [INFO] Step 40/54 Loss=13.4667 mse=0.2886 v_opt=0.03664 v_mand=0.00686 ptv=0.0483 ptv_max=0.00007 global_ceil=0.00335 ring=0.00000 smooth=0.0079 laplacian=0.0206 beam=0.20081 homogeneity=0.0023 body=0.00000 bowel=0.00000 femur=0.00000
2026-05-25 14:30:59 [INFO] Step 45/54 Loss=18.1445 mse=0.2743 v_opt=0.01414 v_mand=0.00036 ptv=0.0746 ptv_max=0.00000 global_ceil=0.00008 ring=0.00000 smooth=0.0062 laplacian=0.0160 beam=0.40795 homogeneity=0.0019 body=0.00000 bowel=0.01115 femur=0.00000
2026-05-25 14:31:05 [INFO] Step 50/54 Loss=13.2657 mse=0.1252 v_opt=0.02910 v_mand=0.00074 ptv=0.0818 ptv_max=0.00001 global_ceil=0.00014 ring=0.00000 smooth=0.0072 laplacian=0.0168 beam=0.36199 homogeneity=0.0036 body=0.00000 bowel=0.00000 femur=0.00000
2026-05-25 14:31:10 [INFO] Step 54/54 Loss=18.6659 mse=0.2105 v_opt=0.01869 v_mand=0.00014 ptv=0.0835 ptv_max=0.00048 global_ceil=0.00714 ring=0.00000 smooth=0.0092 laplacian=0.0222 beam=0.47175 homogeneity=0.0091 body=0.00000 bowel=0.00000 femur=0.00000
2026-05-25 14:31:10 [INFO] Running validation at epoch 101...
2026-05-25 14:31:37 [INFO] Epoch 101 Summary: Train=17.1467 Val=0.0207 (MSE=0.0207)
          Metrics: PTV_D95=52.55Gy Bladder=28.61Gy Rectum=26.40Gy
          Metrics: Ring=47.16Gy Dmax=107.22Gy BG=33.14Gy
2026-05-25 14:31:37 [INFO] [DIAGNOSTIC] Saved fallback model MSE=0.0207
2026-05-25 14:31:37 [INFO] Epoch 102/300 [FULL PHYSICS] ramp=1.000 lr=7.48e-05
2026-05-25 14:31:44 [INFO] Step 5/54 Loss=10.8332 mse=0.1877 v_opt=0.00476 v_mand=0.00000 ptv=0.0968 ptv_max=0.00001 global_ceil=0.00000 ring=0.00000 smooth=0.0090 laplacian=0.0216 beam=0.19728 homogeneity=0.0057 body=0.00000 bowel=0.00000 femur=0.00000
2026-05-25 14:31:49 [INFO] Step 10/54 Loss=21.9509 mse=0.2895 v_opt=0.02156 v_mand=0.00217 ptv=0.0812 ptv_max=0.00000 global_ceil=0.00458 ring=0.00000 smooth=0.0128 laplacian=0.0322 beam=0.51977 homogeneity=0.0025 body=0.00000 bowel=0.02029 femur=0.00000
2026-05-25 14:31:56 [INFO] Step 15/54 Loss=18.2269 mse=0.3037 v_opt=0.00490 v_mand=0.00000 ptv=0.0687 ptv_max=0.00001 global_ceil=0.00008 ring=0.00000 smooth=0.0077 laplacian=0.0184 beam=0.38266 homogeneity=0.0023 body=0.00000 bowel=0.01473 femur=0.00000
2026-05-25 14:32:01 [INFO] Step 20/54 Loss=13.6198 mse=0.2175 v_opt=0.00530 v_mand=0.00000 ptv=0.0529 ptv_max=0.00003 global_ceil=0.00098 ring=0.00000 smooth=0.0133 laplacian=0.0306 beam=0.29474 homogeneity=0.0027 body=0.00000 bowel=0.00000 femur=0.00000
2026-05-25 14:32:08 [INFO] Step 25/54 Loss=18.8335 mse=0.1869 v_opt=0.09180 v_mand=0.03336 ptv=0.0480 ptv_max=0.00007 global_ceil=0.03831 ring=0.00000 smooth=0.0095 laplacian=0.0229 beam=0.38894 homogeneity=0.0028 body=0.00000 bowel=0.00000 femur=0.00000
2026-05-25 14:32:13 [INFO] Step 30/54 Loss=13.9466 mse=0.3087 v_opt=0.00035 v_mand=0.00000 ptv=0.0455 ptv_max=0.00041 global_ceil=0.00577 ring=0.00000 smooth=0.0073 laplacian=0.0184 beam=0.20893 homogeneity=0.0051 body=0.00000 bowel=0.00000 femur=0.00000
2026-05-25 14:32:20 [INFO] Step 35/54 Loss=16.4635 mse=0.1235 v_opt=0.00438 v_mand=0.00000 ptv=0.0750 ptv_max=0.00003 global_ceil=0.02284 ring=0.00000 smooth=0.0072 laplacian=0.0177 beam=0.44996 homogeneity=0.0039 body=0.00000 bowel=0.00315 femur=0.00000
2026-05-25 14:32:24 [INFO] Step 40/54 Loss=10.6677 mse=0.0772 v_opt=0.00532 v_mand=0.00000 ptv=0.1035 ptv_max=0.00000 global_ceil=0.00000 ring=0.00000 smooth=0.0042 laplacian=0.0102 beam=0.22598 homogeneity=0.0056 body=0.00000 bowel=0.12506 femur=0.00000
2026-05-25 14:32:31 [INFO] Step 45/54 Loss=12.8040 mse=0.0841 v_opt=0.00000 v_mand=0.00000 ptv=0.0000 ptv_max=0.00000 global_ceil=0.00921 ring=0.00000 smooth=0.0088 laplacian=0.0218 beam=0.40492 homogeneity=0.0000 body=0.00000 bowel=0.00000 femur=0.00000
2026-05-25 14:32:37 [INFO] Step 50/54 Loss=23.3152 mse=0.4256 v_opt=0.12004 v_mand=0.03908 ptv=0.0463 ptv_max=0.00014 global_ceil=0.02558 ring=0.00000 smooth=0.0104 laplacian=0.0265 beam=0.30637 homogeneity=0.0027 body=0.00000 bowel=0.04539 femur=0.01819
2026-05-25 14:32:42 [INFO] Step 54/54 Loss=21.1756 mse=0.3416 v_opt=0.06227 v_mand=0.01189 ptv=0.0316 ptv_max=0.00038 global_ceil=0.00659 ring=0.00002 smooth=0.0062 laplacian=0.0147 beam=0.40008 homogeneity=0.0043 body=0.00000 bowel=0.04985 femur=0.02982
2026-05-25 14:32:42 [INFO] Running validation at epoch 102...
2026-05-25 14:33:09 [INFO] Epoch 102 Summary: Train=18.0628 Val=0.0208 (MSE=0.0208)
          Metrics: PTV_D95=50.98Gy Bladder=28.59Gy Rectum=26.40Gy
          Metrics: Ring=46.49Gy Dmax=121.35Gy BG=33.17Gy
2026-05-25 14:33:09 [INFO] Epoch 103/300 [FULL PHYSICS] ramp=1.000 lr=7.43e-05
2026-05-25 14:33:16 [INFO] Step 5/54 Loss=17.0047 mse=0.2019 v_opt=0.01394 v_mand=0.00001 ptv=0.0716 ptv_max=0.00001 global_ceil=0.00267 ring=0.00000 smooth=0.0084 laplacian=0.0205 beam=0.43621 homogeneity=0.0031 body=0.00000 bowel=0.00000 femur=0.00000
2026-05-25 14:33:20 [INFO] Step 10/54 Loss=14.0834 mse=0.3879 v_opt=0.00278 v_mand=0.00040 ptv=0.0437 ptv_max=0.00030 global_ceil=0.01305 ring=0.00001 smooth=0.0111 laplacian=0.0265 beam=0.11967 homogeneity=0.0042 body=0.00000 bowel=0.00044 femur=0.00000
2026-05-25 14:33:27 [INFO] Step 15/54 Loss=24.4425 mse=0.1519 v_opt=0.00000 v_mand=0.00000 ptv=0.7068 ptv_max=0.00000 global_ceil=0.00991 ring=0.00000 smooth=0.0093 laplacian=0.0226 beam=0.44387 homogeneity=0.0931 body=0.00000 bowel=0.00000 femur=0.00000
2026-05-25 14:33:32 [INFO] Step 20/54 Loss=12.1653 mse=0.1485 v_opt=0.00449 v_mand=0.00093 ptv=0.1224 ptv_max=0.00004 global_ceil=0.00293 ring=0.00000 smooth=0.0133 laplacian=0.0298 beam=0.25999 homogeneity=0.0126 body=0.00000 bowel=0.00712 femur=0.00000
2026-05-25 14:33:40 [INFO] Step 25/54 Loss=19.7373 mse=0.2645 v_opt=0.00937 v_mand=0.00000 ptv=0.0889 ptv_max=0.00001 global_ceil=0.00273 ring=0.00000 smooth=0.0123 laplacian=0.0288 beam=0.47364 homogeneity=0.0041 body=0.00000 bowel=0.00000 femur=0.00000
2026-05-25 14:33:45 [INFO] Step 30/54 Loss=25.6244 mse=0.4255 v_opt=0.01461 v_mand=0.00043 ptv=0.0375 ptv_max=0.00026 global_ceil=0.00122 ring=0.00000 smooth=0.0083 laplacian=0.0220 beam=0.57148 homogeneity=0.0028 body=0.00000 bowel=0.00000 femur=0.00000
2026-05-25 14:33:52 [INFO] Step 35/54 Loss=22.2380 mse=0.2540 v_opt=0.04574 v_mand=0.00749 ptv=0.0767 ptv_max=0.00087 global_ceil=0.01884 ring=0.00000 smooth=0.0078 laplacian=0.0176 beam=0.47975 homogeneity=0.0082 body=0.00000 bowel=0.08860 femur=0.00015
2026-05-25 14:33:57 [INFO] Step 40/54 Loss=20.5738 mse=0.2916 v_opt=0.02160 v_mand=0.00194 ptv=0.0375 ptv_max=0.00016 global_ceil=0.00056 ring=0.00000 smooth=0.0082 laplacian=0.0204 beam=0.50244 homogeneity=0.0024 body=0.00000 bowel=0.00000 femur=0.00000
2026-05-25 14:34:04 [INFO] Step 45/54 Loss=27.8717 mse=0.4953 v_opt=0.01181 v_mand=0.00002 ptv=0.0819 ptv_max=0.00002 global_ceil=0.00506 ring=0.00000 smooth=0.0076 laplacian=0.0185 beam=0.55070 homogeneity=0.0047 body=0.00000 bowel=0.01440 femur=0.02114
2026-05-25 14:34:08 [INFO] Step 50/54 Loss=11.1565 mse=0.1252 v_opt=0.00600 v_mand=0.00000 ptv=0.0871 ptv_max=0.00006 global_ceil=0.00010 ring=0.00000 smooth=0.0059 laplacian=0.0129 beam=0.27805 homogeneity=0.0055 body=0.00000 bowel=0.00000 femur=0.00000
2026-05-25 14:34:13 [INFO] Step 54/54 Loss=28.1679 mse=0.4703 v_opt=0.00780 v_mand=0.00000 ptv=0.0354 ptv_max=0.00026 global_ceil=0.00110 ring=0.00000 smooth=0.0097 laplacian=0.0274 beam=0.63002 homogeneity=0.0025 body=0.00000 bowel=0.00000 femur=0.00000
2026-05-25 14:34:13 [INFO] Running validation at epoch 103...
2026-05-25 14:34:40 [INFO] Epoch 103 Summary: Train=18.1676 Val=0.0217 (MSE=0.0217)
          Metrics: PTV_D95=53.99Gy Bladder=28.05Gy Rectum=25.69Gy
          Metrics: Ring=49.39Gy Dmax=95.58Gy BG=33.76Gy
2026-05-25 14:34:40 [INFO] Epoch 104/300 [FULL PHYSICS] ramp=1.000 lr=7.39e-05
2026-05-25 14:34:47 [INFO] Step 5/54 Loss=23.5408 mse=0.3308 v_opt=0.00015 v_mand=0.00000 ptv=0.0821 ptv_max=0.00005 global_ceil=0.00076 ring=0.00000 smooth=0.0104 laplacian=0.0283 beam=0.55264 homogeneity=0.0052 body=0.00000 bowel=0.02203 femur=0.00000
2026-05-25 14:34:52 [INFO] Step 10/54 Loss=23.4457 mse=0.3991 v_opt=0.01079 v_mand=0.00000 ptv=0.0679 ptv_max=0.00005 global_ceil=0.00384 ring=0.00000 smooth=0.0105 laplacian=0.0259 beam=0.49392 homogeneity=0.0028 body=0.00000 bowel=0.00122 femur=0.00038
2026-05-25 14:34:58 [INFO] Step 15/54 Loss=21.6286 mse=0.3042 v_opt=0.00829 v_mand=0.00000 ptv=0.0801 ptv_max=0.00001 global_ceil=0.01733 ring=0.00000 smooth=0.0104 laplacian=0.0248 beam=0.48247 homogeneity=0.0023 body=0.00000 bowel=0.00642 femur=0.00000
2026-05-25 14:35:03 [INFO] Step 20/54 Loss=15.1465 mse=0.2118 v_opt=0.02495 v_mand=0.00185 ptv=0.0717 ptv_max=0.00005 global_ceil=0.00064 ring=0.00000 smooth=0.0089 laplacian=0.0219 beam=0.34767 homogeneity=0.0040 body=0.00000 bowel=0.00000 femur=0.00649
2026-05-25 14:35:10 [INFO] Step 25/54 Loss=15.7440 mse=0.2013 v_opt=0.03047 v_mand=0.00409 ptv=0.0778 ptv_max=0.00002 global_ceil=0.00046 ring=0.00000 smooth=0.0105 laplacian=0.0257 beam=0.37774 homogeneity=0.0030 body=0.00000 bowel=0.00000 femur=0.00000
2026-05-25 14:35:15 [INFO] Step 30/54 Loss=15.7967 mse=0.2022 v_opt=0.00647 v_mand=0.00036 ptv=0.0583 ptv_max=0.00004 global_ceil=0.00092 ring=0.00000 smooth=0.0077 laplacian=0.0189 beam=0.39684 homogeneity=0.0026 body=0.00000 bowel=0.00000 femur=0.00000
2026-05-25 14:35:22 [INFO] Step 35/54 Loss=14.4787 mse=0.1733 v_opt=0.06017 v_mand=0.00632 ptv=0.0490 ptv_max=0.00004 global_ceil=0.00008 ring=0.00000 smooth=0.0063 laplacian=0.0145 beam=0.36155 homogeneity=0.0023 body=0.00000 bowel=0.00317 femur=0.00000
2026-05-25 14:35:26 [INFO] Step 40/54 Loss=23.6298 mse=0.3521 v_opt=0.00787 v_mand=0.00000 ptv=0.0414 ptv_max=0.00013 global_ceil=0.00167 ring=0.00000 smooth=0.0094 laplacian=0.0239 beam=0.56485 homogeneity=0.0022 body=0.00000 bowel=0.00000 femur=0.00000
2026-05-25 14:35:34 [INFO] Step 45/54 Loss=21.4118 mse=0.3686 v_opt=0.04878 v_mand=0.01225 ptv=0.0673 ptv_max=0.00004 global_ceil=0.00300 ring=0.00000 smooth=0.0084 laplacian=0.0228 beam=0.41911 homogeneity=0.0029 body=0.00000 bowel=0.00000 femur=0.00000
2026-05-25 14:35:39 [INFO] Step 50/54 Loss=14.3415 mse=0.1311 v_opt=0.00880 v_mand=0.00000 ptv=0.1292 ptv_max=0.00000 global_ceil=0.00040 ring=0.00000 smooth=0.0075 laplacian=0.0175 beam=0.37936 homogeneity=0.0078 body=0.00000 bowel=0.00000 femur=0.00000
2026-05-25 14:35:43 [INFO] Step 54/54 Loss=16.7330 mse=0.3068 v_opt=0.02558 v_mand=0.00150 ptv=0.0755 ptv_max=0.00000 global_ceil=0.00022 ring=0.00000 smooth=0.0075 laplacian=0.0193 beam=0.31781 homogeneity=0.0024 body=0.00000 bowel=0.00401 femur=0.00148
2026-05-25 14:35:44 [INFO] Running validation at epoch 104...
2026-05-25 14:36:11 [INFO] Epoch 104 Summary: Train=18.1272 Val=0.0202 (MSE=0.0202)
          Metrics: PTV_D95=52.82Gy Bladder=25.59Gy Rectum=22.59Gy
          Metrics: Ring=47.09Gy Dmax=99.75Gy BG=32.72Gy
2026-05-25 14:36:11 [INFO] [DIAGNOSTIC] Saved fallback model MSE=0.0202
2026-05-25 14:36:11 [INFO] Epoch 105/300 [FULL PHYSICS] ramp=1.000 lr=7.34e-05
2026-05-25 14:36:18 [INFO] Step 5/54 Loss=17.8631 mse=0.2304 v_opt=0.01810 v_mand=0.00042 ptv=0.0247 ptv_max=0.00087 global_ceil=0.00925 ring=0.00000 smooth=0.0090 laplacian=0.0211 beam=0.43460 homogeneity=0.0057 body=0.00000 bowel=0.00571 femur=0.00263
2026-05-25 14:36:23 [INFO] Step 10/54 Loss=16.3372 mse=0.3328 v_opt=0.00139 v_mand=0.00010 ptv=0.0584 ptv_max=0.00011 global_ceil=0.00404 ring=0.00000 smooth=0.0107 laplacian=0.0252 beam=0.27913 homogeneity=0.0039 body=0.00000 bowel=0.00087 femur=0.00000
2026-05-25 14:36:29 [INFO] Step 15/54 Loss=15.3937 mse=0.3086 v_opt=0.10058 v_mand=0.03020 ptv=0.0769 ptv_max=0.00002 global_ceil=0.00031 ring=0.00000 smooth=0.0065 laplacian=0.0155 beam=0.20166 homogeneity=0.0027 body=0.00000 bowel=0.00000 femur=0.00000
2026-05-25 14:36:34 [INFO] Step 20/54 Loss=27.2598 mse=0.3960 v_opt=0.10618 v_mand=0.02697 ptv=0.0603 ptv_max=0.00001 global_ceil=0.00153 ring=0.00000 smooth=0.0168 laplacian=0.0421 beam=0.59482 homogeneity=0.0010 body=0.00000 bowel=0.00000 femur=0.00000
2026-05-25 14:36:40 [INFO] Step 25/54 Loss=16.9717 mse=0.1867 v_opt=0.00016 v_mand=0.00000 ptv=0.0926 ptv_max=0.00000 global_ceil=0.00098 ring=0.00000 smooth=0.0089 laplacian=0.0218 beam=0.44542 homogeneity=0.0037 body=0.00000 bowel=0.00000 femur=0.00000
2026-05-25 14:36:46 [INFO] Step 30/54 Loss=6.7586 mse=0.2144 v_opt=0.00250 v_mand=0.00002 ptv=0.0635 ptv_max=0.00009 global_ceil=0.00154 ring=0.00000 smooth=0.0066 laplacian=0.0159 beam=0.02010 homogeneity=0.0039 body=0.00000 bowel=0.00000 femur=0.00000
2026-05-25 14:36:51 [INFO] Step 35/54 Loss=18.0517 mse=0.1940 v_opt=0.01923 v_mand=0.00002 ptv=0.1365 ptv_max=0.00002 global_ceil=0.00202 ring=0.00000 smooth=0.0140 laplacian=0.0318 beam=0.44963 homogeneity=0.0125 body=0.00000 bowel=0.00193 femur=0.00000
2026-05-25 14:36:57 [INFO] Step 40/54 Loss=11.0318 mse=0.1718 v_opt=0.00299 v_mand=0.00000 ptv=0.0949 ptv_max=0.00001 global_ceil=0.00151 ring=0.00000 smooth=0.0074 laplacian=0.0170 beam=0.22103 homogeneity=0.0043 body=0.00000 bowel=0.00000 femur=0.00000
2026-05-25 14:37:03 [INFO] Step 45/54 Loss=18.6017 mse=0.2983 v_opt=0.05257 v_mand=0.00300 ptv=0.0589 ptv_max=0.00009 global_ceil=0.00206 ring=0.00000 smooth=0.0111 laplacian=0.0273 beam=0.38809 homogeneity=0.0031 body=0.00000 bowel=0.01806 femur=0.00000
2026-05-25 14:37:08 [INFO] Step 50/54 Loss=10.7410 mse=0.2936 v_opt=0.00474 v_mand=0.00000 ptv=0.0582 ptv_max=0.00004 global_ceil=0.00044 ring=0.00000 smooth=0.0065 laplacian=0.0165 beam=0.10548 homogeneity=0.0028 body=0.00000 bowel=0.00000 femur=0.00000
2026-05-25 14:37:13 [INFO] Step 54/54 Loss=14.4340 mse=0.1546 v_opt=0.00013 v_mand=0.00000 ptv=0.0822 ptv_max=0.00000 global_ceil=0.00009 ring=0.00000 smooth=0.0103 laplacian=0.0255 beam=0.38178 homogeneity=0.0030 body=0.00000 bowel=0.00000 femur=0.00000
2026-05-25 14:37:13 [INFO] Running validation at epoch 105...
2026-05-25 14:37:40 [INFO] Epoch 105 Summary: Train=18.0468 Val=0.0196 (MSE=0.0196)
          Metrics: PTV_D95=53.05Gy Bladder=29.14Gy Rectum=25.12Gy
          Metrics: Ring=48.35Gy Dmax=111.79Gy BG=32.28Gy
2026-05-25 14:37:40 [INFO] [DIAGNOSTIC] Saved fallback model MSE=0.0196
2026-05-25 14:37:40 [INFO] Epoch 106/300 [FULL PHYSICS] ramp=1.000 lr=7.30e-05
2026-05-25 14:37:47 [INFO] Step 5/54 Loss=7.5250 mse=0.1361 v_opt=0.00450 v_mand=0.00000 ptv=0.1143 ptv_max=0.00000 global_ceil=0.00194 ring=0.00000 smooth=0.0069 laplacian=0.0158 beam=0.10697 homogeneity=0.0052 body=0.00000 bowel=0.00070 femur=0.00000
2026-05-25 14:37:52 [INFO] Step 10/54 Loss=18.4766 mse=0.2828 v_opt=0.05604 v_mand=0.01442 ptv=0.0891 ptv_max=0.00000 global_ceil=0.00065 ring=0.00000 smooth=0.0062 laplacian=0.0167 beam=0.37985 homogeneity=0.0032 body=0.00000 bowel=0.00005 femur=0.00000
2026-05-25 14:37:58 [INFO] Step 15/54 Loss=18.0331 mse=0.2535 v_opt=0.04608 v_mand=0.00663 ptv=0.0427 ptv_max=0.00044 global_ceil=0.00699 ring=0.00000 smooth=0.0071 laplacian=0.0175 beam=0.40749 homogeneity=0.0049 body=0.00000 bowel=0.00339 femur=0.00000
2026-05-25 14:38:03 [INFO] Step 20/54 Loss=14.4212 mse=0.2268 v_opt=0.00001 v_mand=0.00000 ptv=0.0567 ptv_max=0.00013 global_ceil=0.00254 ring=0.00000 smooth=0.0083 laplacian=0.0193 beam=0.31213 homogeneity=0.0041 body=0.00000 bowel=0.00306 femur=0.00000
2026-05-25 14:38:09 [INFO] Step 25/54 Loss=20.0745 mse=0.3438 v_opt=0.08935 v_mand=0.03310 ptv=0.0703 ptv_max=0.00001 global_ceil=0.00533 ring=0.00000 smooth=0.0070 laplacian=0.0181 beam=0.29337 homogeneity=0.0025 body=0.00000 bowel=0.07812 femur=0.00208
2026-05-25 14:38:14 [INFO] Step 30/54 Loss=19.2619 mse=0.2184 v_opt=0.14840 v_mand=0.05319 ptv=0.1189 ptv_max=0.00002 global_ceil=0.00219 ring=0.00000 smooth=0.0114 laplacian=0.0321 beam=0.36885 homogeneity=0.0050 body=0.00000 bowel=0.00335 femur=0.00000
2026-05-25 14:38:20 [INFO] Step 35/54 Loss=5.8661 mse=0.1120 v_opt=0.00316 v_mand=0.00000 ptv=0.1261 ptv_max=0.00000 global_ceil=0.00000 ring=0.00000 smooth=0.0047 laplacian=0.0109 beam=0.06440 homogeneity=0.0058 body=0.00000 bowel=0.00094 femur=0.00000
2026-05-25 14:38:26 [INFO] Step 40/54 Loss=10.4758 mse=0.1607 v_opt=0.00000 v_mand=0.00000 ptv=0.1133 ptv_max=0.00000 global_ceil=0.00031 ring=0.00000 smooth=0.0073 laplacian=0.0168 beam=0.20465 homogeneity=0.0050 body=0.00000 bowel=0.00000 femur=0.00000
2026-05-25 14:38:31 [INFO] Step 45/54 Loss=14.8433 mse=0.1022 v_opt=0.00451 v_mand=0.00173 ptv=0.1696 ptv_max=0.00000 global_ceil=0.00038 ring=0.00000 smooth=0.0099 laplacian=0.0224 beam=0.40174 homogeneity=0.0152 body=0.00000 bowel=0.00042 femur=0.00000
2026-05-25 14:38:38 [INFO] Step 50/54 Loss=13.7503 mse=0.3362 v_opt=0.00719 v_mand=0.00000 ptv=0.0532 ptv_max=0.00007 global_ceil=0.01697 ring=0.00000 smooth=0.0157 laplacian=0.0380 beam=0.13610 homogeneity=0.0030 body=0.00000 bowel=0.01826 femur=0.00000
2026-05-25 14:38:43 [INFO] Step 54/54 Loss=20.2401 mse=0.2665 v_opt=0.00457 v_mand=0.00000 ptv=0.0402 ptv_max=0.00176 global_ceil=0.03084 ring=0.00000 smooth=0.0080 laplacian=0.0195 beam=0.43712 homogeneity=0.0089 body=0.00000 bowel=0.00984 femur=0.00003
2026-05-25 14:38:43 [INFO] Running validation at epoch 106...
2026-05-25 14:39:10 [INFO] Epoch 106 Summary: Train=16.8710 Val=0.0203 (MSE=0.0203)
          Metrics: PTV_D95=55.75Gy Bladder=28.00Gy Rectum=23.73Gy
          Metrics: Ring=49.84Gy Dmax=98.51Gy BG=32.71Gy
2026-05-25 14:39:10 [INFO] Epoch 107/300 [FULL PHYSICS] ramp=1.000 lr=7.25e-05
2026-05-25 14:39:17 [INFO] Step 5/54 Loss=9.4236 mse=0.1244 v_opt=0.00095 v_mand=0.00000 ptv=0.0990 ptv_max=0.00000 global_ceil=0.00009 ring=0.00000 smooth=0.0079 laplacian=0.0184 beam=0.20393 homogeneity=0.0059 body=0.00000 bowel=0.00000 femur=0.00000
2026-05-25 14:39:22 [INFO] Step 10/54 Loss=21.2465 mse=0.4091 v_opt=0.03864 v_mand=0.00905 ptv=0.0391 ptv_max=0.00013 global_ceil=0.00054 ring=0.00000 smooth=0.0088 laplacian=0.0218 beam=0.39547 homogeneity=0.0024 body=0.00000 bowel=0.00000 femur=0.00000
2026-05-25 14:39:27 [INFO] Step 15/54 Loss=16.5670 mse=0.1778 v_opt=0.00558 v_mand=0.00000 ptv=0.1119 ptv_max=0.00013 global_ceil=0.00442 ring=0.00000 smooth=0.0087 laplacian=0.0205 beam=0.41820 homogeneity=0.0093 body=0.00000 bowel=0.00000 femur=0.00000
2026-05-25 14:39:33 [INFO] Step 20/54 Loss=17.7259 mse=0.2418 v_opt=0.01237 v_mand=0.00003 ptv=0.0566 ptv_max=0.00020 global_ceil=0.00973 ring=0.00000 smooth=0.0087 laplacian=0.0214 beam=0.40820 homogeneity=0.0045 body=0.00000 bowel=0.01068 femur=0.00000
2026-05-25 14:39:38 [INFO] Step 25/54 Loss=18.0790 mse=0.2833 v_opt=0.06943 v_mand=0.01073 ptv=0.0870 ptv_max=0.00002 global_ceil=0.00071 ring=0.00000 smooth=0.0164 laplacian=0.0420 beam=0.36276 homogeneity=0.0048 body=0.00000 bowel=0.00000 femur=0.00204
2026-05-25 14:39:45 [INFO] Step 30/54 Loss=11.9162 mse=0.1459 v_opt=0.00726 v_mand=0.00000 ptv=0.0743 ptv_max=0.00026 global_ceil=0.00387 ring=0.00000 smooth=0.0102 laplacian=0.0238 beam=0.28039 homogeneity=0.0070 body=0.00000 bowel=0.00000 femur=0.00000
2026-05-25 14:39:50 [INFO] Step 35/54 Loss=12.8004 mse=0.2660 v_opt=0.01326 v_mand=0.00006 ptv=0.0440 ptv_max=0.00031 global_ceil=0.00215 ring=0.00000 smooth=0.0074 laplacian=0.0167 beam=0.21384 homogeneity=0.0046 body=0.00000 bowel=0.00000 femur=0.00000
2026-05-25 14:39:57 [INFO] Step 40/54 Loss=22.0138 mse=0.2936 v_opt=0.01175 v_mand=0.00007 ptv=0.1003 ptv_max=0.00002 global_ceil=0.00006 ring=0.00000 smooth=0.0124 laplacian=0.0337 beam=0.49826 homogeneity=0.0048 body=0.00000 bowel=0.06040 femur=0.00000
2026-05-25 14:40:03 [INFO] Step 45/54 Loss=7.0108 mse=0.2376 v_opt=0.00567 v_mand=0.00000 ptv=0.0834 ptv_max=0.00001 global_ceil=0.00143 ring=0.00000 smooth=0.0072 laplacian=0.0176 beam=0.00000 homogeneity=0.0029 body=0.00000 bowel=0.00000 femur=0.00000
2026-05-25 14:40:09 [INFO] Step 50/54 Loss=13.3933 mse=0.3517 v_opt=0.02092 v_mand=0.00000 ptv=0.0842 ptv_max=0.00001 global_ceil=0.00077 ring=0.00000 smooth=0.0098 laplacian=0.0265 beam=0.11937 homogeneity=0.0030 body=0.00000 bowel=0.03283 femur=0.00000
2026-05-25 14:40:13 [INFO] Step 54/54 Loss=23.6874 mse=0.2964 v_opt=0.01792 v_mand=0.00015 ptv=0.0814 ptv_max=0.00001 global_ceil=0.00548 ring=0.00000 smooth=0.0159 laplacian=0.0449 beam=0.59345 homogeneity=0.0031 body=0.00000 bowel=0.00049 femur=0.00000
2026-05-25 14:40:13 [INFO] Running validation at epoch 107...
2026-05-25 14:40:40 [INFO] Epoch 107 Summary: Train=17.1269 Val=0.0191 (MSE=0.0191)
          Metrics: PTV_D95=54.12Gy Bladder=28.19Gy Rectum=25.31Gy
          Metrics: Ring=48.31Gy Dmax=105.79Gy BG=31.84Gy
2026-05-25 14:40:40 [INFO] [DIAGNOSTIC] Saved fallback model MSE=0.0191
2026-05-25 14:40:40 [INFO] Epoch 108/300 [FULL PHYSICS] ramp=1.000 lr=7.20e-05
2026-05-25 14:40:48 [INFO] Step 5/54 Loss=24.5453 mse=0.4868 v_opt=0.04190 v_mand=0.00749 ptv=0.0367 ptv_max=0.00038 global_ceil=0.01086 ring=0.00000 smooth=0.0091 laplacian=0.0249 beam=0.34678 homogeneity=0.0039 body=0.00000 bowel=0.11459 femur=0.03515
2026-05-25 14:40:53 [INFO] Step 10/54 Loss=17.4059 mse=0.3488 v_opt=0.07944 v_mand=0.02026 ptv=0.0477 ptv_max=0.00046 global_ceil=0.01916 ring=0.00000 smooth=0.0082 laplacian=0.0205 beam=0.20002 homogeneity=0.0048 body=0.00000 bowel=0.05354 femur=0.00005
2026-05-25 14:41:00 [INFO] Step 15/54 Loss=16.3232 mse=0.2268 v_opt=0.02880 v_mand=0.00287 ptv=0.0455 ptv_max=0.00003 global_ceil=0.00077 ring=0.00000 smooth=0.0089 laplacian=0.0218 beam=0.39237 homogeneity=0.0014 body=0.00000 bowel=0.00000 femur=0.00000
2026-05-25 14:41:04 [INFO] Step 20/54 Loss=20.1400 mse=0.3218 v_opt=0.01708 v_mand=0.00216 ptv=0.0481 ptv_max=0.00015 global_ceil=0.00429 ring=0.00000 smooth=0.0107 laplacian=0.0255 beam=0.44055 homogeneity=0.0032 body=0.00000 bowel=0.00127 femur=0.00000
2026-05-25 14:41:11 [INFO] Step 25/54 Loss=19.1196 mse=0.3593 v_opt=0.03567 v_mand=0.00777 ptv=0.0619 ptv_max=0.00013 global_ceil=0.00329 ring=0.00000 smooth=0.0115 laplacian=0.0296 beam=0.34230 homogeneity=0.0032 body=0.00000 bowel=0.00000 femur=0.00938
2026-05-25 14:41:16 [INFO] Step 30/54 Loss=13.8864 mse=0.1504 v_opt=0.01795 v_mand=0.00001 ptv=0.0695 ptv_max=0.00030 global_ceil=0.02544 ring=0.00000 smooth=0.0063 laplacian=0.0146 beam=0.31589 homogeneity=0.0051 body=0.00000 bowel=0.00000 femur=0.00000
2026-05-25 14:41:23 [INFO] Step 35/54 Loss=12.0245 mse=0.1437 v_opt=0.00170 v_mand=0.00000 ptv=0.1194 ptv_max=0.00001 global_ceil=0.00098 ring=0.00000 smooth=0.0093 laplacian=0.0218 beam=0.27734 homogeneity=0.0066 body=0.00000 bowel=0.00000 femur=0.00000
2026-05-25 14:41:28 [INFO] Step 40/54 Loss=18.0576 mse=0.2093 v_opt=0.03786 v_mand=0.00806 ptv=0.1169 ptv_max=0.00000 global_ceil=0.00043 ring=0.00000 smooth=0.0107 laplacian=0.0253 beam=0.43689 homogeneity=0.0049 body=0.00000 bowel=0.00000 femur=0.00000
2026-05-25 14:41:34 [INFO] Step 45/54 Loss=15.5209 mse=0.1716 v_opt=0.00028 v_mand=0.00000 ptv=0.1159 ptv_max=0.00000 global_ceil=0.00081 ring=0.00000 smooth=0.0069 laplacian=0.0154 beam=0.39394 homogeneity=0.0048 body=0.00000 bowel=0.00003 femur=0.00000
2026-05-25 14:41:39 [INFO] Step 50/54 Loss=6.6835 mse=0.1599 v_opt=0.00694 v_mand=0.00012 ptv=0.0764 ptv_max=0.00001 global_ceil=0.00022 ring=0.00000 smooth=0.0076 laplacian=0.0175 beam=0.06923 homogeneity=0.0032 body=0.00000 bowel=0.00000 femur=0.00000
2026-05-25 14:41:44 [INFO] Step 54/54 Loss=13.3036 mse=0.2331 v_opt=0.00635 v_mand=0.00000 ptv=0.0595 ptv_max=0.00002 global_ceil=0.00009 ring=0.00000 smooth=0.0075 laplacian=0.0175 beam=0.26887 homogeneity=0.0022 body=0.00000 bowel=0.00011 femur=0.00000
2026-05-25 14:41:44 [INFO] Running validation at epoch 108...
2026-05-25 14:42:11 [INFO] Epoch 108 Summary: Train=16.5877 Val=0.0196 (MSE=0.0196)
          Metrics: PTV_D95=54.73Gy Bladder=30.26Gy Rectum=25.79Gy
          Metrics: Ring=49.16Gy Dmax=96.22Gy BG=32.15Gy
2026-05-25 14:42:11 [INFO] Epoch 109/300 [FULL PHYSICS] ramp=1.000 lr=7.16e-05
2026-05-25 14:42:18 [INFO] Step 5/54 Loss=20.9019 mse=0.3514 v_opt=0.04958 v_mand=0.01228 ptv=0.0318 ptv_max=0.00051 global_ceil=0.00925 ring=0.00000 smooth=0.0106 laplacian=0.0262 beam=0.38206 homogeneity=0.0046 body=0.00000 bowel=0.04260 femur=0.01216
2026-05-25 14:42:23 [INFO] Step 10/54 Loss=13.4743 mse=0.1762 v_opt=0.00888 v_mand=0.00075 ptv=0.0526 ptv_max=0.00036 global_ceil=0.00587 ring=0.00000 smooth=0.0170 laplacian=0.0387 beam=0.31363 homogeneity=0.0044 body=0.00000 bowel=0.00000 femur=0.00000
2026-05-25 14:42:30 [INFO] Step 15/54 Loss=12.9946 mse=0.1164 v_opt=0.00484 v_mand=0.00000 ptv=0.0833 ptv_max=0.00000 global_ceil=0.00002 ring=0.00000 smooth=0.0070 laplacian=0.0158 beam=0.36354 homogeneity=0.0033 body=0.00000 bowel=0.00000 femur=0.00000
2026-05-25 14:42:34 [INFO] Step 20/54 Loss=14.4715 mse=0.2473 v_opt=0.01101 v_mand=0.00000 ptv=0.0712 ptv_max=0.00014 global_ceil=0.00032 ring=0.00000 smooth=0.0057 laplacian=0.0135 beam=0.29385 homogeneity=0.0048 body=0.00000 bowel=0.00013 femur=0.00000
2026-05-25 14:42:41 [INFO] Step 25/54 Loss=12.0548 mse=0.1544 v_opt=0.00052 v_mand=0.00000 ptv=0.0736 ptv_max=0.00014 global_ceil=0.00035 ring=0.00000 smooth=0.0097 laplacian=0.0225 beam=0.28693 homogeneity=0.0062 body=0.00000 bowel=0.00000 femur=0.00000
2026-05-25 14:42:46 [INFO] Step 30/54 Loss=8.8898 mse=0.2189 v_opt=0.03172 v_mand=0.00505 ptv=0.0719 ptv_max=0.00001 global_ceil=0.00386 ring=0.00000 smooth=0.0082 laplacian=0.0197 beam=0.08060 homogeneity=0.0033 body=0.00000 bowel=0.00000 femur=0.00000
2026-05-25 14:42:53 [INFO] Step 35/54 Loss=15.3974 mse=0.3276 v_opt=0.02530 v_mand=0.00261 ptv=0.0501 ptv_max=0.00005 global_ceil=0.01138 ring=0.00000 smooth=0.0077 laplacian=0.0196 beam=0.23170 homogeneity=0.0023 body=0.00000 bowel=0.00003 femur=0.00044
2026-05-25 14:42:58 [INFO] Step 40/54 Loss=12.7165 mse=0.1460 v_opt=0.00000 v_mand=0.00000 ptv=0.0753 ptv_max=0.00001 global_ceil=0.00037 ring=0.00000 smooth=0.0063 laplacian=0.0150 beam=0.32641 homogeneity=0.0026 body=0.00000 bowel=0.00000 femur=0.00000
2026-05-25 14:43:04 [INFO] Step 45/54 Loss=7.3104 mse=0.0952 v_opt=0.00071 v_mand=0.00004 ptv=0.0767 ptv_max=0.00002 global_ceil=0.00014 ring=0.00000 smooth=0.0067 laplacian=0.0156 beam=0.15934 homogeneity=0.0042 body=0.00000 bowel=0.00000 femur=0.00000
2026-05-25 14:43:09 [INFO] Step 50/54 Loss=20.4039 mse=0.2475 v_opt=0.07903 v_mand=0.02645 ptv=0.0462 ptv_max=0.00177 global_ceil=0.03262 ring=0.00002 smooth=0.0117 laplacian=0.0301 beam=0.39556 homogeneity=0.0098 body=0.00000 bowel=0.00000 femur=0.01318
2026-05-25 14:43:14 [INFO] Step 54/54 Loss=16.1781 mse=0.2932 v_opt=0.07075 v_mand=0.01772 ptv=0.0327 ptv_max=0.00065 global_ceil=0.03091 ring=0.00000 smooth=0.0120 laplacian=0.0294 beam=0.22285 homogeneity=0.0050 body=0.00000 bowel=0.00134 femur=0.00007
2026-05-25 14:43:14 [INFO] Running validation at epoch 109...
2026-05-25 14:43:40 [INFO] Epoch 109 Summary: Train=16.4230 Val=0.0205 (MSE=0.0205)
          Metrics: PTV_D95=57.38Gy Bladder=30.91Gy Rectum=22.53Gy
          Metrics: Ring=51.87Gy Dmax=107.20Gy BG=32.74Gy
2026-05-25 14:43:40 [INFO] Epoch 110/300 [FULL PHYSICS] ramp=1.000 lr=7.11e-05
2026-05-25 14:43:47 [INFO] Step 5/54 Loss=8.4181 mse=0.1533 v_opt=0.00760 v_mand=0.00000 ptv=0.0650 ptv_max=0.00003 global_ceil=0.00003 ring=0.00000 smooth=0.0081 laplacian=0.0190 beam=0.14993 homogeneity=0.0032 body=0.00000 bowel=0.00000 femur=0.00000
2026-05-25 14:43:53 [INFO] Step 10/54 Loss=14.5144 mse=0.1181 v_opt=0.01261 v_mand=0.00000 ptv=0.0816 ptv_max=0.00001 global_ceil=0.00006 ring=0.00000 smooth=0.0076 laplacian=0.0173 beam=0.42167 homogeneity=0.0040 body=0.00000 bowel=0.00000 femur=0.00000
2026-05-25 14:43:59 [INFO] Step 15/54 Loss=14.6835 mse=0.1577 v_opt=0.00041 v_mand=0.00000 ptv=0.1209 ptv_max=0.00000 global_ceil=0.00084 ring=0.00000 smooth=0.0073 laplacian=0.0179 beam=0.37189 homogeneity=0.0048 body=0.00000 bowel=0.00000 femur=0.00000
2026-05-25 14:44:04 [INFO] Step 20/54 Loss=13.2282 mse=0.1217 v_opt=0.01414 v_mand=0.00034 ptv=0.0603 ptv_max=0.00005 global_ceil=0.00960 ring=0.00000 smooth=0.0069 laplacian=0.0167 beam=0.35654 homogeneity=0.0023 body=0.00000 bowel=0.00000 femur=0.00000
2026-05-25 14:44:11 [INFO] Step 25/54 Loss=23.6577 mse=0.3355 v_opt=0.07482 v_mand=0.02312 ptv=0.0447 ptv_max=0.00025 global_ceil=0.00999 ring=0.00001 smooth=0.0058 laplacian=0.0141 beam=0.47538 homogeneity=0.0039 body=0.00000 bowel=0.06269 femur=0.00006
2026-05-25 14:44:16 [INFO] Step 30/54 Loss=19.1658 mse=0.1222 v_opt=0.00000 v_mand=0.00000 ptv=0.1399 ptv_max=0.00001 global_ceil=0.08893 ring=0.00000 smooth=0.0093 laplacian=0.0246 beam=0.39875 homogeneity=0.0082 body=0.00000 bowel=0.00000 femur=0.00000
2026-05-25 14:44:23 [INFO] Step 35/54 Loss=27.6466 mse=0.2936 v_opt=0.00900 v_mand=0.00000 ptv=0.0705 ptv_max=0.00003 global_ceil=0.07454 ring=0.00000 smooth=0.0252 laplacian=0.0716 beam=0.61452 homogeneity=0.0038 body=0.00000 bowel=0.00212 femur=0.00000
2026-05-25 14:44:27 [INFO] Step 40/54 Loss=12.4435 mse=0.3574 v_opt=0.00281 v_mand=0.00000 ptv=0.0446 ptv_max=0.00011 global_ceil=0.00034 ring=0.00000 smooth=0.0078 laplacian=0.0186 beam=0.11418 homogeneity=0.0028 body=0.00000 bowel=0.00059 femur=0.00023
2026-05-25 14:44:34 [INFO] Step 45/54 Loss=12.4911 mse=0.1438 v_opt=0.00295 v_mand=0.00034 ptv=0.1280 ptv_max=0.00001 global_ceil=0.00265 ring=0.00000 smooth=0.0121 laplacian=0.0270 beam=0.27207 homogeneity=0.0110 body=0.00000 bowel=0.01936 femur=0.00000
2026-05-25 14:44:39 [INFO] Step 50/54 Loss=18.9571 mse=0.2630 v_opt=0.04115 v_mand=0.00939 ptv=0.0662 ptv_max=0.00003 global_ceil=0.00008 ring=0.00000 smooth=0.0099 laplacian=0.0252 beam=0.43367 homogeneity=0.0027 body=0.00000 bowel=0.00863 femur=0.00000
2026-05-25 14:44:43 [INFO] Step 54/54 Loss=86.6650 mse=0.1525 v_opt=1.63525 v_mand=1.36171 ptv=0.1643 ptv_max=0.00000 global_ceil=0.00011 ring=0.00000 smooth=0.0077 laplacian=0.0174 beam=0.38291 homogeneity=0.0090 body=0.00000 bowel=0.00000 femur=0.00000
2026-05-25 14:44:43 [INFO] Running validation at epoch 110...
2026-05-25 14:45:10 [INFO] Epoch 110 Summary: Train=17.9661 Val=0.0191 (MSE=0.0191)
          Metrics: PTV_D95=52.96Gy Bladder=28.66Gy Rectum=22.93Gy
          Metrics: Ring=47.32Gy Dmax=99.97Gy BG=31.70Gy
2026-05-25 14:45:10 [INFO] [DIAGNOSTIC] Saved fallback model MSE=0.0191
2026-05-25 14:45:10 [INFO] Epoch 111/300 [FULL PHYSICS] ramp=1.000 lr=7.06e-05
2026-05-25 14:45:18 [INFO] Step 5/54 Loss=16.4712 mse=0.0718 v_opt=0.00000 v_mand=0.00000 ptv=0.4772 ptv_max=0.00000 global_ceil=0.00005 ring=0.00000 smooth=0.0077 laplacian=0.0183 beam=0.34904 homogeneity=0.0538 body=0.00000 bowel=0.00000 femur=0.00000
2026-05-25 14:45:22 [INFO] Step 10/54 Loss=13.2155 mse=0.0746 v_opt=0.00616 v_mand=0.00000 ptv=0.1236 ptv_max=0.00003 global_ceil=0.00055 ring=0.00000 smooth=0.0064 laplacian=0.0151 beam=0.39147 homogeneity=0.0101 body=0.00000 bowel=0.00000 femur=0.00000
2026-05-25 14:45:29 [INFO] Step 15/54 Loss=15.2321 mse=0.1560 v_opt=0.00241 v_mand=0.00055 ptv=0.0343 ptv_max=0.00010 global_ceil=0.00103 ring=0.00000 smooth=0.0075 laplacian=0.0170 beam=0.43011 homogeneity=0.0023 body=0.00000 bowel=0.00000 femur=0.00000
2026-05-25 14:45:34 [INFO] Step 20/54 Loss=23.0071 mse=0.2933 v_opt=0.01746 v_mand=0.00000 ptv=0.0244 ptv_max=0.00157 global_ceil=0.01101 ring=0.00000 smooth=0.0137 laplacian=0.0343 beam=0.57019 homogeneity=0.0085 body=0.00000 bowel=0.00000 femur=0.00000
2026-05-25 14:45:40 [INFO] Step 25/54 Loss=15.9509 mse=0.1200 v_opt=0.10353 v_mand=0.04068 ptv=0.0804 ptv_max=0.00000 global_ceil=0.00003 ring=0.00000 smooth=0.0066 laplacian=0.0153 beam=0.39030 homogeneity=0.0032 body=0.00000 bowel=0.00000 femur=0.00000
2026-05-25 14:45:45 [INFO] Step 30/54 Loss=17.2729 mse=0.1825 v_opt=0.04279 v_mand=0.01135 ptv=0.0791 ptv_max=0.00000 global_ceil=0.00164 ring=0.00000 smooth=0.0076 laplacian=0.0181 beam=0.44086 homogeneity=0.0032 body=0.00000 bowel=0.00000 femur=0.00000
2026-05-25 14:45:52 [INFO] Step 35/54 Loss=20.3515 mse=0.3114 v_opt=0.00979 v_mand=0.00000 ptv=0.0834 ptv_max=0.00000 global_ceil=0.00153 ring=0.00000 smooth=0.0059 laplacian=0.0160 beam=0.45953 homogeneity=0.0030 body=0.00000 bowel=0.00000 femur=0.00000
2026-05-25 14:45:57 [INFO] Step 40/54 Loss=18.9903 mse=0.3207 v_opt=0.02551 v_mand=0.00098 ptv=0.0613 ptv_max=0.00001 global_ceil=0.00124 ring=0.00000 smooth=0.0095 laplacian=0.0221 beam=0.40199 homogeneity=0.0013 body=0.00000 bowel=0.00000 femur=0.00000
2026-05-25 14:46:04 [INFO] Step 45/54 Loss=18.4943 mse=0.3823 v_opt=0.00619 v_mand=0.00000 ptv=0.0535 ptv_max=0.00009 global_ceil=0.00151 ring=0.00000 smooth=0.0060 laplacian=0.0148 beam=0.32616 homogeneity=0.0030 body=0.00000 bowel=0.00051 femur=0.00000
2026-05-25 14:46:09 [INFO] Step 50/54 Loss=17.5343 mse=0.2644 v_opt=0.00000 v_mand=0.00000 ptv=0.0439 ptv_max=0.00055 global_ceil=0.00821 ring=0.00000 smooth=0.0162 laplacian=0.0384 beam=0.37827 homogeneity=0.0067 body=0.00000 bowel=0.01295 femur=0.00000
2026-05-25 14:46:13 [INFO] Step 54/54 Loss=17.6313 mse=0.4125 v_opt=0.00377 v_mand=0.00054 ptv=0.0352 ptv_max=0.00050 global_ceil=0.01024 ring=0.00002 smooth=0.0108 laplacian=0.0262 beam=0.23845 homogeneity=0.0053 body=0.00000 bowel=0.00907 femur=0.00000
2026-05-25 14:46:14 [INFO] Running validation at epoch 111...
2026-05-25 14:46:40 [INFO] Epoch 111 Summary: Train=17.3527 Val=0.0189 (MSE=0.0189)
          Metrics: PTV_D95=55.68Gy Bladder=28.45Gy Rectum=22.77Gy
          Metrics: Ring=49.34Gy Dmax=111.85Gy BG=31.49Gy
2026-05-25 14:46:40 [INFO] [DIAGNOSTIC] Saved fallback model MSE=0.0189
2026-05-25 14:46:40 [INFO] Epoch 112/300 [FULL PHYSICS] ramp=1.000 lr=7.02e-05
2026-05-25 14:46:47 [INFO] Step 5/54 Loss=27.2073 mse=0.3991 v_opt=0.00182 v_mand=0.00000 ptv=0.0703 ptv_max=0.00002 global_ceil=0.00686 ring=0.00000 smooth=0.0110 laplacian=0.0325 beam=0.63168 homogeneity=0.0024 body=0.00000 bowel=0.01073 femur=0.00011
2026-05-25 14:46:52 [INFO] Step 10/54 Loss=14.6472 mse=0.1514 v_opt=0.05410 v_mand=0.01340 ptv=0.1053 ptv_max=0.00000 global_ceil=0.00003 ring=0.00000 smooth=0.0073 laplacian=0.0166 beam=0.35439 homogeneity=0.0039 body=0.00000 bowel=0.00000 femur=0.00000
2026-05-25 14:46:59 [INFO] Step 15/54 Loss=12.1465 mse=0.1438 v_opt=0.03579 v_mand=0.00433 ptv=0.1043 ptv_max=0.00000 global_ceil=0.00000 ring=0.00000 smooth=0.0072 laplacian=0.0161 beam=0.28232 homogeneity=0.0038 body=0.00000 bowel=0.00000 femur=0.00000
2026-05-25 14:47:04 [INFO] Step 20/54 Loss=15.3303 mse=0.1753 v_opt=0.05614 v_mand=0.00904 ptv=0.0903 ptv_max=0.00002 global_ceil=0.00136 ring=0.00000 smooth=0.0078 laplacian=0.0185 beam=0.36829 homogeneity=0.0050 body=0.00000 bowel=0.00000 femur=0.00016
2026-05-25 14:47:11 [INFO] Step 25/54 Loss=16.9789 mse=0.2430 v_opt=0.00010 v_mand=0.00000 ptv=0.0608 ptv_max=0.00006 global_ceil=0.00017 ring=0.00000 smooth=0.0071 laplacian=0.0168 beam=0.40479 homogeneity=0.0034 body=0.00000 bowel=0.00000 femur=0.00000
2026-05-25 14:47:16 [INFO] Step 30/54 Loss=15.9245 mse=0.2238 v_opt=0.00276 v_mand=0.00001 ptv=0.0518 ptv_max=0.00003 global_ceil=0.00328 ring=0.00000 smooth=0.0063 laplacian=0.0159 beam=0.38047 homogeneity=0.0019 body=0.00000 bowel=0.00019 femur=0.00000
2026-05-25 14:47:22 [INFO] Step 35/54 Loss=5.8517 mse=0.0825 v_opt=0.00095 v_mand=0.00012 ptv=0.0479 ptv_max=0.00019 global_ceil=0.00028 ring=0.00000 smooth=0.0071 laplacian=0.0161 beam=0.12365 homogeneity=0.0041 body=0.00000 bowel=0.00000 femur=0.00000
2026-05-25 14:47:28 [INFO] Step 40/54 Loss=17.6023 mse=0.2049 v_opt=0.00000 v_mand=0.00000 ptv=0.0810 ptv_max=0.00007 global_ceil=0.00031 ring=0.00000 smooth=0.0092 laplacian=0.0218 beam=0.45625 homogeneity=0.0060 body=0.00000 bowel=0.00000 femur=0.00000
2026-05-25 14:47:34 [INFO] Step 45/54 Loss=17.5213 mse=0.1594 v_opt=0.10791 v_mand=0.04393 ptv=0.0622 ptv_max=0.00031 global_ceil=0.00825 ring=0.00000 smooth=0.0068 laplacian=0.0168 beam=0.39331 homogeneity=0.0060 body=0.00000 bowel=0.00000 femur=0.00000
2026-05-25 14:47:39 [INFO] Step 50/54 Loss=15.5314 mse=0.1581 v_opt=0.04497 v_mand=0.00914 ptv=0.0617 ptv_max=0.00010 global_ceil=0.00149 ring=0.00000 smooth=0.0098 laplacian=0.0226 beam=0.40412 homogeneity=0.0050 body=0.00000 bowel=0.00000 femur=0.00000
2026-05-25 14:47:43 [INFO] Step 54/54 Loss=89.6290 mse=0.2181 v_opt=1.61966 v_mand=1.28151 ptv=0.1003 ptv_max=0.00003 global_ceil=0.04940 ring=0.00000 smooth=0.0175 laplacian=0.0469 beam=0.51895 homogeneity=0.0059 body=0.00000 bowel=0.00266 femur=0.00000
2026-05-25 14:47:44 [INFO] Running validation at epoch 112...
2026-05-25 14:48:11 [INFO] Epoch 112 Summary: Train=17.5950 Val=0.0191 (MSE=0.0191)
          Metrics: PTV_D95=53.75Gy Bladder=27.25Gy Rectum=23.89Gy
          Metrics: Ring=47.39Gy Dmax=110.00Gy BG=31.64Gy
2026-05-25 14:48:11 [INFO] Epoch 113/300 [FULL PHYSICS] ramp=1.000 lr=6.97e-05
2026-05-25 14:48:18 [INFO] Step 5/54 Loss=12.6102 mse=0.2349 v_opt=0.00000 v_mand=0.00000 ptv=0.0652 ptv_max=0.00053 global_ceil=0.03571 ring=0.00000 smooth=0.0124 laplacian=0.0293 beam=0.15848 homogeneity=0.0050 body=0.00000 bowel=0.00000 femur=0.00000
2026-05-25 14:48:23 [INFO] Step 10/54 Loss=16.1726 mse=0.1693 v_opt=0.00153 v_mand=0.00000 ptv=0.1089 ptv_max=0.00000 global_ceil=0.00000 ring=0.00000 smooth=0.0057 laplacian=0.0135 beam=0.42693 homogeneity=0.0051 body=0.00000 bowel=0.00000 femur=0.00000
2026-05-25 14:48:30 [INFO] Step 15/54 Loss=27.8402 mse=0.4280 v_opt=0.00026 v_mand=0.00000 ptv=0.0298 ptv_max=0.00046 global_ceil=0.02593 ring=0.00001 smooth=0.0130 laplacian=0.0339 beam=0.60899 homogeneity=0.0035 body=0.00000 bowel=0.00000 femur=0.00000
2026-05-25 14:48:35 [INFO] Step 20/54 Loss=21.7792 mse=0.2826 v_opt=0.04451 v_mand=0.00239 ptv=0.1115 ptv_max=0.00000 global_ceil=0.00017 ring=0.00000 smooth=0.0084 laplacian=0.0195 beam=0.52657 homogeneity=0.0056 body=0.00000 bowel=0.00000 femur=0.00000
2026-05-25 14:48:41 [INFO] Step 25/54 Loss=18.8835 mse=0.3192 v_opt=0.02364 v_mand=0.00242 ptv=0.0387 ptv_max=0.00057 global_ceil=0.01844 ring=0.00000 smooth=0.0118 laplacian=0.0284 beam=0.36050 homogeneity=0.0048 body=0.00000 bowel=0.00087 femur=0.00654
2026-05-25 14:48:47 [INFO] Step 30/54 Loss=25.5584 mse=0.4082 v_opt=0.01023 v_mand=0.00000 ptv=0.0211 ptv_max=0.00053 global_ceil=0.00703 ring=0.00000 smooth=0.0117 laplacian=0.0278 beam=0.57833 homogeneity=0.0042 body=0.00000 bowel=0.00000 femur=0.00000
2026-05-25 14:48:53 [INFO] Step 35/54 Loss=13.0754 mse=0.2700 v_opt=0.00701 v_mand=0.00000 ptv=0.0617 ptv_max=0.00002 global_ceil=0.00038 ring=0.00000 smooth=0.0074 laplacian=0.0172 beam=0.22171 homogeneity=0.0018 body=0.00000 bowel=0.00000 femur=0.00000
2026-05-25 14:48:58 [INFO] Step 40/54 Loss=14.9651 mse=0.1663 v_opt=0.01278 v_mand=0.00008 ptv=0.0586 ptv_max=0.00001 global_ceil=0.00037 ring=0.00000 smooth=0.0086 laplacian=0.0199 beam=0.39514 homogeneity=0.0023 body=0.00000 bowel=0.00939 femur=0.00000
2026-05-25 14:49:04 [INFO] Step 45/54 Loss=13.0664 mse=0.2538 v_opt=0.01663 v_mand=0.00042 ptv=0.0748 ptv_max=0.00000 global_ceil=0.00031 ring=0.00000 smooth=0.0077 laplacian=0.0177 beam=0.22286 homogeneity=0.0026 body=0.00000 bowel=0.01223 femur=0.00000
2026-05-25 14:49:10 [INFO] Step 50/54 Loss=14.3175 mse=0.1007 v_opt=0.06548 v_mand=0.00870 ptv=0.0623 ptv_max=0.00011 global_ceil=0.00068 ring=0.00000 smooth=0.0064 laplacian=0.0154 beam=0.41576 homogeneity=0.0043 body=0.00000 bowel=0.00000 femur=0.00000
2026-05-25 14:49:14 [INFO] Step 54/54 Loss=19.7187 mse=0.2745 v_opt=0.00976 v_mand=0.00000 ptv=0.0365 ptv_max=0.00034 global_ceil=0.00037 ring=0.00000 smooth=0.0082 laplacian=0.0190 beam=0.48856 homogeneity=0.0042 body=0.00000 bowel=0.00000 femur=0.00000
2026-05-25 14:49:14 [INFO] Running validation at epoch 113...
2026-05-25 14:49:41 [INFO] Epoch 113 Summary: Train=16.6993 Val=0.0182 (MSE=0.0182)
          Metrics: PTV_D95=52.90Gy Bladder=28.08Gy Rectum=23.53Gy
          Metrics: Ring=47.32Gy Dmax=104.01Gy BG=30.95Gy
2026-05-25 14:49:41 [INFO] [DIAGNOSTIC] Saved fallback model MSE=0.0182
2026-05-25 14:49:41 [INFO] Epoch 114/300 [FULL PHYSICS] ramp=1.000 lr=6.92e-05
2026-05-25 14:49:48 [INFO] Step 5/54 Loss=33.0708 mse=0.4432 v_opt=0.13370 v_mand=0.04365 ptv=0.0154 ptv_max=0.00233 global_ceil=0.09689 ring=0.00056 smooth=0.0160 laplacian=0.0406 beam=0.49865 homogeneity=0.0094 body=0.00000 bowel=0.08746 femur=0.00000
2026-05-25 14:49:53 [INFO] Step 10/54 Loss=13.1862 mse=0.1953 v_opt=0.00050 v_mand=0.00000 ptv=0.0577 ptv_max=0.00006 global_ceil=0.00543 ring=0.00000 smooth=0.0091 laplacian=0.0215 beam=0.29043 homogeneity=0.0034 body=0.00000 bowel=0.00000 femur=0.00000
2026-05-25 14:49:59 [INFO] Step 15/54 Loss=19.5259 mse=0.3572 v_opt=0.01842 v_mand=0.00035 ptv=0.0464 ptv_max=0.00017 global_ceil=0.00248 ring=0.00001 smooth=0.0088 laplacian=0.0210 beam=0.38618 homogeneity=0.0035 body=0.00000 bowel=0.00000 femur=0.00903
2026-05-25 14:50:05 [INFO] Step 20/54 Loss=12.4349 mse=0.1852 v_opt=0.02442 v_mand=0.00039 ptv=0.0499 ptv_max=0.00022 global_ceil=0.00141 ring=0.00000 smooth=0.0093 laplacian=0.0221 beam=0.27716 homogeneity=0.0042 body=0.00000 bowel=0.00000 femur=0.00000
2026-05-25 14:50:11 [INFO] Step 25/54 Loss=15.7785 mse=0.2695 v_opt=0.02205 v_mand=0.00170 ptv=0.0708 ptv_max=0.00012 global_ceil=0.01442 ring=0.00000 smooth=0.0123 laplacian=0.0290 beam=0.28512 homogeneity=0.0043 body=0.00000 bowel=0.00616 femur=0.00000
2026-05-25 14:50:16 [INFO] Step 30/54 Loss=16.9672 mse=0.2613 v_opt=0.04284 v_mand=0.00831 ptv=0.0971 ptv_max=0.00000 global_ceil=0.00083 ring=0.00000 smooth=0.0071 laplacian=0.0181 beam=0.35053 homogeneity=0.0024 body=0.00000 bowel=0.00000 femur=0.00114
2026-05-25 14:50:22 [INFO] Step 35/54 Loss=15.0538 mse=0.1363 v_opt=0.03075 v_mand=0.00512 ptv=0.1153 ptv_max=0.00000 global_ceil=0.00005 ring=0.00000 smooth=0.0091 laplacian=0.0212 beam=0.39871 homogeneity=0.0045 body=0.00000 bowel=0.00000 femur=0.00000
2026-05-25 14:50:27 [INFO] Step 40/54 Loss=20.2732 mse=0.2630 v_opt=0.04972 v_mand=0.01405 ptv=0.0677 ptv_max=0.00000 global_ceil=0.00007 ring=0.00000 smooth=0.0068 laplacian=0.0163 beam=0.48416 homogeneity=0.0011 body=0.00000 bowel=0.00000 femur=0.00000
2026-05-25 14:50:34 [INFO] Step 45/54 Loss=9.1092 mse=0.1783 v_opt=0.00309 v_mand=0.00070 ptv=0.0988 ptv_max=0.00011 global_ceil=0.00985 ring=0.00000 smooth=0.0157 laplacian=0.0353 beam=0.10227 homogeneity=0.0114 body=0.00000 bowel=0.00906 femur=0.00000
2026-05-25 14:50:38 [INFO] Step 50/54 Loss=5.9422 mse=0.1254 v_opt=0.00377 v_mand=0.00134 ptv=0.0642 ptv_max=0.00015 global_ceil=0.00099 ring=0.00000 smooth=0.0057 laplacian=0.0125 beam=0.07398 homogeneity=0.0050 body=0.00000 bowel=0.00000 femur=0.00000
2026-05-25 14:50:43 [INFO] Step 54/54 Loss=14.5560 mse=0.1558 v_opt=0.00328 v_mand=0.00000 ptv=0.0769 ptv_max=0.00004 global_ceil=0.00006 ring=0.00000 smooth=0.0063 laplacian=0.0145 beam=0.38818 homogeneity=0.0047 body=0.00000 bowel=0.00000 femur=0.00000
2026-05-25 14:50:43 [INFO] Running validation at epoch 114...
2026-05-25 14:51:11 [INFO] Epoch 114 Summary: Train=17.2737 Val=0.0182 (MSE=0.0182)
          Metrics: PTV_D95=54.91Gy Bladder=26.23Gy Rectum=23.66Gy
          Metrics: Ring=48.31Gy Dmax=115.70Gy BG=30.99Gy
2026-05-25 14:51:11 [INFO] Epoch 115/300 [FULL PHYSICS] ramp=1.000 lr=6.87e-05
2026-05-25 14:51:18 [INFO] Step 5/54 Loss=18.1245 mse=0.2436 v_opt=0.04262 v_mand=0.00786 ptv=0.1065 ptv_max=0.00006 global_ceil=0.00443 ring=0.00000 smooth=0.0134 laplacian=0.0318 beam=0.38082 homogeneity=0.0140 body=0.00000 bowel=0.01924 femur=0.00000
2026-05-25 14:51:23 [INFO] Step 10/54 Loss=19.4672 mse=0.2737 v_opt=0.01775 v_mand=0.00061 ptv=0.0708 ptv_max=0.00001 global_ceil=0.00135 ring=0.00000 smooth=0.0125 laplacian=0.0312 beam=0.46123 homogeneity=0.0023 body=0.00000 bowel=0.00000 femur=0.00353
2026-05-25 14:51:29 [INFO] Step 15/54 Loss=14.4233 mse=0.1635 v_opt=0.05758 v_mand=0.01911 ptv=0.0404 ptv_max=0.00002 global_ceil=0.00054 ring=0.00000 smooth=0.0083 laplacian=0.0192 beam=0.34777 homogeneity=0.0016 body=0.00000 bowel=0.00000 femur=0.00000
2026-05-25 14:51:35 [INFO] Step 20/54 Loss=24.5036 mse=0.3039 v_opt=0.02199 v_mand=0.00074 ptv=0.0572 ptv_max=0.00004 global_ceil=0.01903 ring=0.00000 smooth=0.0296 laplacian=0.0998 beam=0.58837 homogeneity=0.0029 body=0.00000 bowel=0.00000 femur=0.00000
2026-05-25 14:51:40 [INFO] Step 25/54 Loss=19.8073 mse=0.3383 v_opt=0.02593 v_mand=0.00246 ptv=0.0572 ptv_max=0.00011 global_ceil=0.00132 ring=0.00000 smooth=0.0066 laplacian=0.0141 beam=0.41228 homogeneity=0.0043 body=0.00000 bowel=0.00326 femur=0.00000
2026-05-25 14:51:47 [INFO] Step 30/54 Loss=11.5751 mse=0.2025 v_opt=0.06878 v_mand=0.01076 ptv=0.0246 ptv_max=0.00046 global_ceil=0.01839 ring=0.00000 smooth=0.0061 laplacian=0.0149 beam=0.15724 homogeneity=0.0044 body=0.00000 bowel=0.03344 femur=0.00001
2026-05-25 14:51:52 [INFO] Step 35/54 Loss=11.1649 mse=0.1537 v_opt=0.00323 v_mand=0.00000 ptv=0.0665 ptv_max=0.00003 global_ceil=0.00027 ring=0.00000 smooth=0.0078 laplacian=0.0176 beam=0.25839 homogeneity=0.0039 body=0.00000 bowel=0.00000 femur=0.00000
2026-05-25 14:51:59 [INFO] Step 40/54 Loss=17.4894 mse=0.1603 v_opt=0.06947 v_mand=0.01050 ptv=0.0447 ptv_max=0.00014 global_ceil=0.00640 ring=0.00000 smooth=0.0066 laplacian=0.0159 beam=0.35781 homogeneity=0.0033 body=0.00000 bowel=0.19547 femur=0.00019
2026-05-25 14:52:03 [INFO] Step 45/54 Loss=13.3739 mse=0.1819 v_opt=0.00802 v_mand=0.00000 ptv=0.0688 ptv_max=0.00003 global_ceil=0.00032 ring=0.00000 smooth=0.0085 laplacian=0.0200 beam=0.31693 homogeneity=0.0035 body=0.00000 bowel=0.00000 femur=0.00000
2026-05-25 14:52:11 [INFO] Step 50/54 Loss=19.8606 mse=0.3263 v_opt=0.03635 v_mand=0.00437 ptv=0.0528 ptv_max=0.00010 global_ceil=0.00114 ring=0.00001 smooth=0.0079 laplacian=0.0181 beam=0.42276 homogeneity=0.0035 body=0.00000 bowel=0.00253 femur=0.00373
2026-05-25 14:52:15 [INFO] Step 54/54 Loss=12.5530 mse=0.0954 v_opt=0.00000 v_mand=0.00000 ptv=0.0989 ptv_max=0.00000 global_ceil=0.00053 ring=0.00000 smooth=0.0075 laplacian=0.0172 beam=0.35952 homogeneity=0.0036 body=0.00000 bowel=0.00000 femur=0.00000
2026-05-25 14:52:15 [INFO] Running validation at epoch 115...
2026-05-25 14:52:42 [INFO] Epoch 115 Summary: Train=17.0086 Val=0.0177 (MSE=0.0177)
          Metrics: PTV_D95=52.45Gy Bladder=27.03Gy Rectum=22.47Gy
          Metrics: Ring=46.91Gy Dmax=113.06Gy BG=30.62Gy
2026-05-25 14:52:42 [INFO] [DIAGNOSTIC] Saved fallback model MSE=0.0177
2026-05-25 14:52:42 [INFO] Epoch 116/300 [FULL PHYSICS] ramp=1.000 lr=6.82e-05
2026-05-25 14:52:49 [INFO] Step 5/54 Loss=7.7844 mse=0.0907 v_opt=0.00569 v_mand=0.00064 ptv=0.0906 ptv_max=0.00002 global_ceil=0.00006 ring=0.00000 smooth=0.0057 laplacian=0.0122 beam=0.17614 homogeneity=0.0046 body=0.00000 bowel=0.00000 femur=0.00000
2026-05-25 14:52:54 [INFO] Step 10/54 Loss=20.6595 mse=0.3103 v_opt=0.03249 v_mand=0.00384 ptv=0.0706 ptv_max=0.00013 global_ceil=0.00549 ring=0.00000 smooth=0.0107 laplacian=0.0242 beam=0.45688 homogeneity=0.0046 body=0.00000 bowel=0.00000 femur=0.00000
2026-05-25 14:53:01 [INFO] Step 15/54 Loss=12.5604 mse=0.1692 v_opt=0.07732 v_mand=0.01853 ptv=0.0630 ptv_max=0.00002 global_ceil=0.00000 ring=0.00000 smooth=0.0065 laplacian=0.0146 beam=0.25877 homogeneity=0.0033 body=0.00000 bowel=0.00000 femur=0.00000
2026-05-25 14:53:05 [INFO] Step 20/54 Loss=22.4558 mse=0.3353 v_opt=0.00816 v_mand=0.00000 ptv=0.0298 ptv_max=0.00036 global_ceil=0.00283 ring=0.00000 smooth=0.0077 laplacian=0.0189 beam=0.53581 homogeneity=0.0033 body=0.00000 bowel=0.00000 femur=0.00000
2026-05-25 14:53:12 [INFO] Step 25/54 Loss=13.8867 mse=0.1449 v_opt=0.01057 v_mand=0.00000 ptv=0.0712 ptv_max=0.00000 global_ceil=0.00470 ring=0.00000 smooth=0.0099 laplacian=0.0232 beam=0.36518 homogeneity=0.0020 body=0.00000 bowel=0.00000 femur=0.00000
2026-05-25 14:53:17 [INFO] Step 30/54 Loss=21.0453 mse=0.3388 v_opt=0.02060 v_mand=0.00012 ptv=0.0545 ptv_max=0.00001 global_ceil=0.00988 ring=0.00000 smooth=0.0112 laplacian=0.0274 beam=0.44319 homogeneity=0.0017 body=0.00000 bowel=0.00000 femur=0.02260
2026-05-25 14:53:24 [INFO] Step 35/54 Loss=27.9529 mse=0.4240 v_opt=0.00631 v_mand=0.00003 ptv=0.0432 ptv_max=0.00012 global_ceil=0.00871 ring=0.00000 smooth=0.0181 laplacian=0.0497 beam=0.61639 homogeneity=0.0036 body=0.00000 bowel=0.04702 femur=0.00000
2026-05-25 14:53:29 [INFO] Step 40/54 Loss=18.2429 mse=0.2814 v_opt=0.01996 v_mand=0.00084 ptv=0.0467 ptv_max=0.00026 global_ceil=0.00417 ring=0.00000 smooth=0.0076 laplacian=0.0172 beam=0.40945 homogeneity=0.0041 body=0.00000 bowel=0.00000 femur=0.00000
2026-05-25 14:53:36 [INFO] Step 45/54 Loss=19.7342 mse=0.4007 v_opt=0.05197 v_mand=0.01178 ptv=0.0396 ptv_max=0.00028 global_ceil=0.01004 ring=0.00000 smooth=0.0079 laplacian=0.0192 beam=0.27332 homogeneity=0.0036 body=0.00000 bowel=0.06718 femur=0.00655
2026-05-25 14:53:41 [INFO] Step 50/54 Loss=14.2599 mse=0.1837 v_opt=0.00070 v_mand=0.00000 ptv=0.0561 ptv_max=0.00007 global_ceil=0.00041 ring=0.00000 smooth=0.0061 laplacian=0.0145 beam=0.35043 homogeneity=0.0033 body=0.00000 bowel=0.01137 femur=0.00000
2026-05-25 14:53:46 [INFO] Step 54/54 Loss=11.5617 mse=0.3051 v_opt=0.03760 v_mand=0.00309 ptv=0.0628 ptv_max=0.00003 global_ceil=0.00203 ring=0.00000 smooth=0.0102 laplacian=0.0253 beam=0.11075 homogeneity=0.0033 body=0.00000 bowel=0.00000 femur=0.00000
2026-05-25 14:53:46 [INFO] Running validation at epoch 116...
2026-05-25 14:54:13 [INFO] Epoch 116 Summary: Train=16.8161 Val=0.0176 (MSE=0.0176)
          Metrics: PTV_D95=54.10Gy Bladder=28.67Gy Rectum=23.73Gy
          Metrics: Ring=48.10Gy Dmax=121.40Gy BG=30.54Gy
2026-05-25 14:54:13 [INFO] [DIAGNOSTIC] Saved fallback model MSE=0.0176
2026-05-25 14:54:13 [INFO] Epoch 117/300 [FULL PHYSICS] ramp=1.000 lr=6.78e-05
2026-05-25 14:54:20 [INFO] Step 5/54 Loss=16.1444 mse=0.2108 v_opt=0.05378 v_mand=0.01530 ptv=0.0362 ptv_max=0.00005 global_ceil=0.00024 ring=0.00000 smooth=0.0086 laplacian=0.0191 beam=0.37910 homogeneity=0.0019 body=0.00000 bowel=0.00000 femur=0.00000
2026-05-25 14:54:26 [INFO] Step 10/54 Loss=26.2371 mse=0.4871 v_opt=0.00610 v_mand=0.00000 ptv=0.0412 ptv_max=0.00021 global_ceil=0.00543 ring=0.00001 smooth=0.0064 laplacian=0.0162 beam=0.48734 homogeneity=0.0034 body=0.00000 bowel=0.06384 femur=0.00360
2026-05-25 14:54:32 [INFO] Step 15/54 Loss=6.4932 mse=0.1644 v_opt=0.01094 v_mand=0.00001 ptv=0.0727 ptv_max=0.00000 global_ceil=0.00021 ring=0.00000 smooth=0.0070 laplacian=0.0158 beam=0.05968 homogeneity=0.0023 body=0.00000 bowel=0.00000 femur=0.00000
2026-05-25 14:54:37 [INFO] Step 20/54 Loss=14.9938 mse=0.2496 v_opt=0.00415 v_mand=0.00000 ptv=0.0752 ptv_max=0.00056 global_ceil=0.02391 ring=0.00001 smooth=0.0128 laplacian=0.0293 beam=0.25622 homogeneity=0.0073 body=0.00000 bowel=0.00000 femur=0.00025
2026-05-25 14:54:43 [INFO] Step 25/54 Loss=18.8460 mse=0.2170 v_opt=0.04109 v_mand=0.00341 ptv=0.0602 ptv_max=0.00011 global_ceil=0.00228 ring=0.00000 smooth=0.0074 laplacian=0.0182 beam=0.44060 homogeneity=0.0042 body=0.00000 bowel=0.08260 femur=0.00000
2026-05-25 14:54:49 [INFO] Step 30/54 Loss=22.2069 mse=0.3075 v_opt=0.00528 v_mand=0.00000 ptv=0.0542 ptv_max=0.00002 global_ceil=0.02009 ring=0.00000 smooth=0.0082 laplacian=0.0212 beam=0.51269 homogeneity=0.0014 body=0.00000 bowel=0.00000 femur=0.00000
2026-05-25 14:54:55 [INFO] Step 35/54 Loss=12.8679 mse=0.1553 v_opt=0.00815 v_mand=0.00006 ptv=0.1140 ptv_max=0.00004 global_ceil=0.00127 ring=0.00000 smooth=0.0083 laplacian=0.0184 beam=0.27540 homogeneity=0.0109 body=0.00000 bowel=0.03709 femur=0.00000
2026-05-25 14:55:00 [INFO] Step 40/54 Loss=16.6491 mse=0.2438 v_opt=0.00122 v_mand=0.00000 ptv=0.0800 ptv_max=0.00004 global_ceil=0.00044 ring=0.00000 smooth=0.0063 laplacian=0.0161 beam=0.37112 homogeneity=0.0043 body=0.00000 bowel=0.01825 femur=0.00000
2026-05-25 14:55:06 [INFO] Step 45/54 Loss=16.9054 mse=0.2240 v_opt=0.02283 v_mand=0.00120 ptv=0.0463 ptv_max=0.00017 global_ceil=0.00410 ring=0.00000 smooth=0.0073 laplacian=0.0170 beam=0.41312 homogeneity=0.0039 body=0.00000 bowel=0.00046 femur=0.00012
2026-05-25 14:55:12 [INFO] Step 50/54 Loss=14.9248 mse=0.1914 v_opt=0.01224 v_mand=0.00043 ptv=0.0599 ptv_max=0.00009 global_ceil=0.00022 ring=0.00000 smooth=0.0064 laplacian=0.0145 beam=0.37236 homogeneity=0.0041 body=0.00000 bowel=0.00000 femur=0.00000
2026-05-25 14:55:17 [INFO] Step 54/54 Loss=12.1089 mse=0.1187 v_opt=0.03493 v_mand=0.00246 ptv=0.0999 ptv_max=0.00000 global_ceil=0.00001 ring=0.00000 smooth=0.0063 laplacian=0.0136 beam=0.31104 homogeneity=0.0049 body=0.00000 bowel=0.00000 femur=0.00000
2026-05-25 14:55:17 [INFO] Running validation at epoch 117...
2026-05-25 14:55:44 [INFO] Epoch 117 Summary: Train=15.5980 Val=0.0169 (MSE=0.0169)
          Metrics: PTV_D95=51.62Gy Bladder=28.70Gy Rectum=22.37Gy
          Metrics: Ring=46.02Gy Dmax=146.46Gy BG=30.03Gy
2026-05-25 14:55:44 [INFO] [DIAGNOSTIC] Saved fallback model MSE=0.0169
2026-05-25 14:55:44 [INFO] Epoch 118/300 [FULL PHYSICS] ramp=1.000 lr=6.73e-05
2026-05-25 14:55:51 [INFO] Step 5/54 Loss=6.3195 mse=0.1585 v_opt=0.01127 v_mand=0.00000 ptv=0.0935 ptv_max=0.00000 global_ceil=0.00097 ring=0.00000 smooth=0.0081 laplacian=0.0185 beam=0.04705 homogeneity=0.0037 body=0.00000 bowel=0.00000 femur=0.00000
2026-05-25 14:55:56 [INFO] Step 10/54 Loss=14.8031 mse=0.3000 v_opt=0.05537 v_mand=0.01667 ptv=0.0769 ptv_max=0.00000 global_ceil=0.00005 ring=0.00000 smooth=0.0053 laplacian=0.0123 beam=0.21307 homogeneity=0.0026 body=0.00000 bowel=0.00931 femur=0.00000
2026-05-25 14:56:03 [INFO] Step 15/54 Loss=15.4869 mse=0.1949 v_opt=0.05433 v_mand=0.00712 ptv=0.0222 ptv_max=0.00043 global_ceil=0.00769 ring=0.00000 smooth=0.0121 laplacian=0.0269 beam=0.37029 homogeneity=0.0038 body=0.00000 bowel=0.00000 femur=0.00000
2026-05-25 14:56:08 [INFO] Step 20/54 Loss=15.0367 mse=0.2088 v_opt=0.02273 v_mand=0.00219 ptv=0.0564 ptv_max=0.00001 global_ceil=0.00004 ring=0.00000 smooth=0.0049 laplacian=0.0121 beam=0.35923 homogeneity=0.0018 body=0.00000 bowel=0.00085 femur=0.00000
2026-05-25 14:56:14 [INFO] Step 25/54 Loss=14.8994 mse=0.2723 v_opt=0.01643 v_mand=0.00079 ptv=0.0581 ptv_max=0.00001 global_ceil=0.01223 ring=0.00000 smooth=0.0061 laplacian=0.0143 beam=0.26743 homogeneity=0.0019 body=0.00000 bowel=0.00158 femur=0.00000
2026-05-25 14:56:19 [INFO] Step 30/54 Loss=23.2286 mse=0.3180 v_opt=0.01047 v_mand=0.00000 ptv=0.0614 ptv_max=0.00004 global_ceil=0.02281 ring=0.00000 smooth=0.0075 laplacian=0.0177 beam=0.53404 homogeneity=0.0025 body=0.00000 bowel=0.00000 femur=0.00000
2026-05-25 14:56:26 [INFO] Step 35/54 Loss=11.1348 mse=0.2289 v_opt=0.08518 v_mand=0.02223 ptv=0.0786 ptv_max=0.00001 global_ceil=0.00036 ring=0.00000 smooth=0.0065 laplacian=0.0154 beam=0.12769 homogeneity=0.0025 body=0.00000 bowel=0.00000 femur=0.00000
2026-05-25 14:56:31 [INFO] Step 40/54 Loss=9.8680 mse=0.1955 v_opt=0.00810 v_mand=0.00000 ptv=0.0843 ptv_max=0.00000 global_ceil=0.00128 ring=0.00000 smooth=0.0109 laplacian=0.0243 beam=0.15490 homogeneity=0.0026 body=0.00000 bowel=0.00000 femur=0.00000
2026-05-25 14:56:37 [INFO] Step 45/54 Loss=9.2662 mse=0.1250 v_opt=0.01739 v_mand=0.00000 ptv=0.1182 ptv_max=0.00002 global_ceil=0.00627 ring=0.00000 smooth=0.0121 laplacian=0.0280 beam=0.16775 homogeneity=0.0108 body=0.00000 bowel=0.00315 femur=0.00000
2026-05-25 14:56:42 [INFO] Step 50/54 Loss=7.8277 mse=0.1346 v_opt=0.02287 v_mand=0.00078 ptv=0.0907 ptv_max=0.00008 global_ceil=0.00282 ring=0.00000 smooth=0.0106 laplacian=0.0231 beam=0.12225 homogeneity=0.0068 body=0.00000 bowel=0.00000 femur=0.00000
2026-05-25 14:56:47 [INFO] Step 54/54 Loss=19.1792 mse=0.2721 v_opt=0.07623 v_mand=0.01783 ptv=0.0575 ptv_max=0.00006 global_ceil=0.00032 ring=0.00000 smooth=0.0080 laplacian=0.0198 beam=0.41294 homogeneity=0.0040 body=0.00000 bowel=0.01109 femur=0.00571
2026-05-25 14:56:47 [INFO] Running validation at epoch 118...
2026-05-25 14:57:14 [INFO] Epoch 118 Summary: Train=14.4416 Val=0.0181 (MSE=0.0181)
          Metrics: PTV_D95=54.77Gy Bladder=29.18Gy Rectum=22.65Gy
          Metrics: Ring=48.20Gy Dmax=102.83Gy BG=30.86Gy
2026-05-25 14:57:14 [INFO] Epoch 119/300 [FULL PHYSICS] ramp=1.000 lr=6.68e-05
2026-05-25 14:57:22 [INFO] Step 5/54 Loss=20.3845 mse=0.3268 v_opt=0.02078 v_mand=0.00031 ptv=0.0631 ptv_max=0.00006 global_ceil=0.00854 ring=0.00001 smooth=0.0085 laplacian=0.0214 beam=0.42426 homogeneity=0.0029 body=0.00000 bowel=0.00000 femur=0.03088
2026-05-25 14:57:26 [INFO] Step 10/54 Loss=12.2242 mse=0.1505 v_opt=0.00209 v_mand=0.00001 ptv=0.0882 ptv_max=0.00001 global_ceil=0.00313 ring=0.00000 smooth=0.0060 laplacian=0.0144 beam=0.29040 homogeneity=0.0040 body=0.00000 bowel=0.00000 femur=0.00000
2026-05-25 14:57:33 [INFO] Step 15/54 Loss=41.7100 mse=0.1759 v_opt=0.00404 v_mand=0.00000 ptv=0.0819 ptv_max=0.00001 global_ceil=0.47940 ring=0.00000 smooth=0.0185 laplacian=0.0455 beam=0.48774 homogeneity=0.0037 body=0.00000 bowel=0.00000 femur=0.00000
2026-05-25 14:57:38 [INFO] Step 20/54 Loss=10.7664 mse=0.1182 v_opt=0.02598 v_mand=0.00171 ptv=0.1081 ptv_max=0.00000 global_ceil=0.00012 ring=0.00000 smooth=0.0076 laplacian=0.0173 beam=0.25575 homogeneity=0.0050 body=0.00000 bowel=0.00000 femur=0.00000
2026-05-25 14:57:45 [INFO] Step 25/54 Loss=16.0296 mse=0.3365 v_opt=0.00637 v_mand=0.00000 ptv=0.0372 ptv_max=0.00022 global_ceil=0.01277 ring=0.00000 smooth=0.0115 laplacian=0.0285 beam=0.24521 homogeneity=0.0032 body=0.00000 bowel=0.01397 femur=0.00021
2026-05-25 14:57:50 [INFO] Step 30/54 Loss=14.1532 mse=0.2908 v_opt=0.00644 v_mand=0.00000 ptv=0.0590 ptv_max=0.00006 global_ceil=0.00004 ring=0.00000 smooth=0.0063 laplacian=0.0146 beam=0.24496 homogeneity=0.0033 body=0.00000 bowel=0.00000 femur=0.00000
2026-05-25 14:57:56 [INFO] Step 35/54 Loss=20.2703 mse=0.3153 v_opt=0.04528 v_mand=0.00875 ptv=0.0452 ptv_max=0.00042 global_ceil=0.01032 ring=0.00001 smooth=0.0075 laplacian=0.0178 beam=0.41380 homogeneity=0.0043 body=0.00000 bowel=0.02008 femur=0.00000
2026-05-25 14:58:02 [INFO] Step 40/54 Loss=12.7109 mse=0.2098 v_opt=0.08799 v_mand=0.02926 ptv=0.0669 ptv_max=0.00003 global_ceil=0.00055 ring=0.00000 smooth=0.0086 laplacian=0.0201 beam=0.19815 homogeneity=0.0032 body=0.00000 bowel=0.00000 femur=0.00000
2026-05-25 14:58:08 [INFO] Step 45/54 Loss=17.8983 mse=0.1102 v_opt=0.08022 v_mand=0.02725 ptv=0.1426 ptv_max=0.00010 global_ceil=0.00397 ring=0.00000 smooth=0.0099 laplacian=0.0249 beam=0.46344 homogeneity=0.0130 body=0.00000 bowel=0.00000 femur=0.00000
2026-05-25 14:58:13 [INFO] Step 50/54 Loss=32.9935 mse=0.4199 v_opt=0.00131 v_mand=0.00000 ptv=0.1006 ptv_max=0.00000 global_ceil=0.09630 ring=0.00000 smooth=0.0207 laplacian=0.0682 beam=0.64914 homogeneity=0.0041 body=0.00000 bowel=0.00001 femur=0.00000
2026-05-25 14:58:18 [INFO] Step 54/54 Loss=17.6045 mse=0.2181 v_opt=0.00182 v_mand=0.00000 ptv=0.0612 ptv_max=0.00004 global_ceil=0.00159 ring=0.00000 smooth=0.0080 laplacian=0.0197 beam=0.45254 homogeneity=0.0015 body=0.00000 bowel=0.00000 femur=0.00000
2026-05-25 14:58:18 [INFO] Running validation at epoch 119...
2026-05-25 14:58:45 [INFO] Epoch 119 Summary: Train=17.5033 Val=0.0177 (MSE=0.0177)
          Metrics: PTV_D95=47.34Gy Bladder=24.89Gy Rectum=21.33Gy
          Metrics: Ring=44.36Gy Dmax=144.38Gy BG=30.36Gy
2026-05-25 14:58:45 [INFO] Epoch 120/300 [FULL PHYSICS] ramp=1.000 lr=6.63e-05
2026-05-25 14:58:52 [INFO] Step 5/54 Loss=17.9657 mse=0.2585 v_opt=0.00253 v_mand=0.00000 ptv=0.0860 ptv_max=0.00009 global_ceil=0.00350 ring=0.00000 smooth=0.0095 laplacian=0.0244 beam=0.40869 homogeneity=0.0049 body=0.00000 bowel=0.00000 femur=0.00031
2026-05-25 14:58:57 [INFO] Step 10/54 Loss=31.1574 mse=0.1848 v_opt=0.00000 v_mand=0.00000 ptv=0.0000 ptv_max=0.00000 global_ceil=0.26631 ring=0.00000 smooth=0.0167 laplacian=0.0425 beam=0.51967 homogeneity=0.0000 body=0.00000 bowel=0.00000 femur=0.00000
2026-05-25 14:59:04 [INFO] Step 15/54 Loss=9.6887 mse=0.1160 v_opt=0.01880 v_mand=0.00130 ptv=0.1134 ptv_max=0.00000 global_ceil=0.00140 ring=0.00000 smooth=0.0048 laplacian=0.0102 beam=0.20961 homogeneity=0.0068 body=0.00000 bowel=0.00340 femur=0.00000
2026-05-25 14:59:09 [INFO] Step 20/54 Loss=10.0753 mse=0.0589 v_opt=0.00000 v_mand=0.00000 ptv=0.0000 ptv_max=0.00000 global_ceil=0.00345 ring=0.00000 smooth=0.0064 laplacian=0.0147 beam=0.33401 homogeneity=0.0000 body=0.00000 bowel=0.00000 femur=0.00000
2026-05-25 14:59:16 [INFO] Step 25/54 Loss=15.8071 mse=0.2535 v_opt=0.00086 v_mand=0.00000 ptv=0.0825 ptv_max=0.00001 global_ceil=0.00101 ring=0.00000 smooth=0.0064 laplacian=0.0173 beam=0.33782 homogeneity=0.0026 body=0.00000 bowel=0.00000 femur=0.00000
2026-05-25 14:59:20 [INFO] Step 30/54 Loss=19.9371 mse=0.2853 v_opt=0.00376 v_mand=0.00000 ptv=0.0263 ptv_max=0.00025 global_ceil=0.00062 ring=0.00000 smooth=0.0094 laplacian=0.0241 beam=0.49105 homogeneity=0.0029 body=0.00000 bowel=0.00000 femur=0.00000
2026-05-25 14:59:27 [INFO] Step 35/54 Loss=12.2485 mse=0.3340 v_opt=0.00713 v_mand=0.00003 ptv=0.0656 ptv_max=0.00004 global_ceil=0.00807 ring=0.00000 smooth=0.0072 laplacian=0.0177 beam=0.10228 homogeneity=0.0043 body=0.00000 bowel=0.00000 femur=0.00785
2026-05-25 14:59:32 [INFO] Step 40/54 Loss=17.2618 mse=0.2497 v_opt=0.00577 v_mand=0.00035 ptv=0.0401 ptv_max=0.00014 global_ceil=0.00858 ring=0.00000 smooth=0.0112 laplacian=0.0272 beam=0.38268 homogeneity=0.0030 body=0.00000 bowel=0.02394 femur=0.00079
2026-05-25 14:59:39 [INFO] Step 45/54 Loss=16.3702 mse=0.2601 v_opt=0.10867 v_mand=0.03843 ptv=0.0506 ptv_max=0.00010 global_ceil=0.00437 ring=0.00000 smooth=0.0066 laplacian=0.0167 beam=0.26847 homogeneity=0.0034 body=0.00000 bowel=0.00804 femur=0.00000
2026-05-25 14:59:44 [INFO] Step 50/54 Loss=10.4844 mse=0.1034 v_opt=0.00193 v_mand=0.00000 ptv=0.1207 ptv_max=0.00000 global_ceil=0.00028 ring=0.00000 smooth=0.0053 laplacian=0.0126 beam=0.25417 homogeneity=0.0078 body=0.00000 bowel=0.00629 femur=0.00000
2026-05-25 14:59:48 [INFO] Step 54/54 Loss=13.1053 mse=0.2332 v_opt=0.04019 v_mand=0.00587 ptv=0.0334 ptv_max=0.00037 global_ceil=0.00466 ring=0.00000 smooth=0.0049 laplacian=0.0117 beam=0.24571 homogeneity=0.0036 body=0.00000 bowel=0.00000 femur=0.00000
2026-05-25 14:59:49 [INFO] Running validation at epoch 120...
2026-05-25 15:00:15 [INFO] Epoch 120 Summary: Train=16.1568 Val=0.0166 (MSE=0.0166)
          Metrics: PTV_D95=52.72Gy Bladder=27.06Gy Rectum=23.44Gy
          Metrics: Ring=47.10Gy Dmax=130.72Gy BG=29.60Gy
2026-05-25 15:00:15 [INFO] [DIAGNOSTIC] Saved fallback model MSE=0.0166
2026-05-25 15:00:15 [INFO] Epoch 121/300 [FULL PHYSICS] ramp=1.000 lr=6.58e-05
2026-05-25 15:00:22 [INFO] Step 5/54 Loss=7.2240 mse=0.1067 v_opt=0.00000 v_mand=0.00000 ptv=0.0871 ptv_max=0.00001 global_ceil=0.00002 ring=0.00000 smooth=0.0063 laplacian=0.0137 beam=0.14123 homogeneity=0.0039 body=0.00000 bowel=0.00000 femur=0.00000
2026-05-25 15:00:28 [INFO] Step 10/54 Loss=9.8423 mse=0.2310 v_opt=0.00736 v_mand=0.00000 ptv=0.1014 ptv_max=0.00000 global_ceil=0.00005 ring=0.00000 smooth=0.0084 laplacian=0.0201 beam=0.11404 homogeneity=0.0039 body=0.00000 bowel=0.00000 femur=0.00000
2026-05-25 15:00:34 [INFO] Step 15/54 Loss=16.1362 mse=0.1707 v_opt=0.09144 v_mand=0.01835 ptv=0.0578 ptv_max=0.00034 global_ceil=0.00203 ring=0.00000 smooth=0.0070 laplacian=0.0165 beam=0.39284 homogeneity=0.0058 body=0.00000 bowel=0.00000 femur=0.00127
2026-05-25 15:00:39 [INFO] Step 20/54 Loss=25.9105 mse=0.4080 v_opt=0.00316 v_mand=0.00000 ptv=0.0534 ptv_max=0.00017 global_ceil=0.00587 ring=0.00000 smooth=0.0097 laplacian=0.0257 beam=0.58652 homogeneity=0.0024 body=0.00000 bowel=0.00000 femur=0.00000
2026-05-25 15:00:46 [INFO] Step 25/54 Loss=11.3967 mse=0.1828 v_opt=0.00366 v_mand=0.00075 ptv=0.0600 ptv_max=0.00014 global_ceil=0.00070 ring=0.00000 smooth=0.0079 laplacian=0.0178 beam=0.23678 homogeneity=0.0055 body=0.00000 bowel=0.00000 femur=0.00000
2026-05-25 15:00:50 [INFO] Step 30/54 Loss=13.4711 mse=0.1703 v_opt=0.00324 v_mand=0.00053 ptv=0.0225 ptv_max=0.00073 global_ceil=0.00247 ring=0.00000 smooth=0.0095 laplacian=0.0225 beam=0.34022 homogeneity=0.0048 body=0.00000 bowel=0.00000 femur=0.00000
2026-05-25 15:00:58 [INFO] Step 35/54 Loss=23.8256 mse=0.2988 v_opt=0.00227 v_mand=0.00000 ptv=0.0596 ptv_max=0.00003 global_ceil=0.07008 ring=0.00000 smooth=0.0103 laplacian=0.0275 beam=0.46988 homogeneity=0.0018 body=0.00000 bowel=0.01528 femur=0.00888
2026-05-25 15:01:02 [INFO] Step 40/54 Loss=12.0032 mse=0.0965 v_opt=0.00207 v_mand=0.00000 ptv=0.0000 ptv_max=0.00000 global_ceil=0.00000 ring=0.00000 smooth=0.0056 laplacian=0.0135 beam=0.38052 homogeneity=0.0000 body=0.00000 bowel=0.00000 femur=0.00000
2026-05-25 15:01:09 [INFO] Step 45/54 Loss=16.3816 mse=0.1705 v_opt=0.03166 v_mand=0.00138 ptv=0.0763 ptv_max=0.00000 global_ceil=0.00000 ring=0.00000 smooth=0.0078 laplacian=0.0183 beam=0.44331 homogeneity=0.0021 body=0.00000 bowel=0.00000 femur=0.00000
2026-05-25 15:01:14 [INFO] Step 50/54 Loss=24.5773 mse=0.2503 v_opt=0.00000 v_mand=0.00000 ptv=0.1010 ptv_max=0.00000 global_ceil=0.02855 ring=0.00000 smooth=0.0202 laplacian=0.0554 beam=0.61929 homogeneity=0.0051 body=0.00000 bowel=0.00000 femur=0.00000
2026-05-25 15:01:19 [INFO] Step 54/54 Loss=12.2649 mse=0.1525 v_opt=0.01566 v_mand=0.00036 ptv=0.0536 ptv_max=0.00009 global_ceil=0.00077 ring=0.00000 smooth=0.0076 laplacian=0.0171 beam=0.30598 homogeneity=0.0036 body=0.00000 bowel=0.00000 femur=0.00000
2026-05-25 15:01:19 [INFO] Running validation at epoch 121...
2026-05-25 15:01:47 [INFO] Epoch 121 Summary: Train=16.7666 Val=0.0168 (MSE=0.0168)
          Metrics: PTV_D95=54.60Gy Bladder=25.78Gy Rectum=24.28Gy
          Metrics: Ring=47.89Gy Dmax=132.33Gy BG=29.74Gy
2026-05-25 15:01:47 [INFO] Epoch 122/300 [FULL PHYSICS] ramp=1.000 lr=6.53e-05
2026-05-25 15:01:53 [INFO] Step 5/54 Loss=15.8509 mse=0.1919 v_opt=0.00366 v_mand=0.00001 ptv=0.0249 ptv_max=0.00037 global_ceil=0.00024 ring=0.00000 smooth=0.0077 laplacian=0.0181 beam=0.42208 homogeneity=0.0040 body=0.00000 bowel=0.00000 femur=0.00000
2026-05-25 15:01:58 [INFO] Step 10/54 Loss=9.6653 mse=0.1167 v_opt=0.00086 v_mand=0.00006 ptv=0.0610 ptv_max=0.00006 global_ceil=0.00196 ring=0.00000 smooth=0.0103 laplacian=0.0242 beam=0.23266 homogeneity=0.0039 body=0.00000 bowel=0.00000 femur=0.00000
2026-05-25 15:02:05 [INFO] Step 15/54 Loss=13.2687 mse=0.1457 v_opt=0.02202 v_mand=0.00125 ptv=0.0788 ptv_max=0.00001 global_ceil=0.00025 ring=0.00000 smooth=0.0069 laplacian=0.0156 beam=0.34266 homogeneity=0.0033 body=0.00000 bowel=0.00000 femur=0.00000
2026-05-25 15:02:10 [INFO] Step 20/54 Loss=25.2275 mse=0.1286 v_opt=0.33613 v_mand=0.21092 ptv=0.1286 ptv_max=0.00000 global_ceil=0.00040 ring=0.00000 smooth=0.0078 laplacian=0.0191 beam=0.36865 homogeneity=0.0084 body=0.00000 bowel=0.00000 femur=0.00000
2026-05-25 15:02:17 [INFO] Step 25/54 Loss=16.4677 mse=0.1760 v_opt=0.03252 v_mand=0.00073 ptv=0.0523 ptv_max=0.00010 global_ceil=0.02636 ring=0.00000 smooth=0.0084 laplacian=0.0201 beam=0.39702 homogeneity=0.0032 body=0.00000 bowel=0.00089 femur=0.00000
2026-05-25 15:02:22 [INFO] Step 30/54 Loss=18.1674 mse=0.2623 v_opt=0.03242 v_mand=0.00171 ptv=0.0297 ptv_max=0.00024 global_ceil=0.00078 ring=0.00000 smooth=0.0127 laplacian=0.0302 beam=0.43460 homogeneity=0.0029 body=0.00000 bowel=0.00000 femur=0.00000
2026-05-25 15:02:29 [INFO] Step 35/54 Loss=13.8495 mse=0.1635 v_opt=0.00000 v_mand=0.00000 ptv=0.0615 ptv_max=0.00022 global_ceil=0.00362 ring=0.00000 smooth=0.0063 laplacian=0.0143 beam=0.35007 homogeneity=0.0051 body=0.00000 bowel=0.00000 femur=0.00000
2026-05-25 15:02:34 [INFO] Step 40/54 Loss=11.5251 mse=0.1531 v_opt=0.00120 v_mand=0.00004 ptv=0.0792 ptv_max=0.00000 global_ceil=0.00007 ring=0.00000 smooth=0.0060 laplacian=0.0128 beam=0.27025 homogeneity=0.0035 body=0.00000 bowel=0.00000 femur=0.00000
2026-05-25 15:02:41 [INFO] Step 45/54 Loss=9.0606 mse=0.1610 v_opt=0.01167 v_mand=0.00004 ptv=0.0908 ptv_max=0.00000 global_ceil=0.00300 ring=0.00000 smooth=0.0107 laplacian=0.0240 beam=0.15049 homogeneity=0.0030 body=0.00000 bowel=0.00000 femur=0.00000
2026-05-25 15:02:45 [INFO] Step 50/54 Loss=8.4517 mse=0.1236 v_opt=0.01264 v_mand=0.00015 ptv=0.1128 ptv_max=0.00000 global_ceil=0.00006 ring=0.00000 smooth=0.0073 laplacian=0.0159 beam=0.16061 homogeneity=0.0048 body=0.00000 bowel=0.00000 femur=0.00000
2026-05-25 15:02:50 [INFO] Step 54/54 Loss=9.7134 mse=0.2601 v_opt=0.02490 v_mand=0.00334 ptv=0.0548 ptv_max=0.00005 global_ceil=0.00102 ring=0.00000 smooth=0.0056 laplacian=0.0143 beam=0.09021 homogeneity=0.0027 body=0.00000 bowel=0.00000 femur=0.00000
2026-05-25 15:02:51 [INFO] Running validation at epoch 122...
2026-05-25 15:03:18 [INFO] Epoch 122 Summary: Train=16.4342 Val=0.0169 (MSE=0.0169)
          Metrics: PTV_D95=53.39Gy Bladder=29.60Gy Rectum=23.39Gy
          Metrics: Ring=47.25Gy Dmax=121.69Gy BG=29.83Gy
2026-05-25 15:03:18 [INFO] Epoch 123/300 [FULL PHYSICS] ramp=1.000 lr=6.48e-05
2026-05-25 15:03:25 [INFO] Step 5/54 Loss=22.3840 mse=0.2035 v_opt=0.00000 v_mand=0.00000 ptv=0.1934 ptv_max=0.00078 global_ceil=0.07620 ring=0.00000 smooth=0.0127 laplacian=0.0333 beam=0.43654 homogeneity=0.0172 body=0.00000 bowel=0.00000 femur=0.00000
2026-05-25 15:03:30 [INFO] Step 10/54 Loss=23.8159 mse=0.3563 v_opt=0.00892 v_mand=0.00220 ptv=0.0180 ptv_max=0.00162 global_ceil=0.03986 ring=0.00001 smooth=0.0098 laplacian=0.0222 beam=0.48300 homogeneity=0.0078 body=0.00000 bowel=0.00000 femur=0.00121
2026-05-25 15:03:36 [INFO] Step 15/54 Loss=5.8637 mse=0.1486 v_opt=0.00256 v_mand=0.00014 ptv=0.0696 ptv_max=0.00003 global_ceil=0.00017 ring=0.00000 smooth=0.0070 laplacian=0.0154 beam=0.05125 homogeneity=0.0031 body=0.00000 bowel=0.00000 femur=0.00000
2026-05-25 15:03:42 [INFO] Step 20/54 Loss=22.8354 mse=0.3564 v_opt=0.00100 v_mand=0.00000 ptv=0.1092 ptv_max=0.00000 global_ceil=0.00057 ring=0.00000 smooth=0.0084 laplacian=0.0206 beam=0.50482 homogeneity=0.0036 body=0.00000 bowel=0.00000 femur=0.00000
2026-05-25 15:03:47 [INFO] Step 25/54 Loss=9.6597 mse=0.2906 v_opt=0.03094 v_mand=0.00426 ptv=0.0794 ptv_max=0.00000 global_ceil=0.00052 ring=0.00000 smooth=0.0052 laplacian=0.0124 beam=0.04028 homogeneity=0.0018 body=0.00000 bowel=0.00877 femur=0.00576
2026-05-25 15:03:53 [INFO] Step 30/54 Loss=14.1244 mse=0.1640 v_opt=0.01403 v_mand=0.00034 ptv=0.0772 ptv_max=0.00001 global_ceil=0.00010 ring=0.00000 smooth=0.0079 laplacian=0.0183 beam=0.36148 homogeneity=0.0033 body=0.00000 bowel=0.00000 femur=0.00000
2026-05-25 15:03:58 [INFO] Step 35/54 Loss=21.4004 mse=0.3573 v_opt=0.02746 v_mand=0.00006 ptv=0.0362 ptv_max=0.00022 global_ceil=0.00887 ring=0.00000 smooth=0.0101 laplacian=0.0240 beam=0.44558 homogeneity=0.0031 body=0.00000 bowel=0.01593 femur=0.00000
2026-05-25 15:04:04 [INFO] Step 40/54 Loss=10.1016 mse=0.2448 v_opt=0.00002 v_mand=0.00000 ptv=0.0486 ptv_max=0.00066 global_ceil=0.02009 ring=0.00001 smooth=0.0074 laplacian=0.0169 beam=0.08569 homogeneity=0.0079 body=0.00000 bowel=0.00000 femur=0.00000
2026-05-25 15:04:10 [INFO] Step 45/54 Loss=16.2513 mse=0.2236 v_opt=0.00234 v_mand=0.00000 ptv=0.0366 ptv_max=0.00019 global_ceil=0.00937 ring=0.00000 smooth=0.0076 laplacian=0.0179 beam=0.36264 homogeneity=0.0034 body=0.00000 bowel=0.03663 femur=0.00129
2026-05-25 15:04:16 [INFO] Step 50/54 Loss=10.4818 mse=0.0622 v_opt=0.00247 v_mand=0.00085 ptv=0.0909 ptv_max=0.00001 global_ceil=0.00014 ring=0.00000 smooth=0.0068 laplacian=0.0157 beam=0.31087 homogeneity=0.0052 body=0.00000 bowel=0.00000 femur=0.00000
2026-05-25 15:04:21 [INFO] Step 54/54 Loss=7.2546 mse=0.0985 v_opt=0.00000 v_mand=0.00000 ptv=0.0748 ptv_max=0.00032 global_ceil=0.00469 ring=0.00000 smooth=0.0058 laplacian=0.0130 beam=0.14250 homogeneity=0.0064 body=0.00000 bowel=0.00000 femur=0.00000
2026-05-25 15:04:21 [INFO] Running validation at epoch 123...
2026-05-25 15:04:48 [INFO] Epoch 123 Summary: Train=14.7085 Val=0.0171 (MSE=0.0171)
          Metrics: PTV_D95=53.67Gy Bladder=29.49Gy Rectum=22.99Gy
          Metrics: Ring=47.95Gy Dmax=117.88Gy BG=29.96Gy
2026-05-25 15:04:48 [INFO] Epoch 124/300 [FULL PHYSICS] ramp=1.000 lr=6.43e-05
2026-05-25 15:04:56 [INFO] Step 5/54 Loss=18.3341 mse=0.2694 v_opt=0.05807 v_mand=0.01150 ptv=0.0739 ptv_max=0.00001 global_ceil=0.00056 ring=0.00000 smooth=0.0067 laplacian=0.0163 beam=0.38775 homogeneity=0.0025 body=0.00000 bowel=0.02049 femur=0.00000
2026-05-25 15:05:01 [INFO] Step 10/54 Loss=17.2758 mse=0.2329 v_opt=0.02881 v_mand=0.00300 ptv=0.0866 ptv_max=0.00003 global_ceil=0.00049 ring=0.00000 smooth=0.0068 laplacian=0.0169 beam=0.40499 homogeneity=0.0043 body=0.00000 bowel=0.00318 femur=0.00000
2026-05-25 15:05:07 [INFO] Step 15/54 Loss=15.3352 mse=0.2222 v_opt=0.00557 v_mand=0.00001 ptv=0.0733 ptv_max=0.00003 global_ceil=0.00076 ring=0.00000 smooth=0.0095 laplacian=0.0230 beam=0.35246 homogeneity=0.0029 body=0.00000 bowel=0.00000 femur=0.00000
2026-05-25 15:05:12 [INFO] Step 20/54 Loss=7.9787 mse=0.0840 v_opt=0.00000 v_mand=0.00000 ptv=0.0684 ptv_max=0.00006 global_ceil=0.00257 ring=0.00000 smooth=0.0040 laplacian=0.0096 beam=0.19733 homogeneity=0.0036 body=0.00000 bowel=0.00000 femur=0.00000
2026-05-25 15:05:18 [INFO] Step 25/54 Loss=18.9830 mse=0.2564 v_opt=0.00428 v_mand=0.00012 ptv=0.0661 ptv_max=0.00006 global_ceil=0.02756 ring=0.00000 smooth=0.0088 laplacian=0.0208 beam=0.41307 homogeneity=0.0034 body=0.00000 bowel=0.00020 femur=0.00000
2026-05-25 15:05:24 [INFO] Step 30/54 Loss=14.9329 mse=0.1962 v_opt=0.01256 v_mand=0.00015 ptv=0.0834 ptv_max=0.00008 global_ceil=0.00184 ring=0.00000 smooth=0.0070 laplacian=0.0158 beam=0.35346 homogeneity=0.0067 body=0.00000 bowel=0.00000 femur=0.00000
2026-05-25 15:05:30 [INFO] Step 35/54 Loss=11.0444 mse=0.3081 v_opt=0.00385 v_mand=0.00000 ptv=0.0696 ptv_max=0.00002 global_ceil=0.00727 ring=0.00000 smooth=0.0076 laplacian=0.0186 beam=0.06837 homogeneity=0.0028 body=0.00000 bowel=0.00000 femur=0.04045
2026-05-25 15:05:35 [INFO] Step 40/54 Loss=11.0534 mse=0.1539 v_opt=0.01892 v_mand=0.00103 ptv=0.0983 ptv_max=0.00000 global_ceil=0.00000 ring=0.00000 smooth=0.0101 laplacian=0.0230 beam=0.23726 homogeneity=0.0038 body=0.00000 bowel=0.00000 femur=0.00000
2026-05-25 15:05:42 [INFO] Step 45/54 Loss=10.8995 mse=0.1453 v_opt=0.04110 v_mand=0.00751 ptv=0.0776 ptv_max=0.00001 global_ceil=0.00027 ring=0.00000 smooth=0.0057 laplacian=0.0125 beam=0.23559 homogeneity=0.0031 body=0.00000 bowel=0.00000 femur=0.00000
2026-05-25 15:05:47 [INFO] Step 50/54 Loss=8.7032 mse=0.2414 v_opt=0.00560 v_mand=0.00000 ptv=0.0702 ptv_max=0.00001 global_ceil=0.00026 ring=0.00000 smooth=0.0092 laplacian=0.0195 beam=0.07126 homogeneity=0.0026 body=0.00000 bowel=0.00000 femur=0.00000
2026-05-25 15:05:51 [INFO] Step 54/54 Loss=17.9089 mse=0.2733 v_opt=0.02626 v_mand=0.00001 ptv=0.0595 ptv_max=0.00003 global_ceil=0.00495 ring=0.00000 smooth=0.0078 laplacian=0.0187 beam=0.39308 homogeneity=0.0025 body=0.00000 bowel=0.01309 femur=0.00000
2026-05-25 15:05:51 [INFO] Running validation at epoch 124...
2026-05-25 15:06:18 [INFO] Epoch 124 Summary: Train=14.9085 Val=0.0172 (MSE=0.0172)
          Metrics: PTV_D95=54.96Gy Bladder=28.40Gy Rectum=22.93Gy
          Metrics: Ring=48.64Gy Dmax=109.07Gy BG=29.94Gy
2026-05-25 15:06:18 [INFO] Epoch 125/300 [FULL PHYSICS] ramp=1.000 lr=6.38e-05
2026-05-25 15:06:25 [INFO] Step 5/54 Loss=13.3438 mse=0.1954 v_opt=0.00000 v_mand=0.00000 ptv=0.0530 ptv_max=0.00012 global_ceil=0.00382 ring=0.00000 smooth=0.0062 laplacian=0.0148 beam=0.30304 homogeneity=0.0032 body=0.00000 bowel=0.00001 femur=0.00000
2026-05-25 15:06:30 [INFO] Step 10/54 Loss=18.3902 mse=0.3744 v_opt=0.00047 v_mand=0.00000 ptv=0.0439 ptv_max=0.00067 global_ceil=0.03517 ring=0.00005 smooth=0.0104 laplacian=0.0232 beam=0.25617 homogeneity=0.0057 body=0.00000 bowel=0.00586 femur=0.00000
2026-05-25 15:06:37 [INFO] Step 15/54 Loss=12.8417 mse=0.1141 v_opt=0.03534 v_mand=0.00184 ptv=0.0862 ptv_max=0.00001 global_ceil=0.00000 ring=0.00000 smooth=0.0054 laplacian=0.0125 beam=0.35136 homogeneity=0.0056 body=0.00000 bowel=0.00000 femur=0.00000
2026-05-25 15:06:42 [INFO] Step 20/54 Loss=14.3153 mse=0.1488 v_opt=0.04083 v_mand=0.00832 ptv=0.1144 ptv_max=0.00002 global_ceil=0.00000 ring=0.00000 smooth=0.0067 laplacian=0.0148 beam=0.34933 homogeneity=0.0069 body=0.00000 bowel=0.00000 femur=0.00000
2026-05-25 15:06:48 [INFO] Step 25/54 Loss=23.6087 mse=0.1742 v_opt=0.00000 v_mand=0.00000 ptv=0.6201 ptv_max=0.00000 global_ceil=0.01416 ring=0.00000 smooth=0.0121 laplacian=0.0290 beam=0.42487 homogeneity=0.0784 body=0.00000 bowel=0.00000 femur=0.00000
2026-05-25 15:06:54 [INFO] Step 30/54 Loss=5.4336 mse=0.0969 v_opt=0.01812 v_mand=0.00015 ptv=0.0889 ptv_max=0.00000 global_ceil=0.00009 ring=0.00000 smooth=0.0062 laplacian=0.0144 beam=0.07768 homogeneity=0.0027 body=0.00000 bowel=0.00000 femur=0.00000
2026-05-25 15:07:00 [INFO] Step 35/54 Loss=15.1363 mse=0.1802 v_opt=0.00637 v_mand=0.00149 ptv=0.0432 ptv_max=0.00069 global_ceil=0.00839 ring=0.00000 smooth=0.0070 laplacian=0.0153 beam=0.37121 homogeneity=0.0066 body=0.00000 bowel=0.00618 femur=0.00000
2026-05-25 15:07:06 [INFO] Step 40/54 Loss=5.1088 mse=0.0867 v_opt=0.00446 v_mand=0.00064 ptv=0.0859 ptv_max=0.00012 global_ceil=0.00223 ring=0.00000 smooth=0.0099 laplacian=0.0217 beam=0.06559 homogeneity=0.0077 body=0.00000 bowel=0.00000 femur=0.00000
2026-05-25 15:07:11 [INFO] Step 45/54 Loss=22.7831 mse=0.2864 v_opt=0.10136 v_mand=0.04499 ptv=0.1060 ptv_max=0.00000 global_ceil=0.00002 ring=0.00000 smooth=0.0074 laplacian=0.0178 beam=0.47600 homogeneity=0.0033 body=0.00000 bowel=0.00312 femur=0.00000
2026-05-25 15:07:17 [INFO] Step 50/54 Loss=10.9699 mse=0.1996 v_opt=0.00045 v_mand=0.00000 ptv=0.0689 ptv_max=0.00001 global_ceil=0.00002 ring=0.00000 smooth=0.0061 laplacian=0.0136 beam=0.20678 homogeneity=0.0022 body=0.00000 bowel=0.00000 femur=0.00000
2026-05-25 15:07:22 [INFO] Step 54/54 Loss=15.3554 mse=0.2130 v_opt=0.01915 v_mand=0.00073 ptv=0.0636 ptv_max=0.00001 global_ceil=0.00032 ring=0.00000 smooth=0.0075 laplacian=0.0172 beam=0.36645 homogeneity=0.0023 body=0.00000 bowel=0.00000 femur=0.00000
2026-05-25 15:07:22 [INFO] Running validation at epoch 125...
2026-05-25 15:07:49 [INFO] Epoch 125 Summary: Train=14.5798 Val=0.0156 (MSE=0.0156)
          Metrics: PTV_D95=52.89Gy Bladder=27.61Gy Rectum=21.16Gy
          Metrics: Ring=46.13Gy Dmax=133.60Gy BG=28.67Gy
2026-05-25 15:07:49 [INFO] [DIAGNOSTIC] Saved fallback model MSE=0.0156
2026-05-25 15:07:49 [INFO] Epoch 126/300 [FULL PHYSICS] ramp=1.000 lr=6.33e-05
2026-05-25 15:07:56 [INFO] Step 5/54 Loss=10.3820 mse=0.2870 v_opt=0.05038 v_mand=0.00310 ptv=0.0465 ptv_max=0.00004 global_ceil=0.00023 ring=0.00000 smooth=0.0050 laplacian=0.0116 beam=0.09440 homogeneity=0.0022 body=0.00000 bowel=0.00000 femur=0.00016
2026-05-25 15:08:00 [INFO] Step 10/54 Loss=5.8217 mse=0.1254 v_opt=0.02862 v_mand=0.00381 ptv=0.0592 ptv_max=0.00030 global_ceil=0.00564 ring=0.00000 smooth=0.0055 laplacian=0.0122 beam=0.05431 homogeneity=0.0048 body=0.00000 bowel=0.00000 femur=0.00000
2026-05-25 15:08:07 [INFO] Step 15/54 Loss=13.1493 mse=0.1808 v_opt=0.01608 v_mand=0.00048 ptv=0.0262 ptv_max=0.00094 global_ceil=0.01776 ring=0.00000 smooth=0.0060 laplacian=0.0145 beam=0.28346 homogeneity=0.0059 body=0.00000 bowel=0.00000 femur=0.00000
2026-05-25 15:08:12 [INFO] Step 20/54 Loss=22.8282 mse=0.3584 v_opt=0.04986 v_mand=0.01064 ptv=0.0549 ptv_max=0.00001 global_ceil=0.00021 ring=0.00000 smooth=0.0044 laplacian=0.0105 beam=0.49758 homogeneity=0.0013 body=0.00000 bowel=0.00940 femur=0.00116
2026-05-25 15:08:18 [INFO] Step 25/54 Loss=25.8334 mse=0.4032 v_opt=0.02231 v_mand=0.00000 ptv=0.0813 ptv_max=0.00002 global_ceil=0.00150 ring=0.00000 smooth=0.0093 laplacian=0.0234 beam=0.57346 homogeneity=0.0035 body=0.00000 bowel=0.01904 femur=0.00000
2026-05-25 15:08:24 [INFO] Step 30/54 Loss=9.0876 mse=0.1946 v_opt=0.00991 v_mand=0.00000 ptv=0.1057 ptv_max=0.00000 global_ceil=0.00780 ring=0.00000 smooth=0.0105 laplacian=0.0238 beam=0.10151 homogeneity=0.0043 body=0.00000 bowel=0.00000 femur=0.00000
2026-05-25 15:08:30 [INFO] Step 35/54 Loss=23.5175 mse=0.4333 v_opt=0.00566 v_mand=0.00000 ptv=0.1050 ptv_max=0.00001 global_ceil=0.00050 ring=0.00000 smooth=0.0074 laplacian=0.0187 beam=0.44906 homogeneity=0.0069 body=0.00000 bowel=0.00834 femur=0.00072
2026-05-25 15:08:35 [INFO] Step 40/54 Loss=32.0091 mse=0.3939 v_opt=0.02246 v_mand=0.00051 ptv=0.0311 ptv_max=0.00019 global_ceil=0.16013 ring=0.00000 smooth=0.0235 laplacian=0.0614 beam=0.53455 homogeneity=0.0025 body=0.00000 bowel=0.00000 femur=0.00000
2026-05-25 15:08:41 [INFO] Step 45/54 Loss=8.8624 mse=0.2409 v_opt=0.01686 v_mand=0.00048 ptv=0.0564 ptv_max=0.00027 global_ceil=0.01376 ring=0.00000 smooth=0.0093 laplacian=0.0212 beam=0.05005 homogeneity=0.0053 body=0.00000 bowel=0.00000 femur=0.00163
2026-05-25 15:08:47 [INFO] Step 50/54 Loss=16.0651 mse=0.3137 v_opt=0.02621 v_mand=0.00382 ptv=0.0576 ptv_max=0.00002 global_ceil=0.00020 ring=0.00000 smooth=0.0056 laplacian=0.0142 beam=0.29037 homogeneity=0.0020 body=0.00000 bowel=0.00096 femur=0.00000
2026-05-25 15:08:51 [INFO] Step 54/54 Loss=24.7429 mse=0.4095 v_opt=0.01044 v_mand=0.00000 ptv=0.0355 ptv_max=0.00021 global_ceil=0.00466 ring=0.00003 smooth=0.0067 laplacian=0.0164 beam=0.54899 homogeneity=0.0026 body=0.00000 bowel=0.00000 femur=0.00000
2026-05-25 15:08:52 [INFO] Running validation at epoch 126...
2026-05-25 15:09:18 [INFO] Epoch 126 Summary: Train=16.5423 Val=0.0163 (MSE=0.0163)
          Metrics: PTV_D95=52.08Gy Bladder=26.56Gy Rectum=22.80Gy
          Metrics: Ring=45.99Gy Dmax=118.34Gy BG=29.24Gy
2026-05-25 15:09:18 [INFO] Epoch 127/300 [FULL PHYSICS] ramp=1.000 lr=6.28e-05
2026-05-25 15:09:25 [INFO] Step 5/54 Loss=22.3005 mse=0.3037 v_opt=0.00000 v_mand=0.00000 ptv=0.0992 ptv_max=0.00001 global_ceil=0.00218 ring=0.00000 smooth=0.0082 laplacian=0.0210 beam=0.53565 homogeneity=0.0034 body=0.00000 bowel=0.00220 femur=0.00000
2026-05-25 15:09:30 [INFO] Step 10/54 Loss=11.1038 mse=0.2024 v_opt=0.02598 v_mand=0.00302 ptv=0.0655 ptv_max=0.00000 global_ceil=0.00129 ring=0.00000 smooth=0.0107 laplacian=0.0237 beam=0.19818 homogeneity=0.0018 body=0.00000 bowel=0.00000 femur=0.00000
2026-05-25 15:09:37 [INFO] Step 15/54 Loss=12.6601 mse=0.1518 v_opt=0.00382 v_mand=0.00000 ptv=0.0791 ptv_max=0.00001 global_ceil=0.00020 ring=0.00000 smooth=0.0064 laplacian=0.0140 beam=0.31593 homogeneity=0.0040 body=0.00000 bowel=0.00000 femur=0.00000
2026-05-25 15:09:42 [INFO] Step 20/54 Loss=8.3995 mse=0.1334 v_opt=0.00230 v_mand=0.00000 ptv=0.0544 ptv_max=0.00006 global_ceil=0.00047 ring=0.00000 smooth=0.0069 laplacian=0.0148 beam=0.17364 homogeneity=0.0031 body=0.00000 bowel=0.00000 femur=0.00000
2026-05-25 15:09:48 [INFO] Step 25/54 Loss=19.8885 mse=0.2752 v_opt=0.01386 v_mand=0.00031 ptv=0.0584 ptv_max=0.00002 global_ceil=0.00008 ring=0.00000 smooth=0.0054 laplacian=0.0134 beam=0.48193 homogeneity=0.0027 body=0.00000 bowel=0.01335 femur=0.00000
2026-05-25 15:09:53 [INFO] Step 30/54 Loss=13.2739 mse=0.1399 v_opt=0.01403 v_mand=0.00000 ptv=0.0392 ptv_max=0.00018 global_ceil=0.00014 ring=0.00000 smooth=0.0060 laplacian=0.0138 beam=0.36671 homogeneity=0.0039 body=0.00000 bowel=0.00000 femur=0.00000
2026-05-25 15:10:00 [INFO] Step 35/54 Loss=20.7786 mse=0.2151 v_opt=0.01457 v_mand=0.00000 ptv=0.0984 ptv_max=0.00000 global_ceil=0.01114 ring=0.00000 smooth=0.0119 laplacian=0.0318 beam=0.52111 homogeneity=0.0034 body=0.00000 bowel=0.03761 femur=0.00000
2026-05-25 15:10:05 [INFO] Step 40/54 Loss=5.6015 mse=0.0897 v_opt=0.00013 v_mand=0.00000 ptv=0.1103 ptv_max=0.00000 global_ceil=0.00003 ring=0.00000 smooth=0.0048 laplacian=0.0113 beam=0.08323 homogeneity=0.0057 body=0.00000 bowel=0.00000 femur=0.00000
2026-05-25 15:10:12 [INFO] Step 45/54 Loss=17.7698 mse=0.3510 v_opt=0.01190 v_mand=0.00000 ptv=0.0764 ptv_max=0.00005 global_ceil=0.00306 ring=0.00000 smooth=0.0127 laplacian=0.0292 beam=0.24619 homogeneity=0.0036 body=0.00000 bowel=0.00000 femur=0.16610
2026-05-25 15:10:16 [INFO] Step 50/54 Loss=6.7946 mse=0.1454 v_opt=0.03297 v_mand=0.00445 ptv=0.0834 ptv_max=0.00000 global_ceil=0.00003 ring=0.00000 smooth=0.0078 laplacian=0.0176 beam=0.07558 homogeneity=0.0025 body=0.00000 bowel=0.00000 femur=0.00000
2026-05-25 15:10:21 [INFO] Step 54/54 Loss=7.1432 mse=0.1885 v_opt=0.03570 v_mand=0.00649 ptv=0.0780 ptv_max=0.00000 global_ceil=0.00070 ring=0.00000 smooth=0.0088 laplacian=0.0204 beam=0.04259 homogeneity=0.0022 body=0.00000 bowel=0.00000 femur=0.00000
2026-05-25 15:10:21 [INFO] Running validation at epoch 127...
2026-05-25 15:10:49 [INFO] Epoch 127 Summary: Train=13.9630 Val=0.0159 (MSE=0.0159)
          Metrics: PTV_D95=55.07Gy Bladder=29.49Gy Rectum=23.07Gy
          Metrics: Ring=48.52Gy Dmax=123.96Gy BG=28.94Gy
2026-05-25 15:10:49 [INFO] Epoch 128/300 [FULL PHYSICS] ramp=1.000 lr=6.23e-05
2026-05-25 15:10:56 [INFO] Step 5/54 Loss=16.5979 mse=0.3289 v_opt=0.00237 v_mand=0.00018 ptv=0.0313 ptv_max=0.00382 global_ceil=0.09741 ring=0.00005 smooth=0.0095 laplacian=0.0228 beam=0.08467 homogeneity=0.0117 body=0.00000 bowel=0.00851 femur=0.00000
2026-05-25 15:11:01 [INFO] Step 10/54 Loss=7.2688 mse=0.1125 v_opt=0.01475 v_mand=0.00104 ptv=0.0627 ptv_max=0.00007 global_ceil=0.00033 ring=0.00000 smooth=0.0042 laplacian=0.0087 beam=0.14078 homogeneity=0.0033 body=0.00000 bowel=0.00589 femur=0.00000
2026-05-25 15:11:08 [INFO] Step 15/54 Loss=11.1114 mse=0.2270 v_opt=0.00277 v_mand=0.00000 ptv=0.0673 ptv_max=0.00002 global_ceil=0.01003 ring=0.00000 smooth=0.0080 laplacian=0.0186 beam=0.16274 homogeneity=0.0026 body=0.00000 bowel=0.00216 femur=0.00000
2026-05-25 15:11:13 [INFO] Step 20/54 Loss=9.3407 mse=0.1410 v_opt=0.00017 v_mand=0.00000 ptv=0.1103 ptv_max=0.00000 global_ceil=0.00020 ring=0.00000 smooth=0.0085 laplacian=0.0195 beam=0.17985 homogeneity=0.0049 body=0.00000 bowel=0.00000 femur=0.00000
2026-05-25 15:11:19 [INFO] Step 25/54 Loss=17.2559 mse=0.2160 v_opt=0.00177 v_mand=0.00000 ptv=0.0347 ptv_max=0.00043 global_ceil=0.00395 ring=0.00000 smooth=0.0078 laplacian=0.0198 beam=0.44293 homogeneity=0.0032 body=0.00000 bowel=0.00000 femur=0.00000
2026-05-25 15:11:24 [INFO] Step 30/54 Loss=19.8318 mse=0.2540 v_opt=0.02314 v_mand=0.00135 ptv=0.0841 ptv_max=0.00001 global_ceil=0.00000 ring=0.00000 smooth=0.0044 laplacian=0.0105 beam=0.47929 homogeneity=0.0038 body=0.00000 bowel=0.02732 femur=0.00000
2026-05-25 15:11:31 [INFO] Step 35/54 Loss=16.9072 mse=0.2094 v_opt=0.03547 v_mand=0.00490 ptv=0.0621 ptv_max=0.00016 global_ceil=0.00125 ring=0.00000 smooth=0.0079 laplacian=0.0193 beam=0.41824 homogeneity=0.0044 body=0.00000 bowel=0.00000 femur=0.00000
2026-05-25 15:11:36 [INFO] Step 40/54 Loss=21.0168 mse=0.3035 v_opt=0.03624 v_mand=0.00455 ptv=0.0546 ptv_max=0.00019 global_ceil=0.01326 ring=0.00000 smooth=0.0097 laplacian=0.0236 beam=0.45207 homogeneity=0.0045 body=0.00000 bowel=0.02482 femur=0.00000
2026-05-25 15:11:43 [INFO] Step 45/54 Loss=16.1836 mse=0.3973 v_opt=0.00524 v_mand=0.00000 ptv=0.0576 ptv_max=0.00003 global_ceil=0.00053 ring=0.00000 smooth=0.0061 laplacian=0.0138 beam=0.22081 homogeneity=0.0018 body=0.00000 bowel=0.00000 femur=0.00000
2026-05-25 15:11:48 [INFO] Step 50/54 Loss=12.6107 mse=0.2526 v_opt=0.05477 v_mand=0.00569 ptv=0.0789 ptv_max=0.00002 global_ceil=0.00051 ring=0.00000 smooth=0.0088 laplacian=0.0193 beam=0.18017 homogeneity=0.0052 body=0.00000 bowel=0.02468 femur=0.00000
2026-05-25 15:11:53 [INFO] Step 54/54 Loss=14.8413 mse=0.2293 v_opt=0.03442 v_mand=0.00545 ptv=0.0742 ptv_max=0.00004 global_ceil=0.00463 ring=0.00000 smooth=0.0083 laplacian=0.0189 beam=0.30279 homogeneity=0.0041 body=0.00000 bowel=0.00219 femur=0.00000
2026-05-25 15:11:53 [INFO] Running validation at epoch 128...
2026-05-25 15:12:20 [INFO] Epoch 128 Summary: Train=15.2328 Val=0.0157 (MSE=0.0157)
          Metrics: PTV_D95=52.83Gy Bladder=27.54Gy Rectum=24.32Gy
          Metrics: Ring=46.68Gy Dmax=115.88Gy BG=28.69Gy
2026-05-25 15:12:20 [INFO] Epoch 129/300 [FULL PHYSICS] ramp=1.000 lr=6.18e-05
2026-05-25 15:12:26 [INFO] Step 5/54 Loss=12.3352 mse=0.1154 v_opt=0.01127 v_mand=0.00000 ptv=0.0695 ptv_max=0.00001 global_ceil=0.00035 ring=0.00000 smooth=0.0057 laplacian=0.0131 beam=0.34089 homogeneity=0.0034 body=0.00000 bowel=0.00343 femur=0.00000
2026-05-25 15:12:31 [INFO] Step 10/54 Loss=15.1839 mse=0.3782 v_opt=0.02828 v_mand=0.00405 ptv=0.0520 ptv_max=0.00002 global_ceil=0.00053 ring=0.00000 smooth=0.0072 laplacian=0.0172 beam=0.18177 homogeneity=0.0016 body=0.00000 bowel=0.01171 femur=0.00728
2026-05-25 15:12:38 [INFO] Step 15/54 Loss=20.1876 mse=0.2776 v_opt=0.02992 v_mand=0.00516 ptv=0.0627 ptv_max=0.00001 global_ceil=0.00026 ring=0.00000 smooth=0.0096 laplacian=0.0232 beam=0.48568 homogeneity=0.0011 body=0.00000 bowel=0.00000 femur=0.00000
2026-05-25 15:12:43 [INFO] Step 20/54 Loss=17.4197 mse=0.2664 v_opt=0.05631 v_mand=0.01492 ptv=0.0633 ptv_max=0.00009 global_ceil=0.00274 ring=0.00000 smooth=0.0089 laplacian=0.0212 beam=0.35589 homogeneity=0.0043 body=0.00000 bowel=0.00000 femur=0.00199
2026-05-25 15:12:50 [INFO] Step 25/54 Loss=7.0759 mse=0.1474 v_opt=0.00002 v_mand=0.00000 ptv=0.1081 ptv_max=0.00001 global_ceil=0.00023 ring=0.00000 smooth=0.0083 laplacian=0.0186 beam=0.08343 homogeneity=0.0055 body=0.00000 bowel=0.00000 femur=0.00000
2026-05-25 15:12:55 [INFO] Step 30/54 Loss=17.3806 mse=0.4247 v_opt=0.02745 v_mand=0.00410 ptv=0.0452 ptv_max=0.00042 global_ceil=0.01460 ring=0.00000 smooth=0.0080 laplacian=0.0206 beam=0.20099 homogeneity=0.0033 body=0.00000 bowel=0.00365 femur=0.00007
2026-05-25 15:13:02 [INFO] Step 35/54 Loss=27.6132 mse=0.2633 v_opt=0.00000 v_mand=0.00000 ptv=0.5853 ptv_max=0.00000 global_ceil=0.00291 ring=0.00000 smooth=0.0094 laplacian=0.0240 beam=0.53899 homogeneity=0.0714 body=0.00000 bowel=0.00000 femur=0.00000
2026-05-25 15:13:07 [INFO] Step 40/54 Loss=9.0206 mse=0.2281 v_opt=0.05205 v_mand=0.00448 ptv=0.0642 ptv_max=0.00002 global_ceil=0.02200 ring=0.00000 smooth=0.0065 laplacian=0.0159 beam=0.04471 homogeneity=0.0021 body=0.00000 bowel=0.00000 femur=0.00000
2026-05-25 15:13:14 [INFO] Step 45/54 Loss=10.8981 mse=0.2355 v_opt=0.06651 v_mand=0.00612 ptv=0.0549 ptv_max=0.00004 global_ceil=0.00012 ring=0.00000 smooth=0.0091 laplacian=0.0210 beam=0.15403 homogeneity=0.0023 body=0.00000 bowel=0.00000 femur=0.00000
2026-05-25 15:13:18 [INFO] Step 50/54 Loss=5.5776 mse=0.1098 v_opt=0.00814 v_mand=0.00000 ptv=0.0851 ptv_max=0.00001 global_ceil=0.00003 ring=0.00000 smooth=0.0059 laplacian=0.0130 beam=0.07256 homogeneity=0.0039 body=0.00000 bowel=0.00000 femur=0.00000
2026-05-25 15:13:23 [INFO] Step 54/54 Loss=15.4090 mse=0.3158 v_opt=0.01055 v_mand=0.00000 ptv=0.0567 ptv_max=0.00005 global_ceil=0.00122 ring=0.00000 smooth=0.0079 laplacian=0.0204 beam=0.26482 homogeneity=0.0026 body=0.00000 bowel=0.00503 femur=0.00000
2026-05-25 15:13:23 [INFO] Running validation at epoch 129...
2026-05-25 15:13:50 [INFO] Epoch 129 Summary: Train=16.4856 Val=0.0159 (MSE=0.0159)
          Metrics: PTV_D95=54.55Gy Bladder=25.58Gy Rectum=24.02Gy
          Metrics: Ring=47.38Gy Dmax=119.25Gy BG=28.86Gy
2026-05-25 15:13:50 [INFO] Epoch 130/300 [FULL PHYSICS] ramp=1.000 lr=6.13e-05
2026-05-25 15:13:57 [INFO] Step 5/54 Loss=20.2309 mse=0.2671 v_opt=0.00005 v_mand=0.00000 ptv=0.0365 ptv_max=0.00017 global_ceil=0.02492 ring=0.00000 smooth=0.0097 laplacian=0.0223 beam=0.46975 homogeneity=0.0026 body=0.00000 bowel=0.00000 femur=0.00000
2026-05-25 15:14:02 [INFO] Step 10/54 Loss=16.4890 mse=0.4146 v_opt=0.00433 v_mand=0.00000 ptv=0.0477 ptv_max=0.00027 global_ceil=0.01310 ring=0.00003 smooth=0.0100 laplacian=0.0239 beam=0.17047 homogeneity=0.0042 body=0.00000 bowel=0.02146 femur=0.01460
2026-05-25 15:14:08 [INFO] Step 15/54 Loss=21.6839 mse=0.4210 v_opt=0.02287 v_mand=0.00272 ptv=0.0403 ptv_max=0.00021 global_ceil=0.02594 ring=0.00001 smooth=0.0100 laplacian=0.0224 beam=0.36024 homogeneity=0.0031 body=0.00000 bowel=0.00165 femur=0.00296
2026-05-25 15:14:13 [INFO] Step 20/54 Loss=16.2715 mse=0.2459 v_opt=0.01173 v_mand=0.00042 ptv=0.0652 ptv_max=0.00007 global_ceil=0.00216 ring=0.00000 smooth=0.0096 laplacian=0.0228 beam=0.36471 homogeneity=0.0034 body=0.00000 bowel=0.00000 femur=0.00000
2026-05-25 15:14:20 [INFO] Step 25/54 Loss=47.0115 mse=0.2523 v_opt=0.03466 v_mand=0.00486 ptv=0.1455 ptv_max=0.00000 global_ceil=0.49448 ring=0.00000 smooth=0.0270 laplacian=0.0800 beam=0.54494 homogeneity=0.0081 body=0.00000 bowel=0.00000 femur=0.00000
2026-05-25 15:14:24 [INFO] Step 30/54 Loss=7.5147 mse=0.1108 v_opt=0.03712 v_mand=0.00687 ptv=0.1169 ptv_max=0.00000 global_ceil=0.00005 ring=0.00000 smooth=0.0099 laplacian=0.0217 beam=0.11773 homogeneity=0.0047 body=0.00000 bowel=0.00000 femur=0.00000
2026-05-25 15:14:31 [INFO] Step 35/54 Loss=18.1868 mse=0.2888 v_opt=0.00915 v_mand=0.00000 ptv=0.0761 ptv_max=0.00013 global_ceil=0.02057 ring=0.00001 smooth=0.0080 laplacian=0.0183 beam=0.35813 homogeneity=0.0044 body=0.00000 bowel=0.00000 femur=0.00000
2026-05-25 15:14:36 [INFO] Step 40/54 Loss=23.4764 mse=0.3422 v_opt=0.00130 v_mand=0.00000 ptv=0.0436 ptv_max=0.00006 global_ceil=0.02552 ring=0.00000 smooth=0.0081 laplacian=0.0199 beam=0.52224 homogeneity=0.0017 body=0.00000 bowel=0.00000 femur=0.00000
2026-05-25 15:14:43 [INFO] Step 45/54 Loss=13.8228 mse=0.2374 v_opt=0.00217 v_mand=0.00000 ptv=0.0426 ptv_max=0.00016 global_ceil=0.00866 ring=0.00000 smooth=0.0092 laplacian=0.0226 beam=0.27278 homogeneity=0.0029 body=0.00000 bowel=0.00014 femur=0.00000
2026-05-25 15:14:48 [INFO] Step 50/54 Loss=11.3735 mse=0.1397 v_opt=0.00606 v_mand=0.00000 ptv=0.0531 ptv_max=0.00021 global_ceil=0.00089 ring=0.00000 smooth=0.0055 laplacian=0.0124 beam=0.28445 homogeneity=0.0042 body=0.00000 bowel=0.00000 femur=0.00000
2026-05-25 15:14:53 [INFO] Step 54/54 Loss=16.8264 mse=0.2258 v_opt=0.03033 v_mand=0.00130 ptv=0.0642 ptv_max=0.00001 global_ceil=0.00094 ring=0.00000 smooth=0.0063 laplacian=0.0157 beam=0.40899 homogeneity=0.0018 body=0.00000 bowel=0.00091 femur=0.00042
2026-05-25 15:14:53 [INFO] Running validation at epoch 130...
2026-05-25 15:15:20 [INFO] Epoch 130 Summary: Train=16.7908 Val=0.0156 (MSE=0.0156)
          Metrics: PTV_D95=54.15Gy Bladder=29.06Gy Rectum=22.93Gy
          Metrics: Ring=47.71Gy Dmax=113.38Gy BG=28.59Gy
2026-05-25 15:15:20 [INFO] [DIAGNOSTIC] Saved fallback model MSE=0.0156
2026-05-25 15:15:20 [INFO] Epoch 131/300 [FULL PHYSICS] ramp=1.000 lr=6.08e-05
2026-05-25 15:15:27 [INFO] Step 5/54 Loss=7.3997 mse=0.1477 v_opt=0.01103 v_mand=0.00000 ptv=0.0996 ptv_max=0.00000 global_ceil=0.00093 ring=0.00000 smooth=0.0052 laplacian=0.0117 beam=0.09991 homogeneity=0.0040 body=0.00000 bowel=0.00008 femur=0.00000
2026-05-25 15:15:32 [INFO] Step 10/54 Loss=11.2230 mse=0.1141 v_opt=0.01710 v_mand=0.00015 ptv=0.0869 ptv_max=0.00000 global_ceil=0.00009 ring=0.00000 smooth=0.0063 laplacian=0.0139 beam=0.29223 homogeneity=0.0037 body=0.00000 bowel=0.00000 femur=0.00000
2026-05-25 15:15:39 [INFO] Step 15/54 Loss=7.5207 mse=0.1137 v_opt=0.01635 v_mand=0.00078 ptv=0.0753 ptv_max=0.00000 global_ceil=0.00003 ring=0.00000 smooth=0.0063 laplacian=0.0135 beam=0.14868 homogeneity=0.0030 body=0.00000 bowel=0.00000 femur=0.00000
2026-05-25 15:15:44 [INFO] Step 20/54 Loss=23.9829 mse=0.4297 v_opt=0.01869 v_mand=0.00017 ptv=0.0563 ptv_max=0.00002 global_ceil=0.00013 ring=0.00000 smooth=0.0066 laplacian=0.0170 beam=0.47779 homogeneity=0.0017 body=0.00000 bowel=0.03159 femur=0.00792
2026-05-25 15:15:50 [INFO] Step 25/54 Loss=24.1671 mse=0.2961 v_opt=0.02272 v_mand=0.00197 ptv=0.0802 ptv_max=0.00001 global_ceil=0.00098 ring=0.00000 smooth=0.0106 laplacian=0.0272 beam=0.55999 homogeneity=0.0043 body=0.00000 bowel=0.10243 femur=0.00000
2026-05-25 15:15:56 [INFO] Step 30/54 Loss=22.9210 mse=0.3370 v_opt=0.00362 v_mand=0.00013 ptv=0.0720 ptv_max=0.00002 global_ceil=0.00111 ring=0.00000 smooth=0.0071 laplacian=0.0169 beam=0.54177 homogeneity=0.0033 body=0.00000 bowel=0.00000 femur=0.00025
2026-05-25 15:16:02 [INFO] Step 35/54 Loss=9.4975 mse=0.2524 v_opt=0.00243 v_mand=0.00013 ptv=0.0607 ptv_max=0.00012 global_ceil=0.00138 ring=0.00000 smooth=0.0050 laplacian=0.0120 beam=0.09371 homogeneity=0.0037 body=0.00000 bowel=0.00000 femur=0.00000
2026-05-25 15:16:08 [INFO] Step 40/54 Loss=21.0751 mse=0.3627 v_opt=0.01871 v_mand=0.00135 ptv=0.0489 ptv_max=0.00014 global_ceil=0.00158 ring=0.00000 smooth=0.0101 laplacian=0.0256 beam=0.44445 homogeneity=0.0030 body=0.00000 bowel=0.00040 femur=0.00000
2026-05-25 15:16:14 [INFO] Step 45/54 Loss=17.1573 mse=0.2483 v_opt=0.03899 v_mand=0.00659 ptv=0.0623 ptv_max=0.00010 global_ceil=0.00379 ring=0.00000 smooth=0.0080 laplacian=0.0197 beam=0.38139 homogeneity=0.0036 body=0.00000 bowel=0.00000 femur=0.00000
2026-05-25 15:16:19 [INFO] Step 50/54 Loss=14.0725 mse=0.1337 v_opt=0.03263 v_mand=0.00286 ptv=0.0933 ptv_max=0.00002 global_ceil=0.00384 ring=0.00000 smooth=0.0074 laplacian=0.0168 beam=0.36827 homogeneity=0.0048 body=0.00000 bowel=0.00000 femur=0.00000
2026-05-25 15:16:23 [INFO] Step 54/54 Loss=13.4166 mse=0.2331 v_opt=0.01044 v_mand=0.00014 ptv=0.0628 ptv_max=0.00009 global_ceil=0.00370 ring=0.00000 smooth=0.0081 laplacian=0.0181 beam=0.26239 homogeneity=0.0031 body=0.00000 bowel=0.00091 femur=0.00000
2026-05-25 15:16:24 [INFO] Running validation at epoch 131...
2026-05-25 15:16:50 [INFO] Epoch 131 Summary: Train=13.8083 Val=0.0154 (MSE=0.0154)
          Metrics: PTV_D95=55.88Gy Bladder=27.72Gy Rectum=23.11Gy
          Metrics: Ring=48.68Gy Dmax=125.52Gy BG=28.42Gy
2026-05-25 15:16:50 [INFO] [DIAGNOSTIC] Saved fallback model MSE=0.0154
2026-05-25 15:16:50 [INFO] Epoch 132/300 [FULL PHYSICS] ramp=1.000 lr=6.03e-05
2026-05-25 15:16:58 [INFO] Step 5/54 Loss=18.6200 mse=0.2824 v_opt=0.03416 v_mand=0.00554 ptv=0.0475 ptv_max=0.00006 global_ceil=0.00115 ring=0.00000 smooth=0.0048 laplacian=0.0113 beam=0.39072 homogeneity=0.0025 body=0.00000 bowel=0.05159 femur=0.00185
2026-05-25 15:17:03 [INFO] Step 10/54 Loss=5.0523 mse=0.1062 v_opt=0.00133 v_mand=0.00000 ptv=0.1006 ptv_max=0.00000 global_ceil=0.00012 ring=0.00000 smooth=0.0056 laplacian=0.0121 beam=0.04504 homogeneity=0.0055 body=0.00000 bowel=0.00534 femur=0.00000
2026-05-25 15:17:10 [INFO] Step 15/54 Loss=14.9807 mse=0.2514 v_opt=0.02159 v_mand=0.00187 ptv=0.0625 ptv_max=0.00006 global_ceil=0.00337 ring=0.00000 smooth=0.0122 laplacian=0.0284 beam=0.29915 homogeneity=0.0032 body=0.00000 bowel=0.00380 femur=0.00000
2026-05-25 15:17:15 [INFO] Step 20/54 Loss=10.4516 mse=0.2089 v_opt=0.02515 v_mand=0.00334 ptv=0.0684 ptv_max=0.00001 global_ceil=0.01433 ring=0.00000 smooth=0.0069 laplacian=0.0158 beam=0.13939 homogeneity=0.0019 body=0.00000 bowel=0.00000 femur=0.00000
2026-05-25 15:17:21 [INFO] Step 25/54 Loss=10.3210 mse=0.1105 v_opt=0.05857 v_mand=0.00852 ptv=0.0710 ptv_max=0.00001 global_ceil=0.00030 ring=0.00000 smooth=0.0053 laplacian=0.0121 beam=0.24699 homogeneity=0.0025 body=0.00000 bowel=0.00000 femur=0.00000
2026-05-25 15:17:26 [INFO] Step 30/54 Loss=14.5265 mse=0.1865 v_opt=0.00568 v_mand=0.00000 ptv=0.0614 ptv_max=0.00017 global_ceil=0.00166 ring=0.00000 smooth=0.0063 laplacian=0.0143 beam=0.35937 homogeneity=0.0034 body=0.00000 bowel=0.00000 femur=0.00000
2026-05-25 15:17:32 [INFO] Step 35/54 Loss=19.9844 mse=0.2995 v_opt=0.00014 v_mand=0.00000 ptv=0.0709 ptv_max=0.00009 global_ceil=0.00132 ring=0.00000 smooth=0.0080 laplacian=0.0205 beam=0.43852 homogeneity=0.0051 body=0.00000 bowel=0.03558 femur=0.00000
2026-05-25 15:17:38 [INFO] Step 40/54 Loss=8.8935 mse=0.1601 v_opt=0.00589 v_mand=0.00000 ptv=0.1083 ptv_max=0.00000 global_ceil=0.00000 ring=0.00000 smooth=0.0051 laplacian=0.0107 beam=0.14496 homogeneity=0.0057 body=0.00000 bowel=0.00000 femur=0.00000
2026-05-25 15:17:44 [INFO] Step 45/54 Loss=9.3264 mse=0.1280 v_opt=0.00814 v_mand=0.00000 ptv=0.0629 ptv_max=0.00006 global_ceil=0.00056 ring=0.00000 smooth=0.0053 laplacian=0.0117 beam=0.21261 homogeneity=0.0032 body=0.00000 bowel=0.00000 femur=0.00000
2026-05-25 15:17:49 [INFO] Step 50/54 Loss=8.0284 mse=0.2321 v_opt=0.03307 v_mand=0.00344 ptv=0.0588 ptv_max=0.00014 global_ceil=0.00239 ring=0.00000 smooth=0.0085 laplacian=0.0196 beam=0.04272 homogeneity=0.0041 body=0.00000 bowel=0.00000 femur=0.00000
2026-05-25 15:17:53 [INFO] Step 54/54 Loss=25.8322 mse=0.4392 v_opt=0.05451 v_mand=0.01308 ptv=0.0563 ptv_max=0.00018 global_ceil=0.00603 ring=0.00000 smooth=0.0136 laplacian=0.0392 beam=0.50537 homogeneity=0.0042 body=0.00000 bowel=0.01801 femur=0.00000
2026-05-25 15:17:54 [INFO] Running validation at epoch 132...
2026-05-25 15:18:20 [INFO] Epoch 132 Summary: Train=14.6712 Val=0.0152 (MSE=0.0152)
          Metrics: PTV_D95=53.67Gy Bladder=28.30Gy Rectum=23.55Gy
          Metrics: Ring=46.52Gy Dmax=138.51Gy BG=28.18Gy
2026-05-25 15:18:20 [INFO] [DIAGNOSTIC] Saved fallback model MSE=0.0152
2026-05-25 15:18:20 [INFO] Epoch 133/300 [FULL PHYSICS] ramp=1.000 lr=5.98e-05
2026-05-25 15:18:27 [INFO] Step 5/54 Loss=13.6805 mse=0.1964 v_opt=0.01584 v_mand=0.00067 ptv=0.0519 ptv_max=0.00015 global_ceil=0.00125 ring=0.00000 smooth=0.0061 laplacian=0.0138 beam=0.31789 homogeneity=0.0039 body=0.00000 bowel=0.00000 femur=0.00000
2026-05-25 15:18:32 [INFO] Step 10/54 Loss=15.5057 mse=0.1542 v_opt=0.00815 v_mand=0.00009 ptv=0.0828 ptv_max=0.00001 global_ceil=0.00223 ring=0.00000 smooth=0.0085 laplacian=0.0217 beam=0.41956 homogeneity=0.0042 body=0.00000 bowel=0.00000 femur=0.00000
2026-05-25 15:18:39 [INFO] Step 15/54 Loss=16.5058 mse=0.2333 v_opt=0.01718 v_mand=0.00096 ptv=0.0704 ptv_max=0.00000 global_ceil=0.00046 ring=0.00000 smooth=0.0109 laplacian=0.0257 beam=0.38226 homogeneity=0.0021 body=0.00000 bowel=0.00830 femur=0.00000
2026-05-25 15:18:43 [INFO] Step 20/54 Loss=5.5347 mse=0.1622 v_opt=0.00456 v_mand=0.00007 ptv=0.0671 ptv_max=0.00002 global_ceil=0.00018 ring=0.00000 smooth=0.0063 laplacian=0.0145 beam=0.02574 homogeneity=0.0030 body=0.00000 bowel=0.00000 femur=0.00000
2026-05-25 15:18:50 [INFO] Step 25/54 Loss=8.5488 mse=0.1314 v_opt=0.03037 v_mand=0.00074 ptv=0.0587 ptv_max=0.00005 global_ceil=0.00002 ring=0.00000 smooth=0.0059 laplacian=0.0127 beam=0.17721 homogeneity=0.0036 body=0.00000 bowel=0.00000 femur=0.00000
2026-05-25 15:18:55 [INFO] Step 30/54 Loss=8.7299 mse=0.2560 v_opt=0.02109 v_mand=0.00125 ptv=0.0549 ptv_max=0.00007 global_ceil=0.00214 ring=0.00000 smooth=0.0098 laplacian=0.0224 beam=0.05501 homogeneity=0.0031 body=0.00000 bowel=0.00000 femur=0.00000
2026-05-25 15:19:02 [INFO] Step 35/54 Loss=18.2931 mse=0.2859 v_opt=0.02192 v_mand=0.00032 ptv=0.0697 ptv_max=0.00001 global_ceil=0.00510 ring=0.00000 smooth=0.0068 laplacian=0.0157 beam=0.39597 homogeneity=0.0022 body=0.00000 bowel=0.00703 femur=0.00000
2026-05-25 15:19:07 [INFO] Step 40/54 Loss=11.0892 mse=0.2355 v_opt=0.04677 v_mand=0.00928 ptv=0.0871 ptv_max=0.00000 global_ceil=0.00155 ring=0.00000 smooth=0.0060 laplacian=0.0135 beam=0.14254 homogeneity=0.0029 body=0.00000 bowel=0.00000 femur=0.00000
2026-05-25 15:19:13 [INFO] Step 45/54 Loss=7.3162 mse=0.1021 v_opt=0.00046 v_mand=0.00000 ptv=0.0603 ptv_max=0.00009 global_ceil=0.00114 ring=0.00000 smooth=0.0079 laplacian=0.0171 beam=0.15693 homogeneity=0.0037 body=0.00000 bowel=0.00000 femur=0.00000
2026-05-25 15:19:18 [INFO] Step 50/54 Loss=16.1787 mse=0.2185 v_opt=0.02329 v_mand=0.00147 ptv=0.0423 ptv_max=0.00013 global_ceil=0.00321 ring=0.00000 smooth=0.0109 laplacian=0.0253 beam=0.39188 homogeneity=0.0029 body=0.00000 bowel=0.00000 femur=0.00000
2026-05-25 15:19:23 [INFO] Step 54/54 Loss=14.5721 mse=0.1773 v_opt=0.00975 v_mand=0.00000 ptv=0.0574 ptv_max=0.00043 global_ceil=0.00184 ring=0.00000 smooth=0.0081 laplacian=0.0201 beam=0.36700 homogeneity=0.0053 body=0.00000 bowel=0.00000 femur=0.00000
2026-05-25 15:19:23 [INFO] Running validation at epoch 133...
2026-05-25 15:19:50 [INFO] Epoch 133 Summary: Train=14.2127 Val=0.0146 (MSE=0.0146)
          Metrics: PTV_D95=55.76Gy Bladder=27.44Gy Rectum=25.59Gy
          Metrics: Ring=47.62Gy Dmax=145.46Gy BG=27.72Gy
2026-05-25 15:19:50 [INFO] [DIAGNOSTIC] Saved fallback model MSE=0.0146
2026-05-25 15:19:50 [INFO] Epoch 134/300 [FULL PHYSICS] ramp=1.000 lr=5.93e-05
2026-05-25 15:19:58 [INFO] Step 5/54 Loss=26.5568 mse=0.3657 v_opt=0.06091 v_mand=0.00607 ptv=0.0379 ptv_max=0.00297 global_ceil=0.08641 ring=0.00006 smooth=0.0081 laplacian=0.0191 beam=0.44001 homogeneity=0.0102 body=0.00000 bowel=0.03572 femur=0.00000
2026-05-25 15:20:03 [INFO] Step 10/54 Loss=14.6163 mse=0.1672 v_opt=0.01339 v_mand=0.00000 ptv=0.0777 ptv_max=0.00002 global_ceil=0.00002 ring=0.00000 smooth=0.0057 laplacian=0.0133 beam=0.37927 homogeneity=0.0037 body=0.00000 bowel=0.00000 femur=0.00000
2026-05-25 15:20:10 [INFO] Step 15/54 Loss=8.6903 mse=0.2332 v_opt=0.00202 v_mand=0.00000 ptv=0.0640 ptv_max=0.00003 global_ceil=0.00002 ring=0.00000 smooth=0.0054 laplacian=0.0128 beam=0.07987 homogeneity=0.0028 body=0.00000 bowel=0.00593 femur=0.00000
2026-05-25 15:20:15 [INFO] Step 20/54 Loss=40.5356 mse=0.1183 v_opt=0.61413 v_mand=0.45239 ptv=0.3883 ptv_max=0.00000 global_ceil=0.00001 ring=0.00000 smooth=0.0055 laplacian=0.0128 beam=0.36053 homogeneity=0.0382 body=0.00000 bowel=0.00000 femur=0.00000
2026-05-25 15:20:22 [INFO] Step 25/54 Loss=52.6274 mse=0.2147 v_opt=0.00000 v_mand=0.00000 ptv=0.0000 ptv_max=0.00000 global_ceil=0.69234 ring=0.00000 smooth=0.0287 laplacian=0.0698 beam=0.49063 homogeneity=0.0000 body=0.00000 bowel=0.00000 femur=0.00000
2026-05-25 15:20:27 [INFO] Step 30/54 Loss=8.7238 mse=0.0445 v_opt=0.00000 v_mand=0.00000 ptv=0.1013 ptv_max=0.00008 global_ceil=0.00015 ring=0.00000 smooth=0.0038 laplacian=0.0095 beam=0.25599 homogeneity=0.0063 body=0.00000 bowel=0.00000 femur=0.00000
2026-05-25 15:20:34 [INFO] Step 35/54 Loss=10.6400 mse=0.2886 v_opt=0.02921 v_mand=0.00163 ptv=0.0149 ptv_max=0.00178 global_ceil=0.04338 ring=0.00001 smooth=0.0054 laplacian=0.0130 beam=0.01891 homogeneity=0.0079 body=0.00000 bowel=0.00000 femur=0.00000
2026-05-25 15:20:38 [INFO] Step 40/54 Loss=6.7672 mse=0.1223 v_opt=0.00848 v_mand=0.00001 ptv=0.0683 ptv_max=0.00002 global_ceil=0.00067 ring=0.00000 smooth=0.0068 laplacian=0.0155 beam=0.11290 homogeneity=0.0032 body=0.00000 bowel=0.00000 femur=0.00000
2026-05-25 15:20:45 [INFO] Step 45/54 Loss=12.5780 mse=0.0675 v_opt=0.00000 v_mand=0.00000 ptv=0.4481 ptv_max=0.00000 global_ceil=0.00161 ring=0.00000 smooth=0.0058 laplacian=0.0137 beam=0.20901 homogeneity=0.0514 body=0.00000 bowel=0.00000 femur=0.00000
2026-05-25 15:20:50 [INFO] Step 50/54 Loss=22.4841 mse=0.3114 v_opt=0.00021 v_mand=0.00000 ptv=0.1056 ptv_max=0.00002 global_ceil=0.00655 ring=0.00000 smooth=0.0090 laplacian=0.0227 beam=0.49282 homogeneity=0.0047 body=0.00000 bowel=0.05162 femur=0.00000
2026-05-25 15:20:55 [INFO] Step 54/54 Loss=11.1867 mse=0.1524 v_opt=0.01712 v_mand=0.00095 ptv=0.1093 ptv_max=0.00000 global_ceil=0.00006 ring=0.00000 smooth=0.0057 laplacian=0.0130 beam=0.24228 homogeneity=0.0035 body=0.00000 bowel=0.00000 femur=0.00000
2026-05-25 15:20:55 [INFO] Running validation at epoch 134...
2026-05-25 15:21:22 [INFO] Epoch 134 Summary: Train=17.1717 Val=0.0149 (MSE=0.0149)
          Metrics: PTV_D95=53.54Gy Bladder=29.35Gy Rectum=23.57Gy
          Metrics: Ring=47.29Gy Dmax=149.99Gy BG=28.01Gy
2026-05-25 15:21:22 [INFO] Epoch 135/300 [FULL PHYSICS] ramp=1.000 lr=5.88e-05
2026-05-25 15:21:28 [INFO] Step 5/54 Loss=15.6921 mse=0.2159 v_opt=0.05360 v_mand=0.01239 ptv=0.0970 ptv_max=0.00005 global_ceil=0.01970 ring=0.00000 smooth=0.0092 laplacian=0.0215 beam=0.29609 homogeneity=0.0043 body=0.00000 bowel=0.00000 femur=0.00000
2026-05-25 15:21:33 [INFO] Step 10/54 Loss=25.5064 mse=0.3968 v_opt=0.03781 v_mand=0.00809 ptv=0.0597 ptv_max=0.00006 global_ceil=0.01348 ring=0.00000 smooth=0.0090 laplacian=0.0217 beam=0.54596 homogeneity=0.0030 body=0.00000 bowel=0.00000 femur=0.00005
2026-05-25 15:21:40 [INFO] Step 15/54 Loss=15.6454 mse=0.3650 v_opt=0.02412 v_mand=0.00185 ptv=0.0281 ptv_max=0.00054 global_ceil=0.01618 ring=0.00000 smooth=0.0113 laplacian=0.0269 beam=0.19543 homogeneity=0.0047 body=0.00000 bowel=0.00471 femur=0.00127
2026-05-25 15:21:45 [INFO] Step 20/54 Loss=25.3780 mse=0.4280 v_opt=0.00148 v_mand=0.00000 ptv=0.0178 ptv_max=0.00113 global_ceil=0.01497 ring=0.00001 smooth=0.0077 laplacian=0.0186 beam=0.53447 homogeneity=0.0057 body=0.00000 bowel=0.00000 femur=0.00000
2026-05-25 15:21:51 [INFO] Step 25/54 Loss=5.5129 mse=0.1599 v_opt=0.00179 v_mand=0.00000 ptv=0.0708 ptv_max=0.00003 global_ceil=0.00050 ring=0.00000 smooth=0.0072 laplacian=0.0161 beam=0.02493 homogeneity=0.0032 body=0.00000 bowel=0.00000 femur=0.00000
2026-05-25 15:21:56 [INFO] Step 30/54 Loss=13.9054 mse=0.1340 v_opt=0.06684 v_mand=0.01359 ptv=0.0627 ptv_max=0.00003 global_ceil=0.00035 ring=0.00000 smooth=0.0062 laplacian=0.0144 beam=0.35927 homogeneity=0.0017 body=0.00000 bowel=0.00000 femur=0.00000
2026-05-25 15:22:04 [INFO] Step 35/54 Loss=19.9276 mse=0.3268 v_opt=0.00206 v_mand=0.00000 ptv=0.1012 ptv_max=0.00001 global_ceil=0.00353 ring=0.00000 smooth=0.0087 laplacian=0.0196 beam=0.41283 homogeneity=0.0068 body=0.00000 bowel=0.00000 femur=0.00000
2026-05-25 15:22:09 [INFO] Step 40/54 Loss=23.6088 mse=0.4389 v_opt=0.02469 v_mand=0.00049 ptv=0.0668 ptv_max=0.00001 global_ceil=0.00106 ring=0.00000 smooth=0.0087 laplacian=0.0195 beam=0.43251 homogeneity=0.0020 body=0.00000 bowel=0.05871 femur=0.00000
2026-05-25 15:22:15 [INFO] Step 45/54 Loss=11.5439 mse=0.1202 v_opt=0.03926 v_mand=0.00217 ptv=0.0395 ptv_max=0.00003 global_ceil=0.00029 ring=0.00000 smooth=0.0070 laplacian=0.0162 beam=0.31280 homogeneity=0.0015 body=0.00000 bowel=0.00000 femur=0.00000
2026-05-25 15:22:20 [INFO] Step 50/54 Loss=7.5335 mse=0.2203 v_opt=0.00537 v_mand=0.00000 ptv=0.0768 ptv_max=0.00005 global_ceil=0.00037 ring=0.00000 smooth=0.0066 laplacian=0.0145 beam=0.04124 homogeneity=0.0048 body=0.00000 bowel=0.00098 femur=0.00000
2026-05-25 15:22:25 [INFO] Step 54/54 Loss=20.7060 mse=0.2700 v_opt=0.01905 v_mand=0.00200 ptv=0.0550 ptv_max=0.00027 global_ceil=0.01474 ring=0.00000 smooth=0.0074 laplacian=0.0189 beam=0.48881 homogeneity=0.0040 body=0.00000 bowel=0.00594 femur=0.00000
2026-05-25 15:22:25 [INFO] Running validation at epoch 135...
2026-05-25 15:22:52 [INFO] Epoch 135 Summary: Train=16.8883 Val=0.0162 (MSE=0.0162)
          Metrics: PTV_D95=57.69Gy Bladder=30.24Gy Rectum=25.53Gy
          Metrics: Ring=50.31Gy Dmax=111.43Gy BG=28.94Gy
2026-05-25 15:22:52 [INFO] Epoch 136/300 [FULL PHYSICS] ramp=1.000 lr=5.82e-05
2026-05-25 15:22:59 [INFO] Step 5/54 Loss=12.3442 mse=0.2632 v_opt=0.07058 v_mand=0.00835 ptv=0.0596 ptv_max=0.00006 global_ceil=0.00049 ring=0.00000 smooth=0.0073 laplacian=0.0175 beam=0.17630 homogeneity=0.0029 body=0.00000 bowel=0.00102 femur=0.00000
2026-05-25 15:23:04 [INFO] Step 10/54 Loss=13.8620 mse=0.1258 v_opt=0.03150 v_mand=0.00175 ptv=0.0835 ptv_max=0.00001 global_ceil=0.00594 ring=0.00000 smooth=0.0077 laplacian=0.0177 beam=0.37142 homogeneity=0.0026 body=0.00000 bowel=0.00000 femur=0.00000
2026-05-25 15:23:11 [INFO] Step 15/54 Loss=7.9870 mse=0.0916 v_opt=0.00066 v_mand=0.00000 ptv=0.1398 ptv_max=0.00000 global_ceil=0.00024 ring=0.00000 smooth=0.0093 laplacian=0.0206 beam=0.15783 homogeneity=0.0114 body=0.00000 bowel=0.00000 femur=0.00000
2026-05-25 15:23:16 [INFO] Step 20/54 Loss=7.2005 mse=0.0989 v_opt=0.00002 v_mand=0.00000 ptv=0.0982 ptv_max=0.00001 global_ceil=0.00000 ring=0.00000 smooth=0.0059 laplacian=0.0130 beam=0.14215 homogeneity=0.0060 body=0.00000 bowel=0.00000 femur=0.00000
2026-05-25 15:23:23 [INFO] Step 25/54 Loss=9.9437 mse=0.0958 v_opt=0.00525 v_mand=0.00001 ptv=0.0869 ptv_max=0.00000 global_ceil=0.00027 ring=0.00000 smooth=0.0045 laplacian=0.0103 beam=0.26132 homogeneity=0.0033 body=0.00000 bowel=0.00000 femur=0.00000
2026-05-25 15:23:28 [INFO] Step 30/54 Loss=20.8600 mse=0.2424 v_opt=0.00581 v_mand=0.00000 ptv=0.0407 ptv_max=0.00012 global_ceil=0.00192 ring=0.00000 smooth=0.0072 laplacian=0.0182 beam=0.56506 homogeneity=0.0021 body=0.00000 bowel=0.00000 femur=0.00000
2026-05-25 15:23:34 [INFO] Step 35/54 Loss=13.3534 mse=0.1711 v_opt=0.00361 v_mand=0.00000 ptv=0.0446 ptv_max=0.00055 global_ceil=0.01995 ring=0.00000 smooth=0.0099 laplacian=0.0255 beam=0.29141 homogeneity=0.0060 body=0.00000 bowel=0.00000 femur=0.00000
2026-05-25 15:23:39 [INFO] Step 40/54 Loss=15.8946 mse=0.1919 v_opt=0.03771 v_mand=0.00768 ptv=0.0459 ptv_max=0.00009 global_ceil=0.00134 ring=0.00000 smooth=0.0081 laplacian=0.0189 beam=0.39710 homogeneity=0.0034 body=0.00000 bowel=0.00000 femur=0.00000
2026-05-25 15:23:46 [INFO] Step 45/54 Loss=11.7716 mse=0.0778 v_opt=0.00240 v_mand=0.00000 ptv=0.0770 ptv_max=0.00002 global_ceil=0.01404 ring=0.00000 smooth=0.0078 laplacian=0.0181 beam=0.32673 homogeneity=0.0040 body=0.00000 bowel=0.00000 femur=0.00000
2026-05-25 15:23:51 [INFO] Step 50/54 Loss=12.3728 mse=0.1329 v_opt=0.00002 v_mand=0.00000 ptv=0.0796 ptv_max=0.00004 global_ceil=0.00194 ring=0.00000 smooth=0.0084 laplacian=0.0200 beam=0.31874 homogeneity=0.0038 body=0.00000 bowel=0.00000 femur=0.00000
2026-05-25 15:23:55 [INFO] Step 54/54 Loss=17.9894 mse=0.2571 v_opt=0.07285 v_mand=0.02333 ptv=0.0900 ptv_max=0.00000 global_ceil=0.00020 ring=0.00000 smooth=0.0054 laplacian=0.0124 beam=0.36874 homogeneity=0.0026 body=0.00000 bowel=0.00009 femur=0.00000
2026-05-25 15:23:55 [INFO] Running validation at epoch 136...
2026-05-25 15:24:23 [INFO] Epoch 136 Summary: Train=14.6823 Val=0.0145 (MSE=0.0145)
          Metrics: PTV_D95=53.38Gy Bladder=27.39Gy Rectum=22.54Gy
          Metrics: Ring=45.80Gy Dmax=134.29Gy BG=27.60Gy
2026-05-25 15:24:23 [INFO] [DIAGNOSTIC] Saved fallback model MSE=0.0145
2026-05-25 15:24:23 [INFO] Epoch 137/300 [FULL PHYSICS] ramp=1.000 lr=5.77e-05
2026-05-25 15:24:30 [INFO] Step 5/54 Loss=13.3033 mse=0.1386 v_opt=0.01610 v_mand=0.00010 ptv=0.0295 ptv_max=0.00022 global_ceil=0.00008 ring=0.00000 smooth=0.0043 laplacian=0.0100 beam=0.37423 homogeneity=0.0029 body=0.00000 bowel=0.00000 femur=0.00000
2026-05-25 15:24:34 [INFO] Step 10/54 Loss=20.7572 mse=0.1131 v_opt=0.01194 v_mand=0.00005 ptv=0.0467 ptv_max=0.00055 global_ceil=0.01488 ring=0.00000 smooth=0.0052 laplacian=0.0114 beam=0.30368 homogeneity=0.0053 body=0.00000 bowel=0.59002 femur=0.00005
2026-05-25 15:24:41 [INFO] Step 15/54 Loss=11.0596 mse=0.1152 v_opt=0.05031 v_mand=0.01136 ptv=0.0591 ptv_max=0.00005 global_ceil=0.00022 ring=0.00000 smooth=0.0049 laplacian=0.0105 beam=0.26980 homogeneity=0.0034 body=0.00000 bowel=0.00208 femur=0.00000
2026-05-25 15:24:47 [INFO] Step 20/54 Loss=12.9862 mse=0.1004 v_opt=0.01089 v_mand=0.00000 ptv=0.0925 ptv_max=0.00000 global_ceil=0.00000 ring=0.00000 smooth=0.0060 laplacian=0.0131 beam=0.32625 homogeneity=0.0042 body=0.00000 bowel=0.08110 femur=0.00000
2026-05-25 15:24:53 [INFO] Step 25/54 Loss=16.2333 mse=0.2660 v_opt=0.00017 v_mand=0.00000 ptv=0.0778 ptv_max=0.00000 global_ceil=0.00128 ring=0.00000 smooth=0.0056 laplacian=0.0126 beam=0.34504 homogeneity=0.0023 body=0.00000 bowel=0.00000 femur=0.00000
2026-05-25 15:24:58 [INFO] Step 30/54 Loss=10.3254 mse=0.2478 v_opt=0.00652 v_mand=0.00000 ptv=0.0594 ptv_max=0.00001 global_ceil=0.00024 ring=0.00000 smooth=0.0074 laplacian=0.0176 beam=0.13522 homogeneity=0.0017 body=0.00000 bowel=0.00000 femur=0.00000
2026-05-25 15:25:05 [INFO] Step 35/54 Loss=8.2734 mse=0.1089 v_opt=0.00342 v_mand=0.00000 ptv=0.0820 ptv_max=0.00007 global_ceil=0.00011 ring=0.00000 smooth=0.0071 laplacian=0.0158 beam=0.18119 homogeneity=0.0047 body=0.00000 bowel=0.00000 femur=0.00000
2026-05-25 15:25:11 [INFO] Step 40/54 Loss=24.6683 mse=0.3192 v_opt=0.08282 v_mand=0.02212 ptv=0.0421 ptv_max=0.00037 global_ceil=0.04533 ring=0.00001 smooth=0.0085 laplacian=0.0214 beam=0.49276 homogeneity=0.0035 body=0.00000 bowel=0.00852 femur=0.00434
2026-05-25 15:25:17 [INFO] Step 45/54 Loss=106.9287 mse=0.1977 v_opt=1.97679 v_mand=1.68520 ptv=0.0860 ptv_max=0.00018 global_ceil=0.02162 ring=0.00000 smooth=0.0167 laplacian=0.0448 beam=0.45796 homogeneity=0.0057 body=0.00000 bowel=0.00000 femur=0.00000
2026-05-25 15:25:22 [INFO] Step 50/54 Loss=13.0045 mse=0.1125 v_opt=0.00285 v_mand=0.00000 ptv=0.1031 ptv_max=0.00016 global_ceil=0.00354 ring=0.00000 smooth=0.0077 laplacian=0.0173 beam=0.34757 homogeneity=0.0085 body=0.00000 bowel=0.00000 femur=0.00000
2026-05-25 15:25:27 [INFO] Step 54/54 Loss=16.2492 mse=0.2691 v_opt=0.01575 v_mand=0.00041 ptv=0.0753 ptv_max=0.00003 global_ceil=0.00028 ring=0.00000 smooth=0.0071 laplacian=0.0147 beam=0.33973 homogeneity=0.0035 body=0.00000 bowel=0.00365 femur=0.00000
2026-05-25 15:25:27 [INFO] Running validation at epoch 137...
2026-05-25 15:25:54 [INFO] Epoch 137 Summary: Train=15.3538 Val=0.0144 (MSE=0.0144)
          Metrics: PTV_D95=52.54Gy Bladder=28.00Gy Rectum=22.28Gy
          Metrics: Ring=45.30Gy Dmax=155.17Gy BG=27.30Gy
2026-05-25 15:25:54 [INFO] [DIAGNOSTIC] Saved fallback model MSE=0.0144
2026-05-25 15:25:54 [INFO] Epoch 138/300 [FULL PHYSICS] ramp=1.000 lr=5.72e-05
2026-05-25 15:26:01 [INFO] Step 5/54 Loss=24.5740 mse=0.3077 v_opt=0.00706 v_mand=0.00000 ptv=0.0813 ptv_max=0.00003 global_ceil=0.00723 ring=0.00000 smooth=0.0082 laplacian=0.0217 beam=0.61999 homogeneity=0.0037 body=0.00000 bowel=0.00000 femur=0.00000
2026-05-25 15:26:06 [INFO] Step 10/54 Loss=22.2523 mse=0.3078 v_opt=0.07089 v_mand=0.02516 ptv=0.0392 ptv_max=0.00019 global_ceil=0.00376 ring=0.00000 smooth=0.0086 laplacian=0.0194 beam=0.49562 homogeneity=0.0027 body=0.00000 bowel=0.00000 femur=0.00000
2026-05-25 15:26:14 [INFO] Step 15/54 Loss=19.0355 mse=0.2953 v_opt=0.03508 v_mand=0.00448 ptv=0.0545 ptv_max=0.00008 global_ceil=0.00054 ring=0.00000 smooth=0.0061 laplacian=0.0147 beam=0.41602 homogeneity=0.0033 body=0.00000 bowel=0.01521 femur=0.00000
2026-05-25 15:26:18 [INFO] Step 20/54 Loss=7.7697 mse=0.1358 v_opt=0.00360 v_mand=0.00006 ptv=0.1095 ptv_max=0.00004 global_ceil=0.00413 ring=0.00000 smooth=0.0137 laplacian=0.0303 beam=0.10542 homogeneity=0.0110 body=0.00000 bowel=0.00252 femur=0.00000
2026-05-25 15:26:25 [INFO] Step 25/54 Loss=4.7666 mse=0.1137 v_opt=0.00122 v_mand=0.00009 ptv=0.0761 ptv_max=0.00001 global_ceil=0.00168 ring=0.00000 smooth=0.0061 laplacian=0.0131 beam=0.03750 homogeneity=0.0031 body=0.00000 bowel=0.00000 femur=0.00000
2026-05-25 15:26:30 [INFO] Step 30/54 Loss=9.3957 mse=0.0662 v_opt=0.00051 v_mand=0.00000 ptv=0.0693 ptv_max=0.00002 global_ceil=0.00023 ring=0.00000 smooth=0.0054 laplacian=0.0124 beam=0.27567 homogeneity=0.0037 body=0.00000 bowel=0.00000 femur=0.00000
2026-05-25 15:26:36 [INFO] Step 35/54 Loss=23.0919 mse=0.3706 v_opt=0.01712 v_mand=0.00092 ptv=0.0325 ptv_max=0.00028 global_ceil=0.00109 ring=0.00000 smooth=0.0070 laplacian=0.0175 beam=0.52709 homogeneity=0.0028 body=0.00000 bowel=0.00000 femur=0.00000
2026-05-25 15:26:41 [INFO] Step 40/54 Loss=9.5872 mse=0.2295 v_opt=0.01719 v_mand=0.00082 ptv=0.0689 ptv_max=0.00004 global_ceil=0.00067 ring=0.00000 smooth=0.0076 laplacian=0.0167 beam=0.11496 homogeneity=0.0029 body=0.00000 bowel=0.00156 femur=0.00000
2026-05-25 15:26:47 [INFO] Step 45/54 Loss=10.5750 mse=0.1055 v_opt=0.05244 v_mand=0.01181 ptv=0.1086 ptv_max=0.00000 global_ceil=0.00012 ring=0.00000 smooth=0.0045 laplacian=0.0100 beam=0.23896 homogeneity=0.0050 body=0.00000 bowel=0.00143 femur=0.00000
2026-05-25 15:26:53 [INFO] Step 50/54 Loss=11.2533 mse=0.1698 v_opt=0.01628 v_mand=0.00000 ptv=0.0567 ptv_max=0.00004 global_ceil=0.00009 ring=0.00000 smooth=0.0050 laplacian=0.0106 beam=0.24795 homogeneity=0.0027 body=0.00000 bowel=0.00568 femur=0.00000
2026-05-25 15:26:57 [INFO] Step 54/54 Loss=5.0708 mse=0.0902 v_opt=0.00357 v_mand=0.00000 ptv=0.0845 ptv_max=0.00000 global_ceil=0.00000 ring=0.00000 smooth=0.0050 laplacian=0.0109 beam=0.07320 homogeneity=0.0037 body=0.00000 bowel=0.00000 femur=0.00000
2026-05-25 15:26:57 [INFO] Running validation at epoch 138...
2026-05-25 15:27:24 [INFO] Epoch 138 Summary: Train=15.5673 Val=0.0141 (MSE=0.0141)
          Metrics: PTV_D95=54.55Gy Bladder=27.44Gy Rectum=24.64Gy
          Metrics: Ring=47.42Gy Dmax=124.25Gy BG=27.19Gy
2026-05-25 15:27:24 [INFO] [DIAGNOSTIC] Saved fallback model MSE=0.0141
2026-05-25 15:27:24 [INFO] Epoch 139/300 [FULL PHYSICS] ramp=1.000 lr=5.67e-05
2026-05-25 15:27:31 [INFO] Step 5/54 Loss=11.4354 mse=0.0911 v_opt=0.00810 v_mand=0.00000 ptv=0.1031 ptv_max=0.00002 global_ceil=0.00008 ring=0.00000 smooth=0.0068 laplacian=0.0148 beam=0.31523 homogeneity=0.0071 body=0.00000 bowel=0.00000 femur=0.00000
2026-05-25 15:27:36 [INFO] Step 10/54 Loss=14.6380 mse=0.1706 v_opt=0.02631 v_mand=0.00243 ptv=0.0566 ptv_max=0.00007 global_ceil=0.00008 ring=0.00000 smooth=0.0058 laplacian=0.0130 beam=0.37804 homogeneity=0.0049 body=0.00000 bowel=0.00000 femur=0.00000
2026-05-25 15:27:42 [INFO] Step 15/54 Loss=15.9028 mse=0.2453 v_opt=0.02266 v_mand=0.00070 ptv=0.0299 ptv_max=0.00035 global_ceil=0.01097 ring=0.00001 smooth=0.0075 laplacian=0.0163 beam=0.32680 homogeneity=0.0038 body=0.00000 bowel=0.03023 femur=0.00000
2026-05-25 15:27:47 [INFO] Step 20/54 Loss=8.2241 mse=0.2646 v_opt=0.01562 v_mand=0.00029 ptv=0.0647 ptv_max=0.00003 global_ceil=0.00075 ring=0.00000 smooth=0.0088 laplacian=0.0209 beam=0.02822 homogeneity=0.0028 body=0.00000 bowel=0.00000 femur=0.00000
2026-05-25 15:27:55 [INFO] Step 25/54 Loss=11.0126 mse=0.1459 v_opt=0.00079 v_mand=0.00000 ptv=0.0776 ptv_max=0.00002 global_ceil=0.00003 ring=0.00000 smooth=0.0052 laplacian=0.0112 beam=0.25745 homogeneity=0.0043 body=0.00000 bowel=0.00000 femur=0.00000
2026-05-25 15:27:59 [INFO] Step 30/54 Loss=19.6696 mse=0.3094 v_opt=0.00122 v_mand=0.00001 ptv=0.0734 ptv_max=0.00002 global_ceil=0.00004 ring=0.00000 smooth=0.0064 laplacian=0.0175 beam=0.43458 homogeneity=0.0026 body=0.00000 bowel=0.01214 femur=0.00000
2026-05-25 15:28:06 [INFO] Step 35/54 Loss=12.7922 mse=0.4003 v_opt=0.02129 v_mand=0.00119 ptv=0.0436 ptv_max=0.00005 global_ceil=0.00072 ring=0.00000 smooth=0.0113 laplacian=0.0251 beam=0.06890 homogeneity=0.0020 body=0.00000 bowel=0.01947 femur=0.00108
2026-05-25 15:28:11 [INFO] Step 40/54 Loss=16.3969 mse=0.3149 v_opt=0.04478 v_mand=0.00240 ptv=0.0447 ptv_max=0.00026 global_ceil=0.00567 ring=0.00000 smooth=0.0080 laplacian=0.0199 beam=0.28406 homogeneity=0.0038 body=0.00000 bowel=0.01745 femur=0.00000
2026-05-25 15:28:18 [INFO] Step 45/54 Loss=18.1799 mse=0.1410 v_opt=0.00000 v_mand=0.00000 ptv=0.0000 ptv_max=0.00000 global_ceil=0.07636 ring=0.00000 smooth=0.0104 laplacian=0.0255 beam=0.42799 homogeneity=0.0000 body=0.00000 bowel=0.00000 femur=0.00000
2026-05-25 15:28:23 [INFO] Step 50/54 Loss=15.9813 mse=0.2165 v_opt=0.00229 v_mand=0.00000 ptv=0.0520 ptv_max=0.00009 global_ceil=0.00070 ring=0.00000 smooth=0.0065 laplacian=0.0147 beam=0.39459 homogeneity=0.0026 body=0.00000 bowel=0.00000 femur=0.00000
2026-05-25 15:28:27 [INFO] Step 54/54 Loss=10.7275 mse=0.1425 v_opt=0.06485 v_mand=0.00994 ptv=0.0610 ptv_max=0.00005 global_ceil=0.00046 ring=0.00000 smooth=0.0049 laplacian=0.0104 beam=0.23097 homogeneity=0.0033 body=0.00000 bowel=0.00000 femur=0.00000
2026-05-25 15:28:27 [INFO] Running validation at epoch 139...
2026-05-25 15:28:54 [INFO] Epoch 139 Summary: Train=15.0820 Val=0.0140 (MSE=0.0140)
          Metrics: PTV_D95=54.53Gy Bladder=29.84Gy Rectum=23.92Gy
          Metrics: Ring=47.09Gy Dmax=142.15Gy BG=27.06Gy
2026-05-25 15:28:54 [INFO] [DIAGNOSTIC] Saved fallback model MSE=0.0140
2026-05-25 15:28:54 [INFO] Epoch 140/300 [FULL PHYSICS] ramp=1.000 lr=5.62e-05
2026-05-25 15:29:01 [INFO] Step 5/54 Loss=18.2621 mse=0.2538 v_opt=0.00138 v_mand=0.00000 ptv=0.0623 ptv_max=0.00008 global_ceil=0.00704 ring=0.00000 smooth=0.0080 laplacian=0.0185 beam=0.43090 homogeneity=0.0027 body=0.00000 bowel=0.00000 femur=0.00000
2026-05-25 15:29:06 [INFO] Step 10/54 Loss=6.6208 mse=0.1293 v_opt=0.00466 v_mand=0.00002 ptv=0.0679 ptv_max=0.00001 global_ceil=0.00039 ring=0.00000 smooth=0.0064 laplacian=0.0137 beam=0.10206 homogeneity=0.0026 body=0.00000 bowel=0.00000 femur=0.00000
2026-05-25 15:29:13 [INFO] Step 15/54 Loss=21.0264 mse=0.2584 v_opt=0.03149 v_mand=0.00104 ptv=0.0600 ptv_max=0.00004 global_ceil=0.01462 ring=0.00000 smooth=0.0091 laplacian=0.0207 beam=0.51694 homogeneity=0.0027 body=0.00000 bowel=0.00000 femur=0.00231
2026-05-25 15:29:17 [INFO] Step 20/54 Loss=11.5269 mse=0.1007 v_opt=0.00907 v_mand=0.00002 ptv=0.0689 ptv_max=0.00012 global_ceil=0.00107 ring=0.00000 smooth=0.0053 laplacian=0.0117 beam=0.30871 homogeneity=0.0049 body=0.00000 bowel=0.02342 femur=0.00000
2026-05-25 15:29:25 [INFO] Step 25/54 Loss=10.7071 mse=0.1517 v_opt=0.01115 v_mand=0.00029 ptv=0.0581 ptv_max=0.00006 global_ceil=0.00013 ring=0.00000 smooth=0.0052 laplacian=0.0109 beam=0.24605 homogeneity=0.0035 body=0.00000 bowel=0.00005 femur=0.00000
2026-05-25 15:29:29 [INFO] Step 30/54 Loss=13.4558 mse=0.0991 v_opt=0.00422 v_mand=0.00000 ptv=0.0837 ptv_max=0.00000 global_ceil=0.00029 ring=0.00000 smooth=0.0105 laplacian=0.0240 beam=0.39601 homogeneity=0.0044 body=0.00000 bowel=0.00000 femur=0.00000
2026-05-25 15:29:35 [INFO] Step 35/54 Loss=7.5749 mse=0.0681 v_opt=0.00262 v_mand=0.00020 ptv=0.0865 ptv_max=0.00001 global_ceil=0.00020 ring=0.00000 smooth=0.0045 laplacian=0.0097 beam=0.19319 homogeneity=0.0049 body=0.00000 bowel=0.00000 femur=0.00000
2026-05-25 15:29:41 [INFO] Step 40/54 Loss=3.9830 mse=0.0908 v_opt=0.01221 v_mand=0.00008 ptv=0.0696 ptv_max=0.00001 global_ceil=0.00015 ring=0.00000 smooth=0.0053 laplacian=0.0115 beam=0.03474 homogeneity=0.0024 body=0.00000 bowel=0.00000 femur=0.00000
2026-05-25 15:29:47 [INFO] Step 45/54 Loss=13.6342 mse=0.2189 v_opt=0.03406 v_mand=0.00059 ptv=0.0625 ptv_max=0.00001 global_ceil=0.00060 ring=0.00000 smooth=0.0060 laplacian=0.0147 beam=0.29202 homogeneity=0.0014 body=0.00000 bowel=0.00000 femur=0.00000
2026-05-25 15:29:52 [INFO] Step 50/54 Loss=11.4584 mse=0.0735 v_opt=0.00000 v_mand=0.00000 ptv=0.0000 ptv_max=0.00000 global_ceil=0.00039 ring=0.00000 smooth=0.0060 laplacian=0.0149 beam=0.38084 homogeneity=0.0000 body=0.00000 bowel=0.00000 femur=0.00000
2026-05-25 15:29:57 [INFO] Step 54/54 Loss=14.5673 mse=0.1535 v_opt=0.00091 v_mand=0.00008 ptv=0.1202 ptv_max=0.00002 global_ceil=0.00490 ring=0.00000 smooth=0.0169 laplacian=0.0384 beam=0.35389 homogeneity=0.0109 body=0.00000 bowel=0.00000 femur=0.00000
2026-05-25 15:29:57 [INFO] Running validation at epoch 140...
2026-05-25 15:30:24 [INFO] Epoch 140 Summary: Train=12.3079 Val=0.0142 (MSE=0.0142)
          Metrics: PTV_D95=54.10Gy Bladder=25.98Gy Rectum=24.47Gy
          Metrics: Ring=47.11Gy Dmax=153.71Gy BG=27.19Gy
2026-05-25 15:30:24 [INFO] Epoch 141/300 [FULL PHYSICS] ramp=1.000 lr=5.57e-05
2026-05-25 15:30:31 [INFO] Step 5/54 Loss=19.0293 mse=0.3351 v_opt=0.00707 v_mand=0.00002 ptv=0.0624 ptv_max=0.00001 global_ceil=0.00345 ring=0.00000 smooth=0.0096 laplacian=0.0235 beam=0.38704 homogeneity=0.0018 body=0.00000 bowel=0.00000 femur=0.00000
2026-05-25 15:30:37 [INFO] Step 10/54 Loss=4.1007 mse=0.0662 v_opt=0.00701 v_mand=0.00000 ptv=0.1152 ptv_max=0.00000 global_ceil=0.00000 ring=0.00000 smooth=0.0072 laplacian=0.0161 beam=0.04359 homogeneity=0.0052 body=0.00000 bowel=0.00000 femur=0.00000
2026-05-25 15:30:43 [INFO] Step 15/54 Loss=17.3660 mse=0.2477 v_opt=0.03627 v_mand=0.00229 ptv=0.0233 ptv_max=0.00032 global_ceil=0.00115 ring=0.00000 smooth=0.0064 laplacian=0.0150 beam=0.41999 homogeneity=0.0034 body=0.00000 bowel=0.00000 femur=0.00000
2026-05-25 15:30:48 [INFO] Step 20/54 Loss=19.1358 mse=0.1481 v_opt=0.00000 v_mand=0.00000 ptv=0.0000 ptv_max=0.00000 global_ceil=0.08887 ring=0.00000 smooth=0.0123 laplacian=0.0298 beam=0.43315 homogeneity=0.0000 body=0.00000 bowel=0.00000 femur=0.00000
2026-05-25 15:30:55 [INFO] Step 25/54 Loss=14.8111 mse=0.2104 v_opt=0.05037 v_mand=0.00591 ptv=0.1154 ptv_max=0.00001 global_ceil=0.00276 ring=0.00000 smooth=0.0126 laplacian=0.0282 beam=0.30099 homogeneity=0.0091 body=0.00000 bowel=0.00000 femur=0.00000
2026-05-25 15:31:00 [INFO] Step 30/54 Loss=20.2678 mse=0.4751 v_opt=0.01335 v_mand=0.00011 ptv=0.0496 ptv_max=0.00008 global_ceil=0.00899 ring=0.00000 smooth=0.0061 laplacian=0.0137 beam=0.28051 homogeneity=0.0027 body=0.00000 bowel=0.01644 femur=0.00108
2026-05-25 15:31:06 [INFO] Step 35/54 Loss=17.4739 mse=0.2367 v_opt=0.00420 v_mand=0.00062 ptv=0.0431 ptv_max=0.00069 global_ceil=0.05948 ring=0.00002 smooth=0.0075 laplacian=0.0176 beam=0.28046 homogeneity=0.0063 body=0.00000 bowel=0.05159 femur=0.00000
2026-05-25 15:31:12 [INFO] Step 40/54 Loss=4.6410 mse=0.1142 v_opt=0.00121 v_mand=0.00001 ptv=0.0667 ptv_max=0.00002 global_ceil=0.00007 ring=0.00000 smooth=0.0049 laplacian=0.0103 beam=0.03958 homogeneity=0.0032 body=0.00000 bowel=0.00000 femur=0.00000
2026-05-25 15:31:17 [INFO] Step 45/54 Loss=10.7346 mse=0.0981 v_opt=0.02736 v_mand=0.00439 ptv=0.0662 ptv_max=0.00025 global_ceil=0.00101 ring=0.00000 smooth=0.0048 laplacian=0.0102 beam=0.27145 homogeneity=0.0064 body=0.00000 bowel=0.01912 femur=0.00000
2026-05-25 15:31:24 [INFO] Step 50/54 Loss=18.5873 mse=0.3581 v_opt=0.01971 v_mand=0.00103 ptv=0.0555 ptv_max=0.00010 global_ceil=0.00116 ring=0.00000 smooth=0.0062 laplacian=0.0161 beam=0.33423 homogeneity=0.0028 body=0.00000 bowel=0.02629 femur=0.00230
2026-05-25 15:31:28 [INFO] Step 54/54 Loss=9.8444 mse=0.1038 v_opt=0.00000 v_mand=0.00000 ptv=0.1278 ptv_max=0.00024 global_ceil=0.00111 ring=0.00000 smooth=0.0044 laplacian=0.0097 beam=0.22543 homogeneity=0.0096 body=0.00000 bowel=0.00000 femur=0.00000
2026-05-25 15:31:29 [INFO] Running validation at epoch 141...
2026-05-25 15:31:55 [INFO] Epoch 141 Summary: Train=13.9968 Val=0.0138 (MSE=0.0138)
          Metrics: PTV_D95=55.13Gy Bladder=30.04Gy Rectum=23.13Gy
          Metrics: Ring=47.50Gy Dmax=137.49Gy BG=26.79Gy
2026-05-25 15:31:55 [INFO] [DIAGNOSTIC] Saved fallback model MSE=0.0138
2026-05-25 15:31:55 [INFO] Epoch 142/300 [FULL PHYSICS] ramp=1.000 lr=5.52e-05
2026-05-25 15:32:02 [INFO] Step 5/54 Loss=10.6461 mse=0.0801 v_opt=0.02364 v_mand=0.00175 ptv=0.0764 ptv_max=0.00000 global_ceil=0.00001 ring=0.00000 smooth=0.0082 laplacian=0.0183 beam=0.30334 homogeneity=0.0030 body=0.00000 bowel=0.00000 femur=0.00000
2026-05-25 15:32:07 [INFO] Step 10/54 Loss=22.7984 mse=0.4079 v_opt=0.06454 v_mand=0.01511 ptv=0.0352 ptv_max=0.00027 global_ceil=0.00484 ring=0.00000 smooth=0.0058 laplacian=0.0136 beam=0.42300 homogeneity=0.0035 body=0.00000 bowel=0.01348 femur=0.01590
2026-05-25 15:32:14 [INFO] Step 15/54 Loss=10.2546 mse=0.1846 v_opt=0.00305 v_mand=0.00000 ptv=0.0705 ptv_max=0.00001 global_ceil=0.00021 ring=0.00000 smooth=0.0053 laplacian=0.0125 beam=0.19163 homogeneity=0.0029 body=0.00000 bowel=0.00000 femur=0.00000
2026-05-25 15:32:19 [INFO] Step 20/54 Loss=20.3396 mse=0.3033 v_opt=0.00367 v_mand=0.00000 ptv=0.0357 ptv_max=0.00010 global_ceil=0.00054 ring=0.00000 smooth=0.0075 laplacian=0.0170 beam=0.48852 homogeneity=0.0022 body=0.00000 bowel=0.00000 femur=0.00000
2026-05-25 15:32:26 [INFO] Step 25/54 Loss=6.9660 mse=0.0614 v_opt=0.00781 v_mand=0.00000 ptv=0.0880 ptv_max=0.00001 global_ceil=0.00000 ring=0.00000 smooth=0.0054 laplacian=0.0115 beam=0.17542 homogeneity=0.0043 body=0.00000 bowel=0.00000 femur=0.00000
2026-05-25 15:32:31 [INFO] Step 30/54 Loss=6.1287 mse=0.0643 v_opt=0.04918 v_mand=0.00986 ptv=0.0885 ptv_max=0.00000 global_ceil=0.00041 ring=0.00000 smooth=0.0043 laplacian=0.0101 beam=0.11628 homogeneity=0.0031 body=0.00000 bowel=0.00000 femur=0.00000
2026-05-25 15:32:37 [INFO] Step 35/54 Loss=24.9289 mse=0.3952 v_opt=0.06447 v_mand=0.00625 ptv=0.0324 ptv_max=0.00027 global_ceil=0.00210 ring=0.00000 smooth=0.0074 laplacian=0.0185 beam=0.55931 homogeneity=0.0028 body=0.00000 bowel=0.00000 femur=0.00000
2026-05-25 15:32:42 [INFO] Step 40/54 Loss=13.6939 mse=0.1969 v_opt=0.08053 v_mand=0.02680 ptv=0.0640 ptv_max=0.00001 global_ceil=0.00099 ring=0.00000 smooth=0.0076 laplacian=0.0174 beam=0.25736 homogeneity=0.0021 body=0.00000 bowel=0.00051 femur=0.00000
2026-05-25 15:32:48 [INFO] Step 45/54 Loss=13.0645 mse=0.1683 v_opt=0.00229 v_mand=0.00000 ptv=0.0651 ptv_max=0.00002 global_ceil=0.00116 ring=0.00000 smooth=0.0108 laplacian=0.0238 beam=0.31827 homogeneity=0.0027 body=0.00000 bowel=0.00000 femur=0.00000
2026-05-25 15:32:53 [INFO] Step 50/54 Loss=16.4694 mse=0.2239 v_opt=0.00692 v_mand=0.00000 ptv=0.0221 ptv_max=0.00043 global_ceil=0.00039 ring=0.00000 smooth=0.0063 laplacian=0.0145 beam=0.41569 homogeneity=0.0041 body=0.00000 bowel=0.00000 femur=0.00000
2026-05-25 15:32:58 [INFO] Step 54/54 Loss=12.2006 mse=0.1458 v_opt=0.00100 v_mand=0.00000 ptv=0.0899 ptv_max=0.00005 global_ceil=0.00089 ring=0.00000 smooth=0.0085 laplacian=0.0184 beam=0.29247 homogeneity=0.0095 body=0.00000 bowel=0.00000 femur=0.00000
2026-05-25 15:32:58 [INFO] Running validation at epoch 142...
2026-05-25 15:33:25 [INFO] Epoch 142 Summary: Train=14.1943 Val=0.0137 (MSE=0.0137)
          Metrics: PTV_D95=54.70Gy Bladder=27.85Gy Rectum=25.50Gy
          Metrics: Ring=47.56Gy Dmax=133.03Gy BG=26.76Gy
2026-05-25 15:33:25 [INFO] [DIAGNOSTIC] Saved fallback model MSE=0.0137
2026-05-25 15:33:25 [INFO] Epoch 143/300 [FULL PHYSICS] ramp=1.000 lr=5.46e-05
2026-05-25 15:33:32 [INFO] Step 5/54 Loss=13.3304 mse=0.2098 v_opt=0.00015 v_mand=0.00000 ptv=0.0887 ptv_max=0.00000 global_ceil=0.00076 ring=0.00000 smooth=0.0068 laplacian=0.0157 beam=0.28098 homogeneity=0.0025 body=0.00000 bowel=0.00000 femur=0.00000
2026-05-25 15:33:37 [INFO] Step 10/54 Loss=5.2142 mse=0.1142 v_opt=0.00488 v_mand=0.00014 ptv=0.1200 ptv_max=0.00002 global_ceil=0.00261 ring=0.00000 smooth=0.0134 laplacian=0.0299 beam=0.02458 homogeneity=0.0113 body=0.00000 bowel=0.00046 femur=0.00000
2026-05-25 15:33:44 [INFO] Step 15/54 Loss=17.9909 mse=0.1597 v_opt=0.00000 v_mand=0.00000 ptv=0.0000 ptv_max=0.00000 global_ceil=0.04843 ring=0.00000 smooth=0.0194 laplacian=0.0508 beam=0.45215 homogeneity=0.0000 body=0.00000 bowel=0.00000 femur=0.00000
2026-05-25 15:33:49 [INFO] Step 20/54 Loss=17.2787 mse=0.3676 v_opt=0.05671 v_mand=0.01859 ptv=0.0598 ptv_max=0.00003 global_ceil=0.00009 ring=0.00000 smooth=0.0063 laplacian=0.0139 beam=0.25140 homogeneity=0.0022 body=0.00000 bowel=0.00215 femur=0.00000
2026-05-25 15:33:55 [INFO] Step 25/54 Loss=8.7283 mse=0.1164 v_opt=0.00408 v_mand=0.00000 ptv=0.0536 ptv_max=0.00006 global_ceil=0.00104 ring=0.00000 smooth=0.0047 laplacian=0.0103 beam=0.20358 homogeneity=0.0034 body=0.00000 bowel=0.00000 femur=0.00000
2026-05-25 15:34:00 [INFO] Step 30/54 Loss=8.6366 mse=0.2608 v_opt=0.00743 v_mand=0.00000 ptv=0.0703 ptv_max=0.00001 global_ceil=0.00019 ring=0.00000 smooth=0.0068 laplacian=0.0162 beam=0.04982 homogeneity=0.0024 body=0.00000 bowel=0.00000 femur=0.00068
2026-05-25 15:34:06 [INFO] Step 35/54 Loss=13.6356 mse=0.1318 v_opt=0.01249 v_mand=0.00000 ptv=0.0834 ptv_max=0.00001 global_ceil=0.00019 ring=0.00000 smooth=0.0079 laplacian=0.0172 beam=0.37211 homogeneity=0.0036 body=0.00000 bowel=0.00000 femur=0.00000
2026-05-25 15:34:11 [INFO] Step 40/54 Loss=11.8381 mse=0.0818 v_opt=0.00055 v_mand=0.00000 ptv=0.0764 ptv_max=0.00002 global_ceil=0.00003 ring=0.00000 smooth=0.0064 laplacian=0.0148 beam=0.35471 homogeneity=0.0038 body=0.00000 bowel=0.00000 femur=0.00000
2026-05-25 15:34:17 [INFO] Step 45/54 Loss=9.7838 mse=0.1920 v_opt=0.01599 v_mand=0.00040 ptv=0.0630 ptv_max=0.00002 global_ceil=0.00347 ring=0.00000 smooth=0.0083 laplacian=0.0183 beam=0.15927 homogeneity=0.0021 body=0.00000 bowel=0.00000 femur=0.00000
2026-05-25 15:34:23 [INFO] Step 50/54 Loss=14.5515 mse=0.1800 v_opt=0.07557 v_mand=0.01807 ptv=0.0584 ptv_max=0.00008 global_ceil=0.00024 ring=0.00000 smooth=0.0065 laplacian=0.0144 beam=0.32321 homogeneity=0.0037 body=0.00000 bowel=0.01038 femur=0.00000
2026-05-25 15:34:28 [INFO] Step 54/54 Loss=5.1892 mse=0.1147 v_opt=0.01017 v_mand=0.00024 ptv=0.0718 ptv_max=0.00001 global_ceil=0.00203 ring=0.00000 smooth=0.0091 laplacian=0.0203 beam=0.05231 homogeneity=0.0025 body=0.00000 bowel=0.00000 femur=0.00000
2026-05-25 15:34:28 [INFO] Running validation at epoch 143...
2026-05-25 15:34:54 [INFO] Epoch 143 Summary: Train=14.1086 Val=0.0139 (MSE=0.0139)
          Metrics: PTV_D95=53.83Gy Bladder=29.45Gy Rectum=24.25Gy
          Metrics: Ring=47.14Gy Dmax=129.97Gy BG=26.87Gy
2026-05-25 15:34:54 [INFO] Epoch 144/300 [FULL PHYSICS] ramp=1.000 lr=5.41e-05
2026-05-25 15:35:01 [INFO] Step 5/54 Loss=13.5791 mse=0.1827 v_opt=0.03545 v_mand=0.00117 ptv=0.1146 ptv_max=0.00002 global_ceil=0.00038 ring=0.00000 smooth=0.0092 laplacian=0.0203 beam=0.28538 homogeneity=0.0105 body=0.00000 bowel=0.01722 femur=0.00000
2026-05-25 15:35:06 [INFO] Step 10/54 Loss=11.6951 mse=0.1206 v_opt=0.00193 v_mand=0.00000 ptv=0.0849 ptv_max=0.00001 global_ceil=0.00000 ring=0.00000 smooth=0.0083 laplacian=0.0190 beam=0.30620 homogeneity=0.0034 body=0.00000 bowel=0.00000 femur=0.00000
2026-05-25 15:35:13 [INFO] Step 15/54 Loss=25.4332 mse=0.3874 v_opt=0.01291 v_mand=0.00017 ptv=0.0095 ptv_max=0.00246 global_ceil=0.01763 ring=0.00001 smooth=0.0075 laplacian=0.0189 beam=0.56324 homogeneity=0.0092 body=0.00000 bowel=0.00000 femur=0.00000
2026-05-25 15:35:17 [INFO] Step 20/54 Loss=27.7200 mse=0.3612 v_opt=0.03345 v_mand=0.00338 ptv=0.0185 ptv_max=0.00059 global_ceil=0.05904 ring=0.00000 smooth=0.0303 laplacian=0.0996 beam=0.58417 homogeneity=0.0048 body=0.00000 bowel=0.00000 femur=0.00000
2026-05-25 15:35:25 [INFO] Step 25/54 Loss=5.0754 mse=0.1298 v_opt=0.00565 v_mand=0.00000 ptv=0.0744 ptv_max=0.00002 global_ceil=0.00010 ring=0.00000 smooth=0.0085 laplacian=0.0188 beam=0.03579 homogeneity=0.0036 body=0.00000 bowel=0.00000 femur=0.00000
2026-05-25 15:35:30 [INFO] Step 30/54 Loss=11.1502 mse=0.1076 v_opt=0.01685 v_mand=0.00065 ptv=0.0803 ptv_max=0.00000 global_ceil=0.00820 ring=0.00000 smooth=0.0074 laplacian=0.0167 beam=0.28133 homogeneity=0.0028 body=0.00000 bowel=0.00000 femur=0.00000
2026-05-25 15:35:37 [INFO] Step 35/54 Loss=16.1077 mse=0.2659 v_opt=0.03210 v_mand=0.00043 ptv=0.0686 ptv_max=0.00001 global_ceil=0.00092 ring=0.00000 smooth=0.0080 laplacian=0.0194 beam=0.33992 homogeneity=0.0020 body=0.00000 bowel=0.00000 femur=0.00000
2026-05-25 15:35:41 [INFO] Step 40/54 Loss=15.3245 mse=0.1954 v_opt=0.02149 v_mand=0.00043 ptv=0.0570 ptv_max=0.00002 global_ceil=0.00027 ring=0.00000 smooth=0.0077 laplacian=0.0185 beam=0.38630 homogeneity=0.0016 body=0.00000 bowel=0.00000 femur=0.00000
2026-05-25 15:35:48 [INFO] Step 45/54 Loss=9.6073 mse=0.1002 v_opt=0.03407 v_mand=0.00373 ptv=0.0369 ptv_max=0.00021 global_ceil=0.00202 ring=0.00000 smooth=0.0036 laplacian=0.0079 beam=0.24322 homogeneity=0.0039 body=0.00000 bowel=0.00953 femur=0.00000
2026-05-25 15:35:53 [INFO] Step 50/54 Loss=7.5705 mse=0.1405 v_opt=0.00219 v_mand=0.00000 ptv=0.1154 ptv_max=0.00000 global_ceil=0.00009 ring=0.00000 smooth=0.0074 laplacian=0.0163 beam=0.10754 homogeneity=0.0059 body=0.00000 bowel=0.00000 femur=0.00000
2026-05-25 15:35:57 [INFO] Step 54/54 Loss=19.9418 mse=0.2934 v_opt=0.01055 v_mand=0.00000 ptv=0.0596 ptv_max=0.00005 global_ceil=0.00186 ring=0.00000 smooth=0.0072 laplacian=0.0170 beam=0.46980 homogeneity=0.0027 body=0.00000 bowel=0.00000 femur=0.00000
2026-05-25 15:35:58 [INFO] Running validation at epoch 144...
2026-05-25 15:36:25 [INFO] Epoch 144 Summary: Train=13.3987 Val=0.0130 (MSE=0.0130)
          Metrics: PTV_D95=55.13Gy Bladder=28.37Gy Rectum=25.50Gy
          Metrics: Ring=46.98Gy Dmax=131.04Gy BG=25.98Gy
2026-05-25 15:36:25 [INFO] [DIAGNOSTIC] Saved fallback model MSE=0.0130
2026-05-25 15:36:25 [INFO] Epoch 145/300 [FULL PHYSICS] ramp=1.000 lr=5.36e-05
2026-05-25 15:36:32 [INFO] Step 5/54 Loss=14.8935 mse=0.1511 v_opt=0.00000 v_mand=0.00000 ptv=0.0943 ptv_max=0.00022 global_ceil=0.02235 ring=0.00000 smooth=0.0094 laplacian=0.0225 beam=0.35051 homogeneity=0.0069 body=0.00000 bowel=0.00000 femur=0.00000
2026-05-25 15:36:37 [INFO] Step 10/54 Loss=15.0947 mse=0.2715 v_opt=0.01888 v_mand=0.00059 ptv=0.0504 ptv_max=0.00005 global_ceil=0.00026 ring=0.00000 smooth=0.0077 laplacian=0.0170 beam=0.30293 homogeneity=0.0025 body=0.00000 bowel=0.00000 femur=0.00000
2026-05-25 15:36:44 [INFO] Step 15/54 Loss=18.8442 mse=0.3110 v_opt=0.02280 v_mand=0.00260 ptv=0.0711 ptv_max=0.00002 global_ceil=0.00267 ring=0.00000 smooth=0.0071 laplacian=0.0166 beam=0.39651 homogeneity=0.0021 body=0.00000 bowel=0.00005 femur=0.00000
2026-05-25 15:36:48 [INFO] Step 20/54 Loss=9.4975 mse=0.2927 v_opt=0.01656 v_mand=0.00000 ptv=0.0456 ptv_max=0.00007 global_ceil=0.00038 ring=0.00000 smooth=0.0073 laplacian=0.0155 beam=0.05386 homogeneity=0.0022 body=0.00000 bowel=0.01240 femur=0.00000
2026-05-25 15:36:55 [INFO] Step 25/54 Loss=19.7149 mse=0.2388 v_opt=0.00388 v_mand=0.00000 ptv=0.0602 ptv_max=0.00047 global_ceil=0.01510 ring=0.00000 smooth=0.0073 laplacian=0.0174 beam=0.48325 homogeneity=0.0065 body=0.00000 bowel=0.00000 femur=0.00046
2026-05-25 15:37:00 [INFO] Step 30/54 Loss=19.9915 mse=0.3415 v_opt=0.03559 v_mand=0.00526 ptv=0.0337 ptv_max=0.00054 global_ceil=0.01035 ring=0.00002 smooth=0.0090 laplacian=0.0219 beam=0.38784 homogeneity=0.0050 body=0.00000 bowel=0.00069 femur=0.02579
2026-05-25 15:37:06 [INFO] Step 35/54 Loss=14.1362 mse=0.2676 v_opt=0.00356 v_mand=0.00000 ptv=0.0867 ptv_max=0.00000 global_ceil=0.00000 ring=0.00000 smooth=0.0048 laplacian=0.0101 beam=0.25827 homogeneity=0.0029 body=0.00000 bowel=0.00000 femur=0.00000
2026-05-25 15:37:11 [INFO] Step 40/54 Loss=5.6280 mse=0.1160 v_opt=0.00281 v_mand=0.00000 ptv=0.0855 ptv_max=0.00001 global_ceil=0.00126 ring=0.00000 smooth=0.0066 laplacian=0.0150 beam=0.06646 homogeneity=0.0030 body=0.00000 bowel=0.00000 femur=0.00000
2026-05-25 15:37:18 [INFO] Step 45/54 Loss=3.8410 mse=0.0932 v_opt=0.00112 v_mand=0.00000 ptv=0.0794 ptv_max=0.00001 global_ceil=0.00048 ring=0.00000 smooth=0.0056 laplacian=0.0121 beam=0.02172 homogeneity=0.0040 body=0.00000 bowel=0.00000 femur=0.00000
2026-05-25 15:37:23 [INFO] Step 50/54 Loss=13.4097 mse=0.3175 v_opt=0.01528 v_mand=0.00049 ptv=0.0510 ptv_max=0.00005 global_ceil=0.00134 ring=0.00000 smooth=0.0073 laplacian=0.0149 beam=0.17399 homogeneity=0.0026 body=0.00000 bowel=0.02301 femur=0.00046
2026-05-25 15:37:28 [INFO] Step 54/54 Loss=11.6844 mse=0.1742 v_opt=0.02720 v_mand=0.00319 ptv=0.0464 ptv_max=0.00019 global_ceil=0.00252 ring=0.00000 smooth=0.0092 laplacian=0.0207 beam=0.25242 homogeneity=0.0036 body=0.00000 bowel=0.00000 femur=0.00000
2026-05-25 15:37:28 [INFO] Running validation at epoch 145...
2026-05-25 15:37:55 [INFO] Epoch 145 Summary: Train=13.8447 Val=0.0131 (MSE=0.0131)
          Metrics: PTV_D95=54.17Gy Bladder=28.53Gy Rectum=24.24Gy
          Metrics: Ring=46.69Gy Dmax=140.44Gy BG=26.09Gy
2026-05-25 15:37:55 [INFO] Epoch 146/300 [FULL PHYSICS] ramp=1.000 lr=5.31e-05
2026-05-25 15:38:01 [INFO] Step 5/54 Loss=12.2511 mse=0.2699 v_opt=0.01419 v_mand=0.00000 ptv=0.0824 ptv_max=0.00000 global_ceil=0.00120 ring=0.00000 smooth=0.0096 laplacian=0.0227 beam=0.17710 homogeneity=0.0020 body=0.00000 bowel=0.00000 femur=0.00000
2026-05-25 15:38:06 [INFO] Step 10/54 Loss=12.8085 mse=0.1472 v_opt=0.02142 v_mand=0.00001 ptv=0.1205 ptv_max=0.00000 global_ceil=0.00059 ring=0.00000 smooth=0.0080 laplacian=0.0174 beam=0.30600 homogeneity=0.0053 body=0.00000 bowel=0.00000 femur=0.00000
2026-05-25 15:38:13 [INFO] Step 15/54 Loss=11.6753 mse=0.1381 v_opt=0.01097 v_mand=0.00000 ptv=0.0880 ptv_max=0.00001 global_ceil=0.00063 ring=0.00000 smooth=0.0064 laplacian=0.0146 beam=0.28511 homogeneity=0.0041 body=0.00000 bowel=0.00000 femur=0.00000
2026-05-25 15:38:17 [INFO] Step 20/54 Loss=7.8197 mse=0.1567 v_opt=0.02073 v_mand=0.00117 ptv=0.0582 ptv_max=0.00005 global_ceil=0.00157 ring=0.00000 smooth=0.0091 laplacian=0.0207 beam=0.11818 homogeneity=0.0033 body=0.00000 bowel=0.00000 femur=0.00000
2026-05-25 15:38:25 [INFO] Step 25/54 Loss=14.3118 mse=0.3622 v_opt=0.06501 v_mand=0.00792 ptv=0.0306 ptv_max=0.00037 global_ceil=0.00822 ring=0.00000 smooth=0.0049 laplacian=0.0112 beam=0.15299 homogeneity=0.0037 body=0.00000 bowel=0.00000 femur=0.00000
2026-05-25 15:38:29 [INFO] Step 30/54 Loss=5.8582 mse=0.1227 v_opt=0.00239 v_mand=0.00007 ptv=0.0566 ptv_max=0.00013 global_ceil=0.00114 ring=0.00000 smooth=0.0080 laplacian=0.0175 beam=0.07905 homogeneity=0.0034 body=0.00000 bowel=0.00000 femur=0.00000
2026-05-25 15:38:36 [INFO] Step 35/54 Loss=21.4336 mse=0.1998 v_opt=0.02731 v_mand=0.00194 ptv=0.0895 ptv_max=0.00000 global_ceil=0.03053 ring=0.00000 smooth=0.0217 laplacian=0.0575 beam=0.53985 homogeneity=0.0030 body=0.00000 bowel=0.00000 femur=0.00000
2026-05-25 15:38:41 [INFO] Step 40/54 Loss=16.0210 mse=0.2122 v_opt=0.01609 v_mand=0.00048 ptv=0.0994 ptv_max=0.00000 global_ceil=0.00063 ring=0.00000 smooth=0.0125 laplacian=0.0292 beam=0.37538 homogeneity=0.0038 body=0.00000 bowel=0.00109 femur=0.00000
2026-05-25 15:38:47 [INFO] Step 45/54 Loss=7.3506 mse=0.1112 v_opt=0.00177 v_mand=0.00000 ptv=0.0798 ptv_max=0.00000 global_ceil=0.00002 ring=0.00000 smooth=0.0054 laplacian=0.0118 beam=0.14579 homogeneity=0.0029 body=0.00000 bowel=0.00000 femur=0.00000
2026-05-25 15:38:53 [INFO] Step 50/54 Loss=18.7774 mse=0.2638 v_opt=0.00000 v_mand=0.00000 ptv=0.0595 ptv_max=0.00003 global_ceil=0.00010 ring=0.00000 smooth=0.0159 laplacian=0.0390 beam=0.43519 homogeneity=0.0021 body=0.00000 bowel=0.02975 femur=0.00000
2026-05-25 15:38:57 [INFO] Step 54/54 Loss=11.0057 mse=0.1171 v_opt=0.00806 v_mand=0.00000 ptv=0.0537 ptv_max=0.00012 global_ceil=0.00017 ring=0.00000 smooth=0.0046 laplacian=0.0099 beam=0.29490 homogeneity=0.0035 body=0.00000 bowel=0.00003 femur=0.00000
2026-05-25 15:38:58 [INFO] Running validation at epoch 146...
2026-05-25 15:39:24 [INFO] Epoch 146 Summary: Train=13.1343 Val=0.0131 (MSE=0.0131)
          Metrics: PTV_D95=56.05Gy Bladder=29.37Gy Rectum=23.70Gy
          Metrics: Ring=48.14Gy Dmax=130.36Gy BG=26.13Gy
2026-05-25 15:39:24 [INFO] Epoch 147/300 [FULL PHYSICS] ramp=1.000 lr=5.26e-05
2026-05-25 15:39:32 [INFO] Step 5/54 Loss=12.0782 mse=0.1455 v_opt=0.05993 v_mand=0.01612 ptv=0.0466 ptv_max=0.00029 global_ceil=0.00165 ring=0.00000 smooth=0.0058 laplacian=0.0123 beam=0.26726 homogeneity=0.0054 body=0.00000 bowel=0.00430 femur=0.00000
2026-05-25 15:39:37 [INFO] Step 10/54 Loss=13.1192 mse=0.1238 v_opt=0.02411 v_mand=0.00514 ptv=0.0313 ptv_max=0.00127 global_ceil=0.02296 ring=0.00000 smooth=0.0054 laplacian=0.0119 beam=0.31059 homogeneity=0.0074 body=0.00000 bowel=0.00602 femur=0.00000
2026-05-25 15:39:44 [INFO] Step 15/54 Loss=9.3016 mse=0.0341 v_opt=0.00000 v_mand=0.00000 ptv=0.0000 ptv_max=0.00000 global_ceil=0.00551 ring=0.00000 smooth=0.0047 laplacian=0.0119 beam=0.32440 homogeneity=0.0000 body=0.00000 bowel=0.00000 femur=0.00000
2026-05-25 15:39:49 [INFO] Step 20/54 Loss=11.9703 mse=0.2281 v_opt=0.03763 v_mand=0.00394 ptv=0.0750 ptv_max=0.00003 global_ceil=0.00408 ring=0.00000 smooth=0.0087 laplacian=0.0198 beam=0.19447 homogeneity=0.0033 body=0.00000 bowel=0.00000 femur=0.00000
2026-05-25 15:39:55 [INFO] Step 25/54 Loss=20.2122 mse=0.2596 v_opt=0.01717 v_mand=0.00079 ptv=0.0351 ptv_max=0.00039 global_ceil=0.02031 ring=0.00000 smooth=0.0078 laplacian=0.0192 beam=0.48230 homogeneity=0.0031 body=0.00000 bowel=0.00000 femur=0.00000
2026-05-25 15:40:00 [INFO] Step 30/54 Loss=4.7122 mse=0.1386 v_opt=0.01739 v_mand=0.00000 ptv=0.0689 ptv_max=0.00001 global_ceil=0.00000 ring=0.00000 smooth=0.0040 laplacian=0.0089 beam=0.01718 homogeneity=0.0022 body=0.00000 bowel=0.00000 femur=0.00000
2026-05-25 15:40:06 [INFO] Step 35/54 Loss=17.5018 mse=0.2073 v_opt=0.00468 v_mand=0.00000 ptv=0.0169 ptv_max=0.00104 global_ceil=0.02861 ring=0.00000 smooth=0.0075 laplacian=0.0194 beam=0.41352 homogeneity=0.0055 body=0.00000 bowel=0.00000 femur=0.00000
2026-05-25 15:40:12 [INFO] Step 40/54 Loss=17.8521 mse=0.3331 v_opt=0.01884 v_mand=0.00045 ptv=0.0433 ptv_max=0.00014 global_ceil=0.00155 ring=0.00000 smooth=0.0090 laplacian=0.0214 beam=0.34394 homogeneity=0.0031 body=0.00000 bowel=0.01034 femur=0.00000
2026-05-25 15:40:19 [INFO] Step 45/54 Loss=22.4601 mse=0.2252 v_opt=0.01246 v_mand=0.00000 ptv=0.0514 ptv_max=0.00010 global_ceil=0.14205 ring=0.00000 smooth=0.0073 laplacian=0.0162 beam=0.36082 homogeneity=0.0023 body=0.00000 bowel=0.00000 femur=0.00187
2026-05-25 15:40:23 [INFO] Step 50/54 Loss=16.4461 mse=0.2032 v_opt=0.04644 v_mand=0.00624 ptv=0.0764 ptv_max=0.00001 global_ceil=0.00003 ring=0.00000 smooth=0.0109 laplacian=0.0276 beam=0.40017 homogeneity=0.0020 body=0.00000 bowel=0.00000 femur=0.00000
2026-05-25 15:40:28 [INFO] Step 54/54 Loss=12.8805 mse=0.2810 v_opt=0.00881 v_mand=0.00009 ptv=0.0741 ptv_max=0.00001 global_ceil=0.00059 ring=0.00000 smooth=0.0091 laplacian=0.0206 beam=0.19553 homogeneity=0.0023 body=0.00000 bowel=0.00000 femur=0.00144
2026-05-25 15:40:28 [INFO] Running validation at epoch 147...
2026-05-25 15:40:55 [INFO] Epoch 147 Summary: Train=14.5791 Val=0.0130 (MSE=0.0130)
          Metrics: PTV_D95=52.88Gy Bladder=27.95Gy Rectum=23.97Gy
          Metrics: Ring=46.17Gy Dmax=130.76Gy BG=26.03Gy
2026-05-25 15:40:55 [INFO] Epoch 148/300 [FULL PHYSICS] ramp=1.000 lr=5.21e-05
2026-05-25 15:41:03 [INFO] Step 5/54 Loss=17.6308 mse=0.2830 v_opt=0.03977 v_mand=0.00548 ptv=0.0618 ptv_max=0.00002 global_ceil=0.00157 ring=0.00000 smooth=0.0053 laplacian=0.0119 beam=0.37610 homogeneity=0.0018 body=0.00000 bowel=0.00000 femur=0.00000
2026-05-25 15:41:08 [INFO] Step 10/54 Loss=15.5214 mse=0.3060 v_opt=0.06564 v_mand=0.01806 ptv=0.0483 ptv_max=0.00002 global_ceil=0.00050 ring=0.00000 smooth=0.0060 laplacian=0.0136 beam=0.24252 homogeneity=0.0021 body=0.00000 bowel=0.00936 femur=0.00051
2026-05-25 15:41:14 [INFO] Step 15/54 Loss=13.1906 mse=0.2082 v_opt=0.01273 v_mand=0.00051 ptv=0.0305 ptv_max=0.00011 global_ceil=0.00049 ring=0.00000 smooth=0.0053 laplacian=0.0119 beam=0.29892 homogeneity=0.0026 body=0.00000 bowel=0.00000 femur=0.00000
2026-05-25 15:41:20 [INFO] Step 20/54 Loss=8.0324 mse=0.2216 v_opt=0.01585 v_mand=0.00000 ptv=0.0527 ptv_max=0.00004 global_ceil=0.00197 ring=0.00000 smooth=0.0063 laplacian=0.0148 beam=0.06831 homogeneity=0.0021 body=0.00000 bowel=0.00000 femur=0.00000
2026-05-25 15:41:25 [INFO] Step 25/54 Loss=11.0824 mse=0.1449 v_opt=0.03022 v_mand=0.00463 ptv=0.0837 ptv_max=0.00001 global_ceil=0.00919 ring=0.00000 smooth=0.0156 laplacian=0.0354 beam=0.22360 homogeneity=0.0044 body=0.00000 bowel=0.00000 femur=0.00000
2026-05-25 15:41:32 [INFO] Step 30/54 Loss=9.7383 mse=0.0871 v_opt=0.03331 v_mand=0.00499 ptv=0.0744 ptv_max=0.00004 global_ceil=0.00001 ring=0.00000 smooth=0.0047 laplacian=0.0101 beam=0.24049 homogeneity=0.0048 body=0.00000 bowel=0.02200 femur=0.00000
2026-05-25 15:41:37 [INFO] Step 35/54 Loss=3.4642 mse=0.0218 v_opt=0.00063 v_mand=0.00003 ptv=0.0462 ptv_max=0.00003 global_ceil=0.00001 ring=0.00000 smooth=0.0025 laplacian=0.0060 beam=0.09497 homogeneity=0.0022 body=0.00000 bowel=0.00000 femur=0.00000
2026-05-25 15:41:44 [INFO] Step 40/54 Loss=13.9395 mse=0.0979 v_opt=0.00000 v_mand=0.00000 ptv=0.1062 ptv_max=0.00000 global_ceil=0.00001 ring=0.00000 smooth=0.0076 laplacian=0.0173 beam=0.40835 homogeneity=0.0063 body=0.00000 bowel=0.00000 femur=0.00000
2026-05-25 15:41:49 [INFO] Step 45/54 Loss=18.9354 mse=0.2940 v_opt=0.06802 v_mand=0.01999 ptv=0.0858 ptv_max=0.00002 global_ceil=0.00556 ring=0.00002 smooth=0.0074 laplacian=0.0154 beam=0.36382 homogeneity=0.0043 body=0.00000 bowel=0.00303 femur=0.00000
2026-05-25 15:41:55 [INFO] Step 50/54 Loss=9.6905 mse=0.0979 v_opt=0.02616 v_mand=0.00262 ptv=0.0535 ptv_max=0.00008 global_ceil=0.00011 ring=0.00000 smooth=0.0050 laplacian=0.0112 beam=0.23880 homogeneity=0.0034 body=0.00000 bowel=0.02735 femur=0.00000
2026-05-25 15:42:00 [INFO] Step 54/54 Loss=8.6374 mse=0.2538 v_opt=0.00011 v_mand=0.00000 ptv=0.0641 ptv_max=0.00034 global_ceil=0.00610 ring=0.00000 smooth=0.0060 laplacian=0.0141 beam=0.04208 homogeneity=0.0083 body=0.00000 bowel=0.00000 femur=0.00000
2026-05-25 15:42:00 [INFO] Running validation at epoch 148...
2026-05-25 15:42:27 [INFO] Epoch 148 Summary: Train=12.4735 Val=0.0125 (MSE=0.0125)
          Metrics: PTV_D95=53.36Gy Bladder=27.03Gy Rectum=23.17Gy
          Metrics: Ring=46.37Gy Dmax=144.40Gy BG=25.53Gy
2026-05-25 15:42:27 [INFO] [DIAGNOSTIC] Saved fallback model MSE=0.0125
2026-05-25 15:42:27 [INFO] Epoch 149/300 [FULL PHYSICS] ramp=1.000 lr=5.15e-05
2026-05-25 15:42:34 [INFO] Step 5/54 Loss=22.0064 mse=0.2860 v_opt=0.00190 v_mand=0.00000 ptv=0.0590 ptv_max=0.00028 global_ceil=0.04249 ring=0.00002 smooth=0.0091 laplacian=0.0219 beam=0.47596 homogeneity=0.0039 body=0.00000 bowel=0.00000 femur=0.00000
2026-05-25 15:42:39 [INFO] Step 10/54 Loss=7.2268 mse=0.1212 v_opt=0.02030 v_mand=0.00176 ptv=0.0327 ptv_max=0.00017 global_ceil=0.00820 ring=0.00000 smooth=0.0062 laplacian=0.0138 beam=0.12727 homogeneity=0.0025 body=0.00000 bowel=0.00000 femur=0.00000
2026-05-25 15:42:46 [INFO] Step 15/54 Loss=6.8612 mse=0.1696 v_opt=0.02242 v_mand=0.00089 ptv=0.0597 ptv_max=0.00004 global_ceil=0.00106 ring=0.00000 smooth=0.0045 laplacian=0.0095 beam=0.07045 homogeneity=0.0032 body=0.00000 bowel=0.00000 femur=0.00000
2026-05-25 15:42:51 [INFO] Step 20/54 Loss=14.4147 mse=0.1762 v_opt=0.00779 v_mand=0.00000 ptv=0.0404 ptv_max=0.00014 global_ceil=0.00026 ring=0.00000 smooth=0.0044 laplacian=0.0098 beam=0.37803 homogeneity=0.0026 body=0.00000 bowel=0.00000 femur=0.00000
2026-05-25 15:42:57 [INFO] Step 25/54 Loss=11.8324 mse=0.1249 v_opt=0.00000 v_mand=0.00000 ptv=0.1109 ptv_max=0.00009 global_ceil=0.00182 ring=0.00000 smooth=0.0049 laplacian=0.0114 beam=0.28896 homogeneity=0.0105 body=0.00000 bowel=0.00000 femur=0.00000
2026-05-25 15:43:02 [INFO] Step 30/54 Loss=15.7857 mse=0.2519 v_opt=0.01525 v_mand=0.00024 ptv=0.0591 ptv_max=0.00001 global_ceil=0.02800 ring=0.00000 smooth=0.0084 laplacian=0.0190 beam=0.29261 homogeneity=0.0017 body=0.00000 bowel=0.00000 femur=0.00000
2026-05-25 15:43:09 [INFO] Step 35/54 Loss=8.7577 mse=0.1259 v_opt=0.00753 v_mand=0.00023 ptv=0.0682 ptv_max=0.00001 global_ceil=0.00244 ring=0.00000 smooth=0.0050 laplacian=0.0105 beam=0.18648 homogeneity=0.0030 body=0.00000 bowel=0.00000 femur=0.00000
2026-05-25 15:43:13 [INFO] Step 40/54 Loss=15.1158 mse=0.2511 v_opt=0.02225 v_mand=0.00156 ptv=0.0534 ptv_max=0.00007 global_ceil=0.00190 ring=0.00000 smooth=0.0048 laplacian=0.0105 beam=0.31315 homogeneity=0.0030 body=0.00000 bowel=0.00858 femur=0.00000
2026-05-25 15:43:20 [INFO] Step 45/54 Loss=12.1338 mse=0.1794 v_opt=0.00966 v_mand=0.00026 ptv=0.0483 ptv_max=0.00017 global_ceil=0.00065 ring=0.00000 smooth=0.0061 laplacian=0.0137 beam=0.27674 homogeneity=0.0041 body=0.00000 bowel=0.00000 femur=0.00000
2026-05-25 15:43:25 [INFO] Step 50/54 Loss=21.5436 mse=0.4029 v_opt=0.01945 v_mand=0.00034 ptv=0.0406 ptv_max=0.00017 global_ceil=0.00174 ring=0.00000 smooth=0.0070 laplacian=0.0164 beam=0.42462 homogeneity=0.0027 body=0.00000 bowel=0.00916 femur=0.00000
2026-05-25 15:43:29 [INFO] Step 54/54 Loss=24.0745 mse=0.3904 v_opt=0.03574 v_mand=0.00476 ptv=0.0655 ptv_max=0.00001 global_ceil=0.00047 ring=0.00000 smooth=0.0079 laplacian=0.0181 beam=0.52678 homogeneity=0.0025 body=0.00000 bowel=0.00031 femur=0.00015
2026-05-25 15:43:29 [INFO] Running validation at epoch 149...
2026-05-25 15:43:56 [INFO] Epoch 149 Summary: Train=13.8668 Val=0.0127 (MSE=0.0127)
          Metrics: PTV_D95=54.77Gy Bladder=29.38Gy Rectum=26.97Gy
          Metrics: Ring=47.21Gy Dmax=131.60Gy BG=25.61Gy
2026-05-25 15:43:56 [INFO] Epoch 150/300 [FULL PHYSICS] ramp=1.000 lr=5.10e-05
2026-05-25 15:44:03 [INFO] Step 5/54 Loss=13.5038 mse=0.2130 v_opt=0.00785 v_mand=0.00000 ptv=0.0625 ptv_max=0.00006 global_ceil=0.01604 ring=0.00001 smooth=0.0061 laplacian=0.0127 beam=0.23542 homogeneity=0.0028 body=0.00000 bowel=0.04773 femur=0.00000
2026-05-25 15:44:08 [INFO] Step 10/54 Loss=12.8676 mse=0.1491 v_opt=0.02363 v_mand=0.00024 ptv=0.0679 ptv_max=0.00001 global_ceil=0.00034 ring=0.00000 smooth=0.0079 laplacian=0.0186 beam=0.33004 homogeneity=0.0015 body=0.00000 bowel=0.00000 femur=0.00000
2026-05-25 15:44:14 [INFO] Step 15/54 Loss=11.8476 mse=0.3773 v_opt=0.00046 v_mand=0.00000 ptv=0.0700 ptv_max=0.00000 global_ceil=0.00888 ring=0.00000 smooth=0.0045 laplacian=0.0109 beam=0.03522 homogeneity=0.0017 body=0.00000 bowel=0.01956 femur=0.00024
2026-05-25 15:44:20 [INFO] Step 20/54 Loss=15.8318 mse=0.1741 v_opt=0.00695 v_mand=0.00016 ptv=0.0547 ptv_max=0.00011 global_ceil=0.00732 ring=0.00000 smooth=0.0060 laplacian=0.0148 beam=0.40465 homogeneity=0.0040 body=0.00000 bowel=0.01670 femur=0.00000
2026-05-25 15:44:26 [INFO] Step 25/54 Loss=10.7374 mse=0.1674 v_opt=0.00761 v_mand=0.00013 ptv=0.0326 ptv_max=0.00036 global_ceil=0.00249 ring=0.00000 smooth=0.0060 laplacian=0.0130 beam=0.23459 homogeneity=0.0045 body=0.00000 bowel=0.00000 femur=0.00000
2026-05-25 15:44:31 [INFO] Step 30/54 Loss=9.3763 mse=0.1657 v_opt=0.01367 v_mand=0.00011 ptv=0.0621 ptv_max=0.00002 global_ceil=0.00000 ring=0.00000 smooth=0.0035 laplacian=0.0074 beam=0.17872 homogeneity=0.0035 body=0.00000 bowel=0.00000 femur=0.00000
2026-05-25 15:44:38 [INFO] Step 35/54 Loss=3.7826 mse=0.0692 v_opt=0.01121 v_mand=0.00029 ptv=0.0899 ptv_max=0.00000 global_ceil=0.00018 ring=0.00000 smooth=0.0041 laplacian=0.0085 beam=0.03942 homogeneity=0.0038 body=0.00000 bowel=0.00000 femur=0.00000
2026-05-25 15:44:43 [INFO] Step 40/54 Loss=13.8726 mse=0.2375 v_opt=0.03685 v_mand=0.00672 ptv=0.0648 ptv_max=0.00003 global_ceil=0.00629 ring=0.00000 smooth=0.0069 laplacian=0.0167 beam=0.25661 homogeneity=0.0026 body=0.00000 bowel=0.00010 femur=0.00000
2026-05-25 15:44:50 [INFO] Step 45/54 Loss=6.7506 mse=0.2031 v_opt=0.01058 v_mand=0.00000 ptv=0.0554 ptv_max=0.00002 global_ceil=0.00058 ring=0.00000 smooth=0.0053 laplacian=0.0110 beam=0.03821 homogeneity=0.0024 body=0.00000 bowel=0.00016 femur=0.00000
2026-05-25 15:44:55 [INFO] Step 50/54 Loss=20.5591 mse=0.3908 v_opt=0.02205 v_mand=0.00107 ptv=0.0143 ptv_max=0.00111 global_ceil=0.00420 ring=0.00000 smooth=0.0101 laplacian=0.0229 beam=0.39690 homogeneity=0.0062 body=0.00000 bowel=0.00000 femur=0.00000
2026-05-25 15:45:00 [INFO] Step 54/54 Loss=14.5235 mse=0.2084 v_opt=0.01097 v_mand=0.00034 ptv=0.0410 ptv_max=0.00020 global_ceil=0.00228 ring=0.00000 smooth=0.0087 laplacian=0.0211 beam=0.33914 homogeneity=0.0038 body=0.00000 bowel=0.00335 femur=0.00000
2026-05-25 15:45:00 [INFO] Running validation at epoch 150...
2026-05-25 15:45:27 [INFO] Epoch 150 Summary: Train=12.9282 Val=0.0126 (MSE=0.0126)
          Metrics: PTV_D95=53.79Gy Bladder=26.57Gy Rectum=23.73Gy
          Metrics: Ring=45.95Gy Dmax=172.90Gy BG=25.46Gy
2026-05-25 15:45:27 [INFO] Epoch 151/300 [FULL PHYSICS] ramp=1.000 lr=5.05e-05
2026-05-25 15:45:33 [INFO] Step 5/54 Loss=14.7712 mse=0.1775 v_opt=0.01737 v_mand=0.00005 ptv=0.0696 ptv_max=0.00002 global_ceil=0.00082 ring=0.00000 smooth=0.0061 laplacian=0.0141 beam=0.37555 homogeneity=0.0043 body=0.00000 bowel=0.00038 femur=0.00000
2026-05-25 15:45:39 [INFO] Step 10/54 Loss=20.4948 mse=0.3025 v_opt=0.02532 v_mand=0.00002 ptv=0.0561 ptv_max=0.00005 global_ceil=0.00743 ring=0.00000 smooth=0.0099 laplacian=0.0239 beam=0.47047 homogeneity=0.0025 body=0.00000 bowel=0.00001 femur=0.00000
2026-05-25 15:45:45 [INFO] Step 15/54 Loss=13.0408 mse=0.1416 v_opt=0.10837 v_mand=0.02269 ptv=0.0472 ptv_max=0.00004 global_ceil=0.00392 ring=0.00000 smooth=0.0060 laplacian=0.0135 beam=0.29458 homogeneity=0.0019 body=0.00000 bowel=0.00000 femur=0.00000
2026-05-25 15:45:51 [INFO] Step 20/54 Loss=20.5604 mse=0.2358 v_opt=0.00000 v_mand=0.00000 ptv=0.0599 ptv_max=0.00001 global_ceil=0.00442 ring=0.00000 smooth=0.0129 laplacian=0.0356 beam=0.54457 homogeneity=0.0019 body=0.00000 bowel=0.00000 femur=0.00000
2026-05-25 15:45:57 [INFO] Step 25/54 Loss=11.0599 mse=0.2383 v_opt=0.00038 v_mand=0.00000 ptv=0.0516 ptv_max=0.00003 global_ceil=0.00160 ring=0.00000 smooth=0.0088 laplacian=0.0201 beam=0.17386 homogeneity=0.0019 body=0.00000 bowel=0.00056 femur=0.00000
2026-05-25 15:46:02 [INFO] Step 30/54 Loss=19.4399 mse=0.4062 v_opt=0.00222 v_mand=0.00000 ptv=0.0334 ptv_max=0.00068 global_ceil=0.01838 ring=0.00000 smooth=0.0054 laplacian=0.0130 beam=0.28528 homogeneity=0.0050 body=0.00000 bowel=0.02819 femur=0.01997
2026-05-25 15:46:09 [INFO] Step 35/54 Loss=8.4780 mse=0.0919 v_opt=0.00961 v_mand=0.00047 ptv=0.0514 ptv_max=0.00023 global_ceil=0.00080 ring=0.00000 smooth=0.0047 laplacian=0.0099 beam=0.21587 homogeneity=0.0050 body=0.00000 bowel=0.00000 femur=0.00000
2026-05-25 15:46:14 [INFO] Step 40/54 Loss=5.9157 mse=0.1732 v_opt=0.02068 v_mand=0.00359 ptv=0.0407 ptv_max=0.00016 global_ceil=0.00010 ring=0.00000 smooth=0.0096 laplacian=0.0217 beam=0.02941 homogeneity=0.0037 body=0.00000 bowel=0.00000 femur=0.00000
2026-05-25 15:46:20 [INFO] Step 45/54 Loss=4.7002 mse=0.1280 v_opt=0.00722 v_mand=0.00000 ptv=0.0700 ptv_max=0.00001 global_ceil=0.00004 ring=0.00000 smooth=0.0046 laplacian=0.0100 beam=0.02691 homogeneity=0.0027 body=0.00000 bowel=0.00000 femur=0.00000
2026-05-25 15:46:25 [INFO] Step 50/54 Loss=15.1965 mse=0.2168 v_opt=0.03372 v_mand=0.00095 ptv=0.0397 ptv_max=0.00058 global_ceil=0.01643 ring=0.00000 smooth=0.0081 laplacian=0.0188 beam=0.32613 homogeneity=0.0051 body=0.00000 bowel=0.00000 femur=0.00000
2026-05-25 15:46:30 [INFO] Step 54/54 Loss=21.0441 mse=0.2806 v_opt=0.01629 v_mand=0.00049 ptv=0.0487 ptv_max=0.00013 global_ceil=0.00333 ring=0.00000 smooth=0.0093 laplacian=0.0214 beam=0.52487 homogeneity=0.0030 body=0.00000 bowel=0.00000 femur=0.00000
2026-05-25 15:46:30 [INFO] Running validation at epoch 151...
2026-05-25 15:46:57 [INFO] Epoch 151 Summary: Train=11.9514 Val=0.0119 (MSE=0.0119)
          Metrics: PTV_D95=54.01Gy Bladder=29.20Gy Rectum=25.67Gy
          Metrics: Ring=45.95Gy Dmax=183.44Gy BG=24.83Gy
2026-05-25 15:46:57 [INFO] [DIAGNOSTIC] Saved fallback model MSE=0.0119
2026-05-25 15:46:57 [INFO] Epoch 152/300 [FULL PHYSICS] ramp=1.000 lr=5.00e-05
2026-05-25 15:47:04 [INFO] Step 5/54 Loss=6.0227 mse=0.1814 v_opt=0.01869 v_mand=0.00063 ptv=0.0605 ptv_max=0.00006 global_ceil=0.00067 ring=0.00000 smooth=0.0058 laplacian=0.0132 beam=0.02551 homogeneity=0.0031 body=0.00000 bowel=0.00000 femur=0.00000
2026-05-25 15:47:09 [INFO] Step 10/54 Loss=20.6137 mse=0.2576 v_opt=0.03052 v_mand=0.00335 ptv=0.0768 ptv_max=0.00006 global_ceil=0.00161 ring=0.00000 smooth=0.0052 laplacian=0.0116 beam=0.51830 homogeneity=0.0032 body=0.00000 bowel=0.00000 femur=0.00009
2026-05-25 15:47:16 [INFO] Step 15/54 Loss=15.2827 mse=0.2024 v_opt=0.00003 v_mand=0.00000 ptv=0.0301 ptv_max=0.00024 global_ceil=0.00040 ring=0.00000 smooth=0.0050 laplacian=0.0115 beam=0.38980 homogeneity=0.0030 body=0.00000 bowel=0.00000 femur=0.00000
2026-05-25 15:47:20 [INFO] Step 20/54 Loss=11.9419 mse=0.2582 v_opt=0.00613 v_mand=0.00005 ptv=0.0666 ptv_max=0.00011 global_ceil=0.00398 ring=0.00000 smooth=0.0085 laplacian=0.0193 beam=0.17681 homogeneity=0.0032 body=0.00000 bowel=0.00007 femur=0.00000
2026-05-25 15:47:28 [INFO] Step 25/54 Loss=13.9009 mse=0.2272 v_opt=0.01228 v_mand=0.00035 ptv=0.0484 ptv_max=0.00009 global_ceil=0.01575 ring=0.00000 smooth=0.0073 laplacian=0.0160 beam=0.26972 homogeneity=0.0031 body=0.00000 bowel=0.00000 femur=0.00000
2026-05-25 15:47:32 [INFO] Step 30/54 Loss=10.2550 mse=0.1490 v_opt=0.00169 v_mand=0.00000 ptv=0.0507 ptv_max=0.00007 global_ceil=0.00162 ring=0.00000 smooth=0.0051 laplacian=0.0112 beam=0.23271 homogeneity=0.0025 body=0.00000 bowel=0.00000 femur=0.00000
2026-05-25 15:47:40 [INFO] Step 35/54 Loss=22.1515 mse=0.3280 v_opt=0.06897 v_mand=0.01657 ptv=0.0393 ptv_max=0.00026 global_ceil=0.00161 ring=0.00000 smooth=0.0072 laplacian=0.0173 beam=0.44844 homogeneity=0.0038 body=0.00000 bowel=0.07280 femur=0.00000
2026-05-25 15:47:44 [INFO] Step 40/54 Loss=22.3249 mse=0.3411 v_opt=0.00000 v_mand=0.00000 ptv=0.0553 ptv_max=0.00048 global_ceil=0.07610 ring=0.00002 smooth=0.0119 laplacian=0.0275 beam=0.35863 homogeneity=0.0033 body=0.00000 bowel=0.01258 femur=0.00000
2026-05-25 15:47:51 [INFO] Step 45/54 Loss=11.7838 mse=0.1772 v_opt=0.02836 v_mand=0.00103 ptv=0.0558 ptv_max=0.00002 global_ceil=0.00012 ring=0.00000 smooth=0.0064 laplacian=0.0138 beam=0.26257 homogeneity=0.0020 body=0.00000 bowel=0.00000 femur=0.00000
2026-05-25 15:47:56 [INFO] Step 50/54 Loss=8.8429 mse=0.0501 v_opt=0.00002 v_mand=0.00000 ptv=0.0830 ptv_max=0.00000 global_ceil=0.00231 ring=0.00000 smooth=0.0061 laplacian=0.0134 beam=0.26052 homogeneity=0.0029 body=0.00000 bowel=0.00000 femur=0.00000
2026-05-25 15:48:01 [INFO] Step 54/54 Loss=7.9213 mse=0.2447 v_opt=0.00632 v_mand=0.00000 ptv=0.0515 ptv_max=0.00016 global_ceil=0.00053 ring=0.00000 smooth=0.0076 laplacian=0.0168 beam=0.04202 homogeneity=0.0040 body=0.00000 bowel=0.00000 femur=0.00037
2026-05-25 15:48:01 [INFO] Running validation at epoch 152...
2026-05-25 15:48:29 [INFO] Epoch 152 Summary: Train=12.8125 Val=0.0124 (MSE=0.0124)
          Metrics: PTV_D95=55.49Gy Bladder=28.20Gy Rectum=24.71Gy
          Metrics: Ring=46.89Gy Dmax=158.73Gy BG=25.25Gy
2026-05-25 15:48:29 [INFO] Epoch 153/300 [FULL PHYSICS] ramp=1.000 lr=4.95e-05
2026-05-25 15:48:35 [INFO] Step 5/54 Loss=17.0037 mse=0.2687 v_opt=0.04214 v_mand=0.00468 ptv=0.0312 ptv_max=0.00038 global_ceil=0.00954 ring=0.00000 smooth=0.0062 laplacian=0.0135 beam=0.35892 homogeneity=0.0037 body=0.00000 bowel=0.00000 femur=0.00006
2026-05-25 15:48:41 [INFO] Step 10/54 Loss=17.8488 mse=0.2508 v_opt=0.00545 v_mand=0.00000 ptv=0.0221 ptv_max=0.00067 global_ceil=0.04637 ring=0.00001 smooth=0.0081 laplacian=0.0189 beam=0.28267 homogeneity=0.0050 body=0.00000 bowel=0.06514 femur=0.06825
2026-05-25 15:48:47 [INFO] Step 15/54 Loss=12.1349 mse=0.2696 v_opt=0.00487 v_mand=0.00000 ptv=0.0673 ptv_max=0.00001 global_ceil=0.00040 ring=0.00000 smooth=0.0038 laplacian=0.0092 beam=0.18307 homogeneity=0.0021 body=0.00000 bowel=0.00146 femur=0.00000
2026-05-25 15:48:52 [INFO] Step 20/54 Loss=15.0690 mse=0.2564 v_opt=0.00901 v_mand=0.00000 ptv=0.0577 ptv_max=0.00006 global_ceil=0.00215 ring=0.00000 smooth=0.0065 laplacian=0.0153 beam=0.30502 homogeneity=0.0025 body=0.00000 bowel=0.01259 femur=0.00000
2026-05-25 15:48:58 [INFO] Step 25/54 Loss=11.0941 mse=0.1067 v_opt=0.02423 v_mand=0.00069 ptv=0.0566 ptv_max=0.00010 global_ceil=0.00194 ring=0.00000 smooth=0.0057 laplacian=0.0128 beam=0.30070 homogeneity=0.0039 body=0.00000 bowel=0.00000 femur=0.00000
2026-05-25 15:49:03 [INFO] Step 30/54 Loss=7.2660 mse=0.2337 v_opt=0.03630 v_mand=0.00562 ptv=0.0500 ptv_max=0.00006 global_ceil=0.00057 ring=0.00000 smooth=0.0050 laplacian=0.0114 beam=0.01687 homogeneity=0.0024 body=0.00000 bowel=0.00006 femur=0.00000
2026-05-25 15:49:10 [INFO] Step 35/54 Loss=4.3959 mse=0.1089 v_opt=0.00052 v_mand=0.00000 ptv=0.0697 ptv_max=0.00006 global_ceil=0.00008 ring=0.00000 smooth=0.0084 laplacian=0.0183 beam=0.03124 homogeneity=0.0041 body=0.00000 bowel=0.00000 femur=0.00000
2026-05-25 15:49:15 [INFO] Step 40/54 Loss=14.9035 mse=0.0954 v_opt=0.01378 v_mand=0.00030 ptv=0.2910 ptv_max=0.00000 global_ceil=0.00050 ring=0.00000 smooth=0.0101 laplacian=0.0233 beam=0.35050 homogeneity=0.0326 body=0.00000 bowel=0.00000 femur=0.00000
2026-05-25 15:49:20 [INFO] Step 45/54 Loss=10.6516 mse=0.0739 v_opt=0.01274 v_mand=0.00004 ptv=0.0347 ptv_max=0.00008 global_ceil=0.00296 ring=0.00000 smooth=0.0039 laplacian=0.0091 beam=0.32697 homogeneity=0.0023 body=0.00000 bowel=0.00000 femur=0.00000
2026-05-25 15:49:27 [INFO] Step 50/54 Loss=13.5661 mse=0.2956 v_opt=0.04229 v_mand=0.00707 ptv=0.0665 ptv_max=0.00009 global_ceil=0.00632 ring=0.00000 smooth=0.0119 laplacian=0.0259 beam=0.17997 homogeneity=0.0041 body=0.00000 bowel=0.00000 femur=0.00209
2026-05-25 15:49:32 [INFO] Step 54/54 Loss=20.2655 mse=0.3166 v_opt=0.04615 v_mand=0.00553 ptv=0.0559 ptv_max=0.00009 global_ceil=0.01714 ring=0.00000 smooth=0.0116 laplacian=0.0248 beam=0.41045 homogeneity=0.0037 body=0.00000 bowel=0.00000 femur=0.00830
2026-05-25 15:49:32 [INFO] Running validation at epoch 153...
2026-05-25 15:49:59 [INFO] Epoch 153 Summary: Train=11.9964 Val=0.0121 (MSE=0.0121)
          Metrics: PTV_D95=55.35Gy Bladder=30.93Gy Rectum=25.13Gy
          Metrics: Ring=47.50Gy Dmax=153.97Gy BG=25.07Gy
2026-05-25 15:49:59 [INFO] Epoch 154/300 [FULL PHYSICS] ramp=1.000 lr=4.89e-05
2026-05-25 15:50:06 [INFO] Step 5/54 Loss=15.5458 mse=0.4692 v_opt=0.02458 v_mand=0.00247 ptv=0.0476 ptv_max=0.00012 global_ceil=0.00188 ring=0.00000 smooth=0.0068 laplacian=0.0152 beam=0.11617 homogeneity=0.0025 body=0.00000 bowel=0.00001 femur=0.00185
2026-05-25 15:50:11 [INFO] Step 10/54 Loss=8.0019 mse=0.0685 v_opt=0.00328 v_mand=0.00001 ptv=0.0827 ptv_max=0.00001 global_ceil=0.00000 ring=0.00000 smooth=0.0039 laplacian=0.0085 beam=0.21228 homogeneity=0.0050 body=0.00000 bowel=0.00000 femur=0.00000
2026-05-25 15:50:17 [INFO] Step 15/54 Loss=13.9484 mse=0.1022 v_opt=0.00038 v_mand=0.00000 ptv=0.1240 ptv_max=0.00003 global_ceil=0.00231 ring=0.00000 smooth=0.0141 laplacian=0.0320 beam=0.38283 homogeneity=0.0144 body=0.00000 bowel=0.00000 femur=0.00000
2026-05-25 15:50:22 [INFO] Step 20/54 Loss=18.9141 mse=0.3957 v_opt=0.00087 v_mand=0.00000 ptv=0.0638 ptv_max=0.00003 global_ceil=0.00022 ring=0.00000 smooth=0.0051 laplacian=0.0123 beam=0.30989 homogeneity=0.0020 body=0.00000 bowel=0.03423 femur=0.00000
2026-05-25 15:50:29 [INFO] Step 25/54 Loss=14.2055 mse=0.3066 v_opt=0.02254 v_mand=0.00162 ptv=0.0330 ptv_max=0.00046 global_ceil=0.01122 ring=0.00000 smooth=0.0047 laplacian=0.0110 beam=0.21278 homogeneity=0.0037 body=0.00000 bowel=0.00000 femur=0.00000
2026-05-25 15:50:34 [INFO] Step 30/54 Loss=7.6906 mse=0.1291 v_opt=0.02123 v_mand=0.00102 ptv=0.0636 ptv_max=0.00004 global_ceil=0.00254 ring=0.00000 smooth=0.0049 laplacian=0.0099 beam=0.13955 homogeneity=0.0029 body=0.00000 bowel=0.00000 femur=0.00000
2026-05-25 15:50:40 [INFO] Step 35/54 Loss=5.0927 mse=0.1170 v_opt=0.01850 v_mand=0.00063 ptv=0.0867 ptv_max=0.00001 global_ceil=0.00025 ring=0.00000 smooth=0.0072 laplacian=0.0155 beam=0.04198 homogeneity=0.0043 body=0.00000 bowel=0.00000 femur=0.00000
2026-05-25 15:50:45 [INFO] Step 40/54 Loss=9.7654 mse=0.1072 v_opt=0.00672 v_mand=0.00000 ptv=0.0615 ptv_max=0.00003 global_ceil=0.00657 ring=0.00000 smooth=0.0055 laplacian=0.0118 beam=0.23967 homogeneity=0.0033 body=0.00000 bowel=0.00000 femur=0.00000
2026-05-25 15:50:52 [INFO] Step 45/54 Loss=16.1470 mse=0.2005 v_opt=0.01501 v_mand=0.00024 ptv=0.0300 ptv_max=0.00041 global_ceil=0.00808 ring=0.00000 smooth=0.0056 laplacian=0.0132 beam=0.40718 homogeneity=0.0038 body=0.00000 bowel=0.00000 femur=0.00000
2026-05-25 15:50:56 [INFO] Step 50/54 Loss=17.7081 mse=0.2183 v_opt=0.01668 v_mand=0.00084 ptv=0.0632 ptv_max=0.00002 global_ceil=0.18531 ring=0.00000 smooth=0.0069 laplacian=0.0159 beam=0.08409 homogeneity=0.0022 body=0.00000 bowel=0.00298 femur=0.00000
2026-05-25 15:51:01 [INFO] Step 54/54 Loss=19.5535 mse=0.2297 v_opt=0.00393 v_mand=0.00000 ptv=0.0482 ptv_max=0.00014 global_ceil=0.00036 ring=0.00000 smooth=0.0073 laplacian=0.0158 beam=0.52487 homogeneity=0.0037 body=0.00000 bowel=0.00000 femur=0.00000
2026-05-25 15:51:02 [INFO] Running validation at epoch 154...
2026-05-25 15:51:28 [INFO] Epoch 154 Summary: Train=12.8703 Val=0.0121 (MSE=0.0121)
          Metrics: PTV_D95=56.06Gy Bladder=28.63Gy Rectum=25.85Gy
          Metrics: Ring=47.63Gy Dmax=164.25Gy BG=25.01Gy
2026-05-25 15:51:28 [INFO] Epoch 155/300 [FULL PHYSICS] ramp=1.000 lr=4.84e-05
2026-05-25 15:51:35 [INFO] Step 5/54 Loss=13.5514 mse=0.1601 v_opt=0.03169 v_mand=0.00187 ptv=0.0976 ptv_max=0.00010 global_ceil=0.00169 ring=0.00000 smooth=0.0082 laplacian=0.0177 beam=0.29046 homogeneity=0.0115 body=0.00000 bowel=0.04861 femur=0.00000
2026-05-25 15:51:40 [INFO] Step 10/54 Loss=6.1115 mse=0.1781 v_opt=0.04351 v_mand=0.00475 ptv=0.0699 ptv_max=0.00001 global_ceil=0.00006 ring=0.00000 smooth=0.0053 laplacian=0.0113 beam=0.02074 homogeneity=0.0026 body=0.00000 bowel=0.00000 femur=0.00000
2026-05-25 15:51:47 [INFO] Step 15/54 Loss=17.7929 mse=0.2514 v_opt=0.00115 v_mand=0.00000 ptv=0.0340 ptv_max=0.00018 global_ceil=0.00065 ring=0.00000 smooth=0.0061 laplacian=0.0145 beam=0.43885 homogeneity=0.0028 body=0.00000 bowel=0.00000 femur=0.00000
2026-05-25 15:51:52 [INFO] Step 20/54 Loss=5.1365 mse=0.0988 v_opt=0.00000 v_mand=0.00000 ptv=0.0896 ptv_max=0.00001 global_ceil=0.00004 ring=0.00000 smooth=0.0070 laplacian=0.0150 beam=0.06439 homogeneity=0.0038 body=0.00000 bowel=0.00000 femur=0.00000
2026-05-25 15:51:59 [INFO] Step 25/54 Loss=4.7974 mse=0.1100 v_opt=0.01240 v_mand=0.00001 ptv=0.0719 ptv_max=0.00002 global_ceil=0.00049 ring=0.00000 smooth=0.0112 laplacian=0.0252 beam=0.04279 homogeneity=0.0034 body=0.00000 bowel=0.00000 femur=0.00000
2026-05-25 15:52:03 [INFO] Step 30/54 Loss=4.3701 mse=0.1023 v_opt=0.01808 v_mand=0.00086 ptv=0.0568 ptv_max=0.00006 global_ceil=0.00061 ring=0.00000 smooth=0.0055 laplacian=0.0117 beam=0.03977 homogeneity=0.0033 body=0.00000 bowel=0.00000 femur=0.00000
2026-05-25 15:52:10 [INFO] Step 35/54 Loss=18.5962 mse=0.3608 v_opt=0.01385 v_mand=0.00057 ptv=0.0220 ptv_max=0.00119 global_ceil=0.03071 ring=0.00000 smooth=0.0067 laplacian=0.0162 beam=0.28052 homogeneity=0.0063 body=0.00000 bowel=0.01917 femur=0.00705
2026-05-25 15:52:15 [INFO] Step 40/54 Loss=7.2486 mse=0.1651 v_opt=0.01297 v_mand=0.00104 ptv=0.0639 ptv_max=0.00003 global_ceil=0.00024 ring=0.00000 smooth=0.0056 laplacian=0.0116 beam=0.09079 homogeneity=0.0027 body=0.00000 bowel=0.00000 femur=0.00000
2026-05-25 15:52:21 [INFO] Step 45/54 Loss=3.8235 mse=0.0991 v_opt=0.00002 v_mand=0.00000 ptv=0.0713 ptv_max=0.00002 global_ceil=0.00001 ring=0.00000 smooth=0.0056 laplacian=0.0124 beam=0.02020 homogeneity=0.0028 body=0.00000 bowel=0.00000 femur=0.00000
2026-05-25 15:52:26 [INFO] Step 50/54 Loss=7.4278 mse=0.2429 v_opt=0.00416 v_mand=0.00000 ptv=0.0516 ptv_max=0.00005 global_ceil=0.00014 ring=0.00000 smooth=0.0053 laplacian=0.0119 beam=0.02778 homogeneity=0.0028 body=0.00000 bowel=0.00000 femur=0.00000
2026-05-25 15:52:31 [INFO] Step 54/54 Loss=9.3294 mse=0.3011 v_opt=0.00444 v_mand=0.00000 ptv=0.0590 ptv_max=0.00001 global_ceil=0.00018 ring=0.00000 smooth=0.0072 laplacian=0.0161 beam=0.04276 homogeneity=0.0018 body=0.00000 bowel=0.00000 femur=0.00000
2026-05-25 15:52:31 [INFO] Running validation at epoch 155...
2026-05-25 15:52:58 [INFO] Epoch 155 Summary: Train=12.6393 Val=0.0119 (MSE=0.0119)
          Metrics: PTV_D95=54.75Gy Bladder=29.15Gy Rectum=23.85Gy
          Metrics: Ring=46.42Gy Dmax=130.36Gy BG=24.85Gy
2026-05-25 15:52:58 [INFO] Epoch 156/300 [FULL PHYSICS] ramp=1.000 lr=4.79e-05
2026-05-25 15:53:05 [INFO] Step 5/54 Loss=13.0027 mse=0.2481 v_opt=0.10295 v_mand=0.04228 ptv=0.0363 ptv_max=0.00035 global_ceil=0.00307 ring=0.00000 smooth=0.0069 laplacian=0.0144 beam=0.14649 homogeneity=0.0041 body=0.00000 bowel=0.00586 femur=0.00000
2026-05-25 15:53:10 [INFO] Step 10/54 Loss=9.5612 mse=0.1019 v_opt=0.08402 v_mand=0.01108 ptv=0.0843 ptv_max=0.00001 global_ceil=0.00002 ring=0.00000 smooth=0.0140 laplacian=0.0315 beam=0.20724 homogeneity=0.0047 body=0.00000 bowel=0.00000 femur=0.00000
2026-05-25 15:53:16 [INFO] Step 15/54 Loss=8.8646 mse=0.1128 v_opt=0.00729 v_mand=0.00000 ptv=0.0466 ptv_max=0.00015 global_ceil=0.00169 ring=0.00000 smooth=0.0052 laplacian=0.0110 beam=0.21299 homogeneity=0.0037 body=0.00000 bowel=0.00000 femur=0.00000
2026-05-25 15:53:21 [INFO] Step 20/54 Loss=4.2501 mse=0.1014 v_opt=0.00108 v_mand=0.00000 ptv=0.0751 ptv_max=0.00001 global_ceil=0.00078 ring=0.00000 smooth=0.0051 laplacian=0.0113 beam=0.03241 homogeneity=0.0024 body=0.00000 bowel=0.00000 femur=0.00000
2026-05-25 15:53:28 [INFO] Step 25/54 Loss=15.8265 mse=0.3146 v_opt=0.00309 v_mand=0.00000 ptv=0.0614 ptv_max=0.00001 global_ceil=0.00086 ring=0.00000 smooth=0.0069 laplacian=0.0153 beam=0.27689 homogeneity=0.0016 body=0.00000 bowel=0.01716 femur=0.00000
2026-05-25 15:53:33 [INFO] Step 30/54 Loss=11.2093 mse=0.1087 v_opt=0.00391 v_mand=0.00016 ptv=0.0600 ptv_max=0.00001 global_ceil=0.00003 ring=0.00000 smooth=0.0087 laplacian=0.0192 beam=0.30880 homogeneity=0.0023 body=0.00000 bowel=0.00000 femur=0.00000
2026-05-25 15:53:39 [INFO] Step 35/54 Loss=9.7576 mse=0.1909 v_opt=0.00103 v_mand=0.00000 ptv=0.0604 ptv_max=0.00004 global_ceil=0.00069 ring=0.00000 smooth=0.0102 laplacian=0.0231 beam=0.16684 homogeneity=0.0021 body=0.00000 bowel=0.00000 femur=0.00000
2026-05-25 15:53:44 [INFO] Step 40/54 Loss=22.5285 mse=0.3581 v_opt=0.00597 v_mand=0.00000 ptv=0.0476 ptv_max=0.00026 global_ceil=0.00089 ring=0.00000 smooth=0.0079 laplacian=0.0162 beam=0.51450 homogeneity=0.0026 body=0.00000 bowel=0.00000 femur=0.00000
2026-05-25 15:53:51 [INFO] Step 45/54 Loss=12.9953 mse=0.3841 v_opt=0.06853 v_mand=0.01605 ptv=0.0533 ptv_max=0.00003 global_ceil=0.00154 ring=0.00000 smooth=0.0053 laplacian=0.0117 beam=0.06855 homogeneity=0.0021 body=0.00000 bowel=0.00095 femur=0.00051
2026-05-25 15:53:56 [INFO] Step 50/54 Loss=15.3778 mse=0.1849 v_opt=0.00139 v_mand=0.00015 ptv=0.0395 ptv_max=0.00027 global_ceil=0.00434 ring=0.00000 smooth=0.0058 laplacian=0.0125 beam=0.39793 homogeneity=0.0037 body=0.00000 bowel=0.00000 femur=0.00000
2026-05-25 15:54:00 [INFO] Step 54/54 Loss=25.0266 mse=0.2792 v_opt=0.00000 v_mand=0.00000 ptv=0.1723 ptv_max=0.00098 global_ceil=0.05287 ring=0.00001 smooth=0.0097 laplacian=0.0235 beam=0.52230 homogeneity=0.0174 body=0.00000 bowel=0.00000 femur=0.00000
2026-05-25 15:54:01 [INFO] Running validation at epoch 156...
2026-05-25 15:54:27 [INFO] Epoch 156 Summary: Train=13.8754 Val=0.0116 (MSE=0.0116)
          Metrics: PTV_D95=52.38Gy Bladder=27.47Gy Rectum=24.66Gy
          Metrics: Ring=45.46Gy Dmax=183.64Gy BG=24.50Gy
2026-05-25 15:54:27 [INFO] [DIAGNOSTIC] Saved fallback model MSE=0.0116
2026-05-25 15:54:27 [INFO] Epoch 157/300 [FULL PHYSICS] ramp=1.000 lr=4.74e-05
2026-05-25 15:54:34 [INFO] Step 5/54 Loss=10.1239 mse=0.0662 v_opt=0.00000 v_mand=0.00000 ptv=0.1252 ptv_max=0.00000 global_ceil=0.00000 ring=0.00000 smooth=0.0062 laplacian=0.0137 beam=0.28117 homogeneity=0.0056 body=0.00000 bowel=0.00000 femur=0.00000
2026-05-25 15:54:39 [INFO] Step 10/54 Loss=21.2561 mse=0.3222 v_opt=0.04068 v_mand=0.00587 ptv=0.0350 ptv_max=0.00101 global_ceil=0.05433 ring=0.00000 smooth=0.0068 laplacian=0.0155 beam=0.37395 homogeneity=0.0055 body=0.00000 bowel=0.00431 femur=0.00000
2026-05-25 15:54:46 [INFO] Step 15/54 Loss=7.5938 mse=0.0812 v_opt=0.01136 v_mand=0.00000 ptv=0.1267 ptv_max=0.00000 global_ceil=0.00005 ring=0.00000 smooth=0.0066 laplacian=0.0145 beam=0.15104 homogeneity=0.0099 body=0.00000 bowel=0.01448 femur=0.00000
2026-05-25 15:54:51 [INFO] Step 20/54 Loss=3.4606 mse=0.0440 v_opt=0.00056 v_mand=0.00000 ptv=0.0992 ptv_max=0.00000 global_ceil=0.00000 ring=0.00000 smooth=0.0048 laplacian=0.0106 beam=0.04801 homogeneity=0.0055 body=0.00000 bowel=0.00000 femur=0.00000
2026-05-25 15:54:57 [INFO] Step 25/54 Loss=12.4148 mse=0.1031 v_opt=0.03113 v_mand=0.00407 ptv=0.1234 ptv_max=0.00001 global_ceil=0.00416 ring=0.00000 smooth=0.0073 laplacian=0.0171 beam=0.31436 homogeneity=0.0088 body=0.00000 bowel=0.00000 femur=0.00000
