2026-05-19 16:41:49 [INFO] Training log started: training_20260519_164149.log
2026-05-19 16:41:49 [INFO] PATCH_SIZE=(128, 128, 64), GRAD_ACCUM_STEPS=2
2026-05-19 16:41:49 [INFO] Loading clinical constraints from ./prostate_prime_constraints_v2.csv ...
2026-05-19 16:41:49 [INFO] Model ready on cuda, epochs=100, AMP=ON
2026-05-19 16:41:49 [INFO] Epoch 1/100 started, lr=1.00e-04
2026-05-19 16:42:45 [INFO] Step 5/54 Loss=89.1945 mse=0.8758 v_opt=3.16069 v_mand=2.59758 ptv=0.1858 ptv_max=0.00907 ring=0.11237 smooth=1.2573 beam=1.01049
2026-05-19 16:43:24 [INFO] Step 10/54 Loss=88.9379 mse=0.8114 v_opt=3.24327 v_mand=2.64879 ptv=0.1901 ptv_max=0.00135 ring=0.05947 smooth=1.5910 beam=1.01964
2026-05-19 16:44:01 [INFO] Step 15/54 Loss=89.0824 mse=0.8298 v_opt=3.22712 v_mand=2.63409 ptv=0.1914 ptv_max=0.00445 ring=0.07219 smooth=1.5975 beam=1.01972
2026-05-19 16:44:35 [INFO] Step 20/54 Loss=86.3281 mse=0.8161 v_opt=3.11704 v_mand=2.54399 ptv=0.1889 ptv_max=0.00235 ring=0.07555 smooth=1.4854 beam=1.00900
2026-05-19 16:45:25 [INFO] Step 25/54 Loss=85.6166 mse=0.9065 v_opt=3.01873 v_mand=2.45746 ptv=0.1825 ptv_max=0.00204 ring=0.08464 smooth=1.5813 beam=1.14476
2026-05-19 16:46:09 [INFO] Step 30/54 Loss=14.7797 mse=0.9776 v_opt=0.00000 v_mand=0.00000 ptv=0.0000 ptv_max=0.00000 ring=0.00000 smooth=0.7138 beam=0.98644
2026-05-19 16:46:44 [INFO] Step 35/54 Loss=78.5873 mse=0.8992 v_opt=2.75929 v_mand=2.21226 ptv=0.2177 ptv_max=0.00111 ring=0.06443 smooth=1.6248 beam=1.08175
2026-05-19 16:47:14 [INFO] Step 40/54 Loss=77.0626 mse=0.8092 v_opt=2.74115 v_mand=2.19997 ptv=0.2153 ptv_max=0.00155 ring=0.05931 smooth=1.4104 beam=1.04556
2026-05-19 16:48:04 [INFO] Step 45/54 Loss=78.4604 mse=0.9844 v_opt=2.73243 v_mand=2.18840 ptv=0.2135 ptv_max=0.00010 ring=0.04444 smooth=1.0828 beam=1.10535
2026-05-19 16:48:54 [INFO] Step 50/54 Loss=68.6191 mse=0.7542 v_opt=2.44194 v_mand=1.93531 ptv=0.2285 ptv_max=0.00009 ring=0.04558 smooth=1.2947 beam=0.94161
2026-05-19 16:49:24 [INFO] Step 54/54 Loss=72.7035 mse=0.9981 v_opt=2.45985 v_mand=1.93716 ptv=0.2370 ptv_max=0.00042 ring=0.04564 smooth=1.5114 beam=1.22952
2026-05-19 16:49:24 [INFO] Running validation at epoch 1...
2026-05-19 16:51:10 [INFO] Epoch 1 Summary: Train=77.5768 Val=70.3908 PTV_D95=46.08Gy Bladder=66.20Gy Rectum=53.05Gy
2026-05-19 16:51:10 [INFO] [PHYSICS] Saved best model val_loss=70.3908
2026-05-19 16:51:10 [INFO] [CLINICAL] Saved best model Score=115.174 PTV_D95=46.08Gy Bladder=66.20Gy Rectum=53.05Gy
2026-05-19 16:51:10 [INFO] Epoch 2/100 started, lr=1.00e-04
2026-05-19 16:51:16 [INFO] Step 5/54 Loss=67.7202 mse=0.8928 v_opt=2.30025 v_mand=1.79085 ptv=0.2474 ptv_max=0.00390 ring=0.10960 smooth=1.0093 beam=1.00127
2026-05-19 16:51:19 [INFO] Step 10/54 Loss=73.8700 mse=1.2788 v_opt=2.37173 v_mand=1.84990 ptv=0.2982 ptv_max=0.00000 ring=0.02077 smooth=2.1988 beam=1.31535
2026-05-19 16:51:21 [INFO] Step 15/54 Loss=65.4864 mse=1.0515 v_opt=2.12940 v_mand=1.63652 ptv=0.2529 ptv_max=0.00002 ring=0.03679 smooth=1.7414 beam=1.30861
2026-05-19 16:51:24 [INFO] Step 20/54 Loss=67.2898 mse=1.0775 v_opt=2.25469 v_mand=1.74912 ptv=0.2404 ptv_max=0.00024 ring=0.04515 smooth=1.1032 beam=1.01469
2026-05-19 16:51:29 [INFO] Step 25/54 Loss=57.7645 mse=0.9435 v_opt=1.83841 v_mand=1.39733 ptv=0.2723 ptv_max=0.00040 ring=0.05741 smooth=1.8255 beam=1.18636
2026-05-19 16:51:31 [INFO] Step 30/54 Loss=59.9945 mse=1.0557 v_opt=1.91487 v_mand=1.45683 ptv=0.2389 ptv_max=0.00049 ring=0.07009 smooth=1.3445 beam=1.11745
2026-05-19 16:51:34 [INFO] Step 35/54 Loss=63.3385 mse=1.5760 v_opt=1.82817 v_mand=1.37544 ptv=0.2991 ptv_max=0.00000 ring=0.02604 smooth=2.1667 beam=1.18749
2026-05-19 16:51:36 [INFO] Step 40/54 Loss=15.9099 mse=1.0361 v_opt=0.00000 v_mand=0.00000 ptv=0.0000 ptv_max=0.00000 ring=0.00000 smooth=0.8769 beam=1.09218
2026-05-19 16:51:40 [INFO] Step 45/54 Loss=66.4107 mse=1.0248 v_opt=2.22203 v_mand=1.71567 ptv=0.2467 ptv_max=0.00010 ring=0.03853 smooth=1.3991 beam=1.12736
2026-05-19 16:51:43 [INFO] Step 50/54 Loss=55.3143 mse=1.0058 v_opt=1.70231 v_mand=1.27030 ptv=0.2714 ptv_max=0.00133 ring=0.08212 smooth=1.9044 beam=1.17834
2026-05-19 16:51:45 [INFO] Step 54/54 Loss=55.0125 mse=0.9768 v_opt=1.69929 v_mand=1.27525 ptv=0.2516 ptv_max=0.00158 ring=0.07959 smooth=1.5143 beam=1.20478
2026-05-19 16:51:45 [INFO] Running validation at epoch 2...
2026-05-19 16:52:09 [INFO] Epoch 2 Summary: Train=61.5132 Val=56.0185 PTV_D95=43.43Gy Bladder=73.94Gy Rectum=52.42Gy
2026-05-19 16:52:09 [INFO] [PHYSICS] Saved best model val_loss=56.0185
2026-05-19 16:52:09 [INFO] Epoch 3/100 started, lr=9.99e-05
2026-05-19 16:52:13 [INFO] Step 5/54 Loss=54.1473 mse=1.0128 v_opt=1.64723 v_mand=1.23950 ptv=0.2594 ptv_max=0.00293 ring=0.09958 smooth=1.2874 beam=1.07494
2026-05-19 16:52:16 [INFO] Step 10/54 Loss=53.5179 mse=1.0332 v_opt=1.63249 v_mand=1.21724 ptv=0.2674 ptv_max=0.00032 ring=0.05845 smooth=1.6088 beam=1.15250
2026-05-19 16:52:19 [INFO] Step 15/54 Loss=56.9175 mse=1.1323 v_opt=1.56716 v_mand=1.16821 ptv=0.2915 ptv_max=0.02230 ring=0.24678 smooth=1.5586 beam=1.07336
2026-05-19 16:52:22 [INFO] Step 20/54 Loss=51.6693 mse=1.2026 v_opt=1.46371 v_mand=1.07358 ptv=0.3082 ptv_max=0.00058 ring=0.07707 smooth=1.7688 beam=1.08664
2026-05-19 16:52:26 [INFO] Step 25/54 Loss=53.8281 mse=1.1100 v_opt=1.58362 v_mand=1.17106 ptv=0.2671 ptv_max=0.00221 ring=0.10189 smooth=1.5457 beam=1.16411
2026-05-19 16:52:29 [INFO] Step 30/54 Loss=14.6214 mse=0.9469 v_opt=0.00000 v_mand=0.00000 ptv=0.0000 ptv_max=0.00000 ring=0.00000 smooth=0.6263 beam=1.01796
2026-05-19 16:52:31 [INFO] Step 35/54 Loss=51.2691 mse=1.0952 v_opt=1.48626 v_mand=1.10512 ptv=0.2731 ptv_max=0.00045 ring=0.07372 smooth=1.3772 beam=1.14387
2026-05-19 16:52:34 [INFO] Step 40/54 Loss=52.9547 mse=1.3296 v_opt=1.47753 v_mand=1.07925 ptv=0.3441 ptv_max=0.00000 ring=0.02523 smooth=1.6162 beam=1.14820
2026-05-19 16:52:38 [INFO] Step 45/54 Loss=47.5044 mse=0.9146 v_opt=1.43469 v_mand=1.05661 ptv=0.3190 ptv_max=0.00001 ring=0.03671 smooth=1.3184 beam=1.04014
2026-05-19 16:52:41 [INFO] Step 50/54 Loss=44.9326 mse=0.9591 v_opt=1.28867 v_mand=0.93751 ptv=0.3460 ptv_max=0.00004 ring=0.05095 smooth=1.0894 beam=0.99824
2026-05-19 16:52:43 [INFO] Step 54/54 Loss=45.3130 mse=0.8629 v_opt=1.33236 v_mand=0.96318 ptv=0.3818 ptv_max=0.00078 ring=0.05950 smooth=1.0624 beam=1.01677
2026-05-19 16:52:43 [INFO] Running validation at epoch 3...
2026-05-19 16:53:06 [INFO] Epoch 3 Summary: Train=50.0135 Val=48.0572 PTV_D95=40.86Gy Bladder=78.37Gy Rectum=47.36Gy
2026-05-19 16:53:06 [INFO] [PHYSICS] Saved best model val_loss=48.0572
2026-05-19 16:53:06 [INFO] Epoch 4/100 started, lr=9.98e-05
2026-05-19 16:53:12 [INFO] Step 5/54 Loss=43.3271 mse=0.9369 v_opt=1.20652 v_mand=0.87801 ptv=0.3252 ptv_max=0.00017 ring=0.04644 smooth=1.2813 beam=1.10188
2026-05-19 16:53:14 [INFO] Step 10/54 Loss=48.0070 mse=1.3254 v_opt=1.22957 v_mand=0.90549 ptv=0.3659 ptv_max=0.00001 ring=0.03120 smooth=1.4650 beam=1.07649
2026-05-19 16:53:17 [INFO] Step 15/54 Loss=43.6241 mse=0.9451 v_opt=1.20113 v_mand=0.87474 ptv=0.3337 ptv_max=0.00008 ring=0.06217 smooth=1.2527 beam=1.10078
2026-05-19 16:53:19 [INFO] Step 20/54 Loss=45.8943 mse=1.1736 v_opt=1.23319 v_mand=0.88590 ptv=0.4065 ptv_max=0.00000 ring=0.02203 smooth=1.0324 beam=1.00918
2026-05-19 16:53:24 [INFO] Step 25/54 Loss=41.4946 mse=0.8843 v_opt=1.18508 v_mand=0.85812 ptv=0.3768 ptv_max=0.00000 ring=0.01994 smooth=1.1247 beam=0.92980
2026-05-19 16:53:27 [INFO] Step 30/54 Loss=49.5973 mse=1.0687 v_opt=1.46032 v_mand=1.07562 ptv=0.3285 ptv_max=0.00000 ring=0.01197 smooth=0.9497 beam=1.10803
2026-05-19 16:53:30 [INFO] Step 35/54 Loss=42.1938 mse=0.9144 v_opt=1.19034 v_mand=0.86363 ptv=0.3488 ptv_max=0.00000 ring=0.02062 smooth=1.1994 beam=1.03232
2026-05-19 16:53:32 [INFO] Step 40/54 Loss=45.6443 mse=0.9768 v_opt=1.29597 v_mand=0.94570 ptv=0.4088 ptv_max=0.00000 ring=0.01261 smooth=0.8764 beam=1.05535
2026-05-19 16:53:37 [INFO] Step 45/54 Loss=44.0489 mse=1.0548 v_opt=1.11427 v_mand=0.82598 ptv=0.3550 ptv_max=0.00067 ring=0.06233 smooth=1.2544 beam=1.19572
2026-05-19 16:53:39 [INFO] Step 50/54 Loss=40.7894 mse=0.8493 v_opt=1.12154 v_mand=0.82464 ptv=0.3345 ptv_max=0.00002 ring=0.02804 smooth=0.9174 beam=1.11580
2026-05-19 16:53:41 [INFO] Step 54/54 Loss=41.7004 mse=1.0645 v_opt=1.11914 v_mand=0.80902 ptv=0.3348 ptv_max=0.00000 ring=0.02380 smooth=0.8853 beam=0.95947
2026-05-19 16:53:41 [INFO] Running validation at epoch 4...
2026-05-19 16:54:04 [INFO] Epoch 4 Summary: Train=42.4241 Val=40.5561 PTV_D95=39.50Gy Bladder=78.07Gy Rectum=40.66Gy
2026-05-19 16:54:04 [INFO] [PHYSICS] Saved best model val_loss=40.5561
2026-05-19 16:54:04 [INFO] Epoch 5/100 started, lr=9.96e-05
2026-05-19 16:54:10 [INFO] Step 5/54 Loss=50.5696 mse=1.1872 v_opt=1.24456 v_mand=0.93119 ptv=0.3822 ptv_max=0.00533 ring=0.12655 smooth=1.5069 beam=1.35819
2026-05-19 16:54:12 [INFO] Step 10/54 Loss=40.4490 mse=0.9623 v_opt=1.03741 v_mand=0.75416 ptv=0.4235 ptv_max=0.00016 ring=0.04247 smooth=0.9644 beam=0.98421
2026-05-19 16:54:15 [INFO] Step 15/54 Loss=37.6144 mse=0.8553 v_opt=0.99296 v_mand=0.72335 ptv=0.3468 ptv_max=0.00000 ring=0.01964 smooth=1.1416 beam=1.02296
2026-05-19 16:54:17 [INFO] Step 20/54 Loss=37.2089 mse=0.8782 v_opt=0.97650 v_mand=0.70105 ptv=0.3787 ptv_max=0.00000 ring=0.02189 smooth=0.9450 beam=0.94761
2026-05-19 16:54:22 [INFO] Step 25/54 Loss=33.4477 mse=0.7570 v_opt=0.87277 v_mand=0.62429 ptv=0.3468 ptv_max=0.00002 ring=0.03338 smooth=0.8942 beam=0.89317
2026-05-19 16:54:25 [INFO] Step 30/54 Loss=39.7196 mse=1.0191 v_opt=0.94693 v_mand=0.67395 ptv=0.4233 ptv_max=0.00109 ring=0.05257 smooth=1.1598 beam=1.11872
2026-05-19 16:54:27 [INFO] Step 35/54 Loss=34.2139 mse=0.7690 v_opt=0.85952 v_mand=0.61661 ptv=0.4385 ptv_max=0.00006 ring=0.01574 smooth=0.8885 beam=0.93547
2026-05-19 16:54:30 [INFO] Step 40/54 Loss=33.7730 mse=0.8431 v_opt=0.86882 v_mand=0.61653 ptv=0.3217 ptv_max=0.00004 ring=0.02109 smooth=0.9358 beam=0.91245
2026-05-19 16:54:34 [INFO] Step 45/54 Loss=34.2631 mse=0.7343 v_opt=0.93086 v_mand=0.66393 ptv=0.3358 ptv_max=0.00029 ring=0.02218 smooth=0.7746 beam=0.93538
2026-05-19 16:54:37 [INFO] Step 50/54 Loss=33.8389 mse=0.9506 v_opt=0.80706 v_mand=0.57629 ptv=0.3538 ptv_max=0.00000 ring=0.01623 smooth=0.7629 beam=0.89073
2026-05-19 16:54:39 [INFO] Step 54/54 Loss=34.6112 mse=0.8447 v_opt=0.85697 v_mand=0.60001 ptv=0.4164 ptv_max=0.00000 ring=0.02369 smooth=0.8058 beam=0.96999
2026-05-19 16:54:39 [INFO] Running validation at epoch 5...
2026-05-19 16:55:02 [INFO] Epoch 5 Summary: Train=37.1643 Val=36.2320 PTV_D95=40.13Gy Bladder=68.07Gy Rectum=38.66Gy
2026-05-19 16:55:02 [INFO] [PHYSICS] Saved best model val_loss=36.2320
2026-05-19 16:55:02 [INFO] Epoch 6/100 started, lr=9.94e-05
2026-05-19 16:55:08 [INFO] Step 5/54 Loss=36.0435 mse=0.8368 v_opt=0.87438 v_mand=0.63403 ptv=0.2837 ptv_max=0.00223 ring=0.10760 smooth=1.1129 beam=1.08053
2026-05-19 16:55:10 [INFO] Step 10/54 Loss=34.6750 mse=0.8442 v_opt=0.91535 v_mand=0.64942 ptv=0.3252 ptv_max=0.00100 ring=0.01989 smooth=0.6028 beam=0.90131
2026-05-19 16:55:13 [INFO] Step 15/54 Loss=32.0981 mse=0.9626 v_opt=0.73636 v_mand=0.50333 ptv=0.3560 ptv_max=0.00002 ring=0.01474 smooth=0.7651 beam=0.91161
2026-05-19 16:55:15 [INFO] Step 20/54 Loss=31.4872 mse=0.7654 v_opt=0.78442 v_mand=0.53560 ptv=0.4420 ptv_max=0.00001 ring=0.01178 smooth=0.6692 beam=0.84206
2026-05-19 16:55:20 [INFO] Step 25/54 Loss=30.2605 mse=0.7621 v_opt=0.73866 v_mand=0.51774 ptv=0.3733 ptv_max=0.00000 ring=0.01305 smooth=0.7568 beam=0.84273
2026-05-19 16:55:23 [INFO] Step 30/54 Loss=32.2923 mse=0.7089 v_opt=0.90992 v_mand=0.62145 ptv=0.2778 ptv_max=0.00464 ring=0.02567 smooth=0.8478 beam=0.87341
2026-05-19 16:55:26 [INFO] Step 35/54 Loss=27.6015 mse=0.7110 v_opt=0.67754 v_mand=0.45737 ptv=0.3250 ptv_max=0.00004 ring=0.01472 smooth=0.7582 beam=0.83061
2026-05-19 16:55:28 [INFO] Step 40/54 Loss=31.5020 mse=1.0806 v_opt=0.64852 v_mand=0.42769 ptv=0.4169 ptv_max=0.00000 ring=0.01233 smooth=0.6622 beam=0.85731
2026-05-19 16:55:33 [INFO] Step 45/54 Loss=26.3861 mse=0.7034 v_opt=0.60283 v_mand=0.39357 ptv=0.3534 ptv_max=0.00000 ring=0.01688 smooth=0.7915 beam=0.88827
2026-05-19 16:55:35 [INFO] Step 50/54 Loss=29.4456 mse=0.7136 v_opt=0.77220 v_mand=0.52736 ptv=0.2490 ptv_max=0.00087 ring=0.02649 smooth=0.6685 beam=0.91687
2026-05-19 16:55:37 [INFO] Step 54/54 Loss=27.5496 mse=0.8605 v_opt=0.64033 v_mand=0.42156 ptv=0.2647 ptv_max=0.00055 ring=0.02205 smooth=0.6816 beam=0.81019
2026-05-19 16:55:37 [INFO] Running validation at epoch 6...
2026-05-19 16:56:01 [INFO] Epoch 6 Summary: Train=30.4175 Val=31.3770 PTV_D95=40.51Gy Bladder=53.68Gy Rectum=37.59Gy
2026-05-19 16:56:01 [INFO] [PHYSICS] Saved best model val_loss=31.3770
2026-05-19 16:56:01 [INFO] Epoch 7/100 started, lr=9.91e-05
2026-05-19 16:56:06 [INFO] Step 5/54 Loss=31.8429 mse=0.8796 v_opt=0.83512 v_mand=0.54265 ptv=0.2646 ptv_max=0.00050 ring=0.02281 smooth=0.6585 beam=0.94638
2026-05-19 16:56:09 [INFO] Step 10/54 Loss=29.7768 mse=0.7926 v_opt=0.74444 v_mand=0.48644 ptv=0.2823 ptv_max=0.00201 ring=0.02465 smooth=0.6814 beam=0.96790
2026-05-19 16:56:11 [INFO] Step 15/54 Loss=26.6682 mse=0.8978 v_opt=0.51136 v_mand=0.32670 ptv=0.3229 ptv_max=0.00228 ring=0.01641 smooth=0.5316 beam=0.97150
2026-05-19 16:56:14 [INFO] Step 20/54 Loss=23.1757 mse=0.6520 v_opt=0.52539 v_mand=0.32846 ptv=0.2890 ptv_max=0.00039 ring=0.01976 smooth=0.7201 beam=0.82313
2026-05-19 16:56:17 [INFO] Step 25/54 Loss=24.5795 mse=0.7149 v_opt=0.56138 v_mand=0.36628 ptv=0.2474 ptv_max=0.00048 ring=0.02649 smooth=0.6747 beam=0.83771
2026-05-19 16:56:21 [INFO] Step 30/54 Loss=27.0284 mse=0.8452 v_opt=0.44706 v_mand=0.26051 ptv=0.6226 ptv_max=0.00000 ring=0.00571 smooth=0.4058 beam=0.96339
2026-05-19 16:56:23 [INFO] Step 35/54 Loss=26.9964 mse=0.8133 v_opt=0.61795 v_mand=0.37009 ptv=0.3499 ptv_max=0.00001 ring=0.01204 smooth=0.5337 beam=0.92845
2026-05-19 16:56:26 [INFO] Step 40/54 Loss=26.3142 mse=0.8487 v_opt=0.61757 v_mand=0.37011 ptv=0.2686 ptv_max=0.00037 ring=0.01516 smooth=0.5287 beam=0.87099
2026-05-19 16:56:29 [INFO] Step 45/54 Loss=26.7855 mse=0.8461 v_opt=0.57208 v_mand=0.38053 ptv=0.2745 ptv_max=0.00019 ring=0.01666 smooth=0.5310 beam=0.92183
2026-05-19 16:56:33 [INFO] Step 50/54 Loss=21.2433 mse=0.8323 v_opt=0.33798 v_mand=0.16584 ptv=0.2903 ptv_max=0.00365 ring=0.02501 smooth=0.4623 beam=0.91841
2026-05-19 16:56:35 [INFO] Step 54/54 Loss=18.8701 mse=0.6506 v_opt=0.37558 v_mand=0.18584 ptv=0.2081 ptv_max=0.00103 ring=0.02845 smooth=0.5226 beam=0.87119
2026-05-19 16:56:35 [INFO] Running validation at epoch 7...
2026-05-19 16:56:58 [INFO] Epoch 7 Summary: Train=25.1842 Val=26.2826 PTV_D95=42.42Gy Bladder=46.95Gy Rectum=38.25Gy
2026-05-19 16:56:58 [INFO] [PHYSICS] Saved best model val_loss=26.2826
2026-05-19 16:56:58 [INFO] [CLINICAL] Saved best model Score=106.895 PTV_D95=42.42Gy Bladder=46.95Gy Rectum=38.25Gy
2026-05-19 16:56:58 [INFO] Epoch 8/100 started, lr=9.88e-05
2026-05-19 16:57:04 [INFO] Step 5/54 Loss=20.3406 mse=0.8932 v_opt=0.21958 v_mand=0.10322 ptv=0.3283 ptv_max=0.00002 ring=0.01276 smooth=0.4730 beam=0.97316
2026-05-19 16:57:06 [INFO] Step 10/54 Loss=18.7341 mse=0.7542 v_opt=0.28028 v_mand=0.13412 ptv=0.2658 ptv_max=0.00013 ring=0.01683 smooth=0.4261 beam=0.86372
2026-05-19 16:57:09 [INFO] Step 15/54 Loss=21.7735 mse=0.7439 v_opt=0.42365 v_mand=0.24007 ptv=0.1658 ptv_max=0.00676 ring=0.04580 smooth=0.5063 beam=0.95038
2026-05-19 16:57:11 [INFO] Step 20/54 Loss=21.2336 mse=0.7266 v_opt=0.44230 v_mand=0.25589 ptv=0.1713 ptv_max=0.00170 ring=0.03407 smooth=0.4493 beam=0.86646
2026-05-19 16:57:16 [INFO] Step 25/54 Loss=18.3671 mse=0.6538 v_opt=0.35491 v_mand=0.18224 ptv=0.1629 ptv_max=0.00229 ring=0.02886 smooth=0.4769 beam=0.86805
2026-05-19 16:57:18 [INFO] Step 30/54 Loss=19.6123 mse=0.7039 v_opt=0.38308 v_mand=0.22015 ptv=0.1379 ptv_max=0.00484 ring=0.03075 smooth=0.5821 beam=0.83266
2026-05-19 16:57:21 [INFO] Step 35/54 Loss=18.1221 mse=0.8953 v_opt=0.25877 v_mand=0.16539 ptv=0.0000 ptv_max=0.00000 ring=0.00000 smooth=0.3271 beam=0.89684
2026-05-19 16:57:23 [INFO] Step 40/54 Loss=18.1918 mse=0.8242 v_opt=0.14218 v_mand=0.03783 ptv=0.3616 ptv_max=0.00404 ring=0.02185 smooth=0.5252 beam=0.90416
2026-05-19 16:57:28 [INFO] Step 45/54 Loss=19.7366 mse=0.6868 v_opt=0.43627 v_mand=0.23179 ptv=0.1671 ptv_max=0.00731 ring=0.02211 smooth=0.4979 beam=0.75667
2026-05-19 16:57:31 [INFO] Step 50/54 Loss=15.9463 mse=0.5934 v_opt=0.25542 v_mand=0.13491 ptv=0.1626 ptv_max=0.00462 ring=0.02937 smooth=0.4223 beam=0.75782
2026-05-19 16:57:33 [INFO] Step 54/54 Loss=19.7053 mse=0.7068 v_opt=0.37515 v_mand=0.18695 ptv=0.2261 ptv_max=0.00144 ring=0.03037 smooth=0.4680 beam=0.87562
2026-05-19 16:57:33 [INFO] Running validation at epoch 8...
2026-05-19 16:57:56 [INFO] Epoch 8 Summary: Train=20.8453 Val=22.0412 PTV_D95=42.47Gy Bladder=40.13Gy Rectum=34.55Gy
2026-05-19 16:57:56 [INFO] [PHYSICS] Saved best model val_loss=22.0412
2026-05-19 16:57:56 [INFO] [CLINICAL] Saved best model Score=99.913 PTV_D95=42.47Gy Bladder=40.13Gy Rectum=34.55Gy
2026-05-19 16:57:56 [INFO] Epoch 9/100 started, lr=9.84e-05
2026-05-19 16:58:01 [INFO] Step 5/54 Loss=20.5082 mse=0.6646 v_opt=0.42189 v_mand=0.24788 ptv=0.2243 ptv_max=0.00293 ring=0.03255 smooth=0.4864 beam=0.77904
2026-05-19 16:58:04 [INFO] Step 10/54 Loss=17.6850 mse=0.6587 v_opt=0.38006 v_mand=0.18306 ptv=0.1495 ptv_max=0.00302 ring=0.02169 smooth=0.4785 beam=0.74836
2026-05-19 16:58:07 [INFO] Step 15/54 Loss=19.0852 mse=0.8866 v_opt=0.24285 v_mand=0.12691 ptv=0.1432 ptv_max=0.00540 ring=0.02809 smooth=0.4256 beam=0.87894
2026-05-19 16:58:09 [INFO] Step 20/54 Loss=19.9517 mse=0.8213 v_opt=0.36286 v_mand=0.18035 ptv=0.1204 ptv_max=0.00308 ring=0.03739 smooth=0.3873 beam=0.90932
2026-05-19 16:58:14 [INFO] Step 25/54 Loss=16.1958 mse=0.7339 v_opt=0.10737 v_mand=0.03237 ptv=0.2859 ptv_max=0.00375 ring=0.02555 smooth=0.3658 beam=0.87322
2026-05-19 16:58:16 [INFO] Step 30/54 Loss=12.9595 mse=0.5523 v_opt=0.12925 v_mand=0.04697 ptv=0.1690 ptv_max=0.00229 ring=0.02490 smooth=0.3243 beam=0.75875
2026-05-19 16:58:19 [INFO] Step 35/54 Loss=15.6014 mse=0.6721 v_opt=0.19476 v_mand=0.08466 ptv=0.1034 ptv_max=0.00846 ring=0.04111 smooth=0.4700 beam=0.85073
2026-05-19 16:58:21 [INFO] Step 40/54 Loss=16.6674 mse=0.8204 v_opt=0.14555 v_mand=0.04863 ptv=0.1626 ptv_max=0.00364 ring=0.02032 smooth=0.3235 beam=0.96224
2026-05-19 16:58:25 [INFO] Step 45/54 Loss=15.2282 mse=0.7957 v_opt=0.09447 v_mand=0.01921 ptv=0.1551 ptv_max=0.00350 ring=0.02854 smooth=0.4649 beam=0.88038
2026-05-19 16:58:28 [INFO] Step 50/54 Loss=14.7290 mse=0.6860 v_opt=0.12245 v_mand=0.04283 ptv=0.1970 ptv_max=0.00016 ring=0.02127 smooth=0.3789 beam=0.84377
2026-05-19 16:58:30 [INFO] Step 54/54 Loss=19.7277 mse=0.6672 v_opt=0.42531 v_mand=0.25215 ptv=0.1205 ptv_max=0.00239 ring=0.03027 smooth=0.4181 beam=0.81612
2026-05-19 16:58:30 [INFO] Running validation at epoch 9...
2026-05-19 16:58:54 [INFO] Epoch 9 Summary: Train=17.7024 Val=18.6814 PTV_D95=44.15Gy Bladder=39.84Gy Rectum=30.99Gy
2026-05-19 16:58:54 [INFO] [PHYSICS] Saved best model val_loss=18.6814
2026-05-19 16:58:54 [INFO] [CLINICAL] Saved best model Score=94.604 PTV_D95=44.15Gy Bladder=39.84Gy Rectum=30.99Gy
2026-05-19 16:58:54 [INFO] Epoch 10/100 started, lr=9.80e-05
2026-05-19 16:58:59 [INFO] Step 5/54 Loss=14.1805 mse=0.6720 v_opt=0.16236 v_mand=0.05762 ptv=0.1038 ptv_max=0.00205 ring=0.02983 smooth=0.3744 beam=0.81388
2026-05-19 16:59:02 [INFO] Step 10/54 Loss=13.5834 mse=0.5958 v_opt=0.17391 v_mand=0.06679 ptv=0.0821 ptv_max=0.00678 ring=0.03790 smooth=0.4727 beam=0.76633
2026-05-19 16:59:04 [INFO] Step 15/54 Loss=14.2537 mse=0.7553 v_opt=0.06791 v_mand=0.01244 ptv=0.0950 ptv_max=0.00422 ring=0.03126 smooth=0.3221 beam=0.91842
2026-05-19 16:59:07 [INFO] Step 20/54 Loss=13.6189 mse=0.6800 v_opt=0.05539 v_mand=0.01562 ptv=0.1316 ptv_max=0.00205 ring=0.03053 smooth=0.2967 beam=0.88247
2026-05-19 16:59:11 [INFO] Step 25/54 Loss=11.5573 mse=0.5176 v_opt=0.06738 v_mand=0.02103 ptv=0.1543 ptv_max=0.00198 ring=0.02684 smooth=0.2670 beam=0.73004
2026-05-19 16:59:14 [INFO] Step 30/54 Loss=12.3666 mse=0.6087 v_opt=0.10455 v_mand=0.03489 ptv=0.0974 ptv_max=0.00211 ring=0.02762 smooth=0.2920 beam=0.73499
2026-05-19 16:59:16 [INFO] Step 35/54 Loss=16.9994 mse=0.6441 v_opt=0.29762 v_mand=0.13046 ptv=0.1360 ptv_max=0.00314 ring=0.05494 smooth=0.4261 beam=0.86363
2026-05-19 16:59:19 [INFO] Step 40/54 Loss=16.3959 mse=0.7543 v_opt=0.17821 v_mand=0.08148 ptv=0.1084 ptv_max=0.00160 ring=0.03124 smooth=0.3354 beam=0.95854
2026-05-19 16:59:23 [INFO] Step 45/54 Loss=16.1449 mse=0.8634 v_opt=0.11509 v_mand=0.05252 ptv=0.0357 ptv_max=0.00966 ring=0.04964 smooth=0.2822 beam=0.87099
2026-05-19 16:59:26 [INFO] Step 50/54 Loss=13.5948 mse=0.6682 v_opt=0.08916 v_mand=0.03543 ptv=0.0946 ptv_max=0.00457 ring=0.03946 smooth=0.3116 beam=0.81032
2026-05-19 16:59:28 [INFO] Step 54/54 Loss=15.4173 mse=0.7235 v_opt=0.15914 v_mand=0.07095 ptv=0.1205 ptv_max=0.00059 ring=0.03109 smooth=0.2560 beam=0.87277
2026-05-19 16:59:28 [INFO] Running validation at epoch 10...
2026-05-19 16:59:51 [INFO] Epoch 10 Summary: Train=15.6251 Val=16.9917 PTV_D95=47.57Gy Bladder=34.44Gy Rectum=30.42Gy
2026-05-19 16:59:51 [INFO] [PHYSICS] Saved best model val_loss=16.9917
2026-05-19 16:59:51 [INFO] [CLINICAL] Saved best model Score=78.929 PTV_D95=47.57Gy Bladder=34.44Gy Rectum=30.42Gy
2026-05-19 16:59:51 [INFO] Epoch 11/100 started, lr=9.76e-05
2026-05-19 16:59:57 [INFO] Step 5/54 Loss=24.5892 mse=0.8583 v_opt=0.49630 v_mand=0.34039 ptv=0.0685 ptv_max=0.00650 ring=0.05624 smooth=0.3973 beam=0.92223
2026-05-19 17:00:00 [INFO] Step 10/54 Loss=18.1556 mse=0.7691 v_opt=0.32517 v_mand=0.15545 ptv=0.0443 ptv_max=0.00310 ring=0.05071 smooth=0.3752 beam=0.90621
2026-05-19 17:00:02 [INFO] Step 15/54 Loss=13.4668 mse=0.6452 v_opt=0.13029 v_mand=0.05335 ptv=0.0752 ptv_max=0.00282 ring=0.03026 smooth=0.3721 beam=0.80724
2026-05-19 17:00:05 [INFO] Step 20/54 Loss=16.7579 mse=0.9267 v_opt=0.12971 v_mand=0.05763 ptv=0.0656 ptv_max=0.00125 ring=0.03367 smooth=0.4040 beam=0.90544
2026-05-19 17:00:10 [INFO] Step 25/54 Loss=11.6817 mse=0.5703 v_opt=0.07405 v_mand=0.01786 ptv=0.0749 ptv_max=0.00289 ring=0.04656 smooth=0.2647 beam=0.75321
2026-05-19 17:00:12 [INFO] Step 30/54 Loss=19.4256 mse=0.7385 v_opt=0.35968 v_mand=0.19836 ptv=0.0252 ptv_max=0.01273 ring=0.07039 smooth=0.3064 beam=0.87742
2026-05-19 17:00:14 [INFO] Step 35/54 Loss=14.3797 mse=0.7187 v_opt=0.13749 v_mand=0.04878 ptv=0.1213 ptv_max=0.00011 ring=0.02630 smooth=0.3222 beam=0.81046
2026-05-19 17:00:17 [INFO] Step 40/54 Loss=13.0251 mse=0.7070 v_opt=0.04303 v_mand=0.01041 ptv=0.1151 ptv_max=0.00015 ring=0.02631 smooth=0.2664 beam=0.80574
2026-05-19 17:00:21 [INFO] Step 45/54 Loss=13.6549 mse=0.5363 v_opt=0.23798 v_mand=0.10468 ptv=0.0348 ptv_max=0.00821 ring=0.04613 smooth=0.3213 beam=0.74342
2026-05-19 17:00:24 [INFO] Step 50/54 Loss=16.3729 mse=0.8852 v_opt=0.17177 v_mand=0.06467 ptv=0.0597 ptv_max=0.00174 ring=0.03761 smooth=0.2743 beam=0.85691
2026-05-19 17:00:26 [INFO] Step 54/54 Loss=15.7646 mse=0.7185 v_opt=0.07815 v_mand=0.02597 ptv=0.2555 ptv_max=0.00499 ring=0.03288 smooth=0.2596 beam=0.89003
2026-05-19 17:00:26 [INFO] Running validation at epoch 11...
2026-05-19 17:00:50 [INFO] Epoch 11 Summary: Train=14.7794 Val=15.8859 PTV_D95=51.77Gy Bladder=34.09Gy Rectum=31.02Gy
2026-05-19 17:00:50 [INFO] [PHYSICS] Saved best model val_loss=15.8859
2026-05-19 17:00:50 [INFO] [CLINICAL] Saved best model Score=65.974 PTV_D95=51.77Gy Bladder=34.09Gy Rectum=31.02Gy
2026-05-19 17:00:50 [INFO] Epoch 12/100 started, lr=9.71e-05
2026-05-19 17:00:55 [INFO] Step 5/54 Loss=16.1245 mse=0.6664 v_opt=0.20083 v_mand=0.10619 ptv=0.1528 ptv_max=0.00243 ring=0.02821 smooth=0.2726 beam=0.86085
2026-05-19 17:00:58 [INFO] Step 10/54 Loss=15.5152 mse=0.6349 v_opt=0.26245 v_mand=0.12159 ptv=0.0676 ptv_max=0.00090 ring=0.03812 smooth=0.2512 beam=0.85692
2026-05-19 17:01:00 [INFO] Step 15/54 Loss=15.7477 mse=0.8595 v_opt=0.12795 v_mand=0.05689 ptv=0.0443 ptv_max=0.00862 ring=0.04023 smooth=0.2379 beam=0.79461
2026-05-19 17:01:03 [INFO] Step 20/54 Loss=10.4294 mse=0.5319 v_opt=0.00619 v_mand=0.00000 ptv=0.0925 ptv_max=0.00197 ring=0.02721 smooth=0.1830 beam=0.72975
2026-05-19 17:01:07 [INFO] Step 25/54 Loss=13.6291 mse=0.7353 v_opt=0.10406 v_mand=0.02529 ptv=0.0566 ptv_max=0.00133 ring=0.03551 smooth=0.2462 beam=0.84912
2026-05-19 17:01:10 [INFO] Step 30/54 Loss=15.1719 mse=0.7481 v_opt=0.19113 v_mand=0.07218 ptv=0.0865 ptv_max=0.00133 ring=0.03277 smooth=0.3588 beam=0.80905
2026-05-19 17:01:13 [INFO] Step 35/54 Loss=12.1418 mse=0.6750 v_opt=0.00848 v_mand=0.00000 ptv=0.0438 ptv_max=0.00199 ring=0.05137 smooth=0.3276 beam=0.80669
2026-05-19 17:01:15 [INFO] Step 40/54 Loss=13.1103 mse=0.6645 v_opt=0.08000 v_mand=0.02735 ptv=0.0882 ptv_max=0.00039 ring=0.03145 smooth=0.3579 beam=0.84257
2026-05-19 17:01:18 [INFO] Step 45/54 Loss=11.5963 mse=0.5507 v_opt=0.03267 v_mand=0.00318 ptv=0.1511 ptv_max=0.00061 ring=0.02669 smooth=0.2064 beam=0.79635
2026-05-19 17:01:22 [INFO] Step 50/54 Loss=18.1759 mse=0.6363 v_opt=0.39671 v_mand=0.20867 ptv=0.0570 ptv_max=0.01651 ring=0.03561 smooth=0.2152 beam=0.77041
2026-05-19 17:01:24 [INFO] Step 54/54 Loss=13.7988 mse=0.7972 v_opt=0.00785 v_mand=0.00000 ptv=0.0617 ptv_max=0.00576 ring=0.02990 smooth=0.2493 beam=0.88648
2026-05-19 17:01:24 [INFO] Running validation at epoch 12...
2026-05-19 17:01:48 [INFO] Epoch 12 Summary: Train=14.2706 Val=15.4899 PTV_D95=52.62Gy Bladder=33.18Gy Rectum=27.58Gy
2026-05-19 17:01:48 [INFO] [PHYSICS] Saved best model val_loss=15.4899
2026-05-19 17:01:48 [INFO] [CLINICAL] Saved best model Score=62.511 PTV_D95=52.62Gy Bladder=33.18Gy Rectum=27.58Gy
2026-05-19 17:01:48 [INFO] Epoch 13/100 started, lr=9.65e-05
2026-05-19 17:01:52 [INFO] Step 5/54 Loss=13.5585 mse=0.7016 v_opt=0.08887 v_mand=0.02431 ptv=0.0661 ptv_max=0.00228 ring=0.05308 smooth=0.2632 beam=0.83206
2026-05-19 17:01:56 [INFO] Step 10/54 Loss=21.2296 mse=0.8180 v_opt=0.42443 v_mand=0.22107 ptv=0.1759 ptv_max=0.00129 ring=0.03336 smooth=0.3184 beam=0.86372
2026-05-19 17:01:58 [INFO] Step 15/54 Loss=12.0651 mse=0.6176 v_opt=0.04836 v_mand=0.01059 ptv=0.1014 ptv_max=0.00250 ring=0.03287 smooth=0.2269 beam=0.77477
2026-05-19 17:02:01 [INFO] Step 20/54 Loss=12.8308 mse=0.6629 v_opt=0.11498 v_mand=0.03098 ptv=0.0557 ptv_max=0.00191 ring=0.04316 smooth=0.2622 beam=0.77442
2026-05-19 17:02:06 [INFO] Step 25/54 Loss=17.4288 mse=0.7503 v_opt=0.29281 v_mand=0.12981 ptv=0.1612 ptv_max=0.00062 ring=0.02262 smooth=0.2968 beam=0.81650
2026-05-19 17:02:09 [INFO] Step 30/54 Loss=12.3039 mse=0.6636 v_opt=0.06773 v_mand=0.01720 ptv=0.0563 ptv_max=0.00189 ring=0.03577 smooth=0.2067 beam=0.77736
2026-05-19 17:02:11 [INFO] Step 35/54 Loss=14.3977 mse=0.7904 v_opt=0.08584 v_mand=0.02025 ptv=0.0429 ptv_max=0.00520 ring=0.03317 smooth=0.2896 beam=0.91995
2026-05-19 17:02:13 [INFO] Step 40/54 Loss=11.2174 mse=0.5974 v_opt=0.02642 v_mand=0.00039 ptv=0.0880 ptv_max=0.00153 ring=0.03639 smooth=0.2318 beam=0.73101
2026-05-19 17:02:17 [INFO] Step 45/54 Loss=11.6368 mse=0.5992 v_opt=0.02742 v_mand=0.00296 ptv=0.0474 ptv_max=0.00377 ring=0.04484 smooth=0.2191 beam=0.83174
2026-05-19 17:02:20 [INFO] Step 50/54 Loss=13.3751 mse=0.6229 v_opt=0.14999 v_mand=0.07071 ptv=0.0550 ptv_max=0.00112 ring=0.03553 smooth=0.1873 beam=0.78410
2026-05-19 17:02:22 [INFO] Step 54/54 Loss=10.6867 mse=0.5297 v_opt=0.00645 v_mand=0.00000 ptv=0.1097 ptv_max=0.00065 ring=0.03066 smooth=0.2032 beam=0.75349
2026-05-19 17:02:22 [INFO] Running validation at epoch 13...
2026-05-19 17:02:46 [INFO] Epoch 13 Summary: Train=13.2846 Val=14.9505 PTV_D95=52.74Gy Bladder=32.22Gy Rectum=29.58Gy
2026-05-19 17:02:46 [INFO] [PHYSICS] Saved best model val_loss=14.9505
2026-05-19 17:02:46 [INFO] [CLINICAL] Saved best model Score=61.185 PTV_D95=52.74Gy Bladder=32.22Gy Rectum=29.58Gy
2026-05-19 17:02:46 [INFO] Epoch 14/100 started, lr=9.59e-05
2026-05-19 17:02:51 [INFO] Step 5/54 Loss=12.4134 mse=0.6872 v_opt=0.02115 v_mand=0.00189 ptv=0.0484 ptv_max=0.00266 ring=0.03889 smooth=0.2103 beam=0.84634
2026-05-19 17:02:53 [INFO] Step 10/54 Loss=11.9928 mse=0.6390 v_opt=0.03575 v_mand=0.00235 ptv=0.0537 ptv_max=0.00243 ring=0.03703 smooth=0.1735 beam=0.84822
2026-05-19 17:02:56 [INFO] Step 15/54 Loss=11.5460 mse=0.5704 v_opt=0.07553 v_mand=0.02425 ptv=0.0510 ptv_max=0.00156 ring=0.04025 smooth=0.1979 beam=0.77460
2026-05-19 17:02:58 [INFO] Step 20/54 Loss=10.7137 mse=0.5656 v_opt=0.00012 v_mand=0.00000 ptv=0.0651 ptv_max=0.00332 ring=0.03329 smooth=0.1890 beam=0.74436
2026-05-19 17:03:03 [INFO] Step 25/54 Loss=14.2084 mse=0.7056 v_opt=0.14740 v_mand=0.06156 ptv=0.0401 ptv_max=0.00102 ring=0.03853 smooth=0.2021 beam=0.85376
2026-05-19 17:03:06 [INFO] Step 30/54 Loss=13.9237 mse=0.7307 v_opt=0.11075 v_mand=0.02677 ptv=0.0693 ptv_max=0.00168 ring=0.04306 smooth=0.2169 beam=0.85619
2026-05-19 17:03:08 [INFO] Step 35/54 Loss=13.6911 mse=0.6468 v_opt=0.15514 v_mand=0.04413 ptv=0.1326 ptv_max=0.00359 ring=0.02696 smooth=0.1919 beam=0.77613
2026-05-19 17:03:11 [INFO] Step 40/54 Loss=11.8219 mse=0.7728 v_opt=0.00000 v_mand=0.00000 ptv=0.0000 ptv_max=0.00000 ring=0.00000 smooth=0.2511 beam=0.81378
2026-05-19 17:03:15 [INFO] Step 45/54 Loss=13.7544 mse=0.7840 v_opt=0.08837 v_mand=0.02711 ptv=0.0282 ptv_max=0.00552 ring=0.04291 smooth=0.1994 beam=0.76765
2026-05-19 17:03:18 [INFO] Step 50/54 Loss=9.8543 mse=0.5104 v_opt=0.02138 v_mand=0.00001 ptv=0.0758 ptv_max=0.00205 ring=0.02361 smooth=0.2411 beam=0.69362
2026-05-19 17:03:20 [INFO] Step 54/54 Loss=11.8332 mse=0.6253 v_opt=0.08199 v_mand=0.01741 ptv=0.0208 ptv_max=0.00537 ring=0.03855 smooth=0.2192 beam=0.78080
2026-05-19 17:03:20 [INFO] Running validation at epoch 14...
2026-05-19 17:03:43 [INFO] Epoch 14 Summary: Train=12.5997 Val=14.0141 PTV_D95=53.71Gy Bladder=34.11Gy Rectum=30.86Gy
2026-05-19 17:03:43 [INFO] [PHYSICS] Saved best model val_loss=14.0141
2026-05-19 17:03:43 [INFO] [CLINICAL] Saved best model Score=60.194 PTV_D95=53.71Gy Bladder=34.11Gy Rectum=30.86Gy
2026-05-19 17:03:43 [INFO] Epoch 15/100 started, lr=9.53e-05
2026-05-19 17:03:48 [INFO] Step 5/54 Loss=15.0912 mse=0.6220 v_opt=0.24272 v_mand=0.12249 ptv=0.1042 ptv_max=0.00161 ring=0.02957 smooth=0.1883 beam=0.74771
2026-05-19 17:03:51 [INFO] Step 10/54 Loss=11.1013 mse=0.5048 v_opt=0.09463 v_mand=0.03601 ptv=0.0597 ptv_max=0.00165 ring=0.03213 smooth=0.1418 beam=0.75751
2026-05-19 17:03:54 [INFO] Step 15/54 Loss=16.5449 mse=0.7899 v_opt=0.15594 v_mand=0.07585 ptv=0.1533 ptv_max=0.00344 ring=0.02583 smooth=0.2544 beam=0.86397
2026-05-19 17:03:57 [INFO] Step 20/54 Loss=10.1651 mse=0.5237 v_opt=0.02040 v_mand=0.00184 ptv=0.0625 ptv_max=0.00199 ring=0.03031 smooth=0.1569 beam=0.72934
2026-05-19 17:04:01 [INFO] Step 25/54 Loss=12.6852 mse=0.6386 v_opt=0.09528 v_mand=0.02782 ptv=0.0209 ptv_max=0.00758 ring=0.05625 smooth=0.2162 beam=0.79186
2026-05-19 17:04:04 [INFO] Step 30/54 Loss=13.5619 mse=0.7270 v_opt=0.10185 v_mand=0.03567 ptv=0.0437 ptv_max=0.00131 ring=0.03735 smooth=0.1913 beam=0.82308
2026-05-19 17:04:06 [INFO] Step 35/54 Loss=10.8153 mse=0.5384 v_opt=0.03840 v_mand=0.00632 ptv=0.0640 ptv_max=0.00087 ring=0.03481 smooth=0.1908 beam=0.79431
2026-05-19 17:04:09 [INFO] Step 40/54 Loss=13.2878 mse=0.6441 v_opt=0.11052 v_mand=0.04426 ptv=0.0223 ptv_max=0.00775 ring=0.05427 smooth=0.1685 beam=0.81554
2026-05-19 17:04:14 [INFO] Step 45/54 Loss=15.0773 mse=0.8996 v_opt=0.01189 v_mand=0.00019 ptv=0.1030 ptv_max=0.00997 ring=0.03850 smooth=0.1751 beam=0.78590
2026-05-19 17:04:16 [INFO] Step 50/54 Loss=13.3562 mse=0.7100 v_opt=0.10833 v_mand=0.03553 ptv=0.0208 ptv_max=0.00802 ring=0.03810 smooth=0.2644 beam=0.78879
2026-05-19 17:04:18 [INFO] Step 54/54 Loss=12.4926 mse=0.6525 v_opt=0.00000 v_mand=0.00000 ptv=0.1540 ptv_max=0.00005 ring=0.01723 smooth=0.1579 beam=0.83013
2026-05-19 17:04:18 [INFO] Running validation at epoch 15...
2026-05-19 17:04:41 [INFO] Epoch 15 Summary: Train=12.8463 Val=14.3765 PTV_D95=48.32Gy Bladder=31.38Gy Rectum=29.49Gy
2026-05-19 17:04:41 [INFO] Epoch 16/100 started, lr=9.46e-05
2026-05-19 17:04:47 [INFO] Step 5/54 Loss=15.3485 mse=0.6058 v_opt=0.26431 v_mand=0.14634 ptv=0.0670 ptv_max=0.00218 ring=0.03438 smooth=0.1909 beam=0.75779
2026-05-19 17:04:49 [INFO] Step 10/54 Loss=11.4630 mse=0.6139 v_opt=0.06434 v_mand=0.01054 ptv=0.0359 ptv_max=0.00341 ring=0.04118 smooth=0.2197 beam=0.75251
2026-05-19 17:04:52 [INFO] Step 15/54 Loss=12.9754 mse=0.7579 v_opt=0.02494 v_mand=0.00300 ptv=0.0707 ptv_max=0.00523 ring=0.03915 smooth=0.1586 beam=0.74008
2026-05-19 17:04:55 [INFO] Step 20/54 Loss=12.0749 mse=0.5000 v_opt=0.16503 v_mand=0.05610 ptv=0.0307 ptv_max=0.00543 ring=0.05400 smooth=0.2073 beam=0.78648
2026-05-19 17:04:58 [INFO] Step 25/54 Loss=23.6808 mse=0.7680 v_opt=0.58929 v_mand=0.42849 ptv=0.0000 ptv_max=0.00000 ring=0.00000 smooth=0.2342 beam=0.81728
2026-05-19 17:05:01 [INFO] Step 30/54 Loss=12.7010 mse=0.7197 v_opt=0.03020 v_mand=0.00469 ptv=0.0439 ptv_max=0.00073 ring=0.03384 smooth=0.1898 beam=0.86468
2026-05-19 17:05:04 [INFO] Step 35/54 Loss=11.0996 mse=0.4959 v_opt=0.12443 v_mand=0.03590 ptv=0.0366 ptv_max=0.00698 ring=0.04957 smooth=0.2022 beam=0.70316
2026-05-19 17:05:07 [INFO] Step 40/54 Loss=10.0793 mse=0.5146 v_opt=0.06929 v_mand=0.01174 ptv=0.0337 ptv_max=0.00211 ring=0.03563 smooth=0.1710 beam=0.70144
2026-05-19 17:05:09 [INFO] Step 45/54 Loss=12.3637 mse=0.6490 v_opt=0.07668 v_mand=0.01727 ptv=0.1046 ptv_max=0.00026 ring=0.02277 smooth=0.1694 beam=0.77403
2026-05-19 17:05:14 [INFO] Step 50/54 Loss=14.1884 mse=0.6931 v_opt=0.14035 v_mand=0.06641 ptv=0.0495 ptv_max=0.00197 ring=0.04075 smooth=0.1709 beam=0.81895
2026-05-19 17:05:15 [INFO] Step 54/54 Loss=10.8859 mse=0.5283 v_opt=0.05571 v_mand=0.01789 ptv=0.0558 ptv_max=0.00133 ring=0.04094 smooth=0.1475 beam=0.75826
2026-05-19 17:05:16 [INFO] Running validation at epoch 16...
2026-05-19 17:05:39 [INFO] Epoch 16 Summary: Train=12.3322 Val=13.5168 PTV_D95=54.00Gy Bladder=30.78Gy Rectum=25.24Gy
2026-05-19 17:05:39 [INFO] [PHYSICS] Saved best model val_loss=13.5168
2026-05-19 17:05:39 [INFO] [CLINICAL] Saved best model Score=55.989 PTV_D95=54.00Gy Bladder=30.78Gy Rectum=25.24Gy
2026-05-19 17:05:39 [INFO] Epoch 17/100 started, lr=9.39e-05
2026-05-19 17:05:44 [INFO] Step 5/54 Loss=14.7773 mse=0.8192 v_opt=0.02102 v_mand=0.00168 ptv=0.1650 ptv_max=0.00958 ring=0.02672 smooth=0.1726 beam=0.79084
2026-05-19 17:05:47 [INFO] Step 10/54 Loss=10.5559 mse=0.5561 v_opt=0.01232 v_mand=0.00003 ptv=0.0778 ptv_max=0.00026 ring=0.02626 smooth=0.1482 beam=0.75407
2026-05-19 17:05:50 [INFO] Step 15/54 Loss=27.6866 mse=0.6953 v_opt=0.81157 v_mand=0.50496 ptv=0.0800 ptv_max=0.01873 ring=0.03780 smooth=0.1536 beam=0.83342
2026-05-19 17:05:52 [INFO] Step 20/54 Loss=12.0727 mse=0.5441 v_opt=0.13501 v_mand=0.05889 ptv=0.0359 ptv_max=0.00223 ring=0.03327 smooth=0.1621 beam=0.78077
2026-05-19 17:05:57 [INFO] Step 25/54 Loss=10.7009 mse=0.5354 v_opt=0.07439 v_mand=0.01615 ptv=0.0430 ptv_max=0.00386 ring=0.03029 smooth=0.1606 beam=0.74033
2026-05-19 17:05:59 [INFO] Step 30/54 Loss=11.1125 mse=0.5784 v_opt=0.04204 v_mand=0.01090 ptv=0.0371 ptv_max=0.00217 ring=0.04176 smooth=0.1684 beam=0.76974
2026-05-19 17:06:02 [INFO] Step 35/54 Loss=9.9266 mse=0.5148 v_opt=0.00457 v_mand=0.00000 ptv=0.0431 ptv_max=0.00758 ring=0.03678 smooth=0.1580 beam=0.67844
2026-05-19 17:06:04 [INFO] Step 40/54 Loss=9.8530 mse=0.4977 v_opt=0.01516 v_mand=0.00012 ptv=0.0489 ptv_max=0.00369 ring=0.03828 smooth=0.1500 beam=0.71609
2026-05-19 17:06:09 [INFO] Step 45/54 Loss=10.9811 mse=0.6040 v_opt=0.03605 v_mand=0.00421 ptv=0.0465 ptv_max=0.00115 ring=0.04051 smooth=0.1910 beam=0.72295
2026-05-19 17:06:11 [INFO] Step 50/54 Loss=12.6747 mse=0.6426 v_opt=0.08439 v_mand=0.02752 ptv=0.0642 ptv_max=0.00543 ring=0.03480 smooth=0.1814 beam=0.78767
2026-05-19 17:06:13 [INFO] Step 54/54 Loss=13.9452 mse=0.8233 v_opt=0.07289 v_mand=0.02419 ptv=0.0216 ptv_max=0.00686 ring=0.04483 smooth=0.1512 beam=0.74303
2026-05-19 17:06:13 [INFO] Running validation at epoch 17...
2026-05-19 17:06:36 [INFO] Epoch 17 Summary: Train=12.1366 Val=13.2065 PTV_D95=53.47Gy Bladder=31.54Gy Rectum=27.42Gy
2026-05-19 17:06:36 [INFO] [PHYSICS] Saved best model val_loss=13.2065
2026-05-19 17:06:36 [INFO] Epoch 18/100 started, lr=9.31e-05
2026-05-19 17:06:42 [INFO] Step 5/54 Loss=12.6739 mse=0.6365 v_opt=0.06371 v_mand=0.01854 ptv=0.1355 ptv_max=0.00013 ring=0.02479 smooth=0.1535 beam=0.79403
2026-05-19 17:06:45 [INFO] Step 10/54 Loss=9.5052 mse=0.4717 v_opt=0.00610 v_mand=0.00000 ptv=0.1052 ptv_max=0.00027 ring=0.02496 smooth=0.1604 beam=0.66416
2026-05-19 17:06:47 [INFO] Step 15/54 Loss=8.9904 mse=0.4366 v_opt=0.00000 v_mand=0.00000 ptv=0.0541 ptv_max=0.00559 ring=0.03584 smooth=0.1346 beam=0.65050
2026-05-19 17:06:50 [INFO] Step 20/54 Loss=11.4368 mse=0.5529 v_opt=0.11470 v_mand=0.04717 ptv=0.0331 ptv_max=0.00294 ring=0.03541 smooth=0.1263 beam=0.69541
2026-05-19 17:06:54 [INFO] Step 25/54 Loss=13.1625 mse=0.6211 v_opt=0.11893 v_mand=0.05030 ptv=0.0694 ptv_max=0.00166 ring=0.03579 smooth=0.1353 beam=0.82576
2026-05-19 17:06:57 [INFO] Step 30/54 Loss=13.7604 mse=0.8967 v_opt=0.02266 v_mand=0.00049 ptv=0.0401 ptv_max=0.00157 ring=0.03714 smooth=0.1638 beam=0.73657
2026-05-19 17:06:59 [INFO] Step 35/54 Loss=10.6850 mse=0.5380 v_opt=0.05041 v_mand=0.01462 ptv=0.0343 ptv_max=0.00544 ring=0.03457 smooth=0.1805 beam=0.73751
2026-05-19 17:07:02 [INFO] Step 40/54 Loss=12.1424 mse=0.6130 v_opt=0.10193 v_mand=0.04263 ptv=0.0486 ptv_max=0.00098 ring=0.03031 smooth=0.2019 beam=0.74675
2026-05-19 17:07:07 [INFO] Step 45/54 Loss=9.7645 mse=0.4703 v_opt=0.04988 v_mand=0.01292 ptv=0.0551 ptv_max=0.00055 ring=0.02965 smooth=0.1806 beam=0.71941
2026-05-19 17:07:10 [INFO] Step 50/54 Loss=9.9629 mse=0.5240 v_opt=0.02218 v_mand=0.00195 ptv=0.0325 ptv_max=0.00309 ring=0.03688 smooth=0.1542 beam=0.71636
2026-05-19 17:07:12 [INFO] Step 54/54 Loss=15.1094 mse=0.6199 v_opt=0.23441 v_mand=0.12978 ptv=0.0284 ptv_max=0.00366 ring=0.04176 smooth=0.1487 beam=0.81787
2026-05-19 17:07:12 [INFO] Running validation at epoch 18...
2026-05-19 17:07:35 [INFO] Epoch 18 Summary: Train=11.7040 Val=13.1672 PTV_D95=56.68Gy Bladder=29.45Gy Rectum=31.70Gy
2026-05-19 17:07:35 [INFO] [PHYSICS] Saved best model val_loss=13.1672
2026-05-19 17:07:35 [INFO] [CLINICAL] Saved best model Score=48.873 PTV_D95=56.68Gy Bladder=29.45Gy Rectum=31.70Gy
2026-05-19 17:07:35 [INFO] Epoch 19/100 started, lr=9.23e-05
2026-05-19 17:07:40 [INFO] Step 5/54 Loss=13.2082 mse=0.6725 v_opt=0.13092 v_mand=0.03804 ptv=0.0497 ptv_max=0.00738 ring=0.02937 smooth=0.1448 beam=0.79007
2026-05-19 17:07:43 [INFO] Step 10/54 Loss=11.0846 mse=0.6182 v_opt=0.02370 v_mand=0.00188 ptv=0.0387 ptv_max=0.00203 ring=0.02946 smooth=0.1334 beam=0.77284
2026-05-19 17:07:45 [INFO] Step 15/54 Loss=11.5630 mse=0.6277 v_opt=0.05543 v_mand=0.00703 ptv=0.0533 ptv_max=0.00093 ring=0.03944 smooth=0.1476 beam=0.76271
2026-05-19 17:07:48 [INFO] Step 20/54 Loss=10.1242 mse=0.5057 v_opt=0.01732 v_mand=0.00037 ptv=0.0629 ptv_max=0.00355 ring=0.03508 smooth=0.1424 beam=0.73534
2026-05-19 17:07:53 [INFO] Step 25/54 Loss=13.5723 mse=0.8104 v_opt=0.07219 v_mand=0.02215 ptv=0.0292 ptv_max=0.00211 ring=0.04111 smooth=0.1582 beam=0.74814
2026-05-19 17:07:56 [INFO] Step 30/54 Loss=8.4836 mse=0.4000 v_opt=0.00000 v_mand=0.00000 ptv=0.0506 ptv_max=0.00101 ring=0.03458 smooth=0.1220 beam=0.67928
2026-05-19 17:07:58 [INFO] Step 35/54 Loss=10.3506 mse=0.4581 v_opt=0.08583 v_mand=0.02348 ptv=0.0416 ptv_max=0.00854 ring=0.04491 smooth=0.1304 beam=0.69636
2026-05-19 17:08:00 [INFO] Step 40/54 Loss=14.1733 mse=0.8930 v_opt=0.05174 v_mand=0.01440 ptv=0.0774 ptv_max=0.00386 ring=0.03238 smooth=0.1312 beam=0.66290
2026-05-19 17:08:05 [INFO] Step 45/54 Loss=8.8584 mse=0.4254 v_opt=0.02772 v_mand=0.00411 ptv=0.0475 ptv_max=0.00196 ring=0.03018 smooth=0.1305 beam=0.68151
2026-05-19 17:08:07 [INFO] Step 50/54 Loss=9.6271 mse=0.4755 v_opt=0.00007 v_mand=0.00000 ptv=0.1039 ptv_max=0.00065 ring=0.02448 smooth=0.1056 beam=0.68462
2026-05-19 17:08:10 [INFO] Step 54/54 Loss=11.0635 mse=0.5866 v_opt=0.07629 v_mand=0.01517 ptv=0.0164 ptv_max=0.00853 ring=0.04025 smooth=0.1214 beam=0.69168
2026-05-19 17:08:10 [INFO] Running validation at epoch 19...
2026-05-19 17:08:33 [INFO] Epoch 19 Summary: Train=11.7712 Val=12.9492 PTV_D95=50.93Gy Bladder=28.18Gy Rectum=27.44Gy
2026-05-19 17:08:33 [INFO] [PHYSICS] Saved best model val_loss=12.9492
2026-05-19 17:08:33 [INFO] Epoch 20/100 started, lr=9.14e-05
2026-05-19 17:08:38 [INFO] Step 5/54 Loss=11.3868 mse=0.5964 v_opt=0.03802 v_mand=0.00889 ptv=0.0748 ptv_max=0.00158 ring=0.03677 smooth=0.1664 beam=0.74595
2026-05-19 17:08:40 [INFO] Step 10/54 Loss=9.9327 mse=0.4618 v_opt=0.09160 v_mand=0.03292 ptv=0.0414 ptv_max=0.00131 ring=0.03497 smooth=0.1475 beam=0.65802
2026-05-19 17:08:43 [INFO] Step 15/54 Loss=9.3434 mse=0.4366 v_opt=0.05417 v_mand=0.01518 ptv=0.0443 ptv_max=0.00183 ring=0.03570 smooth=0.1243 beam=0.68135
2026-05-19 17:08:45 [INFO] Step 20/54 Loss=13.7161 mse=0.8701 v_opt=0.04827 v_mand=0.00602 ptv=0.0464 ptv_max=0.00076 ring=0.03084 smooth=0.1723 beam=0.75726
2026-05-19 17:08:51 [INFO] Step 25/54 Loss=14.6338 mse=0.6671 v_opt=0.22130 v_mand=0.09395 ptv=0.0443 ptv_max=0.00396 ring=0.03286 smooth=0.1526 beam=0.80440
2026-05-19 17:08:53 [INFO] Step 30/54 Loss=18.3524 mse=0.6197 v_opt=0.44911 v_mand=0.25021 ptv=0.1025 ptv_max=0.00070 ring=0.02346 smooth=0.1339 beam=0.71530
2026-05-19 17:08:56 [INFO] Step 35/54 Loss=10.1398 mse=0.5176 v_opt=0.04541 v_mand=0.01279 ptv=0.0795 ptv_max=0.00109 ring=0.02219 smooth=0.1139 beam=0.67201
2026-05-19 17:08:58 [INFO] Step 40/54 Loss=9.3281 mse=0.4679 v_opt=0.00512 v_mand=0.00000 ptv=0.0481 ptv_max=0.00104 ring=0.03338 smooth=0.1233 beam=0.71877
2026-05-19 17:09:03 [INFO] Step 45/54 Loss=11.0602 mse=0.5908 v_opt=0.05054 v_mand=0.00689 ptv=0.0241 ptv_max=0.00278 ring=0.04182 smooth=0.1447 beam=0.77150
2026-05-19 17:09:05 [INFO] Step 50/54 Loss=9.7796 mse=0.5148 v_opt=0.00614 v_mand=0.00000 ptv=0.0432 ptv_max=0.00198 ring=0.03033 smooth=0.1495 beam=0.72365
2026-05-19 17:09:07 [INFO] Step 54/54 Loss=11.6521 mse=0.6244 v_opt=0.02645 v_mand=0.00334 ptv=0.0344 ptv_max=0.00238 ring=0.03197 smooth=0.1205 beam=0.86349
2026-05-19 17:09:08 [INFO] Running validation at epoch 20...
2026-05-19 17:09:31 [INFO] Epoch 20 Summary: Train=11.4234 Val=12.5159 PTV_D95=54.08Gy Bladder=29.64Gy Rectum=25.87Gy
2026-05-19 17:09:31 [INFO] [PHYSICS] Saved best model val_loss=12.5159
2026-05-19 17:09:31 [INFO] Epoch 21/100 started, lr=9.05e-05
2026-05-19 17:09:36 [INFO] Step 5/54 Loss=9.8043 mse=0.5270 v_opt=0.04392 v_mand=0.00336 ptv=0.0503 ptv_max=0.00321 ring=0.02635 smooth=0.1543 beam=0.65761
2026-05-19 17:09:39 [INFO] Step 10/54 Loss=12.1258 mse=0.6274 v_opt=0.09796 v_mand=0.03685 ptv=0.0351 ptv_max=0.00234 ring=0.04272 smooth=0.1420 beam=0.72250
2026-05-19 17:09:41 [INFO] Step 15/54 Loss=10.4000 mse=0.5406 v_opt=0.00756 v_mand=0.00000 ptv=0.0532 ptv_max=0.00313 ring=0.02816 smooth=0.1362 beam=0.77092
2026-05-19 17:09:44 [INFO] Step 20/54 Loss=11.4982 mse=0.5867 v_opt=0.07755 v_mand=0.01968 ptv=0.0379 ptv_max=0.00350 ring=0.03328 smooth=0.1263 beam=0.78357
2026-05-19 17:09:49 [INFO] Step 25/54 Loss=9.8394 mse=0.5048 v_opt=0.00032 v_mand=0.00000 ptv=0.0238 ptv_max=0.00546 ring=0.04690 smooth=0.0911 beam=0.71331
2026-05-19 17:09:52 [INFO] Step 30/54 Loss=8.5981 mse=0.4350 v_opt=0.01076 v_mand=0.00000 ptv=0.0460 ptv_max=0.00140 ring=0.03430 smooth=0.1102 beam=0.63407
2026-05-19 17:09:54 [INFO] Step 35/54 Loss=10.7693 mse=0.6061 v_opt=0.00166 v_mand=0.00000 ptv=0.0594 ptv_max=0.00067 ring=0.03316 smooth=0.1611 beam=0.71288
2026-05-19 17:09:57 [INFO] Step 40/54 Loss=12.8806 mse=0.7897 v_opt=0.04726 v_mand=0.01056 ptv=0.0395 ptv_max=0.00088 ring=0.03297 smooth=0.1100 beam=0.73617
2026-05-19 17:10:01 [INFO] Step 45/54 Loss=13.2334 mse=0.7850 v_opt=0.07646 v_mand=0.01432 ptv=0.0315 ptv_max=0.00475 ring=0.03765 smooth=0.1085 beam=0.74871
2026-05-19 17:10:04 [INFO] Step 50/54 Loss=12.1534 mse=0.5360 v_opt=0.16514 v_mand=0.07886 ptv=0.0303 ptv_max=0.00434 ring=0.03416 smooth=0.1231 beam=0.68936
2026-05-19 17:10:06 [INFO] Step 54/54 Loss=14.0450 mse=0.6193 v_opt=0.17939 v_mand=0.09525 ptv=0.0094 ptv_max=0.01131 ring=0.04853 smooth=0.1209 beam=0.74240
2026-05-19 17:10:06 [INFO] Running validation at epoch 21...
2026-05-19 17:10:29 [INFO] Epoch 21 Summary: Train=11.3096 Val=12.6663 PTV_D95=55.22Gy Bladder=29.27Gy Rectum=22.51Gy
2026-05-19 17:10:29 [INFO] Epoch 22/100 started, lr=8.96e-05
2026-05-19 17:10:35 [INFO] Step 5/54 Loss=10.4566 mse=0.5663 v_opt=0.01882 v_mand=0.00138 ptv=0.0228 ptv_max=0.00389 ring=0.03885 smooth=0.0886 beam=0.74158
2026-05-19 17:10:37 [INFO] Step 10/54 Loss=7.5797 mse=0.3524 v_opt=0.00002 v_mand=0.00000 ptv=0.0489 ptv_max=0.00102 ring=0.03178 smooth=0.1036 beam=0.60569
2026-05-19 17:10:40 [INFO] Step 15/54 Loss=10.3762 mse=0.4826 v_opt=0.09987 v_mand=0.03400 ptv=0.0433 ptv_max=0.00122 ring=0.03940 smooth=0.1337 beam=0.68040
2026-05-19 17:10:42 [INFO] Step 20/54 Loss=10.0085 mse=0.5748 v_opt=0.03028 v_mand=0.00306 ptv=0.0514 ptv_max=0.00072 ring=0.02490 smooth=0.1011 beam=0.63805
2026-05-19 17:10:47 [INFO] Step 25/54 Loss=11.9249 mse=0.6482 v_opt=0.06376 v_mand=0.01563 ptv=0.0365 ptv_max=0.00144 ring=0.03518 smooth=0.1040 beam=0.79004
2026-05-19 17:10:49 [INFO] Step 30/54 Loss=11.6801 mse=0.7770 v_opt=0.00000 v_mand=0.00000 ptv=0.0000 ptv_max=0.00000 ring=0.00000 smooth=0.2185 beam=0.77771
2026-05-19 17:10:53 [INFO] Step 35/54 Loss=10.7585 mse=0.4465 v_opt=0.18263 v_mand=0.06119 ptv=0.0223 ptv_max=0.00312 ring=0.04110 smooth=0.1351 beam=0.67782
2026-05-19 17:10:55 [INFO] Step 40/54 Loss=9.7857 mse=0.5223 v_opt=0.01261 v_mand=0.00005 ptv=0.0436 ptv_max=0.00163 ring=0.03325 smooth=0.1221 beam=0.70158
2026-05-19 17:11:00 [INFO] Step 45/54 Loss=9.8272 mse=0.5271 v_opt=0.01807 v_mand=0.00116 ptv=0.0258 ptv_max=0.00293 ring=0.03753 smooth=0.1083 beam=0.70245
2026-05-19 17:11:02 [INFO] Step 50/54 Loss=11.7338 mse=0.7217 v_opt=0.00825 v_mand=0.00000 ptv=0.0297 ptv_max=0.00443 ring=0.03503 smooth=0.1132 beam=0.68891
2026-05-19 17:11:04 [INFO] Step 54/54 Loss=10.4652 mse=0.5972 v_opt=0.00429 v_mand=0.00000 ptv=0.0465 ptv_max=0.00069 ring=0.03522 smooth=0.1065 beam=0.68934
2026-05-19 17:11:04 [INFO] Running validation at epoch 22...
2026-05-19 17:11:27 [INFO] Epoch 22 Summary: Train=10.9080 Val=12.6341 PTV_D95=55.46Gy Bladder=31.73Gy Rectum=30.20Gy
2026-05-19 17:11:27 [INFO] Epoch 23/100 started, lr=8.86e-05
2026-05-19 17:11:33 [INFO] Step 5/54 Loss=10.4680 mse=0.5246 v_opt=0.05992 v_mand=0.01749 ptv=0.0600 ptv_max=0.00277 ring=0.02754 smooth=0.1350 beam=0.70005
2026-05-19 17:11:35 [INFO] Step 10/54 Loss=10.5400 mse=0.5881 v_opt=0.02555 v_mand=0.00018 ptv=0.0357 ptv_max=0.00184 ring=0.03769 smooth=0.1212 beam=0.71542
2026-05-19 17:11:38 [INFO] Step 15/54 Loss=10.3600 mse=0.4705 v_opt=0.13700 v_mand=0.04048 ptv=0.0328 ptv_max=0.00364 ring=0.03290 smooth=0.1172 beam=0.67089
2026-05-19 17:11:40 [INFO] Step 20/54 Loss=12.3462 mse=0.5056 v_opt=0.19935 v_mand=0.09812 ptv=0.0336 ptv_max=0.00217 ring=0.03534 smooth=0.1108 beam=0.69076
2026-05-19 17:11:45 [INFO] Step 25/54 Loss=9.8833 mse=0.5502 v_opt=0.00099 v_mand=0.00000 ptv=0.0597 ptv_max=0.00081 ring=0.02647 smooth=0.1186 beam=0.66654
2026-05-19 17:11:47 [INFO] Step 30/54 Loss=11.0971 mse=0.7349 v_opt=0.00000 v_mand=0.00000 ptv=0.0000 ptv_max=0.00000 ring=0.00000 smooth=0.1453 beam=0.74679
2026-05-19 17:11:50 [INFO] Step 35/54 Loss=11.9483 mse=0.7292 v_opt=0.01750 v_mand=0.00092 ptv=0.0240 ptv_max=0.00377 ring=0.03332 smooth=0.1327 beam=0.73126
2026-05-19 17:11:52 [INFO] Step 40/54 Loss=10.2549 mse=0.5297 v_opt=0.05807 v_mand=0.01327 ptv=0.0351 ptv_max=0.00085 ring=0.03492 smooth=0.1062 beam=0.71640
2026-05-19 17:11:57 [INFO] Step 45/54 Loss=9.9086 mse=0.5072 v_opt=0.00154 v_mand=0.00000 ptv=0.0773 ptv_max=0.00172 ring=0.02960 smooth=0.1072 beam=0.70400
2026-05-19 17:11:59 [INFO] Step 50/54 Loss=11.6176 mse=0.5717 v_opt=0.10647 v_mand=0.04181 ptv=0.0267 ptv_max=0.00366 ring=0.03753 smooth=0.1135 beam=0.72365
2026-05-19 17:12:01 [INFO] Step 54/54 Loss=10.4815 mse=0.5877 v_opt=0.00000 v_mand=0.00000 ptv=0.0519 ptv_max=0.00193 ring=0.02858 smooth=0.1822 beam=0.70831
2026-05-19 17:12:01 [INFO] Running validation at epoch 23...
2026-05-19 17:12:25 [INFO] Epoch 23 Summary: Train=11.1321 Val=12.3192 PTV_D95=56.05Gy Bladder=28.92Gy Rectum=25.01Gy
2026-05-19 17:12:25 [INFO] [PHYSICS] Saved best model val_loss=12.3192
2026-05-19 17:12:25 [INFO] [CLINICAL] Saved best model Score=47.968 PTV_D95=56.05Gy Bladder=28.92Gy Rectum=25.01Gy
2026-05-19 17:12:25 [INFO] Epoch 24/100 started, lr=8.76e-05
2026-05-19 17:12:30 [INFO] Step 5/54 Loss=10.4223 mse=0.5434 v_opt=0.00684 v_mand=0.00226 ptv=0.0391 ptv_max=0.00259 ring=0.03564 smooth=0.1026 beam=0.77050
2026-05-19 17:12:32 [INFO] Step 10/54 Loss=10.6803 mse=0.4695 v_opt=0.13462 v_mand=0.06030 ptv=0.0283 ptv_max=0.00291 ring=0.04067 smooth=0.1175 beam=0.63166
2026-05-19 17:12:35 [INFO] Step 15/54 Loss=9.1461 mse=0.4531 v_opt=0.04968 v_mand=0.00755 ptv=0.0455 ptv_max=0.00060 ring=0.03887 smooth=0.1152 beam=0.64957
2026-05-19 17:12:38 [INFO] Step 20/54 Loss=10.0080 mse=0.5473 v_opt=0.01237 v_mand=0.00000 ptv=0.0478 ptv_max=0.00049 ring=0.02805 smooth=0.0947 beam=0.71538
2026-05-19 17:12:42 [INFO] Step 25/54 Loss=11.1006 mse=0.6163 v_opt=0.03136 v_mand=0.00594 ptv=0.0393 ptv_max=0.00531 ring=0.03149 smooth=0.1104 beam=0.71688
2026-05-19 17:12:44 [INFO] Step 30/54 Loss=29.7689 mse=0.5866 v_opt=0.92626 v_mand=0.66028 ptv=0.1465 ptv_max=0.00595 ring=0.02307 smooth=0.1105 beam=0.68484
2026-05-19 17:12:47 [INFO] Step 35/54 Loss=10.8179 mse=0.5854 v_opt=0.02157 v_mand=0.00220 ptv=0.1103 ptv_max=0.00098 ring=0.02172 smooth=0.1245 beam=0.67518
2026-05-19 17:12:50 [INFO] Step 40/54 Loss=10.0017 mse=0.5436 v_opt=0.00810 v_mand=0.00000 ptv=0.0650 ptv_max=0.00098 ring=0.02804 smooth=0.0859 beam=0.68432
2026-05-19 17:12:54 [INFO] Step 45/54 Loss=9.6699 mse=0.4852 v_opt=0.00000 v_mand=0.00000 ptv=0.0397 ptv_max=0.00265 ring=0.04688 smooth=0.0863 beam=0.71520
2026-05-19 17:12:57 [INFO] Step 50/54 Loss=11.7720 mse=0.6259 v_opt=0.08336 v_mand=0.01941 ptv=0.0232 ptv_max=0.00302 ring=0.04529 smooth=0.1554 beam=0.75669
2026-05-19 17:12:59 [INFO] Step 54/54 Loss=9.3507 mse=0.4707 v_opt=0.03092 v_mand=0.00328 ptv=0.0460 ptv_max=0.00115 ring=0.03187 smooth=0.1045 beam=0.69870
2026-05-19 17:13:00 [INFO] Running validation at epoch 24...
2026-05-19 17:13:23 [INFO] Epoch 24 Summary: Train=11.1083 Val=12.2486 PTV_D95=56.76Gy Bladder=28.32Gy Rectum=30.98Gy
2026-05-19 17:13:23 [INFO] [PHYSICS] Saved best model val_loss=12.2486
2026-05-19 17:13:23 [INFO] [CLINICAL] Saved best model Score=47.916 PTV_D95=56.76Gy Bladder=28.32Gy Rectum=30.98Gy
2026-05-19 17:13:23 [INFO] Epoch 25/100 started, lr=8.66e-05
2026-05-19 17:13:28 [INFO] Step 5/54 Loss=11.9090 mse=0.7499 v_opt=0.00950 v_mand=0.00000 ptv=0.0173 ptv_max=0.00391 ring=0.04439 smooth=0.0895 beam=0.66943
2026-05-19 17:13:31 [INFO] Step 10/54 Loss=8.6569 mse=0.4324 v_opt=0.05150 v_mand=0.00430 ptv=0.0424 ptv_max=0.00151 ring=0.03221 smooth=0.1075 beam=0.62589
2026-05-19 17:13:33 [INFO] Step 15/54 Loss=10.7565 mse=0.4469 v_opt=0.14464 v_mand=0.06727 ptv=0.0373 ptv_max=0.00162 ring=0.03614 smooth=0.1073 beam=0.66193
2026-05-19 17:13:36 [INFO] Step 20/54 Loss=12.5585 mse=0.6419 v_opt=0.06423 v_mand=0.01922 ptv=0.1005 ptv_max=0.00103 ring=0.02255 smooth=0.0817 beam=0.82545
2026-05-19 17:13:40 [INFO] Step 25/54 Loss=8.8491 mse=0.4360 v_opt=0.02771 v_mand=0.00230 ptv=0.0658 ptv_max=0.00062 ring=0.02678 smooth=0.0973 beam=0.65517
2026-05-19 17:13:43 [INFO] Step 30/54 Loss=12.8845 mse=0.8280 v_opt=0.02010 v_mand=0.00163 ptv=0.0369 ptv_max=0.00199 ring=0.03012 smooth=0.1051 beam=0.71849
2026-05-19 17:13:45 [INFO] Step 35/54 Loss=11.6768 mse=0.5896 v_opt=0.09752 v_mand=0.03855 ptv=0.0240 ptv_max=0.00576 ring=0.04106 smooth=0.1310 beam=0.69297
2026-05-19 17:13:47 [INFO] Step 40/54 Loss=11.7172 mse=0.7084 v_opt=0.00683 v_mand=0.00000 ptv=0.0312 ptv_max=0.00727 ring=0.03409 smooth=0.1000 beam=0.68463
2026-05-19 17:13:52 [INFO] Step 45/54 Loss=11.1571 mse=0.5231 v_opt=0.12138 v_mand=0.04881 ptv=0.0820 ptv_max=0.00018 ring=0.02220 smooth=0.1077 beam=0.65810
2026-05-19 17:13:54 [INFO] Step 50/54 Loss=8.8493 mse=0.4617 v_opt=0.02595 v_mand=0.00298 ptv=0.0558 ptv_max=0.00048 ring=0.02675 smooth=0.1045 beam=0.62246
2026-05-19 17:13:57 [INFO] Step 54/54 Loss=10.7662 mse=0.4969 v_opt=0.10321 v_mand=0.04029 ptv=0.0477 ptv_max=0.00078 ring=0.03046 smooth=0.0936 beam=0.72044
2026-05-19 17:13:57 [INFO] Running validation at epoch 25...
2026-05-19 17:14:20 [INFO] Epoch 25 Summary: Train=10.6082 Val=12.2795 PTV_D95=55.71Gy Bladder=30.82Gy Rectum=25.07Gy
2026-05-19 17:14:20 [INFO] Epoch 26/100 started, lr=8.55e-05
2026-05-19 17:14:26 [INFO] Step 5/54 Loss=11.1773 mse=0.7425 v_opt=0.00000 v_mand=0.00000 ptv=0.0000 ptv_max=0.00000 ring=0.00000 smooth=0.1537 beam=0.74749
2026-05-19 17:14:28 [INFO] Step 10/54 Loss=11.1385 mse=0.4734 v_opt=0.13866 v_mand=0.06280 ptv=0.0689 ptv_max=0.00286 ring=0.02960 smooth=0.1300 beam=0.65368
2026-05-19 17:14:31 [INFO] Step 15/54 Loss=10.1402 mse=0.5445 v_opt=0.02096 v_mand=0.00184 ptv=0.0529 ptv_max=0.00039 ring=0.02703 smooth=0.1192 beam=0.72832
2026-05-19 17:14:33 [INFO] Step 20/54 Loss=11.2198 mse=0.5649 v_opt=0.05424 v_mand=0.01714 ptv=0.0440 ptv_max=0.00065 ring=0.03527 smooth=0.1058 beam=0.80439
2026-05-19 17:14:38 [INFO] Step 25/54 Loss=11.6271 mse=0.6291 v_opt=0.05554 v_mand=0.01722 ptv=0.0165 ptv_max=0.00496 ring=0.04047 smooth=0.1093 beam=0.75285
2026-05-19 17:14:40 [INFO] Step 30/54 Loss=10.0419 mse=0.5393 v_opt=0.03777 v_mand=0.00887 ptv=0.0151 ptv_max=0.00458 ring=0.04188 smooth=0.1101 beam=0.66648
2026-05-19 17:14:42 [INFO] Step 35/54 Loss=9.5350 mse=0.4915 v_opt=0.02578 v_mand=0.00164 ptv=0.0740 ptv_max=0.00031 ring=0.02809 smooth=0.1069 beam=0.66792
2026-05-19 17:14:45 [INFO] Step 40/54 Loss=10.8543 mse=0.5598 v_opt=0.06301 v_mand=0.02022 ptv=0.0584 ptv_max=0.00072 ring=0.02978 smooth=0.1107 beam=0.70932
2026-05-19 17:14:49 [INFO] Step 45/54 Loss=10.7611 mse=0.7036 v_opt=0.00000 v_mand=0.00000 ptv=0.0000 ptv_max=0.00000 ring=0.00000 smooth=0.1224 beam=0.74264
2026-05-19 17:14:52 [INFO] Step 50/54 Loss=8.4086 mse=0.4302 v_opt=0.00010 v_mand=0.00000 ptv=0.0322 ptv_max=0.00681 ring=0.03724 smooth=0.0835 beam=0.57540
2026-05-19 17:14:54 [INFO] Step 54/54 Loss=10.2305 mse=0.5847 v_opt=0.02263 v_mand=0.00046 ptv=0.0298 ptv_max=0.00133 ring=0.03389 smooth=0.1167 beam=0.68827
2026-05-19 17:14:54 [INFO] Running validation at epoch 26...
2026-05-19 17:15:18 [INFO] Epoch 26 Summary: Train=11.0677 Val=11.9083 PTV_D95=55.91Gy Bladder=29.99Gy Rectum=26.68Gy
2026-05-19 17:15:18 [INFO] [PHYSICS] Saved best model val_loss=11.9083
2026-05-19 17:15:18 [INFO] Epoch 27/100 started, lr=8.44e-05
2026-05-19 17:15:23 [INFO] Step 5/54 Loss=10.4138 mse=0.5507 v_opt=0.00368 v_mand=0.00000 ptv=0.0820 ptv_max=0.00092 ring=0.02798 smooth=0.0818 beam=0.72100
2026-05-19 17:15:25 [INFO] Step 10/54 Loss=11.1294 mse=0.4980 v_opt=0.14158 v_mand=0.06490 ptv=0.0294 ptv_max=0.00197 ring=0.03777 smooth=0.0901 beam=0.65512
2026-05-19 17:15:28 [INFO] Step 15/54 Loss=8.3271 mse=0.4058 v_opt=0.02117 v_mand=0.00136 ptv=0.0341 ptv_max=0.00378 ring=0.03899 smooth=0.1019 beam=0.61355
2026-05-19 17:15:31 [INFO] Step 20/54 Loss=7.8157 mse=0.3796 v_opt=0.01027 v_mand=0.00000 ptv=0.0370 ptv_max=0.00163 ring=0.03114 smooth=0.1010 beam=0.61398
2026-05-19 17:15:35 [INFO] Step 25/54 Loss=9.7226 mse=0.5232 v_opt=0.03409 v_mand=0.00683 ptv=0.0389 ptv_max=0.00125 ring=0.03523 smooth=0.0971 beam=0.65248
2026-05-19 17:15:38 [INFO] Step 30/54 Loss=8.2528 mse=0.4032 v_opt=0.02160 v_mand=0.00221 ptv=0.0421 ptv_max=0.00122 ring=0.02994 smooth=0.0895 beam=0.63658
2026-05-19 17:15:40 [INFO] Step 35/54 Loss=10.4917 mse=0.5806 v_opt=0.01681 v_mand=0.00000 ptv=0.0732 ptv_max=0.00091 ring=0.02613 smooth=0.1131 beam=0.69433
2026-05-19 17:15:43 [INFO] Step 40/54 Loss=9.2582 mse=0.4915 v_opt=0.00918 v_mand=0.00005 ptv=0.0308 ptv_max=0.00186 ring=0.03076 smooth=0.0905 beam=0.69046
2026-05-19 17:15:47 [INFO] Step 45/54 Loss=10.7747 mse=0.5391 v_opt=0.03595 v_mand=0.00527 ptv=0.0230 ptv_max=0.00692 ring=0.04674 smooth=0.0951 beam=0.77855
2026-05-19 17:15:49 [INFO] Step 50/54 Loss=11.1847 mse=0.6366 v_opt=0.01969 v_mand=0.00138 ptv=0.0255 ptv_max=0.00126 ring=0.03577 smooth=0.0923 beam=0.77623
2026-05-19 17:15:51 [INFO] Step 54/54 Loss=10.8632 mse=0.5751 v_opt=0.08648 v_mand=0.01989 ptv=0.0467 ptv_max=0.00029 ring=0.02967 smooth=0.0933 beam=0.70129
2026-05-19 17:15:51 [INFO] Running validation at epoch 27...
2026-05-19 17:16:15 [INFO] Epoch 27 Summary: Train=10.5390 Val=11.8729 PTV_D95=54.42Gy Bladder=28.81Gy Rectum=27.88Gy
2026-05-19 17:16:15 [INFO] [PHYSICS] Saved best model val_loss=11.8729
2026-05-19 17:16:15 [INFO] Epoch 28/100 started, lr=8.32e-05
2026-05-19 17:16:21 [INFO] Step 5/54 Loss=8.7074 mse=0.4184 v_opt=0.05357 v_mand=0.00731 ptv=0.0453 ptv_max=0.00089 ring=0.03342 smooth=0.1019 beam=0.64491
2026-05-19 17:16:23 [INFO] Step 10/54 Loss=8.3837 mse=0.4134 v_opt=0.00674 v_mand=0.00000 ptv=0.0323 ptv_max=0.00187 ring=0.03470 smooth=0.0731 beam=0.65840
2026-05-19 17:16:26 [INFO] Step 15/54 Loss=9.4347 mse=0.4757 v_opt=0.03146 v_mand=0.00599 ptv=0.0193 ptv_max=0.00582 ring=0.03985 smooth=0.0903 beam=0.67497
2026-05-19 17:16:28 [INFO] Step 20/54 Loss=10.0425 mse=0.4683 v_opt=0.11927 v_mand=0.02881 ptv=0.0300 ptv_max=0.00259 ring=0.03958 smooth=0.1052 beam=0.67334
2026-05-19 17:16:33 [INFO] Step 25/54 Loss=10.2567 mse=0.6632 v_opt=0.00000 v_mand=0.00000 ptv=0.0000 ptv_max=0.00000 ring=0.00000 smooth=0.0951 beam=0.72301
2026-05-19 17:16:36 [INFO] Step 30/54 Loss=8.8423 mse=0.4462 v_opt=0.01284 v_mand=0.00014 ptv=0.0712 ptv_max=0.00031 ring=0.02542 smooth=0.1198 beam=0.64597
2026-05-19 17:16:38 [INFO] Step 35/54 Loss=9.5588 mse=0.4450 v_opt=0.09340 v_mand=0.02792 ptv=0.0226 ptv_max=0.00421 ring=0.03397 smooth=0.1220 beam=0.65317
2026-05-19 17:16:41 [INFO] Step 40/54 Loss=10.8622 mse=0.6266 v_opt=0.00030 v_mand=0.00000 ptv=0.0310 ptv_max=0.00184 ring=0.03274 smooth=0.1028 beam=0.73863
2026-05-19 17:16:45 [INFO] Step 45/54 Loss=9.0969 mse=0.4542 v_opt=0.03373 v_mand=0.00644 ptv=0.0421 ptv_max=0.00191 ring=0.04074 smooth=0.1064 beam=0.63749
2026-05-19 17:16:47 [INFO] Step 50/54 Loss=8.8992 mse=0.4381 v_opt=0.03043 v_mand=0.00520 ptv=0.0395 ptv_max=0.00107 ring=0.03233 smooth=0.1009 beam=0.67694
2026-05-19 17:16:49 [INFO] Step 54/54 Loss=13.1333 mse=0.8443 v_opt=0.04522 v_mand=0.00984 ptv=0.0835 ptv_max=0.00099 ring=0.02352 smooth=0.1092 beam=0.62104
2026-05-19 17:16:49 [INFO] Running validation at epoch 28...
2026-05-19 17:17:13 [INFO] Epoch 28 Summary: Train=10.9182 Val=11.9518 PTV_D95=56.90Gy Bladder=30.63Gy Rectum=22.55Gy
2026-05-19 17:17:13 [INFO] [CLINICAL] Saved best model Score=47.142 PTV_D95=56.90Gy Bladder=30.63Gy Rectum=22.55Gy
2026-05-19 17:17:13 [INFO] Epoch 29/100 started, lr=8.21e-05
2026-05-19 17:17:18 [INFO] Step 5/54 Loss=7.6925 mse=0.3408 v_opt=0.02591 v_mand=0.00308 ptv=0.0335 ptv_max=0.00132 ring=0.03382 smooth=0.1124 beam=0.64720
2026-05-19 17:17:21 [INFO] Step 10/54 Loss=11.7087 mse=0.7363 v_opt=0.00349 v_mand=0.00000 ptv=0.0151 ptv_max=0.00411 ring=0.04369 smooth=0.0777 beam=0.66396
2026-05-19 17:17:23 [INFO] Step 15/54 Loss=10.4318 mse=0.4423 v_opt=0.14733 v_mand=0.05184 ptv=0.0402 ptv_max=0.00105 ring=0.03518 smooth=0.0863 beam=0.68554
2026-05-19 17:17:26 [INFO] Step 20/54 Loss=10.2895 mse=0.5897 v_opt=0.03211 v_mand=0.00173 ptv=0.0392 ptv_max=0.00100 ring=0.03091 smooth=0.1063 beam=0.67381
2026-05-19 17:17:30 [INFO] Step 25/54 Loss=10.0887 mse=0.5795 v_opt=0.00176 v_mand=0.00000 ptv=0.0489 ptv_max=0.00117 ring=0.02590 smooth=0.0917 beam=0.66889
2026-05-19 17:17:33 [INFO] Step 30/54 Loss=11.6908 mse=0.6230 v_opt=0.08378 v_mand=0.03316 ptv=0.0236 ptv_max=0.00261 ring=0.02806 smooth=0.0843 beam=0.73379
2026-05-19 17:17:35 [INFO] Step 35/54 Loss=12.7932 mse=0.7647 v_opt=0.04759 v_mand=0.01379 ptv=0.0231 ptv_max=0.00659 ring=0.04198 smooth=0.0814 beam=0.70159
2026-05-19 17:17:38 [INFO] Step 40/54 Loss=11.0841 mse=0.6676 v_opt=0.01813 v_mand=0.00120 ptv=0.0261 ptv_max=0.00402 ring=0.03231 smooth=0.0952 beam=0.67716
2026-05-19 17:17:42 [INFO] Step 45/54 Loss=9.6994 mse=0.4974 v_opt=0.01422 v_mand=0.00251 ptv=0.0321 ptv_max=0.00176 ring=0.03647 smooth=0.0911 beam=0.73373
2026-05-19 17:17:45 [INFO] Step 50/54 Loss=11.4998 mse=0.3794 v_opt=0.26673 v_mand=0.12998 ptv=0.0268 ptv_max=0.00157 ring=0.03645 smooth=0.0917 beam=0.60412
2026-05-19 17:17:47 [INFO] Step 54/54 Loss=9.1009 mse=0.4708 v_opt=0.03904 v_mand=0.00673 ptv=0.0287 ptv_max=0.00183 ring=0.03313 smooth=0.0794 beam=0.65265
2026-05-19 17:17:47 [INFO] Running validation at epoch 29...
2026-05-19 17:18:11 [INFO] Epoch 29 Summary: Train=10.2501 Val=12.8990 PTV_D95=57.23Gy Bladder=29.85Gy Rectum=34.92Gy
2026-05-19 17:18:11 [INFO] Epoch 30/100 started, lr=8.08e-05
2026-05-19 17:18:16 [INFO] Step 5/54 Loss=8.4193 mse=0.4008 v_opt=0.04439 v_mand=0.00950 ptv=0.0591 ptv_max=0.00061 ring=0.02639 smooth=0.0760 beam=0.61205
2026-05-19 17:18:18 [INFO] Step 10/54 Loss=38.2164 mse=0.5617 v_opt=1.32313 v_mand=0.96392 ptv=0.1299 ptv_max=0.00757 ring=0.05587 smooth=0.0911 beam=0.66616
2026-05-19 17:18:21 [INFO] Step 15/54 Loss=9.2868 mse=0.4299 v_opt=0.08668 v_mand=0.03112 ptv=0.0280 ptv_max=0.00209 ring=0.03047 smooth=0.0727 beam=0.63747
2026-05-19 17:18:23 [INFO] Step 20/54 Loss=13.0390 mse=0.6537 v_opt=0.03242 v_mand=0.00640 ptv=0.2430 ptv_max=0.00103 ring=0.01912 smooth=0.1047 beam=0.69966
2026-05-19 17:18:28 [INFO] Step 25/54 Loss=10.0602 mse=0.5624 v_opt=0.01216 v_mand=0.00008 ptv=0.0301 ptv_max=0.00172 ring=0.03298 smooth=0.1076 beam=0.70352
2026-05-19 17:18:31 [INFO] Step 30/54 Loss=14.1556 mse=0.4941 v_opt=0.34160 v_mand=0.16343 ptv=0.0279 ptv_max=0.00192 ring=0.03759 smooth=0.1147 beam=0.69905
2026-05-19 17:18:33 [INFO] Step 35/54 Loss=11.0180 mse=0.6747 v_opt=0.04399 v_mand=0.00353 ptv=0.0237 ptv_max=0.00295 ring=0.03634 smooth=0.1238 beam=0.63046
2026-05-19 17:18:36 [INFO] Step 40/54 Loss=14.3757 mse=0.5786 v_opt=0.25232 v_mand=0.14464 ptv=0.0305 ptv_max=0.00200 ring=0.03688 smooth=0.1041 beam=0.70012
2026-05-19 17:18:41 [INFO] Step 45/54 Loss=9.9503 mse=0.5608 v_opt=0.00000 v_mand=0.00000 ptv=0.0619 ptv_max=0.00055 ring=0.02533 smooth=0.0797 beam=0.66152
2026-05-19 17:18:43 [INFO] Step 50/54 Loss=11.3188 mse=0.6929 v_opt=0.01347 v_mand=0.00023 ptv=0.0225 ptv_max=0.00351 ring=0.03102 smooth=0.0880 beam=0.69632
2026-05-19 17:18:45 [INFO] Step 54/54 Loss=8.7338 mse=0.3714 v_opt=0.09561 v_mand=0.02847 ptv=0.0273 ptv_max=0.00294 ring=0.03855 smooth=0.0964 beam=0.62191
2026-05-19 17:18:45 [INFO] Running validation at epoch 30...
2026-05-19 17:19:09 [INFO] Epoch 30 Summary: Train=10.9505 Val=12.2625 PTV_D95=57.85Gy Bladder=30.68Gy Rectum=27.51Gy
2026-05-19 17:19:09 [INFO] [CLINICAL] Saved best model Score=44.333 PTV_D95=57.85Gy Bladder=30.68Gy Rectum=27.51Gy
2026-05-19 17:19:09 [INFO] Epoch 31/100 started, lr=7.96e-05
2026-05-19 17:19:14 [INFO] Step 5/54 Loss=8.2386 mse=0.4298 v_opt=0.00000 v_mand=0.00000 ptv=0.0318 ptv_max=0.00448 ring=0.03044 smooth=0.0827 beam=0.58670
2026-05-19 17:19:17 [INFO] Step 10/54 Loss=11.2747 mse=0.7054 v_opt=0.01500 v_mand=0.00045 ptv=0.0194 ptv_max=0.00293 ring=0.03541 smooth=0.0593 beam=0.66036
2026-05-19 17:19:19 [INFO] Step 15/54 Loss=11.0194 mse=0.6367 v_opt=0.00999 v_mand=0.00000 ptv=0.0481 ptv_max=0.00072 ring=0.02835 smooth=0.1212 beam=0.73558
2026-05-19 17:19:21 [INFO] Step 20/54 Loss=8.4701 mse=0.4322 v_opt=0.02132 v_mand=0.00001 ptv=0.0458 ptv_max=0.00046 ring=0.02802 smooth=0.0838 beam=0.63932
2026-05-19 17:19:26 [INFO] Step 25/54 Loss=9.6215 mse=0.4728 v_opt=0.06866 v_mand=0.02012 ptv=0.0293 ptv_max=0.00203 ring=0.03564 smooth=0.0763 beam=0.66334
2026-05-19 17:19:29 [INFO] Step 30/54 Loss=8.6570 mse=0.4661 v_opt=0.01623 v_mand=0.00000 ptv=0.0232 ptv_max=0.00258 ring=0.03334 smooth=0.0727 beam=0.61899
2026-05-19 17:19:31 [INFO] Step 35/54 Loss=8.5406 mse=0.4267 v_opt=0.02920 v_mand=0.00382 ptv=0.0428 ptv_max=0.00091 ring=0.03174 smooth=0.0774 beam=0.63255
2026-05-19 17:19:33 [INFO] Step 40/54 Loss=11.1236 mse=0.6601 v_opt=0.00716 v_mand=0.00000 ptv=0.0387 ptv_max=0.00112 ring=0.02885 smooth=0.0936 beam=0.72471
2026-05-19 17:19:38 [INFO] Step 45/54 Loss=11.1560 mse=0.4502 v_opt=0.17568 v_mand=0.08911 ptv=0.0462 ptv_max=0.00217 ring=0.02907 smooth=0.1011 beam=0.61162
2026-05-19 17:19:41 [INFO] Step 50/54 Loss=10.2708 mse=0.5477 v_opt=0.02811 v_mand=0.00356 ptv=0.0472 ptv_max=0.00151 ring=0.02697 smooth=0.0746 beam=0.73770
2026-05-19 17:19:43 [INFO] Step 54/54 Loss=11.1361 mse=0.6797 v_opt=0.00915 v_mand=0.00000 ptv=0.0308 ptv_max=0.00440 ring=0.03097 smooth=0.0873 beam=0.66397
2026-05-19 17:19:43 [INFO] Running validation at epoch 31...
2026-05-19 17:20:06 [INFO] Epoch 31 Summary: Train=9.8148 Val=11.3646 PTV_D95=56.22Gy Bladder=28.78Gy Rectum=27.22Gy
2026-05-19 17:20:06 [INFO] [PHYSICS] Saved best model val_loss=11.3646
2026-05-19 17:20:06 [INFO] Epoch 32/100 started, lr=7.83e-05
2026-05-19 17:20:12 [INFO] Step 5/54 Loss=7.1787 mse=0.3456 v_opt=0.00001 v_mand=0.00000 ptv=0.0359 ptv_max=0.00173 ring=0.03212 smooth=0.0734 beam=0.55773
2026-05-19 17:20:15 [INFO] Step 10/54 Loss=8.4608 mse=0.4227 v_opt=0.00537 v_mand=0.00000 ptv=0.0212 ptv_max=0.00296 ring=0.03685 smooth=0.0680 beam=0.66078
2026-05-19 17:20:17 [INFO] Step 15/54 Loss=12.4457 mse=0.6720 v_opt=0.12472 v_mand=0.05360 ptv=0.0255 ptv_max=0.00170 ring=0.03213 smooth=0.0939 beam=0.66080
2026-05-19 17:20:20 [INFO] Step 20/54 Loss=10.5753 mse=0.6987 v_opt=0.00000 v_mand=0.00000 ptv=0.0000 ptv_max=0.00000 ring=0.00000 smooth=0.1206 beam=0.71518
2026-05-19 17:20:25 [INFO] Step 25/54 Loss=9.2993 mse=0.4711 v_opt=0.00211 v_mand=0.00000 ptv=0.0741 ptv_max=0.00009 ring=0.02329 smooth=0.0817 beam=0.69630
2026-05-19 17:20:27 [INFO] Step 30/54 Loss=7.8974 mse=0.3724 v_opt=0.02420 v_mand=0.00086 ptv=0.0645 ptv_max=0.00028 ring=0.02048 smooth=0.0732 beam=0.62593
2026-05-19 17:20:30 [INFO] Step 35/54 Loss=12.6872 mse=0.5839 v_opt=0.14910 v_mand=0.06090 ptv=0.0083 ptv_max=0.00990 ring=0.04876 smooth=0.0853 beam=0.74193
2026-05-19 17:20:32 [INFO] Step 40/54 Loss=10.3511 mse=0.6725 v_opt=0.00000 v_mand=0.00000 ptv=0.0000 ptv_max=0.00000 ring=0.00000 smooth=0.0926 beam=0.72340
2026-05-19 17:20:36 [INFO] Step 45/54 Loss=10.0933 mse=0.4791 v_opt=0.09009 v_mand=0.03190 ptv=0.0388 ptv_max=0.00114 ring=0.03392 smooth=0.0856 beam=0.67247
2026-05-19 17:20:39 [INFO] Step 50/54 Loss=8.7020 mse=0.4342 v_opt=0.02663 v_mand=0.00359 ptv=0.0821 ptv_max=0.00018 ring=0.02330 smooth=0.0907 beam=0.60557
2026-05-19 17:20:41 [INFO] Step 54/54 Loss=10.1338 mse=0.4997 v_opt=0.09958 v_mand=0.02703 ptv=0.0456 ptv_max=0.00091 ring=0.02502 smooth=0.0956 beam=0.67505
2026-05-19 17:20:41 [INFO] Running validation at epoch 32...
2026-05-19 17:21:04 [INFO] Epoch 32 Summary: Train=11.1592 Val=11.5342 PTV_D95=55.47Gy Bladder=29.62Gy Rectum=29.09Gy
2026-05-19 17:21:04 [INFO] Epoch 33/100 started, lr=7.70e-05
2026-05-19 17:21:10 [INFO] Step 5/54 Loss=8.0276 mse=0.4276 v_opt=0.00000 v_mand=0.00000 ptv=0.0344 ptv_max=0.00305 ring=0.03082 smooth=0.0658 beam=0.55715
2026-05-19 17:21:12 [INFO] Step 10/54 Loss=10.5286 mse=0.6163 v_opt=0.00727 v_mand=0.00000 ptv=0.0225 ptv_max=0.00316 ring=0.02969 smooth=0.0892 beam=0.70272
2026-05-19 17:21:15 [INFO] Step 15/54 Loss=11.4622 mse=0.6897 v_opt=0.02710 v_mand=0.00040 ptv=0.0247 ptv_max=0.00228 ring=0.03301 smooth=0.0749 beam=0.72743
2026-05-19 17:21:18 [INFO] Step 20/54 Loss=9.8547 mse=0.5048 v_opt=0.01301 v_mand=0.00000 ptv=0.0442 ptv_max=0.00657 ring=0.03586 smooth=0.0778 beam=0.69302
2026-05-19 17:21:23 [INFO] Step 25/54 Loss=8.6773 mse=0.4384 v_opt=0.03544 v_mand=0.00743 ptv=0.0483 ptv_max=0.00047 ring=0.02742 smooth=0.0815 beam=0.62221
2026-05-19 17:21:25 [INFO] Step 30/54 Loss=9.1681 mse=0.4706 v_opt=0.02286 v_mand=0.00262 ptv=0.0392 ptv_max=0.00204 ring=0.03184 smooth=0.0612 beam=0.67474
2026-05-19 17:21:28 [INFO] Step 35/54 Loss=10.8476 mse=0.6319 v_opt=0.00019 v_mand=0.00000 ptv=0.0254 ptv_max=0.00244 ring=0.03409 smooth=0.0752 beam=0.72676
2026-05-19 17:21:30 [INFO] Step 40/54 Loss=9.9672 mse=0.5847 v_opt=0.00373 v_mand=0.00000 ptv=0.0401 ptv_max=0.00074 ring=0.02631 smooth=0.0940 beam=0.65421
2026-05-19 17:21:34 [INFO] Step 45/54 Loss=8.5445 mse=0.4435 v_opt=0.01346 v_mand=0.00020 ptv=0.0509 ptv_max=0.00082 ring=0.02807 smooth=0.0996 beam=0.61935
2026-05-19 17:21:37 [INFO] Step 50/54 Loss=9.5186 mse=0.4755 v_opt=0.10587 v_mand=0.02711 ptv=0.0307 ptv_max=0.00328 ring=0.03062 smooth=0.1083 beam=0.58654
2026-05-19 17:21:39 [INFO] Step 54/54 Loss=9.9387 mse=0.5352 v_opt=0.00239 v_mand=0.00000 ptv=0.0248 ptv_max=0.00329 ring=0.03866 smooth=0.0885 beam=0.71617
2026-05-19 17:21:39 [INFO] Running validation at epoch 33...
2026-05-19 17:22:02 [INFO] Epoch 33 Summary: Train=10.0422 Val=11.2658 PTV_D95=58.17Gy Bladder=28.77Gy Rectum=26.99Gy
2026-05-19 17:22:02 [INFO] [PHYSICS] Saved best model val_loss=11.2658
2026-05-19 17:22:02 [INFO] [CLINICAL] Saved best model Score=41.462 PTV_D95=58.17Gy Bladder=28.77Gy Rectum=26.99Gy
2026-05-19 17:22:02 [INFO] Epoch 34/100 started, lr=7.57e-05
2026-05-19 17:22:07 [INFO] Step 5/54 Loss=9.3710 mse=0.5802 v_opt=0.02229 v_mand=0.00240 ptv=0.0000 ptv_max=0.00000 ring=0.01451 smooth=0.0683 beam=0.64790
2026-05-19 17:22:10 [INFO] Step 10/54 Loss=7.8676 mse=0.3952 v_opt=0.00331 v_mand=0.00000 ptv=0.0558 ptv_max=0.00084 ring=0.02621 smooth=0.0680 beam=0.58182
2026-05-19 17:22:12 [INFO] Step 15/54 Loss=7.9328 mse=0.3998 v_opt=0.00707 v_mand=0.00000 ptv=0.0566 ptv_max=0.00048 ring=0.02310 smooth=0.0668 beam=0.59565
2026-05-19 17:22:15 [INFO] Step 20/54 Loss=10.8122 mse=0.4813 v_opt=0.11625 v_mand=0.04761 ptv=0.0264 ptv_max=0.00197 ring=0.03809 smooth=0.0770 beam=0.72696
2026-05-19 17:22:19 [INFO] Step 25/54 Loss=9.7739 mse=0.4382 v_opt=0.08535 v_mand=0.03187 ptv=0.0201 ptv_max=0.00279 ring=0.03694 smooth=0.0711 beam=0.70443
2026-05-19 17:22:22 [INFO] Step 30/54 Loss=10.8548 mse=0.6605 v_opt=0.01162 v_mand=0.00000 ptv=0.0153 ptv_max=0.00472 ring=0.03619 smooth=0.0831 beam=0.65728
2026-05-19 17:22:25 [INFO] Step 35/54 Loss=10.0499 mse=0.5603 v_opt=0.03741 v_mand=0.00676 ptv=0.0409 ptv_max=0.00043 ring=0.03019 smooth=0.0835 beam=0.66232
2026-05-19 17:22:27 [INFO] Step 40/54 Loss=12.6515 mse=0.4269 v_opt=0.30468 v_mand=0.13346 ptv=0.0424 ptv_max=0.00109 ring=0.03685 smooth=0.0773 beam=0.67950
2026-05-19 17:22:32 [INFO] Step 45/54 Loss=10.6358 mse=0.6314 v_opt=0.01775 v_mand=0.00094 ptv=0.0291 ptv_max=0.00859 ring=0.03371 smooth=0.0678 beam=0.60608
2026-05-19 17:22:34 [INFO] Step 50/54 Loss=11.8040 mse=0.7051 v_opt=0.07203 v_mand=0.02182 ptv=0.0156 ptv_max=0.00367 ring=0.03637 smooth=0.0680 beam=0.63438
2026-05-19 17:22:36 [INFO] Step 54/54 Loss=11.1531 mse=0.5730 v_opt=0.12358 v_mand=0.03307 ptv=0.0311 ptv_max=0.00107 ring=0.03140 smooth=0.0753 beam=0.70119
2026-05-19 17:22:36 [INFO] Running validation at epoch 34...
2026-05-19 17:22:59 [INFO] Epoch 34 Summary: Train=10.0538 Val=11.3303 PTV_D95=54.23Gy Bladder=29.09Gy Rectum=25.37Gy
2026-05-19 17:22:59 [INFO] Epoch 35/100 started, lr=7.43e-05
2026-05-19 17:23:04 [INFO] Step 5/54 Loss=10.5402 mse=0.6105 v_opt=0.01397 v_mand=0.00030 ptv=0.0323 ptv_max=0.00115 ring=0.02537 smooth=0.1061 beam=0.72573
2026-05-19 17:23:07 [INFO] Step 10/54 Loss=9.3682 mse=0.4315 v_opt=0.10003 v_mand=0.02200 ptv=0.0252 ptv_max=0.00298 ring=0.03980 smooth=0.0907 beam=0.65931
2026-05-19 17:23:09 [INFO] Step 15/54 Loss=9.3574 mse=0.5176 v_opt=0.00000 v_mand=0.00000 ptv=0.0320 ptv_max=0.00185 ring=0.03038 smooth=0.0758 beam=0.66108
2026-05-19 17:23:12 [INFO] Step 20/54 Loss=9.5361 mse=0.4231 v_opt=0.11012 v_mand=0.04356 ptv=0.0365 ptv_max=0.00074 ring=0.03444 smooth=0.0843 beam=0.61376
2026-05-19 17:23:17 [INFO] Step 25/54 Loss=9.0610 mse=0.5019 v_opt=0.00000 v_mand=0.00000 ptv=0.0341 ptv_max=0.00188 ring=0.03210 smooth=0.0727 beam=0.62371
2026-05-19 17:23:19 [INFO] Step 30/54 Loss=10.8764 mse=0.5030 v_opt=0.10839 v_mand=0.02400 ptv=0.0993 ptv_max=0.00399 ring=0.04227 smooth=0.0704 beam=0.63913
2026-05-19 17:23:22 [INFO] Step 35/54 Loss=11.0502 mse=0.4262 v_opt=0.18480 v_mand=0.08285 ptv=0.0530 ptv_max=0.00204 ring=0.03036 smooth=0.0791 beam=0.65030
2026-05-19 17:23:25 [INFO] Step 40/54 Loss=8.6340 mse=0.4477 v_opt=0.01906 v_mand=0.00130 ptv=0.0671 ptv_max=0.00014 ring=0.02026 smooth=0.0922 beam=0.61899
2026-05-19 17:23:28 [INFO] Step 45/54 Loss=9.7921 mse=0.5643 v_opt=0.01569 v_mand=0.00039 ptv=0.0491 ptv_max=0.00067 ring=0.02144 smooth=0.1048 beam=0.65009
2026-05-19 17:23:31 [INFO] Step 50/54 Loss=7.4944 mse=0.3652 v_opt=0.01049 v_mand=0.00001 ptv=0.0356 ptv_max=0.00170 ring=0.02593 smooth=0.0929 beam=0.59626
2026-05-19 17:23:33 [INFO] Step 54/54 Loss=10.3156 mse=0.5917 v_opt=0.06328 v_mand=0.00768 ptv=0.0229 ptv_max=0.00307 ring=0.03015 smooth=0.0990 beam=0.64719
2026-05-19 17:23:33 [INFO] Running validation at epoch 35...
2026-05-19 17:23:57 [INFO] Epoch 35 Summary: Train=9.6791 Val=11.1374 PTV_D95=56.88Gy Bladder=29.10Gy Rectum=27.40Gy
2026-05-19 17:23:57 [INFO] [PHYSICS] Saved best model val_loss=11.1374
2026-05-19 17:23:57 [INFO] Epoch 36/100 started, lr=7.30e-05
2026-05-19 17:24:02 [INFO] Step 5/54 Loss=10.1041 mse=0.6709 v_opt=0.00000 v_mand=0.00000 ptv=0.0000 ptv_max=0.00000 ring=0.00000 smooth=0.0844 beam=0.67736
2026-05-19 17:24:05 [INFO] Step 10/54 Loss=8.7284 mse=0.4426 v_opt=0.03210 v_mand=0.00555 ptv=0.0456 ptv_max=0.00064 ring=0.02370 smooth=0.0807 beam=0.64969
2026-05-19 17:24:07 [INFO] Step 15/54 Loss=7.0734 mse=0.3449 v_opt=0.00308 v_mand=0.00000 ptv=0.0413 ptv_max=0.00099 ring=0.02704 smooth=0.0645 beam=0.54860
2026-05-19 17:24:10 [INFO] Step 20/54 Loss=9.1694 mse=0.4289 v_opt=0.09993 v_mand=0.02163 ptv=0.0292 ptv_max=0.00263 ring=0.03602 smooth=0.0752 beam=0.63366
2026-05-19 17:24:15 [INFO] Step 25/54 Loss=8.1259 mse=0.3491 v_opt=0.08547 v_mand=0.02026 ptv=0.0302 ptv_max=0.00165 ring=0.03684 smooth=0.0683 beam=0.60274
2026-05-19 17:24:17 [INFO] Step 30/54 Loss=8.8748 mse=0.3874 v_opt=0.09948 v_mand=0.03017 ptv=0.0219 ptv_max=0.00198 ring=0.03644 smooth=0.0863 beam=0.63469
2026-05-19 17:24:20 [INFO] Step 35/54 Loss=8.6475 mse=0.4754 v_opt=0.01815 v_mand=0.00121 ptv=0.0269 ptv_max=0.00237 ring=0.02715 smooth=0.0689 beam=0.60502
2026-05-19 17:24:22 [INFO] Step 40/54 Loss=10.2440 mse=0.6752 v_opt=0.00000 v_mand=0.00000 ptv=0.0000 ptv_max=0.00000 ring=0.00000 smooth=0.0980 beam=0.69639
2026-05-19 17:24:27 [INFO] Step 45/54 Loss=9.6001 mse=0.5099 v_opt=0.03113 v_mand=0.00420 ptv=0.0625 ptv_max=0.00267 ring=0.02875 smooth=0.0700 beam=0.62726
2026-05-19 17:24:29 [INFO] Step 50/54 Loss=8.8765 mse=0.4754 v_opt=0.00836 v_mand=0.00005 ptv=0.0265 ptv_max=0.00183 ring=0.03688 smooth=0.0626 beam=0.63766
2026-05-19 17:24:31 [INFO] Step 54/54 Loss=10.4180 mse=0.6034 v_opt=0.00800 v_mand=0.00000 ptv=0.0461 ptv_max=0.00049 ring=0.02548 smooth=0.0600 beam=0.69889
2026-05-19 17:24:32 [INFO] Running validation at epoch 36...
2026-05-19 17:24:55 [INFO] Epoch 36 Summary: Train=9.5068 Val=11.0008 PTV_D95=56.46Gy Bladder=30.04Gy Rectum=29.61Gy
2026-05-19 17:24:55 [INFO] [PHYSICS] Saved best model val_loss=11.0008
2026-05-19 17:24:55 [INFO] Epoch 37/100 started, lr=7.16e-05
2026-05-19 17:25:00 [INFO] Step 5/54 Loss=11.5045 mse=0.6629 v_opt=0.00000 v_mand=0.00000 ptv=0.1111 ptv_max=0.00410 ring=0.01953 smooth=0.0735 beam=0.65177
2026-05-19 17:25:03 [INFO] Step 10/54 Loss=7.7736 mse=0.4069 v_opt=0.00432 v_mand=0.00021 ptv=0.0350 ptv_max=0.00149 ring=0.02257 smooth=0.0622 beam=0.58430
2026-05-19 17:25:05 [INFO] Step 15/54 Loss=7.8880 mse=0.4137 v_opt=0.02881 v_mand=0.00075 ptv=0.0277 ptv_max=0.00170 ring=0.02746 smooth=0.0690 beam=0.57864
2026-05-19 17:25:08 [INFO] Step 20/54 Loss=8.1033 mse=0.3966 v_opt=0.04380 v_mand=0.00934 ptv=0.0311 ptv_max=0.00133 ring=0.03004 smooth=0.0695 beam=0.59613
2026-05-19 17:25:12 [INFO] Step 25/54 Loss=8.5421 mse=0.3991 v_opt=0.07651 v_mand=0.01937 ptv=0.0244 ptv_max=0.00241 ring=0.03374 smooth=0.0853 beam=0.60686
2026-05-19 17:25:15 [INFO] Step 30/54 Loss=17.1397 mse=0.4271 v_opt=0.52832 v_mand=0.31551 ptv=0.0491 ptv_max=0.00111 ring=0.02619 smooth=0.0938 beam=0.59509
2026-05-19 17:25:18 [INFO] Step 35/54 Loss=11.5801 mse=0.7086 v_opt=0.04335 v_mand=0.00460 ptv=0.0197 ptv_max=0.00559 ring=0.04101 smooth=0.0691 beam=0.63878
2026-05-19 17:25:21 [INFO] Step 40/54 Loss=8.3697 mse=0.3791 v_opt=0.08486 v_mand=0.02583 ptv=0.0313 ptv_max=0.00143 ring=0.03229 smooth=0.0798 beam=0.57743
2026-05-19 17:25:24 [INFO] Step 45/54 Loss=8.7045 mse=0.4732 v_opt=0.01555 v_mand=0.00012 ptv=0.0218 ptv_max=0.00172 ring=0.03270 smooth=0.0661 beam=0.62757
2026-05-19 17:25:27 [INFO] Step 50/54 Loss=9.7799 mse=0.6380 v_opt=0.00000 v_mand=0.00000 ptv=0.0000 ptv_max=0.00000 ring=0.00000 smooth=0.0938 beam=0.67809
2026-05-19 17:25:29 [INFO] Step 54/54 Loss=10.3810 mse=0.5521 v_opt=0.06486 v_mand=0.01511 ptv=0.0137 ptv_max=0.00407 ring=0.03843 smooth=0.0691 beam=0.68568
2026-05-19 17:25:29 [INFO] Running validation at epoch 37...
2026-05-19 17:25:53 [INFO] Epoch 37 Summary: Train=9.4415 Val=11.1012 PTV_D95=58.21Gy Bladder=30.13Gy Rectum=26.31Gy
2026-05-19 17:25:53 [INFO] Epoch 38/100 started, lr=7.02e-05
2026-05-19 17:25:58 [INFO] Step 5/54 Loss=7.5275 mse=0.3974 v_opt=0.00906 v_mand=0.00000 ptv=0.0340 ptv_max=0.00094 ring=0.02420 smooth=0.0638 beam=0.55576
2026-05-19 17:26:01 [INFO] Step 10/54 Loss=10.3592 mse=0.4827 v_opt=0.09929 v_mand=0.03437 ptv=0.0487 ptv_max=0.00036 ring=0.02716 smooth=0.0704 beam=0.71103
2026-05-19 17:26:03 [INFO] Step 15/54 Loss=9.4721 mse=0.5026 v_opt=0.00725 v_mand=0.00000 ptv=0.0574 ptv_max=0.00021 ring=0.02308 smooth=0.0656 beam=0.69870
2026-05-19 17:26:06 [INFO] Step 20/54 Loss=9.2670 mse=0.4124 v_opt=0.12557 v_mand=0.03354 ptv=0.0260 ptv_max=0.00296 ring=0.03947 smooth=0.0924 beam=0.60873
2026-05-19 17:26:11 [INFO] Step 25/54 Loss=9.4990 mse=0.5412 v_opt=0.01378 v_mand=0.00040 ptv=0.0271 ptv_max=0.00429 ring=0.02824 smooth=0.0858 beam=0.62645
2026-05-19 17:26:13 [INFO] Step 30/54 Loss=9.1299 mse=0.5243 v_opt=0.00030 v_mand=0.00000 ptv=0.0377 ptv_max=0.00170 ring=0.02312 smooth=0.0834 beam=0.61401
2026-05-19 17:26:16 [INFO] Step 35/54 Loss=8.1054 mse=0.4056 v_opt=0.00001 v_mand=0.00000 ptv=0.0386 ptv_max=0.00158 ring=0.02925 smooth=0.0635 beam=0.62792
2026-05-19 17:26:18 [INFO] Step 40/54 Loss=9.1099 mse=0.5071 v_opt=0.00000 v_mand=0.00000 ptv=0.0693 ptv_max=0.00039 ring=0.02245 smooth=0.0658 beam=0.59670
2026-05-19 17:26:23 [INFO] Step 45/54 Loss=8.5432 mse=0.4617 v_opt=0.00001 v_mand=0.00000 ptv=0.0390 ptv_max=0.00074 ring=0.02653 smooth=0.0826 beam=0.61869
2026-05-19 17:26:25 [INFO] Step 50/54 Loss=10.7492 mse=0.6601 v_opt=0.00454 v_mand=0.00000 ptv=0.0174 ptv_max=0.00499 ring=0.03069 smooth=0.0676 beam=0.64962
2026-05-19 17:26:27 [INFO] Step 54/54 Loss=7.2737 mse=0.3692 v_opt=0.00253 v_mand=0.00000 ptv=0.0279 ptv_max=0.00166 ring=0.02804 smooth=0.0694 beam=0.55729
2026-05-19 17:26:27 [INFO] Running validation at epoch 38...
2026-05-19 17:26:51 [INFO] Epoch 38 Summary: Train=9.6972 Val=11.1045 PTV_D95=56.84Gy Bladder=30.02Gy Rectum=29.45Gy
2026-05-19 17:26:51 [INFO] Epoch 39/100 started, lr=6.87e-05
2026-05-19 17:26:56 [INFO] Step 5/54 Loss=8.9896 mse=0.4431 v_opt=0.06949 v_mand=0.01295 ptv=0.0502 ptv_max=0.00109 ring=0.02631 smooth=0.0825 beam=0.62732
2026-05-19 17:26:58 [INFO] Step 10/54 Loss=9.1007 mse=0.4721 v_opt=0.07616 v_mand=0.01420 ptv=0.0243 ptv_max=0.00222 ring=0.02615 smooth=0.0659 beam=0.62379
2026-05-19 17:27:01 [INFO] Step 15/54 Loss=6.8343 mse=0.3225 v_opt=0.00532 v_mand=0.00000 ptv=0.0478 ptv_max=0.00054 ring=0.02460 smooth=0.0579 beam=0.54375
2026-05-19 17:27:03 [INFO] Step 20/54 Loss=7.8468 mse=0.3931 v_opt=0.01901 v_mand=0.00143 ptv=0.0272 ptv_max=0.00214 ring=0.02791 smooth=0.0555 beam=0.60766
2026-05-19 17:27:08 [INFO] Step 25/54 Loss=8.0798 mse=0.3857 v_opt=0.05566 v_mand=0.01392 ptv=0.0336 ptv_max=0.00137 ring=0.03151 smooth=0.0743 beam=0.57561
2026-05-19 17:27:10 [INFO] Step 30/54 Loss=10.1660 mse=0.6376 v_opt=0.00000 v_mand=0.00000 ptv=0.0000 ptv_max=0.00000 ring=0.02462 smooth=0.0678 beam=0.68273
2026-05-19 17:27:13 [INFO] Step 35/54 Loss=9.2441 mse=0.5128 v_opt=0.02065 v_mand=0.00173 ptv=0.0335 ptv_max=0.00084 ring=0.02716 smooth=0.1025 beam=0.64753
2026-05-19 17:27:16 [INFO] Step 40/54 Loss=10.4516 mse=0.5982 v_opt=0.00002 v_mand=0.00000 ptv=0.0418 ptv_max=0.00138 ring=0.03131 smooth=0.0713 beam=0.70102
2026-05-19 17:27:20 [INFO] Step 45/54 Loss=10.0794 mse=0.4749 v_opt=0.11620 v_mand=0.04769 ptv=0.0215 ptv_max=0.00272 ring=0.03398 smooth=0.0832 beam=0.60737
2026-05-19 17:27:22 [INFO] Step 50/54 Loss=10.8825 mse=0.5180 v_opt=0.11529 v_mand=0.04764 ptv=0.0261 ptv_max=0.00344 ring=0.03289 smooth=0.0729 beam=0.66947
2026-05-19 17:27:24 [INFO] Step 54/54 Loss=11.5686 mse=0.7881 v_opt=0.00619 v_mand=0.00000 ptv=0.0305 ptv_max=0.00151 ring=0.02472 smooth=0.0618 beam=0.58340
2026-05-19 17:27:24 [INFO] Running validation at epoch 39...
2026-05-19 17:27:48 [INFO] Epoch 39 Summary: Train=9.2094 Val=10.8069 PTV_D95=55.89Gy Bladder=28.25Gy Rectum=25.90Gy
2026-05-19 17:27:48 [INFO] [PHYSICS] Saved best model val_loss=10.8069
2026-05-19 17:27:48 [INFO] Epoch 40/100 started, lr=6.73e-05
2026-05-19 17:27:53 [INFO] Step 5/54 Loss=7.9186 mse=0.4158 v_opt=0.00311 v_mand=0.00000 ptv=0.0429 ptv_max=0.00050 ring=0.02568 smooth=0.0688 beam=0.58174
2026-05-19 17:27:56 [INFO] Step 10/54 Loss=10.3280 mse=0.5767 v_opt=0.06931 v_mand=0.01589 ptv=0.0235 ptv_max=0.00159 ring=0.03037 smooth=0.0812 beam=0.64949
2026-05-19 17:27:58 [INFO] Step 15/54 Loss=8.6543 mse=0.4763 v_opt=0.00795 v_mand=0.00000 ptv=0.0351 ptv_max=0.00138 ring=0.02798 smooth=0.0727 beam=0.60563
2026-05-19 17:28:01 [INFO] Step 20/54 Loss=7.8478 mse=0.4150 v_opt=0.00005 v_mand=0.00000 ptv=0.0270 ptv_max=0.00311 ring=0.02892 smooth=0.0600 beam=0.56644
2026-05-19 17:28:05 [INFO] Step 25/54 Loss=9.9100 mse=0.5576 v_opt=0.02810 v_mand=0.00322 ptv=0.0235 ptv_max=0.00171 ring=0.03175 smooth=0.0658 beam=0.67877
2026-05-19 17:28:08 [INFO] Step 30/54 Loss=8.4944 mse=0.4555 v_opt=0.00000 v_mand=0.00000 ptv=0.0347 ptv_max=0.00088 ring=0.02679 smooth=0.0720 beam=0.62798
2026-05-19 17:28:10 [INFO] Step 35/54 Loss=13.6138 mse=0.5445 v_opt=0.23205 v_mand=0.13159 ptv=0.0345 ptv_max=0.00511 ring=0.03213 smooth=0.0737 beam=0.66501
2026-05-19 17:28:13 [INFO] Step 40/54 Loss=10.0020 mse=0.6647 v_opt=0.00000 v_mand=0.00000 ptv=0.0000 ptv_max=0.00000 ring=0.00000 smooth=0.0953 beam=0.66918
2026-05-19 17:28:17 [INFO] Step 45/54 Loss=8.5675 mse=0.4389 v_opt=0.02426 v_mand=0.00111 ptv=0.0419 ptv_max=0.00134 ring=0.02777 smooth=0.0540 beam=0.63904
2026-05-19 17:28:20 [INFO] Step 50/54 Loss=7.9031 mse=0.4296 v_opt=0.00000 v_mand=0.00000 ptv=0.0489 ptv_max=0.00058 ring=0.02339 smooth=0.0568 beam=0.54656
2026-05-19 17:28:22 [INFO] Step 54/54 Loss=7.8392 mse=0.3974 v_opt=0.03496 v_mand=0.00735 ptv=0.0228 ptv_max=0.00161 ring=0.02748 smooth=0.0676 beam=0.57665
2026-05-19 17:28:22 [INFO] Running validation at epoch 40...
2026-05-19 17:28:46 [INFO] Epoch 40 Summary: Train=9.6408 Val=10.8983 PTV_D95=58.46Gy Bladder=29.55Gy Rectum=25.55Gy
2026-05-19 17:28:46 [INFO] [CLINICAL] Saved best model Score=41.360 PTV_D95=58.46Gy Bladder=29.55Gy Rectum=25.55Gy
2026-05-19 17:28:46 [INFO] Epoch 41/100 started, lr=6.58e-05
2026-05-19 17:28:50 [INFO] Step 5/54 Loss=11.4900 mse=0.6679 v_opt=0.07604 v_mand=0.02413 ptv=0.0174 ptv_max=0.00331 ring=0.03638 smooth=0.0690 beam=0.63268
2026-05-19 17:28:53 [INFO] Step 10/54 Loss=12.0604 mse=0.6566 v_opt=0.15442 v_mand=0.05031 ptv=0.0250 ptv_max=0.00180 ring=0.03642 smooth=0.0893 beam=0.60663
2026-05-19 17:28:56 [INFO] Step 15/54 Loss=10.9062 mse=0.5522 v_opt=0.06022 v_mand=0.01906 ptv=0.0844 ptv_max=0.00522 ring=0.03539 smooth=0.0695 beam=0.62903
2026-05-19 17:28:58 [INFO] Step 20/54 Loss=8.1859 mse=0.4564 v_opt=0.00425 v_mand=0.00000 ptv=0.0290 ptv_max=0.00177 ring=0.02456 smooth=0.0622 beam=0.57199
2026-05-19 17:29:02 [INFO] Step 25/54 Loss=8.3706 mse=0.4240 v_opt=0.02603 v_mand=0.00381 ptv=0.0203 ptv_max=0.00229 ring=0.03488 smooth=0.0557 beam=0.62743
2026-05-19 17:29:05 [INFO] Step 30/54 Loss=8.3439 mse=0.4344 v_opt=0.01655 v_mand=0.00082 ptv=0.0242 ptv_max=0.00264 ring=0.02581 smooth=0.0575 beam=0.63583
2026-05-19 17:29:08 [INFO] Step 35/54 Loss=8.2563 mse=0.4414 v_opt=0.02193 v_mand=0.00211 ptv=0.0409 ptv_max=0.00084 ring=0.02670 smooth=0.0710 beam=0.57739
2026-05-19 17:29:10 [INFO] Step 40/54 Loss=8.6428 mse=0.4481 v_opt=0.02482 v_mand=0.00297 ptv=0.0462 ptv_max=0.00045 ring=0.02574 smooth=0.0704 beam=0.63201
2026-05-19 17:29:14 [INFO] Step 45/54 Loss=8.1229 mse=0.4043 v_opt=0.00018 v_mand=0.00000 ptv=0.0403 ptv_max=0.00145 ring=0.02834 smooth=0.0638 beam=0.63437
2026-05-19 17:29:17 [INFO] Step 50/54 Loss=6.9783 mse=0.3410 v_opt=0.00024 v_mand=0.00000 ptv=0.0241 ptv_max=0.00511 ring=0.03148 smooth=0.0585 beam=0.51868
2026-05-19 17:29:19 [INFO] Step 54/54 Loss=7.0404 mse=0.3480 v_opt=0.00006 v_mand=0.00000 ptv=0.0432 ptv_max=0.00124 ring=0.02518 smooth=0.0694 beam=0.53623
2026-05-19 17:29:19 [INFO] Running validation at epoch 41...
2026-05-19 17:29:43 [INFO] Epoch 41 Summary: Train=9.2869 Val=10.7944 PTV_D95=57.02Gy Bladder=29.51Gy Rectum=27.28Gy
2026-05-19 17:29:43 [INFO] [PHYSICS] Saved best model val_loss=10.7944
2026-05-19 17:29:43 [INFO] Epoch 42/100 started, lr=6.43e-05
2026-05-19 17:29:48 [INFO] Step 5/54 Loss=10.8987 mse=0.6711 v_opt=0.04621 v_mand=0.00911 ptv=0.0194 ptv_max=0.00397 ring=0.03229 smooth=0.0596 beam=0.59703
2026-05-19 17:29:51 [INFO] Step 10/54 Loss=9.6297 mse=0.5072 v_opt=0.03744 v_mand=0.00718 ptv=0.0405 ptv_max=0.00300 ring=0.02691 smooth=0.0685 beam=0.66750
2026-05-19 17:29:53 [INFO] Step 15/54 Loss=7.8146 mse=0.3988 v_opt=0.00000 v_mand=0.00000 ptv=0.0315 ptv_max=0.00195 ring=0.02555 smooth=0.0510 beam=0.60515
2026-05-19 17:29:56 [INFO] Step 20/54 Loss=9.3628 mse=0.5416 v_opt=0.00833 v_mand=0.00091 ptv=0.0290 ptv_max=0.00173 ring=0.02183 smooth=0.0820 beam=0.63918
2026-05-19 17:30:00 [INFO] Step 25/54 Loss=8.1483 mse=0.4066 v_opt=0.04337 v_mand=0.00975 ptv=0.0361 ptv_max=0.00135 ring=0.02872 smooth=0.0801 beam=0.57668
2026-05-19 17:30:03 [INFO] Step 30/54 Loss=8.4756 mse=0.4192 v_opt=0.05424 v_mand=0.00860 ptv=0.0443 ptv_max=0.00164 ring=0.02500 smooth=0.0803 beam=0.61038
2026-05-19 17:30:05 [INFO] Step 35/54 Loss=9.4974 mse=0.5228 v_opt=0.05848 v_mand=0.00757 ptv=0.0250 ptv_max=0.00210 ring=0.04203 smooth=0.0620 beam=0.59434
2026-05-19 17:30:08 [INFO] Step 40/54 Loss=8.7179 mse=0.4926 v_opt=0.00000 v_mand=0.00000 ptv=0.0353 ptv_max=0.00141 ring=0.02791 smooth=0.0698 beam=0.58867
2026-05-19 17:30:12 [INFO] Step 45/54 Loss=7.9791 mse=0.3852 v_opt=0.06641 v_mand=0.01097 ptv=0.0433 ptv_max=0.00103 ring=0.02542 smooth=0.0714 beam=0.56941
2026-05-19 17:30:15 [INFO] Step 50/54 Loss=10.7565 mse=0.5863 v_opt=0.00000 v_mand=0.00000 ptv=0.1429 ptv_max=0.00061 ring=0.01167 smooth=0.0580 beam=0.65047
2026-05-19 17:30:17 [INFO] Step 54/54 Loss=8.1118 mse=0.4477 v_opt=0.03371 v_mand=0.00680 ptv=0.0309 ptv_max=0.00159 ring=0.02057 smooth=0.0701 beam=0.53850
2026-05-19 17:30:17 [INFO] Running validation at epoch 42...
2026-05-19 17:30:41 [INFO] Epoch 42 Summary: Train=8.9730 Val=10.6165 PTV_D95=55.37Gy Bladder=27.87Gy Rectum=24.73Gy
2026-05-19 17:30:41 [INFO] [PHYSICS] Saved best model val_loss=10.6165
2026-05-19 17:30:41 [INFO] Epoch 43/100 started, lr=6.28e-05
2026-05-19 17:30:46 [INFO] Step 5/54 Loss=9.4181 mse=0.6106 v_opt=0.00000 v_mand=0.00000 ptv=0.0000 ptv_max=0.00000 ring=0.00000 smooth=0.0722 beam=0.66091
2026-05-19 17:30:48 [INFO] Step 10/54 Loss=7.3602 mse=0.3885 v_opt=0.00000 v_mand=0.00000 ptv=0.0408 ptv_max=0.00182 ring=0.02237 smooth=0.0506 beam=0.52713
2026-05-19 17:30:51 [INFO] Step 15/54 Loss=10.0089 mse=0.5890 v_opt=0.01043 v_mand=0.00000 ptv=0.0104 ptv_max=0.00913 ring=0.03830 smooth=0.0612 beam=0.59153
2026-05-19 17:30:54 [INFO] Step 20/54 Loss=7.3370 mse=0.3619 v_opt=0.00558 v_mand=0.00009 ptv=0.0272 ptv_max=0.00178 ring=0.02980 smooth=0.0633 beam=0.57819
2026-05-19 17:30:58 [INFO] Step 25/54 Loss=7.9330 mse=0.3757 v_opt=0.10519 v_mand=0.01943 ptv=0.0442 ptv_max=0.00077 ring=0.02139 smooth=0.0625 beam=0.53449
2026-05-19 17:31:01 [INFO] Step 30/54 Loss=7.2384 mse=0.3763 v_opt=0.00048 v_mand=0.00000 ptv=0.0406 ptv_max=0.00066 ring=0.02374 smooth=0.0567 beam=0.53476
2026-05-19 17:31:03 [INFO] Step 35/54 Loss=7.1643 mse=0.3567 v_opt=0.02575 v_mand=0.00069 ptv=0.0261 ptv_max=0.00257 ring=0.02663 smooth=0.0520 beam=0.54691
2026-05-19 17:31:06 [INFO] Step 40/54 Loss=8.7103 mse=0.3919 v_opt=0.09781 v_mand=0.02163 ptv=0.0304 ptv_max=0.00221 ring=0.03036 smooth=0.0658 beam=0.63582
2026-05-19 17:31:10 [INFO] Step 45/54 Loss=9.3725 mse=0.5159 v_opt=0.04890 v_mand=0.00559 ptv=0.0391 ptv_max=0.00120 ring=0.02900 smooth=0.0813 beam=0.61639
2026-05-19 17:31:13 [INFO] Step 50/54 Loss=7.5398 mse=0.3752 v_opt=0.01672 v_mand=0.00062 ptv=0.0308 ptv_max=0.00136 ring=0.02688 smooth=0.0725 beam=0.59056
2026-05-19 17:31:15 [INFO] Step 54/54 Loss=9.6088 mse=0.4345 v_opt=0.13027 v_mand=0.05743 ptv=0.0313 ptv_max=0.00160 ring=0.02474 smooth=0.0783 beam=0.55928
2026-05-19 17:31:15 [INFO] Running validation at epoch 43...
2026-05-19 17:31:38 [INFO] Epoch 43 Summary: Train=9.0988 Val=10.5823 PTV_D95=56.37Gy Bladder=29.19Gy Rectum=24.19Gy
2026-05-19 17:31:39 [INFO] [PHYSICS] Saved best model val_loss=10.5823
2026-05-19 17:31:39 [INFO] Epoch 44/100 started, lr=6.13e-05
2026-05-19 17:31:44 [INFO] Step 5/54 Loss=10.5605 mse=0.6020 v_opt=0.02181 v_mand=0.00166 ptv=0.0492 ptv_max=0.00223 ring=0.02673 smooth=0.0599 beam=0.68893
2026-05-19 17:31:47 [INFO] Step 10/54 Loss=8.8103 mse=0.5057 v_opt=0.01517 v_mand=0.00038 ptv=0.0375 ptv_max=0.00108 ring=0.02558 smooth=0.0625 beam=0.57884
2026-05-19 17:31:49 [INFO] Step 15/54 Loss=8.7535 mse=0.4609 v_opt=0.02250 v_mand=0.00128 ptv=0.0198 ptv_max=0.00390 ring=0.03653 smooth=0.0553 beam=0.62429
2026-05-19 17:31:52 [INFO] Step 20/54 Loss=7.7794 mse=0.3917 v_opt=0.00383 v_mand=0.00000 ptv=0.0154 ptv_max=0.00433 ring=0.03613 smooth=0.0530 beam=0.58743
2026-05-19 17:31:56 [INFO] Step 25/54 Loss=7.8129 mse=0.3971 v_opt=0.00607 v_mand=0.00000 ptv=0.0387 ptv_max=0.00153 ring=0.02736 smooth=0.0673 beam=0.58980
2026-05-19 17:31:59 [INFO] Step 30/54 Loss=11.6058 mse=0.6668 v_opt=0.12039 v_mand=0.03103 ptv=0.0257 ptv_max=0.00253 ring=0.03619 smooth=0.0589 beam=0.59770
2026-05-19 17:32:01 [INFO] Step 35/54 Loss=8.5484 mse=0.3901 v_opt=0.09115 v_mand=0.02667 ptv=0.0363 ptv_max=0.00135 ring=0.02481 smooth=0.0892 beam=0.59721
2026-05-19 17:32:03 [INFO] Step 40/54 Loss=8.6084 mse=0.4597 v_opt=0.00572 v_mand=0.00000 ptv=0.0306 ptv_max=0.00121 ring=0.02745 smooth=0.0538 beam=0.64310
2026-05-19 17:32:08 [INFO] Step 45/54 Loss=9.2734 mse=0.4927 v_opt=0.00000 v_mand=0.00000 ptv=0.0618 ptv_max=0.00259 ring=0.03288 smooth=0.0514 beam=0.62005
2026-05-19 17:32:10 [INFO] Step 50/54 Loss=10.7927 mse=0.6085 v_opt=0.08625 v_mand=0.02683 ptv=0.0183 ptv_max=0.00230 ring=0.03051 smooth=0.0510 beam=0.62073
2026-05-19 17:32:13 [INFO] Step 54/54 Loss=10.0330 mse=0.5694 v_opt=0.01188 v_mand=0.00005 ptv=0.0300 ptv_max=0.00087 ring=0.03027 smooth=0.0731 beam=0.70171
2026-05-19 17:32:13 [INFO] Running validation at epoch 44...
2026-05-19 17:32:36 [INFO] Epoch 44 Summary: Train=9.7141 Val=10.7892 PTV_D95=56.77Gy Bladder=30.19Gy Rectum=29.25Gy
2026-05-19 17:32:36 [INFO] Epoch 45/100 started, lr=5.98e-05
2026-05-19 17:32:42 [INFO] Step 5/54 Loss=9.0066 mse=0.4308 v_opt=0.07839 v_mand=0.01294 ptv=0.1126 ptv_max=0.00016 ring=0.01738 smooth=0.0658 beam=0.56342
2026-05-19 17:32:44 [INFO] Step 10/54 Loss=7.4129 mse=0.3616 v_opt=0.00259 v_mand=0.00000 ptv=0.0670 ptv_max=0.00107 ring=0.02222 smooth=0.0700 beam=0.54545
2026-05-19 17:32:47 [INFO] Step 15/54 Loss=8.2717 mse=0.3688 v_opt=0.07462 v_mand=0.02426 ptv=0.0505 ptv_max=0.00162 ring=0.02517 smooth=0.0794 beam=0.57137
2026-05-19 17:32:49 [INFO] Step 20/54 Loss=7.8038 mse=0.3953 v_opt=0.01232 v_mand=0.00000 ptv=0.0344 ptv_max=0.00114 ring=0.02404 smooth=0.0586 beam=0.61170
2026-05-19 17:32:54 [INFO] Step 25/54 Loss=10.5995 mse=0.6535 v_opt=0.00921 v_mand=0.00000 ptv=0.0202 ptv_max=0.00352 ring=0.02875 smooth=0.0571 beam=0.64618
2026-05-19 17:32:57 [INFO] Step 30/54 Loss=8.8657 mse=0.4922 v_opt=0.00000 v_mand=0.00000 ptv=0.0395 ptv_max=0.00103 ring=0.02338 smooth=0.0587 beam=0.62825
2026-05-19 17:32:59 [INFO] Step 35/54 Loss=8.8773 mse=0.4492 v_opt=0.08069 v_mand=0.01394 ptv=0.0315 ptv_max=0.00085 ring=0.02703 smooth=0.0675 beam=0.62120
2026-05-19 17:33:02 [INFO] Step 40/54 Loss=8.9657 mse=0.5258 v_opt=0.01313 v_mand=0.00013 ptv=0.0244 ptv_max=0.00236 ring=0.02412 smooth=0.0711 beam=0.58936
2026-05-19 17:33:05 [INFO] Step 45/54 Loss=8.3394 mse=0.4342 v_opt=0.02390 v_mand=0.00240 ptv=0.0306 ptv_max=0.00125 ring=0.02333 smooth=0.0661 beam=0.63283
2026-05-19 17:33:08 [INFO] Step 50/54 Loss=9.8129 mse=0.5331 v_opt=0.00277 v_mand=0.00000 ptv=0.0484 ptv_max=0.00114 ring=0.02627 smooth=0.0596 beam=0.70721
2026-05-19 17:33:10 [INFO] Step 54/54 Loss=8.9500 mse=0.4751 v_opt=0.00003 v_mand=0.00000 ptv=0.0669 ptv_max=0.00068 ring=0.02085 smooth=0.0571 beam=0.63556
2026-05-19 17:33:10 [INFO] Running validation at epoch 45...
2026-05-19 17:33:34 [INFO] Epoch 45 Summary: Train=9.5908 Val=10.4930 PTV_D95=56.66Gy Bladder=28.97Gy Rectum=22.75Gy
2026-05-19 17:33:34 [INFO] [PHYSICS] Saved best model val_loss=10.4930
2026-05-19 17:33:34 [INFO] Epoch 46/100 started, lr=5.82e-05
2026-05-19 17:33:39 [INFO] Step 5/54 Loss=8.3294 mse=0.4733 v_opt=0.01128 v_mand=0.00002 ptv=0.0273 ptv_max=0.00160 ring=0.02433 smooth=0.0768 beam=0.56964
2026-05-19 17:33:42 [INFO] Step 10/54 Loss=9.9282 mse=0.5636 v_opt=0.01823 v_mand=0.00093 ptv=0.0197 ptv_max=0.00212 ring=0.03158 smooth=0.0593 beam=0.69002
2026-05-19 17:33:44 [INFO] Step 15/54 Loss=9.6134 mse=0.4102 v_opt=0.15931 v_mand=0.04803 ptv=0.0244 ptv_max=0.00191 ring=0.03509 smooth=0.0806 beam=0.62360
2026-05-19 17:33:47 [INFO] Step 20/54 Loss=7.1686 mse=0.3614 v_opt=0.00081 v_mand=0.00000 ptv=0.0362 ptv_max=0.00098 ring=0.02332 smooth=0.0465 beam=0.55740
2026-05-19 17:33:51 [INFO] Step 25/54 Loss=9.5948 mse=0.5940 v_opt=0.03135 v_mand=0.00160 ptv=0.0337 ptv_max=0.00149 ring=0.02262 smooth=0.0701 beam=0.55893
2026-05-19 17:33:54 [INFO] Step 30/54 Loss=8.2011 mse=0.4380 v_opt=0.04566 v_mand=0.00402 ptv=0.0344 ptv_max=0.00145 ring=0.02326 smooth=0.0753 beam=0.57142
2026-05-19 17:33:56 [INFO] Step 35/54 Loss=11.4027 mse=0.6861 v_opt=0.02469 v_mand=0.00326 ptv=0.0392 ptv_max=0.00559 ring=0.03510 smooth=0.0646 beam=0.64127
2026-05-19 17:33:59 [INFO] Step 40/54 Loss=10.5036 mse=0.5493 v_opt=0.08276 v_mand=0.02788 ptv=0.0224 ptv_max=0.00174 ring=0.03297 smooth=0.0736 beam=0.66715
2026-05-19 17:34:02 [INFO] Step 45/54 Loss=8.4418 mse=0.4552 v_opt=0.01194 v_mand=0.00007 ptv=0.0286 ptv_max=0.00142 ring=0.02683 smooth=0.0501 beam=0.61977
2026-05-19 17:34:06 [INFO] Step 50/54 Loss=8.4621 mse=0.4662 v_opt=0.01010 v_mand=0.00000 ptv=0.0425 ptv_max=0.00065 ring=0.02645 smooth=0.0586 beam=0.58387
2026-05-19 17:34:08 [INFO] Step 54/54 Loss=10.0260 mse=0.6197 v_opt=0.00033 v_mand=0.00000 ptv=0.0214 ptv_max=0.00267 ring=0.02635 smooth=0.0730 beam=0.61563
2026-05-19 17:34:08 [INFO] Running validation at epoch 46...
2026-05-19 17:34:31 [INFO] Epoch 46 Summary: Train=9.9574 Val=10.4926 PTV_D95=55.10Gy Bladder=28.75Gy Rectum=26.50Gy
2026-05-19 17:34:31 [INFO] [PHYSICS] Saved best model val_loss=10.4926
2026-05-19 17:34:31 [INFO] Epoch 47/100 started, lr=5.67e-05
2026-05-19 17:34:37 [INFO] Step 5/54 Loss=10.2202 mse=0.6446 v_opt=0.00647 v_mand=0.00002 ptv=0.0264 ptv_max=0.00262 ring=0.02434 smooth=0.0539 beam=0.59904
2026-05-19 17:34:40 [INFO] Step 10/54 Loss=9.3594 mse=0.5091 v_opt=0.03223 v_mand=0.00500 ptv=0.0467 ptv_max=0.00154 ring=0.02438 smooth=0.0593 beam=0.63275
2026-05-19 17:34:42 [INFO] Step 15/54 Loss=10.0755 mse=0.4906 v_opt=0.12302 v_mand=0.04046 ptv=0.0146 ptv_max=0.00375 ring=0.03620 smooth=0.0663 beam=0.60567
2026-05-19 17:34:44 [INFO] Step 20/54 Loss=7.5216 mse=0.3945 v_opt=0.00163 v_mand=0.00000 ptv=0.0396 ptv_max=0.00085 ring=0.02623 smooth=0.0526 beam=0.54723
2026-05-19 17:34:49 [INFO] Step 25/54 Loss=7.9476 mse=0.4194 v_opt=0.01705 v_mand=0.00003 ptv=0.0246 ptv_max=0.00114 ring=0.02776 smooth=0.0674 beam=0.59853
2026-05-19 17:34:52 [INFO] Step 30/54 Loss=8.5645 mse=0.3829 v_opt=0.06583 v_mand=0.01766 ptv=0.0208 ptv_max=0.00396 ring=0.04218 smooth=0.0715 beam=0.62328
2026-05-19 17:34:54 [INFO] Step 35/54 Loss=8.8081 mse=0.4656 v_opt=0.08813 v_mand=0.01393 ptv=0.0277 ptv_max=0.00269 ring=0.02444 smooth=0.0615 beam=0.56877
2026-05-19 17:34:57 [INFO] Step 40/54 Loss=10.2800 mse=0.5957 v_opt=0.06001 v_mand=0.01532 ptv=0.0440 ptv_max=0.00137 ring=0.02138 smooth=0.0637 beam=0.59692
2026-05-19 17:35:01 [INFO] Step 45/54 Loss=10.5548 mse=0.6369 v_opt=0.06950 v_mand=0.01250 ptv=0.0273 ptv_max=0.00194 ring=0.03145 smooth=0.0647 beam=0.57710
2026-05-19 17:35:05 [INFO] Step 50/54 Loss=8.9199 mse=0.4576 v_opt=0.01338 v_mand=0.00111 ptv=0.0360 ptv_max=0.00054 ring=0.02594 smooth=0.0566 beam=0.70154
2026-05-19 17:35:07 [INFO] Step 54/54 Loss=10.5909 mse=0.6720 v_opt=0.01558 v_mand=0.00057 ptv=0.0194 ptv_max=0.00324 ring=0.03038 smooth=0.0554 beam=0.60173
2026-05-19 17:35:07 [INFO] Running validation at epoch 47...
2026-05-19 17:35:30 [INFO] Epoch 47 Summary: Train=9.4782 Val=10.4885 PTV_D95=57.89Gy Bladder=29.00Gy Rectum=26.45Gy
2026-05-19 17:35:30 [INFO] [PHYSICS] Saved best model val_loss=10.4885
2026-05-19 17:35:30 [INFO] Epoch 48/100 started, lr=5.52e-05
2026-05-19 17:35:35 [INFO] Step 5/54 Loss=7.1362 mse=0.3486 v_opt=0.03696 v_mand=0.00593 ptv=0.0205 ptv_max=0.00230 ring=0.02845 smooth=0.0549 beam=0.53515
2026-05-19 17:35:38 [INFO] Step 10/54 Loss=6.4322 mse=0.2992 v_opt=0.01573 v_mand=0.00065 ptv=0.0290 ptv_max=0.00155 ring=0.02523 smooth=0.0559 beam=0.52825
2026-05-19 17:35:40 [INFO] Step 15/54 Loss=7.8707 mse=0.4239 v_opt=0.03857 v_mand=0.00230 ptv=0.0516 ptv_max=0.00038 ring=0.01878 smooth=0.0579 beam=0.53483
2026-05-19 17:35:43 [INFO] Step 20/54 Loss=9.0065 mse=0.4135 v_opt=0.09834 v_mand=0.03678 ptv=0.0449 ptv_max=0.00052 ring=0.02422 smooth=0.1011 beam=0.58123
2026-05-19 17:35:47 [INFO] Step 25/54 Loss=9.7177 mse=0.5529 v_opt=0.00289 v_mand=0.00000 ptv=0.0429 ptv_max=0.00055 ring=0.02240 smooth=0.0731 beam=0.67652
2026-05-19 17:35:50 [INFO] Step 30/54 Loss=7.0158 mse=0.3444 v_opt=0.00269 v_mand=0.00000 ptv=0.0389 ptv_max=0.00164 ring=0.01971 smooth=0.0633 beam=0.55866
2026-05-19 17:35:52 [INFO] Step 35/54 Loss=9.9728 mse=0.4400 v_opt=0.13238 v_mand=0.05796 ptv=0.0229 ptv_max=0.00313 ring=0.03530 smooth=0.0738 beam=0.58729
2026-05-19 17:35:55 [INFO] Step 40/54 Loss=8.3068 mse=0.4291 v_opt=0.02731 v_mand=0.00201 ptv=0.0234 ptv_max=0.00193 ring=0.02972 smooth=0.0510 beam=0.62591
2026-05-19 17:35:59 [INFO] Step 45/54 Loss=8.8051 mse=0.4940 v_opt=0.00000 v_mand=0.00000 ptv=0.0328 ptv_max=0.00104 ring=0.02827 smooth=0.0584 beam=0.61099
2026-05-19 17:36:02 [INFO] Step 50/54 Loss=9.0190 mse=0.5119 v_opt=0.01334 v_mand=0.00024 ptv=0.0249 ptv_max=0.00147 ring=0.02481 smooth=0.0605 beam=0.63325
2026-05-19 17:36:04 [INFO] Step 54/54 Loss=8.6830 mse=0.4487 v_opt=0.05263 v_mand=0.00716 ptv=0.0263 ptv_max=0.00174 ring=0.02709 smooth=0.0637 beam=0.62984
2026-05-19 17:36:04 [INFO] Running validation at epoch 48...
2026-05-19 17:36:27 [INFO] Epoch 48 Summary: Train=8.8781 Val=10.5301 PTV_D95=57.12Gy Bladder=29.00Gy Rectum=29.39Gy
2026-05-19 17:36:27 [INFO] Epoch 49/100 started, lr=5.36e-05
2026-05-19 17:36:33 [INFO] Step 5/54 Loss=12.0930 mse=0.5541 v_opt=0.19062 v_mand=0.08557 ptv=0.0202 ptv_max=0.00367 ring=0.03703 smooth=0.0845 beam=0.61639
2026-05-19 17:36:35 [INFO] Step 10/54 Loss=11.4220 mse=0.6112 v_opt=0.00310 v_mand=0.00000 ptv=0.1381 ptv_max=0.00304 ring=0.02365 smooth=0.0743 beam=0.68183
2026-05-19 17:36:38 [INFO] Step 15/54 Loss=9.5483 mse=0.5996 v_opt=0.01073 v_mand=0.00190 ptv=0.0208 ptv_max=0.00282 ring=0.02949 smooth=0.0446 beam=0.53755
2026-05-19 17:36:41 [INFO] Step 20/54 Loss=7.7223 mse=0.4010 v_opt=0.00000 v_mand=0.00000 ptv=0.0425 ptv_max=0.00054 ring=0.02465 smooth=0.0514 beam=0.57710
2026-05-19 17:36:45 [INFO] Step 25/54 Loss=9.9078 mse=0.6174 v_opt=0.00331 v_mand=0.00000 ptv=0.0275 ptv_max=0.00212 ring=0.02114 smooth=0.0492 beam=0.60498
2026-05-19 17:36:48 [INFO] Step 30/54 Loss=8.0069 mse=0.3865 v_opt=0.05754 v_mand=0.01814 ptv=0.0423 ptv_max=0.00072 ring=0.02458 smooth=0.1023 beam=0.54696
2026-05-19 17:36:50 [INFO] Step 35/54 Loss=8.7333 mse=0.4626 v_opt=0.01047 v_mand=0.00000 ptv=0.0290 ptv_max=0.00216 ring=0.02649 smooth=0.0543 beam=0.65702
2026-05-19 17:36:53 [INFO] Step 40/54 Loss=8.1869 mse=0.4027 v_opt=0.06345 v_mand=0.01128 ptv=0.0199 ptv_max=0.00243 ring=0.03073 smooth=0.0664 beam=0.59266
2026-05-19 17:36:57 [INFO] Step 45/54 Loss=6.3342 mse=0.3102 v_opt=0.00071 v_mand=0.00000 ptv=0.0303 ptv_max=0.00132 ring=0.02469 smooth=0.0433 beam=0.49734
2026-05-19 17:36:59 [INFO] Step 50/54 Loss=9.8302 mse=0.5875 v_opt=0.03106 v_mand=0.00451 ptv=0.0303 ptv_max=0.00090 ring=0.02376 smooth=0.0545 beam=0.61415
2026-05-19 17:37:01 [INFO] Step 54/54 Loss=9.2871 mse=0.5261 v_opt=0.01600 v_mand=0.00063 ptv=0.0278 ptv_max=0.00181 ring=0.02178 smooth=0.0496 beam=0.65554
2026-05-19 17:37:01 [INFO] Running validation at epoch 49...
2026-05-19 17:37:25 [INFO] Epoch 49 Summary: Train=8.8189 Val=10.2556 PTV_D95=57.05Gy Bladder=28.55Gy Rectum=24.67Gy
2026-05-19 17:37:25 [INFO] [PHYSICS] Saved best model val_loss=10.2556
2026-05-19 17:37:25 [INFO] Epoch 50/100 started, lr=5.21e-05
2026-05-19 17:37:29 [INFO] Step 5/54 Loss=6.9125 mse=0.3508 v_opt=0.00663 v_mand=0.00000 ptv=0.0327 ptv_max=0.00212 ring=0.02529 smooth=0.0468 beam=0.51468
2026-05-19 17:37:32 [INFO] Step 10/54 Loss=8.0882 mse=0.3743 v_opt=0.07708 v_mand=0.02454 ptv=0.0335 ptv_max=0.00107 ring=0.02582 smooth=0.0737 beam=0.55882
2026-05-19 17:37:35 [INFO] Step 15/54 Loss=7.9376 mse=0.3578 v_opt=0.08755 v_mand=0.02529 ptv=0.0357 ptv_max=0.00077 ring=0.02547 smooth=0.0662 beam=0.55368
2026-05-19 17:37:38 [INFO] Step 20/54 Loss=6.4790 mse=0.3068 v_opt=0.00692 v_mand=0.00000 ptv=0.0353 ptv_max=0.00090 ring=0.02543 smooth=0.0605 beam=0.52245
2026-05-19 17:37:41 [INFO] Step 25/54 Loss=8.3897 mse=0.4399 v_opt=0.02493 v_mand=0.00308 ptv=0.0203 ptv_max=0.00203 ring=0.03380 smooth=0.0552 beam=0.60934
2026-05-19 17:37:45 [INFO] Step 30/54 Loss=23.4268 mse=0.5092 v_opt=0.74519 v_mand=0.55549 ptv=0.0000 ptv_max=0.00000 ring=0.00000 smooth=0.0709 beam=0.59000
2026-05-19 17:37:47 [INFO] Step 35/54 Loss=11.1766 mse=0.7628 v_opt=0.02020 v_mand=0.00169 ptv=0.0233 ptv_max=0.00194 ring=0.02385 smooth=0.0498 beam=0.55456
2026-05-19 17:37:50 [INFO] Step 40/54 Loss=10.7999 mse=0.5450 v_opt=0.10973 v_mand=0.04349 ptv=0.0399 ptv_max=0.00169 ring=0.02524 smooth=0.0562 beam=0.63513
2026-05-19 17:37:53 [INFO] Step 45/54 Loss=9.1982 mse=0.5397 v_opt=0.00620 v_mand=0.00000 ptv=0.0248 ptv_max=0.00132 ring=0.02664 smooth=0.0689 beam=0.61364
2026-05-19 17:37:57 [INFO] Step 50/54 Loss=7.2194 mse=0.3804 v_opt=0.00008 v_mand=0.00000 ptv=0.0298 ptv_max=0.00297 ring=0.02454 smooth=0.0499 beam=0.51920
2026-05-19 17:37:59 [INFO] Step 54/54 Loss=11.9149 mse=0.5049 v_opt=0.22745 v_mand=0.10684 ptv=0.0206 ptv_max=0.00220 ring=0.02867 smooth=0.0930 beam=0.59699
2026-05-19 17:37:59 [INFO] Running validation at epoch 50...
2026-05-19 17:38:23 [INFO] Epoch 50 Summary: Train=8.8839 Val=10.3884 PTV_D95=57.38Gy Bladder=30.87Gy Rectum=26.28Gy
2026-05-19 17:38:23 [INFO] Epoch 51/100 started, lr=5.05e-05
2026-05-19 17:38:28 [INFO] Step 5/54 Loss=9.7117 mse=0.6141 v_opt=0.02006 v_mand=0.00139 ptv=0.0271 ptv_max=0.00189 ring=0.02677 smooth=0.0447 beam=0.54469
2026-05-19 17:38:31 [INFO] Step 10/54 Loss=7.2084 mse=0.3743 v_opt=0.01146 v_mand=0.00035 ptv=0.0329 ptv_max=0.00070 ring=0.02477 smooth=0.0510 beam=0.53853
2026-05-19 17:38:33 [INFO] Step 15/54 Loss=8.3106 mse=0.4281 v_opt=0.06463 v_mand=0.01383 ptv=0.0215 ptv_max=0.00143 ring=0.02790 smooth=0.0655 beam=0.56857
2026-05-19 17:38:36 [INFO] Step 20/54 Loss=7.0112 mse=0.3511 v_opt=0.02913 v_mand=0.00264 ptv=0.0263 ptv_max=0.00143 ring=0.02721 smooth=0.0520 beam=0.52570
2026-05-19 17:38:41 [INFO] Step 25/54 Loss=8.1326 mse=0.4280 v_opt=0.01353 v_mand=0.00000 ptv=0.0264 ptv_max=0.00143 ring=0.02769 smooth=0.0469 beam=0.61383
2026-05-19 17:38:43 [INFO] Step 30/54 Loss=9.3822 mse=0.5349 v_opt=0.04555 v_mand=0.00842 ptv=0.0253 ptv_max=0.00184 ring=0.02309 smooth=0.0652 beam=0.60673
2026-05-19 17:38:46 [INFO] Step 35/54 Loss=8.2900 mse=0.3866 v_opt=0.10990 v_mand=0.02413 ptv=0.0275 ptv_max=0.00110 ring=0.02892 smooth=0.0621 beam=0.56612
2026-05-19 17:38:48 [INFO] Step 40/54 Loss=10.9591 mse=0.4723 v_opt=0.00000 v_mand=0.00000 ptv=0.3166 ptv_max=0.00000 ring=0.01471 smooth=0.0661 beam=0.56867
2026-05-19 17:38:53 [INFO] Step 45/54 Loss=9.5543 mse=0.5540 v_opt=0.01904 v_mand=0.00025 ptv=0.0230 ptv_max=0.00197 ring=0.02415 smooth=0.0536 beam=0.65464
2026-05-19 17:38:56 [INFO] Step 50/54 Loss=7.8361 mse=0.4286 v_opt=0.00496 v_mand=0.00000 ptv=0.0297 ptv_max=0.00113 ring=0.02517 smooth=0.0504 beam=0.56079
2026-05-19 17:38:58 [INFO] Step 54/54 Loss=8.4902 mse=0.4835 v_opt=0.00346 v_mand=0.00000 ptv=0.0301 ptv_max=0.00136 ring=0.02308 smooth=0.0762 beam=0.58508
2026-05-19 17:38:58 [INFO] Running validation at epoch 51...
2026-05-19 17:39:21 [INFO] Epoch 51 Summary: Train=8.7866 Val=10.2500 PTV_D95=57.27Gy Bladder=29.64Gy Rectum=26.82Gy
2026-05-19 17:39:21 [INFO] [PHYSICS] Saved best model val_loss=10.2500
2026-05-19 17:39:21 [INFO] Epoch 52/100 started, lr=4.89e-05
2026-05-19 17:39:26 [INFO] Step 5/54 Loss=6.9375 mse=0.3398 v_opt=0.02022 v_mand=0.00102 ptv=0.0361 ptv_max=0.00207 ring=0.02596 smooth=0.0548 beam=0.52280
2026-05-19 17:39:29 [INFO] Step 10/54 Loss=8.0020 mse=0.3986 v_opt=0.05868 v_mand=0.01654 ptv=0.0295 ptv_max=0.00088 ring=0.02535 smooth=0.0603 beam=0.55188
2026-05-19 17:39:31 [INFO] Step 15/54 Loss=7.1733 mse=0.3830 v_opt=0.00011 v_mand=0.00000 ptv=0.0414 ptv_max=0.00066 ring=0.01906 smooth=0.0587 beam=0.52098
2026-05-19 17:39:34 [INFO] Step 20/54 Loss=7.9663 mse=0.4378 v_opt=0.00048 v_mand=0.00000 ptv=0.0315 ptv_max=0.00238 ring=0.02629 smooth=0.0442 beam=0.55100
2026-05-19 17:39:38 [INFO] Step 25/54 Loss=8.7767 mse=0.4414 v_opt=0.07586 v_mand=0.02412 ptv=0.0182 ptv_max=0.00266 ring=0.02779 smooth=0.0493 beam=0.57417
2026-05-19 17:39:41 [INFO] Step 30/54 Loss=8.3118 mse=0.4645 v_opt=0.04071 v_mand=0.00225 ptv=0.0204 ptv_max=0.00193 ring=0.03002 smooth=0.0579 beam=0.55438
2026-05-19 17:39:44 [INFO] Step 35/54 Loss=6.9556 mse=0.3622 v_opt=0.00669 v_mand=0.00000 ptv=0.0478 ptv_max=0.00055 ring=0.02024 smooth=0.0510 beam=0.50121
2026-05-19 17:39:46 [INFO] Step 40/54 Loss=6.6247 mse=0.3366 v_opt=0.00216 v_mand=0.00000 ptv=0.0361 ptv_max=0.00058 ring=0.02073 smooth=0.0475 beam=0.50994
2026-05-19 17:39:50 [INFO] Step 45/54 Loss=9.1062 mse=0.5118 v_opt=0.02409 v_mand=0.00262 ptv=0.0315 ptv_max=0.00231 ring=0.02767 smooth=0.0524 beam=0.60461
2026-05-19 17:39:54 [INFO] Step 50/54 Loss=10.1483 mse=0.5892 v_opt=0.07108 v_mand=0.02125 ptv=0.0246 ptv_max=0.00147 ring=0.02122 smooth=0.0539 beam=0.58782
2026-05-19 17:39:56 [INFO] Step 54/54 Loss=7.5247 mse=0.3798 v_opt=0.02912 v_mand=0.00472 ptv=0.0257 ptv_max=0.00152 ring=0.02128 smooth=0.0747 beam=0.57820
2026-05-19 17:39:56 [INFO] Running validation at epoch 52...
2026-05-19 17:40:19 [INFO] Epoch 52 Summary: Train=8.6029 Val=10.1264 PTV_D95=56.30Gy Bladder=28.93Gy Rectum=27.90Gy
2026-05-19 17:40:19 [INFO] [PHYSICS] Saved best model val_loss=10.1264
2026-05-19 17:40:19 [INFO] Epoch 53/100 started, lr=4.74e-05
2026-05-19 17:40:24 [INFO] Step 5/54 Loss=9.9697 mse=0.6224 v_opt=0.02609 v_mand=0.00066 ptv=0.0268 ptv_max=0.00101 ring=0.02285 smooth=0.0778 beam=0.60155
2026-05-19 17:40:27 [INFO] Step 10/54 Loss=8.2128 mse=0.4444 v_opt=0.01075 v_mand=0.00000 ptv=0.0283 ptv_max=0.00080 ring=0.02618 smooth=0.0517 beam=0.60521
2026-05-19 17:40:30 [INFO] Step 15/54 Loss=10.9122 mse=0.5557 v_opt=0.10295 v_mand=0.03659 ptv=0.0148 ptv_max=0.00333 ring=0.03178 smooth=0.0678 beam=0.68729
2026-05-19 17:40:32 [INFO] Step 20/54 Loss=8.7007 mse=0.4645 v_opt=0.01419 v_mand=0.00157 ptv=0.0221 ptv_max=0.00284 ring=0.02139 smooth=0.0549 beam=0.65969
2026-05-19 17:40:37 [INFO] Step 25/54 Loss=7.1168 mse=0.3430 v_opt=0.05295 v_mand=0.00782 ptv=0.0330 ptv_max=0.00074 ring=0.02143 smooth=0.0656 beam=0.53817
2026-05-19 17:40:39 [INFO] Step 30/54 Loss=7.5678 mse=0.3866 v_opt=0.00742 v_mand=0.00016 ptv=0.0332 ptv_max=0.00103 ring=0.02027 smooth=0.0546 beam=0.59803
2026-05-19 17:40:42 [INFO] Step 35/54 Loss=10.7358 mse=0.5965 v_opt=0.00000 v_mand=0.00000 ptv=0.0304 ptv_max=0.00857 ring=0.05190 smooth=0.0561 beam=0.65077
2026-05-19 17:40:44 [INFO] Step 40/54 Loss=10.6841 mse=0.6124 v_opt=0.00020 v_mand=0.00000 ptv=0.0499 ptv_max=0.00336 ring=0.04543 smooth=0.0540 beam=0.64128
2026-05-19 17:40:48 [INFO] Step 45/54 Loss=9.8938 mse=0.6082 v_opt=0.05048 v_mand=0.00728 ptv=0.0209 ptv_max=0.00279 ring=0.03074 smooth=0.0458 beam=0.54294
2026-05-19 17:40:51 [INFO] Step 50/54 Loss=8.7414 mse=0.4988 v_opt=0.01671 v_mand=0.00053 ptv=0.0296 ptv_max=0.00114 ring=0.02272 smooth=0.0496 beam=0.60156
2026-05-19 17:40:53 [INFO] Step 54/54 Loss=7.2077 mse=0.3773 v_opt=0.00008 v_mand=0.00000 ptv=0.0314 ptv_max=0.00162 ring=0.02221 smooth=0.0419 beam=0.54043
2026-05-19 17:40:53 [INFO] Running validation at epoch 53...
2026-05-19 17:41:17 [INFO] Epoch 53 Summary: Train=8.5802 Val=10.1430 PTV_D95=57.02Gy Bladder=29.05Gy Rectum=27.45Gy
2026-05-19 17:41:17 [INFO] Epoch 54/100 started, lr=4.58e-05
2026-05-19 17:41:22 [INFO] Step 5/54 Loss=8.0785 mse=0.3804 v_opt=0.06567 v_mand=0.02349 ptv=0.0231 ptv_max=0.00410 ring=0.03018 smooth=0.0586 beam=0.53225
2026-05-19 17:41:25 [INFO] Step 10/54 Loss=8.3163 mse=0.4486 v_opt=0.00132 v_mand=0.00000 ptv=0.0354 ptv_max=0.00205 ring=0.02242 smooth=0.0453 beam=0.60613
2026-05-19 17:41:28 [INFO] Step 15/54 Loss=7.2850 mse=0.3837 v_opt=0.00006 v_mand=0.00000 ptv=0.0284 ptv_max=0.00183 ring=0.02430 smooth=0.0455 beam=0.54069
2026-05-19 17:41:30 [INFO] Step 20/54 Loss=8.0420 mse=0.4114 v_opt=0.04024 v_mand=0.00527 ptv=0.0235 ptv_max=0.00150 ring=0.02557 smooth=0.0566 beam=0.60346
2026-05-19 17:41:34 [INFO] Step 25/54 Loss=8.4993 mse=0.4888 v_opt=0.03543 v_mand=0.00187 ptv=0.0252 ptv_max=0.00161 ring=0.02189 smooth=0.0585 beam=0.56525
2026-05-19 17:41:37 [INFO] Step 30/54 Loss=8.0213 mse=0.4320 v_opt=0.00028 v_mand=0.00000 ptv=0.0288 ptv_max=0.00144 ring=0.02389 smooth=0.0438 beam=0.59568
2026-05-19 17:41:40 [INFO] Step 35/54 Loss=7.6117 mse=0.3855 v_opt=0.02946 v_mand=0.00367 ptv=0.0220 ptv_max=0.00183 ring=0.03014 smooth=0.0476 beam=0.56764
2026-05-19 17:41:42 [INFO] Step 40/54 Loss=6.8335 mse=0.3371 v_opt=0.00000 v_mand=0.00000 ptv=0.0315 ptv_max=0.00115 ring=0.02457 smooth=0.0432 beam=0.54350
2026-05-19 17:41:47 [INFO] Step 45/54 Loss=8.7348 mse=0.4963 v_opt=0.02333 v_mand=0.00064 ptv=0.0327 ptv_max=0.00116 ring=0.02539 smooth=0.0505 beam=0.58762
2026-05-19 17:41:49 [INFO] Step 50/54 Loss=9.4046 mse=0.4981 v_opt=0.09949 v_mand=0.02659 ptv=0.0210 ptv_max=0.00228 ring=0.02207 smooth=0.0548 beam=0.57983
2026-05-19 17:41:52 [INFO] Step 54/54 Loss=8.4178 mse=0.4749 v_opt=0.01556 v_mand=0.00069 ptv=0.0280 ptv_max=0.00119 ring=0.02535 smooth=0.0546 beam=0.57897
2026-05-19 17:41:52 [INFO] Running validation at epoch 54...
2026-05-19 17:42:15 [INFO] Epoch 54 Summary: Train=8.3653 Val=10.0935 PTV_D95=56.71Gy Bladder=28.13Gy Rectum=28.41Gy
2026-05-19 17:42:15 [INFO] [PHYSICS] Saved best model val_loss=10.0935
2026-05-19 17:42:15 [INFO] Epoch 55/100 started, lr=4.43e-05
2026-05-19 17:42:21 [INFO] Step 5/54 Loss=7.4323 mse=0.3955 v_opt=0.00000 v_mand=0.00000 ptv=0.0314 ptv_max=0.00166 ring=0.02273 smooth=0.0436 beam=0.54714
2026-05-19 17:42:23 [INFO] Step 10/54 Loss=8.2006 mse=0.4584 v_opt=0.01125 v_mand=0.00002 ptv=0.0305 ptv_max=0.00153 ring=0.02646 smooth=0.0653 beam=0.56191
2026-05-19 17:42:25 [INFO] Step 15/54 Loss=9.3271 mse=0.4044 v_opt=0.17060 v_mand=0.05432 ptv=0.0207 ptv_max=0.00200 ring=0.02806 smooth=0.0663 beam=0.57001
2026-05-19 17:42:28 [INFO] Step 20/54 Loss=7.7522 mse=0.4114 v_opt=0.00180 v_mand=0.00000 ptv=0.0258 ptv_max=0.00158 ring=0.02493 smooth=0.0568 beam=0.58353
2026-05-19 17:42:32 [INFO] Step 25/54 Loss=6.9306 mse=0.3515 v_opt=0.03283 v_mand=0.00079 ptv=0.0274 ptv_max=0.00119 ring=0.02468 smooth=0.0555 beam=0.52414
2026-05-19 17:42:35 [INFO] Step 30/54 Loss=6.3495 mse=0.2984 v_opt=0.00002 v_mand=0.00000 ptv=0.0308 ptv_max=0.00143 ring=0.02479 smooth=0.0456 beam=0.52192
2026-05-19 17:42:38 [INFO] Step 35/54 Loss=9.4831 mse=0.3865 v_opt=0.13073 v_mand=0.05828 ptv=0.0278 ptv_max=0.00194 ring=0.02578 smooth=0.0573 beam=0.62642
2026-05-19 17:42:40 [INFO] Step 40/54 Loss=9.0514 mse=0.5351 v_opt=0.00384 v_mand=0.00000 ptv=0.0295 ptv_max=0.00119 ring=0.01907 smooth=0.0510 beam=0.60928
2026-05-19 17:42:43 [INFO] Step 45/54 Loss=7.6704 mse=0.4389 v_opt=0.01509 v_mand=0.00008 ptv=0.0351 ptv_max=0.00122 ring=0.01832 smooth=0.0496 beam=0.51145
2026-05-19 17:42:47 [INFO] Step 50/54 Loss=9.2213 mse=0.5165 v_opt=0.03545 v_mand=0.00627 ptv=0.0212 ptv_max=0.00176 ring=0.03041 smooth=0.0602 beam=0.61334
2026-05-19 17:42:49 [INFO] Step 54/54 Loss=7.7004 mse=0.3337 v_opt=0.09021 v_mand=0.02255 ptv=0.0253 ptv_max=0.00237 ring=0.02783 smooth=0.0701 beam=0.56470
2026-05-19 17:42:49 [INFO] Running validation at epoch 55...
2026-05-19 17:43:13 [INFO] Epoch 55 Summary: Train=8.8858 Val=10.2408 PTV_D95=55.81Gy Bladder=27.82Gy Rectum=28.27Gy
2026-05-19 17:43:13 [INFO] Epoch 56/100 started, lr=4.28e-05
2026-05-19 17:43:18 [INFO] Step 5/54 Loss=8.1336 mse=0.4399 v_opt=0.01511 v_mand=0.00040 ptv=0.0228 ptv_max=0.00196 ring=0.02200 smooth=0.0447 beam=0.60675
2026-05-19 17:43:21 [INFO] Step 10/54 Loss=7.7779 mse=0.3784 v_opt=0.05873 v_mand=0.00674 ptv=0.0279 ptv_max=0.00250 ring=0.03242 smooth=0.0578 beam=0.56220
2026-05-19 17:43:23 [INFO] Step 15/54 Loss=8.1530 mse=0.3838 v_opt=0.07597 v_mand=0.02465 ptv=0.0355 ptv_max=0.00076 ring=0.02415 smooth=0.0762 beam=0.55687
2026-05-19 17:43:26 [INFO] Step 20/54 Loss=6.7702 mse=0.3294 v_opt=0.01138 v_mand=0.00010 ptv=0.0428 ptv_max=0.00045 ring=0.01949 smooth=0.0638 beam=0.54038
2026-05-19 17:43:30 [INFO] Step 25/54 Loss=10.1523 mse=0.4768 v_opt=0.11489 v_mand=0.04661 ptv=0.0404 ptv_max=0.00177 ring=0.03326 smooth=0.0803 beam=0.59805
2026-05-19 17:43:32 [INFO] Step 30/54 Loss=10.8458 mse=0.5002 v_opt=0.20045 v_mand=0.07067 ptv=0.0270 ptv_max=0.00185 ring=0.02554 smooth=0.0737 beam=0.58470
2026-05-19 17:43:36 [INFO] Step 35/54 Loss=7.6563 mse=0.3841 v_opt=0.04148 v_mand=0.00753 ptv=0.0334 ptv_max=0.00179 ring=0.02575 smooth=0.0664 beam=0.54554
2026-05-19 17:43:38 [INFO] Step 40/54 Loss=7.8533 mse=0.4211 v_opt=0.00143 v_mand=0.00000 ptv=0.0226 ptv_max=0.00202 ring=0.02208 smooth=0.0521 beam=0.59521
2026-05-19 17:43:42 [INFO] Step 45/54 Loss=5.9325 mse=0.2782 v_opt=0.00000 v_mand=0.00000 ptv=0.0309 ptv_max=0.00145 ring=0.02396 smooth=0.0400 beam=0.48109
2026-05-19 17:43:44 [INFO] Step 50/54 Loss=7.0481 mse=0.3536 v_opt=0.01493 v_mand=0.00046 ptv=0.0541 ptv_max=0.00102 ring=0.02446 smooth=0.0481 beam=0.50139
2026-05-19 17:43:47 [INFO] Step 54/54 Loss=8.6784 mse=0.4902 v_opt=0.02547 v_mand=0.00152 ptv=0.0316 ptv_max=0.00095 ring=0.02444 smooth=0.0607 beam=0.59026
2026-05-19 17:43:47 [INFO] Running validation at epoch 56...
2026-05-19 17:44:10 [INFO] Epoch 56 Summary: Train=8.8448 Val=10.1974 PTV_D95=56.79Gy Bladder=29.34Gy Rectum=24.39Gy
2026-05-19 17:44:10 [INFO] Epoch 57/100 started, lr=4.12e-05
2026-05-19 17:44:15 [INFO] Step 5/54 Loss=7.4601 mse=0.3600 v_opt=0.04075 v_mand=0.00721 ptv=0.0333 ptv_max=0.00157 ring=0.02621 smooth=0.0641 beam=0.55735
2026-05-19 17:44:18 [INFO] Step 10/54 Loss=7.9223 mse=0.4439 v_opt=0.00323 v_mand=0.00000 ptv=0.0307 ptv_max=0.00111 ring=0.01807 smooth=0.0560 beam=0.56754
2026-05-19 17:44:21 [INFO] Step 15/54 Loss=6.3392 mse=0.3122 v_opt=0.00013 v_mand=0.00000 ptv=0.0255 ptv_max=0.00220 ring=0.02601 smooth=0.0528 beam=0.49129
2026-05-19 17:44:23 [INFO] Step 20/54 Loss=10.2939 mse=0.5576 v_opt=0.10437 v_mand=0.02826 ptv=0.0212 ptv_max=0.00441 ring=0.02803 smooth=0.0695 beam=0.58864
2026-05-19 17:44:28 [INFO] Step 25/54 Loss=8.0505 mse=0.4026 v_opt=0.03718 v_mand=0.00979 ptv=0.0217 ptv_max=0.00233 ring=0.03278 smooth=0.0486 beam=0.57499
2026-05-19 17:44:30 [INFO] Step 30/54 Loss=6.3611 mse=0.3235 v_opt=0.00000 v_mand=0.00000 ptv=0.0267 ptv_max=0.00187 ring=0.02206 smooth=0.0363 beam=0.48637
2026-05-19 17:44:33 [INFO] Step 35/54 Loss=6.7769 mse=0.3200 v_opt=0.01211 v_mand=0.00009 ptv=0.0460 ptv_max=0.00093 ring=0.01831 smooth=0.0500 beam=0.55279
2026-05-19 17:44:35 [INFO] Step 40/54 Loss=8.4007 mse=0.4330 v_opt=0.03563 v_mand=0.00586 ptv=0.0307 ptv_max=0.00105 ring=0.02615 smooth=0.0551 beam=0.61911
2026-05-19 17:44:40 [INFO] Step 45/54 Loss=9.5731 mse=0.4623 v_opt=0.11474 v_mand=0.04526 ptv=0.0420 ptv_max=0.00130 ring=0.02291 smooth=0.0740 beam=0.55068
2026-05-19 17:44:42 [INFO] Step 50/54 Loss=6.8331 mse=0.3539 v_opt=0.00904 v_mand=0.00000 ptv=0.0280 ptv_max=0.00209 ring=0.02397 smooth=0.0395 beam=0.50555
2026-05-19 17:44:44 [INFO] Step 54/54 Loss=8.1634 mse=0.4492 v_opt=0.00845 v_mand=0.00000 ptv=0.0216 ptv_max=0.00163 ring=0.02435 smooth=0.0416 beam=0.59742
2026-05-19 17:44:44 [INFO] Running validation at epoch 57...
2026-05-19 17:45:08 [INFO] Epoch 57 Summary: Train=8.2471 Val=10.1704 PTV_D95=58.08Gy Bladder=29.43Gy Rectum=27.43Gy
2026-05-19 17:45:08 [INFO] Epoch 58/100 started, lr=3.97e-05
2026-05-19 17:45:13 [INFO] Step 5/54 Loss=8.9353 mse=0.4712 v_opt=0.08647 v_mand=0.02001 ptv=0.0291 ptv_max=0.00144 ring=0.02076 smooth=0.0627 beam=0.57386
2026-05-19 17:45:16 [INFO] Step 10/54 Loss=12.1615 mse=0.4654 v_opt=0.26831 v_mand=0.12478 ptv=0.0238 ptv_max=0.00146 ring=0.03080 smooth=0.0924 beam=0.61397
2026-05-19 17:45:18 [INFO] Step 15/54 Loss=7.3816 mse=0.3857 v_opt=0.01145 v_mand=0.00010 ptv=0.0300 ptv_max=0.00093 ring=0.02358 smooth=0.0494 beam=0.55879
2026-05-19 17:45:21 [INFO] Step 20/54 Loss=8.2475 mse=0.4778 v_opt=0.00000 v_mand=0.00000 ptv=0.0297 ptv_max=0.00109 ring=0.01942 smooth=0.0477 beam=0.56437
2026-05-19 17:45:25 [INFO] Step 25/54 Loss=8.2495 mse=0.4500 v_opt=0.00766 v_mand=0.00012 ptv=0.0242 ptv_max=0.00244 ring=0.02590 smooth=0.0508 beam=0.59487
2026-05-19 17:45:28 [INFO] Step 30/54 Loss=9.1309 mse=0.5566 v_opt=0.01546 v_mand=0.00049 ptv=0.0195 ptv_max=0.00449 ring=0.02895 smooth=0.0595 beam=0.53245
2026-05-19 17:45:30 [INFO] Step 35/54 Loss=7.9274 mse=0.4140 v_opt=0.00099 v_mand=0.00000 ptv=0.0523 ptv_max=0.00143 ring=0.02510 smooth=0.0422 beam=0.56207
2026-05-19 17:45:33 [INFO] Step 40/54 Loss=8.9469 mse=0.4045 v_opt=0.10485 v_mand=0.04032 ptv=0.0182 ptv_max=0.00242 ring=0.02794 smooth=0.0530 beam=0.59140
2026-05-19 17:45:38 [INFO] Step 45/54 Loss=7.6297 mse=0.3755 v_opt=0.03165 v_mand=0.00606 ptv=0.0244 ptv_max=0.00129 ring=0.02663 smooth=0.0495 beam=0.58926
2026-05-19 17:45:40 [INFO] Step 50/54 Loss=8.1276 mse=0.4540 v_opt=0.00049 v_mand=0.00000 ptv=0.0496 ptv_max=0.00043 ring=0.01834 smooth=0.0489 beam=0.55766
2026-05-19 17:45:42 [INFO] Step 54/54 Loss=8.9371 mse=0.5243 v_opt=0.00245 v_mand=0.00000 ptv=0.0369 ptv_max=0.00068 ring=0.01754 smooth=0.0634 beam=0.60342
2026-05-19 17:45:42 [INFO] Running validation at epoch 58...
2026-05-19 17:46:06 [INFO] Epoch 58 Summary: Train=10.0707 Val=9.9818 PTV_D95=55.52Gy Bladder=27.54Gy Rectum=28.82Gy
2026-05-19 17:46:06 [INFO] [PHYSICS] Saved best model val_loss=9.9818
2026-05-19 17:46:06 [INFO] Epoch 59/100 started, lr=3.82e-05
2026-05-19 17:46:12 [INFO] Step 5/54 Loss=6.9621 mse=0.3657 v_opt=0.00000 v_mand=0.00000 ptv=0.0321 ptv_max=0.00121 ring=0.02175 smooth=0.0408 beam=0.51870
2026-05-19 17:46:14 [INFO] Step 10/54 Loss=9.1264 mse=0.4166 v_opt=0.13286 v_mand=0.03888 ptv=0.0161 ptv_max=0.00292 ring=0.02826 smooth=0.0722 beam=0.59705
2026-05-19 17:46:17 [INFO] Step 15/54 Loss=7.0042 mse=0.3496 v_opt=0.00807 v_mand=0.00030 ptv=0.0251 ptv_max=0.00224 ring=0.02651 smooth=0.0540 beam=0.54367
2026-05-19 17:46:19 [INFO] Step 20/54 Loss=9.8948 mse=0.6238 v_opt=0.04061 v_mand=0.00707 ptv=0.0241 ptv_max=0.00200 ring=0.02355 smooth=0.0454 beam=0.54000
2026-05-19 17:46:24 [INFO] Step 25/54 Loss=6.9125 mse=0.3643 v_opt=0.00026 v_mand=0.00000 ptv=0.0475 ptv_max=0.00040 ring=0.01868 smooth=0.0397 beam=0.49794
2026-05-19 17:46:26 [INFO] Step 30/54 Loss=7.6184 mse=0.4001 v_opt=0.02937 v_mand=0.00086 ptv=0.0394 ptv_max=0.00044 ring=0.02451 smooth=0.0800 beam=0.54893
2026-05-19 17:46:28 [INFO] Step 35/54 Loss=8.8625 mse=0.4142 v_opt=0.08628 v_mand=0.03027 ptv=0.0292 ptv_max=0.00179 ring=0.02149 smooth=0.0692 beam=0.61611
2026-05-19 17:46:31 [INFO] Step 40/54 Loss=7.4097 mse=0.3775 v_opt=0.02472 v_mand=0.00291 ptv=0.0241 ptv_max=0.00177 ring=0.02636 smooth=0.0503 beam=0.55645
2026-05-19 17:46:36 [INFO] Step 45/54 Loss=10.8142 mse=0.7475 v_opt=0.01738 v_mand=0.00090 ptv=0.0256 ptv_max=0.00186 ring=0.02050 smooth=0.0542 beam=0.52405
2026-05-19 17:46:38 [INFO] Step 50/54 Loss=9.0816 mse=0.5076 v_opt=0.02225 v_mand=0.00224 ptv=0.0366 ptv_max=0.00115 ring=0.02217 smooth=0.0539 beam=0.62863
2026-05-19 17:46:40 [INFO] Step 54/54 Loss=6.4983 mse=0.3160 v_opt=0.00099 v_mand=0.00000 ptv=0.0418 ptv_max=0.00062 ring=0.02042 smooth=0.0526 beam=0.51510
2026-05-19 17:46:40 [INFO] Running validation at epoch 59...
2026-05-19 17:47:03 [INFO] Epoch 59 Summary: Train=8.1897 Val=10.0371 PTV_D95=56.65Gy Bladder=28.89Gy Rectum=27.65Gy
2026-05-19 17:47:03 [INFO] Epoch 60/100 started, lr=3.67e-05
2026-05-19 17:47:09 [INFO] Step 5/54 Loss=8.0061 mse=0.4334 v_opt=0.03231 v_mand=0.00112 ptv=0.0249 ptv_max=0.00124 ring=0.02023 smooth=0.0401 beam=0.59220
2026-05-19 17:47:12 [INFO] Step 10/54 Loss=7.0080 mse=0.3611 v_opt=0.01717 v_mand=0.00075 ptv=0.0238 ptv_max=0.00146 ring=0.01965 smooth=0.0445 beam=0.54681
2026-05-19 17:47:14 [INFO] Step 15/54 Loss=7.5185 mse=0.4009 v_opt=0.00342 v_mand=0.00000 ptv=0.0240 ptv_max=0.00146 ring=0.02098 smooth=0.0413 beam=0.57423
2026-05-19 17:47:17 [INFO] Step 20/54 Loss=8.2780 mse=0.4262 v_opt=0.02587 v_mand=0.00232 ptv=0.0329 ptv_max=0.00843 ring=0.02378 smooth=0.0468 beam=0.55876
2026-05-19 17:47:21 [INFO] Step 25/54 Loss=8.4400 mse=0.3880 v_opt=0.11411 v_mand=0.02897 ptv=0.0216 ptv_max=0.00199 ring=0.02826 smooth=0.0542 beam=0.57244
2026-05-19 17:47:24 [INFO] Step 30/54 Loss=8.9468 mse=0.5028 v_opt=0.03150 v_mand=0.00365 ptv=0.0331 ptv_max=0.00147 ring=0.02481 smooth=0.0645 beam=0.59632
2026-05-19 17:47:26 [INFO] Step 35/54 Loss=7.7479 mse=0.4026 v_opt=0.00233 v_mand=0.00000 ptv=0.0349 ptv_max=0.00108 ring=0.01847 smooth=0.0494 beam=0.60649
2026-05-19 17:47:29 [INFO] Step 40/54 Loss=8.5389 mse=0.4301 v_opt=0.04683 v_mand=0.00581 ptv=0.0252 ptv_max=0.00275 ring=0.02896 smooth=0.0554 beam=0.63386
2026-05-19 17:47:33 [INFO] Step 45/54 Loss=9.8446 mse=0.5026 v_opt=0.11113 v_mand=0.03362 ptv=0.0172 ptv_max=0.00220 ring=0.03492 smooth=0.0739 beam=0.58842
2026-05-19 17:47:36 [INFO] Step 50/54 Loss=7.6114 mse=0.4112 v_opt=0.01914 v_mand=0.00013 ptv=0.0167 ptv_max=0.00239 ring=0.02700 smooth=0.0541 beam=0.55231
2026-05-19 17:47:38 [INFO] Step 54/54 Loss=9.9570 mse=0.5208 v_opt=0.06870 v_mand=0.02013 ptv=0.0583 ptv_max=0.00124 ring=0.03170 smooth=0.0619 beam=0.59634
2026-05-19 17:47:38 [INFO] Running validation at epoch 60...
2026-05-19 17:48:01 [INFO] Epoch 60 Summary: Train=8.5147 Val=10.0241 PTV_D95=58.21Gy Bladder=29.71Gy Rectum=26.63Gy
2026-05-19 17:48:01 [INFO] Epoch 61/100 started, lr=3.52e-05
2026-05-19 17:48:07 [INFO] Step 5/54 Loss=8.6017 mse=0.4988 v_opt=0.00230 v_mand=0.00021 ptv=0.0321 ptv_max=0.00081 ring=0.02176 smooth=0.0638 beam=0.58185
2026-05-19 17:48:10 [INFO] Step 10/54 Loss=8.3608 mse=0.4254 v_opt=0.03494 v_mand=0.00573 ptv=0.0368 ptv_max=0.00127 ring=0.02376 smooth=0.0623 beam=0.61975
2026-05-19 17:48:12 [INFO] Step 15/54 Loss=9.4547 mse=0.6027 v_opt=0.01479 v_mand=0.00056 ptv=0.0249 ptv_max=0.00190 ring=0.02620 smooth=0.0402 beam=0.52861
2026-05-19 17:48:15 [INFO] Step 20/54 Loss=11.0605 mse=0.4774 v_opt=0.19694 v_mand=0.08579 ptv=0.0526 ptv_max=0.00366 ring=0.01737 smooth=0.0497 beam=0.55479
2026-05-19 17:48:20 [INFO] Step 25/54 Loss=9.3118 mse=0.5365 v_opt=0.00344 v_mand=0.00001 ptv=0.0201 ptv_max=0.00271 ring=0.02568 smooth=0.0490 beam=0.64252
2026-05-19 17:48:22 [INFO] Step 30/54 Loss=7.8449 mse=0.3027 v_opt=0.11963 v_mand=0.04972 ptv=0.0211 ptv_max=0.00166 ring=0.02489 smooth=0.0495 beam=0.53260
2026-05-19 17:48:24 [INFO] Step 35/54 Loss=7.0504 mse=0.3392 v_opt=0.00576 v_mand=0.00000 ptv=0.0576 ptv_max=0.00081 ring=0.01904 smooth=0.0451 beam=0.54796
2026-05-19 17:48:27 [INFO] Step 40/54 Loss=9.3548 mse=0.5494 v_opt=0.00413 v_mand=0.00000 ptv=0.0359 ptv_max=0.00072 ring=0.02063 smooth=0.0531 beam=0.62845
2026-05-19 17:48:32 [INFO] Step 45/54 Loss=6.7939 mse=0.3704 v_opt=0.00293 v_mand=0.00000 ptv=0.0254 ptv_max=0.00282 ring=0.02305 smooth=0.0380 beam=0.46793
2026-05-19 17:48:34 [INFO] Step 50/54 Loss=11.0288 mse=0.7289 v_opt=0.01205 v_mand=0.00025 ptv=0.0242 ptv_max=0.00145 ring=0.02170 smooth=0.0451 beam=0.61306
2026-05-19 17:48:36 [INFO] Step 54/54 Loss=33.0647 mse=0.4887 v_opt=1.19083 v_mand=0.86399 ptv=0.0886 ptv_max=0.00213 ring=0.01638 smooth=0.0599 beam=0.59042
2026-05-19 17:48:36 [INFO] Running validation at epoch 61...
2026-05-19 17:48:59 [INFO] Epoch 61 Summary: Train=8.5274 Val=9.9735 PTV_D95=57.29Gy Bladder=29.41Gy Rectum=27.83Gy
2026-05-19 17:48:59 [INFO] [PHYSICS] Saved best model val_loss=9.9735
2026-05-19 17:48:59 [INFO] Epoch 62/100 started, lr=3.37e-05
2026-05-19 17:49:04 [INFO] Step 5/54 Loss=5.9595 mse=0.2684 v_opt=0.03020 v_mand=0.00376 ptv=0.0214 ptv_max=0.00171 ring=0.02126 smooth=0.0440 beam=0.49972
2026-05-19 17:49:07 [INFO] Step 10/54 Loss=7.6853 mse=0.3622 v_opt=0.08367 v_mand=0.01864 ptv=0.0280 ptv_max=0.00127 ring=0.02596 smooth=0.0586 beam=0.53820
2026-05-19 17:49:10 [INFO] Step 15/54 Loss=9.1379 mse=0.5322 v_opt=0.00577 v_mand=0.00129 ptv=0.0277 ptv_max=0.00124 ring=0.01748 smooth=0.0580 beam=0.63292
2026-05-19 17:49:13 [INFO] Step 20/54 Loss=7.8422 mse=0.4245 v_opt=0.01288 v_mand=0.00018 ptv=0.0319 ptv_max=0.00137 ring=0.02328 smooth=0.0467 beam=0.56498
2026-05-19 17:49:17 [INFO] Step 25/54 Loss=8.7347 mse=0.4479 v_opt=0.05064 v_mand=0.01165 ptv=0.0251 ptv_max=0.00151 ring=0.02614 smooth=0.0496 beam=0.62800
2026-05-19 17:49:20 [INFO] Step 30/54 Loss=8.6857 mse=0.5128 v_opt=0.00657 v_mand=0.00054 ptv=0.0249 ptv_max=0.00165 ring=0.02193 smooth=0.0389 beam=0.57341
2026-05-19 17:49:23 [INFO] Step 35/54 Loss=7.9957 mse=0.4261 v_opt=0.01976 v_mand=0.00134 ptv=0.0250 ptv_max=0.00127 ring=0.02354 smooth=0.0418 beam=0.59831
2026-05-19 17:49:25 [INFO] Step 40/54 Loss=8.8107 mse=0.5415 v_opt=0.00746 v_mand=0.00000 ptv=0.0237 ptv_max=0.00255 ring=0.02176 smooth=0.0403 beam=0.53711
2026-05-19 17:49:29 [INFO] Step 45/54 Loss=7.7495 mse=0.4362 v_opt=0.00304 v_mand=0.00003 ptv=0.0329 ptv_max=0.00076 ring=0.01858 smooth=0.0435 beam=0.54615
2026-05-19 17:49:32 [INFO] Step 50/54 Loss=7.0650 mse=0.3753 v_opt=0.00986 v_mand=0.00008 ptv=0.0278 ptv_max=0.00106 ring=0.02402 smooth=0.0469 beam=0.51894
2026-05-19 17:49:34 [INFO] Step 54/54 Loss=9.7968 mse=0.5441 v_opt=0.05779 v_mand=0.01429 ptv=0.0246 ptv_max=0.00175 ring=0.01845 smooth=0.0435 beam=0.65369
2026-05-19 17:49:34 [INFO] Running validation at epoch 62...
2026-05-19 17:49:57 [INFO] Epoch 62 Summary: Train=8.1458 Val=9.9499 PTV_D95=57.91Gy Bladder=30.08Gy Rectum=26.52Gy
2026-05-19 17:49:57 [INFO] [PHYSICS] Saved best model val_loss=9.9499
2026-05-19 17:49:57 [INFO] Epoch 63/100 started, lr=3.23e-05
2026-05-19 17:50:02 [INFO] Step 5/54 Loss=7.2869 mse=0.3698 v_opt=0.01391 v_mand=0.00000 ptv=0.0215 ptv_max=0.00163 ring=0.02570 smooth=0.0464 beam=0.57490
2026-05-19 17:50:05 [INFO] Step 10/54 Loss=8.0021 mse=0.4432 v_opt=0.00373 v_mand=0.00000 ptv=0.0349 ptv_max=0.00114 ring=0.01807 smooth=0.0536 beam=0.57599
2026-05-19 17:50:07 [INFO] Step 15/54 Loss=9.3985 mse=0.5410 v_opt=0.00574 v_mand=0.00117 ptv=0.0459 ptv_max=0.00082 ring=0.01466 smooth=0.0398 beam=0.64487
2026-05-19 17:50:10 [INFO] Step 20/54 Loss=7.8450 mse=0.4363 v_opt=0.00000 v_mand=0.00000 ptv=0.0300 ptv_max=0.00153 ring=0.02458 smooth=0.0557 beam=0.54634
2026-05-19 17:50:15 [INFO] Step 25/54 Loss=8.9089 mse=0.4944 v_opt=0.00045 v_mand=0.00000 ptv=0.0356 ptv_max=0.00157 ring=0.02215 smooth=0.0409 beam=0.63876
2026-05-19 17:50:18 [INFO] Step 30/54 Loss=7.1551 mse=0.3601 v_opt=0.03091 v_mand=0.00167 ptv=0.0250 ptv_max=0.00158 ring=0.02461 smooth=0.0540 beam=0.54922
2026-05-19 17:50:20 [INFO] Step 35/54 Loss=9.2646 mse=0.4882 v_opt=0.07456 v_mand=0.02317 ptv=0.0232 ptv_max=0.00120 ring=0.02647 smooth=0.0515 beam=0.59198
2026-05-19 17:50:23 [INFO] Step 40/54 Loss=6.8668 mse=0.3307 v_opt=0.04347 v_mand=0.00871 ptv=0.0285 ptv_max=0.00085 ring=0.01967 smooth=0.0523 beam=0.52548
2026-05-19 17:50:27 [INFO] Step 45/54 Loss=9.2077 mse=0.6105 v_opt=0.00000 v_mand=0.00000 ptv=0.0000 ptv_max=0.00000 ring=0.00000 smooth=0.0640 beam=0.61934
2026-05-19 17:50:30 [INFO] Step 50/54 Loss=7.4715 mse=0.4194 v_opt=0.00064 v_mand=0.00000 ptv=0.0318 ptv_max=0.00109 ring=0.02043 smooth=0.0472 beam=0.51836
2026-05-19 17:50:32 [INFO] Step 54/54 Loss=8.8476 mse=0.5085 v_opt=0.00972 v_mand=0.00000 ptv=0.0222 ptv_max=0.00201 ring=0.02788 smooth=0.0555 beam=0.59957
2026-05-19 17:50:32 [INFO] Running validation at epoch 63...
2026-05-19 17:50:55 [INFO] Epoch 63 Summary: Train=8.3333 Val=9.8976 PTV_D95=58.17Gy Bladder=28.31Gy Rectum=27.04Gy
2026-05-19 17:50:55 [INFO] [PHYSICS] Saved best model val_loss=9.8976
2026-05-19 17:50:55 [INFO] [CLINICAL] Saved best model Score=40.994 PTV_D95=58.17Gy Bladder=28.31Gy Rectum=27.04Gy
2026-05-19 17:50:55 [INFO] Epoch 64/100 started, lr=3.08e-05
2026-05-19 17:51:00 [INFO] Step 5/54 Loss=6.7084 mse=0.3524 v_opt=0.00513 v_mand=0.00000 ptv=0.0214 ptv_max=0.00189 ring=0.02286 smooth=0.0509 beam=0.50353
2026-05-19 17:51:03 [INFO] Step 10/54 Loss=8.3326 mse=0.4707 v_opt=0.03506 v_mand=0.00513 ptv=0.0252 ptv_max=0.00112 ring=0.02316 smooth=0.0518 beam=0.55331
2026-05-19 17:51:06 [INFO] Step 15/54 Loss=9.4181 mse=0.5254 v_opt=0.04231 v_mand=0.00788 ptv=0.0256 ptv_max=0.00127 ring=0.02861 smooth=0.0508 beam=0.62560
2026-05-19 17:51:08 [INFO] Step 20/54 Loss=5.9146 mse=0.2744 v_opt=0.00000 v_mand=0.00000 ptv=0.0435 ptv_max=0.00066 ring=0.01896 smooth=0.0456 beam=0.48281
2026-05-19 17:51:12 [INFO] Step 25/54 Loss=8.3291 mse=0.4703 v_opt=0.02827 v_mand=0.00243 ptv=0.0348 ptv_max=0.00063 ring=0.02072 smooth=0.0551 beam=0.56252
2026-05-19 17:51:15 [INFO] Step 30/54 Loss=10.0770 mse=0.6178 v_opt=0.04580 v_mand=0.00491 ptv=0.0244 ptv_max=0.00183 ring=0.02821 smooth=0.0686 beam=0.58402
2026-05-19 17:51:18 [INFO] Step 35/54 Loss=6.4164 mse=0.3257 v_opt=0.01177 v_mand=0.00007 ptv=0.0220 ptv_max=0.00212 ring=0.01892 smooth=0.0480 beam=0.50393
2026-05-19 17:51:20 [INFO] Step 40/54 Loss=7.2132 mse=0.3785 v_opt=0.00802 v_mand=0.00096 ptv=0.0238 ptv_max=0.00229 ring=0.02987 smooth=0.0406 beam=0.51670
2026-05-19 17:51:24 [INFO] Step 45/54 Loss=9.9195 mse=0.4757 v_opt=0.00025 v_mand=0.00000 ptv=0.1369 ptv_max=0.01304 ring=0.02753 smooth=0.0539 beam=0.54457
2026-05-19 17:51:27 [INFO] Step 50/54 Loss=9.2791 mse=0.4445 v_opt=0.10196 v_mand=0.03752 ptv=0.0294 ptv_max=0.00070 ring=0.02254 smooth=0.0531 beam=0.60376
2026-05-19 17:51:29 [INFO] Step 54/54 Loss=8.0553 mse=0.4554 v_opt=0.00000 v_mand=0.00000 ptv=0.0404 ptv_max=0.00032 ring=0.02007 smooth=0.0437 beam=0.55516
2026-05-19 17:51:29 [INFO] Running validation at epoch 64...
2026-05-19 17:51:52 [INFO] Epoch 64 Summary: Train=8.2540 Val=10.0240 PTV_D95=56.42Gy Bladder=29.44Gy Rectum=28.36Gy
2026-05-19 17:51:52 [INFO] Epoch 65/100 started, lr=2.94e-05
2026-05-19 17:51:58 [INFO] Step 5/54 Loss=9.3704 mse=0.4639 v_opt=0.07690 v_mand=0.01729 ptv=0.0295 ptv_max=0.00070 ring=0.02466 smooth=0.0491 beam=0.68820
2026-05-19 17:52:00 [INFO] Step 10/54 Loss=8.7144 mse=0.3791 v_opt=0.15386 v_mand=0.04657 ptv=0.0180 ptv_max=0.00206 ring=0.02835 smooth=0.0682 beam=0.54745
2026-05-19 17:52:03 [INFO] Step 15/54 Loss=10.9264 mse=0.4727 v_opt=0.20752 v_mand=0.08466 ptv=0.0164 ptv_max=0.00343 ring=0.02978 smooth=0.0591 beam=0.57595
2026-05-19 17:52:06 [INFO] Step 20/54 Loss=6.6685 mse=0.3230 v_opt=0.00005 v_mand=0.00000 ptv=0.0283 ptv_max=0.00197 ring=0.02467 smooth=0.0367 beam=0.53663
2026-05-19 17:52:09 [INFO] Step 25/54 Loss=8.1404 mse=0.4690 v_opt=0.00000 v_mand=0.00000 ptv=0.0324 ptv_max=0.00119 ring=0.01978 smooth=0.0400 beam=0.55308
2026-05-19 17:52:13 [INFO] Step 30/54 Loss=7.0698 mse=0.3784 v_opt=0.00687 v_mand=0.00000 ptv=0.0359 ptv_max=0.00081 ring=0.01890 smooth=0.0544 beam=0.51674
2026-05-19 17:52:15 [INFO] Step 35/54 Loss=8.7932 mse=0.5691 v_opt=0.00000 v_mand=0.00000 ptv=0.0000 ptv_max=0.00000 ring=0.00000 smooth=0.0630 beam=0.61919
2026-05-19 17:52:18 [INFO] Step 40/54 Loss=8.5733 mse=0.4719 v_opt=0.01146 v_mand=0.00165 ptv=0.0275 ptv_max=0.00121 ring=0.02157 smooth=0.0546 beam=0.62507
2026-05-19 17:52:22 [INFO] Step 45/54 Loss=7.3893 mse=0.4037 v_opt=0.00000 v_mand=0.00000 ptv=0.0278 ptv_max=0.00098 ring=0.02019 smooth=0.0458 beam=0.54347
2026-05-19 17:52:25 [INFO] Step 50/54 Loss=8.2276 mse=0.4759 v_opt=0.01715 v_mand=0.00044 ptv=0.0247 ptv_max=0.00148 ring=0.02323 smooth=0.0521 beam=0.54965
2026-05-19 17:52:27 [INFO] Step 54/54 Loss=7.1501 mse=0.3800 v_opt=0.04945 v_mand=0.00363 ptv=0.0277 ptv_max=0.00181 ring=0.01893 smooth=0.0458 beam=0.50091
2026-05-19 17:52:27 [INFO] Running validation at epoch 65...
2026-05-19 17:52:50 [INFO] Epoch 65 Summary: Train=8.1920 Val=9.8635 PTV_D95=57.76Gy Bladder=30.01Gy Rectum=26.22Gy
2026-05-19 17:52:50 [INFO] [PHYSICS] Saved best model val_loss=9.8635
2026-05-19 17:52:50 [INFO] Epoch 66/100 started, lr=2.80e-05
2026-05-19 17:52:56 [INFO] Step 5/54 Loss=8.4133 mse=0.4853 v_opt=0.00455 v_mand=0.00090 ptv=0.0361 ptv_max=0.00087 ring=0.02268 smooth=0.0418 beam=0.55592
2026-05-19 17:52:58 [INFO] Step 10/54 Loss=8.8293 mse=0.4794 v_opt=0.03968 v_mand=0.00784 ptv=0.0287 ptv_max=0.00131 ring=0.02455 smooth=0.0511 beam=0.60698
2026-05-19 17:53:01 [INFO] Step 15/54 Loss=7.4487 mse=0.3862 v_opt=0.03179 v_mand=0.00155 ptv=0.0225 ptv_max=0.00215 ring=0.02645 smooth=0.0539 beam=0.54993
2026-05-19 17:53:04 [INFO] Step 20/54 Loss=7.6448 mse=0.3911 v_opt=0.04008 v_mand=0.00310 ptv=0.0248 ptv_max=0.00189 ring=0.02896 smooth=0.0631 beam=0.55852
2026-05-19 17:53:08 [INFO] Step 25/54 Loss=7.3668 mse=0.3737 v_opt=0.03241 v_mand=0.00298 ptv=0.0233 ptv_max=0.00163 ring=0.02222 smooth=0.0609 beam=0.56741
2026-05-19 17:53:11 [INFO] Step 30/54 Loss=7.5765 mse=0.3657 v_opt=0.05931 v_mand=0.00917 ptv=0.0268 ptv_max=0.00265 ring=0.02211 smooth=0.0651 beam=0.56654
2026-05-19 17:53:13 [INFO] Step 35/54 Loss=8.0963 mse=0.4511 v_opt=0.01577 v_mand=0.00022 ptv=0.0270 ptv_max=0.00099 ring=0.02006 smooth=0.0488 beam=0.58459
2026-05-19 17:53:16 [INFO] Step 40/54 Loss=7.3792 mse=0.3992 v_opt=0.00886 v_mand=0.00048 ptv=0.0468 ptv_max=0.00078 ring=0.02452 smooth=0.0421 beam=0.49563
2026-05-19 17:53:20 [INFO] Step 45/54 Loss=10.3120 mse=0.7217 v_opt=0.00995 v_mand=0.00000 ptv=0.0250 ptv_max=0.00154 ring=0.02060 smooth=0.0448 beam=0.48684
2026-05-19 17:53:23 [INFO] Step 50/54 Loss=9.9439 mse=0.6234 v_opt=0.05219 v_mand=0.01219 ptv=0.0223 ptv_max=0.00291 ring=0.01920 smooth=0.0417 beam=0.52797
2026-05-19 17:53:25 [INFO] Step 54/54 Loss=9.5560 mse=0.4611 v_opt=0.11402 v_mand=0.04673 ptv=0.0282 ptv_max=0.00140 ring=0.02401 smooth=0.0577 beam=0.56627
2026-05-19 17:53:25 [INFO] Running validation at epoch 66...
2026-05-19 17:53:48 [INFO] Epoch 66 Summary: Train=8.1123 Val=9.9442 PTV_D95=57.55Gy Bladder=29.63Gy Rectum=25.55Gy
2026-05-19 17:53:48 [INFO] Epoch 67/100 started, lr=2.67e-05
2026-05-19 17:53:53 [INFO] Step 5/54 Loss=7.5302 mse=0.3862 v_opt=0.05089 v_mand=0.00981 ptv=0.0254 ptv_max=0.00112 ring=0.02030 smooth=0.0421 beam=0.54052
2026-05-19 17:53:55 [INFO] Step 10/54 Loss=7.1657 mse=0.3938 v_opt=0.00709 v_mand=0.00000 ptv=0.0331 ptv_max=0.00049 ring=0.02064 smooth=0.0443 beam=0.50883
2026-05-19 17:53:58 [INFO] Step 15/54 Loss=9.1934 mse=0.4460 v_opt=0.13559 v_mand=0.03828 ptv=0.0301 ptv_max=0.00121 ring=0.02360 smooth=0.0734 beam=0.55645
2026-05-19 17:54:01 [INFO] Step 20/54 Loss=9.2228 mse=0.5286 v_opt=0.00130 v_mand=0.00026 ptv=0.0528 ptv_max=0.00099 ring=0.02283 smooth=0.0447 beam=0.60064
2026-05-19 17:54:06 [INFO] Step 25/54 Loss=7.5227 mse=0.4093 v_opt=0.04112 v_mand=0.00412 ptv=0.0295 ptv_max=0.00182 ring=0.01884 smooth=0.0517 beam=0.51419
2026-05-19 17:54:08 [INFO] Step 30/54 Loss=8.3254 mse=0.4713 v_opt=0.02049 v_mand=0.00185 ptv=0.0232 ptv_max=0.00274 ring=0.01879 smooth=0.0597 beam=0.57362
2026-05-19 17:54:11 [INFO] Step 35/54 Loss=9.4171 mse=0.5704 v_opt=0.03100 v_mand=0.00444 ptv=0.0278 ptv_max=0.00136 ring=0.01928 smooth=0.0674 beam=0.57966
2026-05-19 17:54:13 [INFO] Step 40/54 Loss=8.1589 mse=0.3960 v_opt=0.06218 v_mand=0.01552 ptv=0.0251 ptv_max=0.00150 ring=0.02427 smooth=0.0489 beam=0.59824
2026-05-19 17:54:17 [INFO] Step 45/54 Loss=7.1004 mse=0.3557 v_opt=0.01403 v_mand=0.00034 ptv=0.0370 ptv_max=0.00108 ring=0.02074 smooth=0.0422 beam=0.55360
2026-05-19 17:54:20 [INFO] Step 50/54 Loss=10.8032 mse=0.7373 v_opt=0.00896 v_mand=0.00000 ptv=0.0261 ptv_max=0.00110 ring=0.02088 smooth=0.0532 beam=0.55568
2026-05-19 17:54:22 [INFO] Step 54/54 Loss=7.2600 mse=0.3846 v_opt=0.02248 v_mand=0.00231 ptv=0.0270 ptv_max=0.00166 ring=0.02320 smooth=0.0451 beam=0.52097
2026-05-19 17:54:22 [INFO] Running validation at epoch 67...
2026-05-19 17:54:45 [INFO] Epoch 67 Summary: Train=8.1705 Val=9.7355 PTV_D95=57.86Gy Bladder=28.83Gy Rectum=26.37Gy
2026-05-19 17:54:45 [INFO] [PHYSICS] Saved best model val_loss=9.7355
2026-05-19 17:54:45 [INFO] Epoch 68/100 started, lr=2.53e-05
2026-05-19 17:54:51 [INFO] Step 5/54 Loss=7.5167 mse=0.3275 v_opt=0.09869 v_mand=0.02770 ptv=0.0185 ptv_max=0.00191 ring=0.03038 smooth=0.0551 beam=0.52208
2026-05-19 17:54:53 [INFO] Step 10/54 Loss=9.7617 mse=0.6238 v_opt=0.01552 v_mand=0.00045 ptv=0.0282 ptv_max=0.00231 ring=0.02204 smooth=0.0363 beam=0.54988
2026-05-19 17:54:56 [INFO] Step 15/54 Loss=9.0114 mse=0.5212 v_opt=0.02089 v_mand=0.00061 ptv=0.0285 ptv_max=0.00074 ring=0.01956 smooth=0.0450 beam=0.62439
2026-05-19 17:54:58 [INFO] Step 20/54 Loss=8.9981 mse=0.5169 v_opt=0.00366 v_mand=0.00008 ptv=0.0287 ptv_max=0.00080 ring=0.02022 smooth=0.0431 beam=0.63718
2026-05-19 17:55:03 [INFO] Step 25/54 Loss=9.2567 mse=0.5375 v_opt=0.00286 v_mand=0.00000 ptv=0.0276 ptv_max=0.00148 ring=0.01922 smooth=0.0462 beam=0.64671
2026-05-19 17:55:06 [INFO] Step 30/54 Loss=7.2652 mse=0.4027 v_opt=0.00848 v_mand=0.00000 ptv=0.0223 ptv_max=0.00223 ring=0.01921 smooth=0.0516 beam=0.51868
2026-05-19 17:55:08 [INFO] Step 35/54 Loss=7.6227 mse=0.4093 v_opt=0.02820 v_mand=0.00351 ptv=0.0236 ptv_max=0.00174 ring=0.02326 smooth=0.0395 beam=0.54193
2026-05-19 17:55:10 [INFO] Step 40/54 Loss=6.0155 mse=0.2893 v_opt=0.02169 v_mand=0.00182 ptv=0.0239 ptv_max=0.00154 ring=0.02158 smooth=0.0382 beam=0.47816
2026-05-19 17:55:15 [INFO] Step 45/54 Loss=9.1477 mse=0.5801 v_opt=0.01973 v_mand=0.00101 ptv=0.0243 ptv_max=0.00216 ring=0.02339 smooth=0.0375 beam=0.51543
2026-05-19 17:55:17 [INFO] Step 50/54 Loss=6.8589 mse=0.3407 v_opt=0.00173 v_mand=0.00035 ptv=0.0318 ptv_max=0.00093 ring=0.02017 smooth=0.0397 beam=0.55376
2026-05-19 17:55:20 [INFO] Step 54/54 Loss=8.2437 mse=0.4723 v_opt=0.00003 v_mand=0.00000 ptv=0.0374 ptv_max=0.00073 ring=0.01960 smooth=0.0455 beam=0.56230
2026-05-19 17:55:20 [INFO] Running validation at epoch 68...
2026-05-19 17:55:43 [INFO] Epoch 68 Summary: Train=8.0735 Val=9.7945 PTV_D95=56.65Gy Bladder=28.32Gy Rectum=29.77Gy
2026-05-19 17:55:43 [INFO] Epoch 69/100 started, lr=2.40e-05
2026-05-19 17:55:48 [INFO] Step 5/54 Loss=9.6720 mse=0.3846 v_opt=0.16944 v_mand=0.06446 ptv=0.0298 ptv_max=0.00147 ring=0.02747 smooth=0.0756 beam=0.61695
2026-05-19 17:55:51 [INFO] Step 10/54 Loss=6.4942 mse=0.3216 v_opt=0.00420 v_mand=0.00014 ptv=0.0306 ptv_max=0.00111 ring=0.02400 smooth=0.0515 beam=0.50787
2026-05-19 17:55:53 [INFO] Step 15/54 Loss=8.1315 mse=0.4341 v_opt=0.01588 v_mand=0.00056 ptv=0.0290 ptv_max=0.00157 ring=0.02507 smooth=0.0582 beam=0.59880
2026-05-19 17:55:56 [INFO] Step 20/54 Loss=7.0858 mse=0.3708 v_opt=0.00505 v_mand=0.00021 ptv=0.0231 ptv_max=0.00169 ring=0.02335 smooth=0.0493 beam=0.53828
2026-05-19 17:56:00 [INFO] Step 25/54 Loss=10.1437 mse=0.6738 v_opt=0.01013 v_mand=0.00000 ptv=0.0219 ptv_max=0.00179 ring=0.02051 smooth=0.0451 beam=0.55277
2026-05-19 17:56:03 [INFO] Step 30/54 Loss=7.1437 mse=0.3321 v_opt=0.04524 v_mand=0.00952 ptv=0.0389 ptv_max=0.00171 ring=0.02179 smooth=0.0684 beam=0.53723
2026-05-19 17:56:06 [INFO] Step 35/54 Loss=7.7887 mse=0.4389 v_opt=0.00844 v_mand=0.00216 ptv=0.0334 ptv_max=0.00110 ring=0.02488 smooth=0.0467 beam=0.51229
2026-05-19 17:56:09 [INFO] Step 40/54 Loss=7.4662 mse=0.3450 v_opt=0.06838 v_mand=0.01385 ptv=0.0302 ptv_max=0.00134 ring=0.02674 smooth=0.0495 beam=0.55166
2026-05-19 17:56:13 [INFO] Step 45/54 Loss=8.1976 mse=0.4845 v_opt=0.00038 v_mand=0.00000 ptv=0.0220 ptv_max=0.00156 ring=0.01854 smooth=0.0408 beam=0.55435
2026-05-19 17:56:15 [INFO] Step 50/54 Loss=5.6836 mse=0.2518 v_opt=0.01040 v_mand=0.00004 ptv=0.0253 ptv_max=0.00158 ring=0.02401 smooth=0.0424 beam=0.48954
2026-05-19 17:56:17 [INFO] Step 54/54 Loss=6.1569 mse=0.3138 v_opt=0.00000 v_mand=0.00000 ptv=0.0230 ptv_max=0.00181 ring=0.02266 smooth=0.0339 beam=0.47110
2026-05-19 17:56:17 [INFO] Running validation at epoch 69...
2026-05-19 17:56:41 [INFO] Epoch 69 Summary: Train=8.2852 Val=9.7864 PTV_D95=58.20Gy Bladder=29.18Gy Rectum=26.42Gy
2026-05-19 17:56:41 [INFO] Epoch 70/100 started, lr=2.27e-05
2026-05-19 17:56:46 [INFO] Step 5/54 Loss=8.7519 mse=0.4497 v_opt=0.04867 v_mand=0.01025 ptv=0.0249 ptv_max=0.00169 ring=0.02646 smooth=0.0408 beam=0.63325
2026-05-19 17:56:49 [INFO] Step 10/54 Loss=7.5640 mse=0.3445 v_opt=0.07930 v_mand=0.01818 ptv=0.0260 ptv_max=0.00104 ring=0.02707 smooth=0.0566 beam=0.55637
2026-05-19 17:56:52 [INFO] Step 15/54 Loss=6.6267 mse=0.3338 v_opt=0.02299 v_mand=0.00149 ptv=0.0423 ptv_max=0.00073 ring=0.02645 smooth=0.0418 beam=0.46884
2026-05-19 17:56:54 [INFO] Step 20/54 Loss=6.8711 mse=0.3108 v_opt=0.06286 v_mand=0.01259 ptv=0.0286 ptv_max=0.00079 ring=0.02286 smooth=0.0632 beam=0.52974
2026-05-19 17:56:58 [INFO] Step 25/54 Loss=8.2741 mse=0.4545 v_opt=0.03288 v_mand=0.00117 ptv=0.0243 ptv_max=0.00140 ring=0.02307 smooth=0.0541 beam=0.59388
2026-05-19 17:57:01 [INFO] Step 30/54 Loss=10.5521 mse=0.5285 v_opt=0.09673 v_mand=0.03645 ptv=0.0311 ptv_max=0.00368 ring=0.04503 smooth=0.0560 beam=0.59724
2026-05-19 17:57:03 [INFO] Step 35/54 Loss=6.5785 mse=0.3259 v_opt=0.02711 v_mand=0.00159 ptv=0.0192 ptv_max=0.00193 ring=0.02258 smooth=0.0396 beam=0.51894
2026-05-19 17:57:06 [INFO] Step 40/54 Loss=7.3454 mse=0.3913 v_opt=0.00759 v_mand=0.00000 ptv=0.0294 ptv_max=0.00106 ring=0.02489 smooth=0.0431 beam=0.53846
2026-05-19 17:57:10 [INFO] Step 45/54 Loss=7.3968 mse=0.3811 v_opt=0.00000 v_mand=0.00000 ptv=0.0311 ptv_max=0.00115 ring=0.02310 smooth=0.0349 beam=0.57352
2026-05-19 17:57:13 [INFO] Step 50/54 Loss=7.4490 mse=0.3889 v_opt=0.01979 v_mand=0.00146 ptv=0.0307 ptv_max=0.00113 ring=0.02401 smooth=0.0433 beam=0.55117
2026-05-19 17:57:15 [INFO] Step 54/54 Loss=22.7152 mse=0.5144 v_opt=0.76317 v_mand=0.49383 ptv=0.0316 ptv_max=0.00158 ring=0.02622 smooth=0.0595 beam=0.58093
2026-05-19 17:57:15 [INFO] Running validation at epoch 70...
2026-05-19 17:57:39 [INFO] Epoch 70 Summary: Train=8.2888 Val=9.7497 PTV_D95=57.54Gy Bladder=29.59Gy Rectum=26.16Gy
2026-05-19 17:57:39 [INFO] Epoch 71/100 started, lr=2.14e-05
2026-05-19 17:57:44 [INFO] Step 5/54 Loss=6.5608 mse=0.3369 v_opt=0.01890 v_mand=0.00092 ptv=0.0272 ptv_max=0.00145 ring=0.01893 smooth=0.0381 beam=0.49979
2026-05-19 17:57:47 [INFO] Step 10/54 Loss=5.9288 mse=0.2842 v_opt=0.00900 v_mand=0.00005 ptv=0.0284 ptv_max=0.00101 ring=0.01878 smooth=0.0403 beam=0.48928
2026-05-19 17:57:49 [INFO] Step 15/54 Loss=9.0678 mse=0.5717 v_opt=0.00531 v_mand=0.00000 ptv=0.0290 ptv_max=0.00182 ring=0.01997 smooth=0.0435 beam=0.53108
2026-05-19 17:57:52 [INFO] Step 20/54 Loss=6.7218 mse=0.3473 v_opt=0.00010 v_mand=0.00000 ptv=0.0256 ptv_max=0.00162 ring=0.02067 smooth=0.0413 beam=0.51951
2026-05-19 17:57:56 [INFO] Step 25/54 Loss=8.1364 mse=0.3644 v_opt=0.08673 v_mand=0.02611 ptv=0.0186 ptv_max=0.00222 ring=0.02931 smooth=0.0556 beam=0.58477
2026-05-19 17:57:59 [INFO] Step 30/54 Loss=6.4950 mse=0.3084 v_opt=0.05712 v_mand=0.00783 ptv=0.0236 ptv_max=0.00172 ring=0.02136 smooth=0.0414 beam=0.49088
2026-05-19 17:58:02 [INFO] Step 35/54 Loss=9.1559 mse=0.4996 v_opt=0.05344 v_mand=0.01217 ptv=0.0199 ptv_max=0.00160 ring=0.02974 smooth=0.0505 beam=0.60387
2026-05-19 17:58:04 [INFO] Step 40/54 Loss=8.4618 mse=0.4260 v_opt=0.04008 v_mand=0.00750 ptv=0.0206 ptv_max=0.00136 ring=0.02382 smooth=0.0479 beam=0.65960
2026-05-19 17:58:09 [INFO] Step 45/54 Loss=9.4121 mse=0.5556 v_opt=0.01018 v_mand=0.00000 ptv=0.0244 ptv_max=0.00163 ring=0.01629 smooth=0.0496 beam=0.65214
2026-05-19 17:58:11 [INFO] Step 50/54 Loss=8.1692 mse=0.4724 v_opt=0.00000 v_mand=0.00000 ptv=0.0300 ptv_max=0.00072 ring=0.02068 smooth=0.0470 beam=0.55881
2026-05-19 17:58:13 [INFO] Step 54/54 Loss=9.3976 mse=0.4583 v_opt=0.10520 v_mand=0.04126 ptv=0.0226 ptv_max=0.00173 ring=0.02349 smooth=0.0591 beam=0.58043
2026-05-19 17:58:13 [INFO] Running validation at epoch 71...
2026-05-19 17:58:37 [INFO] Epoch 71 Summary: Train=8.3019 Val=9.6822 PTV_D95=57.92Gy Bladder=28.53Gy Rectum=27.81Gy
2026-05-19 17:58:37 [INFO] [PHYSICS] Saved best model val_loss=9.6822
2026-05-19 17:58:37 [INFO] Epoch 72/100 started, lr=2.02e-05
2026-05-19 17:58:42 [INFO] Step 5/54 Loss=7.7993 mse=0.4069 v_opt=0.03090 v_mand=0.00134 ptv=0.0314 ptv_max=0.00170 ring=0.01967 smooth=0.0547 beam=0.58715
2026-05-19 17:58:45 [INFO] Step 10/54 Loss=6.6503 mse=0.3458 v_opt=0.00405 v_mand=0.00000 ptv=0.0209 ptv_max=0.00182 ring=0.01988 smooth=0.0454 beam=0.51630
2026-05-19 17:58:48 [INFO] Step 15/54 Loss=8.7274 mse=0.4369 v_opt=0.07532 v_mand=0.02352 ptv=0.0221 ptv_max=0.00140 ring=0.02370 smooth=0.0552 beam=0.59354
2026-05-19 17:58:50 [INFO] Step 20/54 Loss=8.6545 mse=0.3764 v_opt=0.12588 v_mand=0.04172 ptv=0.0288 ptv_max=0.00147 ring=0.02228 smooth=0.0751 beam=0.57853
2026-05-19 17:58:55 [INFO] Step 25/54 Loss=8.2164 mse=0.4394 v_opt=0.05082 v_mand=0.00848 ptv=0.0318 ptv_max=0.00110 ring=0.02417 smooth=0.0663 beam=0.55327
2026-05-19 17:58:57 [INFO] Step 30/54 Loss=7.0168 mse=0.3957 v_opt=0.00629 v_mand=0.00000 ptv=0.0246 ptv_max=0.00134 ring=0.01572 smooth=0.0349 beam=0.49906
2026-05-19 17:59:00 [INFO] Step 35/54 Loss=8.8455 mse=0.4976 v_opt=0.01827 v_mand=0.00099 ptv=0.0303 ptv_max=0.00189 ring=0.02151 smooth=0.0486 beam=0.61648
2026-05-19 17:59:02 [INFO] Step 40/54 Loss=8.8796 mse=0.4916 v_opt=0.04719 v_mand=0.01117 ptv=0.0196 ptv_max=0.00192 ring=0.02345 smooth=0.0521 beam=0.58824
2026-05-19 17:59:07 [INFO] Step 45/54 Loss=6.5425 mse=0.3338 v_opt=0.02531 v_mand=0.00188 ptv=0.0268 ptv_max=0.00136 ring=0.01927 smooth=0.0379 beam=0.49558
2026-05-19 17:59:09 [INFO] Step 50/54 Loss=7.0383 mse=0.3580 v_opt=0.02125 v_mand=0.00184 ptv=0.0269 ptv_max=0.00110 ring=0.01940 smooth=0.0516 beam=0.54977
2026-05-19 17:59:11 [INFO] Step 54/54 Loss=6.3333 mse=0.3289 v_opt=0.00935 v_mand=0.00008 ptv=0.0247 ptv_max=0.00121 ring=0.02173 smooth=0.0417 beam=0.47738
2026-05-19 17:59:11 [INFO] Running validation at epoch 72...
2026-05-19 17:59:35 [INFO] Epoch 72 Summary: Train=8.1541 Val=9.6852 PTV_D95=56.95Gy Bladder=28.69Gy Rectum=27.98Gy
2026-05-19 17:59:35 [INFO] Epoch 73/100 started, lr=1.89e-05
2026-05-19 17:59:40 [INFO] Step 5/54 Loss=8.5431 mse=0.4772 v_opt=0.04971 v_mand=0.00746 ptv=0.0211 ptv_max=0.00150 ring=0.02507 smooth=0.0458 beam=0.56370
2026-05-19 17:59:43 [INFO] Step 10/54 Loss=8.3298 mse=0.3988 v_opt=0.08678 v_mand=0.03023 ptv=0.0205 ptv_max=0.00152 ring=0.02505 smooth=0.0557 beam=0.55004
2026-05-19 17:59:45 [INFO] Step 15/54 Loss=9.5907 mse=0.6166 v_opt=0.02903 v_mand=0.00383 ptv=0.0223 ptv_max=0.00175 ring=0.02013 smooth=0.0425 beam=0.53095
2026-05-19 17:59:48 [INFO] Step 20/54 Loss=7.8929 mse=0.3963 v_opt=0.07651 v_mand=0.01288 ptv=0.0323 ptv_max=0.00143 ring=0.01684 smooth=0.0489 beam=0.56063
2026-05-19 17:59:53 [INFO] Step 25/54 Loss=6.9030 mse=0.3533 v_opt=0.00514 v_mand=0.00000 ptv=0.0286 ptv_max=0.00135 ring=0.02072 smooth=0.0427 beam=0.53842
2026-05-19 17:59:55 [INFO] Step 30/54 Loss=6.5343 mse=0.3358 v_opt=0.01708 v_mand=0.00143 ptv=0.0286 ptv_max=0.00184 ring=0.02523 smooth=0.0371 beam=0.46916
2026-05-19 17:59:57 [INFO] Step 35/54 Loss=7.0646 mse=0.3787 v_opt=0.01490 v_mand=0.00041 ptv=0.0265 ptv_max=0.00137 ring=0.01656 smooth=0.0467 beam=0.53015
2026-05-19 18:00:00 [INFO] Step 40/54 Loss=7.6394 mse=0.4091 v_opt=0.00556 v_mand=0.00157 ptv=0.0278 ptv_max=0.00173 ring=0.02018 smooth=0.0360 beam=0.56549
2026-05-19 18:00:05 [INFO] Step 45/54 Loss=8.3035 mse=0.4475 v_opt=0.00713 v_mand=0.00002 ptv=0.0282 ptv_max=0.00120 ring=0.02368 smooth=0.0395 beam=0.62240
2026-05-19 18:00:07 [INFO] Step 50/54 Loss=7.5637 mse=0.4222 v_opt=0.01368 v_mand=0.00037 ptv=0.0264 ptv_max=0.00096 ring=0.02010 smooth=0.0444 beam=0.53756
2026-05-19 18:00:09 [INFO] Step 54/54 Loss=7.0149 mse=0.3727 v_opt=0.02495 v_mand=0.00020 ptv=0.0246 ptv_max=0.00130 ring=0.02083 smooth=0.0447 beam=0.52106
2026-05-19 18:00:09 [INFO] Running validation at epoch 73...
2026-05-19 18:00:32 [INFO] Epoch 73 Summary: Train=7.9490 Val=9.8286 PTV_D95=58.16Gy Bladder=30.42Gy Rectum=28.20Gy
2026-05-19 18:00:32 [INFO] Epoch 74/100 started, lr=1.78e-05
2026-05-19 18:00:38 [INFO] Step 5/54 Loss=8.1757 mse=0.4525 v_opt=0.00723 v_mand=0.00051 ptv=0.0329 ptv_max=0.00173 ring=0.02489 smooth=0.0518 beam=0.56586
2026-05-19 18:00:41 [INFO] Step 10/54 Loss=8.3186 mse=0.4939 v_opt=0.01388 v_mand=0.00018 ptv=0.0304 ptv_max=0.00120 ring=0.01975 smooth=0.0423 beam=0.53663
2026-05-19 18:00:43 [INFO] Step 15/54 Loss=7.6625 mse=0.3798 v_opt=0.05155 v_mand=0.00701 ptv=0.0213 ptv_max=0.00210 ring=0.02379 smooth=0.0391 beam=0.58147
2026-05-19 18:00:46 [INFO] Step 20/54 Loss=6.0848 mse=0.2966 v_opt=0.00000 v_mand=0.00000 ptv=0.0293 ptv_max=0.00123 ring=0.02146 smooth=0.0297 beam=0.48793
2026-05-19 18:00:50 [INFO] Step 25/54 Loss=6.6281 mse=0.3334 v_opt=0.00000 v_mand=0.00000 ptv=0.0280 ptv_max=0.00108 ring=0.01972 smooth=0.0337 beam=0.53227
2026-05-19 18:00:53 [INFO] Step 30/54 Loss=7.1864 mse=0.3742 v_opt=0.03593 v_mand=0.00175 ptv=0.0308 ptv_max=0.00150 ring=0.02480 smooth=0.0582 beam=0.51357
2026-05-19 18:00:55 [INFO] Step 35/54 Loss=7.2999 mse=0.3756 v_opt=0.00353 v_mand=0.00000 ptv=0.0359 ptv_max=0.00126 ring=0.01953 smooth=0.0388 beam=0.56345
2026-05-19 18:00:58 [INFO] Step 40/54 Loss=8.3983 mse=0.3757 v_opt=0.14703 v_mand=0.03826 ptv=0.0207 ptv_max=0.00148 ring=0.02742 smooth=0.0594 beam=0.53851
2026-05-19 18:01:02 [INFO] Step 45/54 Loss=7.6653 mse=0.4391 v_opt=0.00000 v_mand=0.00000 ptv=0.0212 ptv_max=0.00169 ring=0.01819 smooth=0.0367 beam=0.54017
2026-05-19 18:01:05 [INFO] Step 50/54 Loss=9.0889 mse=0.4662 v_opt=0.05932 v_mand=0.01690 ptv=0.0261 ptv_max=0.00130 ring=0.01898 smooth=0.0440 beam=0.65419
2026-05-19 18:01:07 [INFO] Step 54/54 Loss=6.5969 mse=0.3414 v_opt=0.00644 v_mand=0.00000 ptv=0.0323 ptv_max=0.00093 ring=0.01967 smooth=0.0443 beam=0.50022
2026-05-19 18:01:07 [INFO] Running validation at epoch 74...
2026-05-19 18:01:30 [INFO] Epoch 74 Summary: Train=8.5968 Val=9.6243 PTV_D95=56.97Gy Bladder=28.03Gy Rectum=28.02Gy
2026-05-19 18:01:30 [INFO] [PHYSICS] Saved best model val_loss=9.6243
2026-05-19 18:01:30 [INFO] Epoch 75/100 started, lr=1.66e-05
2026-05-19 18:01:36 [INFO] Step 5/54 Loss=10.0004 mse=0.6654 v_opt=0.00500 v_mand=0.00000 ptv=0.0262 ptv_max=0.00121 ring=0.02016 smooth=0.0492 beam=0.54133
2026-05-19 18:01:38 [INFO] Step 10/54 Loss=7.4760 mse=0.4052 v_opt=0.02471 v_mand=0.00058 ptv=0.0243 ptv_max=0.00135 ring=0.02248 smooth=0.0418 beam=0.54143
2026-05-19 18:01:41 [INFO] Step 15/54 Loss=8.5507 mse=0.5424 v_opt=0.00294 v_mand=0.00000 ptv=0.0203 ptv_max=0.00244 ring=0.01932 smooth=0.0321 beam=0.50063
2026-05-19 18:01:44 [INFO] Step 20/54 Loss=8.9260 mse=0.5847 v_opt=0.00412 v_mand=0.00000 ptv=0.0191 ptv_max=0.00229 ring=0.02000 smooth=0.0311 beam=0.49258
2026-05-19 18:01:48 [INFO] Step 25/54 Loss=7.9633 mse=0.4461 v_opt=0.00842 v_mand=0.00000 ptv=0.0353 ptv_max=0.00102 ring=0.01957 smooth=0.0490 beam=0.55663
2026-05-19 18:01:51 [INFO] Step 30/54 Loss=7.2241 mse=0.3972 v_opt=0.01640 v_mand=0.00040 ptv=0.0374 ptv_max=0.00121 ring=0.01763 smooth=0.0422 beam=0.50128
2026-05-19 18:01:53 [INFO] Step 35/54 Loss=7.6922 mse=0.3179 v_opt=0.11723 v_mand=0.02970 ptv=0.0425 ptv_max=0.00131 ring=0.02504 smooth=0.0584 beam=0.53281
2026-05-19 18:01:56 [INFO] Step 40/54 Loss=7.3289 mse=0.3866 v_opt=0.01182 v_mand=0.00000 ptv=0.0250 ptv_max=0.00124 ring=0.01929 smooth=0.0407 beam=0.56677
2026-05-19 18:01:59 [INFO] Step 45/54 Loss=6.4990 mse=0.3122 v_opt=0.05566 v_mand=0.00725 ptv=0.0225 ptv_max=0.00159 ring=0.02083 smooth=0.0411 beam=0.49268
2026-05-19 18:02:02 [INFO] Step 50/54 Loss=6.3339 mse=0.3306 v_opt=0.00425 v_mand=0.00000 ptv=0.0252 ptv_max=0.00130 ring=0.02141 smooth=0.0317 beam=0.47563
2026-05-19 18:02:04 [INFO] Step 54/54 Loss=8.9587 mse=0.5681 v_opt=0.00917 v_mand=0.00000 ptv=0.0214 ptv_max=0.00292 ring=0.01876 smooth=0.0468 beam=0.52268
2026-05-19 18:02:04 [INFO] Running validation at epoch 75...
2026-05-19 18:02:28 [INFO] Epoch 75 Summary: Train=7.6043 Val=9.6220 PTV_D95=57.17Gy Bladder=28.15Gy Rectum=25.65Gy
2026-05-19 18:02:28 [INFO] [PHYSICS] Saved best model val_loss=9.6220
2026-05-19 18:02:28 [INFO] Epoch 76/100 started, lr=1.55e-05
2026-05-19 18:02:33 [INFO] Step 5/54 Loss=7.4116 mse=0.4212 v_opt=0.00000 v_mand=0.00000 ptv=0.0257 ptv_max=0.00098 ring=0.01760 smooth=0.0450 beam=0.52500
2026-05-19 18:02:36 [INFO] Step 10/54 Loss=6.2094 mse=0.3041 v_opt=0.00340 v_mand=0.00000 ptv=0.0295 ptv_max=0.00078 ring=0.02220 smooth=0.0412 beam=0.49823
2026-05-19 18:02:39 [INFO] Step 15/54 Loss=9.0213 mse=0.5679 v_opt=0.01566 v_mand=0.00000 ptv=0.0332 ptv_max=0.00111 ring=0.02067 smooth=0.0568 beam=0.52154
2026-05-19 18:02:41 [INFO] Step 20/54 Loss=9.0014 mse=0.4419 v_opt=0.08402 v_mand=0.02888 ptv=0.0176 ptv_max=0.00202 ring=0.02597 smooth=0.0511 beam=0.60419
2026-05-19 18:02:46 [INFO] Step 25/54 Loss=7.7400 mse=0.3943 v_opt=0.00006 v_mand=0.00000 ptv=0.0482 ptv_max=0.00594 ring=0.02647 smooth=0.0399 beam=0.52332
2026-05-19 18:02:49 [INFO] Step 30/54 Loss=8.6327 mse=0.4156 v_opt=0.11129 v_mand=0.02572 ptv=0.0222 ptv_max=0.00142 ring=0.02261 smooth=0.0492 beam=0.59476
2026-05-19 18:02:52 [INFO] Step 35/54 Loss=8.6239 mse=0.5095 v_opt=0.00511 v_mand=0.00002 ptv=0.0218 ptv_max=0.00131 ring=0.01911 smooth=0.0613 beam=0.58846
2026-05-19 18:02:54 [INFO] Step 40/54 Loss=9.0541 mse=0.5989 v_opt=0.00000 v_mand=0.00000 ptv=0.0000 ptv_max=0.00000 ring=0.00000 smooth=0.0587 beam=0.61180
2026-05-19 18:02:59 [INFO] Step 45/54 Loss=7.0015 mse=0.3538 v_opt=0.03765 v_mand=0.00276 ptv=0.0306 ptv_max=0.00131 ring=0.02196 smooth=0.0483 beam=0.52271
2026-05-19 18:03:01 [INFO] Step 50/54 Loss=8.4545 mse=0.4874 v_opt=0.01290 v_mand=0.00060 ptv=0.0454 ptv_max=0.00078 ring=0.01642 smooth=0.0495 beam=0.55905
2026-05-19 18:03:03 [INFO] Step 54/54 Loss=7.8130 mse=0.4261 v_opt=0.00700 v_mand=0.00003 ptv=0.0298 ptv_max=0.00149 ring=0.02274 smooth=0.0365 beam=0.56392
2026-05-19 18:03:03 [INFO] Running validation at epoch 76...
2026-05-19 18:03:26 [INFO] Epoch 76 Summary: Train=8.0648 Val=9.5850 PTV_D95=57.04Gy Bladder=28.41Gy Rectum=25.21Gy
2026-05-19 18:03:26 [INFO] [PHYSICS] Saved best model val_loss=9.5850
2026-05-19 18:03:26 [INFO] Epoch 77/100 started, lr=1.44e-05
2026-05-19 18:03:32 [INFO] Step 5/54 Loss=8.2400 mse=0.3752 v_opt=0.10277 v_mand=0.03855 ptv=0.0218 ptv_max=0.00146 ring=0.02292 smooth=0.0556 beam=0.53563
2026-05-19 18:03:34 [INFO] Step 10/54 Loss=9.0802 mse=0.6028 v_opt=0.00000 v_mand=0.00000 ptv=0.0000 ptv_max=0.00000 ring=0.00000 smooth=0.0626 beam=0.60916
2026-05-19 18:03:37 [INFO] Step 15/54 Loss=9.0722 mse=0.5671 v_opt=0.00275 v_mand=0.00000 ptv=0.0301 ptv_max=0.00078 ring=0.01674 smooth=0.0527 beam=0.55989
2026-05-19 18:03:39 [INFO] Step 20/54 Loss=7.9344 mse=0.4560 v_opt=0.00237 v_mand=0.00000 ptv=0.0286 ptv_max=0.00104 ring=0.01868 smooth=0.0406 beam=0.54948
2026-05-19 18:03:44 [INFO] Step 25/54 Loss=8.5717 mse=0.5036 v_opt=0.00024 v_mand=0.00000 ptv=0.0552 ptv_max=0.00157 ring=0.02746 smooth=0.0561 beam=0.49735
2026-05-19 18:03:47 [INFO] Step 30/54 Loss=9.0045 mse=0.4636 v_opt=0.09680 v_mand=0.02740 ptv=0.0174 ptv_max=0.00247 ring=0.02523 smooth=0.0540 beam=0.56173
2026-05-19 18:03:50 [INFO] Step 35/54 Loss=7.7185 mse=0.3617 v_opt=0.07569 v_mand=0.01510 ptv=0.0205 ptv_max=0.00164 ring=0.03071 smooth=0.0518 beam=0.56399
2026-05-19 18:03:52 [INFO] Step 40/54 Loss=7.1105 mse=0.3838 v_opt=0.01874 v_mand=0.00105 ptv=0.0254 ptv_max=0.00142 ring=0.01761 smooth=0.0402 beam=0.52318
2026-05-19 18:03:55 [INFO] Step 45/54 Loss=7.2041 mse=0.3833 v_opt=0.00068 v_mand=0.00000 ptv=0.0248 ptv_max=0.00184 ring=0.02147 smooth=0.0307 beam=0.54093
2026-05-19 18:03:59 [INFO] Step 50/54 Loss=6.4404 mse=0.3324 v_opt=0.02030 v_mand=0.00037 ptv=0.0242 ptv_max=0.00147 ring=0.01928 smooth=0.0442 beam=0.49149
2026-05-19 18:04:01 [INFO] Step 54/54 Loss=6.4074 mse=0.3342 v_opt=0.01041 v_mand=0.00000 ptv=0.0363 ptv_max=0.00152 ring=0.01931 smooth=0.0369 beam=0.46226
2026-05-19 18:04:01 [INFO] Running validation at epoch 77...
2026-05-19 18:04:25 [INFO] Epoch 77 Summary: Train=8.3637 Val=9.6311 PTV_D95=57.35Gy Bladder=28.19Gy Rectum=28.10Gy
2026-05-19 18:04:25 [INFO] Epoch 78/100 started, lr=1.34e-05
2026-05-19 18:04:30 [INFO] Step 5/54 Loss=7.2019 mse=0.3198 v_opt=0.09031 v_mand=0.02146 ptv=0.0221 ptv_max=0.00149 ring=0.02363 smooth=0.0545 beam=0.52615
2026-05-19 18:04:33 [INFO] Step 10/54 Loss=8.1965 mse=0.5250 v_opt=0.01271 v_mand=0.00013 ptv=0.0000 ptv_max=0.00000 ring=0.00000 smooth=0.0441 beam=0.58262
2026-05-19 18:04:35 [INFO] Step 15/54 Loss=7.4988 mse=0.4205 v_opt=0.00076 v_mand=0.00000 ptv=0.0275 ptv_max=0.00140 ring=0.01971 smooth=0.0345 beam=0.52976
2026-05-19 18:04:38 [INFO] Step 20/54 Loss=10.3859 mse=0.7113 v_opt=0.00596 v_mand=0.00000 ptv=0.0247 ptv_max=0.00141 ring=0.02013 smooth=0.0487 beam=0.52724
2026-05-19 18:04:42 [INFO] Step 25/54 Loss=8.7392 mse=0.5704 v_opt=0.00000 v_mand=0.00000 ptv=0.0000 ptv_max=0.00000 ring=0.00000 smooth=0.0391 beam=0.60624
2026-05-19 18:04:45 [INFO] Step 30/54 Loss=7.9781 mse=0.4356 v_opt=0.01223 v_mand=0.00008 ptv=0.0239 ptv_max=0.00149 ring=0.02347 smooth=0.0386 beam=0.58514
2026-05-19 18:04:48 [INFO] Step 35/54 Loss=6.4384 mse=0.3169 v_opt=0.00469 v_mand=0.00000 ptv=0.0241 ptv_max=0.00200 ring=0.02285 smooth=0.0323 beam=0.51470
2026-05-19 18:04:50 [INFO] Step 40/54 Loss=9.9880 mse=0.4696 v_opt=0.14256 v_mand=0.05321 ptv=0.0305 ptv_max=0.00216 ring=0.02677 smooth=0.0519 beam=0.57141
2026-05-19 18:04:55 [INFO] Step 45/54 Loss=7.0402 mse=0.2998 v_opt=0.10321 v_mand=0.02624 ptv=0.0236 ptv_max=0.00157 ring=0.02176 smooth=0.0546 beam=0.50671
2026-05-19 18:04:57 [INFO] Step 50/54 Loss=8.2822 mse=0.4465 v_opt=0.02726 v_mand=0.00376 ptv=0.0249 ptv_max=0.00136 ring=0.02310 smooth=0.0508 beam=0.60011
2026-05-19 18:04:59 [INFO] Step 54/54 Loss=7.7750 mse=0.4442 v_opt=0.00000 v_mand=0.00000 ptv=0.0294 ptv_max=0.00129 ring=0.02038 smooth=0.0412 beam=0.53302
2026-05-19 18:04:59 [INFO] Running validation at epoch 78...
2026-05-19 18:05:23 [INFO] Epoch 78 Summary: Train=7.8379 Val=9.5854 PTV_D95=56.73Gy Bladder=27.70Gy Rectum=26.86Gy
2026-05-19 18:05:23 [INFO] Epoch 79/100 started, lr=1.24e-05
2026-05-19 18:05:28 [INFO] Step 5/54 Loss=9.8123 mse=0.6176 v_opt=0.01862 v_mand=0.00120 ptv=0.0262 ptv_max=0.00196 ring=0.01820 smooth=0.0558 beam=0.58617
2026-05-19 18:05:31 [INFO] Step 10/54 Loss=7.8065 mse=0.4296 v_opt=0.00916 v_mand=0.00002 ptv=0.0239 ptv_max=0.00134 ring=0.02015 smooth=0.0387 beam=0.57585
2026-05-19 18:05:33 [INFO] Step 15/54 Loss=8.0300 mse=0.3849 v_opt=0.06633 v_mand=0.01917 ptv=0.0214 ptv_max=0.00130 ring=0.02432 smooth=0.0501 beam=0.58400
2026-05-19 18:05:36 [INFO] Step 20/54 Loss=7.5355 mse=0.4135 v_opt=0.02201 v_mand=0.00166 ptv=0.0287 ptv_max=0.00122 ring=0.01866 smooth=0.0355 beam=0.53665
2026-05-19 18:05:41 [INFO] Step 25/54 Loss=7.5003 mse=0.3597 v_opt=0.05708 v_mand=0.01047 ptv=0.0202 ptv_max=0.00154 ring=0.02312 smooth=0.0529 beam=0.57934
2026-05-19 18:05:43 [INFO] Step 30/54 Loss=6.4120 mse=0.3315 v_opt=0.00000 v_mand=0.00000 ptv=0.0415 ptv_max=0.00113 ring=0.01873 smooth=0.0345 beam=0.46818
2026-05-19 18:05:46 [INFO] Step 35/54 Loss=7.0986 mse=0.3736 v_opt=0.00313 v_mand=0.00000 ptv=0.0413 ptv_max=0.00140 ring=0.01813 smooth=0.0446 beam=0.51932
2026-05-19 18:05:48 [INFO] Step 40/54 Loss=8.6092 mse=0.4873 v_opt=0.00115 v_mand=0.00000 ptv=0.0284 ptv_max=0.00140 ring=0.01781 smooth=0.0467 beam=0.62167
2026-05-19 18:05:53 [INFO] Step 45/54 Loss=6.4681 mse=0.3334 v_opt=0.00363 v_mand=0.00000 ptv=0.0216 ptv_max=0.00144 ring=0.02017 smooth=0.0383 beam=0.50645
2026-05-19 18:05:56 [INFO] Step 50/54 Loss=8.5849 mse=0.4739 v_opt=0.00391 v_mand=0.00000 ptv=0.0828 ptv_max=0.00308 ring=0.01583 smooth=0.0513 beam=0.52272
2026-05-19 18:05:58 [INFO] Step 54/54 Loss=7.3905 mse=0.3835 v_opt=0.02318 v_mand=0.00166 ptv=0.0244 ptv_max=0.00129 ring=0.02179 smooth=0.0353 beam=0.56573
2026-05-19 18:05:58 [INFO] Running validation at epoch 79...
2026-05-19 18:06:21 [INFO] Epoch 79 Summary: Train=7.8885 Val=9.6640 PTV_D95=57.36Gy Bladder=30.15Gy Rectum=27.14Gy
2026-05-19 18:06:21 [INFO] Epoch 80/100 started, lr=1.14e-05
2026-05-19 18:06:26 [INFO] Step 5/54 Loss=6.8160 mse=0.3015 v_opt=0.06733 v_mand=0.01955 ptv=0.0285 ptv_max=0.00099 ring=0.02142 smooth=0.0542 beam=0.50325
2026-05-19 18:06:29 [INFO] Step 10/54 Loss=6.3599 mse=0.3268 v_opt=0.00558 v_mand=0.00003 ptv=0.0342 ptv_max=0.00075 ring=0.01734 smooth=0.0391 beam=0.48744
2026-05-19 18:06:31 [INFO] Step 15/54 Loss=8.9765 mse=0.4920 v_opt=0.02417 v_mand=0.00073 ptv=0.0470 ptv_max=0.00082 ring=0.01998 smooth=0.0375 beam=0.63503
2026-05-19 18:06:34 [INFO] Step 20/54 Loss=8.1261 mse=0.4780 v_opt=0.00156 v_mand=0.00003 ptv=0.0266 ptv_max=0.00115 ring=0.02030 smooth=0.0490 beam=0.54177
2026-05-19 18:06:39 [INFO] Step 25/54 Loss=8.5600 mse=0.4150 v_opt=0.08618 v_mand=0.02129 ptv=0.0177 ptv_max=0.00256 ring=0.03291 smooth=0.0630 beam=0.58018
2026-05-19 18:06:41 [INFO] Step 30/54 Loss=8.0534 mse=0.3350 v_opt=0.14512 v_mand=0.04537 ptv=0.0162 ptv_max=0.00307 ring=0.02501 smooth=0.0697 beam=0.51629
2026-05-19 18:06:44 [INFO] Step 35/54 Loss=6.8623 mse=0.3477 v_opt=0.01418 v_mand=0.00119 ptv=0.0248 ptv_max=0.00204 ring=0.02777 smooth=0.0352 beam=0.51151
2026-05-19 18:06:46 [INFO] Step 40/54 Loss=6.0257 mse=0.2965 v_opt=0.01635 v_mand=0.00087 ptv=0.0222 ptv_max=0.00158 ring=0.02013 smooth=0.0433 beam=0.47963
2026-05-19 18:06:51 [INFO] Step 45/54 Loss=7.3224 mse=0.3818 v_opt=0.00369 v_mand=0.00000 ptv=0.0325 ptv_max=0.00149 ring=0.02098 smooth=0.0312 beam=0.55578
2026-05-19 18:06:54 [INFO] Step 50/54 Loss=7.5870 mse=0.3929 v_opt=0.02044 v_mand=0.00153 ptv=0.0462 ptv_max=0.00064 ring=0.01731 smooth=0.0492 beam=0.56407
2026-05-19 18:06:56 [INFO] Step 54/54 Loss=8.7913 mse=0.5868 v_opt=0.01085 v_mand=0.00001 ptv=0.0000 ptv_max=0.00000 ring=0.00000 smooth=0.0493 beam=0.57934
2026-05-19 18:06:56 [INFO] Running validation at epoch 80...
2026-05-19 18:07:19 [INFO] Epoch 80 Summary: Train=7.6849 Val=9.6517 PTV_D95=56.69Gy Bladder=29.11Gy Rectum=24.71Gy
2026-05-19 18:07:19 [INFO] Epoch 81/100 started, lr=1.05e-05
2026-05-19 18:07:25 [INFO] Step 5/54 Loss=6.0913 mse=0.2925 v_opt=0.00000 v_mand=0.00000 ptv=0.0357 ptv_max=0.00080 ring=0.01966 smooth=0.0312 beam=0.49416
2026-05-19 18:07:27 [INFO] Step 10/54 Loss=8.1713 mse=0.4715 v_opt=0.00648 v_mand=0.00000 ptv=0.0270 ptv_max=0.00105 ring=0.01960 smooth=0.0518 beam=0.56440
2026-05-19 18:07:30 [INFO] Step 15/54 Loss=10.3993 mse=0.6363 v_opt=0.03927 v_mand=0.00402 ptv=0.0384 ptv_max=0.00276 ring=0.02878 smooth=0.0404 beam=0.57975
2026-05-19 18:07:32 [INFO] Step 20/54 Loss=6.1321 mse=0.2973 v_opt=0.00550 v_mand=0.00002 ptv=0.0242 ptv_max=0.00167 ring=0.02030 smooth=0.0407 beam=0.50279
2026-05-19 18:07:37 [INFO] Step 25/54 Loss=7.6413 mse=0.4151 v_opt=0.00945 v_mand=0.00055 ptv=0.0318 ptv_max=0.00146 ring=0.02360 smooth=0.0477 beam=0.54166
2026-05-19 18:07:39 [INFO] Step 30/54 Loss=6.9049 mse=0.3520 v_opt=0.01299 v_mand=0.00014 ptv=0.0219 ptv_max=0.00147 ring=0.02337 smooth=0.0398 beam=0.54178
2026-05-19 18:07:42 [INFO] Step 35/54 Loss=5.9901 mse=0.2854 v_opt=0.01550 v_mand=0.00003 ptv=0.0287 ptv_max=0.00097 ring=0.01988 smooth=0.0411 beam=0.49343
2026-05-19 18:07:44 [INFO] Step 40/54 Loss=7.1001 mse=0.3738 v_opt=0.01125 v_mand=0.00001 ptv=0.0240 ptv_max=0.00155 ring=0.01933 smooth=0.0352 beam=0.54571
2026-05-19 18:07:48 [INFO] Step 45/54 Loss=7.0852 mse=0.3737 v_opt=0.00000 v_mand=0.00000 ptv=0.0312 ptv_max=0.00169 ring=0.02235 smooth=0.0407 beam=0.52255
2026-05-19 18:07:52 [INFO] Step 50/54 Loss=8.3347 mse=0.4339 v_opt=0.06456 v_mand=0.01840 ptv=0.0260 ptv_max=0.00121 ring=0.01818 smooth=0.0440 beam=0.56185
2026-05-19 18:07:54 [INFO] Step 54/54 Loss=9.1806 mse=0.5275 v_opt=0.01660 v_mand=0.00065 ptv=0.0266 ptv_max=0.00151 ring=0.01973 smooth=0.0359 beam=0.64299
2026-05-19 18:07:54 [INFO] Running validation at epoch 81...
2026-05-19 18:08:17 [INFO] Epoch 81 Summary: Train=7.4865 Val=9.5388 PTV_D95=57.11Gy Bladder=28.29Gy Rectum=26.15Gy
2026-05-19 18:08:17 [INFO] [PHYSICS] Saved best model val_loss=9.5388
2026-05-19 18:08:17 [INFO] Epoch 82/100 started, lr=9.56e-06
2026-05-19 18:08:23 [INFO] Step 5/54 Loss=8.2684 mse=0.4704 v_opt=0.00518 v_mand=0.00002 ptv=0.0295 ptv_max=0.00108 ring=0.01634 smooth=0.0377 beam=0.59118
2026-05-19 18:08:25 [INFO] Step 10/54 Loss=6.9692 mse=0.3664 v_opt=0.00557 v_mand=0.00000 ptv=0.0276 ptv_max=0.00135 ring=0.01953 smooth=0.0334 beam=0.53086
2026-05-19 18:08:28 [INFO] Step 15/54 Loss=7.8119 mse=0.4423 v_opt=0.00030 v_mand=0.00000 ptv=0.0263 ptv_max=0.00109 ring=0.01767 smooth=0.0481 beam=0.56018
2026-05-19 18:08:30 [INFO] Step 20/54 Loss=8.1380 mse=0.4777 v_opt=0.00106 v_mand=0.00000 ptv=0.0230 ptv_max=0.00164 ring=0.01874 smooth=0.0763 beam=0.55150
2026-05-19 18:08:35 [INFO] Step 25/54 Loss=9.6241 mse=0.6068 v_opt=0.02716 v_mand=0.00363 ptv=0.0203 ptv_max=0.00194 ring=0.02007 smooth=0.0455 beam=0.56105
2026-05-19 18:08:37 [INFO] Step 30/54 Loss=8.7485 mse=0.4074 v_opt=0.10022 v_mand=0.03613 ptv=0.0180 ptv_max=0.00192 ring=0.02522 smooth=0.0556 beam=0.58219
2026-05-19 18:08:40 [INFO] Step 35/54 Loss=6.4910 mse=0.3451 v_opt=0.00721 v_mand=0.00000 ptv=0.0254 ptv_max=0.00152 ring=0.01877 smooth=0.0327 beam=0.48213
2026-05-19 18:08:42 [INFO] Step 40/54 Loss=10.1317 mse=0.6834 v_opt=0.00885 v_mand=0.00000 ptv=0.0442 ptv_max=0.00132 ring=0.01989 smooth=0.0475 beam=0.49379
2026-05-19 18:08:47 [INFO] Step 45/54 Loss=6.5488 mse=0.3612 v_opt=0.00401 v_mand=0.00024 ptv=0.0256 ptv_max=0.00162 ring=0.01873 smooth=0.0360 beam=0.46007
2026-05-19 18:08:49 [INFO] Step 50/54 Loss=14.4745 mse=0.4571 v_opt=0.39338 v_mand=0.22814 ptv=0.0444 ptv_max=0.00150 ring=0.01654 smooth=0.0476 beam=0.52818
2026-05-19 18:08:51 [INFO] Step 54/54 Loss=6.0804 mse=0.3026 v_opt=0.00104 v_mand=0.00000 ptv=0.0234 ptv_max=0.00159 ring=0.02065 smooth=0.0289 beam=0.48521
2026-05-19 18:08:51 [INFO] Running validation at epoch 82...
2026-05-19 18:09:15 [INFO] Epoch 82 Summary: Train=8.7269 Val=9.6140 PTV_D95=57.37Gy Bladder=28.77Gy Rectum=27.61Gy
2026-05-19 18:09:15 [INFO] Epoch 83/100 started, lr=8.71e-06
2026-05-19 18:09:20 [INFO] Step 5/54 Loss=7.1190 mse=0.4030 v_opt=0.01253 v_mand=0.00005 ptv=0.0201 ptv_max=0.00192 ring=0.01707 smooth=0.0411 beam=0.50111
2026-05-19 18:09:23 [INFO] Step 10/54 Loss=7.9032 mse=0.4287 v_opt=0.00515 v_mand=0.00003 ptv=0.0303 ptv_max=0.00138 ring=0.02055 smooth=0.0330 beam=0.58442
2026-05-19 18:09:25 [INFO] Step 15/54 Loss=8.1071 mse=0.4539 v_opt=0.00000 v_mand=0.00000 ptv=0.0290 ptv_max=0.00137 ring=0.02048 smooth=0.0434 beam=0.57962
2026-05-19 18:09:28 [INFO] Step 20/54 Loss=10.1344 mse=0.6575 v_opt=0.00704 v_mand=0.00000 ptv=0.0229 ptv_max=0.00143 ring=0.01879 smooth=0.0460 beam=0.59179
2026-05-19 18:09:32 [INFO] Step 25/54 Loss=7.9107 mse=0.4139 v_opt=0.05405 v_mand=0.00532 ptv=0.0189 ptv_max=0.00179 ring=0.02165 smooth=0.0466 beam=0.58445
2026-05-19 18:09:35 [INFO] Step 30/54 Loss=7.6520 mse=0.4111 v_opt=0.01261 v_mand=0.00008 ptv=0.0217 ptv_max=0.00161 ring=0.02100 smooth=0.0314 beam=0.57949
2026-05-19 18:09:38 [INFO] Step 35/54 Loss=7.1149 mse=0.3478 v_opt=0.02936 v_mand=0.00300 ptv=0.0302 ptv_max=0.00138 ring=0.02637 smooth=0.0400 beam=0.54659
2026-05-19 18:09:40 [INFO] Step 40/54 Loss=6.8585 mse=0.3310 v_opt=0.07211 v_mand=0.01064 ptv=0.0294 ptv_max=0.00157 ring=0.01720 smooth=0.0442 beam=0.50062
2026-05-19 18:09:45 [INFO] Step 45/54 Loss=7.1049 mse=0.3857 v_opt=0.00854 v_mand=0.00006 ptv=0.0286 ptv_max=0.00122 ring=0.01736 smooth=0.0418 beam=0.52374
2026-05-19 18:09:48 [INFO] Step 50/54 Loss=7.5047 mse=0.4073 v_opt=0.03462 v_mand=0.00399 ptv=0.0208 ptv_max=0.00201 ring=0.01816 smooth=0.0368 beam=0.53551
2026-05-19 18:09:49 [INFO] Step 54/54 Loss=8.1907 mse=0.4675 v_opt=0.01716 v_mand=0.00077 ptv=0.0333 ptv_max=0.00173 ring=0.01621 smooth=0.0382 beam=0.55907
2026-05-19 18:09:49 [INFO] Running validation at epoch 83...
2026-05-19 18:10:13 [INFO] Epoch 83 Summary: Train=7.5081 Val=9.5640 PTV_D95=57.58Gy Bladder=29.23Gy Rectum=27.03Gy
2026-05-19 18:10:13 [INFO] Epoch 84/100 started, lr=7.89e-06
2026-05-19 18:10:18 [INFO] Step 5/54 Loss=7.2995 mse=0.3658 v_opt=0.05911 v_mand=0.01187 ptv=0.0192 ptv_max=0.00252 ring=0.01904 smooth=0.0525 beam=0.52338
2026-05-19 18:10:21 [INFO] Step 10/54 Loss=9.1371 mse=0.4255 v_opt=0.14282 v_mand=0.03856 ptv=0.0320 ptv_max=0.00210 ring=0.02474 smooth=0.0441 beam=0.56646
2026-05-19 18:10:23 [INFO] Step 15/54 Loss=7.3638 mse=0.3687 v_opt=0.00000 v_mand=0.00000 ptv=0.0437 ptv_max=0.00109 ring=0.02279 smooth=0.0385 beam=0.56776
2026-05-19 18:10:26 [INFO] Step 20/54 Loss=7.3066 mse=0.3649 v_opt=0.04738 v_mand=0.00352 ptv=0.0255 ptv_max=0.00133 ring=0.02445 smooth=0.0451 beam=0.55630
2026-05-19 18:10:31 [INFO] Step 25/54 Loss=8.3268 mse=0.4642 v_opt=0.03006 v_mand=0.00452 ptv=0.0308 ptv_max=0.00138 ring=0.02236 smooth=0.0488 beam=0.55876
2026-05-19 18:10:33 [INFO] Step 30/54 Loss=7.0173 mse=0.3820 v_opt=0.00645 v_mand=0.00005 ptv=0.0216 ptv_max=0.00159 ring=0.01981 smooth=0.0350 beam=0.51746
2026-05-19 18:10:35 [INFO] Step 35/54 Loss=7.8045 mse=0.4373 v_opt=0.02652 v_mand=0.00195 ptv=0.0200 ptv_max=0.00168 ring=0.02108 smooth=0.0410 beam=0.54516
2026-05-19 18:10:38 [INFO] Step 40/54 Loss=9.1672 mse=0.4083 v_opt=0.10994 v_mand=0.04450 ptv=0.0269 ptv_max=0.00210 ring=0.02942 smooth=0.0596 beam=0.58609
2026-05-19 18:10:42 [INFO] Step 45/54 Loss=8.8891 mse=0.5087 v_opt=0.03500 v_mand=0.00539 ptv=0.0259 ptv_max=0.00149 ring=0.01850 smooth=0.0447 beam=0.59656
2026-05-19 18:10:45 [INFO] Step 50/54 Loss=7.1854 mse=0.3673 v_opt=0.04609 v_mand=0.00489 ptv=0.0207 ptv_max=0.00152 ring=0.02116 smooth=0.0433 beam=0.53874
2026-05-19 18:10:47 [INFO] Step 54/54 Loss=7.5705 mse=0.4302 v_opt=0.00363 v_mand=0.00000 ptv=0.0265 ptv_max=0.00098 ring=0.01794 smooth=0.0468 beam=0.53482
2026-05-19 18:10:47 [INFO] Running validation at epoch 84...
2026-05-19 18:11:11 [INFO] Epoch 84 Summary: Train=7.8247 Val=9.5500 PTV_D95=57.05Gy Bladder=28.85Gy Rectum=27.21Gy
2026-05-19 18:11:11 [INFO] Epoch 85/100 started, lr=7.12e-06
2026-05-19 18:11:16 [INFO] Step 5/54 Loss=7.6395 mse=0.3480 v_opt=0.07543 v_mand=0.02111 ptv=0.0255 ptv_max=0.00105 ring=0.02581 smooth=0.0514 beam=0.55616
2026-05-19 18:11:19 [INFO] Step 10/54 Loss=6.8653 mse=0.3467 v_opt=0.00766 v_mand=0.00047 ptv=0.0263 ptv_max=0.00129 ring=0.01855 smooth=0.0387 beam=0.55236
2026-05-19 18:11:21 [INFO] Step 15/54 Loss=7.3358 mse=0.3941 v_opt=0.04079 v_mand=0.00301 ptv=0.0229 ptv_max=0.00159 ring=0.01816 smooth=0.0449 beam=0.53061
2026-05-19 18:11:24 [INFO] Step 20/54 Loss=6.2044 mse=0.3015 v_opt=0.03105 v_mand=0.00092 ptv=0.0229 ptv_max=0.00168 ring=0.01979 smooth=0.0505 beam=0.49764
2026-05-19 18:11:28 [INFO] Step 25/54 Loss=8.1355 mse=0.4644 v_opt=0.01700 v_mand=0.00069 ptv=0.0323 ptv_max=0.00133 ring=0.02229 smooth=0.0456 beam=0.54243
2026-05-19 18:11:32 [INFO] Step 30/54 Loss=7.5663 mse=0.3761 v_opt=0.02676 v_mand=0.00358 ptv=0.0385 ptv_max=0.00152 ring=0.01996 smooth=0.0475 beam=0.57947
2026-05-19 18:11:34 [INFO] Step 35/54 Loss=7.7765 mse=0.4439 v_opt=0.00980 v_mand=0.00004 ptv=0.0249 ptv_max=0.00147 ring=0.01951 smooth=0.0430 beam=0.53950
2026-05-19 18:11:37 [INFO] Step 40/54 Loss=6.3993 mse=0.3365 v_opt=0.01142 v_mand=0.00089 ptv=0.0220 ptv_max=0.00197 ring=0.01649 smooth=0.0364 beam=0.48398
2026-05-19 18:11:40 [INFO] Step 45/54 Loss=6.6128 mse=0.3343 v_opt=0.02498 v_mand=0.00245 ptv=0.0365 ptv_max=0.00169 ring=0.01932 smooth=0.0359 beam=0.48313
2026-05-19 18:11:43 [INFO] Step 50/54 Loss=8.2728 mse=0.4790 v_opt=0.01094 v_mand=0.00063 ptv=0.0272 ptv_max=0.00139 ring=0.02051 smooth=0.0486 beam=0.55822
2026-05-19 18:11:45 [INFO] Step 54/54 Loss=17.5350 mse=0.5145 v_opt=0.51413 v_mand=0.31568 ptv=0.0361 ptv_max=0.00117 ring=0.01871 smooth=0.0571 beam=0.55266
2026-05-19 18:11:45 [INFO] Running validation at epoch 85...
2026-05-19 18:12:08 [INFO] Epoch 85 Summary: Train=8.1305 Val=9.5600 PTV_D95=57.65Gy Bladder=29.13Gy Rectum=27.37Gy
2026-05-19 18:12:08 [INFO] Epoch 86/100 started, lr=6.40e-06
2026-05-19 18:12:14 [INFO] Step 5/54 Loss=6.8730 mse=0.3486 v_opt=0.01238 v_mand=0.00027 ptv=0.0384 ptv_max=0.00169 ring=0.02009 smooth=0.0437 beam=0.51616
2026-05-19 18:12:16 [INFO] Step 10/54 Loss=7.7951 mse=0.4226 v_opt=0.04212 v_mand=0.00736 ptv=0.0203 ptv_max=0.00118 ring=0.02164 smooth=0.0358 beam=0.54223
2026-05-19 18:12:19 [INFO] Step 15/54 Loss=7.4506 mse=0.3958 v_opt=0.01318 v_mand=0.00014 ptv=0.0240 ptv_max=0.00122 ring=0.02134 smooth=0.0332 beam=0.56763
2026-05-19 18:12:21 [INFO] Step 20/54 Loss=6.2832 mse=0.3288 v_opt=0.00357 v_mand=0.00000 ptv=0.0287 ptv_max=0.00132 ring=0.02029 smooth=0.0331 beam=0.46547
2026-05-19 18:12:25 [INFO] Step 25/54 Loss=8.5086 mse=0.5488 v_opt=0.00000 v_mand=0.00000 ptv=0.0000 ptv_max=0.00000 ring=0.00000 smooth=0.0475 beam=0.60309
2026-05-19 18:12:28 [INFO] Step 30/54 Loss=9.3194 mse=0.5956 v_opt=0.02405 v_mand=0.00080 ptv=0.0306 ptv_max=0.00156 ring=0.02250 smooth=0.0358 beam=0.51403
2026-05-19 18:12:31 [INFO] Step 35/54 Loss=7.5496 mse=0.4130 v_opt=0.00488 v_mand=0.00000 ptv=0.0226 ptv_max=0.00183 ring=0.01755 smooth=0.0314 beam=0.56511
2026-05-19 18:12:34 [INFO] Step 40/54 Loss=6.0487 mse=0.3201 v_opt=0.00282 v_mand=0.00000 ptv=0.0230 ptv_max=0.00185 ring=0.01813 smooth=0.0292 beam=0.44905
2026-05-19 18:12:38 [INFO] Step 45/54 Loss=7.1409 mse=0.3579 v_opt=0.04144 v_mand=0.00729 ptv=0.0256 ptv_max=0.00132 ring=0.02530 smooth=0.0541 beam=0.51804
2026-05-19 18:12:41 [INFO] Step 50/54 Loss=7.2385 mse=0.3858 v_opt=0.01650 v_mand=0.00051 ptv=0.0222 ptv_max=0.00193 ring=0.01850 smooth=0.0364 beam=0.54692
2026-05-19 18:12:43 [INFO] Step 54/54 Loss=7.4276 mse=0.4178 v_opt=0.00000 v_mand=0.00000 ptv=0.0272 ptv_max=0.00129 ring=0.02000 smooth=0.0412 beam=0.52173
2026-05-19 18:12:43 [INFO] Running validation at epoch 86...
2026-05-19 18:13:06 [INFO] Epoch 86 Summary: Train=7.8190 Val=9.5409 PTV_D95=57.86Gy Bladder=29.06Gy Rectum=27.13Gy
2026-05-19 18:13:06 [INFO] Epoch 87/100 started, lr=5.71e-06
2026-05-19 18:13:11 [INFO] Step 5/54 Loss=6.7670 mse=0.3601 v_opt=0.01409 v_mand=0.00047 ptv=0.0229 ptv_max=0.00135 ring=0.01696 smooth=0.0335 beam=0.51441
2026-05-19 18:13:14 [INFO] Step 10/54 Loss=6.4766 mse=0.3529 v_opt=0.00493 v_mand=0.00000 ptv=0.0310 ptv_max=0.00123 ring=0.01724 smooth=0.0324 beam=0.46103
2026-05-19 18:13:16 [INFO] Step 15/54 Loss=7.4743 mse=0.4112 v_opt=0.04143 v_mand=0.00329 ptv=0.0224 ptv_max=0.00197 ring=0.02419 smooth=0.0580 beam=0.50132
2026-05-19 18:13:19 [INFO] Step 20/54 Loss=8.5472 mse=0.4489 v_opt=0.07555 v_mand=0.01238 ptv=0.0431 ptv_max=0.00154 ring=0.02260 smooth=0.0561 beam=0.54893
2026-05-19 18:13:24 [INFO] Step 25/54 Loss=6.9773 mse=0.3592 v_opt=0.04019 v_mand=0.00671 ptv=0.0227 ptv_max=0.00179 ring=0.01778 smooth=0.0458 beam=0.50989
2026-05-19 18:13:26 [INFO] Step 30/54 Loss=6.4180 mse=0.3475 v_opt=0.00178 v_mand=0.00000 ptv=0.0238 ptv_max=0.00132 ring=0.01824 smooth=0.0316 beam=0.47173
2026-05-19 18:13:28 [INFO] Step 35/54 Loss=6.8571 mse=0.3663 v_opt=0.04122 v_mand=0.00262 ptv=0.0290 ptv_max=0.00144 ring=0.01701 smooth=0.0388 beam=0.48500
2026-05-19 18:13:31 [INFO] Step 40/54 Loss=8.0882 mse=0.4615 v_opt=0.02464 v_mand=0.00292 ptv=0.0268 ptv_max=0.00130 ring=0.01724 smooth=0.0454 beam=0.55090
2026-05-19 18:13:35 [INFO] Step 45/54 Loss=9.3982 mse=0.5879 v_opt=0.02501 v_mand=0.00060 ptv=0.0242 ptv_max=0.00185 ring=0.02445 smooth=0.0437 beam=0.54963
2026-05-19 18:13:39 [INFO] Step 50/54 Loss=7.5731 mse=0.4191 v_opt=0.00524 v_mand=0.00031 ptv=0.0264 ptv_max=0.00144 ring=0.01783 smooth=0.0499 beam=0.55105
2026-05-19 18:13:41 [INFO] Step 54/54 Loss=6.1510 mse=0.3002 v_opt=0.01959 v_mand=0.00113 ptv=0.0271 ptv_max=0.00129 ring=0.02037 smooth=0.0426 beam=0.48740
2026-05-19 18:13:41 [INFO] Running validation at epoch 87...
2026-05-19 18:14:04 [INFO] Epoch 87 Summary: Train=7.6017 Val=9.5297 PTV_D95=57.66Gy Bladder=28.88Gy Rectum=27.41Gy
2026-05-19 18:14:04 [INFO] [PHYSICS] Saved best model val_loss=9.5297
2026-05-19 18:14:04 [INFO] Epoch 88/100 started, lr=5.07e-06
2026-05-19 18:14:09 [INFO] Step 5/54 Loss=8.2693 mse=0.4737 v_opt=0.01042 v_mand=0.00177 ptv=0.0286 ptv_max=0.00171 ring=0.02502 smooth=0.0408 beam=0.54344
2026-05-19 18:14:12 [INFO] Step 10/54 Loss=8.4300 mse=0.4046 v_opt=0.07149 v_mand=0.01473 ptv=0.0556 ptv_max=0.00335 ring=0.02406 smooth=0.0448 beam=0.55681
2026-05-19 18:14:15 [INFO] Step 15/54 Loss=7.5246 mse=0.4125 v_opt=0.00539 v_mand=0.00000 ptv=0.0386 ptv_max=0.00111 ring=0.01546 smooth=0.0452 beam=0.54224
2026-05-19 18:14:17 [INFO] Step 20/54 Loss=8.0480 mse=0.4601 v_opt=0.00610 v_mand=0.00000 ptv=0.0286 ptv_max=0.00104 ring=0.01689 smooth=0.0306 beam=0.56805
2026-05-19 18:14:22 [INFO] Step 25/54 Loss=7.6705 mse=0.4217 v_opt=0.00176 v_mand=0.00000 ptv=0.0232 ptv_max=0.00170 ring=0.01748 smooth=0.0305 beam=0.57354
2026-05-19 18:14:24 [INFO] Step 30/54 Loss=6.3843 mse=0.3181 v_opt=0.01268 v_mand=0.00000 ptv=0.0260 ptv_max=0.00114 ring=0.01847 smooth=0.0422 beam=0.51604
2026-05-19 18:14:27 [INFO] Step 35/54 Loss=7.8691 mse=0.4458 v_opt=0.02307 v_mand=0.00120 ptv=0.0244 ptv_max=0.00113 ring=0.02171 smooth=0.0489 beam=0.54084
2026-05-19 18:14:30 [INFO] Step 40/54 Loss=6.2252 mse=0.3251 v_opt=0.00044 v_mand=0.00000 ptv=0.0239 ptv_max=0.00131 ring=0.01878 smooth=0.0347 beam=0.47686
2026-05-19 18:14:34 [INFO] Step 45/54 Loss=6.8187 mse=0.3406 v_opt=0.00024 v_mand=0.00000 ptv=0.0286 ptv_max=0.00135 ring=0.02110 smooth=0.0341 beam=0.54785
2026-05-19 18:14:37 [INFO] Step 50/54 Loss=8.7511 mse=0.4998 v_opt=0.03289 v_mand=0.00341 ptv=0.0219 ptv_max=0.00136 ring=0.02014 smooth=0.0434 beam=0.60179
2026-05-19 18:14:39 [INFO] Step 54/54 Loss=7.9284 mse=0.4731 v_opt=0.00766 v_mand=0.00031 ptv=0.0227 ptv_max=0.00143 ring=0.02015 smooth=0.0502 beam=0.51374
2026-05-19 18:14:39 [INFO] Running validation at epoch 88...
2026-05-19 18:15:03 [INFO] Epoch 88 Summary: Train=7.7640 Val=9.5359 PTV_D95=57.59Gy Bladder=28.79Gy Rectum=27.91Gy
2026-05-19 18:15:03 [INFO] Epoch 89/100 started, lr=4.48e-06
2026-05-19 18:15:08 [INFO] Step 5/54 Loss=8.1140 mse=0.4615 v_opt=0.00278 v_mand=0.00000 ptv=0.0343 ptv_max=0.00120 ring=0.02177 smooth=0.0315 beam=0.55199
2026-05-19 18:15:11 [INFO] Step 10/54 Loss=7.0360 mse=0.4138 v_opt=0.00281 v_mand=0.00004 ptv=0.0212 ptv_max=0.00182 ring=0.01671 smooth=0.0379 beam=0.46669
2026-05-19 18:15:13 [INFO] Step 15/54 Loss=8.2595 mse=0.4399 v_opt=0.05882 v_mand=0.00693 ptv=0.0374 ptv_max=0.00163 ring=0.01729 smooth=0.0372 beam=0.57007
2026-05-19 18:15:16 [INFO] Step 20/54 Loss=7.0998 mse=0.3851 v_opt=0.00123 v_mand=0.00000 ptv=0.0240 ptv_max=0.00139 ring=0.01845 smooth=0.0375 beam=0.53125
2026-05-19 18:15:20 [INFO] Step 25/54 Loss=7.5904 mse=0.4099 v_opt=0.01637 v_mand=0.00071 ptv=0.0343 ptv_max=0.00098 ring=0.02271 smooth=0.0362 beam=0.54090
2026-05-19 18:15:23 [INFO] Step 30/54 Loss=6.7274 mse=0.3393 v_opt=0.01642 v_mand=0.00069 ptv=0.0279 ptv_max=0.00127 ring=0.01777 smooth=0.0314 beam=0.53459
2026-05-19 18:15:25 [INFO] Step 35/54 Loss=8.6905 mse=0.5409 v_opt=0.03315 v_mand=0.00351 ptv=0.0215 ptv_max=0.00137 ring=0.01726 smooth=0.0475 beam=0.51596
2026-05-19 18:15:28 [INFO] Step 40/54 Loss=6.5469 mse=0.3321 v_opt=0.00504 v_mand=0.00000 ptv=0.0256 ptv_max=0.00162 ring=0.02116 smooth=0.0325 beam=0.51174
2026-05-19 18:15:31 [INFO] Step 45/54 Loss=6.2458 mse=0.2985 v_opt=0.04620 v_mand=0.00415 ptv=0.0235 ptv_max=0.00146 ring=0.01982 smooth=0.0418 beam=0.49112
2026-05-19 18:15:35 [INFO] Step 50/54 Loss=9.0745 mse=0.5736 v_opt=0.00129 v_mand=0.00000 ptv=0.0225 ptv_max=0.00177 ring=0.01780 smooth=0.0422 beam=0.55037
2026-05-19 18:15:37 [INFO] Step 54/54 Loss=7.0150 mse=0.3787 v_opt=0.01087 v_mand=0.00000 ptv=0.0266 ptv_max=0.00115 ring=0.01861 smooth=0.0428 beam=0.51991
2026-05-19 18:15:37 [INFO] Running validation at epoch 89...
2026-05-19 18:16:01 [INFO] Epoch 89 Summary: Train=8.4189 Val=9.4817 PTV_D95=57.17Gy Bladder=28.30Gy Rectum=26.87Gy
2026-05-19 18:16:01 [INFO] [PHYSICS] Saved best model val_loss=9.4817
2026-05-19 18:16:01 [INFO] Epoch 90/100 started, lr=3.93e-06
2026-05-19 18:16:06 [INFO] Step 5/54 Loss=6.5587 mse=0.3413 v_opt=0.01032 v_mand=0.00025 ptv=0.0303 ptv_max=0.00105 ring=0.01622 smooth=0.0407 beam=0.50323
2026-05-19 18:16:09 [INFO] Step 10/54 Loss=8.2207 mse=0.4018 v_opt=0.07977 v_mand=0.01378 ptv=0.0251 ptv_max=0.00126 ring=0.02431 smooth=0.0500 beam=0.60282
2026-05-19 18:16:11 [INFO] Step 15/54 Loss=7.5776 mse=0.4018 v_opt=0.02044 v_mand=0.00150 ptv=0.0252 ptv_max=0.00117 ring=0.02079 smooth=0.0436 beam=0.57094
2026-05-19 18:16:14 [INFO] Step 20/54 Loss=8.4439 mse=0.4530 v_opt=0.06002 v_mand=0.01212 ptv=0.0195 ptv_max=0.00184 ring=0.02148 smooth=0.0573 beam=0.57525
2026-05-19 18:16:18 [INFO] Step 25/54 Loss=5.8271 mse=0.2701 v_opt=0.00340 v_mand=0.00007 ptv=0.0301 ptv_max=0.00128 ring=0.01902 smooth=0.0491 beam=0.49246
2026-05-19 18:16:21 [INFO] Step 30/54 Loss=8.6040 mse=0.4846 v_opt=0.07397 v_mand=0.00975 ptv=0.0269 ptv_max=0.00175 ring=0.01910 smooth=0.0493 beam=0.54357
2026-05-19 18:16:23 [INFO] Step 35/54 Loss=7.7489 mse=0.4469 v_opt=0.00233 v_mand=0.00000 ptv=0.0206 ptv_max=0.00166 ring=0.01910 smooth=0.0379 beam=0.53925
2026-05-19 18:16:26 [INFO] Step 40/54 Loss=10.5216 mse=0.7036 v_opt=0.01551 v_mand=0.00053 ptv=0.0217 ptv_max=0.00150 ring=0.01976 smooth=0.0400 beam=0.56987
2026-05-19 18:16:30 [INFO] Step 45/54 Loss=6.5938 mse=0.3595 v_opt=0.00386 v_mand=0.00000 ptv=0.0247 ptv_max=0.00226 ring=0.01786 smooth=0.0338 beam=0.47195
2026-05-19 18:16:33 [INFO] Step 50/54 Loss=8.9168 mse=0.5901 v_opt=0.00000 v_mand=0.00000 ptv=0.0000 ptv_max=0.00000 ring=0.00000 smooth=0.0517 beam=0.60211
2026-05-19 18:16:35 [INFO] Step 54/54 Loss=6.0824 mse=0.2889 v_opt=0.01451 v_mand=0.00052 ptv=0.0259 ptv_max=0.00121 ring=0.01996 smooth=0.0373 beam=0.50567
2026-05-19 18:16:35 [INFO] Running validation at epoch 90...
2026-05-19 18:16:59 [INFO] Epoch 90 Summary: Train=7.9189 Val=9.5570 PTV_D95=57.52Gy Bladder=29.38Gy Rectum=28.30Gy
2026-05-19 18:16:59 [INFO] Epoch 91/100 started, lr=3.42e-06
2026-05-19 18:17:04 [INFO] Step 5/54 Loss=7.0728 mse=0.3716 v_opt=0.01238 v_mand=0.00007 ptv=0.0420 ptv_max=0.00130 ring=0.01800 smooth=0.0408 beam=0.51426
2026-05-19 18:17:07 [INFO] Step 10/54 Loss=8.9624 mse=0.4114 v_opt=0.13077 v_mand=0.04441 ptv=0.0176 ptv_max=0.00163 ring=0.02631 smooth=0.0442 beam=0.56406
2026-05-19 18:17:10 [INFO] Step 15/54 Loss=8.6728 mse=0.5549 v_opt=0.02197 v_mand=0.00107 ptv=0.0233 ptv_max=0.00107 ring=0.01711 smooth=0.0464 beam=0.50110
2026-05-19 18:17:12 [INFO] Step 20/54 Loss=5.9883 mse=0.2840 v_opt=0.00965 v_mand=0.00001 ptv=0.0332 ptv_max=0.00108 ring=0.01896 smooth=0.0431 beam=0.49076
2026-05-19 18:17:15 [INFO] Step 25/54 Loss=8.5719 mse=0.4582 v_opt=0.05634 v_mand=0.00760 ptv=0.0265 ptv_max=0.00215 ring=0.01999 smooth=0.0540 beam=0.60192
2026-05-19 18:17:19 [INFO] Step 30/54 Loss=7.4153 mse=0.3885 v_opt=0.00492 v_mand=0.00032 ptv=0.0306 ptv_max=0.00137 ring=0.01908 smooth=0.0387 beam=0.56971
2026-05-19 18:17:22 [INFO] Step 35/54 Loss=8.2790 mse=0.4013 v_opt=0.07498 v_mand=0.02353 ptv=0.0248 ptv_max=0.00148 ring=0.02297 smooth=0.0421 beam=0.57143
2026-05-19 18:17:24 [INFO] Step 40/54 Loss=8.3433 mse=0.4810 v_opt=0.02851 v_mand=0.00092 ptv=0.0217 ptv_max=0.00154 ring=0.02244 smooth=0.0477 beam=0.56358
2026-05-19 18:17:27 [INFO] Step 45/54 Loss=9.0090 mse=0.4778 v_opt=0.06986 v_mand=0.02097 ptv=0.0212 ptv_max=0.00140 ring=0.02393 smooth=0.0453 beam=0.58434
2026-05-19 18:17:31 [INFO] Step 50/54 Loss=8.7401 mse=0.5693 v_opt=0.00000 v_mand=0.00000 ptv=0.0000 ptv_max=0.00000 ring=0.00000 smooth=0.0704 beam=0.60811
2026-05-19 18:17:33 [INFO] Step 54/54 Loss=8.4618 mse=0.4962 v_opt=0.01271 v_mand=0.00021 ptv=0.0216 ptv_max=0.00153 ring=0.01972 smooth=0.0477 beam=0.57514
2026-05-19 18:17:33 [INFO] Running validation at epoch 91...
2026-05-19 18:17:57 [INFO] Epoch 91 Summary: Train=7.6494 Val=9.5234 PTV_D95=57.55Gy Bladder=28.80Gy Rectum=27.81Gy
2026-05-19 18:17:57 [INFO] Epoch 92/100 started, lr=2.97e-06
2026-05-19 18:18:02 [INFO] Step 5/54 Loss=8.6445 mse=0.5454 v_opt=0.01226 v_mand=0.00010 ptv=0.0191 ptv_max=0.00245 ring=0.02020 smooth=0.0383 beam=0.50867
2026-05-19 18:18:05 [INFO] Step 10/54 Loss=8.8092 mse=0.4640 v_opt=0.03686 v_mand=0.00687 ptv=0.0316 ptv_max=0.00155 ring=0.02358 smooth=0.0372 beam=0.63454
2026-05-19 18:18:07 [INFO] Step 15/54 Loss=9.5523 mse=0.6150 v_opt=0.01424 v_mand=0.00033 ptv=0.0283 ptv_max=0.00183 ring=0.01894 smooth=0.0393 beam=0.54074
2026-05-19 18:18:10 [INFO] Step 20/54 Loss=7.2989 mse=0.3818 v_opt=0.01448 v_mand=0.00036 ptv=0.0254 ptv_max=0.00104 ring=0.01619 smooth=0.0405 beam=0.57802
2026-05-19 18:18:14 [INFO] Step 25/54 Loss=7.8570 mse=0.4045 v_opt=0.03912 v_mand=0.00304 ptv=0.0290 ptv_max=0.00166 ring=0.02386 smooth=0.0396 beam=0.58449
2026-05-19 18:18:17 [INFO] Step 30/54 Loss=5.9080 mse=0.2973 v_opt=0.00000 v_mand=0.00000 ptv=0.0278 ptv_max=0.00124 ring=0.01882 smooth=0.0302 beam=0.46201
2026-05-19 18:18:19 [INFO] Step 35/54 Loss=7.0682 mse=0.3744 v_opt=0.03054 v_mand=0.00401 ptv=0.0230 ptv_max=0.00136 ring=0.02086 smooth=0.0454 beam=0.50941
2026-05-19 18:18:22 [INFO] Step 40/54 Loss=6.1701 mse=0.3023 v_opt=0.01470 v_mand=0.00070 ptv=0.0266 ptv_max=0.00134 ring=0.01785 smooth=0.0403 beam=0.49900
2026-05-19 18:18:25 [INFO] Step 45/54 Loss=6.3254 mse=0.3267 v_opt=0.00474 v_mand=0.00000 ptv=0.0262 ptv_max=0.00132 ring=0.01917 smooth=0.0281 beam=0.48600
2026-05-19 18:18:28 [INFO] Step 50/54 Loss=9.3735 mse=0.5819 v_opt=0.03717 v_mand=0.00254 ptv=0.0208 ptv_max=0.00198 ring=0.02443 smooth=0.0474 beam=0.54773
2026-05-19 18:18:31 [INFO] Step 54/54 Loss=7.1077 mse=0.3772 v_opt=0.01764 v_mand=0.00046 ptv=0.0205 ptv_max=0.00162 ring=0.02282 smooth=0.0352 beam=0.53148
2026-05-19 18:18:31 [INFO] Running validation at epoch 92...
2026-05-19 18:18:54 [INFO] Epoch 92 Summary: Train=7.6006 Val=9.5451 PTV_D95=57.89Gy Bladder=29.28Gy Rectum=27.58Gy
2026-05-19 18:18:54 [INFO] Epoch 93/100 started, lr=2.56e-06
2026-05-19 18:18:59 [INFO] Step 5/54 Loss=7.0812 mse=0.3456 v_opt=0.02783 v_mand=0.00289 ptv=0.0262 ptv_max=0.00197 ring=0.02226 smooth=0.0332 beam=0.55996
2026-05-19 18:19:02 [INFO] Step 10/54 Loss=8.0342 mse=0.3800 v_opt=0.08613 v_mand=0.02317 ptv=0.0183 ptv_max=0.00222 ring=0.01967 smooth=0.0489 beam=0.57776
2026-05-19 18:19:05 [INFO] Step 15/54 Loss=5.8431 mse=0.2702 v_opt=0.00708 v_mand=0.00003 ptv=0.0254 ptv_max=0.00149 ring=0.02105 smooth=0.0333 beam=0.49563
2026-05-19 18:19:07 [INFO] Step 20/54 Loss=6.6073 mse=0.3490 v_opt=0.01390 v_mand=0.00012 ptv=0.0218 ptv_max=0.00132 ring=0.01985 smooth=0.0374 beam=0.50025
2026-05-19 18:19:12 [INFO] Step 25/54 Loss=9.0409 mse=0.6007 v_opt=0.00000 v_mand=0.00000 ptv=0.0000 ptv_max=0.00000 ring=0.00000 smooth=0.0642 beam=0.60553
2026-05-19 18:19:14 [INFO] Step 30/54 Loss=9.8919 mse=0.6597 v_opt=0.00817 v_mand=0.00000 ptv=0.0235 ptv_max=0.00125 ring=0.01866 smooth=0.0452 beam=0.53929
2026-05-19 18:19:17 [INFO] Step 35/54 Loss=8.5606 mse=0.4945 v_opt=0.00941 v_mand=0.00021 ptv=0.0239 ptv_max=0.00125 ring=0.01863 smooth=0.0456 beam=0.60118
2026-05-19 18:19:20 [INFO] Step 40/54 Loss=6.6241 mse=0.3236 v_opt=0.03214 v_mand=0.00477 ptv=0.0236 ptv_max=0.00145 ring=0.02014 smooth=0.0448 beam=0.51780
2026-05-19 18:19:24 [INFO] Step 45/54 Loss=6.7084 mse=0.3443 v_opt=0.05707 v_mand=0.00499 ptv=0.0292 ptv_max=0.00135 ring=0.01717 smooth=0.0388 beam=0.48103
2026-05-19 18:19:27 [INFO] Step 50/54 Loss=7.8841 mse=0.4504 v_opt=0.00867 v_mand=0.00000 ptv=0.0305 ptv_max=0.00133 ring=0.01991 smooth=0.0435 beam=0.53778
2026-05-19 18:19:29 [INFO] Step 54/54 Loss=5.4727 mse=0.2616 v_opt=0.00000 v_mand=0.00000 ptv=0.0273 ptv_max=0.00129 ring=0.01858 smooth=0.0281 beam=0.44758
2026-05-19 18:19:29 [INFO] Running validation at epoch 93...
2026-05-19 18:19:52 [INFO] Epoch 93 Summary: Train=7.9750 Val=9.4945 PTV_D95=57.47Gy Bladder=28.55Gy Rectum=26.48Gy
2026-05-19 18:19:52 [INFO] Epoch 94/100 started, lr=2.19e-06
2026-05-19 18:19:58 [INFO] Step 5/54 Loss=8.5910 mse=0.5456 v_opt=0.00440 v_mand=0.00000 ptv=0.0215 ptv_max=0.00269 ring=0.01732 smooth=0.0360 beam=0.50265
2026-05-19 18:20:00 [INFO] Step 10/54 Loss=9.1214 mse=0.5024 v_opt=0.01829 v_mand=0.00052 ptv=0.0400 ptv_max=0.00146 ring=0.02152 smooth=0.0342 beam=0.64980
2026-05-19 18:20:03 [INFO] Step 15/54 Loss=6.4055 mse=0.3167 v_opt=0.02625 v_mand=0.00359 ptv=0.0321 ptv_max=0.00112 ring=0.01975 smooth=0.0430 beam=0.48373
2026-05-19 18:20:05 [INFO] Step 20/54 Loss=7.7486 mse=0.4517 v_opt=0.01097 v_mand=0.00001 ptv=0.0193 ptv_max=0.00195 ring=0.01757 smooth=0.0528 beam=0.53002
2026-05-19 18:20:10 [INFO] Step 25/54 Loss=6.9628 mse=0.3633 v_opt=0.01147 v_mand=0.00003 ptv=0.0245 ptv_max=0.00141 ring=0.01777 smooth=0.0398 beam=0.54408
2026-05-19 18:20:13 [INFO] Step 30/54 Loss=7.6061 mse=0.4160 v_opt=0.01441 v_mand=0.00037 ptv=0.0266 ptv_max=0.00111 ring=0.02167 smooth=0.0400 beam=0.55155
2026-05-19 18:20:15 [INFO] Step 35/54 Loss=6.3754 mse=0.3289 v_opt=0.00603 v_mand=0.00007 ptv=0.0246 ptv_max=0.00111 ring=0.01888 smooth=0.0375 beam=0.49683
2026-05-19 18:20:18 [INFO] Step 40/54 Loss=7.9395 mse=0.4014 v_opt=0.08649 v_mand=0.01576 ptv=0.0440 ptv_max=0.00130 ring=0.01781 smooth=0.0384 beam=0.51655
2026-05-19 18:20:23 [INFO] Step 45/54 Loss=6.3794 mse=0.2805 v_opt=0.04771 v_mand=0.01030 ptv=0.0245 ptv_max=0.00123 ring=0.02157 smooth=0.0640 beam=0.51690
2026-05-19 18:20:25 [INFO] Step 50/54 Loss=9.1987 mse=0.5302 v_opt=0.00742 v_mand=0.00041 ptv=0.0356 ptv_max=0.00151 ring=0.02156 smooth=0.0467 beam=0.62250
2026-05-19 18:20:27 [INFO] Step 54/54 Loss=7.0491 mse=0.3414 v_opt=0.03493 v_mand=0.00385 ptv=0.0246 ptv_max=0.00125 ring=0.02565 smooth=0.0454 beam=0.55418
2026-05-19 18:20:27 [INFO] Running validation at epoch 94...
2026-05-19 18:20:50 [INFO] Epoch 94 Summary: Train=7.7554 Val=9.4817 PTV_D95=57.46Gy Bladder=28.39Gy Rectum=27.69Gy
2026-05-19 18:20:50 [INFO] Epoch 95/100 started, lr=1.88e-06
2026-05-19 18:20:56 [INFO] Step 5/54 Loss=8.5171 mse=0.4828 v_opt=0.00779 v_mand=0.00108 ptv=0.0259 ptv_max=0.00144 ring=0.01566 smooth=0.0452 beam=0.61510
2026-05-19 18:20:59 [INFO] Step 10/54 Loss=8.0744 mse=0.4576 v_opt=0.02944 v_mand=0.00090 ptv=0.0288 ptv_max=0.00132 ring=0.02047 smooth=0.0402 beam=0.55030
2026-05-19 18:21:01 [INFO] Step 15/54 Loss=8.6810 mse=0.5509 v_opt=0.00545 v_mand=0.00000 ptv=0.0242 ptv_max=0.00203 ring=0.01886 smooth=0.0350 beam=0.50624
2026-05-19 18:21:04 [INFO] Step 20/54 Loss=8.3836 mse=0.4792 v_opt=0.02935 v_mand=0.00423 ptv=0.0233 ptv_max=0.00126 ring=0.02248 smooth=0.0552 beam=0.55770
2026-05-19 18:21:08 [INFO] Step 25/54 Loss=7.6376 mse=0.3864 v_opt=0.05286 v_mand=0.01116 ptv=0.0225 ptv_max=0.00130 ring=0.02608 smooth=0.0557 beam=0.54035
2026-05-19 18:21:11 [INFO] Step 30/54 Loss=7.7273 mse=0.4118 v_opt=0.00500 v_mand=0.00005 ptv=0.0436 ptv_max=0.00115 ring=0.01966 smooth=0.0411 beam=0.56097
2026-05-19 18:21:13 [INFO] Step 35/54 Loss=6.3749 mse=0.3163 v_opt=0.00002 v_mand=0.00000 ptv=0.0276 ptv_max=0.00127 ring=0.02004 smooth=0.0330 beam=0.51368
2026-05-19 18:21:16 [INFO] Step 40/54 Loss=6.1507 mse=0.3178 v_opt=0.00281 v_mand=0.00000 ptv=0.0247 ptv_max=0.00123 ring=0.02083 smooth=0.0315 beam=0.46857
2026-05-19 18:21:21 [INFO] Step 45/54 Loss=7.7237 mse=0.4396 v_opt=0.01876 v_mand=0.00103 ptv=0.0278 ptv_max=0.00105 ring=0.01721 smooth=0.0427 beam=0.53427
2026-05-19 18:21:23 [INFO] Step 50/54 Loss=5.9723 mse=0.2872 v_opt=0.00159 v_mand=0.00005 ptv=0.0303 ptv_max=0.00126 ring=0.02077 smooth=0.0433 beam=0.48265
2026-05-19 18:21:25 [INFO] Step 54/54 Loss=7.9300 mse=0.4568 v_opt=0.00000 v_mand=0.00000 ptv=0.0282 ptv_max=0.00131 ring=0.01879 smooth=0.0453 beam=0.54560
2026-05-19 18:21:25 [INFO] Running validation at epoch 95...
2026-05-19 18:21:49 [INFO] Epoch 95 Summary: Train=8.1941 Val=9.5235 PTV_D95=57.63Gy Bladder=28.86Gy Rectum=28.13Gy
2026-05-19 18:21:49 [INFO] Epoch 96/100 started, lr=1.61e-06
2026-05-19 18:21:54 [INFO] Step 5/54 Loss=8.3141 mse=0.4221 v_opt=0.04910 v_mand=0.00324 ptv=0.0196 ptv_max=0.00234 ring=0.02554 smooth=0.0388 beam=0.64274
2026-05-19 18:21:57 [INFO] Step 10/54 Loss=8.7953 mse=0.4548 v_opt=0.09682 v_mand=0.01912 ptv=0.0244 ptv_max=0.00141 ring=0.02579 smooth=0.0517 beam=0.57373
2026-05-19 18:22:00 [INFO] Step 15/54 Loss=7.5110 mse=0.3668 v_opt=0.06901 v_mand=0.01271 ptv=0.0233 ptv_max=0.00134 ring=0.02829 smooth=0.0485 beam=0.53169
2026-05-19 18:22:02 [INFO] Step 20/54 Loss=7.5712 mse=0.3945 v_opt=0.03435 v_mand=0.00383 ptv=0.0337 ptv_max=0.00140 ring=0.02011 smooth=0.0376 beam=0.54984
2026-05-19 18:22:06 [INFO] Step 25/54 Loss=7.1231 mse=0.3825 v_opt=0.00753 v_mand=0.00027 ptv=0.0243 ptv_max=0.00128 ring=0.01827 smooth=0.0326 beam=0.53842
2026-05-19 18:22:09 [INFO] Step 30/54 Loss=7.6322 mse=0.4064 v_opt=0.01285 v_mand=0.00011 ptv=0.0226 ptv_max=0.00135 ring=0.02352 smooth=0.0323 beam=0.57799
2026-05-19 18:22:11 [INFO] Step 35/54 Loss=6.9782 mse=0.3742 v_opt=0.00005 v_mand=0.00000 ptv=0.0379 ptv_max=0.00132 ring=0.01823 smooth=0.0465 beam=0.50258
2026-05-19 18:22:14 [INFO] Step 40/54 Loss=6.6082 mse=0.3483 v_opt=0.03247 v_mand=0.00340 ptv=0.0279 ptv_max=0.00163 ring=0.01781 smooth=0.0420 beam=0.46871
2026-05-19 18:22:18 [INFO] Step 45/54 Loss=7.9105 mse=0.4475 v_opt=0.03230 v_mand=0.00142 ptv=0.0246 ptv_max=0.00117 ring=0.02041 smooth=0.0497 beam=0.54397
2026-05-19 18:22:21 [INFO] Step 50/54 Loss=8.2440 mse=0.5039 v_opt=0.02343 v_mand=0.00156 ptv=0.0286 ptv_max=0.00101 ring=0.01622 smooth=0.0469 beam=0.50700
2026-05-19 18:22:23 [INFO] Step 54/54 Loss=7.3181 mse=0.3891 v_opt=0.05277 v_mand=0.00546 ptv=0.0246 ptv_max=0.00153 ring=0.01996 smooth=0.0483 beam=0.51170
2026-05-19 18:22:23 [INFO] Running validation at epoch 96...
2026-05-19 18:22:46 [INFO] Epoch 96 Summary: Train=8.4924 Val=9.4799 PTV_D95=57.42Gy Bladder=28.34Gy Rectum=27.71Gy
2026-05-19 18:22:46 [INFO] [PHYSICS] Saved best model val_loss=9.4799
2026-05-19 18:22:46 [INFO] Epoch 97/100 started, lr=1.39e-06
2026-05-19 18:22:51 [INFO] Step 5/54 Loss=6.2297 mse=0.3182 v_opt=0.01540 v_mand=0.00058 ptv=0.0260 ptv_max=0.00144 ring=0.01825 smooth=0.0345 beam=0.47852
2026-05-19 18:22:54 [INFO] Step 10/54 Loss=5.7759 mse=0.2765 v_opt=0.00622 v_mand=0.00000 ptv=0.0263 ptv_max=0.00137 ring=0.01870 smooth=0.0357 beam=0.47660
2026-05-19 18:22:57 [INFO] Step 15/54 Loss=7.3419 mse=0.3570 v_opt=0.04988 v_mand=0.00571 ptv=0.0269 ptv_max=0.00156 ring=0.02705 smooth=0.0522 beam=0.55411
2026-05-19 18:22:59 [INFO] Step 20/54 Loss=9.3920 mse=0.5812 v_opt=0.02966 v_mand=0.00225 ptv=0.0202 ptv_max=0.00143 ring=0.01696 smooth=0.0516 beam=0.58616
2026-05-19 18:23:04 [INFO] Step 25/54 Loss=7.6906 mse=0.3664 v_opt=0.06457 v_mand=0.01788 ptv=0.0238 ptv_max=0.00153 ring=0.01947 smooth=0.0481 beam=0.56795
2026-05-19 18:23:07 [INFO] Step 30/54 Loss=7.4761 mse=0.4033 v_opt=0.02050 v_mand=0.00105 ptv=0.0283 ptv_max=0.00111 ring=0.01859 smooth=0.0465 beam=0.55076
2026-05-19 18:23:10 [INFO] Step 35/54 Loss=8.6331 mse=0.4810 v_opt=0.00000 v_mand=0.00000 ptv=0.0292 ptv_max=0.00111 ring=0.02274 smooth=0.0379 beam=0.62610
2026-05-19 18:23:12 [INFO] Step 40/54 Loss=6.2130 mse=0.3157 v_opt=0.01974 v_mand=0.00104 ptv=0.0238 ptv_max=0.00125 ring=0.02046 smooth=0.0366 beam=0.47574
2026-05-19 18:23:15 [INFO] Step 45/54 Loss=6.5068 mse=0.3197 v_opt=0.02475 v_mand=0.00276 ptv=0.0302 ptv_max=0.00139 ring=0.02005 smooth=0.0325 beam=0.50302
2026-05-19 18:23:20 [INFO] Step 50/54 Loss=7.6549 mse=0.4267 v_opt=0.00351 v_mand=0.00006 ptv=0.0317 ptv_max=0.00122 ring=0.01691 smooth=0.0461 beam=0.54852
2026-05-19 18:23:22 [INFO] Step 54/54 Loss=6.7194 mse=0.3429 v_opt=0.00829 v_mand=0.00000 ptv=0.0237 ptv_max=0.00151 ring=0.01927 smooth=0.0376 beam=0.53368
2026-05-19 18:23:22 [INFO] Running validation at epoch 97...
2026-05-19 18:23:45 [INFO] Epoch 97 Summary: Train=7.7409 Val=9.4691 PTV_D95=57.37Gy Bladder=28.31Gy Rectum=27.18Gy
2026-05-19 18:23:45 [INFO] [PHYSICS] Saved best model val_loss=9.4691
2026-05-19 18:23:45 [INFO] Epoch 98/100 started, lr=1.22e-06
2026-05-19 18:23:50 [INFO] Step 5/54 Loss=7.8363 mse=0.4490 v_opt=0.01662 v_mand=0.00066 ptv=0.0273 ptv_max=0.00120 ring=0.01843 smooth=0.0438 beam=0.53649
2026-05-19 18:23:53 [INFO] Step 10/54 Loss=7.9932 mse=0.4280 v_opt=0.03875 v_mand=0.00753 ptv=0.0345 ptv_max=0.00144 ring=0.02287 smooth=0.0605 beam=0.53630
2026-05-19 18:23:55 [INFO] Step 15/54 Loss=7.6158 mse=0.4248 v_opt=0.01658 v_mand=0.00075 ptv=0.0248 ptv_max=0.00136 ring=0.01748 smooth=0.0382 beam=0.54659
2026-05-19 18:23:58 [INFO] Step 20/54 Loss=7.5896 mse=0.4343 v_opt=0.00336 v_mand=0.00007 ptv=0.0250 ptv_max=0.00111 ring=0.01750 smooth=0.0373 beam=0.53326
2026-05-19 18:24:03 [INFO] Step 25/54 Loss=6.7615 mse=0.3533 v_opt=0.00082 v_mand=0.00000 ptv=0.0237 ptv_max=0.00198 ring=0.02020 smooth=0.0343 beam=0.51678
2026-05-19 18:24:06 [INFO] Step 30/54 Loss=7.1110 mse=0.3573 v_opt=0.06727 v_mand=0.00759 ptv=0.0291 ptv_max=0.00169 ring=0.01672 smooth=0.0412 beam=0.51672
2026-05-19 18:24:08 [INFO] Step 35/54 Loss=8.7218 mse=0.4690 v_opt=0.02567 v_mand=0.00247 ptv=0.0227 ptv_max=0.00240 ring=0.01792 smooth=0.0344 beam=0.65989
2026-05-19 18:24:10 [INFO] Step 40/54 Loss=8.2090 mse=0.5394 v_opt=0.00000 v_mand=0.00000 ptv=0.0000 ptv_max=0.00000 ring=0.00000 smooth=0.0504 beam=0.56194
2026-05-19 18:24:15 [INFO] Step 45/54 Loss=6.2798 mse=0.3119 v_opt=0.01075 v_mand=0.00000 ptv=0.0291 ptv_max=0.00149 ring=0.01887 smooth=0.0368 beam=0.49748
2026-05-19 18:24:17 [INFO] Step 50/54 Loss=7.0584 mse=0.3608 v_opt=0.05260 v_mand=0.00692 ptv=0.0209 ptv_max=0.00178 ring=0.02055 smooth=0.0502 beam=0.51209
2026-05-19 18:24:20 [INFO] Step 54/54 Loss=6.1412 mse=0.3166 v_opt=0.02012 v_mand=0.00132 ptv=0.0276 ptv_max=0.00203 ring=0.02086 smooth=0.0305 beam=0.44167
2026-05-19 18:24:20 [INFO] Running validation at epoch 98...
2026-05-19 18:24:43 [INFO] Epoch 98 Summary: Train=7.6334 Val=9.4891 PTV_D95=57.57Gy Bladder=28.61Gy Rectum=27.39Gy
2026-05-19 18:24:43 [INFO] Epoch 99/100 started, lr=1.10e-06
2026-05-19 18:24:48 [INFO] Step 5/54 Loss=6.7342 mse=0.3528 v_opt=0.01580 v_mand=0.00058 ptv=0.0230 ptv_max=0.00123 ring=0.01719 smooth=0.0379 beam=0.52135
2026-05-19 18:24:51 [INFO] Step 10/54 Loss=7.2598 mse=0.3749 v_opt=0.01799 v_mand=0.00102 ptv=0.0247 ptv_max=0.00127 ring=0.01881 smooth=0.0361 beam=0.57061
2026-05-19 18:24:53 [INFO] Step 15/54 Loss=7.0690 mse=0.3830 v_opt=0.00401 v_mand=0.00007 ptv=0.0287 ptv_max=0.00173 ring=0.02257 smooth=0.0347 beam=0.50279
2026-05-19 18:24:56 [INFO] Step 20/54 Loss=9.0306 mse=0.5722 v_opt=0.00713 v_mand=0.00000 ptv=0.0246 ptv_max=0.00131 ring=0.01576 smooth=0.0401 beam=0.54851
2026-05-19 18:25:01 [INFO] Step 25/54 Loss=6.1542 mse=0.3233 v_opt=0.00173 v_mand=0.00000 ptv=0.0243 ptv_max=0.00133 ring=0.01864 smooth=0.0343 beam=0.46507
2026-05-19 18:25:03 [INFO] Step 30/54 Loss=9.4969 mse=0.5546 v_opt=0.03272 v_mand=0.00360 ptv=0.0250 ptv_max=0.00086 ring=0.02524 smooth=0.0440 beam=0.62401
2026-05-19 18:25:06 [INFO] Step 35/54 Loss=39.4949 mse=0.5350 v_opt=1.40000 v_mand=1.06077 ptv=0.0993 ptv_max=0.00372 ring=0.04228 smooth=0.0440 beam=0.60160
2026-05-19 18:25:09 [INFO] Step 40/54 Loss=7.5151 mse=0.4287 v_opt=0.00150 v_mand=0.00000 ptv=0.0214 ptv_max=0.00185 ring=0.01749 smooth=0.0430 beam=0.53039
2026-05-19 18:25:12 [INFO] Step 45/54 Loss=6.8852 mse=0.3463 v_opt=0.00070 v_mand=0.00000 ptv=0.0345 ptv_max=0.00140 ring=0.02027 smooth=0.0351 beam=0.53976
2026-05-19 18:25:15 [INFO] Step 50/54 Loss=6.8154 mse=0.3690 v_opt=0.00820 v_mand=0.00000 ptv=0.0268 ptv_max=0.00127 ring=0.02007 smooth=0.0339 beam=0.49454
2026-05-19 18:25:17 [INFO] Step 54/54 Loss=8.0285 mse=0.4327 v_opt=0.01858 v_mand=0.00088 ptv=0.0281 ptv_max=0.00149 ring=0.02234 smooth=0.0353 beam=0.58962
2026-05-19 18:25:17 [INFO] Running validation at epoch 99...
2026-05-19 18:25:41 [INFO] Epoch 99 Summary: Train=8.2602 Val=9.4908 PTV_D95=57.44Gy Bladder=28.56Gy Rectum=27.70Gy
2026-05-19 18:25:41 [INFO] Epoch 100/100 started, lr=1.02e-06
2026-05-19 18:25:45 [INFO] Step 5/54 Loss=5.5802 mse=0.2601 v_opt=0.00428 v_mand=0.00000 ptv=0.0348 ptv_max=0.00084 ring=0.02002 smooth=0.0354 beam=0.45537
2026-05-19 18:25:48 [INFO] Step 10/54 Loss=8.8518 mse=0.4441 v_opt=0.00000 v_mand=0.00000 ptv=0.1233 ptv_max=0.00159 ring=0.02606 smooth=0.0403 beam=0.54063
2026-05-19 18:25:51 [INFO] Step 15/54 Loss=10.4442 mse=0.6994 v_opt=0.01011 v_mand=0.00002 ptv=0.0238 ptv_max=0.00124 ring=0.01839 smooth=0.0385 beam=0.57015
2026-05-19 18:25:54 [INFO] Step 20/54 Loss=7.4938 mse=0.3982 v_opt=0.07197 v_mand=0.00845 ptv=0.0292 ptv_max=0.00153 ring=0.01708 smooth=0.0372 beam=0.50562
2026-05-19 18:25:58 [INFO] Step 25/54 Loss=6.0091 mse=0.2994 v_opt=0.00929 v_mand=0.00041 ptv=0.0259 ptv_max=0.00119 ring=0.01846 smooth=0.0391 beam=0.47743
2026-05-19 18:26:01 [INFO] Step 30/54 Loss=9.8349 mse=0.4332 v_opt=0.13915 v_mand=0.06190 ptv=0.0359 ptv_max=0.00170 ring=0.02175 smooth=0.0559 beam=0.58030
2026-05-19 18:26:04 [INFO] Step 35/54 Loss=6.8616 mse=0.3524 v_opt=0.05120 v_mand=0.00854 ptv=0.0215 ptv_max=0.00167 ring=0.01888 smooth=0.0403 beam=0.48721
2026-05-19 18:26:06 [INFO] Step 40/54 Loss=8.0099 mse=0.3849 v_opt=0.05971 v_mand=0.01588 ptv=0.0254 ptv_max=0.00127 ring=0.02403 smooth=0.0496 beam=0.59234
2026-05-19 18:26:11 [INFO] Step 45/54 Loss=6.0963 mse=0.3012 v_opt=0.00063 v_mand=0.00000 ptv=0.0274 ptv_max=0.00140 ring=0.02088 smooth=0.0314 beam=0.48450
2026-05-19 18:26:13 [INFO] Step 50/54 Loss=6.6660 mse=0.3496 v_opt=0.01056 v_mand=0.00001 ptv=0.0259 ptv_max=0.00176 ring=0.02013 smooth=0.0303 beam=0.49928
2026-05-19 18:26:15 [INFO] Step 54/54 Loss=6.6262 mse=0.3410 v_opt=0.01519 v_mand=0.00045 ptv=0.0308 ptv_max=0.00140 ring=0.01945 smooth=0.0310 beam=0.50026
2026-05-19 18:26:15 [INFO] Running validation at epoch 100...
2026-05-19 18:26:39 [INFO] Epoch 100 Summary: Train=8.0827 Val=9.4887 PTV_D95=57.49Gy Bladder=28.58Gy Rectum=27.40Gy
2026-05-19 18:26:39 [INFO] Training complete. Best val loss: 9.4691 Best clinical score: 40.9943
