2026-05-22 16:59:26 [INFO] Training log started: training_20260522_165926.log
2026-05-22 16:59:26 [INFO] PATCH_SIZE=(128, 128, 64), GRAD_ACCUM_STEPS=2
2026-05-22 16:59:26 [INFO] Loading clinical constraints from ./prostate_prime_constraints_v2.csv ...
2026-05-22 16:59:26 [INFO] Curriculum ramp: lambda_mse=25.0 constant, physics lambdas 0 -> target over 75 epochs
2026-05-22 16:59:26 [INFO] Model ready on cuda, epochs=300, AMP=ON
2026-05-22 16:59:26 [INFO] Epoch 1/300 [RAMP 1/75 (1% of physics)] ramp=0.013 lr=1.00e-04
2026-05-22 16:59:32 [INFO] Step 5/54 Loss=46.9410 mse=1.7777 v_opt=2.67625 v_mand=2.12226 ptv=0.3295 ptv_max=0.04628 ring=0.04814 smooth=1.4137 laplacian=5.6463 beam=0.93227 homogeneity=0.0913 body=0.00000 bowel=0.32253 femur=0.53982
2026-05-22 16:59:35 [INFO] Step 10/54 Loss=28.3325 mse=1.0396 v_opt=2.79172 v_mand=2.22846 ptv=0.3194 ptv_max=0.02134 ring=0.03247 smooth=0.8647 laplacian=3.3818 beam=0.96942 homogeneity=0.0616 body=0.00000 bowel=0.24731 femur=0.49378
2026-05-22 16:59:38 [INFO] Step 15/54 Loss=27.4328 mse=0.9984 v_opt=2.78068 v_mand=2.21685 ptv=0.3064 ptv_max=0.05611 ring=0.05223 smooth=1.0616 laplacian=4.1860 beam=0.99314 homogeneity=0.1004 body=0.00000 bowel=0.20275 femur=0.48635
2026-05-22 16:59:41 [INFO] Step 20/54 Loss=39.2268 mse=1.4716 v_opt=2.70211 v_mand=2.14751 ptv=0.3232 ptv_max=0.07910 ring=0.09020 smooth=0.9020 laplacian=3.5503 beam=1.02010 homogeneity=0.1280 body=0.00000 bowel=0.14683 femur=0.46216
2026-05-22 16:59:47 [INFO] Step 25/54 Loss=48.1283 mse=1.8325 v_opt=2.61758 v_mand=2.06786 ptv=0.3241 ptv_max=0.03054 ring=0.05492 smooth=1.1347 laplacian=4.4759 beam=0.98361 homogeneity=0.0729 body=0.00000 bowel=0.15010 femur=0.44984
2026-05-22 16:59:50 [INFO] Step 30/54 Loss=38.0216 mse=1.4395 v_opt=2.29965 v_mand=1.80624 ptv=0.3288 ptv_max=0.02323 ring=0.03542 smooth=0.9073 laplacian=3.5660 beam=0.95385 homogeneity=0.0635 body=0.00000 bowel=0.17239 femur=0.39363
2026-05-22 16:59:53 [INFO] Step 35/54 Loss=23.5238 mse=0.8512 v_opt=2.75817 v_mand=2.19647 ptv=0.3107 ptv_max=0.06073 ring=0.06168 smooth=0.4911 laplacian=1.9118 beam=0.88386 homogeneity=0.1030 body=0.00000 bowel=0.12032 femur=0.38138
2026-05-22 16:59:56 [INFO] Step 40/54 Loss=30.4063 mse=1.1308 v_opt=2.71101 v_mand=2.15398 ptv=0.3070 ptv_max=0.02549 ring=0.03484 smooth=0.5551 laplacian=2.1885 beam=0.81961 homogeneity=0.0630 body=0.00000 bowel=0.19101 femur=0.35638
2026-05-22 17:00:01 [INFO] Step 45/54 Loss=24.2054 mse=0.8881 v_opt=2.67218 v_mand=2.12057 ptv=0.3050 ptv_max=0.00468 ring=0.00889 smooth=0.3880 laplacian=1.5139 beam=0.80308 homogeneity=0.0365 body=0.00000 bowel=0.14957 femur=0.39116
2026-05-22 17:00:04 [INFO] Step 50/54 Loss=38.9351 mse=1.4628 v_opt=2.78891 v_mand=2.22545 ptv=0.2910 ptv_max=0.05620 ring=0.05815 smooth=0.7028 laplacian=2.7660 beam=1.02771 homogeneity=0.0977 body=0.00000 bowel=0.12364 femur=0.42009
2026-05-22 17:00:07 [INFO] Step 54/54 Loss=24.9633 mse=0.9163 v_opt=2.74592 v_mand=2.18419 ptv=0.3016 ptv_max=0.00360 ring=0.00716 smooth=0.3688 laplacian=1.4383 beam=0.82564 homogeneity=0.0347 body=0.00000 bowel=0.21061 femur=0.38154
2026-05-22 17:00:07 [INFO] Running validation at epoch 1...
2026-05-22 17:00:39 [INFO] Epoch 1 Summary: Train=36.5685 Val=0.0978 (MSE=0.0978)
          Metrics: PTV_D95=42.41Gy Bladder=58.07Gy Rectum=49.82Gy
          Metrics: Ring=56.47Gy Dmax=158.21Gy BG=63.91Gy
2026-05-22 17:00:39 [INFO] [PHYSICS] Saved best model val_loss=0.0978
2026-05-22 17:00:39 [INFO] [CLINICAL] Saved best model Score=118.036 PTV_D95=42.41Gy Bladder=58.07Gy Rectum=49.82Gy
2026-05-22 17:00:39 [INFO] Epoch 2/300 [RAMP 2/75 (3% of physics)] ramp=0.027 lr=1.00e-04
2026-05-22 17:00:44 [INFO] Step 5/54 Loss=22.8730 mse=0.7289 v_opt=2.96346 v_mand=2.38383 ptv=0.2388 ptv_max=0.02992 ring=0.02822 smooth=0.3660 laplacian=1.4247 beam=0.89125 homogeneity=0.0629 body=0.00000 bowel=0.37633 femur=0.53294
2026-05-22 17:00:48 [INFO] Step 10/54 Loss=23.9852 mse=0.8168 v_opt=2.26073 v_mand=1.78007 ptv=0.2946 ptv_max=0.00286 ring=0.00673 smooth=0.3190 laplacian=1.2329 beam=0.86324 homogeneity=0.0331 body=0.00000 bowel=0.27004 femur=0.39005
2026-05-22 17:00:51 [INFO] Step 15/54 Loss=27.3549 mse=0.9275 v_opt=2.95145 v_mand=2.37249 ptv=0.2520 ptv_max=0.00023 ring=0.00183 smooth=0.3546 laplacian=1.3749 beam=0.86155 homogeneity=0.0218 body=0.00000 bowel=0.00000 femur=0.00000
2026-05-22 17:00:54 [INFO] Step 20/54 Loss=34.1929 mse=1.1899 v_opt=2.93598 v_mand=2.35875 ptv=0.2422 ptv_max=0.00656 ring=0.01323 smooth=0.3644 laplacian=1.4079 beam=0.93515 homogeneity=0.0324 body=0.00000 bowel=0.00000 femur=0.78873
2026-05-22 17:00:58 [INFO] Step 25/54 Loss=23.7386 mse=0.7693 v_opt=2.96253 v_mand=2.38382 ptv=0.2498 ptv_max=0.02274 ring=0.03222 smooth=0.2210 laplacian=0.8456 beam=0.83762 homogeneity=0.0544 body=0.00000 bowel=0.21711 femur=0.77604
2026-05-22 17:01:02 [INFO] Step 30/54 Loss=21.0530 mse=0.6787 v_opt=2.94894 v_mand=2.37056 ptv=0.2828 ptv_max=0.00000 ring=0.00009 smooth=0.2246 laplacian=0.8670 beam=0.83746 homogeneity=0.0232 body=0.00000 bowel=0.00000 femur=0.00000
2026-05-22 17:01:04 [INFO] Step 35/54 Loss=28.7063 mse=0.9955 v_opt=2.25201 v_mand=1.80282 ptv=0.2272 ptv_max=0.00144 ring=0.00223 smooth=0.2853 laplacian=1.1033 beam=0.87893 homogeneity=0.0229 body=0.00000 bowel=0.60110 femur=0.88220
2026-05-22 17:01:08 [INFO] Step 40/54 Loss=20.5311 mse=0.6431 v_opt=2.93284 v_mand=2.35410 ptv=0.2376 ptv_max=0.00163 ring=0.00360 smooth=0.1737 laplacian=0.6554 beam=0.81823 homogeneity=0.0237 body=0.00000 bowel=0.54250 femur=0.82030
2026-05-22 17:01:11 [INFO] Step 45/54 Loss=22.0058 mse=0.7021 v_opt=2.89812 v_mand=2.33536 ptv=0.2265 ptv_max=0.00118 ring=0.00165 smooth=0.1784 laplacian=0.6838 beam=0.80070 homogeneity=0.0198 body=0.00000 bowel=0.56747 femur=0.94726
2026-05-22 17:01:16 [INFO] Step 50/54 Loss=27.3457 mse=0.9002 v_opt=3.13880 v_mand=2.54366 ptv=0.2026 ptv_max=0.00241 ring=0.00440 smooth=0.2601 laplacian=1.0016 beam=0.91741 homogeneity=0.0216 body=0.00000 bowel=0.45517 femur=1.01263
2026-05-22 17:01:18 [INFO] Step 54/54 Loss=28.6069 mse=0.9459 v_opt=3.20583 v_mand=2.60405 ptv=0.2134 ptv_max=0.00019 ring=0.00088 smooth=0.2862 laplacian=1.1230 beam=0.86099 homogeneity=0.0162 body=0.00000 bowel=0.64533 femur=0.97889
2026-05-22 17:01:18 [INFO] Running validation at epoch 2...
2026-05-22 17:01:47 [INFO] Epoch 2 Summary: Train=26.2189 Val=0.0784 (MSE=0.0784)
          Metrics: PTV_D95=45.23Gy Bladder=57.58Gy Rectum=52.06Gy
          Metrics: Ring=56.20Gy Dmax=117.30Gy BG=60.58Gy
2026-05-22 17:01:47 [INFO] [PHYSICS] Saved best model val_loss=0.0784
2026-05-22 17:01:47 [INFO] [CLINICAL] Saved best model Score=109.076 PTV_D95=45.23Gy Bladder=57.58Gy Rectum=52.06Gy
2026-05-22 17:01:47 [INFO] Epoch 3/300 [RAMP 3/75 (4% of physics)] ramp=0.040 lr=1.00e-04
2026-05-22 17:01:53 [INFO] Step 5/54 Loss=21.6179 mse=0.6064 v_opt=3.15506 v_mand=2.55626 ptv=0.2297 ptv_max=0.00000 ring=0.00018 smooth=0.2093 laplacian=0.8040 beam=0.81836 homogeneity=0.0167 body=0.00000 bowel=0.00000 femur=0.00000
2026-05-22 17:01:57 [INFO] Step 10/54 Loss=26.1138 mse=0.7781 v_opt=3.24331 v_mand=2.63736 ptv=0.2149 ptv_max=0.00002 ring=0.00030 smooth=0.2105 laplacian=0.8036 beam=0.85873 homogeneity=0.0152 body=0.00000 bowel=0.00000 femur=0.00000
2026-05-22 17:02:00 [INFO] Step 15/54 Loss=21.3911 mse=0.5841 v_opt=3.00783 v_mand=2.42027 ptv=0.2231 ptv_max=0.00047 ring=0.00148 smooth=0.1538 laplacian=0.5873 beam=0.80024 homogeneity=0.0191 body=0.00000 bowel=0.58188 femur=0.81702
2026-05-22 17:02:03 [INFO] Step 20/54 Loss=27.1922 mse=0.8083 v_opt=3.19522 v_mand=2.59129 ptv=0.2119 ptv_max=0.00069 ring=0.00150 smooth=0.2347 laplacian=0.9006 beam=0.87215 homogeneity=0.0184 body=0.00000 bowel=0.00000 femur=0.94920
2026-05-22 17:02:08 [INFO] Step 25/54 Loss=22.4069 mse=0.6301 v_opt=3.00072 v_mand=2.41233 ptv=0.2311 ptv_max=0.00014 ring=0.00069 smooth=0.1782 laplacian=0.6755 beam=0.81110 homogeneity=0.0192 body=0.00000 bowel=0.37284 femur=0.75907
2026-05-22 17:02:11 [INFO] Step 30/54 Loss=21.2302 mse=0.5857 v_opt=2.99573 v_mand=2.40707 ptv=0.2416 ptv_max=0.00005 ring=0.00023 smooth=0.1219 laplacian=0.4590 beam=0.80934 homogeneity=0.0193 body=0.00000 bowel=0.31777 femur=0.81423
2026-05-22 17:02:14 [INFO] Step 35/54 Loss=18.8065 mse=0.4857 v_opt=2.96151 v_mand=2.37476 ptv=0.2291 ptv_max=0.00035 ring=0.00043 smooth=0.0778 laplacian=0.2896 beam=0.84721 homogeneity=0.0183 body=0.00000 bowel=0.59028 femur=0.76802
2026-05-22 17:02:17 [INFO] Step 40/54 Loss=24.4280 mse=0.6960 v_opt=3.09565 v_mand=2.49678 ptv=0.2102 ptv_max=0.00042 ring=0.00103 smooth=0.1765 laplacian=0.6801 beam=0.84332 homogeneity=0.0173 body=0.00000 bowel=0.59671 femur=0.85588
2026-05-22 17:02:22 [INFO] Step 45/54 Loss=25.5995 mse=0.7580 v_opt=2.95233 v_mand=2.36806 ptv=0.2157 ptv_max=0.00231 ring=0.00281 smooth=0.1783 laplacian=0.6805 beam=0.82996 homogeneity=0.0219 body=0.00000 bowel=0.44857 femur=0.78898
2026-05-22 17:02:24 [INFO] Step 50/54 Loss=18.4477 mse=0.4881 v_opt=2.80871 v_mand=2.23711 ptv=0.2297 ptv_max=0.00067 ring=0.00114 smooth=0.1190 laplacian=0.4475 beam=0.78437 homogeneity=0.0213 body=0.00000 bowel=0.42874 femur=0.74050
2026-05-22 17:02:27 [INFO] Step 54/54 Loss=25.4849 mse=0.7633 v_opt=2.81579 v_mand=2.23917 ptv=0.2362 ptv_max=0.00022 ring=0.00077 smooth=0.1705 laplacian=0.6650 beam=0.88176 homogeneity=0.0192 body=0.00000 bowel=0.43407 femur=0.76355
2026-05-22 17:02:27 [INFO] Running validation at epoch 3...
2026-05-22 17:02:56 [INFO] Epoch 3 Summary: Train=23.6399 Val=0.0712 (MSE=0.0712)
          Metrics: PTV_D95=46.31Gy Bladder=53.39Gy Rectum=51.43Gy
          Metrics: Ring=54.11Gy Dmax=116.19Gy BG=58.33Gy
2026-05-22 17:02:56 [INFO] [PHYSICS] Saved best model val_loss=0.0712
2026-05-22 17:02:56 [INFO] [CLINICAL] Saved best model Score=101.669 PTV_D95=46.31Gy Bladder=53.39Gy Rectum=51.43Gy
2026-05-22 17:02:56 [INFO] Epoch 4/300 [RAMP 4/75 (5% of physics)] ramp=0.053 lr=1.00e-04
2026-05-22 17:03:02 [INFO] Step 5/54 Loss=27.7452 mse=0.7686 v_opt=2.78664 v_mand=2.21693 ptv=0.2353 ptv_max=0.00032 ring=0.00072 smooth=0.1460 laplacian=0.5615 beam=0.91809 homogeneity=0.0196 body=0.00000 bowel=0.46694 femur=0.77860
2026-05-22 17:03:05 [INFO] Step 10/54 Loss=26.8952 mse=0.7368 v_opt=2.83599 v_mand=2.25397 ptv=0.2333 ptv_max=0.00048 ring=0.00125 smooth=0.1684 laplacian=0.6512 beam=0.83667 homogeneity=0.0205 body=0.00000 bowel=0.35594 femur=0.80191
2026-05-22 17:03:08 [INFO] Step 15/54 Loss=22.3793 mse=0.5704 v_opt=2.69498 v_mand=2.12638 ptv=0.2528 ptv_max=0.00012 ring=0.00029 smooth=0.1052 laplacian=0.3963 beam=0.84053 homogeneity=0.0215 body=0.00000 bowel=0.42101 femur=0.81423
2026-05-22 17:03:11 [INFO] Step 20/54 Loss=22.8343 mse=0.6238 v_opt=2.64381 v_mand=2.08129 ptv=0.2834 ptv_max=0.00001 ring=0.00006 smooth=0.1218 laplacian=0.4495 beam=0.82806 homogeneity=0.0234 body=0.00000 bowel=0.00000 femur=0.00000
2026-05-22 17:03:16 [INFO] Step 25/54 Loss=21.2651 mse=0.5345 v_opt=2.62527 v_mand=2.06461 ptv=0.2609 ptv_max=0.00006 ring=0.00016 smooth=0.0790 laplacian=0.2865 beam=0.76699 homogeneity=0.0212 body=0.00000 bowel=0.37828 femur=1.02818
2026-05-22 17:03:19 [INFO] Step 30/54 Loss=20.9276 mse=0.5120 v_opt=2.68056 v_mand=2.11507 ptv=0.2457 ptv_max=0.00005 ring=0.00015 smooth=0.0844 laplacian=0.3134 beam=0.77441 homogeneity=0.0193 body=0.00000 bowel=0.52583 femur=0.95124
2026-05-22 17:03:22 [INFO] Step 35/54 Loss=26.5487 mse=0.7472 v_opt=2.57896 v_mand=2.01919 ptv=0.2456 ptv_max=0.00026 ring=0.00051 smooth=0.1228 laplacian=0.4689 beam=0.83799 homogeneity=0.0214 body=0.00000 bowel=0.43270 femur=0.85617
2026-05-22 17:03:25 [INFO] Step 40/54 Loss=26.0248 mse=0.7198 v_opt=2.59270 v_mand=2.03363 ptv=0.2467 ptv_max=0.00016 ring=0.00074 smooth=0.1185 laplacian=0.4552 beam=0.84324 homogeneity=0.0205 body=0.00000 bowel=0.59604 femur=0.83663
2026-05-22 17:03:29 [INFO] Step 45/54 Loss=24.9984 mse=0.6920 v_opt=2.51511 v_mand=1.96422 ptv=0.2705 ptv_max=0.00007 ring=0.00024 smooth=0.1221 laplacian=0.4599 beam=0.85160 homogeneity=0.0228 body=0.00000 bowel=0.38707 femur=0.84027
2026-05-22 17:03:33 [INFO] Step 50/54 Loss=16.4240 mse=0.3684 v_opt=2.60945 v_mand=2.05988 ptv=0.2633 ptv_max=0.00017 ring=0.00017 smooth=0.0497 laplacian=0.1709 beam=0.75798 homogeneity=0.0218 body=0.00000 bowel=0.00000 femur=0.40983
2026-05-22 17:03:36 [INFO] Step 54/54 Loss=22.5523 mse=0.6017 v_opt=2.50076 v_mand=1.95174 ptv=0.2852 ptv_max=0.00004 ring=0.00009 smooth=0.0808 laplacian=0.3006 beam=0.83287 homogeneity=0.0251 body=0.00000 bowel=0.23417 femur=0.89615
2026-05-22 17:03:36 [INFO] Running validation at epoch 4...
2026-05-22 17:04:05 [INFO] Epoch 4 Summary: Train=23.0416 Val=0.0654 (MSE=0.0654)
          Metrics: PTV_D95=44.64Gy Bladder=51.32Gy Rectum=50.21Gy
          Metrics: Ring=52.53Gy Dmax=97.95Gy BG=56.37Gy
2026-05-22 17:04:05 [INFO] [PHYSICS] Saved best model val_loss=0.0654
2026-05-22 17:04:05 [INFO] Epoch 5/300 [RAMP 5/75 (7% of physics)] ramp=0.067 lr=1.00e-04
2026-05-22 17:04:11 [INFO] Step 5/54 Loss=28.6063 mse=0.7701 v_opt=2.42919 v_mand=1.88582 ptv=0.2558 ptv_max=0.00025 ring=0.00051 smooth=0.1167 laplacian=0.4511 beam=0.93524 homogeneity=0.0222 body=0.00000 bowel=0.48940 femur=0.50139
2026-05-22 17:04:14 [INFO] Step 10/54 Loss=26.4330 mse=0.6939 v_opt=2.43064 v_mand=1.89139 ptv=0.2804 ptv_max=0.00001 ring=0.00016 smooth=0.1117 laplacian=0.4054 beam=0.83759 homogeneity=0.0240 body=0.00000 bowel=0.35135 femur=0.52006
2026-05-22 17:04:17 [INFO] Step 15/54 Loss=25.7386 mse=0.6695 v_opt=2.42157 v_mand=1.87955 ptv=0.2650 ptv_max=0.00026 ring=0.00053 smooth=0.1128 laplacian=0.4271 beam=0.80001 homogeneity=0.0235 body=0.00000 bowel=0.41420 femur=0.45801
2026-05-22 17:04:20 [INFO] Step 20/54 Loss=20.9616 mse=0.5563 v_opt=1.76704 v_mand=1.37148 ptv=0.2983 ptv_max=0.00000 ring=0.00003 smooth=0.0857 laplacian=0.2951 beam=0.76726 homogeneity=0.0259 body=0.00000 bowel=0.20561 femur=0.63652
2026-05-22 17:04:25 [INFO] Step 25/54 Loss=17.3598 mse=0.3797 v_opt=2.33206 v_mand=1.80216 ptv=0.3074 ptv_max=0.00006 ring=0.00019 smooth=0.0501 laplacian=0.1769 beam=0.74745 homogeneity=0.0273 body=0.00000 bowel=0.00000 femur=0.00000
2026-05-22 17:04:28 [INFO] Step 30/54 Loss=24.3522 mse=0.6264 v_opt=2.32257 v_mand=1.78708 ptv=0.2878 ptv_max=0.00006 ring=0.00022 smooth=0.0792 laplacian=0.2943 beam=0.77127 homogeneity=0.0272 body=0.00000 bowel=0.32610 femur=0.72382
2026-05-22 17:04:31 [INFO] Step 35/54 Loss=23.7566 mse=0.6014 v_opt=2.32019 v_mand=1.78861 ptv=0.2785 ptv_max=0.00010 ring=0.00021 smooth=0.0919 laplacian=0.3325 beam=0.77083 homogeneity=0.0241 body=0.00000 bowel=0.43748 femur=0.58865
2026-05-22 17:04:34 [INFO] Step 40/54 Loss=21.1534 mse=0.5282 v_opt=2.04565 v_mand=1.56544 ptv=0.2921 ptv_max=0.00003 ring=0.00010 smooth=0.0721 laplacian=0.2615 beam=0.78851 homogeneity=0.0256 body=0.00000 bowel=0.44932 femur=0.55973
2026-05-22 17:04:38 [INFO] Step 45/54 Loss=19.4009 mse=0.4328 v_opt=2.36348 v_mand=1.83360 ptv=0.3251 ptv_max=0.00004 ring=0.00010 smooth=0.0547 laplacian=0.1949 beam=0.78985 homogeneity=0.0299 body=0.00000 bowel=0.31301 femur=0.29913
2026-05-22 17:04:42 [INFO] Step 50/54 Loss=24.3177 mse=0.6290 v_opt=2.22908 v_mand=1.71111 ptv=0.2883 ptv_max=0.00001 ring=0.00007 smooth=0.0995 laplacian=0.3696 beam=0.82488 homogeneity=0.0247 body=0.00000 bowel=0.57588 femur=0.43078
2026-05-22 17:04:45 [INFO] Step 54/54 Loss=20.7782 mse=0.5013 v_opt=2.23842 v_mand=1.71337 ptv=0.3109 ptv_max=0.00014 ring=0.00017 smooth=0.0731 laplacian=0.2653 beam=0.79802 homogeneity=0.0286 body=0.00000 bowel=0.13735 femur=0.64386
2026-05-22 17:04:45 [INFO] Running validation at epoch 5...
2026-05-22 17:05:14 [INFO] Epoch 5 Summary: Train=21.8713 Val=0.0624 (MSE=0.0624)
          Metrics: PTV_D95=43.70Gy Bladder=50.44Gy Rectum=50.31Gy
          Metrics: Ring=51.72Gy Dmax=102.09Gy BG=55.26Gy
2026-05-22 17:05:14 [INFO] [PHYSICS] Saved best model val_loss=0.0624
2026-05-22 17:05:14 [INFO] Epoch 6/300 [RAMP 6/75 (8% of physics)] ramp=0.080 lr=9.99e-05
2026-05-22 17:05:20 [INFO] Step 5/54 Loss=23.7266 mse=0.5299 v_opt=2.30898 v_mand=1.78148 ptv=0.2843 ptv_max=0.00020 ring=0.00038 smooth=0.0685 laplacian=0.2481 beam=0.88502 homogeneity=0.0251 body=0.00000 bowel=0.53893 femur=0.24002
2026-05-22 17:05:23 [INFO] Step 10/54 Loss=22.1100 mse=0.5267 v_opt=2.15918 v_mand=1.64259 ptv=0.3143 ptv_max=0.00071 ring=0.00047 smooth=0.0837 laplacian=0.3031 beam=0.79479 homogeneity=0.0308 body=0.00000 bowel=0.00000 femur=0.00000
2026-05-22 17:05:26 [INFO] Step 15/54 Loss=27.1502 mse=0.6827 v_opt=2.14595 v_mand=1.63017 ptv=0.2797 ptv_max=0.00022 ring=0.00055 smooth=0.1049 laplacian=0.3976 beam=0.82157 homogeneity=0.0250 body=0.00000 bowel=0.59554 femur=0.53192
2026-05-22 17:05:29 [INFO] Step 20/54 Loss=27.0162 mse=0.6766 v_opt=2.20072 v_mand=1.68020 ptv=0.2744 ptv_max=0.00015 ring=0.00035 smooth=0.0942 laplacian=0.3470 beam=0.83597 homogeneity=0.0234 body=0.00000 bowel=0.44536 femur=0.51920
2026-05-22 17:05:34 [INFO] Step 25/54 Loss=20.8310 mse=0.4702 v_opt=2.00680 v_mand=1.51562 ptv=0.2755 ptv_max=0.00062 ring=0.00130 smooth=0.0687 laplacian=0.2529 beam=0.72793 homogeneity=0.0251 body=0.00000 bowel=0.41651 femur=0.45204
2026-05-22 17:05:37 [INFO] Step 30/54 Loss=23.0660 mse=0.4879 v_opt=2.45265 v_mand=1.92035 ptv=0.3547 ptv_max=0.00000 ring=0.00000 smooth=0.0486 laplacian=0.1730 beam=0.75368 homogeneity=0.0331 body=0.00000 bowel=0.26466 femur=0.70115
2026-05-22 17:05:41 [INFO] Step 35/54 Loss=25.0656 mse=0.6553 v_opt=1.85565 v_mand=1.38760 ptv=0.2739 ptv_max=0.00041 ring=0.00092 smooth=0.1106 laplacian=0.4204 beam=0.80759 homogeneity=0.0253 body=0.00000 bowel=0.22436 femur=0.63507
2026-05-22 17:05:43 [INFO] Step 40/54 Loss=10.4569 mse=0.3353 v_opt=0.00000 v_mand=0.00000 ptv=0.0000 ptv_max=0.00000 ring=0.00000 smooth=0.0407 laplacian=0.1383 beam=0.73626 homogeneity=0.0000 body=0.00000 bowel=0.45191 femur=0.00000
2026-05-22 17:05:47 [INFO] Step 45/54 Loss=23.5754 mse=0.6019 v_opt=2.05635 v_mand=1.55328 ptv=0.3178 ptv_max=0.00041 ring=0.00073 smooth=0.1028 laplacian=0.3793 beam=0.75834 homogeneity=0.0307 body=0.00000 bowel=0.00000 femur=0.00000
2026-05-22 17:05:51 [INFO] Step 50/54 Loss=22.5526 mse=0.5122 v_opt=2.18516 v_mand=1.68270 ptv=0.2744 ptv_max=0.00008 ring=0.00021 smooth=0.0587 laplacian=0.2121 beam=0.75056 homogeneity=0.0239 body=0.00000 bowel=0.54525 femur=0.20423
2026-05-22 17:05:53 [INFO] Step 54/54 Loss=20.1122 mse=0.4524 v_opt=1.99545 v_mand=1.50693 ptv=0.3208 ptv_max=0.00027 ring=0.00100 smooth=0.0704 laplacian=0.2579 beam=0.76729 homogeneity=0.0298 body=0.00000 bowel=0.22819 femur=0.28674
2026-05-22 17:05:53 [INFO] Running validation at epoch 6...
2026-05-22 17:06:22 [INFO] Epoch 6 Summary: Train=22.5292 Val=0.0606 (MSE=0.0606)
          Metrics: PTV_D95=43.22Gy Bladder=50.18Gy Rectum=51.46Gy
          Metrics: Ring=51.11Gy Dmax=109.23Gy BG=54.49Gy
2026-05-22 17:06:22 [INFO] [PHYSICS] Saved best model val_loss=0.0606
2026-05-22 17:06:22 [INFO] Epoch 7/300 [RAMP 7/75 (9% of physics)] ramp=0.093 lr=9.99e-05
2026-05-22 17:06:28 [INFO] Step 5/54 Loss=24.0363 mse=0.5809 v_opt=1.91824 v_mand=1.43321 ptv=0.3264 ptv_max=0.00079 ring=0.00110 smooth=0.1078 laplacian=0.3976 beam=0.81171 homogeneity=0.0328 body=0.00000 bowel=0.00000 femur=0.00000
2026-05-22 17:06:31 [INFO] Step 10/54 Loss=25.3864 mse=0.6035 v_opt=1.99785 v_mand=1.50317 ptv=0.2993 ptv_max=0.00027 ring=0.00062 smooth=0.1075 laplacian=0.3965 beam=0.77741 homogeneity=0.0284 body=0.00000 bowel=0.19213 femur=0.31833
2026-05-22 17:06:34 [INFO] Step 15/54 Loss=25.2028 mse=0.6416 v_opt=1.85561 v_mand=1.38432 ptv=0.3139 ptv_max=0.00132 ring=0.00294 smooth=0.1084 laplacian=0.4063 beam=0.76342 homogeneity=0.0323 body=0.00000 bowel=0.00000 femur=0.00000
2026-05-22 17:06:37 [INFO] Step 20/54 Loss=20.8989 mse=0.4351 v_opt=1.91114 v_mand=1.42707 ptv=0.3075 ptv_max=0.00009 ring=0.00041 smooth=0.0704 laplacian=0.2491 beam=0.78919 homogeneity=0.0280 body=0.00000 bowel=0.21598 femur=0.42618
2026-05-22 17:06:41 [INFO] Step 25/54 Loss=24.0140 mse=0.6079 v_opt=1.64206 v_mand=1.21662 ptv=0.3144 ptv_max=0.00014 ring=0.00086 smooth=0.0962 laplacian=0.3553 beam=0.77265 homogeneity=0.0315 body=0.00000 bowel=0.10342 femur=0.38057
2026-05-22 17:06:45 [INFO] Step 30/54 Loss=25.5290 mse=0.6135 v_opt=1.87755 v_mand=1.41097 ptv=0.2806 ptv_max=0.00029 ring=0.00087 smooth=0.1030 laplacian=0.3936 beam=0.84003 homogeneity=0.0253 body=0.00000 bowel=0.37497 femur=0.28302
2026-05-22 17:06:48 [INFO] Step 35/54 Loss=23.6263 mse=0.5401 v_opt=1.90073 v_mand=1.41630 ptv=0.3105 ptv_max=0.00007 ring=0.00030 smooth=0.0835 laplacian=0.3004 beam=0.79673 homogeneity=0.0281 body=0.00000 bowel=0.38988 femur=0.28098
2026-05-22 17:06:51 [INFO] Step 40/54 Loss=25.0362 mse=0.6125 v_opt=1.71048 v_mand=1.26399 ptv=0.3104 ptv_max=0.00023 ring=0.00152 smooth=0.1088 laplacian=0.4139 beam=0.81097 homogeneity=0.0289 body=0.00000 bowel=0.28980 femur=0.70317
2026-05-22 17:06:55 [INFO] Step 45/54 Loss=21.7421 mse=0.4656 v_opt=1.92705 v_mand=1.44061 ptv=0.3252 ptv_max=0.00007 ring=0.00048 smooth=0.0740 laplacian=0.2683 beam=0.76613 homogeneity=0.0301 body=0.00000 bowel=0.25616 femur=0.40641
2026-05-22 17:06:59 [INFO] Step 50/54 Loss=20.7337 mse=0.4498 v_opt=1.96111 v_mand=1.47130 ptv=0.3682 ptv_max=0.00002 ring=0.00077 smooth=0.0631 laplacian=0.2229 beam=0.74443 homogeneity=0.0353 body=0.00000 bowel=0.00000 femur=0.00000
2026-05-22 17:07:01 [INFO] Step 54/54 Loss=26.8153 mse=0.6793 v_opt=1.76660 v_mand=1.31970 ptv=0.2967 ptv_max=0.00045 ring=0.00124 smooth=0.1142 laplacian=0.4358 beam=0.83448 homogeneity=0.0275 body=0.00000 bowel=0.46131 femur=0.21475
2026-05-22 17:07:01 [INFO] Running validation at epoch 7...
2026-05-22 17:07:30 [INFO] Epoch 7 Summary: Train=22.6584 Val=0.0591 (MSE=0.0591)
          Metrics: PTV_D95=42.62Gy Bladder=50.39Gy Rectum=53.45Gy
          Metrics: Ring=50.95Gy Dmax=142.85Gy BG=53.84Gy
2026-05-22 17:07:30 [INFO] [PHYSICS] Saved best model val_loss=0.0591
2026-05-22 17:07:30 [INFO] Epoch 8/300 [RAMP 8/75 (11% of physics)] ramp=0.107 lr=9.99e-05
2026-05-22 17:07:36 [INFO] Step 5/54 Loss=18.2130 mse=0.2415 v_opt=2.16614 v_mand=1.65184 ptv=0.3870 ptv_max=0.00193 ring=0.00047 smooth=0.0265 laplacian=0.0848 beam=0.71543 homogeneity=0.0427 body=0.00000 bowel=0.13239 femur=0.18899
2026-05-22 17:07:39 [INFO] Step 10/54 Loss=26.9434 mse=0.6326 v_opt=1.74723 v_mand=1.29620 ptv=0.3019 ptv_max=0.00015 ring=0.00112 smooth=0.1158 laplacian=0.4391 beam=0.79431 homogeneity=0.0273 body=0.00000 bowel=0.41996 femur=0.39510
2026-05-22 17:07:42 [INFO] Step 15/54 Loss=26.2415 mse=0.6318 v_opt=1.67823 v_mand=1.23363 ptv=0.2932 ptv_max=0.00020 ring=0.00067 smooth=0.1282 laplacian=0.4849 beam=0.79850 homogeneity=0.0269 body=0.00000 bowel=0.29815 femur=0.23894
2026-05-22 17:07:45 [INFO] Step 20/54 Loss=22.1596 mse=0.5238 v_opt=1.30362 v_mand=1.05712 ptv=0.3346 ptv_max=0.00023 ring=0.00007 smooth=0.0740 laplacian=0.2559 beam=0.75494 homogeneity=0.0316 body=0.00000 bowel=0.35222 femur=0.00000
2026-05-22 17:07:50 [INFO] Step 25/54 Loss=26.4706 mse=0.6725 v_opt=1.63739 v_mand=1.21197 ptv=0.3557 ptv_max=0.00258 ring=0.00935 smooth=0.0994 laplacian=0.3717 beam=0.79374 homogeneity=0.0388 body=0.00000 bowel=0.00000 femur=0.00000
2026-05-22 17:07:53 [INFO] Step 30/54 Loss=22.9138 mse=0.5110 v_opt=1.63082 v_mand=1.19001 ptv=0.3104 ptv_max=0.00010 ring=0.00067 smooth=0.0912 laplacian=0.3449 beam=0.76321 homogeneity=0.0284 body=0.00000 bowel=0.30638 femur=0.31029
2026-05-22 17:07:56 [INFO] Step 35/54 Loss=25.5644 mse=0.5813 v_opt=1.78509 v_mand=1.31912 ptv=0.2928 ptv_max=0.00065 ring=0.00073 smooth=0.0954 laplacian=0.3552 beam=0.86687 homogeneity=0.0271 body=0.00000 bowel=0.29570 femur=0.23287
2026-05-22 17:07:59 [INFO] Step 40/54 Loss=17.8966 mse=0.3306 v_opt=1.59305 v_mand=1.16756 ptv=0.3504 ptv_max=0.00016 ring=0.00169 smooth=0.0520 laplacian=0.1886 beam=0.72920 homogeneity=0.0344 body=0.00000 bowel=0.20105 femur=0.22495
2026-05-22 17:08:04 [INFO] Step 45/54 Loss=24.6924 mse=0.6137 v_opt=1.42399 v_mand=1.05034 ptv=0.3057 ptv_max=0.00038 ring=0.00334 smooth=0.1217 laplacian=0.4583 beam=0.77331 homogeneity=0.0290 body=0.00000 bowel=0.15587 femur=0.44590
2026-05-22 17:08:07 [INFO] Step 50/54 Loss=19.3316 mse=0.4480 v_opt=1.25798 v_mand=0.90015 ptv=0.3737 ptv_max=0.00010 ring=0.00153 smooth=0.0807 laplacian=0.2890 beam=0.74804 homogeneity=0.0400 body=0.00000 bowel=0.11044 femur=0.22464
2026-05-22 17:08:09 [INFO] Step 54/54 Loss=23.6448 mse=0.5830 v_opt=1.39990 v_mand=1.02895 ptv=0.2780 ptv_max=0.00041 ring=0.00218 smooth=0.1210 laplacian=0.4563 beam=0.75641 homogeneity=0.0259 body=0.00000 bowel=0.17703 femur=0.34140
2026-05-22 17:08:09 [INFO] Running validation at epoch 8...
2026-05-22 17:08:38 [INFO] Epoch 8 Summary: Train=23.2642 Val=0.0577 (MSE=0.0577)
          Metrics: PTV_D95=42.58Gy Bladder=49.99Gy Rectum=52.41Gy
          Metrics: Ring=50.35Gy Dmax=160.49Gy BG=53.25Gy
2026-05-22 17:08:38 [INFO] [PHYSICS] Saved best model val_loss=0.0577
2026-05-22 17:08:38 [INFO] Epoch 9/300 [RAMP 9/75 (12% of physics)] ramp=0.120 lr=9.98e-05
2026-05-22 17:08:44 [INFO] Step 5/54 Loss=21.5848 mse=0.4283 v_opt=1.73050 v_mand=1.27409 ptv=0.3598 ptv_max=0.00017 ring=0.00109 smooth=0.0620 laplacian=0.2185 beam=0.71920 homogeneity=0.0350 body=0.00000 bowel=0.00000 femur=0.00000
2026-05-22 17:08:47 [INFO] Step 10/54 Loss=23.8018 mse=0.5664 v_opt=1.25445 v_mand=0.90082 ptv=0.3037 ptv_max=0.00008 ring=0.00208 smooth=0.1168 laplacian=0.4388 beam=0.76841 homogeneity=0.0279 body=0.00000 bowel=0.27767 femur=0.34802
2026-05-22 17:08:50 [INFO] Step 15/54 Loss=24.7837 mse=0.5772 v_opt=1.37979 v_mand=1.00158 ptv=0.2906 ptv_max=0.00030 ring=0.00052 smooth=0.0949 laplacian=0.3559 beam=0.84411 homogeneity=0.0272 body=0.00000 bowel=0.32930 femur=0.20288
2026-05-22 17:08:53 [INFO] Step 20/54 Loss=24.2642 mse=0.5428 v_opt=1.50639 v_mand=1.09066 ptv=0.3247 ptv_max=0.00009 ring=0.00019 smooth=0.0892 laplacian=0.3286 beam=0.74923 homogeneity=0.0298 body=0.00000 bowel=0.20690 femur=0.41413
2026-05-22 17:08:58 [INFO] Step 25/54 Loss=24.3675 mse=0.5367 v_opt=1.55625 v_mand=1.13032 ptv=0.3055 ptv_max=0.00044 ring=0.00094 smooth=0.1039 laplacian=0.3914 beam=0.75284 homogeneity=0.0293 body=0.00000 bowel=0.31508 femur=0.22843
2026-05-22 17:09:01 [INFO] Step 30/54 Loss=25.2911 mse=0.5778 v_opt=1.44496 v_mand=1.04434 ptv=0.3018 ptv_max=0.00049 ring=0.00409 smooth=0.1212 laplacian=0.4563 beam=0.82223 homogeneity=0.0277 body=0.00000 bowel=0.37687 femur=0.29559
2026-05-22 17:09:04 [INFO] Step 35/54 Loss=25.8212 mse=0.6025 v_opt=1.48486 v_mand=1.08039 ptv=0.2992 ptv_max=0.00025 ring=0.00152 smooth=0.1269 laplacian=0.4708 beam=0.84624 homogeneity=0.0282 body=0.00000 bowel=0.22723 femur=0.20148
2026-05-22 17:09:07 [INFO] Step 40/54 Loss=28.1182 mse=0.6500 v_opt=1.61100 v_mand=1.17769 ptv=0.2796 ptv_max=0.00053 ring=0.00058 smooth=0.1218 laplacian=0.4686 beam=0.85885 homogeneity=0.0255 body=0.00000 bowel=0.34551 femur=0.42724
2026-05-22 17:09:12 [INFO] Step 45/54 Loss=23.8599 mse=0.5334 v_opt=1.40707 v_mand=1.02850 ptv=0.3096 ptv_max=0.00009 ring=0.00076 smooth=0.0958 laplacian=0.3597 beam=0.84691 homogeneity=0.0284 body=0.00000 bowel=0.31878 femur=0.19319
2026-05-22 17:09:14 [INFO] Step 50/54 Loss=25.3454 mse=0.6166 v_opt=1.30651 v_mand=0.94464 ptv=0.2932 ptv_max=0.00027 ring=0.00184 smooth=0.1221 laplacian=0.4550 beam=0.84390 homogeneity=0.0270 body=0.00000 bowel=0.26459 femur=0.19126
2026-05-22 17:09:17 [INFO] Step 54/54 Loss=24.8031 mse=0.5414 v_opt=1.59075 v_mand=1.16183 ptv=0.3161 ptv_max=0.00013 ring=0.00173 smooth=0.0986 laplacian=0.3693 beam=0.77732 homogeneity=0.0285 body=0.00000 bowel=0.33762 femur=0.24117
2026-05-22 17:09:17 [INFO] Running validation at epoch 9...
2026-05-22 17:09:46 [INFO] Epoch 9 Summary: Train=23.7189 Val=0.0566 (MSE=0.0566)
          Metrics: PTV_D95=42.95Gy Bladder=50.09Gy Rectum=54.55Gy
          Metrics: Ring=50.05Gy Dmax=217.85Gy BG=52.70Gy
2026-05-22 17:09:46 [INFO] [PHYSICS] Saved best model val_loss=0.0566
2026-05-22 17:09:46 [INFO] Epoch 10/300 [RAMP 10/75 (13% of physics)] ramp=0.133 lr=9.98e-05
2026-05-22 17:09:53 [INFO] Step 5/54 Loss=28.1068 mse=0.6142 v_opt=1.53047 v_mand=1.12696 ptv=0.3106 ptv_max=0.00152 ring=0.00612 smooth=0.1189 laplacian=0.4473 beam=0.88949 homogeneity=0.0304 body=0.00000 bowel=0.31076 femur=0.29438
2026-05-22 17:09:56 [INFO] Step 10/54 Loss=24.6963 mse=0.5408 v_opt=1.35612 v_mand=0.97529 ptv=0.2994 ptv_max=0.00052 ring=0.00209 smooth=0.1069 laplacian=0.3948 beam=0.77421 homogeneity=0.0275 body=0.00000 bowel=0.28431 femur=0.29966
2026-05-22 17:09:58 [INFO] Step 15/54 Loss=24.3336 mse=0.5453 v_opt=1.33901 v_mand=0.96037 ptv=0.2919 ptv_max=0.00009 ring=0.00185 smooth=0.1045 laplacian=0.3814 beam=0.71624 homogeneity=0.0258 body=0.00000 bowel=0.26158 femur=0.22526
2026-05-22 17:10:01 [INFO] Step 20/54 Loss=20.3595 mse=0.3817 v_opt=1.45015 v_mand=1.06210 ptv=0.3791 ptv_max=0.00274 ring=0.00958 smooth=0.0765 laplacian=0.2723 beam=0.73938 homogeneity=0.0428 body=0.00000 bowel=0.00000 femur=0.00000
2026-05-22 17:10:07 [INFO] Step 25/54 Loss=20.9987 mse=0.4131 v_opt=1.38905 v_mand=0.99240 ptv=0.3222 ptv_max=0.00000 ring=0.00014 smooth=0.0742 laplacian=0.2587 beam=0.72228 homogeneity=0.0297 body=0.00000 bowel=0.23207 femur=0.09207
2026-05-22 17:10:10 [INFO] Step 30/54 Loss=21.7537 mse=0.4570 v_opt=1.30871 v_mand=0.93358 ptv=0.3594 ptv_max=0.00010 ring=0.00362 smooth=0.0839 laplacian=0.2988 beam=0.74614 homogeneity=0.0347 body=0.00000 bowel=0.11082 femur=0.19222
2026-05-22 17:10:12 [INFO] Step 35/54 Loss=26.9775 mse=0.6093 v_opt=1.35966 v_mand=0.97860 ptv=0.3339 ptv_max=0.00020 ring=0.00243 smooth=0.1044 laplacian=0.3845 beam=0.80665 homogeneity=0.0313 body=0.00000 bowel=0.29127 femur=0.58497
2026-05-22 17:10:15 [INFO] Step 40/54 Loss=24.5760 mse=0.5649 v_opt=1.23560 v_mand=0.88410 ptv=0.3430 ptv_max=0.00046 ring=0.00281 smooth=0.1092 laplacian=0.3963 beam=0.79243 homogeneity=0.0342 body=0.00000 bowel=0.23467 femur=0.20749
2026-05-22 17:10:20 [INFO] Step 45/54 Loss=24.1452 mse=0.5791 v_opt=1.13647 v_mand=0.80599 ptv=0.3226 ptv_max=0.00005 ring=0.00145 smooth=0.1279 laplacian=0.4752 beam=0.77431 homogeneity=0.0302 body=0.00000 bowel=0.10290 femur=0.26717
2026-05-22 17:10:23 [INFO] Step 50/54 Loss=20.5369 mse=0.4224 v_opt=1.21995 v_mand=0.86765 ptv=0.3435 ptv_max=0.00015 ring=0.00056 smooth=0.0747 laplacian=0.2708 beam=0.74459 homogeneity=0.0322 body=0.00000 bowel=0.20587 femur=0.17548
2026-05-22 17:10:26 [INFO] Step 54/54 Loss=23.5588 mse=0.5592 v_opt=1.12780 v_mand=0.80635 ptv=0.3013 ptv_max=0.00088 ring=0.00171 smooth=0.1035 laplacian=0.3806 beam=0.72447 homogeneity=0.0290 body=0.00000 bowel=0.24419 femur=0.17335
2026-05-22 17:10:26 [INFO] Running validation at epoch 10...
2026-05-22 17:10:55 [INFO] Epoch 10 Summary: Train=22.8257 Val=0.0554 (MSE=0.0554)
          Metrics: PTV_D95=42.72Gy Bladder=49.44Gy Rectum=55.11Gy
          Metrics: Ring=49.55Gy Dmax=251.54Gy BG=52.15Gy
2026-05-22 17:10:55 [INFO] [PHYSICS] Saved best model val_loss=0.0554
2026-05-22 17:10:55 [INFO] Epoch 11/300 [RAMP 11/75 (15% of physics)] ramp=0.147 lr=9.97e-05
2026-05-22 17:11:01 [INFO] Step 5/54 Loss=26.4988 mse=0.5782 v_opt=1.29162 v_mand=0.93043 ptv=0.3270 ptv_max=0.00029 ring=0.00168 smooth=0.0927 laplacian=0.3359 beam=0.81779 homogeneity=0.0311 body=0.00000 bowel=0.28211 femur=0.25951
2026-05-22 17:11:04 [INFO] Step 10/54 Loss=20.6011 mse=0.3795 v_opt=1.29468 v_mand=0.92555 ptv=0.3603 ptv_max=0.00033 ring=0.00405 smooth=0.0739 laplacian=0.2639 beam=0.72571 homogeneity=0.0354 body=0.00000 bowel=0.07507 femur=0.18280
2026-05-22 17:11:07 [INFO] Step 15/54 Loss=22.4861 mse=0.5026 v_opt=1.02420 v_mand=0.73420 ptv=0.2950 ptv_max=0.00024 ring=0.00279 smooth=0.0934 laplacian=0.3387 beam=0.70811 homogeneity=0.0268 body=0.00000 bowel=0.21388 femur=0.26255
2026-05-22 17:11:10 [INFO] Step 20/54 Loss=26.1415 mse=0.6137 v_opt=1.18383 v_mand=0.84090 ptv=0.2932 ptv_max=0.00019 ring=0.00216 smooth=0.1371 laplacian=0.5083 beam=0.75522 homogeneity=0.0262 body=0.00000 bowel=0.12652 femur=0.22437
2026-05-22 17:11:16 [INFO] Step 25/54 Loss=23.4740 mse=0.5032 v_opt=1.12650 v_mand=0.79477 ptv=0.2995 ptv_max=0.00060 ring=0.00249 smooth=0.1157 laplacian=0.4284 beam=0.86101 homogeneity=0.0289 body=0.00000 bowel=0.18914 femur=0.19642
2026-05-22 17:11:19 [INFO] Step 30/54 Loss=24.5209 mse=0.5673 v_opt=1.11745 v_mand=0.77825 ptv=0.3370 ptv_max=0.00010 ring=0.00221 smooth=0.1112 laplacian=0.4041 beam=0.74099 homogeneity=0.0329 body=0.00000 bowel=0.20345 femur=0.15631
2026-05-22 17:11:21 [INFO] Step 35/54 Loss=22.9366 mse=0.5156 v_opt=1.04812 v_mand=0.73157 ptv=0.3637 ptv_max=0.00025 ring=0.00166 smooth=0.0933 laplacian=0.3379 beam=0.75416 homogeneity=0.0368 body=0.00000 bowel=0.16613 femur=0.22589
2026-05-22 17:11:24 [INFO] Step 40/54 Loss=21.4717 mse=0.4675 v_opt=1.04918 v_mand=0.73481 ptv=0.3139 ptv_max=0.00074 ring=0.01074 smooth=0.0777 laplacian=0.2852 beam=0.73650 homogeneity=0.0303 body=0.00000 bowel=0.26275 femur=0.00000
2026-05-22 17:11:30 [INFO] Step 45/54 Loss=18.9861 mse=0.3962 v_opt=0.94383 v_mand=0.67245 ptv=0.3067 ptv_max=0.00045 ring=0.00812 smooth=0.0821 laplacian=0.2897 beam=0.68762 homogeneity=0.0289 body=0.00000 bowel=0.13077 femur=0.18922
2026-05-22 17:11:32 [INFO] Step 50/54 Loss=20.9424 mse=0.4500 v_opt=1.02118 v_mand=0.71406 ptv=0.3080 ptv_max=0.00031 ring=0.00632 smooth=0.0863 laplacian=0.3114 beam=0.77370 homogeneity=0.0297 body=0.00000 bowel=0.14007 femur=0.14381
2026-05-22 17:11:35 [INFO] Step 54/54 Loss=7.3824 mse=0.1689 v_opt=0.00000 v_mand=0.00000 ptv=0.0000 ptv_max=0.00000 ring=0.00000 smooth=0.0412 laplacian=0.1405 beam=0.70023 homogeneity=0.0000 body=0.00000 bowel=0.21976 femur=0.00000
2026-05-22 17:11:35 [INFO] Running validation at epoch 11...
2026-05-22 17:12:04 [INFO] Epoch 11 Summary: Train=21.9698 Val=0.0551 (MSE=0.0551)
          Metrics: PTV_D95=41.90Gy Bladder=47.64Gy Rectum=58.16Gy
          Metrics: Ring=49.07Gy Dmax=320.39Gy BG=51.72Gy
2026-05-22 17:12:04 [INFO] [PHYSICS] Saved best model val_loss=0.0551
2026-05-22 17:12:04 [INFO] Epoch 12/300 [RAMP 12/75 (16% of physics)] ramp=0.160 lr=9.97e-05
2026-05-22 17:12:09 [INFO] Step 5/54 Loss=22.6775 mse=0.4476 v_opt=1.17316 v_mand=0.82238 ptv=0.3280 ptv_max=0.00034 ring=0.00150 smooth=0.0789 laplacian=0.2822 beam=0.71052 homogeneity=0.0312 body=0.00000 bowel=0.17090 femur=0.25367
2026-05-22 17:12:13 [INFO] Step 10/54 Loss=22.8831 mse=0.4951 v_opt=1.13455 v_mand=0.79791 ptv=0.2893 ptv_max=0.00095 ring=0.01586 smooth=0.1064 laplacian=0.3800 beam=0.70412 homogeneity=0.0304 body=0.00000 bowel=0.00000 femur=0.00000
2026-05-22 17:12:16 [INFO] Step 15/54 Loss=23.7385 mse=0.5313 v_opt=1.02654 v_mand=0.71331 ptv=0.3442 ptv_max=0.00013 ring=0.00294 smooth=0.1113 laplacian=0.3854 beam=0.72899 homogeneity=0.0347 body=0.00000 bowel=0.09764 femur=0.17022
2026-05-22 17:12:19 [INFO] Step 20/54 Loss=21.3678 mse=0.4320 v_opt=0.98867 v_mand=0.66844 ptv=0.3254 ptv_max=0.00047 ring=0.00133 smooth=0.0661 laplacian=0.2356 beam=0.86487 homogeneity=0.0315 body=0.00000 bowel=0.16624 femur=0.13108
2026-05-22 17:12:24 [INFO] Step 25/54 Loss=24.0620 mse=0.5533 v_opt=0.93117 v_mand=0.63755 ptv=0.3435 ptv_max=0.00013 ring=0.00364 smooth=0.1165 laplacian=0.4192 beam=0.78931 homogeneity=0.0334 body=0.00000 bowel=0.17401 femur=0.14630
2026-05-22 17:12:28 [INFO] Step 30/54 Loss=19.1257 mse=0.3462 v_opt=1.05564 v_mand=0.73121 ptv=0.3988 ptv_max=0.00011 ring=0.00262 smooth=0.0489 laplacian=0.1593 beam=0.71901 homogeneity=0.0409 body=0.00000 bowel=0.16315 femur=0.06343
2026-05-22 17:12:30 [INFO] Step 35/54 Loss=20.4695 mse=0.4248 v_opt=0.90677 v_mand=0.63362 ptv=0.3463 ptv_max=0.00030 ring=0.00199 smooth=0.0762 laplacian=0.2686 beam=0.72226 homogeneity=0.0344 body=0.00000 bowel=0.16874 femur=0.18373
2026-05-22 17:12:33 [INFO] Step 40/54 Loss=17.2541 mse=0.3169 v_opt=0.93440 v_mand=0.64074 ptv=0.3768 ptv_max=0.00024 ring=0.00421 smooth=0.0640 laplacian=0.2227 beam=0.69922 homogeneity=0.0389 body=0.00000 bowel=0.01774 femur=0.08447
2026-05-22 17:12:37 [INFO] Step 45/54 Loss=24.6833 mse=0.6248 v_opt=0.65851 v_mand=0.44011 ptv=0.3077 ptv_max=0.00095 ring=0.00497 smooth=0.1078 laplacian=0.3856 beam=0.87672 homogeneity=0.0311 body=0.00000 bowel=0.33065 femur=0.04905
2026-05-22 17:12:41 [INFO] Step 50/54 Loss=23.5045 mse=0.5792 v_opt=0.76398 v_mand=0.52142 ptv=0.2434 ptv_max=0.00100 ring=0.00402 smooth=0.1271 laplacian=0.4497 beam=0.71716 homogeneity=0.0246 body=0.00000 bowel=0.22438 femur=0.20032
2026-05-22 17:12:43 [INFO] Step 54/54 Loss=15.0622 mse=0.2980 v_opt=0.63351 v_mand=0.39491 ptv=0.3677 ptv_max=0.00027 ring=0.00081 smooth=0.0329 laplacian=0.1082 beam=0.76599 homogeneity=0.0365 body=0.00000 bowel=0.14762 femur=0.01578
2026-05-22 17:12:43 [INFO] Running validation at epoch 12...
2026-05-22 17:13:12 [INFO] Epoch 12 Summary: Train=22.1381 Val=0.0521 (MSE=0.0521)
          Metrics: PTV_D95=41.90Gy Bladder=46.49Gy Rectum=51.58Gy
          Metrics: Ring=48.06Gy Dmax=269.44Gy BG=50.77Gy
2026-05-22 17:13:12 [INFO] [PHYSICS] Saved best model val_loss=0.0521
2026-05-22 17:13:12 [INFO] Epoch 13/300 [RAMP 13/75 (17% of physics)] ramp=0.173 lr=9.96e-05
2026-05-22 17:13:18 [INFO] Step 5/54 Loss=23.9371 mse=0.5464 v_opt=0.85024 v_mand=0.58951 ptv=0.2763 ptv_max=0.00056 ring=0.00779 smooth=0.1235 laplacian=0.4474 beam=0.72177 homogeneity=0.0261 body=0.00000 bowel=0.15815 femur=0.18549
2026-05-22 17:13:21 [INFO] Step 10/54 Loss=19.7244 mse=0.4052 v_opt=0.82731 v_mand=0.55869 ptv=0.3414 ptv_max=0.00005 ring=0.00174 smooth=0.0616 laplacian=0.2088 beam=0.71747 homogeneity=0.0322 body=0.00000 bowel=0.12737 femur=0.07181
2026-05-22 17:13:24 [INFO] Step 15/54 Loss=18.4142 mse=0.3665 v_opt=0.77495 v_mand=0.53412 ptv=0.2991 ptv_max=0.00013 ring=0.00265 smooth=0.0724 laplacian=0.2531 beam=0.69761 homogeneity=0.0275 body=0.00000 bowel=0.10737 femur=0.11337
2026-05-22 17:13:28 [INFO] Step 20/54 Loss=23.5502 mse=0.4783 v_opt=1.04364 v_mand=0.71497 ptv=0.3355 ptv_max=0.00039 ring=0.00384 smooth=0.0699 laplacian=0.2427 beam=0.76211 homogeneity=0.0327 body=0.00000 bowel=0.16842 femur=0.20521
2026-05-22 17:13:31 [INFO] Step 25/54 Loss=19.7667 mse=0.4266 v_opt=0.82201 v_mand=0.56668 ptv=0.2401 ptv_max=0.00436 ring=0.01409 smooth=0.0654 laplacian=0.2314 beam=0.69574 homogeneity=0.0324 body=0.00000 bowel=0.00000 femur=0.00000
2026-05-22 17:13:34 [INFO] Step 30/54 Loss=20.7474 mse=0.4368 v_opt=0.91624 v_mand=0.62368 ptv=0.3053 ptv_max=0.00041 ring=0.00993 smooth=0.0766 laplacian=0.2580 beam=0.73812 homogeneity=0.0296 body=0.00000 bowel=0.00000 femur=0.00000
2026-05-22 17:13:38 [INFO] Step 35/54 Loss=21.9321 mse=0.4498 v_opt=0.90904 v_mand=0.64144 ptv=0.3250 ptv_max=0.00350 ring=0.01292 smooth=0.0710 laplacian=0.2467 beam=0.71226 homogeneity=0.0352 body=0.00000 bowel=0.19992 femur=0.09887
2026-05-22 17:13:41 [INFO] Step 40/54 Loss=21.3247 mse=0.4609 v_opt=0.88114 v_mand=0.57919 ptv=0.3018 ptv_max=0.00030 ring=0.00153 smooth=0.0667 laplacian=0.2168 beam=0.71074 homogeneity=0.0293 body=0.00000 bowel=0.16047 femur=0.08295
2026-05-22 17:13:45 [INFO] Step 45/54 Loss=20.3400 mse=0.4460 v_opt=0.77503 v_mand=0.52627 ptv=0.3295 ptv_max=0.00076 ring=0.00956 smooth=0.0872 laplacian=0.2968 beam=0.70936 homogeneity=0.0347 body=0.00000 bowel=0.04037 femur=0.09938
2026-05-22 17:13:48 [INFO] Step 50/54 Loss=19.8999 mse=0.4382 v_opt=0.72932 v_mand=0.50208 ptv=0.2440 ptv_max=0.00045 ring=0.00389 smooth=0.0807 laplacian=0.2793 beam=0.68371 homogeneity=0.0226 body=0.00000 bowel=0.12052 femur=0.16541
2026-05-22 17:13:50 [INFO] Step 54/54 Loss=21.9116 mse=0.4892 v_opt=0.91252 v_mand=0.62651 ptv=0.2836 ptv_max=0.00030 ring=0.00298 smooth=0.0786 laplacian=0.2787 beam=0.71001 homogeneity=0.0279 body=0.00000 bowel=0.00000 femur=0.00000
2026-05-22 17:13:50 [INFO] Running validation at epoch 13...
2026-05-22 17:14:19 [INFO] Epoch 13 Summary: Train=21.7577 Val=0.0520 (MSE=0.0520)
          Metrics: PTV_D95=41.89Gy Bladder=44.78Gy Rectum=49.97Gy
          Metrics: Ring=47.57Gy Dmax=273.58Gy BG=50.58Gy
2026-05-22 17:14:19 [INFO] [PHYSICS] Saved best model val_loss=0.0520
2026-05-22 17:14:19 [INFO] Epoch 14/300 [RAMP 14/75 (19% of physics)] ramp=0.187 lr=9.95e-05
2026-05-22 17:14:25 [INFO] Step 5/54 Loss=26.0719 mse=0.6156 v_opt=0.78410 v_mand=0.51377 ptv=0.2385 ptv_max=0.00115 ring=0.00208 smooth=0.1051 laplacian=0.3764 beam=0.73351 homogeneity=0.0234 body=0.00000 bowel=0.30956 femur=0.19442
2026-05-22 17:14:29 [INFO] Step 10/54 Loss=26.5415 mse=0.6044 v_opt=0.78935 v_mand=0.51952 ptv=0.2877 ptv_max=0.00058 ring=0.00179 smooth=0.1000 laplacian=0.3583 beam=0.85867 homogeneity=0.0286 body=0.00000 bowel=0.25483 femur=0.29480
2026-05-22 17:14:32 [INFO] Step 15/54 Loss=22.2228 mse=0.4996 v_opt=0.81674 v_mand=0.55784 ptv=0.2370 ptv_max=0.00151 ring=0.01733 smooth=0.0960 laplacian=0.3404 beam=0.69723 homogeneity=0.0268 body=0.00000 bowel=0.00000 femur=0.00000
2026-05-22 17:14:35 [INFO] Step 20/54 Loss=19.9719 mse=0.4145 v_opt=0.74623 v_mand=0.49530 ptv=0.2182 ptv_max=0.00222 ring=0.00237 smooth=0.0897 laplacian=0.3015 beam=0.69851 homogeneity=0.0252 body=0.00000 bowel=0.10583 femur=0.15186
2026-05-22 17:14:38 [INFO] Step 25/54 Loss=20.6250 mse=0.3653 v_opt=0.94774 v_mand=0.66118 ptv=0.2880 ptv_max=0.00016 ring=0.00140 smooth=0.0509 laplacian=0.1764 beam=0.69582 homogeneity=0.0252 body=0.00000 bowel=0.23300 femur=0.13590
2026-05-22 17:14:43 [INFO] Step 30/54 Loss=17.3037 mse=0.2751 v_opt=0.88871 v_mand=0.58578 ptv=0.3535 ptv_max=0.00008 ring=0.00084 smooth=0.0254 laplacian=0.0808 beam=0.66473 homogeneity=0.0350 body=0.00000 bowel=0.19212 femur=0.05963
2026-05-22 17:14:46 [INFO] Step 35/54 Loss=20.6569 mse=0.4191 v_opt=0.81785 v_mand=0.53068 ptv=0.2988 ptv_max=0.00011 ring=0.00271 smooth=0.0606 laplacian=0.2080 beam=0.72903 homogeneity=0.0275 body=0.00000 bowel=0.18094 femur=0.07258
2026-05-22 17:14:49 [INFO] Step 40/54 Loss=15.8767 mse=0.4172 v_opt=0.00000 v_mand=0.00000 ptv=0.4947 ptv_max=0.00000 ring=0.00000 smooth=0.0594 laplacian=0.1866 beam=0.73582 homogeneity=0.0579 body=0.00000 bowel=0.24554 femur=0.00000
2026-05-22 17:14:52 [INFO] Step 45/54 Loss=22.5796 mse=0.5292 v_opt=0.59631 v_mand=0.41990 ptv=0.3035 ptv_max=0.00005 ring=0.00111 smooth=0.0772 laplacian=0.2603 beam=0.75780 homogeneity=0.0286 body=0.00000 bowel=0.21989 femur=0.06408
2026-05-22 17:14:56 [INFO] Step 50/54 Loss=21.7907 mse=0.5410 v_opt=0.52832 v_mand=0.32343 ptv=0.2677 ptv_max=0.00036 ring=0.00144 smooth=0.0747 laplacian=0.2596 beam=0.75523 homogeneity=0.0253 body=0.00000 bowel=0.18404 femur=0.07853
2026-05-22 17:14:59 [INFO] Step 54/54 Loss=23.2361 mse=0.4708 v_opt=0.98995 v_mand=0.66573 ptv=0.2475 ptv_max=0.00051 ring=0.00112 smooth=0.0777 laplacian=0.2757 beam=0.71941 homogeneity=0.0229 body=0.00000 bowel=0.15473 femur=0.13664
2026-05-22 17:14:59 [INFO] Running validation at epoch 14...
2026-05-22 17:15:28 [INFO] Epoch 14 Summary: Train=20.8831 Val=0.0527 (MSE=0.0527)
          Metrics: PTV_D95=41.60Gy Bladder=43.00Gy Rectum=48.93Gy
          Metrics: Ring=47.82Gy Dmax=294.28Gy BG=50.55Gy
2026-05-22 17:15:28 [INFO] Epoch 15/300 [RAMP 15/75 (20% of physics)] ramp=0.200 lr=9.95e-05
2026-05-22 17:15:34 [INFO] Step 5/54 Loss=27.5017 mse=0.6503 v_opt=0.63388 v_mand=0.42520 ptv=0.2528 ptv_max=0.00196 ring=0.00095 smooth=0.0912 laplacian=0.3254 beam=0.92476 homogeneity=0.0285 body=0.00000 bowel=0.20640 femur=0.23523
2026-05-22 17:15:37 [INFO] Step 10/54 Loss=26.5021 mse=0.6107 v_opt=0.67796 v_mand=0.46570 ptv=0.2139 ptv_max=0.00207 ring=0.00385 smooth=0.1035 laplacian=0.3703 beam=0.84743 homogeneity=0.0238 body=0.00000 bowel=0.24715 femur=0.17056
2026-05-22 17:15:40 [INFO] Step 15/54 Loss=23.0827 mse=0.5066 v_opt=0.72703 v_mand=0.46196 ptv=0.2822 ptv_max=0.00010 ring=0.00075 smooth=0.0612 laplacian=0.2127 beam=0.77867 homogeneity=0.0262 body=0.00000 bowel=0.19074 femur=0.07140
2026-05-22 17:15:43 [INFO] Step 20/54 Loss=21.6207 mse=0.4831 v_opt=0.65962 v_mand=0.42000 ptv=0.2217 ptv_max=0.00071 ring=0.00077 smooth=0.0832 laplacian=0.2955 beam=0.72026 homogeneity=0.0210 body=0.00000 bowel=0.14889 femur=0.08411
2026-05-22 17:15:48 [INFO] Step 25/54 Loss=16.7858 mse=0.2702 v_opt=0.80060 v_mand=0.51867 ptv=0.3269 ptv_max=0.00096 ring=0.00372 smooth=0.0389 laplacian=0.1288 beam=0.65333 homogeneity=0.0334 body=0.00000 bowel=0.06607 femur=0.04756
2026-05-22 17:15:52 [INFO] Step 30/54 Loss=19.4578 mse=0.4005 v_opt=0.69501 v_mand=0.43406 ptv=0.3424 ptv_max=0.00043 ring=0.00018 smooth=0.0558 laplacian=0.1830 beam=0.70545 homogeneity=0.0378 body=0.00000 bowel=0.05941 femur=0.03923
2026-05-22 17:15:54 [INFO] Step 35/54 Loss=24.7921 mse=0.6049 v_opt=0.58698 v_mand=0.36569 ptv=0.2736 ptv_max=0.00071 ring=0.00025 smooth=0.0920 laplacian=0.3263 beam=0.76724 homogeneity=0.0276 body=0.00000 bowel=0.27936 femur=0.03944
2026-05-22 17:15:57 [INFO] Step 40/54 Loss=22.3593 mse=0.5374 v_opt=0.62193 v_mand=0.39893 ptv=0.2919 ptv_max=0.00277 ring=0.00216 smooth=0.0806 laplacian=0.2788 beam=0.71558 homogeneity=0.0353 body=0.00000 bowel=0.00000 femur=0.00000
2026-05-22 17:16:02 [INFO] Step 45/54 Loss=18.2159 mse=0.3850 v_opt=0.59380 v_mand=0.36218 ptv=0.1996 ptv_max=0.00046 ring=0.00081 smooth=0.0552 laplacian=0.1860 beam=0.68577 homogeneity=0.0175 body=0.00000 bowel=0.13965 femur=0.10045
2026-05-22 17:16:06 [INFO] Step 50/54 Loss=22.2574 mse=0.3964 v_opt=1.02826 v_mand=0.70941 ptv=0.1920 ptv_max=0.00112 ring=0.00344 smooth=0.0485 laplacian=0.1647 beam=0.67724 homogeneity=0.0178 body=0.00000 bowel=0.16911 femur=0.13714
2026-05-22 17:16:08 [INFO] Step 54/54 Loss=19.9026 mse=0.5603 v_opt=0.62345 v_mand=0.40032 ptv=0.1502 ptv_max=0.00268 ring=0.00116 smooth=0.0925 laplacian=0.3271 beam=0.00000 homogeneity=0.0172 body=0.00000 bowel=0.19961 femur=0.12274
2026-05-22 17:16:08 [INFO] Running validation at epoch 15...
2026-05-22 17:16:37 [INFO] Epoch 15 Summary: Train=21.2039 Val=0.0500 (MSE=0.0500)
          Metrics: PTV_D95=42.15Gy Bladder=41.16Gy Rectum=48.85Gy
          Metrics: Ring=47.68Gy Dmax=285.41Gy BG=49.76Gy
2026-05-22 17:16:37 [INFO] [PHYSICS] Saved best model val_loss=0.0500
2026-05-22 17:16:37 [INFO] Epoch 16/300 [RAMP 16/75 (21% of physics)] ramp=0.213 lr=9.94e-05
2026-05-22 17:16:43 [INFO] Step 5/54 Loss=22.5793 mse=0.5507 v_opt=0.48679 v_mand=0.29773 ptv=0.1971 ptv_max=0.00096 ring=0.00857 smooth=0.0941 laplacian=0.3336 beam=0.67416 homogeneity=0.0184 body=0.00000 bowel=0.17722 femur=0.15644
2026-05-22 17:16:46 [INFO] Step 10/54 Loss=20.8816 mse=0.4527 v_opt=0.60665 v_mand=0.35875 ptv=0.2824 ptv_max=0.00071 ring=0.00166 smooth=0.0677 laplacian=0.2302 beam=0.72149 homogeneity=0.0301 body=0.00000 bowel=0.10801 femur=0.12453
2026-05-22 17:16:49 [INFO] Step 15/54 Loss=22.4467 mse=0.5354 v_opt=0.58417 v_mand=0.34819 ptv=0.2051 ptv_max=0.00097 ring=0.00130 smooth=0.0778 laplacian=0.2713 beam=0.71551 homogeneity=0.0205 body=0.00000 bowel=0.00000 femur=0.19539
2026-05-22 17:16:52 [INFO] Step 20/54 Loss=16.1269 mse=0.3451 v_opt=0.43473 v_mand=0.25004 ptv=0.2505 ptv_max=0.00098 ring=0.00035 smooth=0.0444 laplacian=0.1470 beam=0.63587 homogeneity=0.0242 body=0.00000 bowel=0.11094 femur=0.03031
2026-05-22 17:16:58 [INFO] Step 25/54 Loss=20.3070 mse=0.3614 v_opt=0.86717 v_mand=0.56371 ptv=0.2404 ptv_max=0.00041 ring=0.00018 smooth=0.0587 laplacian=0.1875 beam=0.68433 homogeneity=0.0215 body=0.00000 bowel=0.09513 femur=0.04875
2026-05-22 17:17:01 [INFO] Step 30/54 Loss=24.9309 mse=0.6247 v_opt=0.57850 v_mand=0.36241 ptv=0.1083 ptv_max=0.01745 ring=0.00213 smooth=0.0829 laplacian=0.2947 beam=0.73490 homogeneity=0.0360 body=0.00000 bowel=0.00000 femur=0.00000
2026-05-22 17:17:04 [INFO] Step 35/54 Loss=21.4935 mse=0.5004 v_opt=0.45445 v_mand=0.26583 ptv=0.2503 ptv_max=0.00050 ring=0.00042 smooth=0.0810 laplacian=0.2911 beam=0.78990 homogeneity=0.0247 body=0.00000 bowel=0.18413 femur=0.07819
2026-05-22 17:17:07 [INFO] Step 40/54 Loss=21.0964 mse=0.5090 v_opt=0.47685 v_mand=0.27206 ptv=0.2036 ptv_max=0.00071 ring=0.00048 smooth=0.0570 laplacian=0.1870 beam=0.70898 homogeneity=0.0199 body=0.00000 bowel=0.16837 femur=0.08986
2026-05-22 17:17:12 [INFO] Step 45/54 Loss=22.6898 mse=0.5544 v_opt=0.40800 v_mand=0.23950 ptv=0.2438 ptv_max=0.00062 ring=0.00034 smooth=0.0837 laplacian=0.2845 beam=0.78587 homogeneity=0.0247 body=0.00000 bowel=0.26026 femur=0.05181
2026-05-22 17:17:15 [INFO] Step 50/54 Loss=16.5518 mse=0.3420 v_opt=0.46627 v_mand=0.26682 ptv=0.3097 ptv_max=0.00026 ring=0.00031 smooth=0.0373 laplacian=0.1215 beam=0.70580 homogeneity=0.0320 body=0.00000 bowel=0.06420 femur=0.02041
2026-05-22 17:17:17 [INFO] Step 54/54 Loss=20.8773 mse=0.4085 v_opt=0.77792 v_mand=0.49713 ptv=0.1274 ptv_max=0.00344 ring=0.00046 smooth=0.0626 laplacian=0.2100 beam=0.64274 homogeneity=0.0172 body=0.00000 bowel=0.17993 femur=0.15641
2026-05-22 17:17:17 [INFO] Running validation at epoch 16...
2026-05-22 17:17:46 [INFO] Epoch 16 Summary: Train=20.7580 Val=0.0492 (MSE=0.0492)
          Metrics: PTV_D95=41.85Gy Bladder=40.13Gy Rectum=42.29Gy
          Metrics: Ring=48.07Gy Dmax=238.70Gy BG=49.30Gy
2026-05-22 17:17:46 [INFO] [PHYSICS] Saved best model val_loss=0.0492
2026-05-22 17:17:46 [INFO] Epoch 17/300 [RAMP 17/75 (23% of physics)] ramp=0.227 lr=9.93e-05
2026-05-22 17:17:52 [INFO] Step 5/54 Loss=19.3602 mse=0.3578 v_opt=0.69946 v_mand=0.43745 ptv=0.2771 ptv_max=0.00036 ring=0.00010 smooth=0.0407 laplacian=0.1400 beam=0.65997 homogeneity=0.0266 body=0.00000 bowel=0.09381 femur=0.06684
2026-05-22 17:17:55 [INFO] Step 10/54 Loss=19.6517 mse=0.3292 v_opt=0.77891 v_mand=0.50924 ptv=0.1360 ptv_max=0.00087 ring=0.00048 smooth=0.0438 laplacian=0.1426 beam=0.63607 homogeneity=0.0111 body=0.00000 bowel=0.25188 femur=0.12170
2026-05-22 17:17:58 [INFO] Step 15/54 Loss=22.7538 mse=0.5919 v_opt=0.32521 v_mand=0.16419 ptv=0.1436 ptv_max=0.00217 ring=0.00109 smooth=0.0823 laplacian=0.2921 beam=0.72264 homogeneity=0.0169 body=0.00000 bowel=0.20075 femur=0.15007
2026-05-22 17:18:01 [INFO] Step 20/54 Loss=19.8948 mse=0.4559 v_opt=0.52036 v_mand=0.29988 ptv=0.1759 ptv_max=0.00052 ring=0.00069 smooth=0.0641 laplacian=0.2194 beam=0.69027 homogeneity=0.0157 body=0.00000 bowel=0.00000 femur=0.08716
2026-05-22 17:18:06 [INFO] Step 25/54 Loss=22.6726 mse=0.5518 v_opt=0.45745 v_mand=0.25102 ptv=0.1601 ptv_max=0.00200 ring=0.00065 smooth=0.0627 laplacian=0.2125 beam=0.73027 homogeneity=0.0181 body=0.00000 bowel=0.22607 femur=0.06531
2026-05-22 17:18:09 [INFO] Step 30/54 Loss=18.8922 mse=0.4464 v_opt=0.41779 v_mand=0.21864 ptv=0.1875 ptv_max=0.00125 ring=0.00100 smooth=0.0605 laplacian=0.2008 beam=0.64952 homogeneity=0.0193 body=0.00000 bowel=0.12397 femur=0.07190
2026-05-22 17:18:12 [INFO] Step 35/54 Loss=22.0112 mse=0.5203 v_opt=0.54387 v_mand=0.32647 ptv=0.1424 ptv_max=0.00496 ring=0.00033 smooth=0.1037 laplacian=0.3488 beam=0.71416 homogeneity=0.0221 body=0.00000 bowel=0.00000 femur=0.00000
2026-05-22 17:18:15 [INFO] Step 40/54 Loss=15.3183 mse=0.2947 v_opt=0.45130 v_mand=0.24825 ptv=0.1481 ptv_max=0.00200 ring=0.00109 smooth=0.0380 laplacian=0.1282 beam=0.67434 homogeneity=0.0168 body=0.00000 bowel=0.11040 femur=0.04313
2026-05-22 17:18:20 [INFO] Step 45/54 Loss=20.3658 mse=0.5191 v_opt=0.30360 v_mand=0.15086 ptv=0.1964 ptv_max=0.00218 ring=0.00082 smooth=0.0604 laplacian=0.2086 beam=0.70138 homogeneity=0.0241 body=0.00000 bowel=0.14951 femur=0.07801
2026-05-22 17:18:23 [INFO] Step 50/54 Loss=12.7821 mse=0.2805 v_opt=0.19323 v_mand=0.07916 ptv=0.1468 ptv_max=0.00264 ring=0.00062 smooth=0.0462 laplacian=0.1526 beam=0.65024 homogeneity=0.0196 body=0.00000 bowel=0.08845 femur=0.04469
2026-05-22 17:18:26 [INFO] Step 54/54 Loss=21.0736 mse=0.4852 v_opt=0.47579 v_mand=0.28628 ptv=0.1443 ptv_max=0.00557 ring=0.00112 smooth=0.0532 laplacian=0.1801 beam=0.68170 homogeneity=0.0238 body=0.00000 bowel=0.19960 femur=0.04299
2026-05-22 17:18:26 [INFO] Running validation at epoch 17...
2026-05-22 17:18:55 [INFO] Epoch 17 Summary: Train=19.8231 Val=0.0475 (MSE=0.0475)
          Metrics: PTV_D95=42.85Gy Bladder=37.72Gy Rectum=39.91Gy
          Metrics: Ring=47.87Gy Dmax=227.61Gy BG=48.63Gy
2026-05-22 17:18:55 [INFO] [PHYSICS] Saved best model val_loss=0.0475
2026-05-22 17:18:55 [INFO] [CLINICAL] Saved best model Score=98.568 PTV_D95=42.85Gy Bladder=37.72Gy Rectum=39.91Gy
2026-05-22 17:18:55 [INFO] Epoch 18/300 [RAMP 18/75 (24% of physics)] ramp=0.240 lr=9.92e-05
2026-05-22 17:19:01 [INFO] Step 5/54 Loss=24.2648 mse=0.5572 v_opt=0.55385 v_mand=0.32279 ptv=0.1649 ptv_max=0.00115 ring=0.00030 smooth=0.0570 laplacian=0.1915 beam=0.72876 homogeneity=0.0171 body=0.00000 bowel=0.18394 femur=0.16487
2026-05-22 17:19:04 [INFO] Step 10/54 Loss=20.6645 mse=0.5317 v_opt=0.22880 v_mand=0.10574 ptv=0.1816 ptv_max=0.00055 ring=0.00026 smooth=0.0573 laplacian=0.1941 beam=0.72808 homogeneity=0.0170 body=0.00000 bowel=0.19041 femur=0.06419
2026-05-22 17:19:07 [INFO] Step 15/54 Loss=20.0359 mse=0.4151 v_opt=0.45299 v_mand=0.30448 ptv=0.2013 ptv_max=0.00075 ring=0.00089 smooth=0.0546 laplacian=0.1794 beam=0.68710 homogeneity=0.0179 body=0.00000 bowel=0.16225 femur=0.10530
2026-05-22 17:19:10 [INFO] Step 20/54 Loss=14.4110 mse=0.2891 v_opt=0.25522 v_mand=0.10291 ptv=0.4610 ptv_max=0.00003 ring=0.00001 smooth=0.0363 laplacian=0.1031 beam=0.65819 homogeneity=0.0552 body=0.00000 bowel=0.09741 femur=0.00947
2026-05-22 17:19:16 [INFO] Step 25/54 Loss=19.9271 mse=0.4797 v_opt=0.33643 v_mand=0.17886 ptv=0.1841 ptv_max=0.00051 ring=0.00018 smooth=0.0511 laplacian=0.1706 beam=0.70859 homogeneity=0.0169 body=0.00000 bowel=0.13167 femur=0.05919
2026-05-22 17:19:18 [INFO] Step 30/54 Loss=20.2175 mse=0.4653 v_opt=0.36753 v_mand=0.20710 ptv=0.2318 ptv_max=0.00143 ring=0.00079 smooth=0.1231 laplacian=0.4291 beam=0.73135 homogeneity=0.0253 body=0.00000 bowel=0.04419 femur=0.04122
2026-05-22 17:19:21 [INFO] Step 35/54 Loss=19.4686 mse=0.3641 v_opt=0.61581 v_mand=0.36741 ptv=0.1784 ptv_max=0.00065 ring=0.00026 smooth=0.0484 laplacian=0.1697 beam=0.70871 homogeneity=0.0151 body=0.00000 bowel=0.16724 femur=0.02783
2026-05-22 17:19:24 [INFO] Step 40/54 Loss=19.1669 mse=0.3967 v_opt=0.49193 v_mand=0.26707 ptv=0.2084 ptv_max=0.00096 ring=0.00034 smooth=0.0450 laplacian=0.1526 beam=0.73323 homogeneity=0.0198 body=0.00000 bowel=0.12138 femur=0.06174
2026-05-22 17:19:29 [INFO] Step 45/54 Loss=12.5769 mse=0.1743 v_opt=0.44034 v_mand=0.24914 ptv=0.2170 ptv_max=0.00081 ring=0.00012 smooth=0.0248 laplacian=0.0794 beam=0.61177 homogeneity=0.0207 body=0.00000 bowel=0.11873 femur=0.07092
2026-05-22 17:19:32 [INFO] Step 50/54 Loss=20.9798 mse=0.5329 v_opt=0.27403 v_mand=0.13896 ptv=0.1256 ptv_max=0.00450 ring=0.00079 smooth=0.0551 laplacian=0.1830 beam=0.68759 homogeneity=0.0191 body=0.00000 bowel=0.20352 femur=0.08768
2026-05-22 17:19:34 [INFO] Step 54/54 Loss=21.0158 mse=0.5491 v_opt=0.23431 v_mand=0.10696 ptv=0.1892 ptv_max=0.00377 ring=0.00044 smooth=0.0582 laplacian=0.1885 beam=0.73101 homogeneity=0.0270 body=0.00000 bowel=0.09379 femur=0.08671
2026-05-22 17:19:34 [INFO] Running validation at epoch 18...
2026-05-22 17:20:03 [INFO] Epoch 18 Summary: Train=19.2187 Val=0.0473 (MSE=0.0473)
          Metrics: PTV_D95=41.63Gy Bladder=35.51Gy Rectum=40.65Gy
          Metrics: Ring=48.39Gy Dmax=240.48Gy BG=48.62Gy
2026-05-22 17:20:03 [INFO] [PHYSICS] Saved best model val_loss=0.0473
2026-05-22 17:20:03 [INFO] Epoch 19/300 [RAMP 19/75 (25% of physics)] ramp=0.253 lr=9.91e-05
2026-05-22 17:20:10 [INFO] Step 5/54 Loss=16.6766 mse=0.3278 v_opt=0.44617 v_mand=0.25575 ptv=0.2016 ptv_max=0.00190 ring=0.00658 smooth=0.0385 laplacian=0.1216 beam=0.65081 homogeneity=0.0241 body=0.00000 bowel=0.00000 femur=0.00000
2026-05-22 17:20:13 [INFO] Step 10/54 Loss=22.3503 mse=0.5882 v_opt=0.17435 v_mand=0.06658 ptv=0.1663 ptv_max=0.00153 ring=0.00043 smooth=0.0625 laplacian=0.2189 beam=0.76947 homogeneity=0.0173 body=0.00000 bowel=0.23269 femur=0.03761
2026-05-22 17:20:16 [INFO] Step 15/54 Loss=15.9673 mse=0.3026 v_opt=0.41259 v_mand=0.23684 ptv=0.2886 ptv_max=0.00007 ring=0.00004 smooth=0.0233 laplacian=0.0731 beam=0.63957 homogeneity=0.0288 body=0.00000 bowel=0.03827 femur=0.00785
2026-05-22 17:20:18 [INFO] Step 20/54 Loss=15.0906 mse=0.2906 v_opt=0.38040 v_mand=0.20311 ptv=0.1457 ptv_max=0.00051 ring=0.00061 smooth=0.0405 laplacian=0.1295 beam=0.61642 homogeneity=0.0119 body=0.00000 bowel=0.12327 femur=0.02464
2026-05-22 17:20:24 [INFO] Step 25/54 Loss=19.3289 mse=0.4790 v_opt=0.30913 v_mand=0.13846 ptv=0.2186 ptv_max=0.00132 ring=0.00016 smooth=0.0502 laplacian=0.1538 beam=0.70255 homogeneity=0.0254 body=0.00000 bowel=0.00161 femur=0.01891
2026-05-22 17:20:27 [INFO] Step 30/54 Loss=10.8611 mse=0.1808 v_opt=0.21415 v_mand=0.08750 ptv=0.2080 ptv_max=0.00586 ring=0.00015 smooth=0.0168 laplacian=0.0522 beam=0.65143 homogeneity=0.0352 body=0.00000 bowel=0.00000 femur=0.00000
2026-05-22 17:20:30 [INFO] Step 35/54 Loss=17.6320 mse=0.3611 v_opt=0.38739 v_mand=0.21465 ptv=0.1946 ptv_max=0.00036 ring=0.00010 smooth=0.0332 laplacian=0.1034 beam=0.67049 homogeneity=0.0180 body=0.00000 bowel=0.15267 femur=0.04971
2026-05-22 17:20:33 [INFO] Step 40/54 Loss=18.5204 mse=0.3899 v_opt=0.41480 v_mand=0.25102 ptv=0.1968 ptv_max=0.00220 ring=0.00025 smooth=0.0457 laplacian=0.1493 beam=0.63333 homogeneity=0.0245 body=0.00000 bowel=0.09396 femur=0.04222
2026-05-22 17:20:38 [INFO] Step 45/54 Loss=21.6084 mse=0.5479 v_opt=0.14200 v_mand=0.05271 ptv=0.1933 ptv_max=0.01126 ring=0.00075 smooth=0.1088 laplacian=0.3574 beam=0.76839 homogeneity=0.0343 body=0.00000 bowel=0.16133 femur=0.04648
2026-05-22 17:20:41 [INFO] Step 50/54 Loss=23.5559 mse=0.6158 v_opt=0.24675 v_mand=0.11604 ptv=0.0953 ptv_max=0.00533 ring=0.00083 smooth=0.0606 laplacian=0.2173 beam=0.74958 homogeneity=0.0183 body=0.00000 bowel=0.21146 femur=0.07335
2026-05-22 17:20:43 [INFO] Step 54/54 Loss=13.3344 mse=0.2495 v_opt=0.29289 v_mand=0.13648 ptv=0.2650 ptv_max=0.00004 ring=0.00009 smooth=0.0202 laplacian=0.0614 beam=0.66600 homogeneity=0.0245 body=0.00000 bowel=0.03022 femur=0.00286
2026-05-22 17:20:43 [INFO] Running validation at epoch 19...
2026-05-22 17:21:12 [INFO] Epoch 19 Summary: Train=18.4384 Val=0.0451 (MSE=0.0451)
          Metrics: PTV_D95=42.11Gy Bladder=35.11Gy Rectum=33.97Gy
          Metrics: Ring=47.48Gy Dmax=239.99Gy BG=47.60Gy
2026-05-22 17:21:12 [INFO] [PHYSICS] Saved best model val_loss=0.0451
2026-05-22 17:21:12 [INFO] [CLINICAL] Saved best model Score=95.990 PTV_D95=42.11Gy Bladder=35.11Gy Rectum=33.97Gy
2026-05-22 17:21:12 [INFO] Epoch 20/300 [RAMP 20/75 (27% of physics)] ramp=0.267 lr=9.90e-05
2026-05-22 17:21:18 [INFO] Step 5/54 Loss=19.5826 mse=0.4257 v_opt=0.34840 v_mand=0.21830 ptv=0.1576 ptv_max=0.00030 ring=0.00010 smooth=0.0539 laplacian=0.1658 beam=0.68130 homogeneity=0.0123 body=0.00000 bowel=0.12087 femur=0.03124
2026-05-22 17:21:21 [INFO] Step 10/54 Loss=13.6983 mse=0.3021 v_opt=0.16911 v_mand=0.06233 ptv=0.1698 ptv_max=0.00093 ring=0.00009 smooth=0.0317 laplacian=0.0973 beam=0.64042 homogeneity=0.0161 body=0.00000 bowel=0.05064 femur=0.01474
2026-05-22 17:21:25 [INFO] Step 15/54 Loss=19.0664 mse=0.4248 v_opt=0.31267 v_mand=0.14135 ptv=0.1719 ptv_max=0.00066 ring=0.00007 smooth=0.0407 laplacian=0.1382 beam=0.73129 homogeneity=0.0147 body=0.00000 bowel=0.16088 femur=0.04423
2026-05-22 17:21:27 [INFO] Step 20/54 Loss=19.5971 mse=0.3473 v_opt=0.60308 v_mand=0.38180 ptv=0.1731 ptv_max=0.00062 ring=0.00062 smooth=0.0481 laplacian=0.1581 beam=0.63996 homogeneity=0.0150 body=0.00000 bowel=0.04793 femur=0.09462
2026-05-22 17:21:33 [INFO] Step 25/54 Loss=18.1281 mse=0.4224 v_opt=0.24600 v_mand=0.10749 ptv=0.2439 ptv_max=0.00037 ring=0.00008 smooth=0.0383 laplacian=0.1275 beam=0.64772 homogeneity=0.0236 body=0.00000 bowel=0.10239 femur=0.11394
2026-05-22 17:21:35 [INFO] Step 30/54 Loss=21.4187 mse=0.4738 v_opt=0.29302 v_mand=0.16867 ptv=0.1455 ptv_max=0.00121 ring=0.00066 smooth=0.0542 laplacian=0.1863 beam=0.82174 homogeneity=0.0138 body=0.00000 bowel=0.19194 femur=0.05480
2026-05-22 17:21:38 [INFO] Step 35/54 Loss=22.9031 mse=0.6088 v_opt=0.21781 v_mand=0.10061 ptv=0.1039 ptv_max=0.00518 ring=0.00123 smooth=0.0628 laplacian=0.2162 beam=0.69213 homogeneity=0.0198 body=0.00000 bowel=0.13625 femur=0.06221
2026-05-22 17:21:41 [INFO] Step 40/54 Loss=16.2281 mse=0.2573 v_opt=0.57790 v_mand=0.34924 ptv=0.1033 ptv_max=0.00269 ring=0.00024 smooth=0.0335 laplacian=0.1117 beam=0.63183 homogeneity=0.0144 body=0.00000 bowel=0.00000 femur=0.00000
2026-05-22 17:21:47 [INFO] Step 45/54 Loss=18.9645 mse=0.4125 v_opt=0.35262 v_mand=0.17930 ptv=0.2180 ptv_max=0.00008 ring=0.00003 smooth=0.0342 laplacian=0.1124 beam=0.68381 homogeneity=0.0185 body=0.00000 bowel=0.12566 femur=0.06333
2026-05-22 17:21:49 [INFO] Step 50/54 Loss=11.0807 mse=0.2264 v_opt=0.04527 v_mand=0.00854 ptv=0.3596 ptv_max=0.00003 ring=0.00000 smooth=0.0138 laplacian=0.0406 beam=0.60372 homogeneity=0.0378 body=0.00000 bowel=0.00000 femur=0.01425
2026-05-22 17:21:51 [INFO] Step 54/54 Loss=15.4845 mse=0.3115 v_opt=0.19890 v_mand=0.09621 ptv=0.1518 ptv_max=0.00112 ring=0.00014 smooth=0.0370 laplacian=0.1241 beam=0.75716 homogeneity=0.0158 body=0.00000 bowel=0.09710 femur=0.06123
2026-05-22 17:21:51 [INFO] Running validation at epoch 20...
2026-05-22 17:22:20 [INFO] Epoch 20 Summary: Train=17.9427 Val=0.0447 (MSE=0.0447)
          Metrics: PTV_D95=41.01Gy Bladder=33.79Gy Rectum=33.92Gy
          Metrics: Ring=47.27Gy Dmax=229.23Gy BG=47.45Gy
2026-05-22 17:22:20 [INFO] [PHYSICS] Saved best model val_loss=0.0447
2026-05-22 17:22:20 [INFO] Epoch 21/300 [RAMP 21/75 (28% of physics)] ramp=0.280 lr=9.89e-05
2026-05-22 17:22:26 [INFO] Step 5/54 Loss=23.3170 mse=0.6072 v_opt=0.08237 v_mand=0.01937 ptv=0.1691 ptv_max=0.01012 ring=0.00116 smooth=0.1469 laplacian=0.4761 beam=0.75221 homogeneity=0.0298 body=0.00000 bowel=0.15628 femur=0.04268
2026-05-22 17:22:29 [INFO] Step 10/54 Loss=19.2463 mse=0.3949 v_opt=0.35465 v_mand=0.17257 ptv=0.0918 ptv_max=0.00333 ring=0.00031 smooth=0.0341 laplacian=0.1164 beam=0.58548 homogeneity=0.0130 body=0.00000 bowel=0.48024 femur=0.00000
2026-05-22 17:22:32 [INFO] Step 15/54 Loss=18.3187 mse=0.4929 v_opt=0.00000 v_mand=0.00000 ptv=0.1008 ptv_max=0.00940 ring=0.00147 smooth=0.0747 laplacian=0.2375 beam=0.63069 homogeneity=0.0259 body=0.00000 bowel=0.09481 femur=0.00000
2026-05-22 17:22:35 [INFO] Step 20/54 Loss=14.5259 mse=0.2686 v_opt=0.23675 v_mand=0.13314 ptv=0.2606 ptv_max=0.00025 ring=0.00006 smooth=0.0240 laplacian=0.0699 beam=0.60840 homogeneity=0.0255 body=0.00000 bowel=0.12679 femur=0.01304
2026-05-22 17:22:41 [INFO] Step 25/54 Loss=18.0254 mse=0.4323 v_opt=0.13422 v_mand=0.03827 ptv=0.2277 ptv_max=0.00028 ring=0.00001 smooth=0.1076 laplacian=0.3608 beam=0.72149 homogeneity=0.0231 body=0.00000 bowel=0.05199 femur=0.00895
2026-05-22 17:22:44 [INFO] Step 30/54 Loss=16.2616 mse=0.3885 v_opt=0.19106 v_mand=0.08864 ptv=0.1097 ptv_max=0.00080 ring=0.00004 smooth=0.0313 laplacian=0.1051 beam=0.66345 homogeneity=0.0108 body=0.00000 bowel=0.00000 femur=0.00000
2026-05-22 17:22:47 [INFO] Step 35/54 Loss=19.0679 mse=0.4187 v_opt=0.28006 v_mand=0.13220 ptv=0.2176 ptv_max=0.00073 ring=0.00007 smooth=0.0799 laplacian=0.2565 beam=0.72140 homogeneity=0.0221 body=0.00000 bowel=0.09368 femur=0.00129
2026-05-22 17:22:50 [INFO] Step 40/54 Loss=17.7217 mse=0.4084 v_opt=0.25935 v_mand=0.12621 ptv=0.1413 ptv_max=0.00205 ring=0.00041 smooth=0.0419 laplacian=0.1295 beam=0.61296 homogeneity=0.0173 body=0.00000 bowel=0.05364 femur=0.11076
2026-05-22 17:22:55 [INFO] Step 45/54 Loss=14.3122 mse=0.3012 v_opt=0.19122 v_mand=0.08280 ptv=0.1977 ptv_max=0.00017 ring=0.00004 smooth=0.0266 laplacian=0.0827 beam=0.60831 homogeneity=0.0164 body=0.00000 bowel=0.11137 femur=0.00480
2026-05-22 17:22:58 [INFO] Step 50/54 Loss=19.7675 mse=0.4012 v_opt=0.41843 v_mand=0.21698 ptv=0.1730 ptv_max=0.00085 ring=0.00053 smooth=0.0325 laplacian=0.1037 beam=0.62156 homogeneity=0.0166 body=0.00000 bowel=0.30337 femur=0.02544
2026-05-22 17:23:00 [INFO] Step 54/54 Loss=17.2783 mse=0.4317 v_opt=0.17386 v_mand=0.07281 ptv=0.1709 ptv_max=0.00013 ring=0.00004 smooth=0.0340 laplacian=0.1112 beam=0.50806 homogeneity=0.0131 body=0.00000 bowel=0.20496 femur=0.08151
2026-05-22 17:23:00 [INFO] Running validation at epoch 21...
2026-05-22 17:23:29 [INFO] Epoch 21 Summary: Train=19.0588 Val=0.0445 (MSE=0.0445)
          Metrics: PTV_D95=41.29Gy Bladder=32.67Gy Rectum=35.36Gy
          Metrics: Ring=48.13Gy Dmax=238.60Gy BG=47.33Gy
2026-05-22 17:23:29 [INFO] [PHYSICS] Saved best model val_loss=0.0445
2026-05-22 17:23:29 [INFO] Epoch 22/300 [RAMP 22/75 (29% of physics)] ramp=0.293 lr=9.88e-05
2026-05-22 17:23:35 [INFO] Step 5/54 Loss=20.6474 mse=0.5278 v_opt=0.22870 v_mand=0.10023 ptv=0.1003 ptv_max=0.00149 ring=0.00022 smooth=0.0552 laplacian=0.1920 beam=0.69868 homogeneity=0.0112 body=0.00000 bowel=0.00000 femur=0.00000
2026-05-22 17:23:38 [INFO] Step 10/54 Loss=20.1227 mse=0.4671 v_opt=0.24911 v_mand=0.14082 ptv=0.1789 ptv_max=0.00045 ring=0.00024 smooth=0.0514 laplacian=0.1655 beam=0.64986 homogeneity=0.0170 body=0.00000 bowel=0.09842 femur=0.04490
2026-05-22 17:23:41 [INFO] Step 15/54 Loss=16.0704 mse=0.3365 v_opt=0.23039 v_mand=0.09080 ptv=0.2470 ptv_max=0.00039 ring=0.00013 smooth=0.0344 laplacian=0.1066 beam=0.64503 homogeneity=0.0257 body=0.00000 bowel=0.08567 femur=0.00795
2026-05-22 17:23:44 [INFO] Step 20/54 Loss=18.7083 mse=0.4434 v_opt=0.23620 v_mand=0.11254 ptv=0.1695 ptv_max=0.00115 ring=0.00002 smooth=0.0361 laplacian=0.1187 beam=0.68032 homogeneity=0.0190 body=0.00000 bowel=0.00000 femur=0.00000
2026-05-22 17:23:50 [INFO] Step 25/54 Loss=25.9171 mse=0.7212 v_opt=0.09652 v_mand=0.02828 ptv=0.1270 ptv_max=0.00722 ring=0.00118 smooth=0.1339 laplacian=0.4853 beam=0.69204 homogeneity=0.0255 body=0.00000 bowel=0.08798 femur=0.12150
2026-05-22 17:23:52 [INFO] Step 30/54 Loss=21.3845 mse=0.5260 v_opt=0.17160 v_mand=0.08361 ptv=0.1145 ptv_max=0.00456 ring=0.00095 smooth=0.0518 laplacian=0.1765 beam=0.67506 homogeneity=0.0201 body=0.00000 bowel=0.22326 femur=0.01466
2026-05-22 17:23:55 [INFO] Step 35/54 Loss=22.0861 mse=0.5761 v_opt=0.22263 v_mand=0.10337 ptv=0.0718 ptv_max=0.00523 ring=0.00023 smooth=0.0520 laplacian=0.1694 beam=0.71312 homogeneity=0.0173 body=0.00000 bowel=0.00000 femur=0.00000
2026-05-22 17:23:58 [INFO] Step 40/54 Loss=14.2717 mse=0.3066 v_opt=0.20536 v_mand=0.08883 ptv=0.1102 ptv_max=0.00221 ring=0.00004 smooth=0.0159 laplacian=0.0476 beam=0.62790 homogeneity=0.0143 body=0.00000 bowel=0.00000 femur=0.00000
2026-05-22 17:24:03 [INFO] Step 45/54 Loss=17.4712 mse=0.4267 v_opt=0.16287 v_mand=0.07034 ptv=0.0962 ptv_max=0.00231 ring=0.00046 smooth=0.0317 laplacian=0.1047 beam=0.61924 homogeneity=0.0134 body=0.00000 bowel=0.10249 femur=0.01927
2026-05-22 17:24:06 [INFO] Step 50/54 Loss=17.8861 mse=0.4102 v_opt=0.13924 v_mand=0.06446 ptv=0.2253 ptv_max=0.00036 ring=0.00020 smooth=0.0434 laplacian=0.1344 beam=0.65743 homogeneity=0.0223 body=0.00000 bowel=0.15052 femur=0.03450
2026-05-22 17:24:08 [INFO] Step 54/54 Loss=21.0498 mse=0.5340 v_opt=0.12795 v_mand=0.04272 ptv=0.1284 ptv_max=0.00077 ring=0.00011 smooth=0.0476 laplacian=0.1551 beam=0.67583 homogeneity=0.0109 body=0.00000 bowel=0.30157 femur=0.00000
2026-05-22 17:24:08 [INFO] Running validation at epoch 22...
2026-05-22 17:24:38 [INFO] Epoch 22 Summary: Train=18.2268 Val=0.0429 (MSE=0.0429)
          Metrics: PTV_D95=44.28Gy Bladder=32.28Gy Rectum=35.15Gy
          Metrics: Ring=48.76Gy Dmax=265.33Gy BG=46.56Gy
2026-05-22 17:24:38 [INFO] [PHYSICS] Saved best model val_loss=0.0429
2026-05-22 17:24:38 [INFO] [CLINICAL] Saved best model Score=89.499 PTV_D95=44.28Gy Bladder=32.28Gy Rectum=35.15Gy
2026-05-22 17:24:38 [INFO] Epoch 23/300 [RAMP 23/75 (31% of physics)] ramp=0.307 lr=9.87e-05
2026-05-22 17:24:44 [INFO] Step 5/54 Loss=9.2981 mse=0.1758 v_opt=0.00000 v_mand=0.00000 ptv=0.0000 ptv_max=0.00000 ring=0.00000 smooth=0.0236 laplacian=0.0607 beam=0.62641 homogeneity=0.0000 body=0.00000 bowel=0.00000 femur=0.00000
2026-05-22 17:24:47 [INFO] Step 10/54 Loss=18.7402 mse=0.4462 v_opt=0.19501 v_mand=0.08744 ptv=0.1336 ptv_max=0.00158 ring=0.00006 smooth=0.0448 laplacian=0.1449 beam=0.69173 homogeneity=0.0167 body=0.00000 bowel=0.00000 femur=0.00000
2026-05-22 17:24:50 [INFO] Step 15/54 Loss=16.0501 mse=0.3155 v_opt=0.30826 v_mand=0.13785 ptv=0.2023 ptv_max=0.00035 ring=0.00003 smooth=0.0330 laplacian=0.0966 beam=0.63671 homogeneity=0.0164 body=0.00000 bowel=0.01529 femur=0.00394
2026-05-22 17:24:53 [INFO] Step 20/54 Loss=15.8008 mse=0.3450 v_opt=0.23907 v_mand=0.10413 ptv=0.1765 ptv_max=0.00231 ring=0.00003 smooth=0.0177 laplacian=0.0548 beam=0.59581 homogeneity=0.0210 body=0.00000 bowel=0.00000 femur=0.00000
2026-05-22 17:24:57 [INFO] Step 25/54 Loss=19.0371 mse=0.4627 v_opt=0.13472 v_mand=0.04689 ptv=0.1312 ptv_max=0.00113 ring=0.00026 smooth=0.0425 laplacian=0.1415 beam=0.67813 homogeneity=0.0144 body=0.00000 bowel=0.11221 femur=0.05841
2026-05-22 17:25:00 [INFO] Step 30/54 Loss=21.5961 mse=0.5783 v_opt=0.09346 v_mand=0.01870 ptv=0.1051 ptv_max=0.00347 ring=0.00034 smooth=0.0486 laplacian=0.1646 beam=0.69809 homogeneity=0.0174 body=0.00000 bowel=0.06576 femur=0.09206
2026-05-22 17:25:04 [INFO] Step 35/54 Loss=19.4084 mse=0.4437 v_opt=0.24828 v_mand=0.11598 ptv=0.1588 ptv_max=0.00075 ring=0.00021 smooth=0.0413 laplacian=0.1236 beam=0.66211 homogeneity=0.0149 body=0.00000 bowel=0.09925 femur=0.01193
2026-05-22 17:25:07 [INFO] Step 40/54 Loss=15.4755 mse=0.3137 v_opt=0.21709 v_mand=0.10980 ptv=0.2053 ptv_max=0.00009 ring=0.00000 smooth=0.0282 laplacian=0.0789 beam=0.61674 homogeneity=0.0161 body=0.00000 bowel=0.04237 femur=0.01014
2026-05-22 17:25:12 [INFO] Step 45/54 Loss=15.2471 mse=0.3479 v_opt=0.07616 v_mand=0.02121 ptv=0.1586 ptv_max=0.00034 ring=0.00006 smooth=0.0224 laplacian=0.0717 beam=0.65649 homogeneity=0.0123 body=0.00000 bowel=0.09038 femur=0.01150
2026-05-22 17:25:15 [INFO] Step 50/54 Loss=14.2982 mse=0.2943 v_opt=0.21111 v_mand=0.07474 ptv=0.1867 ptv_max=0.00103 ring=0.00020 smooth=0.0211 laplacian=0.0612 beam=0.62161 homogeneity=0.0194 body=0.00000 bowel=0.00000 femur=0.01907
2026-05-22 17:25:18 [INFO] Step 54/54 Loss=23.9584 mse=0.5488 v_opt=0.33890 v_mand=0.18903 ptv=0.0710 ptv_max=0.00199 ring=0.00026 smooth=0.0426 laplacian=0.1410 beam=0.75203 homogeneity=0.0091 body=0.00000 bowel=0.12887 femur=0.05814
2026-05-22 17:25:18 [INFO] Running validation at epoch 23...
2026-05-22 17:25:46 [INFO] Epoch 23 Summary: Train=18.3617 Val=0.0418 (MSE=0.0418)
          Metrics: PTV_D95=44.88Gy Bladder=31.81Gy Rectum=33.63Gy
          Metrics: Ring=48.26Gy Dmax=260.46Gy BG=46.07Gy
2026-05-22 17:25:46 [INFO] [PHYSICS] Saved best model val_loss=0.0418
2026-05-22 17:25:46 [INFO] [CLINICAL] Saved best model Score=86.199 PTV_D95=44.88Gy Bladder=31.81Gy Rectum=33.63Gy
2026-05-22 17:25:46 [INFO] Epoch 24/300 [RAMP 24/75 (32% of physics)] ramp=0.320 lr=9.86e-05
2026-05-22 17:25:53 [INFO] Step 5/54 Loss=16.0969 mse=0.3453 v_opt=0.11822 v_mand=0.04069 ptv=0.1777 ptv_max=0.00025 ring=0.00012 smooth=0.0375 laplacian=0.1236 beam=0.64668 homogeneity=0.0148 body=0.00000 bowel=0.12780 femur=0.02014
2026-05-22 17:25:56 [INFO] Step 10/54 Loss=9.7994 mse=0.1991 v_opt=0.00000 v_mand=0.00000 ptv=0.0000 ptv_max=0.00000 ring=0.00000 smooth=0.0155 laplacian=0.0400 beam=0.59409 homogeneity=0.0000 body=0.00000 bowel=0.00000 femur=0.00000
2026-05-22 17:25:58 [INFO] Step 15/54 Loss=20.8047 mse=0.5264 v_opt=0.15891 v_mand=0.06491 ptv=0.0673 ptv_max=0.00795 ring=0.00126 smooth=0.0448 laplacian=0.1497 beam=0.68941 homogeneity=0.0207 body=0.00000 bowel=0.00000 femur=0.00000
2026-05-22 17:26:01 [INFO] Step 20/54 Loss=13.0070 mse=0.2991 v_opt=0.00000 v_mand=0.00000 ptv=0.0000 ptv_max=0.00000 ring=0.00000 smooth=0.0752 laplacian=0.2606 beam=0.63614 homogeneity=0.0000 body=0.00000 bowel=0.00000 femur=0.00000
2026-05-22 17:26:07 [INFO] Step 25/54 Loss=11.7018 mse=0.1866 v_opt=0.16973 v_mand=0.07177 ptv=0.2558 ptv_max=0.00094 ring=0.00000 smooth=0.0146 laplacian=0.0369 beam=0.58415 homogeneity=0.0281 body=0.00000 bowel=0.00000 femur=0.00000
2026-05-22 17:26:09 [INFO] Step 30/54 Loss=17.3265 mse=0.3751 v_opt=0.16431 v_mand=0.05834 ptv=0.2447 ptv_max=0.00015 ring=0.00003 smooth=0.0477 laplacian=0.1465 beam=0.64321 homogeneity=0.0238 body=0.00000 bowel=0.05985 femur=0.08942
2026-05-22 17:26:12 [INFO] Step 35/54 Loss=17.4373 mse=0.4422 v_opt=0.08009 v_mand=0.02732 ptv=0.1289 ptv_max=0.00143 ring=0.00028 smooth=0.0370 laplacian=0.1144 beam=0.59358 homogeneity=0.0147 body=0.00000 bowel=0.07399 femur=0.00609
2026-05-22 17:26:15 [INFO] Step 40/54 Loss=17.6763 mse=0.4188 v_opt=0.16384 v_mand=0.05959 ptv=0.1435 ptv_max=0.00079 ring=0.00011 smooth=0.0362 laplacian=0.1099 beam=0.66506 homogeneity=0.0136 body=0.00000 bowel=0.00000 femur=0.01721
2026-05-22 17:26:21 [INFO] Step 45/54 Loss=21.2007 mse=0.5246 v_opt=0.18044 v_mand=0.07297 ptv=0.0825 ptv_max=0.00457 ring=0.00061 smooth=0.0581 laplacian=0.1958 beam=0.63157 homogeneity=0.0154 body=0.00000 bowel=0.16375 femur=0.01497
2026-05-22 17:26:24 [INFO] Step 50/54 Loss=16.0925 mse=0.3590 v_opt=0.20558 v_mand=0.07935 ptv=0.0903 ptv_max=0.00145 ring=0.00009 smooth=0.0362 laplacian=0.1168 beam=0.59934 homogeneity=0.0103 body=0.00000 bowel=0.06142 femur=0.00135
2026-05-22 17:26:26 [INFO] Step 54/54 Loss=19.1683 mse=0.4781 v_opt=0.07422 v_mand=0.01950 ptv=0.1155 ptv_max=0.00546 ring=0.00081 smooth=0.0472 laplacian=0.1599 beam=0.65245 homogeneity=0.0207 body=0.00000 bowel=0.10945 femur=0.02272
2026-05-22 17:26:26 [INFO] Running validation at epoch 24...
2026-05-22 17:26:55 [INFO] Epoch 24 Summary: Train=17.8626 Val=0.0407 (MSE=0.0407)
          Metrics: PTV_D95=43.87Gy Bladder=31.34Gy Rectum=32.68Gy
          Metrics: Ring=47.59Gy Dmax=251.51Gy BG=45.48Gy
2026-05-22 17:26:55 [INFO] [PHYSICS] Saved best model val_loss=0.0407
2026-05-22 17:26:55 [INFO] Epoch 25/300 [RAMP 25/75 (33% of physics)] ramp=0.333 lr=9.84e-05
2026-05-22 17:27:01 [INFO] Step 5/54 Loss=14.0445 mse=0.2639 v_opt=0.14786 v_mand=0.06368 ptv=0.1235 ptv_max=0.00038 ring=0.00002 smooth=0.0206 laplacian=0.0599 beam=0.68248 homogeneity=0.0093 body=0.00000 bowel=0.00000 femur=0.00000
2026-05-22 17:27:05 [INFO] Step 10/54 Loss=18.6828 mse=0.4445 v_opt=0.00000 v_mand=0.00000 ptv=0.1487 ptv_max=0.01158 ring=0.00236 smooth=0.0572 laplacian=0.1799 beam=0.63945 homogeneity=0.0325 body=0.00000 bowel=0.12372 femur=0.00000
2026-05-22 17:27:08 [INFO] Step 15/54 Loss=19.2295 mse=0.3642 v_opt=0.27159 v_mand=0.12508 ptv=0.1664 ptv_max=0.00023 ring=0.00009 smooth=0.0309 laplacian=0.0984 beam=0.75750 homogeneity=0.0120 body=0.00000 bowel=0.13213 femur=0.01927
2026-05-22 17:27:10 [INFO] Step 20/54 Loss=14.1605 mse=0.3020 v_opt=0.07318 v_mand=0.02187 ptv=0.2098 ptv_max=0.00009 ring=0.00002 smooth=0.0256 laplacian=0.0774 beam=0.57427 homogeneity=0.0167 body=0.00000 bowel=0.08947 femur=0.00307
2026-05-22 17:27:14 [INFO] Step 25/54 Loss=19.7390 mse=0.4006 v_opt=0.25428 v_mand=0.13304 ptv=0.1428 ptv_max=0.00109 ring=0.00049 smooth=0.0418 laplacian=0.1368 beam=0.65837 homogeneity=0.0126 body=0.00000 bowel=0.16558 femur=0.04931
2026-05-22 17:27:19 [INFO] Step 30/54 Loss=17.7898 mse=0.3912 v_opt=0.13390 v_mand=0.03833 ptv=0.1675 ptv_max=0.00029 ring=0.00008 smooth=0.0660 laplacian=0.1997 beam=0.69217 homogeneity=0.0136 body=0.00000 bowel=0.09555 femur=0.00491
2026-05-22 17:27:22 [INFO] Step 35/54 Loss=13.2871 mse=0.2370 v_opt=0.00000 v_mand=0.00000 ptv=0.4759 ptv_max=0.00000 ring=0.00000 smooth=0.0141 laplacian=0.0354 beam=0.60475 homogeneity=0.0532 body=0.00000 bowel=0.06346 femur=0.00000
2026-05-22 17:27:24 [INFO] Step 40/54 Loss=13.5712 mse=0.2709 v_opt=0.06516 v_mand=0.01184 ptv=0.2379 ptv_max=0.00012 ring=0.00001 smooth=0.0285 laplacian=0.0749 beam=0.64382 homogeneity=0.0196 body=0.00000 bowel=0.02400 femur=0.00277
2026-05-22 17:27:28 [INFO] Step 45/54 Loss=25.6485 mse=0.5279 v_opt=0.46643 v_mand=0.30153 ptv=0.0534 ptv_max=0.00192 ring=0.00019 smooth=0.0492 laplacian=0.1650 beam=0.66714 homogeneity=0.0083 body=0.00000 bowel=0.17456 femur=0.01798
2026-05-22 17:27:32 [INFO] Step 50/54 Loss=16.5242 mse=0.3394 v_opt=0.17975 v_mand=0.06032 ptv=0.2265 ptv_max=0.00028 ring=0.00005 smooth=0.0243 laplacian=0.0689 beam=0.65512 homogeneity=0.0221 body=0.00000 bowel=0.08134 femur=0.00262
2026-05-22 17:27:34 [INFO] Step 54/54 Loss=11.6705 mse=0.1929 v_opt=0.08364 v_mand=0.02833 ptv=0.2268 ptv_max=0.00016 ring=0.00000 smooth=0.0167 laplacian=0.0488 beam=0.57375 homogeneity=0.0189 body=0.00000 bowel=0.10825 femur=0.00613
2026-05-22 17:27:35 [INFO] Running validation at epoch 25...
2026-05-22 17:28:04 [INFO] Epoch 25 Summary: Train=18.5887 Val=0.0412 (MSE=0.0412)
          Metrics: PTV_D95=44.42Gy Bladder=30.24Gy Rectum=33.51Gy
          Metrics: Ring=47.83Gy Dmax=264.15Gy BG=45.77Gy
2026-05-22 17:28:04 [INFO] Epoch 26/300 [RAMP 26/75 (35% of physics)] ramp=0.347 lr=9.83e-05
2026-05-22 17:28:10 [INFO] Step 5/54 Loss=23.0482 mse=0.5807 v_opt=0.09260 v_mand=0.02268 ptv=0.1345 ptv_max=0.00189 ring=0.00041 smooth=0.0694 laplacian=0.2082 beam=0.70376 homogeneity=0.0174 body=0.00000 bowel=0.16012 femur=0.02028
2026-05-22 17:28:13 [INFO] Step 10/54 Loss=18.8831 mse=0.4285 v_opt=0.18674 v_mand=0.07634 ptv=0.0865 ptv_max=0.00411 ring=0.00075 smooth=0.0365 laplacian=0.1155 beam=0.55088 homogeneity=0.0151 body=0.00000 bowel=0.21288 femur=0.00006
2026-05-22 17:28:16 [INFO] Step 15/54 Loss=15.9170 mse=0.2833 v_opt=0.19555 v_mand=0.10436 ptv=0.1832 ptv_max=0.00027 ring=0.00005 smooth=0.0201 laplacian=0.0629 beam=0.59954 homogeneity=0.0153 body=0.00000 bowel=0.15606 femur=0.00328
2026-05-22 17:28:19 [INFO] Step 20/54 Loss=16.7654 mse=0.4005 v_opt=0.07649 v_mand=0.02954 ptv=0.1179 ptv_max=0.00071 ring=0.00076 smooth=0.0415 laplacian=0.1238 beam=0.60320 homogeneity=0.0103 body=0.00000 bowel=0.02810 femur=0.01841
2026-05-22 17:28:25 [INFO] Step 25/54 Loss=19.5801 mse=0.3670 v_opt=0.33219 v_mand=0.15840 ptv=0.1756 ptv_max=0.00010 ring=0.00018 smooth=0.0330 laplacian=0.1054 beam=0.64068 homogeneity=0.0128 body=0.00000 bowel=0.15509 femur=0.04990
2026-05-22 17:28:28 [INFO] Step 30/54 Loss=21.1295 mse=0.5312 v_opt=0.05121 v_mand=0.00695 ptv=0.0888 ptv_max=0.00105 ring=0.00009 smooth=0.0434 laplacian=0.1372 beam=0.70188 homogeneity=0.0079 body=0.00000 bowel=0.17824 femur=0.00367
2026-05-22 17:28:31 [INFO] Step 35/54 Loss=15.2914 mse=0.3259 v_opt=0.08646 v_mand=0.02697 ptv=0.1441 ptv_max=0.00070 ring=0.00017 smooth=0.0282 laplacian=0.0813 beam=0.60752 homogeneity=0.0113 body=0.00000 bowel=0.11250 femur=0.00001
2026-05-22 17:28:33 [INFO] Step 40/54 Loss=20.4493 mse=0.5040 v_opt=0.08394 v_mand=0.02671 ptv=0.1290 ptv_max=0.00474 ring=0.00255 smooth=0.0405 laplacian=0.1340 beam=0.62590 homogeneity=0.0187 body=0.00000 bowel=0.14794 femur=0.01463
2026-05-22 17:28:39 [INFO] Step 45/54 Loss=16.2843 mse=0.3415 v_opt=0.10437 v_mand=0.03472 ptv=0.1547 ptv_max=0.00052 ring=0.00013 smooth=0.0286 laplacian=0.0863 beam=0.63695 homogeneity=0.0134 body=0.00000 bowel=0.13842 femur=0.00508
2026-05-22 17:28:42 [INFO] Step 50/54 Loss=17.9970 mse=0.4029 v_opt=0.07089 v_mand=0.01188 ptv=0.1663 ptv_max=0.00215 ring=0.00057 smooth=0.0720 laplacian=0.2044 beam=0.68516 homogeneity=0.0166 body=0.00000 bowel=0.10364 femur=0.00191
2026-05-22 17:28:44 [INFO] Step 54/54 Loss=25.0538 mse=0.6783 v_opt=0.01562 v_mand=0.00000 ptv=0.0738 ptv_max=0.00508 ring=0.00107 smooth=0.0646 laplacian=0.2263 beam=0.68458 homogeneity=0.0164 body=0.00000 bowel=0.14041 femur=0.10606
2026-05-22 17:28:44 [INFO] Running validation at epoch 26...
2026-05-22 17:29:13 [INFO] Epoch 26 Summary: Train=19.2177 Val=0.0407 (MSE=0.0407)
          Metrics: PTV_D95=45.38Gy Bladder=30.26Gy Rectum=32.88Gy
          Metrics: Ring=48.98Gy Dmax=253.93Gy BG=45.50Gy
2026-05-22 17:29:13 [INFO] [PHYSICS] Saved best model val_loss=0.0407
2026-05-22 17:29:13 [INFO] [CLINICAL] Saved best model Score=83.944 PTV_D95=45.38Gy Bladder=30.26Gy Rectum=32.88Gy
2026-05-22 17:29:13 [INFO] Epoch 27/300 [RAMP 27/75 (36% of physics)] ramp=0.360 lr=9.82e-05
2026-05-22 17:29:19 [INFO] Step 5/54 Loss=14.7089 mse=0.2565 v_opt=0.12329 v_mand=0.05058 ptv=0.3708 ptv_max=0.00144 ring=0.00001 smooth=0.0183 laplacian=0.0466 beam=0.60431 homogeneity=0.0494 body=0.00000 bowel=0.00000 femur=0.00018
2026-05-22 17:29:22 [INFO] Step 10/54 Loss=20.9927 mse=0.4910 v_opt=0.12492 v_mand=0.03422 ptv=0.1075 ptv_max=0.00178 ring=0.00014 smooth=0.0403 laplacian=0.1314 beam=0.67391 homogeneity=0.0110 body=0.00000 bowel=0.18966 femur=0.03006
2026-05-22 17:29:26 [INFO] Step 15/54 Loss=29.5610 mse=0.6733 v_opt=0.36360 v_mand=0.20416 ptv=0.0529 ptv_max=0.00282 ring=0.00063 smooth=0.0612 laplacian=0.2039 beam=0.68604 homogeneity=0.0102 body=0.00000 bowel=0.28878 femur=0.06937
2026-05-22 17:29:29 [INFO] Step 20/54 Loss=20.2465 mse=0.5110 v_opt=0.11691 v_mand=0.04184 ptv=0.0438 ptv_max=0.00155 ring=0.00010 smooth=0.0310 laplacian=0.1001 beam=0.68282 homogeneity=0.0075 body=0.00000 bowel=0.00000 femur=0.00000
2026-05-22 17:29:33 [INFO] Step 25/54 Loss=15.9752 mse=0.3523 v_opt=0.09718 v_mand=0.02890 ptv=0.1630 ptv_max=0.00025 ring=0.00002 smooth=0.0346 laplacian=0.1042 beam=0.58200 homogeneity=0.0133 body=0.00000 bowel=0.07931 femur=0.00462
2026-05-22 17:29:36 [INFO] Step 30/54 Loss=22.6547 mse=0.5760 v_opt=0.05783 v_mand=0.00704 ptv=0.1134 ptv_max=0.00582 ring=0.00052 smooth=0.0435 laplacian=0.1408 beam=0.63618 homogeneity=0.0194 body=0.00000 bowel=0.22553 femur=0.00216
2026-05-22 17:29:39 [INFO] Step 35/54 Loss=15.6584 mse=0.3440 v_opt=0.04755 v_mand=0.01145 ptv=0.1790 ptv_max=0.00034 ring=0.00008 smooth=0.0196 laplacian=0.0566 beam=0.63461 homogeneity=0.0149 body=0.00000 bowel=0.03946 femur=0.00361
2026-05-22 17:29:42 [INFO] Step 40/54 Loss=20.0761 mse=0.4783 v_opt=0.17273 v_mand=0.06417 ptv=0.1184 ptv_max=0.00022 ring=0.00000 smooth=0.0296 laplacian=0.0823 beam=0.68661 homogeneity=0.0089 body=0.00000 bowel=0.00000 femur=0.00000
2026-05-22 17:29:47 [INFO] Step 45/54 Loss=16.3656 mse=0.3392 v_opt=0.01913 v_mand=0.00000 ptv=0.2061 ptv_max=0.00051 ring=0.00004 smooth=0.0298 laplacian=0.0948 beam=0.63435 homogeneity=0.0220 body=0.00000 bowel=0.19507 femur=0.00000
2026-05-22 17:29:50 [INFO] Step 50/54 Loss=17.3828 mse=0.3998 v_opt=0.06092 v_mand=0.01582 ptv=0.0795 ptv_max=0.00420 ring=0.00178 smooth=0.0378 laplacian=0.1145 beam=0.59360 homogeneity=0.0135 body=0.00000 bowel=0.13179 femur=0.04576
2026-05-22 17:29:53 [INFO] Step 54/54 Loss=17.4380 mse=0.3906 v_opt=0.00561 v_mand=0.00000 ptv=0.1184 ptv_max=0.00154 ring=0.00043 smooth=0.0341 laplacian=0.0999 beam=0.68899 homogeneity=0.0114 body=0.00000 bowel=0.11975 femur=0.00964
2026-05-22 17:29:53 [INFO] Running validation at epoch 27...
2026-05-22 17:30:22 [INFO] Epoch 27 Summary: Train=17.7363 Val=0.0389 (MSE=0.0389)
          Metrics: PTV_D95=47.56Gy Bladder=30.56Gy Rectum=32.84Gy
          Metrics: Ring=49.99Gy Dmax=292.01Gy BG=44.62Gy
2026-05-22 17:30:22 [INFO] [PHYSICS] Saved best model val_loss=0.0389
2026-05-22 17:30:22 [INFO] [CLINICAL] Saved best model Score=77.364 PTV_D95=47.56Gy Bladder=30.56Gy Rectum=32.84Gy
2026-05-22 17:30:22 [INFO] Epoch 28/300 [RAMP 28/75 (37% of physics)] ramp=0.373 lr=9.80e-05
2026-05-22 17:30:28 [INFO] Step 5/54 Loss=18.0250 mse=0.4057 v_opt=0.01873 v_mand=0.00136 ptv=0.3129 ptv_max=0.00433 ring=0.00019 smooth=0.0239 laplacian=0.0662 beam=0.63040 homogeneity=0.0457 body=0.00000 bowel=0.00000 femur=0.02020
2026-05-22 17:30:31 [INFO] Step 10/54 Loss=23.1065 mse=0.5963 v_opt=0.00010 v_mand=0.00000 ptv=0.0800 ptv_max=0.00206 ring=0.00077 smooth=0.0483 laplacian=0.1519 beam=0.73941 homogeneity=0.0109 body=0.00000 bowel=0.08620 femur=0.00401
2026-05-22 17:30:34 [INFO] Step 15/54 Loss=23.4807 mse=0.5271 v_opt=0.23488 v_mand=0.09442 ptv=0.0972 ptv_max=0.00102 ring=0.00028 smooth=0.0415 laplacian=0.1310 beam=0.73254 homogeneity=0.0092 body=0.00000 bowel=0.12340 femur=0.02333
2026-05-22 17:30:37 [INFO] Step 20/54 Loss=18.0812 mse=0.3638 v_opt=0.18362 v_mand=0.07624 ptv=0.1306 ptv_max=0.00007 ring=0.00003 smooth=0.0266 laplacian=0.0808 beam=0.63726 homogeneity=0.0082 body=0.00000 bowel=0.13271 femur=0.00565
2026-05-22 17:30:42 [INFO] Step 25/54 Loss=17.9344 mse=0.4224 v_opt=0.02225 v_mand=0.00106 ptv=0.1301 ptv_max=0.00204 ring=0.00018 smooth=0.0267 laplacian=0.0776 beam=0.64135 homogeneity=0.0183 body=0.00000 bowel=0.07997 femur=0.00335
2026-05-22 17:30:45 [INFO] Step 30/54 Loss=20.6286 mse=0.5109 v_opt=0.09763 v_mand=0.02166 ptv=0.0870 ptv_max=0.00285 ring=0.00029 smooth=0.0290 laplacian=0.0946 beam=0.63405 homogeneity=0.0117 body=0.00000 bowel=0.11750 femur=0.01143
2026-05-22 17:30:48 [INFO] Step 35/54 Loss=22.3833 mse=0.5398 v_opt=0.23744 v_mand=0.09693 ptv=0.0497 ptv_max=0.00073 ring=0.00025 smooth=0.0353 laplacian=0.1143 beam=0.68701 homogeneity=0.0047 body=0.00000 bowel=0.00000 femur=0.00000
2026-05-22 17:30:51 [INFO] Step 40/54 Loss=22.1127 mse=0.4698 v_opt=0.12819 v_mand=0.05917 ptv=0.1771 ptv_max=0.00798 ring=0.00082 smooth=0.0924 laplacian=0.2903 beam=0.71608 homogeneity=0.0276 body=0.00000 bowel=0.09736 femur=0.01201
2026-05-22 17:30:57 [INFO] Step 45/54 Loss=17.8786 mse=0.3186 v_opt=0.19902 v_mand=0.10660 ptv=0.1797 ptv_max=0.00099 ring=0.00010 smooth=0.0236 laplacian=0.0720 beam=0.61456 homogeneity=0.0173 body=0.00000 bowel=0.15742 femur=0.04233
2026-05-22 17:30:59 [INFO] Step 50/54 Loss=17.9152 mse=0.4235 v_opt=0.02697 v_mand=0.00308 ptv=0.1230 ptv_max=0.00143 ring=0.00041 smooth=0.0357 laplacian=0.1095 beam=0.62711 homogeneity=0.0120 body=0.00000 bowel=0.09503 femur=0.00441
2026-05-22 17:31:01 [INFO] Step 54/54 Loss=14.5448 mse=0.2424 v_opt=0.24480 v_mand=0.09590 ptv=0.1188 ptv_max=0.00054 ring=0.00004 smooth=0.0244 laplacian=0.0702 beam=0.56851 homogeneity=0.0102 body=0.00000 bowel=0.07741 femur=0.02202
2026-05-22 17:31:02 [INFO] Running validation at epoch 28...
2026-05-22 17:31:31 [INFO] Epoch 28 Summary: Train=18.9334 Val=0.0387 (MSE=0.0387)
          Metrics: PTV_D95=48.47Gy Bladder=30.04Gy Rectum=36.09Gy
          Metrics: Ring=49.98Gy Dmax=263.23Gy BG=44.46Gy
2026-05-22 17:31:31 [INFO] [PHYSICS] Saved best model val_loss=0.0387
2026-05-22 17:31:31 [INFO] Epoch 29/300 [RAMP 29/75 (39% of physics)] ramp=0.387 lr=9.79e-05
2026-05-22 17:31:37 [INFO] Step 5/54 Loss=18.5419 mse=0.3876 v_opt=0.27451 v_mand=0.11651 ptv=0.1388 ptv_max=0.00140 ring=0.00006 smooth=0.0287 laplacian=0.0865 beam=0.56598 homogeneity=0.0156 body=0.00000 bowel=0.00000 femur=0.00000
2026-05-22 17:31:40 [INFO] Step 10/54 Loss=23.7534 mse=0.5625 v_opt=0.17016 v_mand=0.07338 ptv=0.1476 ptv_max=0.00030 ring=0.00011 smooth=0.0522 laplacian=0.1614 beam=0.63121 homogeneity=0.0123 body=0.00000 bowel=0.16043 femur=0.02381
2026-05-22 17:31:43 [INFO] Step 15/54 Loss=16.0075 mse=0.3444 v_opt=0.14316 v_mand=0.05027 ptv=0.0752 ptv_max=0.00077 ring=0.00008 smooth=0.0326 laplacian=0.0922 beam=0.56311 homogeneity=0.0075 body=0.00000 bowel=0.03134 femur=0.02683
2026-05-22 17:31:46 [INFO] Step 20/54 Loss=16.5716 mse=0.3338 v_opt=0.14671 v_mand=0.04664 ptv=0.1100 ptv_max=0.00047 ring=0.00003 smooth=0.0251 laplacian=0.0769 beam=0.60893 homogeneity=0.0092 body=0.00000 bowel=0.10928 femur=0.00274
2026-05-22 17:31:51 [INFO] Step 25/54 Loss=21.1006 mse=0.5130 v_opt=0.10307 v_mand=0.02493 ptv=0.1145 ptv_max=0.00256 ring=0.00059 smooth=0.0400 laplacian=0.1316 beam=0.62987 homogeneity=0.0132 body=0.00000 bowel=0.09290 femur=0.03126
2026-05-22 17:31:54 [INFO] Step 30/54 Loss=21.9456 mse=0.5350 v_opt=0.08261 v_mand=0.02123 ptv=0.1117 ptv_max=0.00073 ring=0.00012 smooth=0.0599 laplacian=0.1896 beam=0.67351 homogeneity=0.0091 body=0.00000 bowel=0.09890 femur=0.01987
2026-05-22 17:31:57 [INFO] Step 35/54 Loss=19.6353 mse=0.4863 v_opt=0.02705 v_mand=0.00416 ptv=0.1017 ptv_max=0.00297 ring=0.00065 smooth=0.0384 laplacian=0.1200 beam=0.58244 homogeneity=0.0124 body=0.00000 bowel=0.11236 femur=0.04703
2026-05-22 17:32:00 [INFO] Step 40/54 Loss=24.0869 mse=0.6150 v_opt=0.06594 v_mand=0.00908 ptv=0.0651 ptv_max=0.00471 ring=0.00190 smooth=0.0415 laplacian=0.1366 beam=0.63868 homogeneity=0.0122 body=0.00000 bowel=0.19187 femur=0.07409
2026-05-22 17:32:06 [INFO] Step 45/54 Loss=20.5251 mse=0.4815 v_opt=0.13580 v_mand=0.03444 ptv=0.0911 ptv_max=0.00302 ring=0.00052 smooth=0.0283 laplacian=0.0851 beam=0.66871 homogeneity=0.0140 body=0.00000 bowel=0.05602 femur=0.02939
2026-05-22 17:32:08 [INFO] Step 50/54 Loss=25.9436 mse=0.5597 v_opt=0.27258 v_mand=0.15701 ptv=0.0703 ptv_max=0.00238 ring=0.00068 smooth=0.0433 laplacian=0.1466 beam=0.74065 homogeneity=0.0096 body=0.00000 bowel=0.12059 femur=0.01484
2026-05-22 17:32:11 [INFO] Step 54/54 Loss=19.3518 mse=0.4722 v_opt=0.02227 v_mand=0.00221 ptv=0.0990 ptv_max=0.00114 ring=0.00030 smooth=0.0354 laplacian=0.1069 beam=0.63417 homogeneity=0.0108 body=0.00000 bowel=0.10113 femur=0.00402
2026-05-22 17:32:11 [INFO] Running validation at epoch 29...
2026-05-22 17:32:40 [INFO] Epoch 29 Summary: Train=18.5247 Val=0.0385 (MSE=0.0385)
          Metrics: PTV_D95=47.97Gy Bladder=29.64Gy Rectum=31.22Gy
          Metrics: Ring=48.84Gy Dmax=286.93Gy BG=44.40Gy
2026-05-22 17:32:40 [INFO] [PHYSICS] Saved best model val_loss=0.0385
2026-05-22 17:32:40 [INFO] [CLINICAL] Saved best model Score=74.511 PTV_D95=47.97Gy Bladder=29.64Gy Rectum=31.22Gy
2026-05-22 17:32:40 [INFO] Epoch 30/300 [RAMP 30/75 (40% of physics)] ramp=0.400 lr=9.77e-05
2026-05-22 17:32:45 [INFO] Step 5/54 Loss=15.3437 mse=0.3123 v_opt=0.08196 v_mand=0.02911 ptv=0.1255 ptv_max=0.00077 ring=0.00012 smooth=0.0241 laplacian=0.0751 beam=0.55421 homogeneity=0.0118 body=0.00000 bowel=0.08876 femur=0.00268
2026-05-22 17:32:49 [INFO] Step 10/54 Loss=29.9364 mse=0.3487 v_opt=0.88283 v_mand=0.67249 ptv=0.1042 ptv_max=0.00815 ring=0.00035 smooth=0.0250 laplacian=0.0658 beam=0.56660 homogeneity=0.0237 body=0.00000 bowel=0.00717 femur=0.02882
2026-05-22 17:32:52 [INFO] Step 15/54 Loss=17.3981 mse=0.3696 v_opt=0.08376 v_mand=0.02029 ptv=0.0896 ptv_max=0.00114 ring=0.00030 smooth=0.0305 laplacian=0.0991 beam=0.58473 homogeneity=0.0085 body=0.00000 bowel=0.11953 femur=0.10330
2026-05-22 17:32:55 [INFO] Step 20/54 Loss=27.0195 mse=0.6695 v_opt=0.03366 v_mand=0.00309 ptv=0.1037 ptv_max=0.00070 ring=0.00025 smooth=0.0589 laplacian=0.1915 beam=0.78383 homogeneity=0.0073 body=0.00000 bowel=0.22002 femur=0.02767
2026-05-22 17:32:59 [INFO] Step 25/54 Loss=18.2812 mse=0.4281 v_opt=0.03242 v_mand=0.00099 ptv=0.1221 ptv_max=0.00025 ring=0.00003 smooth=0.0373 laplacian=0.1140 beam=0.62882 homogeneity=0.0079 body=0.00000 bowel=0.06841 femur=0.00620
2026-05-22 17:33:03 [INFO] Step 30/54 Loss=18.4394 mse=0.3842 v_opt=0.11727 v_mand=0.04981 ptv=0.0971 ptv_max=0.00249 ring=0.00274 smooth=0.0372 laplacian=0.1106 beam=0.60940 homogeneity=0.0120 body=0.00000 bowel=0.12221 femur=0.00767
2026-05-22 17:33:06 [INFO] Step 35/54 Loss=17.8585 mse=0.3527 v_opt=0.14108 v_mand=0.06009 ptv=0.1170 ptv_max=0.00032 ring=0.00021 smooth=0.0222 laplacian=0.0639 beam=0.63858 homogeneity=0.0074 body=0.00000 bowel=0.10628 femur=0.00496
2026-05-22 17:33:09 [INFO] Step 40/54 Loss=16.2110 mse=0.3412 v_opt=0.00274 v_mand=0.00000 ptv=0.1491 ptv_max=0.00025 ring=0.00003 smooth=0.0245 laplacian=0.0726 beam=0.61265 homogeneity=0.0097 body=0.00000 bowel=0.10785 femur=0.01530
2026-05-22 17:33:12 [INFO] Step 45/54 Loss=13.8403 mse=0.2308 v_opt=0.00928 v_mand=0.00000 ptv=0.4263 ptv_max=0.00003 ring=0.00000 smooth=0.0115 laplacian=0.0290 beam=0.58870 homogeneity=0.0496 body=0.00000 bowel=0.00000 femur=0.00218
2026-05-22 17:33:17 [INFO] Step 50/54 Loss=18.6718 mse=0.4298 v_opt=0.05190 v_mand=0.01050 ptv=0.1700 ptv_max=0.00010 ring=0.00000 smooth=0.0230 laplacian=0.0657 beam=0.64923 homogeneity=0.0138 body=0.00000 bowel=0.02241 femur=0.02813
2026-05-22 17:33:19 [INFO] Step 54/54 Loss=14.5360 mse=0.2707 v_opt=0.09990 v_mand=0.02775 ptv=0.2156 ptv_max=0.00028 ring=0.00005 smooth=0.0252 laplacian=0.0657 beam=0.56279 homogeneity=0.0227 body=0.00000 bowel=0.05070 femur=0.00000
2026-05-22 17:33:19 [INFO] Running validation at epoch 30...
2026-05-22 17:33:48 [INFO] Epoch 30 Summary: Train=18.2963 Val=0.0378 (MSE=0.0378)
          Metrics: PTV_D95=48.84Gy Bladder=30.92Gy Rectum=33.33Gy
          Metrics: Ring=49.02Gy Dmax=283.84Gy BG=44.00Gy
2026-05-22 17:33:48 [INFO] [PHYSICS] Saved best model val_loss=0.0378
2026-05-22 17:33:48 [INFO] [CLINICAL] Saved best model Score=74.003 PTV_D95=48.84Gy Bladder=30.92Gy Rectum=33.33Gy
2026-05-22 17:33:48 [INFO] Epoch 31/300 [RAMP 31/75 (41% of physics)] ramp=0.413 lr=9.76e-05
2026-05-22 17:33:54 [INFO] Step 5/54 Loss=14.3543 mse=0.2648 v_opt=0.13651 v_mand=0.04068 ptv=0.1054 ptv_max=0.00087 ring=0.00003 smooth=0.0187 laplacian=0.0497 beam=0.58963 homogeneity=0.0101 body=0.00000 bowel=0.00000 femur=0.00086
2026-05-22 17:33:57 [INFO] Step 10/54 Loss=16.7184 mse=0.3418 v_opt=0.11417 v_mand=0.03783 ptv=0.0990 ptv_max=0.00021 ring=0.00001 smooth=0.0259 laplacian=0.0780 beam=0.60400 homogeneity=0.0072 body=0.00000 bowel=0.06141 femur=0.00508
2026-05-22 17:34:00 [INFO] Step 15/54 Loss=15.8243 mse=0.3177 v_opt=0.02503 v_mand=0.00312 ptv=0.1563 ptv_max=0.00029 ring=0.00003 smooth=0.0147 laplacian=0.0428 beam=0.62062 homogeneity=0.0131 body=0.00000 bowel=0.08256 femur=0.00126
2026-05-22 17:34:03 [INFO] Step 20/54 Loss=19.4095 mse=0.4326 v_opt=0.00317 v_mand=0.00000 ptv=0.1392 ptv_max=0.00140 ring=0.00028 smooth=0.0585 laplacian=0.1631 beam=0.63574 homogeneity=0.0130 body=0.00000 bowel=0.14161 femur=0.00276
2026-05-22 17:34:09 [INFO] Step 25/54 Loss=16.2806 mse=0.2864 v_opt=0.19183 v_mand=0.06444 ptv=0.1228 ptv_max=0.00135 ring=0.00020 smooth=0.0173 laplacian=0.0505 beam=0.61699 homogeneity=0.0114 body=0.00000 bowel=0.07192 femur=0.00271
2026-05-22 17:34:12 [INFO] Step 30/54 Loss=19.3981 mse=0.3991 v_opt=0.14692 v_mand=0.04745 ptv=0.0884 ptv_max=0.00201 ring=0.00026 smooth=0.0269 laplacian=0.0835 beam=0.67703 homogeneity=0.0108 body=0.00000 bowel=0.08398 femur=0.00878
2026-05-22 17:34:15 [INFO] Step 35/54 Loss=18.5692 mse=0.3884 v_opt=0.00000 v_mand=0.00000 ptv=0.2056 ptv_max=0.00079 ring=0.00001 smooth=0.0416 laplacian=0.1129 beam=0.62329 homogeneity=0.0186 body=0.00000 bowel=0.17975 femur=0.00000
2026-05-22 17:34:18 [INFO] Step 40/54 Loss=25.8106 mse=0.6496 v_opt=0.01024 v_mand=0.00000 ptv=0.0920 ptv_max=0.00392 ring=0.00053 smooth=0.0470 laplacian=0.1513 beam=0.70216 homogeneity=0.0145 body=0.00000 bowel=0.14180 femur=0.08421
2026-05-22 17:34:23 [INFO] Step 45/54 Loss=20.1375 mse=0.3908 v_opt=0.16391 v_mand=0.08167 ptv=0.0967 ptv_max=0.00169 ring=0.00024 smooth=0.0306 laplacian=0.0870 beam=0.65525 homogeneity=0.0100 body=0.00000 bowel=0.14944 femur=0.01612
2026-05-22 17:34:26 [INFO] Step 50/54 Loss=16.0020 mse=0.3384 v_opt=0.09877 v_mand=0.02601 ptv=0.0648 ptv_max=0.00099 ring=0.00011 smooth=0.0285 laplacian=0.0842 beam=0.61431 homogeneity=0.0071 body=0.00000 bowel=0.00000 femur=0.00000
2026-05-22 17:34:28 [INFO] Step 54/54 Loss=12.9909 mse=0.2591 v_opt=0.00000 v_mand=0.00000 ptv=0.0000 ptv_max=0.00000 ring=0.00000 smooth=0.0370 laplacian=0.1018 beam=0.60840 homogeneity=0.0000 body=0.00000 bowel=0.00000 femur=0.00000
2026-05-22 17:34:28 [INFO] Running validation at epoch 31...
2026-05-22 17:34:58 [INFO] Epoch 31 Summary: Train=18.1544 Val=0.0370 (MSE=0.0370)
          Metrics: PTV_D95=49.93Gy Bladder=31.10Gy Rectum=34.38Gy
          Metrics: Ring=50.27Gy Dmax=319.19Gy BG=43.59Gy
2026-05-22 17:34:58 [INFO] [PHYSICS] Saved best model val_loss=0.0370
2026-05-22 17:34:58 [INFO] [CLINICAL] Saved best model Score=71.797 PTV_D95=49.93Gy Bladder=31.10Gy Rectum=34.38Gy
2026-05-22 17:34:58 [INFO] Epoch 32/300 [RAMP 32/75 (43% of physics)] ramp=0.427 lr=9.74e-05
2026-05-22 17:35:04 [INFO] Step 5/54 Loss=20.2671 mse=0.4765 v_opt=0.11714 v_mand=0.04679 ptv=0.1054 ptv_max=0.00185 ring=0.00148 smooth=0.0371 laplacian=0.1058 beam=0.54169 homogeneity=0.0111 body=0.00000 bowel=0.08303 femur=0.00762
2026-05-22 17:35:07 [INFO] Step 10/54 Loss=17.6303 mse=0.3890 v_opt=0.00511 v_mand=0.00000 ptv=0.0963 ptv_max=0.00140 ring=0.00043 smooth=0.0391 laplacian=0.1132 beam=0.57859 homogeneity=0.0096 body=0.00000 bowel=0.13831 femur=0.00000
2026-05-22 17:35:10 [INFO] Step 15/54 Loss=18.6801 mse=0.4068 v_opt=0.05287 v_mand=0.01591 ptv=0.1121 ptv_max=0.00048 ring=0.00009 smooth=0.0262 laplacian=0.0766 beam=0.60533 homogeneity=0.0081 body=0.00000 bowel=0.11233 femur=0.04616
2026-05-22 17:35:13 [INFO] Step 20/54 Loss=22.2192 mse=0.4946 v_opt=0.16702 v_mand=0.07297 ptv=0.0908 ptv_max=0.00122 ring=0.00057 smooth=0.0332 laplacian=0.0957 beam=0.61295 homogeneity=0.0097 body=0.00000 bowel=0.08990 femur=0.06322
2026-05-22 17:35:19 [INFO] Step 25/54 Loss=15.0021 mse=0.2815 v_opt=0.03439 v_mand=0.00255 ptv=0.1663 ptv_max=0.00077 ring=0.00005 smooth=0.0234 laplacian=0.0636 beam=0.61129 homogeneity=0.0147 body=0.00000 bowel=0.05148 femur=0.00030
2026-05-22 17:35:21 [INFO] Step 30/54 Loss=18.7503 mse=0.4042 v_opt=0.07071 v_mand=0.01252 ptv=0.1931 ptv_max=0.00124 ring=0.00006 smooth=0.0289 laplacian=0.0877 beam=0.65687 homogeneity=0.0217 body=0.00000 bowel=0.00009 femur=0.00512
2026-05-22 17:35:24 [INFO] Step 35/54 Loss=16.1821 mse=0.3465 v_opt=0.06748 v_mand=0.01221 ptv=0.1276 ptv_max=0.00055 ring=0.00010 smooth=0.0228 laplacian=0.0669 beam=0.56911 homogeneity=0.0117 body=0.00000 bowel=0.02644 femur=0.03015
2026-05-22 17:35:27 [INFO] Step 40/54 Loss=18.9393 mse=0.4093 v_opt=0.08095 v_mand=0.02100 ptv=0.1001 ptv_max=0.00038 ring=0.00006 smooth=0.0246 laplacian=0.0712 beam=0.63286 homogeneity=0.0072 body=0.00000 bowel=0.11309 femur=0.00923
2026-05-22 17:35:33 [INFO] Step 45/54 Loss=12.8610 mse=0.2189 v_opt=0.00000 v_mand=0.00000 ptv=0.2092 ptv_max=0.00007 ring=0.00005 smooth=0.0252 laplacian=0.0656 beam=0.55397 homogeneity=0.0190 body=0.00000 bowel=0.04020 femur=0.00238
2026-05-22 17:35:35 [INFO] Step 50/54 Loss=16.0469 mse=0.3248 v_opt=0.08552 v_mand=0.01651 ptv=0.1065 ptv_max=0.00044 ring=0.00008 smooth=0.0209 laplacian=0.0613 beam=0.61234 homogeneity=0.0070 body=0.00000 bowel=0.04475 femur=0.00003
2026-05-22 17:35:38 [INFO] Step 54/54 Loss=19.8970 mse=0.4401 v_opt=0.06554 v_mand=0.03033 ptv=0.1191 ptv_max=0.00083 ring=0.00348 smooth=0.0523 laplacian=0.1398 beam=0.62591 homogeneity=0.0094 body=0.00000 bowel=0.08293 femur=0.00000
2026-05-22 17:35:38 [INFO] Running validation at epoch 32...
2026-05-22 17:36:07 [INFO] Epoch 32 Summary: Train=18.9535 Val=0.0370 (MSE=0.0370)
          Metrics: PTV_D95=48.79Gy Bladder=30.13Gy Rectum=32.14Gy
          Metrics: Ring=48.83Gy Dmax=338.31Gy BG=43.54Gy
2026-05-22 17:36:07 [INFO] [PHYSICS] Saved best model val_loss=0.0370
2026-05-22 17:36:07 [INFO] Epoch 33/300 [RAMP 33/75 (44% of physics)] ramp=0.440 lr=9.72e-05
2026-05-22 17:36:13 [INFO] Step 5/54 Loss=22.5668 mse=0.5043 v_opt=0.02801 v_mand=0.00184 ptv=0.0834 ptv_max=0.00274 ring=0.00218 smooth=0.0334 laplacian=0.1054 beam=0.77839 homogeneity=0.0109 body=0.00000 bowel=0.06420 femur=0.00078
2026-05-22 17:36:16 [INFO] Step 10/54 Loss=17.2631 mse=0.3644 v_opt=0.05938 v_mand=0.01731 ptv=0.0764 ptv_max=0.00039 ring=0.00008 smooth=0.0248 laplacian=0.0675 beam=0.59690 homogeneity=0.0055 body=0.00000 bowel=0.08346 femur=0.00734
2026-05-22 17:36:19 [INFO] Step 15/54 Loss=20.6534 mse=0.4889 v_opt=0.02802 v_mand=0.00434 ptv=0.0566 ptv_max=0.00457 ring=0.00019 smooth=0.0273 laplacian=0.0783 beam=0.57970 homogeneity=0.0137 body=0.00000 bowel=0.16138 femur=0.00269
2026-05-22 17:36:22 [INFO] Step 20/54 Loss=18.3020 mse=0.3797 v_opt=0.04445 v_mand=0.00925 ptv=0.1131 ptv_max=0.00026 ring=0.00001 smooth=0.0268 laplacian=0.0748 beam=0.63212 homogeneity=0.0084 body=0.00000 bowel=0.12476 femur=0.00558
2026-05-22 17:36:27 [INFO] Step 25/54 Loss=13.4729 mse=0.2500 v_opt=0.00011 v_mand=0.00000 ptv=0.1445 ptv_max=0.00057 ring=0.00006 smooth=0.0183 laplacian=0.0516 beam=0.56069 homogeneity=0.0104 body=0.00000 bowel=0.02512 femur=0.00055
2026-05-22 17:36:31 [INFO] Step 30/54 Loss=17.1148 mse=0.3860 v_opt=0.03129 v_mand=0.00433 ptv=0.1040 ptv_max=0.00045 ring=0.00011 smooth=0.0329 laplacian=0.0998 beam=0.56416 homogeneity=0.0068 body=0.00000 bowel=0.04750 femur=0.00910
2026-05-22 17:36:34 [INFO] Step 35/54 Loss=18.7043 mse=0.4009 v_opt=0.08627 v_mand=0.03196 ptv=0.0323 ptv_max=0.00567 ring=0.00028 smooth=0.0205 laplacian=0.0605 beam=0.64634 homogeneity=0.0152 body=0.00000 bowel=0.00000 femur=0.00000
2026-05-22 17:36:37 [INFO] Step 40/54 Loss=18.7352 mse=0.4293 v_opt=0.06720 v_mand=0.02069 ptv=0.0139 ptv_max=0.00378 ring=0.00007 smooth=0.0169 laplacian=0.0514 beam=0.63259 homogeneity=0.0113 body=0.00000 bowel=0.00000 femur=0.00000
2026-05-22 17:36:41 [INFO] Step 45/54 Loss=16.0697 mse=0.2371 v_opt=0.14277 v_mand=0.04843 ptv=0.1024 ptv_max=0.00025 ring=0.00019 smooth=0.0199 laplacian=0.0565 beam=0.62371 homogeneity=0.0061 body=0.00000 bowel=0.17548 femur=0.06313
2026-05-22 17:36:44 [INFO] Step 50/54 Loss=24.0534 mse=0.5609 v_opt=0.12333 v_mand=0.03422 ptv=0.0812 ptv_max=0.00708 ring=0.00563 smooth=0.0440 laplacian=0.1418 beam=0.64228 homogeneity=0.0177 body=0.00000 bowel=0.09263 femur=0.03260
2026-05-22 17:36:46 [INFO] Step 54/54 Loss=16.2477 mse=0.3271 v_opt=0.05969 v_mand=0.01779 ptv=0.1381 ptv_max=0.00032 ring=0.00008 smooth=0.0278 laplacian=0.0834 beam=0.57918 homogeneity=0.0112 body=0.00000 bowel=0.04415 femur=0.00927
2026-05-22 17:36:46 [INFO] Running validation at epoch 33...
2026-05-22 17:37:16 [INFO] Epoch 33 Summary: Train=18.1002 Val=0.0381 (MSE=0.0381)
          Metrics: PTV_D95=45.99Gy Bladder=27.80Gy Rectum=31.53Gy
          Metrics: Ring=48.04Gy Dmax=291.72Gy BG=43.96Gy
2026-05-22 17:37:16 [INFO] Epoch 34/300 [RAMP 34/75 (45% of physics)] ramp=0.453 lr=9.71e-05
2026-05-22 17:37:22 [INFO] Step 5/54 Loss=15.7773 mse=0.2263 v_opt=0.15078 v_mand=0.07344 ptv=0.2086 ptv_max=0.00001 ring=0.00001 smooth=0.0202 laplacian=0.0574 beam=0.59207 homogeneity=0.0161 body=0.00000 bowel=0.05532 femur=0.00000
2026-05-22 17:37:24 [INFO] Step 10/54 Loss=18.7658 mse=0.4059 v_opt=0.04559 v_mand=0.00406 ptv=0.2225 ptv_max=0.00032 ring=0.00002 smooth=0.0255 laplacian=0.0696 beam=0.62324 homogeneity=0.0209 body=0.00000 bowel=0.00000 femur=0.00725
2026-05-22 17:37:27 [INFO] Step 15/54 Loss=24.8407 mse=0.5486 v_opt=0.07252 v_mand=0.01246 ptv=0.0837 ptv_max=0.00440 ring=0.00152 smooth=0.0427 laplacian=0.1313 beam=0.73199 homogeneity=0.0139 body=0.00000 bowel=0.16184 femur=0.05494
2026-05-22 17:37:31 [INFO] Step 20/54 Loss=22.4384 mse=0.5377 v_opt=0.01330 v_mand=0.00019 ptv=0.0805 ptv_max=0.00406 ring=0.00083 smooth=0.0496 laplacian=0.1328 beam=0.69059 homogeneity=0.0153 body=0.00000 bowel=0.00513 femur=0.00221
2026-05-22 17:37:36 [INFO] Step 25/54 Loss=14.6746 mse=0.2852 v_opt=0.03070 v_mand=0.00149 ptv=0.1407 ptv_max=0.00038 ring=0.00000 smooth=0.0160 laplacian=0.0441 beam=0.56898 homogeneity=0.0106 body=0.00000 bowel=0.01709 femur=0.01139
2026-05-22 17:37:40 [INFO] Step 30/54 Loss=19.7318 mse=0.4743 v_opt=0.04207 v_mand=0.00351 ptv=0.1054 ptv_max=0.00097 ring=0.00018 smooth=0.0352 laplacian=0.0963 beam=0.55707 homogeneity=0.0084 body=0.00000 bowel=0.08188 femur=0.00672
2026-05-22 17:37:42 [INFO] Step 35/54 Loss=18.8804 mse=0.4390 v_opt=0.00964 v_mand=0.00000 ptv=0.0499 ptv_max=0.00467 ring=0.00064 smooth=0.0458 laplacian=0.1244 beam=0.58264 homogeneity=0.0150 body=0.00000 bowel=0.04203 femur=0.00475
2026-05-22 17:37:45 [INFO] Step 40/54 Loss=18.1356 mse=0.3345 v_opt=0.13668 v_mand=0.05891 ptv=0.1183 ptv_max=0.00063 ring=0.00018 smooth=0.0254 laplacian=0.0715 beam=0.61554 homogeneity=0.0099 body=0.00000 bowel=0.06373 femur=0.01312
2026-05-22 17:37:50 [INFO] Step 45/54 Loss=18.4300 mse=0.3549 v_opt=0.14523 v_mand=0.04363 ptv=0.1690 ptv_max=0.00012 ring=0.00002 smooth=0.0313 laplacian=0.0855 beam=0.61777 homogeneity=0.0123 body=0.00000 bowel=0.04661 femur=0.00530
2026-05-22 17:37:53 [INFO] Step 50/54 Loss=17.5882 mse=0.3534 v_opt=0.06355 v_mand=0.00969 ptv=0.1653 ptv_max=0.00037 ring=0.00052 smooth=0.0248 laplacian=0.0684 beam=0.61604 homogeneity=0.0143 body=0.00000 bowel=0.06146 femur=0.00058
2026-05-22 17:37:56 [INFO] Step 54/54 Loss=12.0478 mse=0.2050 v_opt=0.01061 v_mand=0.00002 ptv=0.1664 ptv_max=0.00047 ring=0.00003 smooth=0.0138 laplacian=0.0357 beam=0.52253 homogeneity=0.0128 body=0.00000 bowel=0.00000 femur=0.00022
2026-05-22 17:37:56 [INFO] Running validation at epoch 34...
2026-05-22 17:38:25 [INFO] Epoch 34 Summary: Train=18.5800 Val=0.0358 (MSE=0.0358)
          Metrics: PTV_D95=51.40Gy Bladder=29.51Gy Rectum=31.47Gy
          Metrics: Ring=50.44Gy Dmax=370.23Gy BG=42.94Gy
2026-05-22 17:38:25 [INFO] [PHYSICS] Saved best model val_loss=0.0358
2026-05-22 17:38:25 [INFO] [CLINICAL] Saved best model Score=64.477 PTV_D95=51.40Gy Bladder=29.51Gy Rectum=31.47Gy
2026-05-22 17:38:25 [INFO] Epoch 35/300 [RAMP 35/75 (47% of physics)] ramp=0.467 lr=9.69e-05
2026-05-22 17:38:31 [INFO] Step 5/54 Loss=16.6669 mse=0.3245 v_opt=0.00830 v_mand=0.00000 ptv=0.1325 ptv_max=0.00070 ring=0.00001 smooth=0.0150 laplacian=0.0411 beam=0.64533 homogeneity=0.0126 body=0.00000 bowel=0.01537 femur=0.00486
2026-05-22 17:38:34 [INFO] Step 10/54 Loss=15.0805 mse=0.2982 v_opt=0.02231 v_mand=0.00050 ptv=0.1241 ptv_max=0.00030 ring=0.00009 smooth=0.0174 laplacian=0.0470 beam=0.55839 homogeneity=0.0092 body=0.00000 bowel=0.03859 femur=0.00101
2026-05-22 17:38:37 [INFO] Step 15/54 Loss=13.6266 mse=0.2191 v_opt=0.07385 v_mand=0.01365 ptv=0.1846 ptv_max=0.00056 ring=0.00000 smooth=0.0112 laplacian=0.0272 beam=0.56767 homogeneity=0.0180 body=0.00000 bowel=0.00000 femur=0.00000
2026-05-22 17:38:40 [INFO] Step 20/54 Loss=15.7969 mse=0.2778 v_opt=0.16990 v_mand=0.05146 ptv=0.0953 ptv_max=0.00111 ring=0.00018 smooth=0.0194 laplacian=0.0557 beam=0.55904 homogeneity=0.0095 body=0.00000 bowel=0.03027 femur=0.00171
2026-05-22 17:38:45 [INFO] Step 25/54 Loss=27.1288 mse=0.7023 v_opt=0.04426 v_mand=0.00803 ptv=0.0389 ptv_max=0.00144 ring=0.00011 smooth=0.0475 laplacian=0.1415 beam=0.74107 homogeneity=0.0065 body=0.00000 bowel=0.00000 femur=0.00000
2026-05-22 17:38:48 [INFO] Step 30/54 Loss=19.6217 mse=0.4280 v_opt=0.08161 v_mand=0.02754 ptv=0.0833 ptv_max=0.00076 ring=0.00032 smooth=0.0395 laplacian=0.1133 beam=0.58452 homogeneity=0.0071 body=0.00000 bowel=0.08423 femur=0.00018
2026-05-22 17:38:51 [INFO] Step 35/54 Loss=19.1245 mse=0.3826 v_opt=0.07872 v_mand=0.01907 ptv=0.1066 ptv_max=0.00089 ring=0.00005 smooth=0.0233 laplacian=0.0644 beam=0.60068 homogeneity=0.0092 body=0.00000 bowel=0.17285 femur=0.00354
2026-05-22 17:38:54 [INFO] Step 40/54 Loss=18.8235 mse=0.2304 v_opt=0.45238 v_mand=0.23076 ptv=0.1043 ptv_max=0.00065 ring=0.00008 smooth=0.0180 laplacian=0.0466 beam=0.53642 homogeneity=0.0069 body=0.00000 bowel=0.03675 femur=0.00592
2026-05-22 17:38:58 [INFO] Step 45/54 Loss=22.2563 mse=0.5346 v_opt=0.06604 v_mand=0.01791 ptv=0.0366 ptv_max=0.00125 ring=0.00014 smooth=0.0263 laplacian=0.0776 beam=0.67782 homogeneity=0.0054 body=0.00000 bowel=0.00000 femur=0.00000
2026-05-22 17:39:03 [INFO] Step 50/54 Loss=19.5648 mse=0.3376 v_opt=0.18442 v_mand=0.06838 ptv=0.1559 ptv_max=0.00017 ring=0.00006 smooth=0.0211 laplacian=0.0621 beam=0.67983 homogeneity=0.0111 body=0.00000 bowel=0.05211 femur=0.01341
2026-05-22 17:39:05 [INFO] Step 54/54 Loss=15.9402 mse=0.2945 v_opt=0.01120 v_mand=0.00003 ptv=0.1578 ptv_max=0.00021 ring=0.00001 smooth=0.0167 laplacian=0.0451 beam=0.60880 homogeneity=0.0133 body=0.00000 bowel=0.06751 femur=0.00049
2026-05-22 17:39:05 [INFO] Running validation at epoch 35...
2026-05-22 17:39:34 [INFO] Epoch 35 Summary: Train=18.6819 Val=0.0357 (MSE=0.0357)
          Metrics: PTV_D95=48.14Gy Bladder=28.22Gy Rectum=27.97Gy
          Metrics: Ring=48.16Gy Dmax=373.07Gy BG=42.85Gy
2026-05-22 17:39:34 [INFO] [PHYSICS] Saved best model val_loss=0.0357
2026-05-22 17:39:34 [INFO] Epoch 36/300 [RAMP 36/75 (48% of physics)] ramp=0.480 lr=9.67e-05
2026-05-22 17:39:41 [INFO] Step 5/54 Loss=30.4871 mse=0.7522 v_opt=0.09388 v_mand=0.03163 ptv=0.0687 ptv_max=0.00545 ring=0.00282 smooth=0.0447 laplacian=0.1368 beam=0.71480 homogeneity=0.0169 body=0.00000 bowel=0.10823 femur=0.04637
2026-05-22 17:39:44 [INFO] Step 10/54 Loss=26.3629 mse=0.5366 v_opt=0.00744 v_mand=0.00000 ptv=0.1375 ptv_max=0.02398 ring=0.00131 smooth=0.1107 laplacian=0.3094 beam=0.67599 homogeneity=0.0426 body=0.00000 bowel=0.16942 femur=0.00147
2026-05-22 17:39:47 [INFO] Step 15/54 Loss=18.4537 mse=0.3663 v_opt=0.03958 v_mand=0.00978 ptv=0.1763 ptv_max=0.00004 ring=0.00000 smooth=0.0205 laplacian=0.0582 beam=0.63894 homogeneity=0.0132 body=0.00000 bowel=0.03215 femur=0.00013
2026-05-22 17:39:50 [INFO] Step 20/54 Loss=20.9311 mse=0.4256 v_opt=0.01102 v_mand=0.00002 ptv=0.1573 ptv_max=0.00072 ring=0.00077 smooth=0.0620 laplacian=0.1714 beam=0.66627 homogeneity=0.0138 body=0.00000 bowel=0.12481 femur=0.00028
2026-05-22 17:39:55 [INFO] Step 25/54 Loss=13.8913 mse=0.2487 v_opt=0.03446 v_mand=0.00275 ptv=0.1014 ptv_max=0.00054 ring=0.00008 smooth=0.0252 laplacian=0.0692 beam=0.54009 homogeneity=0.0083 body=0.00000 bowel=0.04174 femur=0.00175
2026-05-22 17:39:58 [INFO] Step 30/54 Loss=15.1196 mse=0.2600 v_opt=0.03852 v_mand=0.00688 ptv=0.1485 ptv_max=0.00072 ring=0.00003 smooth=0.0184 laplacian=0.0509 beam=0.60181 homogeneity=0.0140 body=0.00000 bowel=0.02121 femur=0.00285
2026-05-22 17:40:01 [INFO] Step 35/54 Loss=15.3342 mse=0.2200 v_opt=0.22757 v_mand=0.08552 ptv=0.0806 ptv_max=0.00120 ring=0.00011 smooth=0.0185 laplacian=0.0486 beam=0.57116 homogeneity=0.0113 body=0.00000 bowel=0.00000 femur=0.00000
2026-05-22 17:40:04 [INFO] Step 40/54 Loss=10.1569 mse=0.1467 v_opt=0.00000 v_mand=0.00000 ptv=0.0000 ptv_max=0.00000 ring=0.00000 smooth=0.0143 laplacian=0.0369 beam=0.53293 homogeneity=0.0000 body=0.00000 bowel=0.00000 femur=0.00000
2026-05-22 17:40:10 [INFO] Step 45/54 Loss=15.8399 mse=0.3062 v_opt=0.05768 v_mand=0.00659 ptv=0.1252 ptv_max=0.00033 ring=0.00005 smooth=0.0254 laplacian=0.0717 beam=0.58787 homogeneity=0.0095 body=0.00000 bowel=0.00000 femur=0.00323
2026-05-22 17:40:12 [INFO] Step 50/54 Loss=14.4929 mse=0.2558 v_opt=0.04963 v_mand=0.00446 ptv=0.1061 ptv_max=0.00053 ring=0.00005 smooth=0.0125 laplacian=0.0333 beam=0.58493 homogeneity=0.0094 body=0.00000 bowel=0.02462 femur=0.00473
2026-05-22 17:40:14 [INFO] Step 54/54 Loss=11.8001 mse=0.1473 v_opt=0.04370 v_mand=0.00365 ptv=0.2338 ptv_max=0.00004 ring=0.00001 smooth=0.0116 laplacian=0.0290 beam=0.54816 homogeneity=0.0207 body=0.00000 bowel=0.00169 femur=0.00000
2026-05-22 17:40:14 [INFO] Running validation at epoch 36...
2026-05-22 17:40:44 [INFO] Epoch 36 Summary: Train=18.7283 Val=0.0355 (MSE=0.0355)
          Metrics: PTV_D95=49.81Gy Bladder=28.08Gy Rectum=31.41Gy
          Metrics: Ring=49.35Gy Dmax=370.15Gy BG=42.67Gy
2026-05-22 17:40:44 [INFO] [PHYSICS] Saved best model val_loss=0.0355
2026-05-22 17:40:44 [INFO] Epoch 37/300 [RAMP 37/75 (49% of physics)] ramp=0.493 lr=9.65e-05
2026-05-22 17:40:50 [INFO] Step 5/54 Loss=16.3485 mse=0.3098 v_opt=0.12178 v_mand=0.04034 ptv=0.0457 ptv_max=0.00198 ring=0.00017 smooth=0.0176 laplacian=0.0524 beam=0.45752 homogeneity=0.0083 body=0.00000 bowel=0.16559 femur=0.00538
2026-05-22 17:40:53 [INFO] Step 10/54 Loss=24.4919 mse=0.5523 v_opt=0.02047 v_mand=0.00132 ptv=0.0796 ptv_max=0.00038 ring=0.00003 smooth=0.1261 laplacian=0.3644 beam=0.70959 homogeneity=0.0056 body=0.00000 bowel=0.05057 femur=0.01400
2026-05-22 17:40:55 [INFO] Step 15/54 Loss=16.6963 mse=0.1683 v_opt=0.00000 v_mand=0.00000 ptv=0.9075 ptv_max=0.00009 ring=0.00025 smooth=0.0106 laplacian=0.0277 beam=0.53588 homogeneity=0.1338 body=0.00000 bowel=0.00000 femur=0.00000
2026-05-22 17:40:59 [INFO] Step 20/54 Loss=20.8751 mse=0.4250 v_opt=0.11384 v_mand=0.03431 ptv=0.1192 ptv_max=0.00024 ring=0.00001 smooth=0.0234 laplacian=0.0656 beam=0.61810 homogeneity=0.0092 body=0.00000 bowel=0.09431 femur=0.02015
2026-05-22 17:41:04 [INFO] Step 25/54 Loss=14.2733 mse=0.2624 v_opt=0.05501 v_mand=0.01439 ptv=0.1068 ptv_max=0.00010 ring=0.00001 smooth=0.0133 laplacian=0.0385 beam=0.51515 homogeneity=0.0063 body=0.00000 bowel=0.03323 femur=0.00143
2026-05-22 17:41:07 [INFO] Step 30/54 Loss=26.9891 mse=0.6384 v_opt=0.02447 v_mand=0.00120 ptv=0.0635 ptv_max=0.00340 ring=0.00068 smooth=0.1120 laplacian=0.3098 beam=0.70584 homogeneity=0.0131 body=0.00000 bowel=0.05813 femur=0.06497
2026-05-22 17:41:09 [INFO] Step 35/54 Loss=21.9635 mse=0.5067 v_opt=0.01061 v_mand=0.00000 ptv=0.1040 ptv_max=0.00095 ring=0.00016 smooth=0.0363 laplacian=0.1044 beam=0.65908 homogeneity=0.0116 body=0.00000 bowel=0.00277 femur=0.03299
2026-05-22 17:41:13 [INFO] Step 40/54 Loss=13.1614 mse=0.1686 v_opt=0.12499 v_mand=0.06021 ptv=0.0973 ptv_max=0.00028 ring=0.00001 smooth=0.0140 laplacian=0.0395 beam=0.43857 homogeneity=0.0061 body=0.00000 bowel=0.16654 femur=0.00618
2026-05-22 17:41:19 [INFO] Step 45/54 Loss=19.8308 mse=0.4044 v_opt=0.08296 v_mand=0.01751 ptv=0.0799 ptv_max=0.00070 ring=0.00006 smooth=0.0223 laplacian=0.0632 beam=0.65256 homogeneity=0.0069 body=0.00000 bowel=0.05557 femur=0.01361
2026-05-22 17:41:21 [INFO] Step 50/54 Loss=8.0641 mse=0.1870 v_opt=0.16260 v_mand=0.07734 ptv=0.1154 ptv_max=0.00520 ring=0.00027 smooth=0.0174 laplacian=0.0471 beam=0.00000 homogeneity=0.0244 body=0.00000 bowel=0.00000 femur=0.00000
2026-05-22 17:41:24 [INFO] Step 54/54 Loss=11.4408 mse=0.1845 v_opt=0.00000 v_mand=0.00000 ptv=0.0000 ptv_max=0.00000 ring=0.00000 smooth=0.0153 laplacian=0.0395 beam=0.54510 homogeneity=0.0000 body=0.00000 bowel=0.00000 femur=0.00000
2026-05-22 17:41:24 [INFO] Running validation at epoch 37...
2026-05-22 17:41:53 [INFO] Epoch 37 Summary: Train=18.6822 Val=0.0342 (MSE=0.0342)
          Metrics: PTV_D95=49.95Gy Bladder=29.47Gy Rectum=31.24Gy
          Metrics: Ring=49.72Gy Dmax=401.95Gy BG=42.06Gy
2026-05-22 17:41:53 [INFO] [PHYSICS] Saved best model val_loss=0.0342
2026-05-22 17:41:53 [INFO] Epoch 38/300 [RAMP 38/75 (51% of physics)] ramp=0.507 lr=9.63e-05
2026-05-22 17:41:59 [INFO] Step 5/54 Loss=35.8813 mse=0.9464 v_opt=0.15161 v_mand=0.05962 ptv=0.0497 ptv_max=0.01074 ring=0.00727 smooth=0.0898 laplacian=0.2740 beam=0.61676 homogeneity=0.0203 body=0.00000 bowel=0.08685 femur=0.00337
2026-05-22 17:42:02 [INFO] Step 10/54 Loss=22.0905 mse=0.5037 v_opt=0.02717 v_mand=0.00227 ptv=0.0689 ptv_max=0.00084 ring=0.00005 smooth=0.0321 laplacian=0.0945 beam=0.60850 homogeneity=0.0062 body=0.00000 bowel=0.09047 femur=0.05663
2026-05-22 17:42:05 [INFO] Step 15/54 Loss=24.7763 mse=0.6035 v_opt=0.00926 v_mand=0.00000 ptv=0.0650 ptv_max=0.00117 ring=0.00033 smooth=0.0366 laplacian=0.1193 beam=0.70023 homogeneity=0.0066 body=0.00000 bowel=0.00000 femur=0.00000
2026-05-22 17:42:08 [INFO] Step 20/54 Loss=34.6415 mse=0.8115 v_opt=0.10972 v_mand=0.04445 ptv=0.0432 ptv_max=0.01957 ring=0.00346 smooth=0.1459 laplacian=0.4715 beam=0.68331 homogeneity=0.0305 body=0.00000 bowel=0.14205 femur=0.01425
2026-05-22 17:42:12 [INFO] Step 25/54 Loss=12.7655 mse=0.2258 v_opt=0.09974 v_mand=0.02723 ptv=0.1588 ptv_max=0.00009 ring=0.00002 smooth=0.0113 laplacian=0.0311 beam=0.41108 homogeneity=0.0105 body=0.00000 bowel=0.01586 femur=0.00000
2026-05-22 17:42:16 [INFO] Step 30/54 Loss=21.5970 mse=0.4622 v_opt=0.12745 v_mand=0.04577 ptv=0.0977 ptv_max=0.00116 ring=0.00055 smooth=0.0431 laplacian=0.1184 beam=0.58763 homogeneity=0.0094 body=0.00000 bowel=0.03364 femur=0.00989
2026-05-22 17:42:19 [INFO] Step 35/54 Loss=20.8725 mse=0.4781 v_opt=0.00000 v_mand=0.00000 ptv=0.1350 ptv_max=0.00268 ring=0.00059 smooth=0.0937 laplacian=0.2501 beam=0.54094 homogeneity=0.0144 body=0.00000 bowel=0.04588 femur=0.00000
2026-05-22 17:42:22 [INFO] Step 40/54 Loss=17.1350 mse=0.3246 v_opt=0.04158 v_mand=0.00777 ptv=0.1057 ptv_max=0.00018 ring=0.00013 smooth=0.0236 laplacian=0.0635 beam=0.58065 homogeneity=0.0066 body=0.00000 bowel=0.08075 femur=0.00436
2026-05-22 17:42:25 [INFO] Step 45/54 Loss=29.1497 mse=0.6442 v_opt=0.00753 v_mand=0.00000 ptv=0.0676 ptv_max=0.02232 ring=0.01658 smooth=0.1338 laplacian=0.3962 beam=0.70200 homogeneity=0.0372 body=0.00000 bowel=0.07007 femur=0.00002
2026-05-22 17:42:29 [INFO] Step 50/54 Loss=22.5771 mse=0.5056 v_opt=0.03566 v_mand=0.00566 ptv=0.0374 ptv_max=0.00279 ring=0.00009 smooth=0.0397 laplacian=0.1130 beam=0.62956 homogeneity=0.0099 body=0.00000 bowel=0.12776 femur=0.00084
2026-05-22 17:42:31 [INFO] Step 54/54 Loss=17.9952 mse=0.3588 v_opt=0.03999 v_mand=0.00427 ptv=0.1032 ptv_max=0.00031 ring=0.00004 smooth=0.0415 laplacian=0.1132 beam=0.60205 homogeneity=0.0068 body=0.00000 bowel=0.04280 femur=0.00049
2026-05-22 17:42:31 [INFO] Running validation at epoch 38...
2026-05-22 17:43:01 [INFO] Epoch 38 Summary: Train=20.3693 Val=0.0339 (MSE=0.0339)
          Metrics: PTV_D95=48.48Gy Bladder=28.54Gy Rectum=32.25Gy
          Metrics: Ring=47.94Gy Dmax=400.70Gy BG=41.82Gy
2026-05-22 17:43:01 [INFO] [PHYSICS] Saved best model val_loss=0.0339
2026-05-22 17:43:01 [INFO] Epoch 39/300 [RAMP 39/75 (52% of physics)] ramp=0.520 lr=9.61e-05
2026-05-22 17:43:07 [INFO] Step 5/54 Loss=20.6773 mse=0.4283 v_opt=0.01736 v_mand=0.00102 ptv=0.1365 ptv_max=0.00026 ring=0.00095 smooth=0.0595 laplacian=0.1685 beam=0.63009 homogeneity=0.0083 body=0.00000 bowel=0.05669 femur=0.00000
2026-05-22 17:43:10 [INFO] Step 10/54 Loss=19.5736 mse=0.4671 v_opt=0.00226 v_mand=0.00000 ptv=0.1174 ptv_max=0.00096 ring=0.00135 smooth=0.0344 laplacian=0.1015 beam=0.51121 homogeneity=0.0087 body=0.00000 bowel=0.02172 femur=0.00220
2026-05-22 17:43:13 [INFO] Step 15/54 Loss=17.1309 mse=0.2880 v_opt=0.13121 v_mand=0.04805 ptv=0.1128 ptv_max=0.00166 ring=0.00003 smooth=0.0161 laplacian=0.0424 beam=0.57359 homogeneity=0.0124 body=0.00000 bowel=0.01376 femur=0.00346
2026-05-22 17:43:16 [INFO] Step 20/54 Loss=21.7940 mse=0.4346 v_opt=0.02049 v_mand=0.00135 ptv=0.1381 ptv_max=0.00009 ring=0.00000 smooth=0.0603 laplacian=0.1615 beam=0.67831 homogeneity=0.0098 body=0.00000 bowel=0.09956 femur=0.00000
2026-05-22 17:43:22 [INFO] Step 25/54 Loss=23.4522 mse=0.5520 v_opt=0.01228 v_mand=0.00000 ptv=0.0549 ptv_max=0.00289 ring=0.00066 smooth=0.0570 laplacian=0.1593 beam=0.56371 homogeneity=0.0112 body=0.00000 bowel=0.12108 femur=0.05596
2026-05-22 17:43:24 [INFO] Step 30/54 Loss=27.3319 mse=0.6356 v_opt=0.00107 v_mand=0.00000 ptv=0.0965 ptv_max=0.00583 ring=0.01397 smooth=0.0407 laplacian=0.1121 beam=0.71713 homogeneity=0.0173 body=0.00000 bowel=0.06413 femur=0.01126
2026-05-22 17:43:27 [INFO] Step 35/54 Loss=15.0283 mse=0.2018 v_opt=0.04737 v_mand=0.01384 ptv=0.2598 ptv_max=0.00026 ring=0.00000 smooth=0.0236 laplacian=0.0679 beam=0.59759 homogeneity=0.0235 body=0.00000 bowel=0.00000 femur=0.00000
2026-05-22 17:43:30 [INFO] Step 40/54 Loss=23.8655 mse=0.5649 v_opt=0.00998 v_mand=0.00000 ptv=0.0330 ptv_max=0.00453 ring=0.00205 smooth=0.0412 laplacian=0.1003 beam=0.67654 homogeneity=0.0111 body=0.00000 bowel=0.00000 femur=0.00000
2026-05-22 17:43:35 [INFO] Step 45/54 Loss=15.6338 mse=0.2708 v_opt=0.12272 v_mand=0.04461 ptv=0.1086 ptv_max=0.00046 ring=0.00021 smooth=0.0199 laplacian=0.0564 beam=0.49276 homogeneity=0.0087 body=0.00000 bowel=0.03829 femur=0.00408
2026-05-22 17:43:38 [INFO] Step 50/54 Loss=19.6375 mse=0.3803 v_opt=0.13246 v_mand=0.03820 ptv=0.0665 ptv_max=0.00099 ring=0.00010 smooth=0.0223 laplacian=0.0629 beam=0.61217 homogeneity=0.0072 body=0.00000 bowel=0.04513 femur=0.00301
2026-05-22 17:43:41 [INFO] Step 54/54 Loss=12.9278 mse=0.2002 v_opt=0.01782 v_mand=0.00011 ptv=0.2179 ptv_max=0.00000 ring=0.00000 smooth=0.0122 laplacian=0.0305 beam=0.49341 homogeneity=0.0180 body=0.00000 bowel=0.01032 femur=0.00000
2026-05-22 17:43:41 [INFO] Running validation at epoch 39...
2026-05-22 17:44:10 [INFO] Epoch 39 Summary: Train=18.7926 Val=0.0343 (MSE=0.0343)
          Metrics: PTV_D95=49.05Gy Bladder=27.26Gy Rectum=29.63Gy
          Metrics: Ring=47.91Gy Dmax=395.05Gy BG=42.02Gy
2026-05-22 17:44:10 [INFO] Epoch 40/300 [RAMP 40/75 (53% of physics)] ramp=0.533 lr=9.59e-05
2026-05-22 17:44:16 [INFO] Step 5/54 Loss=22.6361 mse=0.5339 v_opt=0.00422 v_mand=0.00126 ptv=0.0359 ptv_max=0.00592 ring=0.00281 smooth=0.0449 laplacian=0.1259 beam=0.55117 homogeneity=0.0155 body=0.00000 bowel=0.08611 femur=0.00000
2026-05-22 17:44:19 [INFO] Step 10/54 Loss=10.9863 mse=0.3450 v_opt=0.12707 v_mand=0.05596 ptv=0.0792 ptv_max=0.00009 ring=0.00000 smooth=0.0333 laplacian=0.0931 beam=0.00000 homogeneity=0.0035 body=0.00000 bowel=0.00000 femur=0.00000
2026-05-22 17:44:22 [INFO] Step 15/54 Loss=15.4272 mse=0.2803 v_opt=0.05274 v_mand=0.00887 ptv=0.1244 ptv_max=0.00011 ring=0.00003 smooth=0.0113 laplacian=0.0304 beam=0.51820 homogeneity=0.0070 body=0.00000 bowel=0.04795 femur=0.00009
2026-05-22 17:44:25 [INFO] Step 20/54 Loss=28.5632 mse=0.6673 v_opt=0.00073 v_mand=0.00000 ptv=0.0472 ptv_max=0.00792 ring=0.00442 smooth=0.0635 laplacian=0.1756 beam=0.70653 homogeneity=0.0170 body=0.00000 bowel=0.09048 femur=0.02465
2026-05-22 17:44:30 [INFO] Step 25/54 Loss=19.7257 mse=0.4206 v_opt=0.02974 v_mand=0.00493 ptv=0.0948 ptv_max=0.00057 ring=0.00051 smooth=0.0328 laplacian=0.0882 beam=0.54067 homogeneity=0.0070 body=0.00000 bowel=0.10092 femur=0.02790
2026-05-22 17:44:32 [INFO] Step 30/54 Loss=19.4210 mse=0.3576 v_opt=0.00000 v_mand=0.00000 ptv=0.0842 ptv_max=0.00092 ring=0.00029 smooth=0.0430 laplacian=0.1293 beam=0.61787 homogeneity=0.0067 body=0.00000 bowel=0.15982 femur=0.00000
2026-05-22 17:44:37 [INFO] Step 35/54 Loss=20.8916 mse=0.4739 v_opt=0.02812 v_mand=0.00068 ptv=0.0522 ptv_max=0.00231 ring=0.00017 smooth=0.0279 laplacian=0.0738 beam=0.59399 homogeneity=0.0089 body=0.00000 bowel=0.03661 femur=0.00201
2026-05-22 17:44:39 [INFO] Step 40/54 Loss=29.6496 mse=0.7038 v_opt=0.05673 v_mand=0.00482 ptv=0.0618 ptv_max=0.00465 ring=0.00171 smooth=0.0386 laplacian=0.1153 beam=0.73579 homogeneity=0.0134 body=0.00000 bowel=0.05878 femur=0.07495
2026-05-22 17:44:43 [INFO] Step 45/54 Loss=14.4615 mse=0.2097 v_opt=0.09211 v_mand=0.01728 ptv=0.1865 ptv_max=0.00014 ring=0.00003 smooth=0.0206 laplacian=0.0548 beam=0.53339 homogeneity=0.0161 body=0.00000 bowel=0.02658 femur=0.00000
2026-05-22 17:44:46 [INFO] Step 50/54 Loss=12.0900 mse=0.1961 v_opt=0.01158 v_mand=0.00006 ptv=0.1879 ptv_max=0.00002 ring=0.00000 smooth=0.0081 laplacian=0.0206 beam=0.44633 homogeneity=0.0150 body=0.00000 bowel=0.00000 femur=0.00000
2026-05-22 17:44:49 [INFO] Step 54/54 Loss=22.4296 mse=0.5107 v_opt=0.01328 v_mand=0.00000 ptv=0.0610 ptv_max=0.00138 ring=0.00023 smooth=0.0469 laplacian=0.1256 beam=0.60837 homogeneity=0.0084 body=0.00000 bowel=0.07948 femur=0.00248
2026-05-22 17:44:49 [INFO] Running validation at epoch 40...
2026-05-22 17:45:18 [INFO] Epoch 40 Summary: Train=19.6099 Val=0.0343 (MSE=0.0343)
          Metrics: PTV_D95=53.32Gy Bladder=28.84Gy Rectum=28.75Gy
          Metrics: Ring=52.22Gy Dmax=404.66Gy BG=41.98Gy
2026-05-22 17:45:18 [INFO] [CLINICAL] Saved best model Score=56.071 PTV_D95=53.32Gy Bladder=28.84Gy Rectum=28.75Gy
2026-05-22 17:45:18 [INFO] Epoch 41/300 [RAMP 41/75 (55% of physics)] ramp=0.547 lr=9.57e-05
2026-05-22 17:45:24 [INFO] Step 5/54 Loss=24.2039 mse=0.5622 v_opt=0.06606 v_mand=0.01844 ptv=0.0448 ptv_max=0.00190 ring=0.00034 smooth=0.0447 laplacian=0.1277 beam=0.56335 homogeneity=0.0081 body=0.00000 bowel=0.12210 femur=0.00103
2026-05-22 17:45:27 [INFO] Step 10/54 Loss=16.0923 mse=0.2817 v_opt=0.05462 v_mand=0.01004 ptv=0.1740 ptv_max=0.00005 ring=0.00000 smooth=0.0145 laplacian=0.0374 beam=0.54454 homogeneity=0.0118 body=0.00000 bowel=0.00954 femur=0.00000
2026-05-22 17:45:30 [INFO] Step 15/54 Loss=20.8549 mse=0.4338 v_opt=0.03800 v_mand=0.00624 ptv=0.0850 ptv_max=0.00084 ring=0.00024 smooth=0.0287 laplacian=0.0807 beam=0.57351 homogeneity=0.0078 body=0.00000 bowel=0.13426 femur=0.00002
2026-05-22 17:45:33 [INFO] Step 20/54 Loss=18.1926 mse=0.3293 v_opt=0.01237 v_mand=0.00029 ptv=0.0976 ptv_max=0.00440 ring=0.00016 smooth=0.0218 laplacian=0.0586 beam=0.63551 homogeneity=0.0164 body=0.00000 bowel=0.00000 femur=0.00111
2026-05-22 17:45:38 [INFO] Step 25/54 Loss=15.3387 mse=0.2592 v_opt=0.02075 v_mand=0.00009 ptv=0.1636 ptv_max=0.00016 ring=0.00000 smooth=0.0114 laplacian=0.0293 beam=0.55320 homogeneity=0.0130 body=0.00000 bowel=0.01661 femur=0.00000
2026-05-22 17:45:41 [INFO] Step 30/54 Loss=19.1863 mse=0.4010 v_opt=0.10175 v_mand=0.02517 ptv=0.0654 ptv_max=0.00044 ring=0.00001 smooth=0.0193 laplacian=0.0483 beam=0.56828 homogeneity=0.0055 body=0.00000 bowel=0.00000 femur=0.00000
2026-05-22 17:45:45 [INFO] Step 35/54 Loss=15.7064 mse=0.2622 v_opt=0.04952 v_mand=0.01337 ptv=0.1285 ptv_max=0.00032 ring=0.00000 smooth=0.0124 laplacian=0.0329 beam=0.56622 homogeneity=0.0116 body=0.00000 bowel=0.00000 femur=0.00771
2026-05-22 17:45:48 [INFO] Step 40/54 Loss=18.4727 mse=0.3360 v_opt=0.10857 v_mand=0.04884 ptv=0.0681 ptv_max=0.00047 ring=0.00001 smooth=0.0163 laplacian=0.0473 beam=0.53778 homogeneity=0.0054 body=0.00000 bowel=0.07945 femur=0.00161
2026-05-22 17:45:52 [INFO] Step 45/54 Loss=12.7980 mse=0.2168 v_opt=0.00000 v_mand=0.00000 ptv=0.1328 ptv_max=0.00014 ring=0.00002 smooth=0.0194 laplacian=0.0495 beam=0.43821 homogeneity=0.0082 body=0.00000 bowel=0.03759 femur=0.01938
2026-05-22 17:45:55 [INFO] Step 50/54 Loss=16.2901 mse=0.2985 v_opt=0.02413 v_mand=0.00012 ptv=0.1339 ptv_max=0.00010 ring=0.00000 smooth=0.0164 laplacian=0.0435 beam=0.56802 homogeneity=0.0091 body=0.00000 bowel=0.00659 femur=0.00249
2026-05-22 17:45:58 [INFO] Step 54/54 Loss=21.1530 mse=0.4476 v_opt=0.03733 v_mand=0.00567 ptv=0.0842 ptv_max=0.00138 ring=0.00019 smooth=0.0316 laplacian=0.0895 beam=0.53742 homogeneity=0.0081 body=0.00000 bowel=0.16916 femur=0.01989
2026-05-22 17:45:58 [INFO] Running validation at epoch 41...
2026-05-22 17:46:27 [INFO] Epoch 41 Summary: Train=19.5099 Val=0.0325 (MSE=0.0325)
          Metrics: PTV_D95=50.32Gy Bladder=29.10Gy Rectum=33.61Gy
          Metrics: Ring=50.17Gy Dmax=437.68Gy BG=41.07Gy
2026-05-22 17:46:27 [INFO] [PHYSICS] Saved best model val_loss=0.0325
2026-05-22 17:46:27 [INFO] Epoch 42/300 [RAMP 42/75 (56% of physics)] ramp=0.560 lr=9.55e-05
2026-05-22 17:46:33 [INFO] Step 5/54 Loss=21.6820 mse=0.4453 v_opt=0.10241 v_mand=0.02584 ptv=0.0192 ptv_max=0.00353 ring=0.00013 smooth=0.0347 laplacian=0.0912 beam=0.63675 homogeneity=0.0105 body=0.00000 bowel=0.00000 femur=0.00000
2026-05-22 17:46:36 [INFO] Step 10/54 Loss=13.2654 mse=0.1961 v_opt=0.08086 v_mand=0.01364 ptv=0.0433 ptv_max=0.00037 ring=0.00000 smooth=0.0199 laplacian=0.0491 beam=0.53059 homogeneity=0.0035 body=0.00000 bowel=0.00000 femur=0.00000
2026-05-22 17:46:39 [INFO] Step 15/54 Loss=13.3821 mse=0.2075 v_opt=0.01270 v_mand=0.00004 ptv=0.1188 ptv_max=0.00027 ring=0.00001 smooth=0.0112 laplacian=0.0300 beam=0.51849 homogeneity=0.0082 body=0.00000 bowel=0.00536 femur=0.00069
2026-05-22 17:46:42 [INFO] Step 20/54 Loss=18.6091 mse=0.3386 v_opt=0.05278 v_mand=0.00886 ptv=0.1101 ptv_max=0.00036 ring=0.00001 smooth=0.0170 laplacian=0.0471 beam=0.59487 homogeneity=0.0086 body=0.00000 bowel=0.06162 femur=0.01921
2026-05-22 17:46:48 [INFO] Step 25/54 Loss=17.5940 mse=0.3156 v_opt=0.05942 v_mand=0.01076 ptv=0.1185 ptv_max=0.00013 ring=0.00001 smooth=0.0202 laplacian=0.0514 beam=0.59794 homogeneity=0.0073 body=0.00000 bowel=0.00441 femur=0.00295
2026-05-22 17:46:51 [INFO] Step 30/54 Loss=28.8627 mse=0.6016 v_opt=0.00032 v_mand=0.00000 ptv=0.0776 ptv_max=0.02301 ring=0.00772 smooth=0.0626 laplacian=0.1867 beam=0.60283 homogeneity=0.0378 body=0.00000 bowel=0.10966 femur=0.18712
2026-05-22 17:46:53 [INFO] Step 35/54 Loss=20.4266 mse=0.4544 v_opt=0.00000 v_mand=0.00000 ptv=0.1060 ptv_max=0.00167 ring=0.00092 smooth=0.0827 laplacian=0.2145 beam=0.53921 homogeneity=0.0114 body=0.00000 bowel=0.00000 femur=0.00000
2026-05-22 17:46:57 [INFO] Step 40/54 Loss=17.5045 mse=0.3081 v_opt=0.06472 v_mand=0.00789 ptv=0.0888 ptv_max=0.00035 ring=0.00000 smooth=0.0152 laplacian=0.0400 beam=0.57541 homogeneity=0.0065 body=0.00000 bowel=0.08650 femur=0.00108
2026-05-22 17:47:02 [INFO] Step 45/54 Loss=12.3573 mse=0.1949 v_opt=0.01170 v_mand=0.00007 ptv=0.1739 ptv_max=0.00047 ring=0.00016 smooth=0.0139 laplacian=0.0361 beam=0.44172 homogeneity=0.0136 body=0.00000 bowel=0.00094 femur=0.00038
2026-05-22 17:47:05 [INFO] Step 50/54 Loss=16.5081 mse=0.2932 v_opt=0.05324 v_mand=0.00689 ptv=0.0946 ptv_max=0.00010 ring=0.00003 smooth=0.0154 laplacian=0.0415 beam=0.55634 homogeneity=0.0045 body=0.00000 bowel=0.04990 femur=0.00075
2026-05-22 17:47:07 [INFO] Step 54/54 Loss=16.8925 mse=0.2841 v_opt=0.11740 v_mand=0.04532 ptv=0.0347 ptv_max=0.00069 ring=0.00001 smooth=0.0134 laplacian=0.0351 beam=0.57020 homogeneity=0.0043 body=0.00000 bowel=0.00000 femur=0.00000
2026-05-22 17:47:07 [INFO] Running validation at epoch 42...
2026-05-22 17:47:36 [INFO] Epoch 42 Summary: Train=18.2906 Val=0.0326 (MSE=0.0326)
          Metrics: PTV_D95=50.94Gy Bladder=28.90Gy Rectum=31.45Gy
          Metrics: Ring=49.59Gy Dmax=414.82Gy BG=41.02Gy
2026-05-22 17:47:36 [INFO] Epoch 43/300 [RAMP 43/75 (57% of physics)] ramp=0.573 lr=9.53e-05
2026-05-22 17:47:42 [INFO] Step 5/54 Loss=17.2302 mse=0.3210 v_opt=0.11093 v_mand=0.03091 ptv=0.0747 ptv_max=0.00047 ring=0.00021 smooth=0.0275 laplacian=0.0752 beam=0.49470 homogeneity=0.0056 body=0.00000 bowel=0.03540 femur=0.00533
2026-05-22 17:47:46 [INFO] Step 10/54 Loss=21.4249 mse=0.4494 v_opt=0.07139 v_mand=0.01608 ptv=0.0672 ptv_max=0.00067 ring=0.00005 smooth=0.0254 laplacian=0.0703 beam=0.59142 homogeneity=0.0066 body=0.00000 bowel=0.04828 femur=0.00355
2026-05-22 17:47:49 [INFO] Step 15/54 Loss=19.6549 mse=0.4376 v_opt=0.08553 v_mand=0.01812 ptv=0.0570 ptv_max=0.00186 ring=0.00213 smooth=0.0358 laplacian=0.0914 beam=0.47936 homogeneity=0.0085 body=0.00000 bowel=0.03932 femur=0.00036
2026-05-22 17:47:51 [INFO] Step 20/54 Loss=15.9672 mse=0.2562 v_opt=0.16382 v_mand=0.07985 ptv=0.1385 ptv_max=0.00005 ring=0.00002 smooth=0.0119 laplacian=0.0313 beam=0.40618 homogeneity=0.0084 body=0.00000 bowel=0.03093 femur=0.00129
2026-05-22 17:47:55 [INFO] Step 25/54 Loss=27.4753 mse=0.6609 v_opt=0.00000 v_mand=0.00000 ptv=0.0706 ptv_max=0.00144 ring=0.00619 smooth=0.0387 laplacian=0.1086 beam=0.62375 homogeneity=0.0068 body=0.00000 bowel=0.06172 femur=0.08528
2026-05-22 17:48:00 [INFO] Step 30/54 Loss=16.5288 mse=0.3583 v_opt=0.07224 v_mand=0.01549 ptv=0.0885 ptv_max=0.00093 ring=0.00016 smooth=0.0315 laplacian=0.0859 beam=0.39874 homogeneity=0.0083 body=0.00000 bowel=0.04294 femur=0.00195
2026-05-22 17:48:03 [INFO] Step 35/54 Loss=14.4289 mse=0.1826 v_opt=0.15327 v_mand=0.04581 ptv=0.0150 ptv_max=0.00411 ring=0.00018 smooth=0.0091 laplacian=0.0245 beam=0.53879 homogeneity=0.0118 body=0.00000 bowel=0.00000 femur=0.00000
2026-05-22 17:48:06 [INFO] Step 40/54 Loss=21.6761 mse=0.5279 v_opt=0.04669 v_mand=0.00570 ptv=0.0563 ptv_max=0.00292 ring=0.00003 smooth=0.0339 laplacian=0.0888 beam=0.50664 homogeneity=0.0133 body=0.00000 bowel=0.00000 femur=0.00000
2026-05-22 17:48:09 [INFO] Step 45/54 Loss=22.9841 mse=0.4516 v_opt=0.03197 v_mand=0.00574 ptv=0.0813 ptv_max=0.00078 ring=0.00001 smooth=0.0271 laplacian=0.0764 beam=0.60401 homogeneity=0.0067 body=0.00000 bowel=0.19046 femur=0.06177
2026-05-22 17:48:13 [INFO] Step 50/54 Loss=15.7637 mse=0.2124 v_opt=0.01822 v_mand=0.00121 ptv=0.2314 ptv_max=0.00002 ring=0.00000 smooth=0.0118 laplacian=0.0290 beam=0.57117 homogeneity=0.0183 body=0.00000 bowel=0.06793 femur=0.00000
2026-05-22 17:48:16 [INFO] Step 54/54 Loss=22.2075 mse=0.3747 v_opt=0.25296 v_mand=0.12369 ptv=0.0862 ptv_max=0.00073 ring=0.00004 smooth=0.0213 laplacian=0.0605 beam=0.53828 homogeneity=0.0081 body=0.00000 bowel=0.02730 femur=0.03790
2026-05-22 17:48:16 [INFO] Running validation at epoch 43...
2026-05-22 17:48:45 [INFO] Epoch 43 Summary: Train=19.8212 Val=0.0320 (MSE=0.0320)
          Metrics: PTV_D95=51.70Gy Bladder=27.43Gy Rectum=32.29Gy
          Metrics: Ring=50.12Gy Dmax=408.12Gy BG=40.70Gy
2026-05-22 17:48:45 [INFO] [PHYSICS] Saved best model val_loss=0.0320
2026-05-22 17:48:45 [INFO] Epoch 44/300 [RAMP 44/75 (59% of physics)] ramp=0.587 lr=9.51e-05
2026-05-22 17:48:51 [INFO] Step 5/54 Loss=16.2472 mse=0.2650 v_opt=0.03662 v_mand=0.00215 ptv=0.1348 ptv_max=0.00022 ring=0.00000 smooth=0.0171 laplacian=0.0423 beam=0.57385 homogeneity=0.0106 body=0.00000 bowel=0.00352 femur=0.00004
2026-05-22 17:48:54 [INFO] Step 10/54 Loss=17.0564 mse=0.2876 v_opt=0.09483 v_mand=0.02900 ptv=0.0991 ptv_max=0.00020 ring=0.00005 smooth=0.0161 laplacian=0.0431 beam=0.51601 homogeneity=0.0055 body=0.00000 bowel=0.04973 femur=0.01678
2026-05-22 17:48:58 [INFO] Step 15/54 Loss=27.5649 mse=0.7152 v_opt=0.01085 v_mand=0.00040 ptv=0.0555 ptv_max=0.00190 ring=0.00085 smooth=0.0729 laplacian=0.1907 beam=0.52908 homogeneity=0.0077 body=0.00000 bowel=0.07921 femur=0.00182
2026-05-22 17:49:00 [INFO] Step 20/54 Loss=12.6390 mse=0.1986 v_opt=0.05503 v_mand=0.01763 ptv=0.0879 ptv_max=0.00078 ring=0.00004 smooth=0.0103 laplacian=0.0271 beam=0.43044 homogeneity=0.0078 body=0.00000 bowel=0.00000 femur=0.00282
2026-05-22 17:49:05 [INFO] Step 25/54 Loss=19.0308 mse=0.3161 v_opt=0.15075 v_mand=0.06046 ptv=0.0571 ptv_max=0.00036 ring=0.00001 smooth=0.0205 laplacian=0.0538 beam=0.56861 homogeneity=0.0044 body=0.00000 bowel=0.00352 femur=0.03714
2026-05-22 17:49:08 [INFO] Step 30/54 Loss=15.6577 mse=0.2844 v_opt=0.01644 v_mand=0.00072 ptv=0.0836 ptv_max=0.00172 ring=0.00000 smooth=0.0098 laplacian=0.0250 beam=0.52312 homogeneity=0.0096 body=0.00000 bowel=0.00000 femur=0.00000
2026-05-22 17:49:12 [INFO] Step 35/54 Loss=21.5303 mse=0.4315 v_opt=0.08322 v_mand=0.02088 ptv=0.0218 ptv_max=0.00201 ring=0.00003 smooth=0.0443 laplacian=0.1103 beam=0.63268 homogeneity=0.0083 body=0.00000 bowel=0.00000 femur=0.00000
2026-05-22 17:49:14 [INFO] Step 40/54 Loss=17.4154 mse=0.3295 v_opt=0.03026 v_mand=0.00271 ptv=0.0354 ptv_max=0.00126 ring=0.00000 smooth=0.0098 laplacian=0.0266 beam=0.58499 homogeneity=0.0070 body=0.00000 bowel=0.00000 femur=0.00000
2026-05-22 17:49:19 [INFO] Step 45/54 Loss=27.8094 mse=0.5877 v_opt=0.02438 v_mand=0.00047 ptv=0.1009 ptv_max=0.00043 ring=0.00108 smooth=0.1594 laplacian=0.4531 beam=0.72494 homogeneity=0.0064 body=0.00000 bowel=0.03440 femur=0.00035
2026-05-22 17:49:22 [INFO] Step 50/54 Loss=28.6308 mse=0.6565 v_opt=0.00863 v_mand=0.00000 ptv=0.1181 ptv_max=0.00431 ring=0.00061 smooth=0.1082 laplacian=0.2989 beam=0.62982 homogeneity=0.0143 body=0.00000 bowel=0.08930 femur=0.00000
2026-05-22 17:49:25 [INFO] Step 54/54 Loss=20.9587 mse=0.4390 v_opt=0.07873 v_mand=0.02054 ptv=0.0986 ptv_max=0.00044 ring=0.00004 smooth=0.0173 laplacian=0.0469 beam=0.54982 homogeneity=0.0067 body=0.00000 bowel=0.03949 femur=0.00577
2026-05-22 17:49:25 [INFO] Running validation at epoch 44...
2026-05-22 17:49:54 [INFO] Epoch 44 Summary: Train=18.1113 Val=0.0319 (MSE=0.0319)
          Metrics: PTV_D95=51.86Gy Bladder=26.44Gy Rectum=28.74Gy
          Metrics: Ring=49.91Gy Dmax=422.99Gy BG=40.66Gy
2026-05-22 17:49:54 [INFO] [PHYSICS] Saved best model val_loss=0.0319
2026-05-22 17:49:54 [INFO] Epoch 45/300 [RAMP 45/75 (60% of physics)] ramp=0.600 lr=9.48e-05
2026-05-22 17:50:01 [INFO] Step 5/54 Loss=22.8607 mse=0.4661 v_opt=0.01972 v_mand=0.00062 ptv=0.1054 ptv_max=0.00108 ring=0.00018 smooth=0.0549 laplacian=0.1489 beam=0.65541 homogeneity=0.0085 body=0.00000 bowel=0.00000 femur=0.00357
2026-05-22 17:50:04 [INFO] Step 10/54 Loss=13.8627 mse=0.1436 v_opt=0.11718 v_mand=0.05520 ptv=0.1212 ptv_max=0.00104 ring=0.00001 smooth=0.0089 laplacian=0.0211 beam=0.49601 homogeneity=0.0115 body=0.00000 bowel=0.00079 femur=0.00000
2026-05-22 17:50:07 [INFO] Step 15/54 Loss=16.1469 mse=0.2509 v_opt=0.05044 v_mand=0.00696 ptv=0.1101 ptv_max=0.00024 ring=0.00006 smooth=0.0151 laplacian=0.0382 beam=0.57933 homogeneity=0.0077 body=0.00000 bowel=0.00198 femur=0.00000
2026-05-22 17:50:10 [INFO] Step 20/54 Loss=20.9300 mse=0.4429 v_opt=0.02726 v_mand=0.00173 ptv=0.0461 ptv_max=0.00132 ring=0.00055 smooth=0.0466 laplacian=0.1303 beam=0.56955 homogeneity=0.0061 body=0.00000 bowel=0.03730 femur=0.00000
2026-05-22 17:50:14 [INFO] Step 25/54 Loss=17.1175 mse=0.2895 v_opt=0.03081 v_mand=0.00327 ptv=0.1445 ptv_max=0.00033 ring=0.00000 smooth=0.0123 laplacian=0.0319 beam=0.56958 homogeneity=0.0096 body=0.00000 bowel=0.00951 femur=0.00027
2026-05-22 17:50:18 [INFO] Step 30/54 Loss=13.8885 mse=0.2108 v_opt=0.08092 v_mand=0.02150 ptv=0.0623 ptv_max=0.00062 ring=0.00006 smooth=0.0150 laplacian=0.0388 beam=0.48447 homogeneity=0.0045 body=0.00000 bowel=0.00000 femur=0.00000
2026-05-22 17:50:21 [INFO] Step 35/54 Loss=15.0082 mse=0.1810 v_opt=0.11646 v_mand=0.03471 ptv=0.1050 ptv_max=0.00024 ring=0.00004 smooth=0.0129 laplacian=0.0341 beam=0.51883 homogeneity=0.0066 body=0.00000 bowel=0.07212 femur=0.00487
2026-05-22 17:50:24 [INFO] Step 40/54 Loss=20.4540 mse=0.4392 v_opt=0.01199 v_mand=0.00000 ptv=0.0654 ptv_max=0.00053 ring=0.00005 smooth=0.0230 laplacian=0.0626 beam=0.51308 homogeneity=0.0047 body=0.00000 bowel=0.09942 femur=0.02818
2026-05-22 17:50:27 [INFO] Step 45/54 Loss=20.8342 mse=0.3927 v_opt=0.10927 v_mand=0.04085 ptv=0.0717 ptv_max=0.00068 ring=0.00041 smooth=0.0266 laplacian=0.0695 beam=0.55193 homogeneity=0.0062 body=0.00000 bowel=0.05254 femur=0.01903
2026-05-22 17:50:32 [INFO] Step 50/54 Loss=26.4954 mse=0.6056 v_opt=0.01115 v_mand=0.00000 ptv=0.0846 ptv_max=0.00572 ring=0.00387 smooth=0.0233 laplacian=0.0711 beam=0.59550 homogeneity=0.0172 body=0.00000 bowel=0.05996 femur=0.06341
2026-05-22 17:50:34 [INFO] Step 54/54 Loss=13.4611 mse=0.1745 v_opt=0.01213 v_mand=0.00000 ptv=0.1469 ptv_max=0.00009 ring=0.00001 smooth=0.0120 laplacian=0.0290 beam=0.52999 homogeneity=0.0096 body=0.00000 bowel=0.00407 femur=0.00000
2026-05-22 17:50:34 [INFO] Running validation at epoch 45...
2026-05-22 17:51:04 [INFO] Epoch 45 Summary: Train=19.5278 Val=0.0308 (MSE=0.0308)
          Metrics: PTV_D95=52.88Gy Bladder=27.13Gy Rectum=32.15Gy
          Metrics: Ring=51.21Gy Dmax=452.40Gy BG=39.97Gy
2026-05-22 17:51:04 [INFO] [PHYSICS] Saved best model val_loss=0.0308
2026-05-22 17:51:04 [INFO] Epoch 46/300 [RAMP 46/75 (61% of physics)] ramp=0.613 lr=9.46e-05
2026-05-22 17:51:09 [INFO] Step 5/54 Loss=24.5015 mse=0.5879 v_opt=0.05809 v_mand=0.01346 ptv=0.0509 ptv_max=0.00282 ring=0.00267 smooth=0.0462 laplacian=0.1277 beam=0.49582 homogeneity=0.0092 body=0.00000 bowel=0.06207 femur=0.00290
2026-05-22 17:51:13 [INFO] Step 10/54 Loss=15.5374 mse=0.2620 v_opt=0.01446 v_mand=0.00018 ptv=0.1059 ptv_max=0.00016 ring=0.00001 smooth=0.0101 laplacian=0.0253 beam=0.52844 homogeneity=0.0063 body=0.00000 bowel=0.00376 femur=0.00000
2026-05-22 17:51:15 [INFO] Step 15/54 Loss=16.5508 mse=0.2267 v_opt=0.13172 v_mand=0.04344 ptv=0.0535 ptv_max=0.00120 ring=0.00001 smooth=0.0132 laplacian=0.0330 beam=0.57133 homogeneity=0.0066 body=0.00000 bowel=0.00000 femur=0.00000
2026-05-22 17:51:18 [INFO] Step 20/54 Loss=23.8198 mse=0.4764 v_opt=0.04247 v_mand=0.00926 ptv=0.0514 ptv_max=0.00115 ring=0.00019 smooth=0.0258 laplacian=0.0720 beam=0.57803 homogeneity=0.0053 body=0.00000 bowel=0.18381 femur=0.04802
2026-05-22 17:51:24 [INFO] Step 25/54 Loss=24.2840 mse=0.5337 v_opt=0.00000 v_mand=0.00000 ptv=0.0866 ptv_max=0.00146 ring=0.00320 smooth=0.0319 laplacian=0.0902 beam=0.60362 homogeneity=0.0095 body=0.00000 bowel=0.06139 femur=0.00240
2026-05-22 17:51:27 [INFO] Step 30/54 Loss=21.5155 mse=0.4983 v_opt=0.00148 v_mand=0.00000 ptv=0.0899 ptv_max=0.00198 ring=0.00095 smooth=0.0184 laplacian=0.0555 beam=0.50667 homogeneity=0.0110 body=0.00000 bowel=0.02433 femur=0.00069
2026-05-22 17:51:30 [INFO] Step 35/54 Loss=34.8734 mse=0.7127 v_opt=0.18591 v_mand=0.09317 ptv=0.0433 ptv_max=0.01549 ring=0.00312 smooth=0.0917 laplacian=0.2468 beam=0.63680 homogeneity=0.0262 body=0.00000 bowel=0.13456 femur=0.01880
2026-05-22 17:51:33 [INFO] Step 40/54 Loss=12.1115 mse=0.1962 v_opt=0.03706 v_mand=0.00248 ptv=0.1517 ptv_max=0.00005 ring=0.00003 smooth=0.0106 laplacian=0.0267 beam=0.38785 homogeneity=0.0092 body=0.00000 bowel=0.00000 femur=0.00000
2026-05-22 17:51:38 [INFO] Step 45/54 Loss=15.7971 mse=0.2743 v_opt=0.01388 v_mand=0.00000 ptv=0.0289 ptv_max=0.00094 ring=0.00005 smooth=0.0118 laplacian=0.0310 beam=0.55414 homogeneity=0.0048 body=0.00000 bowel=0.00000 femur=0.00000
2026-05-22 17:51:41 [INFO] Step 50/54 Loss=20.7497 mse=0.4026 v_opt=0.12970 v_mand=0.04570 ptv=0.0449 ptv_max=0.00160 ring=0.00055 smooth=0.0300 laplacian=0.0794 beam=0.50697 homogeneity=0.0071 body=0.00000 bowel=0.05954 femur=0.00403
2026-05-22 17:51:43 [INFO] Step 54/54 Loss=19.1004 mse=0.3648 v_opt=0.02412 v_mand=0.00280 ptv=0.0825 ptv_max=0.00079 ring=0.00001 smooth=0.0174 laplacian=0.0480 beam=0.58948 homogeneity=0.0072 body=0.00000 bowel=0.00000 femur=0.00000
2026-05-22 17:51:43 [INFO] Running validation at epoch 46...
2026-05-22 17:52:13 [INFO] Epoch 46 Summary: Train=19.2497 Val=0.0323 (MSE=0.0323)
          Metrics: PTV_D95=50.20Gy Bladder=27.00Gy Rectum=29.54Gy
          Metrics: Ring=48.99Gy Dmax=434.25Gy BG=40.59Gy
2026-05-22 17:52:13 [INFO] Epoch 47/300 [RAMP 47/75 (63% of physics)] ramp=0.627 lr=9.44e-05
2026-05-22 17:52:18 [INFO] Step 5/54 Loss=21.5523 mse=0.4647 v_opt=0.05364 v_mand=0.01263 ptv=0.0657 ptv_max=0.00112 ring=0.00022 smooth=0.0600 laplacian=0.1545 beam=0.48524 homogeneity=0.0066 body=0.00000 bowel=0.07243 femur=0.01032
2026-05-22 17:52:21 [INFO] Step 10/54 Loss=17.3620 mse=0.2793 v_opt=0.08163 v_mand=0.02337 ptv=0.1159 ptv_max=0.00012 ring=0.00003 smooth=0.0126 laplacian=0.0312 beam=0.54397 homogeneity=0.0079 body=0.00000 bowel=0.00862 femur=0.00000
2026-05-22 17:52:24 [INFO] Step 15/54 Loss=21.2657 mse=0.4400 v_opt=0.07677 v_mand=0.01583 ptv=0.0526 ptv_max=0.00222 ring=0.00017 smooth=0.0241 laplacian=0.0672 beam=0.56081 homogeneity=0.0093 body=0.00000 bowel=0.00000 femur=0.00099
2026-05-22 17:52:28 [INFO] Step 20/54 Loss=15.0800 mse=0.2333 v_opt=0.02311 v_mand=0.00243 ptv=0.0855 ptv_max=0.00050 ring=0.00030 smooth=0.0158 laplacian=0.0409 beam=0.51029 homogeneity=0.0069 body=0.00000 bowel=0.03514 femur=0.00109
2026-05-22 17:52:32 [INFO] Step 25/54 Loss=28.6945 mse=0.6472 v_opt=0.08323 v_mand=0.01797 ptv=0.0419 ptv_max=0.00128 ring=0.00064 smooth=0.0469 laplacian=0.1263 beam=0.61135 homogeneity=0.0059 body=0.00000 bowel=0.09126 femur=0.08364
2026-05-22 17:52:36 [INFO] Step 30/54 Loss=20.6611 mse=0.3829 v_opt=0.11638 v_mand=0.04576 ptv=0.0647 ptv_max=0.00046 ring=0.00011 smooth=0.0177 laplacian=0.0473 beam=0.56041 homogeneity=0.0049 body=0.00000 bowel=0.00542 femur=0.00128
2026-05-22 17:52:39 [INFO] Step 35/54 Loss=16.4938 mse=0.2886 v_opt=0.03493 v_mand=0.00331 ptv=0.0903 ptv_max=0.00014 ring=0.00002 smooth=0.0123 laplacian=0.0324 beam=0.53485 homogeneity=0.0049 body=0.00000 bowel=0.00004 femur=0.00041
2026-05-22 17:52:42 [INFO] Step 40/54 Loss=13.6426 mse=0.2434 v_opt=0.00310 v_mand=0.00000 ptv=0.1680 ptv_max=0.00001 ring=0.00001 smooth=0.0072 laplacian=0.0180 beam=0.39411 homogeneity=0.0106 body=0.00000 bowel=0.01394 femur=0.00000
2026-05-22 17:52:45 [INFO] Step 45/54 Loss=26.6850 mse=0.5668 v_opt=0.01808 v_mand=0.00087 ptv=0.0396 ptv_max=0.00170 ring=0.00023 smooth=0.0825 laplacian=0.2030 beam=0.63182 homogeneity=0.0073 body=0.00000 bowel=0.13785 femur=0.01291
2026-05-22 17:52:50 [INFO] Step 50/54 Loss=30.6479 mse=0.6919 v_opt=0.01219 v_mand=0.00109 ptv=0.0100 ptv_max=0.01264 ring=0.00804 smooth=0.0400 laplacian=0.1089 beam=0.72101 homogeneity=0.0249 body=0.00000 bowel=0.00000 femur=0.00000
2026-05-22 17:52:52 [INFO] Step 54/54 Loss=16.8609 mse=0.3030 v_opt=0.06901 v_mand=0.02208 ptv=0.1088 ptv_max=0.00053 ring=0.00054 smooth=0.0201 laplacian=0.0530 beam=0.40707 homogeneity=0.0105 body=0.00000 bowel=0.11515 femur=0.00000
2026-05-22 17:52:52 [INFO] Running validation at epoch 47...
2026-05-22 17:53:22 [INFO] Epoch 47 Summary: Train=19.0527 Val=0.0303 (MSE=0.0303)
          Metrics: PTV_D95=50.47Gy Bladder=28.12Gy Rectum=28.45Gy
          Metrics: Ring=48.34Gy Dmax=502.36Gy BG=39.63Gy
2026-05-22 17:53:22 [INFO] [PHYSICS] Saved best model val_loss=0.0303
2026-05-22 17:53:22 [INFO] Epoch 48/300 [RAMP 48/75 (64% of physics)] ramp=0.640 lr=9.41e-05
2026-05-22 17:53:28 [INFO] Step 5/54 Loss=22.6632 mse=0.4209 v_opt=0.10138 v_mand=0.03319 ptv=0.0786 ptv_max=0.00020 ring=0.00010 smooth=0.0331 laplacian=0.0862 beam=0.60063 homogeneity=0.0048 body=0.00000 bowel=0.04733 femur=0.00055
2026-05-22 17:53:31 [INFO] Step 10/54 Loss=26.0284 mse=0.6176 v_opt=0.02714 v_mand=0.00254 ptv=0.0575 ptv_max=0.00252 ring=0.00548 smooth=0.0301 laplacian=0.0867 beam=0.57264 homogeneity=0.0092 body=0.00000 bowel=0.01090 femur=0.02005
2026-05-22 17:53:34 [INFO] Step 15/54 Loss=15.3923 mse=0.1960 v_opt=0.08420 v_mand=0.02593 ptv=0.1394 ptv_max=0.00009 ring=0.00002 smooth=0.0107 laplacian=0.0265 beam=0.52732 homogeneity=0.0097 body=0.00000 bowel=0.00000 femur=0.00000
2026-05-22 17:53:37 [INFO] Step 20/54 Loss=18.3566 mse=0.3298 v_opt=0.01132 v_mand=0.00001 ptv=0.0888 ptv_max=0.00029 ring=0.00002 smooth=0.0185 laplacian=0.0474 beam=0.57136 homogeneity=0.0068 body=0.00000 bowel=0.00580 femur=0.00830
2026-05-22 17:53:42 [INFO] Step 25/54 Loss=19.5109 mse=0.3778 v_opt=0.01808 v_mand=0.00119 ptv=0.1167 ptv_max=0.00085 ring=0.00025 smooth=0.0253 laplacian=0.0676 beam=0.51043 homogeneity=0.0107 body=0.00000 bowel=0.05864 femur=0.01170
2026-05-22 17:53:45 [INFO] Step 30/54 Loss=16.3658 mse=0.2753 v_opt=0.01943 v_mand=0.00155 ptv=0.0000 ptv_max=0.00000 ring=0.00000 smooth=0.0289 laplacian=0.0719 beam=0.57257 homogeneity=0.0000 body=0.00000 bowel=0.00000 femur=0.00000
2026-05-22 17:53:48 [INFO] Step 35/54 Loss=16.1608 mse=0.1877 v_opt=0.15779 v_mand=0.05398 ptv=0.0499 ptv_max=0.00087 ring=0.00003 smooth=0.0133 laplacian=0.0348 beam=0.54618 homogeneity=0.0054 body=0.00000 bowel=0.02137 femur=0.00030
2026-05-22 17:53:51 [INFO] Step 40/54 Loss=15.4636 mse=0.2157 v_opt=0.02013 v_mand=0.00151 ptv=0.1183 ptv_max=0.00065 ring=0.00001 smooth=0.0120 laplacian=0.0291 beam=0.55945 homogeneity=0.0097 body=0.00000 bowel=0.00000 femur=0.00000
2026-05-22 17:53:56 [INFO] Step 45/54 Loss=16.9249 mse=0.2656 v_opt=0.03947 v_mand=0.00274 ptv=0.1208 ptv_max=0.00016 ring=0.00001 smooth=0.0238 laplacian=0.0569 beam=0.56478 homogeneity=0.0092 body=0.00000 bowel=0.00000 femur=0.00099
2026-05-22 17:53:59 [INFO] Step 50/54 Loss=15.2040 mse=0.2502 v_opt=0.02152 v_mand=0.00121 ptv=0.0840 ptv_max=0.00061 ring=0.00001 smooth=0.0082 laplacian=0.0213 beam=0.49431 homogeneity=0.0073 body=0.00000 bowel=0.02203 femur=0.00016
2026-05-22 17:54:01 [INFO] Step 54/54 Loss=25.3468 mse=0.5504 v_opt=0.01582 v_mand=0.00022 ptv=0.0785 ptv_max=0.00182 ring=0.00012 smooth=0.1057 laplacian=0.2717 beam=0.61308 homogeneity=0.0082 body=0.00000 bowel=0.00000 femur=0.00471
2026-05-22 17:54:01 [INFO] Running validation at epoch 48...
2026-05-22 17:54:31 [INFO] Epoch 48 Summary: Train=19.8716 Val=0.0301 (MSE=0.0301)
          Metrics: PTV_D95=53.10Gy Bladder=27.89Gy Rectum=28.63Gy
          Metrics: Ring=49.96Gy Dmax=465.68Gy BG=39.53Gy
2026-05-22 17:54:31 [INFO] [PHYSICS] Saved best model val_loss=0.0301
2026-05-22 17:54:31 [INFO] Epoch 49/300 [RAMP 49/75 (65% of physics)] ramp=0.653 lr=9.39e-05
2026-05-22 17:54:36 [INFO] Step 5/54 Loss=15.8060 mse=0.2424 v_opt=0.04382 v_mand=0.00996 ptv=0.1049 ptv_max=0.00026 ring=0.00000 smooth=0.0092 laplacian=0.0231 beam=0.51889 homogeneity=0.0072 body=0.00000 bowel=0.00000 femur=0.00000
2026-05-22 17:54:40 [INFO] Step 10/54 Loss=19.2310 mse=0.3047 v_opt=0.06280 v_mand=0.01883 ptv=0.0922 ptv_max=0.00011 ring=0.00002 smooth=0.0125 laplacian=0.0312 beam=0.59216 homogeneity=0.0048 body=0.00000 bowel=0.04408 femur=0.00398
2026-05-22 17:54:43 [INFO] Step 15/54 Loss=20.6499 mse=0.3936 v_opt=0.01679 v_mand=0.00077 ptv=0.0896 ptv_max=0.00062 ring=0.00003 smooth=0.0361 laplacian=0.0859 beam=0.59437 homogeneity=0.0070 body=0.00000 bowel=0.00000 femur=0.00215
2026-05-22 17:54:45 [INFO] Step 20/54 Loss=15.5811 mse=0.2556 v_opt=0.08839 v_mand=0.02894 ptv=0.0156 ptv_max=0.00430 ring=0.00002 smooth=0.0139 laplacian=0.0327 beam=0.44851 homogeneity=0.0127 body=0.00000 bowel=0.00000 femur=0.00000
2026-05-22 17:54:50 [INFO] Step 25/54 Loss=31.7915 mse=0.9138 v_opt=0.07696 v_mand=0.02542 ptv=0.0662 ptv_max=0.00249 ring=0.00364 smooth=0.0777 laplacian=0.2019 beam=0.35811 homogeneity=0.0094 body=0.00000 bowel=0.02230 femur=0.06142
2026-05-22 17:54:54 [INFO] Step 30/54 Loss=19.3747 mse=0.2959 v_opt=0.13790 v_mand=0.04789 ptv=0.0834 ptv_max=0.00027 ring=0.00003 smooth=0.0153 laplacian=0.0387 beam=0.53084 homogeneity=0.0059 body=0.00000 bowel=0.07836 femur=0.00150
2026-05-22 17:54:57 [INFO] Step 35/54 Loss=17.7218 mse=0.3585 v_opt=0.02298 v_mand=0.00322 ptv=0.0783 ptv_max=0.00036 ring=0.00170 smooth=0.0435 laplacian=0.1068 beam=0.46457 homogeneity=0.0045 body=0.00000 bowel=0.00000 femur=0.00561
2026-05-22 17:55:00 [INFO] Step 40/54 Loss=19.2759 mse=0.3643 v_opt=0.00094 v_mand=0.00000 ptv=0.0777 ptv_max=0.00046 ring=0.00000 smooth=0.0294 laplacian=0.0733 beam=0.56752 homogeneity=0.0061 body=0.00000 bowel=0.00018 femur=0.00092
2026-05-22 17:55:04 [INFO] Step 45/54 Loss=27.3165 mse=0.5525 v_opt=0.08930 v_mand=0.03217 ptv=0.0334 ptv_max=0.00429 ring=0.00123 smooth=0.0566 laplacian=0.1544 beam=0.60887 homogeneity=0.0122 body=0.00000 bowel=0.10593 femur=0.00032
2026-05-22 17:55:08 [INFO] Step 50/54 Loss=22.1742 mse=0.1800 v_opt=0.44295 v_mand=0.25478 ptv=0.0537 ptv_max=0.00797 ring=0.00084 smooth=0.0121 laplacian=0.0314 beam=0.38756 homogeneity=0.0182 body=0.00000 bowel=0.00000 femur=0.14602
2026-05-22 17:55:11 [INFO] Step 54/54 Loss=25.4398 mse=0.5816 v_opt=0.04753 v_mand=0.00930 ptv=0.0853 ptv_max=0.00699 ring=0.01949 smooth=0.0355 laplacian=0.0961 beam=0.52275 homogeneity=0.0138 body=0.00000 bowel=0.00456 femur=0.00000
2026-05-22 17:55:11 [INFO] Running validation at epoch 49...
2026-05-22 17:55:40 [INFO] Epoch 49 Summary: Train=19.4295 Val=0.0301 (MSE=0.0301)
          Metrics: PTV_D95=51.18Gy Bladder=28.61Gy Rectum=31.97Gy
          Metrics: Ring=49.10Gy Dmax=506.76Gy BG=39.37Gy
2026-05-22 17:55:40 [INFO] Epoch 50/300 [RAMP 50/75 (67% of physics)] ramp=0.667 lr=9.36e-05
2026-05-22 17:55:46 [INFO] Step 5/54 Loss=23.3675 mse=0.4400 v_opt=0.03345 v_mand=0.00444 ptv=0.0967 ptv_max=0.00030 ring=0.00004 smooth=0.0433 laplacian=0.1129 beam=0.58595 homogeneity=0.0061 body=0.00000 bowel=0.09751 femur=0.04103
2026-05-22 17:55:49 [INFO] Step 10/54 Loss=25.1884 mse=0.5801 v_opt=0.00445 v_mand=0.00000 ptv=0.0877 ptv_max=0.00159 ring=0.00225 smooth=0.0400 laplacian=0.1040 beam=0.53343 homogeneity=0.0086 body=0.00000 bowel=0.05364 femur=0.00000
2026-05-22 17:55:52 [INFO] Step 15/54 Loss=15.1093 mse=0.3480 v_opt=0.01215 v_mand=0.00125 ptv=0.0677 ptv_max=0.00052 ring=0.00003 smooth=0.0192 laplacian=0.0530 beam=0.32050 homogeneity=0.0057 body=0.00000 bowel=0.02341 femur=0.00102
2026-05-22 17:55:55 [INFO] Step 20/54 Loss=16.4503 mse=0.2599 v_opt=0.01965 v_mand=0.00065 ptv=0.0790 ptv_max=0.00091 ring=0.00002 smooth=0.0088 laplacian=0.0226 beam=0.52901 homogeneity=0.0081 body=0.00000 bowel=0.01118 femur=0.02521
2026-05-22 17:55:59 [INFO] Step 25/54 Loss=10.7437 mse=0.0827 v_opt=0.00000 v_mand=0.00000 ptv=0.0000 ptv_max=0.00000 ring=0.00000 smooth=0.0098 laplacian=0.0252 beam=0.51510 homogeneity=0.0000 body=0.00000 bowel=0.00000 femur=0.00000
2026-05-22 17:56:03 [INFO] Step 30/54 Loss=20.2406 mse=0.4013 v_opt=0.02326 v_mand=0.00116 ptv=0.0559 ptv_max=0.00039 ring=0.00004 smooth=0.0217 laplacian=0.0573 beam=0.53591 homogeneity=0.0040 body=0.00000 bowel=0.04911 femur=0.00643
2026-05-22 17:56:06 [INFO] Step 35/54 Loss=23.7267 mse=0.4705 v_opt=0.02091 v_mand=0.00007 ptv=0.0724 ptv_max=0.00297 ring=0.00005 smooth=0.0290 laplacian=0.0774 beam=0.62074 homogeneity=0.0130 body=0.00000 bowel=0.00757 femur=0.04210
2026-05-22 17:56:09 [INFO] Step 40/54 Loss=20.2972 mse=0.3665 v_opt=0.00191 v_mand=0.00000 ptv=0.0730 ptv_max=0.00050 ring=0.00021 smooth=0.0274 laplacian=0.0684 beam=0.56883 homogeneity=0.0050 body=0.00000 bowel=0.08006 femur=0.00013
2026-05-22 17:56:12 [INFO] Step 45/54 Loss=17.8732 mse=0.3677 v_opt=0.01062 v_mand=0.00000 ptv=0.0983 ptv_max=0.00015 ring=0.00000 smooth=0.0149 laplacian=0.0385 beam=0.46696 homogeneity=0.0056 body=0.00000 bowel=0.00000 femur=0.00005
2026-05-22 17:56:17 [INFO] Step 50/54 Loss=19.7874 mse=0.3710 v_opt=0.04310 v_mand=0.00423 ptv=0.0425 ptv_max=0.00025 ring=0.00001 smooth=0.0135 laplacian=0.0340 beam=0.59089 homogeneity=0.0026 body=0.00000 bowel=0.00000 femur=0.00000
2026-05-22 17:56:19 [INFO] Step 54/54 Loss=19.2721 mse=0.3334 v_opt=0.00588 v_mand=0.00000 ptv=0.1060 ptv_max=0.00032 ring=0.00002 smooth=0.0241 laplacian=0.0587 beam=0.58617 homogeneity=0.0076 body=0.00000 bowel=0.01068 femur=0.00000
2026-05-22 17:56:19 [INFO] Running validation at epoch 50...
2026-05-22 17:56:48 [INFO] Epoch 50 Summary: Train=19.2339 Val=0.0295 (MSE=0.0295)
          Metrics: PTV_D95=51.97Gy Bladder=27.53Gy Rectum=31.22Gy
          Metrics: Ring=50.05Gy Dmax=467.75Gy BG=39.11Gy
2026-05-22 17:56:48 [INFO] [PHYSICS] Saved best model val_loss=0.0295
2026-05-22 17:56:48 [INFO] Epoch 51/300 [RAMP 51/75 (68% of physics)] ramp=0.680 lr=9.34e-05
2026-05-22 17:56:55 [INFO] Step 5/54 Loss=22.3681 mse=0.3833 v_opt=0.15510 v_mand=0.05652 ptv=0.0384 ptv_max=0.00607 ring=0.00058 smooth=0.0372 laplacian=0.1050 beam=0.47659 homogeneity=0.0156 body=0.00000 bowel=0.10446 femur=0.00079
2026-05-22 17:56:58 [INFO] Step 10/54 Loss=12.9906 mse=0.2001 v_opt=0.00000 v_mand=0.00000 ptv=0.1067 ptv_max=0.00006 ring=0.00000 smooth=0.0114 laplacian=0.0265 beam=0.41671 homogeneity=0.0055 body=0.00000 bowel=0.00000 femur=0.00000
2026-05-22 17:57:01 [INFO] Step 15/54 Loss=21.2941 mse=0.3864 v_opt=0.04526 v_mand=0.00619 ptv=0.0799 ptv_max=0.00024 ring=0.00003 smooth=0.0173 laplacian=0.0444 beam=0.57555 homogeneity=0.0045 body=0.00000 bowel=0.07499 femur=0.00326
2026-05-22 17:57:04 [INFO] Step 20/54 Loss=15.8480 mse=0.2046 v_opt=0.10482 v_mand=0.03758 ptv=0.1112 ptv_max=0.00008 ring=0.00000 smooth=0.0117 laplacian=0.0292 beam=0.49108 homogeneity=0.0063 body=0.00000 bowel=0.00068 femur=0.00000
2026-05-22 17:57:09 [INFO] Step 25/54 Loss=37.4838 mse=0.8881 v_opt=0.00679 v_mand=0.00052 ptv=0.0187 ptv_max=0.01264 ring=0.00512 smooth=0.0468 laplacian=0.1392 beam=0.70738 homogeneity=0.0247 body=0.00000 bowel=0.08137 femur=0.01326
2026-05-22 17:57:12 [INFO] Step 30/54 Loss=18.3021 mse=0.3918 v_opt=0.03497 v_mand=0.00496 ptv=0.0649 ptv_max=0.00071 ring=0.00007 smooth=0.0329 laplacian=0.0829 beam=0.41812 homogeneity=0.0061 body=0.00000 bowel=0.02727 femur=0.00066
2026-05-22 17:57:15 [INFO] Step 35/54 Loss=14.4462 mse=0.1612 v_opt=0.01471 v_mand=0.00040 ptv=0.1624 ptv_max=0.00025 ring=0.00000 smooth=0.0104 laplacian=0.0251 beam=0.52850 homogeneity=0.0130 body=0.00000 bowel=0.00000 femur=0.00000
2026-05-22 17:57:18 [INFO] Step 40/54 Loss=12.7369 mse=0.3557 v_opt=0.13303 v_mand=0.06304 ptv=0.0564 ptv_max=0.00019 ring=0.00001 smooth=0.0172 laplacian=0.0460 beam=0.00000 homogeneity=0.0027 body=0.00000 bowel=0.07894 femur=0.01574
2026-05-22 17:57:23 [INFO] Step 45/54 Loss=14.4108 mse=0.1872 v_opt=0.01869 v_mand=0.00067 ptv=0.1348 ptv_max=0.00002 ring=0.00000 smooth=0.0126 laplacian=0.0307 beam=0.50306 homogeneity=0.0070 body=0.00000 bowel=0.00053 femur=0.00000
2026-05-22 17:57:26 [INFO] Step 50/54 Loss=37.7182 mse=0.8703 v_opt=0.00000 v_mand=0.00000 ptv=0.0287 ptv_max=0.02153 ring=0.00380 smooth=0.1500 laplacian=0.3829 beam=0.64075 homogeneity=0.0353 body=0.00000 bowel=0.07381 femur=0.00000
2026-05-22 17:57:28 [INFO] Step 54/54 Loss=16.7911 mse=0.2382 v_opt=0.08641 v_mand=0.02377 ptv=0.1491 ptv_max=0.00026 ring=0.00001 smooth=0.0117 laplacian=0.0285 beam=0.50539 homogeneity=0.0127 body=0.00000 bowel=0.00000 femur=0.00000
2026-05-22 17:57:28 [INFO] Running validation at epoch 51...
2026-05-22 17:57:58 [INFO] Epoch 51 Summary: Train=20.1215 Val=0.0301 (MSE=0.0301)
          Metrics: PTV_D95=49.56Gy Bladder=27.89Gy Rectum=30.85Gy
          Metrics: Ring=47.81Gy Dmax=497.52Gy BG=39.29Gy
2026-05-22 17:57:58 [INFO] Epoch 52/300 [RAMP 52/75 (69% of physics)] ramp=0.693 lr=9.31e-05
2026-05-22 17:58:04 [INFO] Step 5/54 Loss=28.6031 mse=0.5235 v_opt=0.08535 v_mand=0.03037 ptv=0.0666 ptv_max=0.00103 ring=0.00022 smooth=0.0619 laplacian=0.1444 beam=0.72952 homogeneity=0.0065 body=0.00000 bowel=0.04634 femur=0.00187
2026-05-22 17:58:07 [INFO] Step 10/54 Loss=35.9548 mse=0.8281 v_opt=0.02750 v_mand=0.00264 ptv=0.0505 ptv_max=0.00605 ring=0.00206 smooth=0.1459 laplacian=0.3810 beam=0.66757 homogeneity=0.0158 body=0.00000 bowel=0.08732 femur=0.00000
2026-05-22 17:58:10 [INFO] Step 15/54 Loss=15.9158 mse=0.1896 v_opt=0.00198 v_mand=0.00000 ptv=0.0754 ptv_max=0.00006 ring=0.00000 smooth=0.0142 laplacian=0.0363 beam=0.60356 homogeneity=0.0034 body=0.00000 bowel=0.00000 femur=0.00000
2026-05-22 17:58:13 [INFO] Step 20/54 Loss=22.1243 mse=0.5090 v_opt=0.00010 v_mand=0.00000 ptv=0.0624 ptv_max=0.00076 ring=0.00043 smooth=0.0469 laplacian=0.1197 beam=0.45605 homogeneity=0.0059 body=0.00000 bowel=0.04240 femur=0.00121
2026-05-22 17:58:18 [INFO] Step 25/54 Loss=23.4631 mse=0.4810 v_opt=0.05144 v_mand=0.01224 ptv=0.0693 ptv_max=0.00135 ring=0.00428 smooth=0.0633 laplacian=0.1583 beam=0.50346 homogeneity=0.0074 body=0.00000 bowel=0.07586 femur=0.00955
2026-05-22 17:58:21 [INFO] Step 30/54 Loss=19.2304 mse=0.3698 v_opt=0.02434 v_mand=0.00114 ptv=0.0581 ptv_max=0.00085 ring=0.00029 smooth=0.0195 laplacian=0.0516 beam=0.51989 homogeneity=0.0055 body=0.00000 bowel=0.01198 femur=0.00204
2026-05-22 17:58:24 [INFO] Step 35/54 Loss=19.7241 mse=0.3500 v_opt=0.15497 v_mand=0.05409 ptv=0.0808 ptv_max=0.00025 ring=0.00004 smooth=0.0164 laplacian=0.0420 beam=0.45673 homogeneity=0.0052 body=0.00000 bowel=0.01397 femur=0.00083
2026-05-22 17:58:27 [INFO] Step 40/54 Loss=18.9796 mse=0.3156 v_opt=0.00479 v_mand=0.00000 ptv=0.0956 ptv_max=0.00010 ring=0.00002 smooth=0.0203 laplacian=0.0510 beam=0.57718 homogeneity=0.0049 body=0.00000 bowel=0.01406 femur=0.00000
2026-05-22 17:58:33 [INFO] Step 45/54 Loss=19.4271 mse=0.3842 v_opt=0.01783 v_mand=0.00088 ptv=0.0877 ptv_max=0.00032 ring=0.00042 smooth=0.0230 laplacian=0.0577 beam=0.47891 homogeneity=0.0061 body=0.00000 bowel=0.00327 femur=0.06973
2026-05-22 17:58:36 [INFO] Step 50/54 Loss=21.7156 mse=0.4351 v_opt=0.09558 v_mand=0.03344 ptv=0.0349 ptv_max=0.00133 ring=0.00005 smooth=0.0154 laplacian=0.0414 beam=0.47812 homogeneity=0.0065 body=0.00000 bowel=0.03973 femur=0.03173
2026-05-22 17:58:38 [INFO] Step 54/54 Loss=26.7766 mse=0.3579 v_opt=0.00000 v_mand=0.00000 ptv=0.5079 ptv_max=0.00000 ring=0.00000 smooth=0.1317 laplacian=0.3633 beam=0.69748 homogeneity=0.0626 body=0.00000 bowel=0.00000 femur=0.00000
2026-05-22 17:58:38 [INFO] Running validation at epoch 52...
2026-05-22 17:59:07 [INFO] Epoch 52 Summary: Train=20.4450 Val=0.0287 (MSE=0.0287)
          Metrics: PTV_D95=52.72Gy Bladder=27.10Gy Rectum=32.47Gy
          Metrics: Ring=49.82Gy Dmax=511.89Gy BG=38.68Gy
2026-05-22 17:59:07 [INFO] [PHYSICS] Saved best model val_loss=0.0287
2026-05-22 17:59:07 [INFO] Epoch 53/300 [RAMP 53/75 (71% of physics)] ramp=0.707 lr=9.28e-05
2026-05-22 17:59:14 [INFO] Step 5/54 Loss=22.1639 mse=0.3808 v_opt=0.07149 v_mand=0.01732 ptv=0.0495 ptv_max=0.00086 ring=0.00010 smooth=0.0217 laplacian=0.0574 beam=0.55260 homogeneity=0.0057 body=0.00000 bowel=0.12677 femur=0.01191
2026-05-22 17:59:16 [INFO] Step 10/54 Loss=17.3227 mse=0.3727 v_opt=0.00301 v_mand=0.00000 ptv=0.0554 ptv_max=0.00039 ring=0.00003 smooth=0.0157 laplacian=0.0411 beam=0.37516 homogeneity=0.0041 body=0.00000 bowel=0.06749 femur=0.00147
2026-05-22 17:59:19 [INFO] Step 15/54 Loss=21.7622 mse=0.5562 v_opt=0.03035 v_mand=0.00326 ptv=0.0453 ptv_max=0.00099 ring=0.00018 smooth=0.0810 laplacian=0.2024 beam=0.33125 homogeneity=0.0057 body=0.00000 bowel=0.05337 femur=0.00034
2026-05-22 17:59:22 [INFO] Step 20/54 Loss=18.0108 mse=0.2975 v_opt=0.04853 v_mand=0.01365 ptv=0.0967 ptv_max=0.00036 ring=0.00018 smooth=0.0152 laplacian=0.0379 beam=0.51104 homogeneity=0.0070 body=0.00000 bowel=0.00091 femur=0.00236
2026-05-22 17:59:27 [INFO] Step 25/54 Loss=24.5763 mse=0.5482 v_opt=0.00046 v_mand=0.00000 ptv=0.0482 ptv_max=0.00521 ring=0.00474 smooth=0.0686 laplacian=0.1715 beam=0.50953 homogeneity=0.0116 body=0.00000 bowel=0.01017 femur=0.00000
2026-05-22 17:59:30 [INFO] Step 30/54 Loss=17.4222 mse=0.2301 v_opt=0.04998 v_mand=0.01474 ptv=0.1135 ptv_max=0.00022 ring=0.00000 smooth=0.0103 laplacian=0.0254 beam=0.54780 homogeneity=0.0081 body=0.00000 bowel=0.03432 femur=0.00000
2026-05-22 17:59:33 [INFO] Step 35/54 Loss=19.0312 mse=0.3287 v_opt=0.04838 v_mand=0.00959 ptv=0.0590 ptv_max=0.00048 ring=0.00003 smooth=0.0202 laplacian=0.0514 beam=0.52352 homogeneity=0.0048 body=0.00000 bowel=0.03043 femur=0.01447
2026-05-22 17:59:36 [INFO] Step 40/54 Loss=13.6953 mse=0.1843 v_opt=0.06937 v_mand=0.01172 ptv=0.0968 ptv_max=0.00024 ring=0.00006 smooth=0.0085 laplacian=0.0211 beam=0.43516 homogeneity=0.0056 body=0.00000 bowel=0.00155 femur=0.00017
2026-05-22 17:59:41 [INFO] Step 45/54 Loss=15.8142 mse=0.3206 v_opt=0.00289 v_mand=0.00000 ptv=0.0821 ptv_max=0.00031 ring=0.00008 smooth=0.0199 laplacian=0.0504 beam=0.38865 homogeneity=0.0053 body=0.00000 bowel=0.00081 femur=0.00563
2026-05-22 17:59:44 [INFO] Step 50/54 Loss=10.7476 mse=0.0806 v_opt=0.00000 v_mand=0.00000 ptv=0.0000 ptv_max=0.00000 ring=0.00000 smooth=0.0092 laplacian=0.0225 beam=0.48940 homogeneity=0.0000 body=0.00000 bowel=0.00000 femur=0.00000
2026-05-22 17:59:46 [INFO] Step 54/54 Loss=29.6010 mse=0.6685 v_opt=0.10081 v_mand=0.03914 ptv=0.0426 ptv_max=0.00138 ring=0.00065 smooth=0.0370 laplacian=0.1003 beam=0.47886 homogeneity=0.0055 body=0.00000 bowel=0.08737 femur=0.15048
2026-05-22 17:59:46 [INFO] Running validation at epoch 53...
2026-05-22 18:00:15 [INFO] Epoch 53 Summary: Train=18.2388 Val=0.0278 (MSE=0.0278)
          Metrics: PTV_D95=51.76Gy Bladder=27.70Gy Rectum=28.51Gy
          Metrics: Ring=49.69Gy Dmax=552.57Gy BG=37.94Gy
2026-05-22 18:00:15 [INFO] [PHYSICS] Saved best model val_loss=0.0278
2026-05-22 18:00:15 [INFO] Epoch 54/300 [RAMP 54/75 (72% of physics)] ramp=0.720 lr=9.26e-05
2026-05-22 18:00:22 [INFO] Step 5/54 Loss=16.7474 mse=0.2460 v_opt=0.05881 v_mand=0.02005 ptv=0.0594 ptv_max=0.00099 ring=0.00007 smooth=0.0171 laplacian=0.0451 beam=0.48971 homogeneity=0.0057 body=0.00000 bowel=0.00056 femur=0.02443
2026-05-22 18:00:25 [INFO] Step 10/54 Loss=18.9712 mse=0.3380 v_opt=0.09722 v_mand=0.02221 ptv=0.0528 ptv_max=0.00176 ring=0.00006 smooth=0.0140 laplacian=0.0368 beam=0.43554 homogeneity=0.0080 body=0.00000 bowel=0.08472 femur=0.00000
2026-05-22 18:00:27 [INFO] Step 15/54 Loss=20.5654 mse=0.3748 v_opt=0.03184 v_mand=0.00240 ptv=0.0716 ptv_max=0.00038 ring=0.00015 smooth=0.0343 laplacian=0.0872 beam=0.54731 homogeneity=0.0051 body=0.00000 bowel=0.02229 femur=0.00013
2026-05-22 18:00:30 [INFO] Step 20/54 Loss=14.0186 mse=0.2543 v_opt=0.01167 v_mand=0.00001 ptv=0.1204 ptv_max=0.00010 ring=0.00001 smooth=0.0158 laplacian=0.0397 beam=0.36149 homogeneity=0.0072 body=0.00000 bowel=0.00000 femur=0.00000
2026-05-22 18:00:36 [INFO] Step 25/54 Loss=18.9286 mse=0.3298 v_opt=0.05622 v_mand=0.01070 ptv=0.0840 ptv_max=0.00025 ring=0.00001 smooth=0.0130 laplacian=0.0324 beam=0.48003 homogeneity=0.0053 body=0.00000 bowel=0.02446 femur=0.06660
2026-05-22 18:00:38 [INFO] Step 30/54 Loss=18.7312 mse=0.2820 v_opt=0.13600 v_mand=0.03979 ptv=0.0659 ptv_max=0.00100 ring=0.00003 smooth=0.0205 laplacian=0.0537 beam=0.50529 homogeneity=0.0073 body=0.00000 bowel=0.00553 femur=0.00018
2026-05-22 18:00:42 [INFO] Step 35/54 Loss=26.3114 mse=0.5490 v_opt=0.05983 v_mand=0.01180 ptv=0.0241 ptv_max=0.00126 ring=0.00006 smooth=0.0288 laplacian=0.0755 beam=0.63267 homogeneity=0.0059 body=0.00000 bowel=0.00000 femur=0.00000
2026-05-22 18:00:45 [INFO] Step 40/54 Loss=18.9511 mse=0.3150 v_opt=0.03274 v_mand=0.00641 ptv=0.0239 ptv_max=0.00161 ring=0.00001 smooth=0.0189 laplacian=0.0498 beam=0.56449 homogeneity=0.0068 body=0.00000 bowel=0.00000 femur=0.00000
2026-05-22 18:00:50 [INFO] Step 45/54 Loss=16.1959 mse=0.3291 v_opt=0.01683 v_mand=0.00069 ptv=0.0805 ptv_max=0.00023 ring=0.00000 smooth=0.0129 laplacian=0.0338 beam=0.38310 homogeneity=0.0048 body=0.00000 bowel=0.01878 femur=0.00204
2026-05-22 18:00:52 [INFO] Step 50/54 Loss=14.9895 mse=0.2496 v_opt=0.00827 v_mand=0.00044 ptv=0.0845 ptv_max=0.00035 ring=0.00000 smooth=0.0104 laplacian=0.0255 beam=0.42133 homogeneity=0.0057 body=0.00000 bowel=0.02829 femur=0.00060
2026-05-22 18:00:55 [INFO] Step 54/54 Loss=11.4276 mse=0.1978 v_opt=0.01327 v_mand=0.00000 ptv=0.0952 ptv_max=0.00013 ring=0.00001 smooth=0.0110 laplacian=0.0268 beam=0.31051 homogeneity=0.0048 body=0.00000 bowel=0.00000 femur=0.00000
2026-05-22 18:00:55 [INFO] Running validation at epoch 54...
2026-05-22 18:01:24 [INFO] Epoch 54 Summary: Train=19.4900 Val=0.0284 (MSE=0.0284)
          Metrics: PTV_D95=51.97Gy Bladder=29.81Gy Rectum=34.72Gy
          Metrics: Ring=50.01Gy Dmax=559.85Gy BG=38.22Gy
2026-05-22 18:01:24 [INFO] Epoch 55/300 [RAMP 55/75 (73% of physics)] ramp=0.733 lr=9.23e-05
2026-05-22 18:01:30 [INFO] Step 5/54 Loss=15.5113 mse=0.2039 v_opt=0.02290 v_mand=0.00262 ptv=0.0924 ptv_max=0.00018 ring=0.00001 smooth=0.0166 laplacian=0.0427 beam=0.50901 homogeneity=0.0058 body=0.00000 bowel=0.00000 femur=0.00000
2026-05-22 18:01:33 [INFO] Step 10/54 Loss=8.1639 mse=0.0721 v_opt=0.00147 v_mand=0.00000 ptv=0.0956 ptv_max=0.00237 ring=0.00006 smooth=0.0100 laplacian=0.0246 beam=0.27452 homogeneity=0.0125 body=0.00000 bowel=0.00000 femur=0.01146
2026-05-22 18:01:36 [INFO] Step 15/54 Loss=23.6132 mse=0.6087 v_opt=0.01298 v_mand=0.00002 ptv=0.0755 ptv_max=0.00132 ring=0.00250 smooth=0.0222 laplacian=0.0621 beam=0.39596 homogeneity=0.0066 body=0.00000 bowel=0.00000 femur=0.00669
2026-05-22 18:01:39 [INFO] Step 20/54 Loss=22.5092 mse=0.5494 v_opt=0.00075 v_mand=0.00005 ptv=0.0540 ptv_max=0.00215 ring=0.00157 smooth=0.0429 laplacian=0.1191 beam=0.37886 homogeneity=0.0081 body=0.00000 bowel=0.05095 femur=0.00373
2026-05-22 18:01:42 [INFO] Step 25/54 Loss=16.7439 mse=0.3346 v_opt=0.03406 v_mand=0.00444 ptv=0.0811 ptv_max=0.00033 ring=0.00002 smooth=0.0214 laplacian=0.0558 beam=0.35318 homogeneity=0.0052 body=0.00000 bowel=0.06891 femur=0.00072
2026-05-22 18:01:48 [INFO] Step 30/54 Loss=30.5126 mse=0.7170 v_opt=0.00668 v_mand=0.00028 ptv=0.0267 ptv_max=0.00337 ring=0.00063 smooth=0.0736 laplacian=0.1760 beam=0.55701 homogeneity=0.0098 body=0.00000 bowel=0.08424 femur=0.00179
2026-05-22 18:01:51 [INFO] Step 35/54 Loss=14.3102 mse=0.1980 v_opt=0.00528 v_mand=0.00000 ptv=0.1110 ptv_max=0.00012 ring=0.00003 smooth=0.0093 laplacian=0.0232 beam=0.45450 homogeneity=0.0069 body=0.00000 bowel=0.00000 femur=0.00000
2026-05-22 18:01:53 [INFO] Step 40/54 Loss=17.0929 mse=0.4005 v_opt=0.02134 v_mand=0.00235 ptv=0.0985 ptv_max=0.00037 ring=0.00164 smooth=0.0471 laplacian=0.1163 beam=0.27936 homogeneity=0.0066 body=0.00000 bowel=0.04574 femur=0.00000
2026-05-22 18:01:56 [INFO] Step 45/54 Loss=17.9102 mse=0.2660 v_opt=0.05483 v_mand=0.01780 ptv=0.0792 ptv_max=0.00008 ring=0.00001 smooth=0.0207 laplacian=0.0531 beam=0.52391 homogeneity=0.0035 body=0.00000 bowel=0.00654 femur=0.00000
2026-05-22 18:02:01 [INFO] Step 50/54 Loss=12.0535 mse=0.2438 v_opt=0.00302 v_mand=0.00000 ptv=0.0912 ptv_max=0.00071 ring=0.00002 smooth=0.0092 laplacian=0.0217 beam=0.27258 homogeneity=0.0085 body=0.00000 bowel=0.00000 femur=0.00000
2026-05-22 18:02:03 [INFO] Step 54/54 Loss=19.7722 mse=0.3614 v_opt=0.01169 v_mand=0.00006 ptv=0.0776 ptv_max=0.00013 ring=0.00004 smooth=0.0430 laplacian=0.1049 beam=0.47286 homogeneity=0.0038 body=0.00000 bowel=0.09029 femur=0.00000
2026-05-22 18:02:03 [INFO] Running validation at epoch 55...
2026-05-22 18:02:33 [INFO] Epoch 55 Summary: Train=20.7094 Val=0.0277 (MSE=0.0277)
          Metrics: PTV_D95=54.02Gy Bladder=28.18Gy Rectum=32.43Gy
          Metrics: Ring=50.69Gy Dmax=586.78Gy BG=37.98Gy
2026-05-22 18:02:33 [INFO] [PHYSICS] Saved best model val_loss=0.0277
2026-05-22 18:02:33 [INFO] Epoch 56/300 [RAMP 56/75 (75% of physics)] ramp=0.747 lr=9.20e-05
2026-05-22 18:02:39 [INFO] Step 5/54 Loss=31.5791 mse=0.7880 v_opt=0.04294 v_mand=0.00611 ptv=0.0550 ptv_max=0.00106 ring=0.00176 smooth=0.0976 laplacian=0.2415 beam=0.40759 homogeneity=0.0050 body=0.00000 bowel=0.19877 femur=0.02070
2026-05-22 18:02:42 [INFO] Step 10/54 Loss=14.3916 mse=0.1763 v_opt=0.15382 v_mand=0.06246 ptv=0.0717 ptv_max=0.00009 ring=0.00000 smooth=0.0100 laplacian=0.0252 beam=0.33229 homogeneity=0.0028 body=0.00000 bowel=0.04578 femur=0.00240
2026-05-22 18:02:45 [INFO] Step 15/54 Loss=30.3160 mse=0.6806 v_opt=0.01864 v_mand=0.00018 ptv=0.0887 ptv_max=0.00071 ring=0.00009 smooth=0.0589 laplacian=0.1536 beam=0.54190 homogeneity=0.0064 body=0.00000 bowel=0.00260 femur=0.22296
2026-05-22 18:02:48 [INFO] Step 20/54 Loss=10.1843 mse=0.0778 v_opt=0.00000 v_mand=0.00000 ptv=0.0000 ptv_max=0.00000 ring=0.00000 smooth=0.0115 laplacian=0.0271 beam=0.43551 homogeneity=0.0000 body=0.00000 bowel=0.00000 femur=0.00000
2026-05-22 18:02:54 [INFO] Step 25/54 Loss=23.1348 mse=0.4438 v_opt=0.01578 v_mand=0.00001 ptv=0.0281 ptv_max=0.00146 ring=0.00001 smooth=0.0175 laplacian=0.0465 beam=0.60886 homogeneity=0.0061 body=0.00000 bowel=0.00000 femur=0.00000
2026-05-22 18:02:57 [INFO] Step 30/54 Loss=39.7500 mse=0.8408 v_opt=0.00000 v_mand=0.00000 ptv=0.0378 ptv_max=0.00411 ring=0.03622 smooth=0.2728 laplacian=0.7093 beam=0.72790 homogeneity=0.0116 body=0.00000 bowel=0.08652 femur=0.00000
2026-05-22 18:02:59 [INFO] Step 35/54 Loss=16.8205 mse=0.2975 v_opt=0.00995 v_mand=0.00000 ptv=0.1109 ptv_max=0.00019 ring=0.00001 smooth=0.0079 laplacian=0.0191 beam=0.44617 homogeneity=0.0075 body=0.00000 bowel=0.00000 femur=0.00000
2026-05-22 18:03:02 [INFO] Step 40/54 Loss=22.4222 mse=0.3898 v_opt=0.00366 v_mand=0.00126 ptv=0.0368 ptv_max=0.00394 ring=0.00183 smooth=0.0372 laplacian=0.0969 beam=0.57153 homogeneity=0.0114 body=0.00000 bowel=0.05889 femur=0.00000
2026-05-22 18:03:08 [INFO] Step 45/54 Loss=20.6243 mse=0.4017 v_opt=0.04333 v_mand=0.00366 ptv=0.0623 ptv_max=0.00035 ring=0.00019 smooth=0.0248 laplacian=0.0636 beam=0.48460 homogeneity=0.0049 body=0.00000 bowel=0.04400 femur=0.00077
2026-05-22 18:03:11 [INFO] Step 50/54 Loss=11.5771 mse=0.1986 v_opt=0.05460 v_mand=0.00977 ptv=0.1229 ptv_max=0.00016 ring=0.00000 smooth=0.0095 laplacian=0.0238 beam=0.26682 homogeneity=0.0077 body=0.00000 bowel=0.00337 femur=0.00000
2026-05-22 18:03:13 [INFO] Step 54/54 Loss=19.8681 mse=0.3405 v_opt=0.01418 v_mand=0.00000 ptv=0.0722 ptv_max=0.00018 ring=0.00000 smooth=0.0129 laplacian=0.0328 beam=0.56477 homogeneity=0.0048 body=0.00000 bowel=0.00000 femur=0.00387
2026-05-22 18:03:13 [INFO] Running validation at epoch 56...
2026-05-22 18:03:42 [INFO] Epoch 56 Summary: Train=21.1240 Val=0.0278 (MSE=0.0278)
          Metrics: PTV_D95=52.28Gy Bladder=29.45Gy Rectum=32.14Gy
          Metrics: Ring=51.25Gy Dmax=589.89Gy BG=38.06Gy
2026-05-22 18:03:42 [INFO] Epoch 57/300 [RAMP 57/75 (76% of physics)] ramp=0.760 lr=9.17e-05
2026-05-22 18:03:48 [INFO] Step 5/54 Loss=14.0571 mse=0.2336 v_opt=0.05945 v_mand=0.01093 ptv=0.1055 ptv_max=0.00008 ring=0.00000 smooth=0.0100 laplacian=0.0243 beam=0.35315 homogeneity=0.0060 body=0.00000 bowel=0.00000 femur=0.00000
2026-05-22 18:03:52 [INFO] Step 10/54 Loss=16.5910 mse=0.2380 v_opt=0.00797 v_mand=0.00000 ptv=0.1138 ptv_max=0.00038 ring=0.00003 smooth=0.0174 laplacian=0.0417 beam=0.49515 homogeneity=0.0080 body=0.00000 bowel=0.00000 femur=0.00269
2026-05-22 18:03:54 [INFO] Step 15/54 Loss=11.4417 mse=0.1097 v_opt=0.00000 v_mand=0.00000 ptv=0.0000 ptv_max=0.00000 ring=0.00316 smooth=0.0102 laplacian=0.0247 beam=0.45062 homogeneity=0.0000 body=0.00000 bowel=0.00000 femur=0.00000
2026-05-22 18:03:57 [INFO] Step 20/54 Loss=13.4510 mse=0.2677 v_opt=0.04763 v_mand=0.01115 ptv=0.0743 ptv_max=0.00026 ring=0.00002 smooth=0.0123 laplacian=0.0304 beam=0.27766 homogeneity=0.0050 body=0.00000 bowel=0.01660 femur=0.00005
2026-05-22 18:04:02 [INFO] Step 25/54 Loss=22.3598 mse=0.3946 v_opt=0.08987 v_mand=0.02352 ptv=0.0410 ptv_max=0.00025 ring=0.00000 smooth=0.0175 laplacian=0.0438 beam=0.57401 homogeneity=0.0025 body=0.00000 bowel=0.00000 femur=0.00000
2026-05-22 18:04:06 [INFO] Step 30/54 Loss=26.1285 mse=0.6064 v_opt=0.07961 v_mand=0.02978 ptv=0.0872 ptv_max=0.00452 ring=0.00283 smooth=0.0515 laplacian=0.1342 beam=0.36600 homogeneity=0.0153 body=0.00000 bowel=0.06578 femur=0.00271
2026-05-22 18:04:08 [INFO] Step 35/54 Loss=11.5695 mse=0.2493 v_opt=0.01280 v_mand=0.00017 ptv=0.1164 ptv_max=0.00005 ring=0.00001 smooth=0.0125 laplacian=0.0308 beam=0.22134 homogeneity=0.0058 body=0.00000 bowel=0.00000 femur=0.00000
2026-05-22 18:04:11 [INFO] Step 40/54 Loss=18.6109 mse=0.2627 v_opt=0.11908 v_mand=0.04270 ptv=0.0782 ptv_max=0.00010 ring=0.00000 smooth=0.0156 laplacian=0.0374 beam=0.49533 homogeneity=0.0045 body=0.00000 bowel=0.00000 femur=0.00000
2026-05-22 18:04:16 [INFO] Step 45/54 Loss=16.6841 mse=0.2391 v_opt=0.03178 v_mand=0.00207 ptv=0.0979 ptv_max=0.00013 ring=0.00002 smooth=0.0101 laplacian=0.0240 beam=0.50667 homogeneity=0.0062 body=0.00000 bowel=0.00004 femur=0.00000
2026-05-22 18:04:19 [INFO] Step 50/54 Loss=11.2424 mse=0.1443 v_opt=0.00187 v_mand=0.00000 ptv=0.1173 ptv_max=0.00025 ring=0.00001 smooth=0.0083 laplacian=0.0195 beam=0.34297 homogeneity=0.0077 body=0.00000 bowel=0.00000 femur=0.00000
2026-05-22 18:04:22 [INFO] Step 54/54 Loss=24.9689 mse=0.5635 v_opt=0.00449 v_mand=0.00005 ptv=0.0222 ptv_max=0.00192 ring=0.00002 smooth=0.0416 laplacian=0.1046 beam=0.52306 homogeneity=0.0077 body=0.00000 bowel=0.00000 femur=0.00000
2026-05-22 18:04:22 [INFO] Running validation at epoch 57...
2026-05-22 18:04:51 [INFO] Epoch 57 Summary: Train=19.9788 Val=0.0270 (MSE=0.0270)
          Metrics: PTV_D95=54.24Gy Bladder=27.60Gy Rectum=29.48Gy
          Metrics: Ring=50.52Gy Dmax=577.79Gy BG=37.48Gy
2026-05-22 18:04:51 [INFO] [PHYSICS] Saved best model val_loss=0.0270
2026-05-22 18:04:51 [INFO] [CLINICAL] Saved best model Score=53.967 PTV_D95=54.24Gy Bladder=27.60Gy Rectum=29.48Gy
2026-05-22 18:04:51 [INFO] Epoch 58/300 [RAMP 58/75 (77% of physics)] ramp=0.773 lr=9.14e-05
2026-05-22 18:04:57 [INFO] Step 5/54 Loss=21.8100 mse=0.3816 v_opt=0.03253 v_mand=0.00628 ptv=0.0341 ptv_max=0.00138 ring=0.00001 smooth=0.0150 laplacian=0.0396 beam=0.58385 homogeneity=0.0065 body=0.00000 bowel=0.00000 femur=0.00000
2026-05-22 18:05:00 [INFO] Step 10/54 Loss=22.3643 mse=0.3254 v_opt=0.17594 v_mand=0.07102 ptv=0.0617 ptv_max=0.00021 ring=0.00000 smooth=0.0121 laplacian=0.0316 beam=0.48931 homogeneity=0.0035 body=0.00000 bowel=0.08595 femur=0.00864
2026-05-22 18:05:03 [INFO] Step 15/54 Loss=13.9882 mse=0.1506 v_opt=0.05331 v_mand=0.01317 ptv=0.1170 ptv_max=0.00004 ring=0.00000 smooth=0.0140 laplacian=0.0374 beam=0.43777 homogeneity=0.0066 body=0.00000 bowel=0.00000 femur=0.00000
2026-05-22 18:05:06 [INFO] Step 20/54 Loss=26.2588 mse=0.6394 v_opt=0.02908 v_mand=0.00379 ptv=0.0452 ptv_max=0.00269 ring=0.00220 smooth=0.0505 laplacian=0.1387 beam=0.37159 homogeneity=0.0091 body=0.00000 bowel=0.07625 femur=0.07890
2026-05-22 18:05:12 [INFO] Step 25/54 Loss=15.4742 mse=0.2677 v_opt=0.00307 v_mand=0.00041 ptv=0.0936 ptv_max=0.00035 ring=0.00002 smooth=0.0132 laplacian=0.0316 beam=0.39979 homogeneity=0.0066 body=0.00000 bowel=0.00251 femur=0.00046
2026-05-22 18:05:15 [INFO] Step 30/54 Loss=17.9097 mse=0.2438 v_opt=0.03313 v_mand=0.00583 ptv=0.1394 ptv_max=0.00067 ring=0.00000 smooth=0.0130 laplacian=0.0318 beam=0.51996 homogeneity=0.0127 body=0.00000 bowel=0.00000 femur=0.00000
2026-05-22 18:05:18 [INFO] Step 35/54 Loss=12.0092 mse=0.1821 v_opt=0.03676 v_mand=0.00558 ptv=0.1642 ptv_max=0.00014 ring=0.00000 smooth=0.0074 laplacian=0.0171 beam=0.29088 homogeneity=0.0131 body=0.00000 bowel=0.00000 femur=0.00000
2026-05-22 18:05:21 [INFO] Step 40/54 Loss=29.9010 mse=0.6487 v_opt=0.04974 v_mand=0.01117 ptv=0.0588 ptv_max=0.00317 ring=0.00144 smooth=0.0652 laplacian=0.1593 beam=0.56881 homogeneity=0.0101 body=0.00000 bowel=0.04431 femur=0.00000
2026-05-22 18:05:26 [INFO] Step 45/54 Loss=19.9336 mse=0.2999 v_opt=0.11432 v_mand=0.03292 ptv=0.1134 ptv_max=0.00048 ring=0.00013 smooth=0.0228 laplacian=0.0550 beam=0.49539 homogeneity=0.0123 body=0.00000 bowel=0.00468 femur=0.00000
2026-05-22 18:05:29 [INFO] Step 50/54 Loss=13.4182 mse=0.2551 v_opt=0.03075 v_mand=0.00277 ptv=0.1127 ptv_max=0.00034 ring=0.00013 smooth=0.0214 laplacian=0.0541 beam=0.29008 homogeneity=0.0090 body=0.00000 bowel=0.00000 femur=0.00000
2026-05-22 18:05:31 [INFO] Step 54/54 Loss=21.3870 mse=0.3807 v_opt=0.03396 v_mand=0.00710 ptv=0.0647 ptv_max=0.00015 ring=0.00000 smooth=0.0182 laplacian=0.0475 beam=0.50708 homogeneity=0.0034 body=0.00000 bowel=0.08354 femur=0.00000
2026-05-22 18:05:31 [INFO] Running validation at epoch 58...
2026-05-22 18:06:01 [INFO] Epoch 58 Summary: Train=19.9051 Val=0.0277 (MSE=0.0277)
          Metrics: PTV_D95=52.35Gy Bladder=26.83Gy Rectum=30.93Gy
          Metrics: Ring=49.44Gy Dmax=545.64Gy BG=37.87Gy
2026-05-22 18:06:01 [INFO] Epoch 59/300 [RAMP 59/75 (79% of physics)] ramp=0.787 lr=9.11e-05
2026-05-22 18:06:07 [INFO] Step 5/54 Loss=15.7738 mse=0.2159 v_opt=0.01241 v_mand=0.00000 ptv=0.0909 ptv_max=0.00021 ring=0.00001 smooth=0.0096 laplacian=0.0234 beam=0.47741 homogeneity=0.0065 body=0.00000 bowel=0.00212 femur=0.00002
2026-05-22 18:06:10 [INFO] Step 10/54 Loss=15.5972 mse=0.1845 v_opt=0.02057 v_mand=0.00174 ptv=0.0720 ptv_max=0.00036 ring=0.00000 smooth=0.0088 laplacian=0.0211 beam=0.47797 homogeneity=0.0060 body=0.00000 bowel=0.05846 femur=0.00014
2026-05-22 18:06:13 [INFO] Step 15/54 Loss=20.6047 mse=0.3770 v_opt=0.14050 v_mand=0.04684 ptv=0.0481 ptv_max=0.00169 ring=0.00011 smooth=0.0165 laplacian=0.0420 beam=0.41589 homogeneity=0.0090 body=0.00000 bowel=0.00314 femur=0.00023
2026-05-22 18:06:16 [INFO] Step 20/54 Loss=12.1839 mse=0.1134 v_opt=0.00000 v_mand=0.00000 ptv=0.0000 ptv_max=0.00000 ring=0.00000 smooth=0.0119 laplacian=0.0282 beam=0.46925 homogeneity=0.0000 body=0.00000 bowel=0.00000 femur=0.00000
2026-05-22 18:06:21 [INFO] Step 25/54 Loss=12.3548 mse=0.1332 v_opt=0.00676 v_mand=0.00000 ptv=0.1655 ptv_max=0.00004 ring=0.00000 smooth=0.0093 laplacian=0.0211 beam=0.37864 homogeneity=0.0108 body=0.00000 bowel=0.00000 femur=0.00000
2026-05-22 18:06:24 [INFO] Step 30/54 Loss=16.2892 mse=0.2815 v_opt=0.00151 v_mand=0.00021 ptv=0.0782 ptv_max=0.00050 ring=0.00011 smooth=0.0215 laplacian=0.0553 beam=0.41802 homogeneity=0.0069 body=0.00000 bowel=0.00000 femur=0.00000
2026-05-22 18:06:27 [INFO] Step 35/54 Loss=15.0429 mse=0.3946 v_opt=0.05875 v_mand=0.01714 ptv=0.0501 ptv_max=0.00167 ring=0.00011 smooth=0.0145 laplacian=0.0414 beam=0.15104 homogeneity=0.0080 body=0.00000 bowel=0.04427 femur=0.00339
2026-05-22 18:06:30 [INFO] Step 40/54 Loss=14.4137 mse=0.1474 v_opt=0.00062 v_mand=0.00002 ptv=0.1635 ptv_max=0.00373 ring=0.00024 smooth=0.0093 laplacian=0.0247 beam=0.43513 homogeneity=0.0195 body=0.00000 bowel=0.00000 femur=0.00351
2026-05-22 18:06:35 [INFO] Step 45/54 Loss=11.6943 mse=0.3041 v_opt=0.02236 v_mand=0.00128 ptv=0.0903 ptv_max=0.00024 ring=0.00002 smooth=0.0153 laplacian=0.0389 beam=0.14856 homogeneity=0.0048 body=0.00000 bowel=0.00052 femur=0.01252
2026-05-22 18:06:38 [INFO] Step 50/54 Loss=17.3749 mse=0.2640 v_opt=0.01947 v_mand=0.00079 ptv=0.0917 ptv_max=0.00052 ring=0.00000 smooth=0.0085 laplacian=0.0210 beam=0.48515 homogeneity=0.0070 body=0.00000 bowel=0.01594 femur=0.00000
2026-05-22 18:06:41 [INFO] Step 54/54 Loss=14.8115 mse=0.3086 v_opt=0.06889 v_mand=0.01888 ptv=0.0924 ptv_max=0.00013 ring=0.00001 smooth=0.0163 laplacian=0.0422 beam=0.26374 homogeneity=0.0046 body=0.00000 bowel=0.00526 femur=0.00037
2026-05-22 18:06:41 [INFO] Running validation at epoch 59...
2026-05-22 18:07:10 [INFO] Epoch 59 Summary: Train=18.8454 Val=0.0261 (MSE=0.0261)
          Metrics: PTV_D95=53.09Gy Bladder=25.92Gy Rectum=29.89Gy
          Metrics: Ring=49.40Gy Dmax=536.00Gy BG=36.83Gy
2026-05-22 18:07:10 [INFO] [PHYSICS] Saved best model val_loss=0.0261
2026-05-22 18:07:10 [INFO] Epoch 60/300 [RAMP 60/75 (80% of physics)] ramp=0.800 lr=9.08e-05
2026-05-22 18:07:16 [INFO] Step 5/54 Loss=12.8942 mse=0.1453 v_opt=0.00699 v_mand=0.00000 ptv=0.1269 ptv_max=0.00115 ring=0.00000 smooth=0.0072 laplacian=0.0180 beam=0.39058 homogeneity=0.0131 body=0.00000 bowel=0.00000 femur=0.00000
2026-05-22 18:07:19 [INFO] Step 10/54 Loss=26.5018 mse=0.5146 v_opt=0.02723 v_mand=0.00423 ptv=0.0213 ptv_max=0.00156 ring=0.00001 smooth=0.0281 laplacian=0.0750 beam=0.63166 homogeneity=0.0068 body=0.00000 bowel=0.00000 femur=0.00000
2026-05-22 18:07:22 [INFO] Step 15/54 Loss=14.4008 mse=0.2987 v_opt=0.00931 v_mand=0.00000 ptv=0.0941 ptv_max=0.00012 ring=0.00004 smooth=0.0228 laplacian=0.0613 beam=0.26856 homogeneity=0.0046 body=0.00000 bowel=0.03695 femur=0.00000
2026-05-22 18:07:24 [INFO] Step 20/54 Loss=17.9694 mse=0.2638 v_opt=0.11425 v_mand=0.03022 ptv=0.0630 ptv_max=0.00024 ring=0.00002 smooth=0.0175 laplacian=0.0450 beam=0.45962 homogeneity=0.0039 body=0.00000 bowel=0.00000 femur=0.00004
2026-05-22 18:07:31 [INFO] Step 25/54 Loss=16.5808 mse=0.2605 v_opt=0.03096 v_mand=0.00314 ptv=0.0700 ptv_max=0.00071 ring=0.00001 smooth=0.0103 laplacian=0.0248 beam=0.45000 homogeneity=0.0074 body=0.00000 bowel=0.00011 femur=0.00265
2026-05-22 18:07:33 [INFO] Step 30/54 Loss=20.9045 mse=0.4063 v_opt=0.00660 v_mand=0.00000 ptv=0.0451 ptv_max=0.00037 ring=0.00000 smooth=0.0284 laplacian=0.0677 beam=0.49938 homogeneity=0.0032 body=0.00000 bowel=0.00000 femur=0.00000
2026-05-22 18:07:36 [INFO] Step 35/54 Loss=15.8249 mse=0.3240 v_opt=0.01350 v_mand=0.00033 ptv=0.0814 ptv_max=0.00016 ring=0.00000 smooth=0.0189 laplacian=0.0470 beam=0.33117 homogeneity=0.0045 body=0.00000 bowel=0.01016 femur=0.00000
2026-05-22 18:07:39 [INFO] Step 40/54 Loss=31.2347 mse=0.7085 v_opt=0.07031 v_mand=0.01892 ptv=0.0258 ptv_max=0.00313 ring=0.00080 smooth=0.0695 laplacian=0.1761 beam=0.50876 homogeneity=0.0092 body=0.00000 bowel=0.07392 femur=0.01153
2026-05-22 18:07:45 [INFO] Step 45/54 Loss=23.2798 mse=0.3837 v_opt=0.12534 v_mand=0.04158 ptv=0.0559 ptv_max=0.00053 ring=0.00002 smooth=0.0225 laplacian=0.0582 beam=0.52956 homogeneity=0.0041 body=0.00000 bowel=0.03388 femur=0.00000
2026-05-22 18:07:48 [INFO] Step 50/54 Loss=18.4154 mse=0.2439 v_opt=0.06600 v_mand=0.01804 ptv=0.0677 ptv_max=0.00015 ring=0.00003 smooth=0.0188 laplacian=0.0466 beam=0.52742 homogeneity=0.0035 body=0.00000 bowel=0.01011 femur=0.00048
2026-05-22 18:07:50 [INFO] Step 54/54 Loss=20.3510 mse=0.3295 v_opt=0.04284 v_mand=0.00541 ptv=0.1261 ptv_max=0.00048 ring=0.00027 smooth=0.0311 laplacian=0.0761 beam=0.50657 homogeneity=0.0142 body=0.00000 bowel=0.00587 femur=0.00010
2026-05-22 18:07:50 [INFO] Running validation at epoch 60...
2026-05-22 18:08:20 [INFO] Epoch 60 Summary: Train=18.6116 Val=0.0269 (MSE=0.0269)
          Metrics: PTV_D95=53.13Gy Bladder=24.26Gy Rectum=29.73Gy
          Metrics: Ring=49.48Gy Dmax=575.81Gy BG=37.36Gy
2026-05-22 18:08:20 [INFO] Epoch 61/300 [RAMP 61/75 (81% of physics)] ramp=0.813 lr=9.05e-05
2026-05-22 18:08:26 [INFO] Step 5/54 Loss=39.3106 mse=0.1781 v_opt=0.65479 v_mand=0.47860 ptv=0.3757 ptv_max=0.00000 ring=0.00000 smooth=0.0138 laplacian=0.0324 beam=0.51707 homogeneity=0.0379 body=0.00000 bowel=0.00000 femur=0.00000
2026-05-22 18:08:29 [INFO] Step 10/54 Loss=36.4277 mse=0.8441 v_opt=0.03038 v_mand=0.00705 ptv=0.0457 ptv_max=0.00703 ring=0.00221 smooth=0.0935 laplacian=0.2315 beam=0.55843 homogeneity=0.0155 body=0.00000 bowel=0.08713 femur=0.00563
2026-05-22 18:08:32 [INFO] Step 15/54 Loss=14.8982 mse=0.2847 v_opt=0.01755 v_mand=0.00099 ptv=0.1296 ptv_max=0.00052 ring=0.00055 smooth=0.0140 laplacian=0.0374 beam=0.30244 homogeneity=0.0109 body=0.00000 bowel=0.00657 femur=0.00208
2026-05-22 18:08:35 [INFO] Step 20/54 Loss=16.9395 mse=0.2386 v_opt=0.06215 v_mand=0.01764 ptv=0.0504 ptv_max=0.00036 ring=0.00000 smooth=0.0122 laplacian=0.0308 beam=0.46349 homogeneity=0.0036 body=0.00000 bowel=0.00000 femur=0.01039
2026-05-22 18:08:40 [INFO] Step 25/54 Loss=17.4052 mse=0.2284 v_opt=0.00848 v_mand=0.00000 ptv=0.1008 ptv_max=0.00028 ring=0.00000 smooth=0.0101 laplacian=0.0246 beam=0.51964 homogeneity=0.0066 body=0.00000 bowel=0.00368 femur=0.00000
2026-05-22 18:08:43 [INFO] Step 30/54 Loss=26.3811 mse=0.4704 v_opt=0.00292 v_mand=0.00037 ptv=0.0556 ptv_max=0.00108 ring=0.00010 smooth=0.0839 laplacian=0.2132 beam=0.60122 homogeneity=0.0052 body=0.00000 bowel=0.04054 femur=0.03421
2026-05-22 18:08:46 [INFO] Step 35/54 Loss=27.7990 mse=0.5806 v_opt=0.00000 v_mand=0.00000 ptv=0.0586 ptv_max=0.00114 ring=0.00587 smooth=0.0705 laplacian=0.1686 beam=0.51200 homogeneity=0.0049 body=0.00000 bowel=0.09892 femur=0.01927
2026-05-22 18:08:49 [INFO] Step 40/54 Loss=17.6269 mse=0.2536 v_opt=0.05265 v_mand=0.01364 ptv=0.0905 ptv_max=0.00014 ring=0.00001 smooth=0.0127 laplacian=0.0307 beam=0.47639 homogeneity=0.0044 body=0.00000 bowel=0.00000 femur=0.00000
2026-05-22 18:08:54 [INFO] Step 45/54 Loss=23.9048 mse=0.4324 v_opt=0.02324 v_mand=0.00208 ptv=0.0722 ptv_max=0.00073 ring=0.00001 smooth=0.0360 laplacian=0.0936 beam=0.58028 homogeneity=0.0054 body=0.00000 bowel=0.00000 femur=0.00000
2026-05-22 18:08:57 [INFO] Step 50/54 Loss=28.6339 mse=0.5889 v_opt=0.00060 v_mand=0.00002 ptv=0.0564 ptv_max=0.00420 ring=0.00626 smooth=0.0458 laplacian=0.1264 beam=0.49083 homogeneity=0.0108 body=0.00000 bowel=0.17671 femur=0.00000
2026-05-22 18:08:59 [INFO] Step 54/54 Loss=21.6392 mse=0.3603 v_opt=0.02160 v_mand=0.00063 ptv=0.0809 ptv_max=0.00034 ring=0.00004 smooth=0.0233 laplacian=0.0595 beam=0.56337 homogeneity=0.0062 body=0.00000 bowel=0.00388 femur=0.00066
2026-05-22 18:08:59 [INFO] Running validation at epoch 61...
2026-05-22 18:09:28 [INFO] Epoch 61 Summary: Train=19.9555 Val=0.0266 (MSE=0.0266)
          Metrics: PTV_D95=52.63Gy Bladder=24.86Gy Rectum=33.05Gy
          Metrics: Ring=50.04Gy Dmax=604.46Gy BG=37.10Gy
2026-05-22 18:09:28 [INFO] Epoch 62/300 [RAMP 62/75 (83% of physics)] ramp=0.827 lr=9.02e-05
2026-05-22 18:09:34 [INFO] Step 5/54 Loss=13.1853 mse=0.1667 v_opt=0.03588 v_mand=0.00469 ptv=0.0723 ptv_max=0.00162 ring=0.00000 smooth=0.0101 laplacian=0.0229 beam=0.37341 homogeneity=0.0088 body=0.00000 bowel=0.00000 femur=0.00000
2026-05-22 18:09:37 [INFO] Step 10/54 Loss=16.8370 mse=0.2656 v_opt=0.02832 v_mand=0.00361 ptv=0.0719 ptv_max=0.00018 ring=0.00000 smooth=0.0119 laplacian=0.0289 beam=0.41513 homogeneity=0.0045 body=0.00000 bowel=0.04840 femur=0.00000
2026-05-22 18:09:40 [INFO] Step 15/54 Loss=16.7829 mse=0.2315 v_opt=0.01182 v_mand=0.00004 ptv=0.0906 ptv_max=0.00019 ring=0.00003 smooth=0.0125 laplacian=0.0314 beam=0.48251 homogeneity=0.0053 body=0.00000 bowel=0.00000 femur=0.00000
2026-05-22 18:09:43 [INFO] Step 20/54 Loss=22.9037 mse=0.4310 v_opt=0.04161 v_mand=0.00728 ptv=0.0543 ptv_max=0.00278 ring=0.00459 smooth=0.0571 laplacian=0.1406 beam=0.44070 homogeneity=0.0084 body=0.00000 bowel=0.08344 femur=0.00000
2026-05-22 18:09:49 [INFO] Step 25/54 Loss=24.9758 mse=0.6921 v_opt=0.03869 v_mand=0.00708 ptv=0.0631 ptv_max=0.00651 ring=0.07615 smooth=0.0415 laplacian=0.1022 beam=0.17198 homogeneity=0.0136 body=0.00000 bowel=0.06288 femur=0.00342
2026-05-22 18:09:52 [INFO] Step 30/54 Loss=24.8401 mse=0.3990 v_opt=0.00260 v_mand=0.00000 ptv=0.0676 ptv_max=0.00110 ring=0.00051 smooth=0.0323 laplacian=0.0827 beam=0.61704 homogeneity=0.0066 body=0.00000 bowel=0.07495 femur=0.00000
2026-05-22 18:09:55 [INFO] Step 35/54 Loss=21.2748 mse=0.3897 v_opt=0.10393 v_mand=0.02719 ptv=0.0814 ptv_max=0.00006 ring=0.00002 smooth=0.0279 laplacian=0.0697 beam=0.42866 homogeneity=0.0040 body=0.00000 bowel=0.02552 femur=0.00044
2026-05-22 18:09:58 [INFO] Step 40/54 Loss=29.7467 mse=0.5997 v_opt=0.01897 v_mand=0.00135 ptv=0.0815 ptv_max=0.00430 ring=0.00965 smooth=0.1387 laplacian=0.3330 beam=0.54591 homogeneity=0.0121 body=0.00000 bowel=0.02968 femur=0.00000
2026-05-22 18:10:03 [INFO] Step 45/54 Loss=16.4503 mse=0.2180 v_opt=0.02847 v_mand=0.00177 ptv=0.0545 ptv_max=0.00019 ring=0.00000 smooth=0.0107 laplacian=0.0256 beam=0.48126 homogeneity=0.0033 body=0.00000 bowel=0.02343 femur=0.00000
2026-05-22 18:10:06 [INFO] Step 50/54 Loss=24.5626 mse=0.4690 v_opt=0.00153 v_mand=0.00000 ptv=0.0728 ptv_max=0.00099 ring=0.00006 smooth=0.0604 laplacian=0.1577 beam=0.51986 homogeneity=0.0080 body=0.00000 bowel=0.04305 femur=0.00000
2026-05-22 18:10:08 [INFO] Step 54/54 Loss=20.1018 mse=0.3356 v_opt=0.00803 v_mand=0.00000 ptv=0.0506 ptv_max=0.00085 ring=0.00002 smooth=0.0266 laplacian=0.0663 beam=0.45324 homogeneity=0.0051 body=0.00000 bowel=0.11512 femur=0.00000
2026-05-22 18:10:08 [INFO] Running validation at epoch 62...
2026-05-22 18:10:38 [INFO] Epoch 62 Summary: Train=20.3823 Val=0.0254 (MSE=0.0254)
          Metrics: PTV_D95=52.69Gy Bladder=25.09Gy Rectum=28.75Gy
          Metrics: Ring=48.60Gy Dmax=615.06Gy BG=36.35Gy
2026-05-22 18:10:38 [INFO] [PHYSICS] Saved best model val_loss=0.0254
2026-05-22 18:10:38 [INFO] Epoch 63/300 [RAMP 63/75 (84% of physics)] ramp=0.840 lr=8.99e-05
2026-05-22 18:10:44 [INFO] Step 5/54 Loss=39.8833 mse=0.8404 v_opt=0.02322 v_mand=0.00156 ptv=0.0524 ptv_max=0.00219 ring=0.00112 smooth=0.1008 laplacian=0.2710 beam=0.78312 homogeneity=0.0076 body=0.00000 bowel=0.01583 femur=0.00504
2026-05-22 18:10:47 [INFO] Step 10/54 Loss=16.6863 mse=0.1497 v_opt=0.00000 v_mand=0.00000 ptv=0.2455 ptv_max=0.00003 ring=0.00019 smooth=0.0147 laplacian=0.0361 beam=0.49392 homogeneity=0.0203 body=0.00000 bowel=0.00000 femur=0.00000
2026-05-22 18:10:50 [INFO] Step 15/54 Loss=23.7586 mse=0.3956 v_opt=0.00932 v_mand=0.00047 ptv=0.0604 ptv_max=0.00183 ring=0.00038 smooth=0.0728 laplacian=0.1798 beam=0.56098 homogeneity=0.0077 body=0.00000 bowel=0.02882 femur=0.00000
2026-05-22 18:10:53 [INFO] Step 20/54 Loss=13.9410 mse=0.2070 v_opt=0.00541 v_mand=0.00000 ptv=0.0481 ptv_max=0.00062 ring=0.00016 smooth=0.0119 laplacian=0.0295 beam=0.38341 homogeneity=0.0049 body=0.00000 bowel=0.00000 femur=0.00062
2026-05-22 18:10:58 [INFO] Step 25/54 Loss=18.6919 mse=0.2597 v_opt=0.09585 v_mand=0.02799 ptv=0.0779 ptv_max=0.00020 ring=0.00001 smooth=0.0133 laplacian=0.0324 beam=0.47080 homogeneity=0.0043 body=0.00000 bowel=0.00426 femur=0.00280
2026-05-22 18:11:01 [INFO] Step 30/54 Loss=25.7420 mse=0.6154 v_opt=0.00003 v_mand=0.00000 ptv=0.0984 ptv_max=0.00204 ring=0.00756 smooth=0.0364 laplacian=0.0936 beam=0.36491 homogeneity=0.0077 body=0.00000 bowel=0.07628 femur=0.00000
2026-05-22 18:11:04 [INFO] Step 35/54 Loss=21.5223 mse=0.3452 v_opt=0.01785 v_mand=0.00053 ptv=0.0794 ptv_max=0.00108 ring=0.00004 smooth=0.0136 laplacian=0.0344 beam=0.55278 homogeneity=0.0065 body=0.00000 bowel=0.00233 femur=0.01583
2026-05-22 18:11:06 [INFO] Step 40/54 Loss=16.3548 mse=0.2186 v_opt=0.04921 v_mand=0.00633 ptv=0.0849 ptv_max=0.00004 ring=0.00000 smooth=0.0092 laplacian=0.0219 beam=0.45989 homogeneity=0.0039 body=0.00000 bowel=0.00000 femur=0.00000
2026-05-22 18:11:12 [INFO] Step 45/54 Loss=17.5272 mse=0.4327 v_opt=0.00146 v_mand=0.00015 ptv=0.0623 ptv_max=0.00187 ring=0.00123 smooth=0.0317 laplacian=0.0817 beam=0.25275 homogeneity=0.0073 body=0.00000 bowel=0.01002 femur=0.00011
2026-05-22 18:11:15 [INFO] Step 50/54 Loss=21.5703 mse=0.4952 v_opt=0.02845 v_mand=0.00262 ptv=0.0542 ptv_max=0.00247 ring=0.00228 smooth=0.0594 laplacian=0.1458 beam=0.34186 homogeneity=0.0086 body=0.00000 bowel=0.01951 femur=0.00049
2026-05-22 18:11:17 [INFO] Step 54/54 Loss=29.0968 mse=0.5012 v_opt=0.10682 v_mand=0.03375 ptv=0.0164 ptv_max=0.00982 ring=0.00437 smooth=0.0511 laplacian=0.1373 beam=0.58195 homogeneity=0.0196 body=0.00000 bowel=0.02952 femur=0.00000
2026-05-22 18:11:17 [INFO] Running validation at epoch 63...
2026-05-22 18:11:47 [INFO] Epoch 63 Summary: Train=20.2906 Val=0.0259 (MSE=0.0259)
          Metrics: PTV_D95=55.41Gy Bladder=26.37Gy Rectum=29.62Gy
          Metrics: Ring=50.73Gy Dmax=586.92Gy BG=36.56Gy
2026-05-22 18:11:47 [INFO] [CLINICAL] Saved best model Score=50.586 PTV_D95=55.41Gy Bladder=26.37Gy Rectum=29.62Gy
2026-05-22 18:11:47 [INFO] Epoch 64/300 [RAMP 64/75 (85% of physics)] ramp=0.853 lr=8.96e-05
2026-05-22 18:11:53 [INFO] Step 5/54 Loss=26.3550 mse=0.4024 v_opt=0.07815 v_mand=0.02673 ptv=0.0430 ptv_max=0.00075 ring=0.00018 smooth=0.0609 laplacian=0.1531 beam=0.59625 homogeneity=0.0059 body=0.00000 bowel=0.06301 femur=0.02628
2026-05-22 18:11:56 [INFO] Step 10/54 Loss=13.9265 mse=0.1783 v_opt=0.00833 v_mand=0.00000 ptv=0.1492 ptv_max=0.00011 ring=0.00000 smooth=0.0127 laplacian=0.0301 beam=0.36574 homogeneity=0.0133 body=0.00000 bowel=0.00000 femur=0.00000
2026-05-22 18:11:59 [INFO] Step 15/54 Loss=20.9157 mse=0.2626 v_opt=0.03789 v_mand=0.00740 ptv=0.2726 ptv_max=0.00015 ring=0.00000 smooth=0.0162 laplacian=0.0369 beam=0.51046 homogeneity=0.0327 body=0.00000 bowel=0.00000 femur=0.00054
2026-05-22 18:12:02 [INFO] Step 20/54 Loss=24.7191 mse=0.5786 v_opt=0.02040 v_mand=0.00084 ptv=0.0447 ptv_max=0.00104 ring=0.00134 smooth=0.0508 laplacian=0.1321 beam=0.39601 homogeneity=0.0057 body=0.00000 bowel=0.03122 femur=0.01163
2026-05-22 18:12:07 [INFO] Step 25/54 Loss=20.9280 mse=0.3667 v_opt=0.00782 v_mand=0.00025 ptv=0.0481 ptv_max=0.00112 ring=0.00013 smooth=0.0688 laplacian=0.1812 beam=0.48002 homogeneity=0.0063 body=0.00000 bowel=0.00000 femur=0.00000
2026-05-22 18:12:10 [INFO] Step 30/54 Loss=19.5540 mse=0.2643 v_opt=0.10630 v_mand=0.03416 ptv=0.0574 ptv_max=0.00161 ring=0.00001 smooth=0.0090 laplacian=0.0219 beam=0.48526 homogeneity=0.0092 body=0.00000 bowel=0.00019 femur=0.00001
2026-05-22 18:12:13 [INFO] Step 35/54 Loss=11.6104 mse=0.1327 v_opt=0.01065 v_mand=0.00000 ptv=0.1448 ptv_max=0.00004 ring=0.00000 smooth=0.0062 laplacian=0.0145 beam=0.31901 homogeneity=0.0094 body=0.00000 bowel=0.00000 femur=0.00000
2026-05-22 18:12:16 [INFO] Step 40/54 Loss=21.1409 mse=0.3966 v_opt=0.00027 v_mand=0.00000 ptv=0.0452 ptv_max=0.00050 ring=0.00003 smooth=0.0248 laplacian=0.0641 beam=0.43823 homogeneity=0.0038 body=0.00000 bowel=0.08225 femur=0.00164
2026-05-22 18:12:21 [INFO] Step 45/54 Loss=22.3456 mse=0.4557 v_opt=0.04201 v_mand=0.01047 ptv=0.0624 ptv_max=0.00150 ring=0.00029 smooth=0.0339 laplacian=0.0867 beam=0.39344 homogeneity=0.0066 body=0.00000 bowel=0.06263 femur=0.00000
2026-05-22 18:12:24 [INFO] Step 50/54 Loss=21.1601 mse=0.3147 v_opt=0.02571 v_mand=0.00364 ptv=0.0853 ptv_max=0.00006 ring=0.00000 smooth=0.0137 laplacian=0.0348 beam=0.56840 homogeneity=0.0042 body=0.00000 bowel=0.00000 femur=0.00000
2026-05-22 18:12:27 [INFO] Step 54/54 Loss=15.0335 mse=0.2324 v_opt=0.04968 v_mand=0.01309 ptv=0.1114 ptv_max=0.00008 ring=0.00000 smooth=0.0113 laplacian=0.0280 beam=0.33838 homogeneity=0.0061 body=0.00000 bowel=0.01315 femur=0.00000
2026-05-22 18:12:27 [INFO] Running validation at epoch 64...
2026-05-22 18:12:56 [INFO] Epoch 64 Summary: Train=21.2970 Val=0.0259 (MSE=0.0259)
          Metrics: PTV_D95=54.55Gy Bladder=27.61Gy Rectum=30.56Gy
          Metrics: Ring=50.99Gy Dmax=653.84Gy BG=36.70Gy
2026-05-22 18:12:56 [INFO] Epoch 65/300 [RAMP 65/75 (87% of physics)] ramp=0.867 lr=8.93e-05
2026-05-22 18:13:02 [INFO] Step 5/54 Loss=23.5544 mse=0.4318 v_opt=0.05281 v_mand=0.01823 ptv=0.0493 ptv_max=0.00747 ring=0.02272 smooth=0.0533 laplacian=0.1248 beam=0.42373 homogeneity=0.0150 body=0.00000 bowel=0.00000 femur=0.01815
2026-05-22 18:13:05 [INFO] Step 10/54 Loss=21.9603 mse=0.4003 v_opt=0.02800 v_mand=0.00407 ptv=0.0592 ptv_max=0.00043 ring=0.00002 smooth=0.0151 laplacian=0.0409 beam=0.48551 homogeneity=0.0044 body=0.00000 bowel=0.02023 femur=0.01267
2026-05-22 18:13:08 [INFO] Step 15/54 Loss=20.0100 mse=0.2816 v_opt=0.00563 v_mand=0.00000 ptv=0.0804 ptv_max=0.00020 ring=0.00002 smooth=0.0154 laplacian=0.0378 beam=0.55282 homogeneity=0.0046 body=0.00000 bowel=0.00000 femur=0.00034
2026-05-22 18:13:11 [INFO] Step 20/54 Loss=22.8253 mse=0.2669 v_opt=0.06140 v_mand=0.01540 ptv=0.0602 ptv_max=0.00091 ring=0.00000 smooth=0.0123 laplacian=0.0296 beam=0.50822 homogeneity=0.0072 body=0.00000 bowel=0.26621 femur=0.00050
2026-05-22 18:13:16 [INFO] Step 25/54 Loss=17.5378 mse=0.3057 v_opt=0.08553 v_mand=0.03093 ptv=0.0567 ptv_max=0.00198 ring=0.00002 smooth=0.0136 laplacian=0.0346 beam=0.32403 homogeneity=0.0103 body=0.00000 bowel=0.01584 femur=0.01057
2026-05-22 18:13:19 [INFO] Step 30/54 Loss=21.1680 mse=0.4348 v_opt=0.00066 v_mand=0.00001 ptv=0.0451 ptv_max=0.00183 ring=0.00009 smooth=0.0314 laplacian=0.0793 beam=0.40883 homogeneity=0.0083 body=0.00000 bowel=0.01945 femur=0.00479
2026-05-22 18:13:22 [INFO] Step 35/54 Loss=32.2318 mse=0.5177 v_opt=0.00134 v_mand=0.00000 ptv=0.1582 ptv_max=0.00024 ring=0.00023 smooth=0.0807 laplacian=0.2111 beam=0.75265 homogeneity=0.0104 body=0.00000 bowel=0.03159 femur=0.00000
2026-05-22 18:13:25 [INFO] Step 40/54 Loss=20.5017 mse=0.4414 v_opt=0.00971 v_mand=0.00000 ptv=0.1287 ptv_max=0.00072 ring=0.00153 smooth=0.0239 laplacian=0.0606 beam=0.35455 homogeneity=0.0122 body=0.00000 bowel=0.00338 femur=0.00000
2026-05-22 18:13:30 [INFO] Step 45/54 Loss=19.7531 mse=0.3008 v_opt=0.01443 v_mand=0.00009 ptv=0.0214 ptv_max=0.00114 ring=0.00003 smooth=0.0079 laplacian=0.0203 beam=0.53900 homogeneity=0.0056 body=0.00000 bowel=0.00000 femur=0.00000
2026-05-22 18:13:33 [INFO] Step 50/54 Loss=22.8375 mse=0.3279 v_opt=0.06640 v_mand=0.01729 ptv=0.0683 ptv_max=0.00037 ring=0.00003 smooth=0.0190 laplacian=0.0525 beam=0.51581 homogeneity=0.0052 body=0.00000 bowel=0.12516 femur=0.00000
2026-05-22 18:13:35 [INFO] Step 54/54 Loss=19.8862 mse=0.5131 v_opt=0.00000 v_mand=0.00000 ptv=0.0760 ptv_max=0.00239 ring=0.02183 smooth=0.0489 laplacian=0.1228 beam=0.20834 homogeneity=0.0104 body=0.00000 bowel=0.04125 femur=0.00000
2026-05-22 18:13:35 [INFO] Running validation at epoch 65...
2026-05-22 18:14:05 [INFO] Epoch 65 Summary: Train=20.6035 Val=0.0255 (MSE=0.0255)
          Metrics: PTV_D95=51.30Gy Bladder=24.97Gy Rectum=31.06Gy
          Metrics: Ring=49.59Gy Dmax=631.25Gy BG=36.44Gy
2026-05-22 18:14:05 [INFO] Epoch 66/300 [RAMP 66/75 (88% of physics)] ramp=0.880 lr=8.90e-05
2026-05-22 18:14:11 [INFO] Step 5/54 Loss=26.0819 mse=0.4992 v_opt=0.00124 v_mand=0.00000 ptv=0.0904 ptv_max=0.00062 ring=0.00034 smooth=0.1119 laplacian=0.2715 beam=0.51288 homogeneity=0.0071 body=0.00000 bowel=0.00000 femur=0.00183
2026-05-22 18:14:14 [INFO] Step 10/54 Loss=12.3851 mse=0.1773 v_opt=0.01955 v_mand=0.00056 ptv=0.1199 ptv_max=0.00002 ring=0.00000 smooth=0.0079 laplacian=0.0182 beam=0.30125 homogeneity=0.0068 body=0.00000 bowel=0.00000 femur=0.00000
2026-05-22 18:14:17 [INFO] Step 15/54 Loss=26.0492 mse=0.3831 v_opt=0.00000 v_mand=0.00000 ptv=0.0989 ptv_max=0.00498 ring=0.00030 smooth=0.0788 laplacian=0.2162 beam=0.61377 homogeneity=0.0171 body=0.00000 bowel=0.00876 femur=0.00000
2026-05-22 18:14:20 [INFO] Step 20/54 Loss=14.9303 mse=0.3819 v_opt=0.06414 v_mand=0.01078 ptv=0.0577 ptv_max=0.00051 ring=0.00045 smooth=0.0212 laplacian=0.0544 beam=0.17378 homogeneity=0.0050 body=0.00000 bowel=0.00339 femur=0.00001
2026-05-22 18:14:24 [INFO] Step 25/54 Loss=19.6474 mse=0.2921 v_opt=0.02503 v_mand=0.00035 ptv=0.0952 ptv_max=0.00007 ring=0.00002 smooth=0.0123 laplacian=0.0304 beam=0.50948 homogeneity=0.0044 body=0.00000 bowel=0.00000 femur=0.00093
2026-05-22 18:14:28 [INFO] Step 30/54 Loss=17.7152 mse=0.1946 v_opt=0.08746 v_mand=0.02069 ptv=0.1065 ptv_max=0.00012 ring=0.00001 smooth=0.0129 laplacian=0.0303 beam=0.48052 homogeneity=0.0066 body=0.00000 bowel=0.00000 femur=0.00000
2026-05-22 18:14:31 [INFO] Step 35/54 Loss=14.3478 mse=0.2144 v_opt=0.01005 v_mand=0.00035 ptv=0.0517 ptv_max=0.00169 ring=0.00003 smooth=0.0083 laplacian=0.0193 beam=0.36514 homogeneity=0.0085 body=0.00000 bowel=0.00000 femur=0.00000
2026-05-22 18:14:34 [INFO] Step 40/54 Loss=16.1328 mse=0.1864 v_opt=0.01116 v_mand=0.00000 ptv=0.0905 ptv_max=0.00004 ring=0.00005 smooth=0.0129 laplacian=0.0333 beam=0.44535 homogeneity=0.0039 body=0.00000 bowel=0.04750 femur=0.00000
2026-05-22 18:14:39 [INFO] Step 45/54 Loss=20.6322 mse=0.3025 v_opt=0.02460 v_mand=0.00321 ptv=0.0775 ptv_max=0.00013 ring=0.00002 smooth=0.0140 laplacian=0.0344 beam=0.53784 homogeneity=0.0043 body=0.00000 bowel=0.00846 femur=0.00011
2026-05-22 18:14:42 [INFO] Step 50/54 Loss=24.0170 mse=0.7233 v_opt=0.01030 v_mand=0.00015 ptv=0.0417 ptv_max=0.00448 ring=0.00501 smooth=0.0320 laplacian=0.0866 beam=0.18833 homogeneity=0.0117 body=0.00000 bowel=0.00326 femur=0.00927
2026-05-22 18:14:44 [INFO] Step 54/54 Loss=20.1925 mse=0.2800 v_opt=0.17090 v_mand=0.05192 ptv=0.0492 ptv_max=0.00121 ring=0.00001 smooth=0.0250 laplacian=0.0687 beam=0.43312 homogeneity=0.0068 body=0.00000 bowel=0.00289 femur=0.00051
2026-05-22 18:14:44 [INFO] Running validation at epoch 66...
2026-05-22 18:15:13 [INFO] Epoch 66 Summary: Train=19.1873 Val=0.0247 (MSE=0.0247)
          Metrics: PTV_D95=54.34Gy Bladder=25.92Gy Rectum=32.29Gy
          Metrics: Ring=50.14Gy Dmax=646.49Gy BG=35.80Gy
2026-05-22 18:15:13 [INFO] [PHYSICS] Saved best model val_loss=0.0247
2026-05-22 18:15:13 [INFO] Epoch 67/300 [RAMP 67/75 (89% of physics)] ramp=0.893 lr=8.86e-05
2026-05-22 18:15:20 [INFO] Step 5/54 Loss=16.7742 mse=0.2414 v_opt=0.01642 v_mand=0.00064 ptv=0.0380 ptv_max=0.00108 ring=0.00006 smooth=0.0132 laplacian=0.0325 beam=0.42255 homogeneity=0.0062 body=0.00000 bowel=0.03647 femur=0.00043
2026-05-22 18:15:23 [INFO] Step 10/54 Loss=27.1496 mse=0.5646 v_opt=0.00320 v_mand=0.00013 ptv=0.0433 ptv_max=0.00428 ring=0.00741 smooth=0.0566 laplacian=0.1383 beam=0.48547 homogeneity=0.0119 body=0.00000 bowel=0.01551 femur=0.00363
2026-05-22 18:15:26 [INFO] Step 15/54 Loss=14.3470 mse=0.2164 v_opt=0.04738 v_mand=0.01292 ptv=0.1009 ptv_max=0.00004 ring=0.00000 smooth=0.0094 laplacian=0.0219 beam=0.30502 homogeneity=0.0056 body=0.00000 bowel=0.02596 femur=0.00000
2026-05-22 18:15:29 [INFO] Step 20/54 Loss=28.4995 mse=0.5281 v_opt=0.10023 v_mand=0.03821 ptv=0.0661 ptv_max=0.00212 ring=0.00330 smooth=0.0427 laplacian=0.1126 beam=0.41327 homogeneity=0.0110 body=0.00000 bowel=0.18843 femur=0.00000
2026-05-22 18:15:34 [INFO] Step 25/54 Loss=19.4551 mse=0.2705 v_opt=0.00091 v_mand=0.00000 ptv=0.1341 ptv_max=0.00017 ring=0.00000 smooth=0.0122 laplacian=0.0298 beam=0.49890 homogeneity=0.0097 body=0.00000 bowel=0.00000 femur=0.00115
2026-05-22 18:15:37 [INFO] Step 30/54 Loss=12.7952 mse=0.2725 v_opt=0.00816 v_mand=0.00000 ptv=0.0889 ptv_max=0.00009 ring=0.00001 smooth=0.0142 laplacian=0.0356 beam=0.21910 homogeneity=0.0044 body=0.00000 bowel=0.00136 femur=0.00000
2026-05-22 18:15:40 [INFO] Step 35/54 Loss=13.5208 mse=0.1149 v_opt=0.00000 v_mand=0.00000 ptv=0.0831 ptv_max=0.00213 ring=0.00002 smooth=0.0106 laplacian=0.0269 beam=0.41758 homogeneity=0.0093 body=0.00000 bowel=0.00000 femur=0.00000
2026-05-22 18:15:43 [INFO] Step 40/54 Loss=27.5860 mse=0.5009 v_opt=0.10094 v_mand=0.03901 ptv=0.0504 ptv_max=0.00115 ring=0.00528 smooth=0.0898 laplacian=0.2127 beam=0.50496 homogeneity=0.0070 body=0.00000 bowel=0.00239 femur=0.00002
2026-05-22 18:15:49 [INFO] Step 45/54 Loss=15.9496 mse=0.1743 v_opt=0.00000 v_mand=0.00000 ptv=0.2077 ptv_max=0.00061 ring=0.00000 smooth=0.0110 laplacian=0.0279 beam=0.40951 homogeneity=0.0210 body=0.00000 bowel=0.00000 femur=0.00000
2026-05-22 18:15:51 [INFO] Step 50/54 Loss=33.5701 mse=0.6565 v_opt=0.03008 v_mand=0.00322 ptv=0.0622 ptv_max=0.00091 ring=0.00082 smooth=0.0451 laplacian=0.1169 beam=0.55808 homogeneity=0.0051 body=0.00000 bowel=0.23087 femur=0.00694
2026-05-22 18:15:53 [INFO] Step 54/54 Loss=27.4261 mse=0.4825 v_opt=0.06651 v_mand=0.02000 ptv=0.0230 ptv_max=0.00092 ring=0.00000 smooth=0.0172 laplacian=0.0434 beam=0.61451 homogeneity=0.0051 body=0.00000 bowel=0.00000 femur=0.00000
2026-05-22 18:15:53 [INFO] Running validation at epoch 67...
2026-05-22 18:16:23 [INFO] Epoch 67 Summary: Train=20.1554 Val=0.0241 (MSE=0.0241)
          Metrics: PTV_D95=53.67Gy Bladder=24.48Gy Rectum=30.52Gy
          Metrics: Ring=49.65Gy Dmax=653.66Gy BG=35.38Gy
2026-05-22 18:16:23 [INFO] [PHYSICS] Saved best model val_loss=0.0241
2026-05-22 18:16:23 [INFO] Epoch 68/300 [RAMP 68/75 (91% of physics)] ramp=0.907 lr=8.83e-05
2026-05-22 18:16:29 [INFO] Step 5/54 Loss=22.3837 mse=0.4584 v_opt=0.04068 v_mand=0.01002 ptv=0.0469 ptv_max=0.00062 ring=0.00141 smooth=0.0795 laplacian=0.1976 beam=0.38096 homogeneity=0.0044 body=0.00000 bowel=0.01349 femur=0.00007
2026-05-22 18:16:32 [INFO] Step 10/54 Loss=26.1085 mse=0.4249 v_opt=0.00006 v_mand=0.00000 ptv=0.0327 ptv_max=0.01014 ring=0.00639 smooth=0.0944 laplacian=0.2361 beam=0.51313 homogeneity=0.0236 body=0.00000 bowel=0.03747 femur=0.00000
2026-05-22 18:16:35 [INFO] Step 15/54 Loss=30.0003 mse=0.4532 v_opt=0.11379 v_mand=0.05293 ptv=0.0553 ptv_max=0.00071 ring=0.00002 smooth=0.0564 laplacian=0.1398 beam=0.63861 homogeneity=0.0044 body=0.00000 bowel=0.00255 femur=0.02134
2026-05-22 18:16:38 [INFO] Step 20/54 Loss=19.4895 mse=0.3021 v_opt=0.00196 v_mand=0.00000 ptv=0.0658 ptv_max=0.00017 ring=0.00388 smooth=0.0229 laplacian=0.0583 beam=0.48068 homogeneity=0.0030 body=0.00000 bowel=0.00000 femur=0.00300
2026-05-22 18:16:42 [INFO] Step 25/54 Loss=15.1361 mse=0.1303 v_opt=0.00000 v_mand=0.00000 ptv=0.2306 ptv_max=0.00010 ring=0.00000 smooth=0.0092 laplacian=0.0219 beam=0.41007 homogeneity=0.0205 body=0.00000 bowel=0.00000 femur=0.00000
2026-05-22 18:16:45 [INFO] Step 30/54 Loss=29.2347 mse=0.6663 v_opt=0.00469 v_mand=0.00019 ptv=0.0562 ptv_max=0.00212 ring=0.00480 smooth=0.0285 laplacian=0.0739 beam=0.49119 homogeneity=0.0076 body=0.00000 bowel=0.00473 femur=0.00000
2026-05-22 18:16:49 [INFO] Step 35/54 Loss=13.1022 mse=0.2029 v_opt=0.00000 v_mand=0.00000 ptv=0.0915 ptv_max=0.00135 ring=0.00013 smooth=0.0153 laplacian=0.0360 beam=0.29278 homogeneity=0.0110 body=0.00000 bowel=0.00000 femur=0.00000
2026-05-22 18:16:52 [INFO] Step 40/54 Loss=26.8593 mse=0.6149 v_opt=0.00407 v_mand=0.00031 ptv=0.0329 ptv_max=0.00287 ring=0.00485 smooth=0.0765 laplacian=0.1841 beam=0.39159 homogeneity=0.0087 body=0.00000 bowel=0.05689 femur=0.00000
2026-05-22 18:16:56 [INFO] Step 45/54 Loss=13.8156 mse=0.1784 v_opt=0.01114 v_mand=0.00003 ptv=0.0567 ptv_max=0.00032 ring=0.00000 smooth=0.0088 laplacian=0.0215 beam=0.37950 homogeneity=0.0036 body=0.00000 bowel=0.00000 femur=0.00039
2026-05-22 18:16:58 [INFO] Step 50/54 Loss=20.6838 mse=0.2885 v_opt=0.04553 v_mand=0.01016 ptv=0.0414 ptv_max=0.00032 ring=0.00000 smooth=0.0172 laplacian=0.0444 beam=0.53517 homogeneity=0.0035 body=0.00000 bowel=0.00674 femur=0.00080
2026-05-22 18:17:01 [INFO] Step 54/54 Loss=17.1146 mse=0.2283 v_opt=0.00262 v_mand=0.00003 ptv=0.1009 ptv_max=0.00004 ring=0.00000 smooth=0.0091 laplacian=0.0219 beam=0.45249 homogeneity=0.0055 body=0.00000 bowel=0.00127 femur=0.00000
2026-05-22 18:17:01 [INFO] Running validation at epoch 68...
2026-05-22 18:17:30 [INFO] Epoch 68 Summary: Train=19.3142 Val=0.0246 (MSE=0.0246)
          Metrics: PTV_D95=55.02Gy Bladder=22.97Gy Rectum=28.06Gy
          Metrics: Ring=49.90Gy Dmax=639.71Gy BG=35.60Gy
2026-05-22 18:17:30 [INFO] [CLINICAL] Saved best model Score=50.186 PTV_D95=55.02Gy Bladder=22.97Gy Rectum=28.06Gy
2026-05-22 18:17:30 [INFO] Epoch 69/300 [RAMP 69/75 (92% of physics)] ramp=0.920 lr=8.80e-05
2026-05-22 18:17:37 [INFO] Step 5/54 Loss=17.3332 mse=0.2279 v_opt=0.00074 v_mand=0.00000 ptv=0.0500 ptv_max=0.00027 ring=0.00000 smooth=0.0127 laplacian=0.0311 beam=0.46997 homogeneity=0.0035 body=0.00000 bowel=0.00664 femur=0.00174
2026-05-22 18:17:39 [INFO] Step 10/54 Loss=19.5668 mse=0.4265 v_opt=0.05234 v_mand=0.01157 ptv=0.0688 ptv_max=0.00082 ring=0.00033 smooth=0.0312 laplacian=0.0797 beam=0.29736 homogeneity=0.0065 body=0.00000 bowel=0.00869 femur=0.00545
2026-05-22 18:17:43 [INFO] Step 15/54 Loss=10.0171 mse=0.2427 v_opt=0.00065 v_mand=0.00003 ptv=0.1091 ptv_max=0.00003 ring=0.00001 smooth=0.0115 laplacian=0.0296 beam=0.11769 homogeneity=0.0046 body=0.00000 bowel=0.00000 femur=0.00000
2026-05-22 18:17:45 [INFO] Step 20/54 Loss=36.9999 mse=0.7740 v_opt=0.14131 v_mand=0.06823 ptv=0.0493 ptv_max=0.00521 ring=0.00318 smooth=0.1025 laplacian=0.2621 beam=0.40808 homogeneity=0.0121 body=0.00000 bowel=0.15311 femur=0.00123
2026-05-22 18:17:51 [INFO] Step 25/54 Loss=23.5432 mse=0.3929 v_opt=0.01855 v_mand=0.00057 ptv=0.0159 ptv_max=0.00193 ring=0.00002 smooth=0.0142 laplacian=0.0358 beam=0.56212 homogeneity=0.0076 body=0.00000 bowel=0.00000 femur=0.00000
2026-05-22 18:17:54 [INFO] Step 30/54 Loss=19.6461 mse=0.2349 v_opt=0.00029 v_mand=0.00000 ptv=0.0705 ptv_max=0.00032 ring=0.00000 smooth=0.0106 laplacian=0.0249 beam=0.55962 homogeneity=0.0046 body=0.00000 bowel=0.00000 femur=0.00000
2026-05-22 18:17:57 [INFO] Step 35/54 Loss=18.3985 mse=0.3210 v_opt=0.07329 v_mand=0.01639 ptv=0.0579 ptv_max=0.00016 ring=0.00001 smooth=0.0153 laplacian=0.0407 beam=0.37643 homogeneity=0.0027 body=0.00000 bowel=0.00106 femur=0.00091
2026-05-22 18:17:59 [INFO] Step 40/54 Loss=11.0732 mse=0.1410 v_opt=0.03293 v_mand=0.00539 ptv=0.1667 ptv_max=0.00001 ring=0.00000 smooth=0.0081 laplacian=0.0185 beam=0.23650 homogeneity=0.0095 body=0.00000 bowel=0.00000 femur=0.00000
2026-05-22 18:18:05 [INFO] Step 45/54 Loss=13.4123 mse=0.1894 v_opt=0.00000 v_mand=0.00000 ptv=0.0748 ptv_max=0.00028 ring=0.00000 smooth=0.0161 laplacian=0.0380 beam=0.33363 homogeneity=0.0047 body=0.00000 bowel=0.00000 femur=0.00000
2026-05-22 18:18:07 [INFO] Step 50/54 Loss=23.8622 mse=0.6402 v_opt=0.01205 v_mand=0.00026 ptv=0.0297 ptv_max=0.00166 ring=0.00003 smooth=0.0458 laplacian=0.1186 beam=0.28730 homogeneity=0.0067 body=0.00000 bowel=0.00000 femur=0.00000
2026-05-22 18:18:10 [INFO] Step 54/54 Loss=16.4176 mse=0.3339 v_opt=0.02002 v_mand=0.00072 ptv=0.0610 ptv_max=0.00180 ring=0.00096 smooth=0.0251 laplacian=0.0638 beam=0.27027 homogeneity=0.0086 body=0.00000 bowel=0.03426 femur=0.00133
2026-05-22 18:18:10 [INFO] Running validation at epoch 69...
2026-05-22 18:18:39 [INFO] Epoch 69 Summary: Train=21.0430 Val=0.0246 (MSE=0.0246)
          Metrics: PTV_D95=54.46Gy Bladder=25.76Gy Rectum=26.74Gy
          Metrics: Ring=49.62Gy Dmax=580.32Gy BG=35.65Gy
2026-05-22 18:18:39 [INFO] Epoch 70/300 [RAMP 70/75 (93% of physics)] ramp=0.933 lr=8.76e-05
2026-05-22 18:18:45 [INFO] Step 5/54 Loss=17.1777 mse=0.2397 v_opt=0.02680 v_mand=0.00235 ptv=0.0806 ptv_max=0.00009 ring=0.00000 smooth=0.0078 laplacian=0.0187 beam=0.42675 homogeneity=0.0044 body=0.00000 bowel=0.00900 femur=0.00000
2026-05-22 18:18:48 [INFO] Step 10/54 Loss=12.6820 mse=0.2341 v_opt=0.05883 v_mand=0.00791 ptv=0.0856 ptv_max=0.00022 ring=0.00013 smooth=0.0141 laplacian=0.0349 beam=0.22470 homogeneity=0.0054 body=0.00000 bowel=0.00000 femur=0.00001
2026-05-22 18:18:51 [INFO] Step 15/54 Loss=28.1996 mse=0.5006 v_opt=0.01811 v_mand=0.00092 ptv=0.0236 ptv_max=0.00135 ring=0.00000 smooth=0.0379 laplacian=0.0999 beam=0.62516 homogeneity=0.0059 body=0.00000 bowel=0.00000 femur=0.00000
2026-05-22 18:18:54 [INFO] Step 20/54 Loss=20.0350 mse=0.2275 v_opt=0.02767 v_mand=0.00406 ptv=0.1030 ptv_max=0.00010 ring=0.00000 smooth=0.0248 laplacian=0.0636 beam=0.54524 homogeneity=0.0048 body=0.00000 bowel=0.00000 femur=0.00000
2026-05-22 18:19:00 [INFO] Step 25/54 Loss=17.3626 mse=0.2246 v_opt=0.02268 v_mand=0.00180 ptv=0.0760 ptv_max=0.00018 ring=0.00000 smooth=0.0082 laplacian=0.0201 beam=0.45963 homogeneity=0.0033 body=0.00000 bowel=0.00000 femur=0.00000
2026-05-22 18:19:03 [INFO] Step 30/54 Loss=23.2532 mse=0.3612 v_opt=0.00175 v_mand=0.00002 ptv=0.0936 ptv_max=0.00077 ring=0.00015 smooth=0.0400 laplacian=0.1036 beam=0.46301 homogeneity=0.0063 body=0.00000 bowel=0.12814 femur=0.00000
2026-05-22 18:19:06 [INFO] Step 35/54 Loss=16.4730 mse=0.3948 v_opt=0.05212 v_mand=0.01074 ptv=0.0675 ptv_max=0.00037 ring=0.00007 smooth=0.0255 laplacian=0.0650 beam=0.20458 homogeneity=0.0043 body=0.00000 bowel=0.01001 femur=0.00000
2026-05-22 18:19:09 [INFO] Step 40/54 Loss=13.7494 mse=0.2030 v_opt=0.00494 v_mand=0.00000 ptv=0.1034 ptv_max=0.00028 ring=0.00002 smooth=0.0101 laplacian=0.0228 beam=0.31531 homogeneity=0.0101 body=0.00000 bowel=0.00000 femur=0.00000
2026-05-22 18:19:14 [INFO] Step 45/54 Loss=9.4723 mse=0.1715 v_opt=0.05036 v_mand=0.01042 ptv=0.0841 ptv_max=0.00013 ring=0.00000 smooth=0.0129 laplacian=0.0292 beam=0.15269 homogeneity=0.0049 body=0.00000 bowel=0.00000 femur=0.00000
2026-05-22 18:19:17 [INFO] Step 50/54 Loss=7.2898 mse=0.1793 v_opt=0.03096 v_mand=0.00399 ptv=0.0525 ptv_max=0.00140 ring=0.00000 smooth=0.0082 laplacian=0.0192 beam=0.07018 homogeneity=0.0076 body=0.00000 bowel=0.00000 femur=0.00000
2026-05-22 18:19:19 [INFO] Step 54/54 Loss=19.1663 mse=0.2891 v_opt=0.02955 v_mand=0.00282 ptv=0.0574 ptv_max=0.00116 ring=0.00003 smooth=0.0251 laplacian=0.0624 beam=0.45478 homogeneity=0.0061 body=0.00000 bowel=0.00000 femur=0.00154
2026-05-22 18:19:19 [INFO] Running validation at epoch 70...
2026-05-22 18:19:48 [INFO] Epoch 70 Summary: Train=20.9754 Val=0.0251 (MSE=0.0251)
          Metrics: PTV_D95=53.16Gy Bladder=23.27Gy Rectum=26.84Gy
          Metrics: Ring=49.78Gy Dmax=565.59Gy BG=35.88Gy
2026-05-22 18:19:48 [INFO] Epoch 71/300 [RAMP 71/75 (95% of physics)] ramp=0.947 lr=8.73e-05
2026-05-22 18:19:54 [INFO] Step 5/54 Loss=27.8777 mse=0.4545 v_opt=0.00002 v_mand=0.00000 ptv=0.0911 ptv_max=0.00041 ring=0.00106 smooth=0.0758 laplacian=0.1887 beam=0.60686 homogeneity=0.0052 body=0.00000 bowel=0.01073 femur=0.00000
2026-05-22 18:19:57 [INFO] Step 10/54 Loss=37.7062 mse=0.9337 v_opt=0.00041 v_mand=0.00000 ptv=0.0718 ptv_max=0.00115 ring=0.00154 smooth=0.0489 laplacian=0.1322 beam=0.33096 homogeneity=0.0056 body=0.00000 bowel=0.22125 femur=0.18458
2026-05-22 18:20:00 [INFO] Step 15/54 Loss=12.3233 mse=0.2232 v_opt=0.00350 v_mand=0.00000 ptv=0.1077 ptv_max=0.00008 ring=0.00001 smooth=0.0146 laplacian=0.0346 beam=0.22798 homogeneity=0.0070 body=0.00000 bowel=0.00000 femur=0.00000
2026-05-22 18:20:03 [INFO] Step 20/54 Loss=6.2796 mse=0.2065 v_opt=0.01074 v_mand=0.00000 ptv=0.0786 ptv_max=0.00050 ring=0.00001 smooth=0.0135 laplacian=0.0319 beam=0.00000 homogeneity=0.0060 body=0.00000 bowel=0.00000 femur=0.00061
2026-05-22 18:20:08 [INFO] Step 25/54 Loss=19.6962 mse=0.3992 v_opt=0.08950 v_mand=0.03205 ptv=0.0209 ptv_max=0.00282 ring=0.00000 smooth=0.0124 laplacian=0.0306 beam=0.30001 homogeneity=0.0093 body=0.00000 bowel=0.00000 femur=0.00000
2026-05-22 18:20:11 [INFO] Step 30/54 Loss=16.2276 mse=0.2198 v_opt=0.01932 v_mand=0.00000 ptv=0.0641 ptv_max=0.00215 ring=0.00002 smooth=0.0093 laplacian=0.0238 beam=0.40004 homogeneity=0.0103 body=0.00000 bowel=0.00000 femur=0.00000
2026-05-22 18:20:14 [INFO] Step 35/54 Loss=22.3219 mse=0.6746 v_opt=0.01339 v_mand=0.00003 ptv=0.0794 ptv_max=0.00113 ring=0.00138 smooth=0.0348 laplacian=0.0896 beam=0.16345 homogeneity=0.0068 body=0.00000 bowel=0.00302 femur=0.00012
2026-05-22 18:20:17 [INFO] Step 40/54 Loss=16.0263 mse=0.2136 v_opt=0.01436 v_mand=0.00025 ptv=0.0811 ptv_max=0.00011 ring=0.00001 smooth=0.0174 laplacian=0.0432 beam=0.39361 homogeneity=0.0033 body=0.00000 bowel=0.00205 femur=0.02482
2026-05-22 18:20:22 [INFO] Step 45/54 Loss=9.9839 mse=0.1775 v_opt=0.04979 v_mand=0.01273 ptv=0.0519 ptv_max=0.00020 ring=0.00000 smooth=0.0087 laplacian=0.0208 beam=0.17598 homogeneity=0.0031 body=0.00000 bowel=0.00000 femur=0.00000
2026-05-22 18:20:26 [INFO] Step 50/54 Loss=13.7580 mse=0.2857 v_opt=0.00203 v_mand=0.00003 ptv=0.0446 ptv_max=0.00067 ring=0.00000 smooth=0.0115 laplacian=0.0285 beam=0.24447 homogeneity=0.0048 body=0.00000 bowel=0.00483 femur=0.00000
2026-05-22 18:20:28 [INFO] Step 54/54 Loss=34.8960 mse=0.5839 v_opt=0.05090 v_mand=0.02137 ptv=0.0199 ptv_max=0.02191 ring=0.01622 smooth=0.0293 laplacian=0.0787 beam=0.57477 homogeneity=0.0364 body=0.00000 bowel=0.03897 femur=0.04389
2026-05-22 18:20:28 [INFO] Running validation at epoch 71...
2026-05-22 18:20:58 [INFO] Epoch 71 Summary: Train=19.7968 Val=0.0236 (MSE=0.0236)
          Metrics: PTV_D95=54.24Gy Bladder=25.69Gy Rectum=28.77Gy
          Metrics: Ring=50.88Gy Dmax=616.11Gy BG=34.92Gy
2026-05-22 18:20:58 [INFO] [PHYSICS] Saved best model val_loss=0.0236
2026-05-22 18:20:58 [INFO] Epoch 72/300 [RAMP 72/75 (96% of physics)] ramp=0.960 lr=8.69e-05
2026-05-22 18:21:04 [INFO] Step 5/54 Loss=15.3475 mse=0.2278 v_opt=0.03378 v_mand=0.00543 ptv=0.0735 ptv_max=0.00011 ring=0.00002 smooth=0.0093 laplacian=0.0227 beam=0.35127 homogeneity=0.0030 body=0.00000 bowel=0.00000 femur=0.00000
2026-05-22 18:21:06 [INFO] Step 10/54 Loss=12.0492 mse=0.3329 v_opt=0.01144 v_mand=0.00003 ptv=0.0891 ptv_max=0.00030 ring=0.00004 smooth=0.0228 laplacian=0.0595 beam=0.09888 homogeneity=0.0050 body=0.00000 bowel=0.00172 femur=0.00000
2026-05-22 18:21:10 [INFO] Step 15/54 Loss=11.3772 mse=0.1361 v_opt=0.08881 v_mand=0.02540 ptv=0.1159 ptv_max=0.00003 ring=0.00001 smooth=0.0059 laplacian=0.0134 beam=0.20463 homogeneity=0.0059 body=0.00000 bowel=0.02588 femur=0.00000
2026-05-22 18:21:12 [INFO] Step 20/54 Loss=20.3521 mse=0.2948 v_opt=0.01898 v_mand=0.00132 ptv=0.0538 ptv_max=0.00051 ring=0.00001 smooth=0.0150 laplacian=0.0360 beam=0.49871 homogeneity=0.0047 body=0.00000 bowel=0.00029 femur=0.00421
2026-05-22 18:21:18 [INFO] Step 25/54 Loss=18.6503 mse=0.2256 v_opt=0.00005 v_mand=0.00000 ptv=0.0615 ptv_max=0.00133 ring=0.00001 smooth=0.0110 laplacian=0.0254 beam=0.49730 homogeneity=0.0083 body=0.00000 bowel=0.00000 femur=0.00000
2026-05-22 18:21:21 [INFO] Step 30/54 Loss=11.0251 mse=0.2171 v_opt=0.00376 v_mand=0.00000 ptv=0.0941 ptv_max=0.00042 ring=0.00011 smooth=0.0131 laplacian=0.0318 beam=0.15959 homogeneity=0.0088 body=0.00000 bowel=0.03199 femur=0.00000
2026-05-22 18:21:24 [INFO] Step 35/54 Loss=17.3597 mse=0.2038 v_opt=0.01323 v_mand=0.00000 ptv=0.0724 ptv_max=0.00008 ring=0.00001 smooth=0.0153 laplacian=0.0362 beam=0.46782 homogeneity=0.0033 body=0.00000 bowel=0.00366 femur=0.00000
2026-05-22 18:21:27 [INFO] Step 40/54 Loss=18.1525 mse=0.2233 v_opt=0.08090 v_mand=0.02606 ptv=0.0609 ptv_max=0.00021 ring=0.00003 smooth=0.0172 laplacian=0.0413 beam=0.42211 homogeneity=0.0042 body=0.00000 bowel=0.00805 femur=0.00071
2026-05-22 18:21:32 [INFO] Step 45/54 Loss=19.5364 mse=0.2360 v_opt=0.00995 v_mand=0.00000 ptv=0.1066 ptv_max=0.00009 ring=0.00009 smooth=0.0141 laplacian=0.0359 beam=0.50944 homogeneity=0.0087 body=0.00000 bowel=0.00000 femur=0.00000
2026-05-22 18:21:35 [INFO] Step 50/54 Loss=18.6491 mse=0.2221 v_opt=0.02490 v_mand=0.00294 ptv=0.0439 ptv_max=0.00020 ring=0.00000 smooth=0.0139 laplacian=0.0343 beam=0.50961 homogeneity=0.0025 body=0.00000 bowel=0.00000 femur=0.00000
2026-05-22 18:21:38 [INFO] Step 54/54 Loss=17.3367 mse=0.2184 v_opt=0.00000 v_mand=0.00000 ptv=0.0940 ptv_max=0.00005 ring=0.00000 smooth=0.0209 laplacian=0.0490 beam=0.44322 homogeneity=0.0039 body=0.00000 bowel=0.00000 femur=0.00000
2026-05-22 18:21:38 [INFO] Running validation at epoch 72...
2026-05-22 18:22:07 [INFO] Epoch 72 Summary: Train=19.3291 Val=0.0229 (MSE=0.0229)
          Metrics: PTV_D95=53.28Gy Bladder=26.24Gy Rectum=30.66Gy
          Metrics: Ring=49.51Gy Dmax=651.20Gy BG=34.36Gy
2026-05-22 18:22:07 [INFO] [PHYSICS] Saved best model val_loss=0.0229
2026-05-22 18:22:07 [INFO] Epoch 73/300 [RAMP 73/75 (97% of physics)] ramp=0.973 lr=8.66e-05
2026-05-22 18:22:13 [INFO] Step 5/54 Loss=10.2692 mse=0.1862 v_opt=0.01614 v_mand=0.00025 ptv=0.0950 ptv_max=0.00013 ring=0.00001 smooth=0.0065 laplacian=0.0155 beam=0.17521 homogeneity=0.0050 body=0.00000 bowel=0.01264 femur=0.00000
2026-05-22 18:22:16 [INFO] Step 10/54 Loss=29.5624 mse=0.3759 v_opt=0.20624 v_mand=0.10371 ptv=0.0285 ptv_max=0.00144 ring=0.00002 smooth=0.0246 laplacian=0.0620 beam=0.55140 homogeneity=0.0067 body=0.00000 bowel=0.01976 femur=0.00700
2026-05-22 18:22:19 [INFO] Step 15/54 Loss=25.1851 mse=0.4912 v_opt=0.00782 v_mand=0.00001 ptv=0.1024 ptv_max=0.00129 ring=0.01244 smooth=0.0248 laplacian=0.0663 beam=0.43772 homogeneity=0.0110 body=0.00000 bowel=0.00000 femur=0.03189
2026-05-22 18:22:22 [INFO] Step 20/54 Loss=20.5502 mse=0.3360 v_opt=0.00072 v_mand=0.00000 ptv=0.0892 ptv_max=0.00035 ring=0.00051 smooth=0.0658 laplacian=0.1607 beam=0.36518 homogeneity=0.0050 body=0.00000 bowel=0.09551 femur=0.00000
2026-05-22 18:22:28 [INFO] Step 25/54 Loss=15.4904 mse=0.2043 v_opt=0.02358 v_mand=0.00012 ptv=0.0927 ptv_max=0.00006 ring=0.00000 smooth=0.0101 laplacian=0.0243 beam=0.37260 homogeneity=0.0033 body=0.00000 bowel=0.01097 femur=0.00000
2026-05-22 18:22:31 [INFO] Step 30/54 Loss=18.9349 mse=0.3721 v_opt=0.05574 v_mand=0.00872 ptv=0.0481 ptv_max=0.00026 ring=0.00000 smooth=0.0161 laplacian=0.0421 beam=0.33147 homogeneity=0.0032 body=0.00000 bowel=0.01632 femur=0.00056
2026-05-22 18:22:34 [INFO] Step 35/54 Loss=17.2159 mse=0.2647 v_opt=0.04845 v_mand=0.00837 ptv=0.0387 ptv_max=0.00138 ring=0.00001 smooth=0.0115 laplacian=0.0275 beam=0.37934 homogeneity=0.0069 body=0.00000 bowel=0.00001 femur=0.00103
2026-05-22 18:22:36 [INFO] Step 40/54 Loss=25.5508 mse=0.5357 v_opt=0.00762 v_mand=0.00003 ptv=0.0352 ptv_max=0.00191 ring=0.00102 smooth=0.0532 laplacian=0.1274 beam=0.41886 homogeneity=0.0070 body=0.00000 bowel=0.03458 femur=0.00000
2026-05-22 18:22:42 [INFO] Step 45/54 Loss=25.1675 mse=0.3580 v_opt=0.11161 v_mand=0.04033 ptv=0.0881 ptv_max=0.00009 ring=0.00001 smooth=0.0220 laplacian=0.0538 beam=0.48394 homogeneity=0.0037 body=0.00000 bowel=0.07005 femur=0.00129
2026-05-22 18:22:45 [INFO] Step 50/54 Loss=14.5130 mse=0.0940 v_opt=0.00119 v_mand=0.00000 ptv=0.2075 ptv_max=0.00000 ring=0.00000 smooth=0.0107 laplacian=0.0239 beam=0.40095 homogeneity=0.0132 body=0.00000 bowel=0.00000 femur=0.00000
2026-05-22 18:22:47 [INFO] Step 54/54 Loss=20.9284 mse=0.3126 v_opt=0.00329 v_mand=0.00000 ptv=0.0852 ptv_max=0.00009 ring=0.00001 smooth=0.0203 laplacian=0.0511 beam=0.48400 homogeneity=0.0040 body=0.00000 bowel=0.00634 femur=0.00497
2026-05-22 18:22:47 [INFO] Running validation at epoch 73...
2026-05-22 18:23:17 [INFO] Epoch 73 Summary: Train=20.2623 Val=0.0224 (MSE=0.0224)
          Metrics: PTV_D95=50.58Gy Bladder=25.22Gy Rectum=26.52Gy
          Metrics: Ring=47.48Gy Dmax=613.08Gy BG=34.12Gy
2026-05-22 18:23:17 [INFO] [PHYSICS] Saved best model val_loss=0.0224
2026-05-22 18:23:17 [INFO] Epoch 74/300 [RAMP 74/75 (99% of physics)] ramp=0.987 lr=8.62e-05
2026-05-22 18:23:23 [INFO] Step 5/54 Loss=39.2783 mse=0.6267 v_opt=0.00658 v_mand=0.00003 ptv=0.0878 ptv_max=0.00046 ring=0.00033 smooth=0.0286 laplacian=0.0757 beam=0.88203 homogeneity=0.0050 body=0.00000 bowel=0.02708 femur=0.00000
2026-05-22 18:23:26 [INFO] Step 10/54 Loss=14.5561 mse=0.1535 v_opt=0.03741 v_mand=0.00830 ptv=0.0412 ptv_max=0.00068 ring=0.00001 smooth=0.0139 laplacian=0.0319 beam=0.38328 homogeneity=0.0051 body=0.00000 bowel=0.00000 femur=0.00000
2026-05-22 18:23:29 [INFO] Step 15/54 Loss=24.6023 mse=0.6074 v_opt=0.01623 v_mand=0.00335 ptv=0.0435 ptv_max=0.00571 ring=0.01878 smooth=0.0385 laplacian=0.0968 beam=0.27551 homogeneity=0.0141 body=0.00000 bowel=0.00515 femur=0.00019
2026-05-22 18:23:32 [INFO] Step 20/54 Loss=14.7738 mse=0.2060 v_opt=0.02785 v_mand=0.00145 ptv=0.0986 ptv_max=0.00002 ring=0.00000 smooth=0.0065 laplacian=0.0154 beam=0.33845 homogeneity=0.0046 body=0.00000 bowel=0.00000 femur=0.00000
2026-05-22 18:23:37 [INFO] Step 25/54 Loss=19.2855 mse=0.3842 v_opt=0.00599 v_mand=0.00000 ptv=0.0824 ptv_max=0.00003 ring=0.00000 smooth=0.0223 laplacian=0.0537 beam=0.34460 homogeneity=0.0033 body=0.00000 bowel=0.00000 femur=0.00000
2026-05-22 18:23:40 [INFO] Step 30/54 Loss=20.0006 mse=0.2585 v_opt=0.10299 v_mand=0.04138 ptv=0.0884 ptv_max=0.00011 ring=0.00001 smooth=0.0162 laplacian=0.0403 beam=0.34455 homogeneity=0.0045 body=0.00000 bowel=0.10815 femur=0.00000
2026-05-22 18:23:43 [INFO] Step 35/54 Loss=12.1466 mse=0.2411 v_opt=0.00088 v_mand=0.00000 ptv=0.0985 ptv_max=0.00038 ring=0.00001 smooth=0.0149 laplacian=0.0349 beam=0.18859 homogeneity=0.0109 body=0.00000 bowel=0.00240 femur=0.00000
2026-05-22 18:23:46 [INFO] Step 40/54 Loss=14.8137 mse=0.2579 v_opt=0.00544 v_mand=0.00000 ptv=0.0703 ptv_max=0.00029 ring=0.00000 smooth=0.0106 laplacian=0.0253 beam=0.28779 homogeneity=0.0053 body=0.00000 bowel=0.01902 femur=0.00000
2026-05-22 18:23:52 [INFO] Step 45/54 Loss=19.6671 mse=0.6705 v_opt=0.02984 v_mand=0.00375 ptv=0.0322 ptv_max=0.00207 ring=0.00249 smooth=0.0674 laplacian=0.1597 beam=0.02570 homogeneity=0.0070 body=0.00000 bowel=0.02494 femur=0.00028
2026-05-22 18:23:55 [INFO] Step 50/54 Loss=28.9536 mse=0.7252 v_opt=0.04875 v_mand=0.01068 ptv=0.0552 ptv_max=0.00136 ring=0.00184 smooth=0.0872 laplacian=0.2043 beam=0.28327 homogeneity=0.0049 body=0.00000 bowel=0.08318 femur=0.00183
2026-05-22 18:23:57 [INFO] Step 54/54 Loss=17.5158 mse=0.2680 v_opt=0.01280 v_mand=0.00015 ptv=0.0709 ptv_max=0.00014 ring=0.00001 smooth=0.0121 laplacian=0.0287 beam=0.39886 homogeneity=0.0035 body=0.00000 bowel=0.00000 femur=0.00000
2026-05-22 18:23:57 [INFO] Running validation at epoch 74...
2026-05-22 18:24:26 [INFO] Epoch 74 Summary: Train=20.4521 Val=0.0225 (MSE=0.0225)
          Metrics: PTV_D95=53.78Gy Bladder=26.27Gy Rectum=29.43Gy
          Metrics: Ring=49.93Gy Dmax=702.38Gy BG=34.10Gy
2026-05-22 18:24:26 [INFO] Epoch 75/300 [RAMP 75/75 (100% of physics)] ramp=1.000 lr=8.59e-05
2026-05-22 18:24:33 [INFO] Step 5/54 Loss=10.1220 mse=0.2372 v_opt=0.01087 v_mand=0.00028 ptv=0.0729 ptv_max=0.00012 ring=0.00000 smooth=0.0104 laplacian=0.0257 beam=0.12779 homogeneity=0.0036 body=0.00000 bowel=0.00013 femur=0.00000
2026-05-22 18:24:35 [INFO] Step 10/54 Loss=23.2933 mse=0.3375 v_opt=0.00596 v_mand=0.00023 ptv=0.0591 ptv_max=0.00047 ring=0.00005 smooth=0.0216 laplacian=0.0561 beam=0.55060 homogeneity=0.0047 body=0.00000 bowel=0.00000 femur=0.00074
2026-05-22 18:24:38 [INFO] Step 15/54 Loss=20.3370 mse=0.2657 v_opt=0.00971 v_mand=0.00010 ptv=0.1069 ptv_max=0.00042 ring=0.00001 smooth=0.0190 laplacian=0.0473 beam=0.47992 homogeneity=0.0087 body=0.00000 bowel=0.00000 femur=0.01118
2026-05-22 18:24:41 [INFO] Step 20/54 Loss=16.3132 mse=0.1807 v_opt=0.00984 v_mand=0.00000 ptv=0.1233 ptv_max=0.00018 ring=0.00009 smooth=0.0113 laplacian=0.0259 beam=0.40711 homogeneity=0.0099 body=0.00000 bowel=0.00000 femur=0.00000
2026-05-22 18:24:47 [INFO] Step 25/54 Loss=21.4323 mse=0.4016 v_opt=0.02021 v_mand=0.00116 ptv=0.0369 ptv_max=0.00071 ring=0.00001 smooth=0.0263 laplacian=0.0679 beam=0.41128 homogeneity=0.0046 body=0.00000 bowel=0.00209 femur=0.00472
2026-05-22 18:24:50 [INFO] Step 30/54 Loss=25.2449 mse=0.2701 v_opt=0.24194 v_mand=0.10241 ptv=0.0363 ptv_max=0.00056 ring=0.00001 smooth=0.0138 laplacian=0.0340 beam=0.43791 homogeneity=0.0040 body=0.00000 bowel=0.06891 femur=0.01964
2026-05-22 18:24:52 [INFO] Step 35/54 Loss=17.1128 mse=0.3383 v_opt=0.03247 v_mand=0.00098 ptv=0.0632 ptv_max=0.00025 ring=0.00008 smooth=0.0215 laplacian=0.0527 beam=0.28063 homogeneity=0.0043 body=0.00000 bowel=0.03218 femur=0.00000
2026-05-22 18:24:56 [INFO] Step 40/54 Loss=25.2894 mse=0.5171 v_opt=0.02425 v_mand=0.00016 ptv=0.0474 ptv_max=0.00153 ring=0.00062 smooth=0.0435 laplacian=0.1079 beam=0.42396 homogeneity=0.0074 body=0.00000 bowel=0.00000 femur=0.02630
2026-05-22 18:25:01 [INFO] Step 45/54 Loss=17.8509 mse=0.1965 v_opt=0.01783 v_mand=0.00034 ptv=0.1240 ptv_max=0.00006 ring=0.00000 smooth=0.0107 laplacian=0.0253 beam=0.45481 homogeneity=0.0063 body=0.00000 bowel=0.00020 femur=0.00000
2026-05-22 18:25:04 [INFO] Step 50/54 Loss=25.3268 mse=0.2593 v_opt=0.17731 v_mand=0.08777 ptv=0.0416 ptv_max=0.00033 ring=0.00002 smooth=0.0172 laplacian=0.0438 beam=0.47375 homogeneity=0.0034 body=0.00000 bowel=0.09616 femur=0.00466
2026-05-22 18:25:06 [INFO] Step 54/54 Loss=22.3071 mse=0.3441 v_opt=0.04874 v_mand=0.01127 ptv=0.0456 ptv_max=0.00110 ring=0.00022 smooth=0.0114 laplacian=0.0275 beam=0.44860 homogeneity=0.0070 body=0.00000 bowel=0.04787 femur=0.02004
2026-05-22 18:25:06 [INFO] Running validation at epoch 75...
2026-05-22 18:25:35 [INFO] Epoch 75 Summary: Train=20.4716 Val=0.0225 (MSE=0.0225)
          Metrics: PTV_D95=53.32Gy Bladder=24.17Gy Rectum=26.82Gy
          Metrics: Ring=49.03Gy Dmax=680.11Gy BG=34.19Gy
2026-05-22 18:25:35 [INFO] Epoch 76/300 [FULL PHYSICS] ramp=1.000 lr=8.55e-05
2026-05-22 18:25:42 [INFO] Step 5/54 Loss=16.9238 mse=0.2139 v_opt=0.00000 v_mand=0.00000 ptv=0.0904 ptv_max=0.00038 ring=0.00007 smooth=0.0190 laplacian=0.0510 beam=0.40798 homogeneity=0.0067 body=0.00000 bowel=0.00055 femur=0.00000
2026-05-22 18:25:45 [INFO] Step 10/54 Loss=24.1350 mse=0.3783 v_opt=0.00161 v_mand=0.00000 ptv=0.0342 ptv_max=0.00052 ring=0.00000 smooth=0.0142 laplacian=0.0356 beam=0.55935 homogeneity=0.0039 body=0.00000 bowel=0.00000 femur=0.00000
2026-05-22 18:25:47 [INFO] Step 15/54 Loss=24.2206 mse=0.5247 v_opt=0.02304 v_mand=0.00111 ptv=0.0330 ptv_max=0.00058 ring=0.00002 smooth=0.0637 laplacian=0.1505 beam=0.38790 homogeneity=0.0035 body=0.00000 bowel=0.00000 femur=0.00000
2026-05-22 18:25:51 [INFO] Step 20/54 Loss=18.4134 mse=0.2311 v_opt=0.03313 v_mand=0.00672 ptv=0.0827 ptv_max=0.00005 ring=0.00000 smooth=0.0109 laplacian=0.0277 beam=0.44706 homogeneity=0.0037 body=0.00000 bowel=0.00000 femur=0.00000
2026-05-22 18:25:56 [INFO] Step 25/54 Loss=16.4293 mse=0.1918 v_opt=0.03566 v_mand=0.00417 ptv=0.0376 ptv_max=0.00074 ring=0.00001 smooth=0.0130 laplacian=0.0350 beam=0.42240 homogeneity=0.0046 body=0.00000 bowel=0.00000 femur=0.00278
2026-05-22 18:25:59 [INFO] Step 30/54 Loss=17.9966 mse=0.2341 v_opt=0.02208 v_mand=0.00060 ptv=0.0692 ptv_max=0.00025 ring=0.00001 smooth=0.0115 laplacian=0.0283 beam=0.43896 homogeneity=0.0055 body=0.00000 bowel=0.00681 femur=0.00000
2026-05-22 18:26:02 [INFO] Step 35/54 Loss=11.3041 mse=0.0843 v_opt=0.00000 v_mand=0.00000 ptv=0.0000 ptv_max=0.00000 ring=0.00000 smooth=0.0067 laplacian=0.0172 beam=0.36411 homogeneity=0.0000 body=0.00000 bowel=0.00000 femur=0.00000
2026-05-22 18:26:05 [INFO] Step 40/54 Loss=14.3527 mse=0.2184 v_opt=0.02931 v_mand=0.00437 ptv=0.1120 ptv_max=0.00012 ring=0.00001 smooth=0.0126 laplacian=0.0316 beam=0.28593 homogeneity=0.0072 body=0.00000 bowel=0.00088 femur=0.00000
2026-05-22 18:26:10 [INFO] Step 45/54 Loss=23.5532 mse=0.2933 v_opt=0.00000 v_mand=0.00000 ptv=0.0709 ptv_max=0.00377 ring=0.00000 smooth=0.0482 laplacian=0.1216 beam=0.56342 homogeneity=0.0102 body=0.00000 bowel=0.00000 femur=0.00000
2026-05-22 18:26:12 [INFO] Step 50/54 Loss=14.8796 mse=0.1357 v_opt=0.01967 v_mand=0.00169 ptv=0.0272 ptv_max=0.00165 ring=0.00001 smooth=0.0087 laplacian=0.0201 beam=0.42344 homogeneity=0.0074 body=0.00000 bowel=0.00000 femur=0.00000
2026-05-22 18:26:14 [INFO] Step 54/54 Loss=14.4819 mse=0.2886 v_opt=0.02335 v_mand=0.00279 ptv=0.0788 ptv_max=0.00061 ring=0.00000 smooth=0.0117 laplacian=0.0293 beam=0.23205 homogeneity=0.0066 body=0.00000 bowel=0.00594 femur=0.00210
2026-05-22 18:26:14 [INFO] Running validation at epoch 76...
2026-05-22 18:26:44 [INFO] Epoch 76 Summary: Train=17.8380 Val=0.0218 (MSE=0.0218)
          Metrics: PTV_D95=53.10Gy Bladder=24.85Gy Rectum=26.91Gy
          Metrics: Ring=48.73Gy Dmax=656.60Gy BG=33.61Gy
2026-05-22 18:26:44 [INFO] [PHYSICS] Saved best model val_loss=0.0218
2026-05-22 18:26:44 [INFO] Epoch 77/300 [FULL PHYSICS] ramp=1.000 lr=8.51e-05
2026-05-22 18:26:50 [INFO] Step 5/54 Loss=8.8975 mse=0.2011 v_opt=0.00910 v_mand=0.00000 ptv=0.1038 ptv_max=0.00014 ring=0.00002 smooth=0.0142 laplacian=0.0345 beam=0.09888 homogeneity=0.0067 body=0.00000 bowel=0.00000 femur=0.00000
2026-05-22 18:26:53 [INFO] Step 10/54 Loss=20.8023 mse=0.3637 v_opt=0.16503 v_mand=0.05796 ptv=0.0625 ptv_max=0.00026 ring=0.00014 smooth=0.0379 laplacian=0.0948 beam=0.28773 homogeneity=0.0036 body=0.00000 bowel=0.00000 femur=0.00374
2026-05-22 18:26:56 [INFO] Step 15/54 Loss=18.5708 mse=0.3464 v_opt=0.02632 v_mand=0.00205 ptv=0.0175 ptv_max=0.00108 ring=0.00000 smooth=0.0164 laplacian=0.0396 beam=0.36352 homogeneity=0.0057 body=0.00000 bowel=0.00000 femur=0.00000
2026-05-22 18:26:59 [INFO] Step 20/54 Loss=10.8068 mse=0.1493 v_opt=0.00398 v_mand=0.00000 ptv=0.0708 ptv_max=0.00034 ring=0.00000 smooth=0.0123 laplacian=0.0282 beam=0.24175 homogeneity=0.0054 body=0.00000 bowel=0.00000 femur=0.00000
2026-05-22 18:27:04 [INFO] Step 25/54 Loss=14.3695 mse=0.1312 v_opt=0.06831 v_mand=0.02304 ptv=0.0690 ptv_max=0.00219 ring=0.00001 smooth=0.0073 laplacian=0.0169 beam=0.33548 homogeneity=0.0108 body=0.00000 bowel=0.00015 femur=0.00867
2026-05-22 18:27:07 [INFO] Step 30/54 Loss=13.0587 mse=0.2472 v_opt=0.01182 v_mand=0.00003 ptv=0.0706 ptv_max=0.00009 ring=0.00000 smooth=0.0109 laplacian=0.0260 beam=0.22493 homogeneity=0.0038 body=0.00000 bowel=0.01960 femur=0.00006
2026-05-22 18:27:10 [INFO] Step 35/54 Loss=15.8748 mse=0.0840 v_opt=0.00000 v_mand=0.00000 ptv=0.5792 ptv_max=0.00004 ring=0.00000 smooth=0.0063 laplacian=0.0148 beam=0.25571 homogeneity=0.0753 body=0.00000 bowel=0.00000 femur=0.00000
2026-05-22 18:27:13 [INFO] Step 40/54 Loss=18.2243 mse=0.3997 v_opt=0.00644 v_mand=0.00044 ptv=0.0552 ptv_max=0.00040 ring=0.00164 smooth=0.0247 laplacian=0.0609 beam=0.28617 homogeneity=0.0036 body=0.00000 bowel=0.00014 femur=0.00038
2026-05-22 18:27:18 [INFO] Step 45/54 Loss=16.5405 mse=0.2154 v_opt=0.01238 v_mand=0.00063 ptv=0.0360 ptv_max=0.00131 ring=0.00008 smooth=0.0108 laplacian=0.0271 beam=0.40903 homogeneity=0.0063 body=0.00000 bowel=0.00000 femur=0.00443
2026-05-22 18:27:21 [INFO] Step 50/54 Loss=18.5815 mse=0.3158 v_opt=0.04917 v_mand=0.01024 ptv=0.0505 ptv_max=0.00033 ring=0.00012 smooth=0.0266 laplacian=0.0652 beam=0.35450 homogeneity=0.0039 body=0.00000 bowel=0.01472 femur=0.00060
2026-05-22 18:27:24 [INFO] Step 54/54 Loss=23.2460 mse=0.2942 v_opt=0.04682 v_mand=0.00450 ptv=0.1102 ptv_max=0.00026 ring=0.00009 smooth=0.0586 laplacian=0.1434 beam=0.53720 homogeneity=0.0112 body=0.00000 bowel=0.00000 femur=0.00000
2026-05-22 18:27:24 [INFO] Running validation at epoch 77...
2026-05-22 18:27:53 [INFO] Epoch 77 Summary: Train=19.7366 Val=0.0215 (MSE=0.0215)
          Metrics: PTV_D95=54.16Gy Bladder=24.53Gy Rectum=30.96Gy
          Metrics: Ring=49.15Gy Dmax=713.27Gy BG=33.48Gy
2026-05-22 18:27:53 [INFO] [PHYSICS] Saved best model val_loss=0.0215
2026-05-22 18:27:53 [INFO] Epoch 78/300 [FULL PHYSICS] ramp=1.000 lr=8.48e-05
2026-05-22 18:27:59 [INFO] Step 5/54 Loss=18.2141 mse=0.2694 v_opt=0.04999 v_mand=0.00460 ptv=0.0398 ptv_max=0.00105 ring=0.00001 smooth=0.0117 laplacian=0.0277 beam=0.41195 homogeneity=0.0056 body=0.00000 bowel=0.00211 femur=0.00000
2026-05-22 18:28:02 [INFO] Step 10/54 Loss=13.2554 mse=0.1052 v_opt=0.03284 v_mand=0.00425 ptv=0.0996 ptv_max=0.00009 ring=0.00000 smooth=0.0059 laplacian=0.0136 beam=0.34587 homogeneity=0.0059 body=0.00000 bowel=0.03332 femur=0.00000
2026-05-22 18:28:05 [INFO] Step 15/54 Loss=22.7276 mse=0.3348 v_opt=0.00487 v_mand=0.00000 ptv=0.0430 ptv_max=0.00020 ring=0.00000 smooth=0.0152 laplacian=0.0376 beam=0.54520 homogeneity=0.0027 body=0.00000 bowel=0.00000 femur=0.00000
2026-05-22 18:28:07 [INFO] Step 20/54 Loss=21.6324 mse=0.2843 v_opt=0.03093 v_mand=0.00555 ptv=0.0445 ptv_max=0.00030 ring=0.00000 smooth=0.0224 laplacian=0.0550 beam=0.53358 homogeneity=0.0029 body=0.00000 bowel=0.00000 femur=0.00000
2026-05-22 18:28:13 [INFO] Step 25/54 Loss=22.0390 mse=0.3915 v_opt=0.00643 v_mand=0.00007 ptv=0.0321 ptv_max=0.00119 ring=0.00002 smooth=0.0145 laplacian=0.0362 beam=0.43738 homogeneity=0.0063 body=0.00000 bowel=0.02883 femur=0.00470
2026-05-22 18:28:15 [INFO] Step 30/54 Loss=19.4393 mse=0.2341 v_opt=0.00694 v_mand=0.00001 ptv=0.0912 ptv_max=0.00071 ring=0.00001 smooth=0.0148 laplacian=0.0362 beam=0.48549 homogeneity=0.0107 body=0.00000 bowel=0.00036 femur=0.00000
2026-05-22 18:28:19 [INFO] Step 35/54 Loss=17.3081 mse=0.1899 v_opt=0.00708 v_mand=0.00000 ptv=0.0781 ptv_max=0.00036 ring=0.00001 smooth=0.0087 laplacian=0.0202 beam=0.44629 homogeneity=0.0067 body=0.00000 bowel=0.02073 femur=0.00000
2026-05-22 18:28:22 [INFO] Step 40/54 Loss=19.9646 mse=0.2756 v_opt=0.00683 v_mand=0.00000 ptv=0.0260 ptv_max=0.00127 ring=0.00001 smooth=0.0101 laplacian=0.0246 beam=0.49408 homogeneity=0.0062 body=0.00000 bowel=0.00000 femur=0.00000
2026-05-22 18:28:26 [INFO] Step 45/54 Loss=14.7497 mse=0.1311 v_opt=0.00000 v_mand=0.00000 ptv=0.0000 ptv_max=0.00000 ring=0.00000 smooth=0.0134 laplacian=0.0340 beam=0.45155 homogeneity=0.0000 body=0.00000 bowel=0.00000 femur=0.00000
2026-05-22 18:28:29 [INFO] Step 50/54 Loss=15.5037 mse=0.2205 v_opt=0.13033 v_mand=0.03524 ptv=0.1220 ptv_max=0.00019 ring=0.00014 smooth=0.0173 laplacian=0.0409 beam=0.25529 homogeneity=0.0057 body=0.00000 bowel=0.00000 femur=0.00000
2026-05-22 18:28:31 [INFO] Step 54/54 Loss=13.9635 mse=0.2911 v_opt=0.03519 v_mand=0.00459 ptv=0.0335 ptv_max=0.00138 ring=0.00145 smooth=0.0156 laplacian=0.0409 beam=0.21395 homogeneity=0.0056 body=0.00000 bowel=0.00896 femur=0.00088
2026-05-22 18:28:31 [INFO] Running validation at epoch 78...
2026-05-22 18:29:00 [INFO] Epoch 78 Summary: Train=19.8509 Val=0.0218 (MSE=0.0218)
          Metrics: PTV_D95=50.90Gy Bladder=23.86Gy Rectum=28.66Gy
          Metrics: Ring=48.67Gy Dmax=650.99Gy BG=33.41Gy
2026-05-22 18:29:00 [INFO] Epoch 79/300 [FULL PHYSICS] ramp=1.000 lr=8.44e-05
2026-05-22 18:29:06 [INFO] Step 5/54 Loss=29.6531 mse=0.6823 v_opt=0.01789 v_mand=0.00091 ptv=0.0379 ptv_max=0.00226 ring=0.00278 smooth=0.0219 laplacian=0.0581 beam=0.40466 homogeneity=0.0080 body=0.00000 bowel=0.07296 femur=0.00703
2026-05-22 18:29:09 [INFO] Step 10/54 Loss=20.2042 mse=0.2342 v_opt=0.01210 v_mand=0.00000 ptv=0.0648 ptv_max=0.00173 ring=0.00003 smooth=0.0121 laplacian=0.0293 beam=0.52355 homogeneity=0.0085 body=0.00000 bowel=0.00000 femur=0.00000
2026-05-22 18:29:13 [INFO] Step 15/54 Loss=23.0862 mse=0.3943 v_opt=0.04004 v_mand=0.00606 ptv=0.0422 ptv_max=0.00127 ring=0.00165 smooth=0.0289 laplacian=0.0717 beam=0.46014 homogeneity=0.0071 body=0.00000 bowel=0.01163 femur=0.00028
2026-05-22 18:29:15 [INFO] Step 20/54 Loss=16.4275 mse=0.1968 v_opt=0.01563 v_mand=0.00024 ptv=0.0430 ptv_max=0.00055 ring=0.00000 smooth=0.0161 laplacian=0.0423 beam=0.42520 homogeneity=0.0047 body=0.00000 bowel=0.00000 femur=0.00000
2026-05-22 18:29:21 [INFO] Step 25/54 Loss=25.2728 mse=0.3370 v_opt=0.09431 v_mand=0.03746 ptv=0.0776 ptv_max=0.00004 ring=0.00000 smooth=0.0396 laplacian=0.0987 beam=0.53052 homogeneity=0.0031 body=0.00000 bowel=0.00974 femur=0.00000
2026-05-22 18:29:24 [INFO] Step 30/54 Loss=14.7787 mse=0.1318 v_opt=0.01988 v_mand=0.00113 ptv=0.1266 ptv_max=0.00016 ring=0.00000 smooth=0.0090 laplacian=0.0210 beam=0.39015 homogeneity=0.0114 body=0.00000 bowel=0.00000 femur=0.00000
2026-05-22 18:29:27 [INFO] Step 35/54 Loss=14.9107 mse=0.2247 v_opt=0.00885 v_mand=0.00049 ptv=0.0537 ptv_max=0.00068 ring=0.00000 smooth=0.0074 laplacian=0.0175 beam=0.33590 homogeneity=0.0060 body=0.00000 bowel=0.00000 femur=0.00000
2026-05-22 18:29:30 [INFO] Step 40/54 Loss=19.7864 mse=0.2789 v_opt=0.00380 v_mand=0.00000 ptv=0.0420 ptv_max=0.00146 ring=0.00007 smooth=0.0169 laplacian=0.0428 beam=0.46442 homogeneity=0.0078 body=0.00000 bowel=0.00152 femur=0.01450
2026-05-22 18:29:36 [INFO] Step 45/54 Loss=24.1295 mse=0.4649 v_opt=0.01188 v_mand=0.00008 ptv=0.0407 ptv_max=0.00214 ring=0.00052 smooth=0.0247 laplacian=0.0625 beam=0.40771 homogeneity=0.0086 body=0.00000 bowel=0.06893 femur=0.00078
2026-05-22 18:29:38 [INFO] Step 50/54 Loss=17.3778 mse=0.3778 v_opt=0.00396 v_mand=0.00000 ptv=0.0908 ptv_max=0.00102 ring=0.00014 smooth=0.0213 laplacian=0.0540 beam=0.23965 homogeneity=0.0106 body=0.00000 bowel=0.01857 femur=0.00888
2026-05-22 18:29:41 [INFO] Step 54/54 Loss=24.0723 mse=0.3952 v_opt=0.06033 v_mand=0.02121 ptv=0.0766 ptv_max=0.00027 ring=0.00000 smooth=0.0142 laplacian=0.0352 beam=0.47657 homogeneity=0.0050 body=0.00000 bowel=0.00000 femur=0.00001
2026-05-22 18:29:41 [INFO] Running validation at epoch 79...
2026-05-22 18:30:10 [INFO] Epoch 79 Summary: Train=19.6438 Val=0.0210 (MSE=0.0210)
          Metrics: PTV_D95=51.56Gy Bladder=26.67Gy Rectum=26.88Gy
          Metrics: Ring=47.22Gy Dmax=794.21Gy BG=32.96Gy
2026-05-22 18:30:10 [INFO] [PHYSICS] Saved best model val_loss=0.0210
2026-05-22 18:30:10 [INFO] Epoch 80/300 [FULL PHYSICS] ramp=1.000 lr=8.40e-05
2026-05-22 18:30:17 [INFO] Step 5/54 Loss=5.7641 mse=0.1246 v_opt=0.00014 v_mand=0.00000 ptv=0.1052 ptv_max=0.00060 ring=0.00000 smooth=0.0070 laplacian=0.0158 beam=0.04866 homogeneity=0.0102 body=0.00000 bowel=0.00000 femur=0.00000
2026-05-22 18:30:19 [INFO] Step 10/54 Loss=29.0500 mse=0.4380 v_opt=0.00067 v_mand=0.00004 ptv=0.0707 ptv_max=0.00411 ring=0.00328 smooth=0.1795 laplacian=0.4395 beam=0.54290 homogeneity=0.0134 body=0.00000 bowel=0.03384 femur=0.00000
2026-05-22 18:30:22 [INFO] Step 15/54 Loss=18.3966 mse=0.1719 v_opt=0.00000 v_mand=0.00000 ptv=0.2168 ptv_max=0.00000 ring=0.00000 smooth=0.0198 laplacian=0.0470 beam=0.44949 homogeneity=0.0150 body=0.00000 bowel=0.00924 femur=0.00000
2026-05-22 18:30:25 [INFO] Step 20/54 Loss=25.7528 mse=0.3726 v_opt=0.08323 v_mand=0.02082 ptv=0.0455 ptv_max=0.00090 ring=0.00005 smooth=0.0128 laplacian=0.0331 beam=0.49113 homogeneity=0.0057 body=0.00000 bowel=0.13557 femur=0.00356
2026-05-22 18:30:31 [INFO] Step 25/54 Loss=15.8757 mse=0.1795 v_opt=0.00142 v_mand=0.00000 ptv=0.0994 ptv_max=0.00002 ring=0.00001 smooth=0.0094 laplacian=0.0234 beam=0.40692 homogeneity=0.0045 body=0.00000 bowel=0.00000 femur=0.00000
2026-05-22 18:30:34 [INFO] Step 30/54 Loss=25.6374 mse=0.6527 v_opt=0.04413 v_mand=0.00569 ptv=0.0313 ptv_max=0.00166 ring=0.00225 smooth=0.0416 laplacian=0.0977 beam=0.30501 homogeneity=0.0060 body=0.00000 bowel=0.00014 femur=0.00742
2026-05-22 18:30:37 [INFO] Step 35/54 Loss=26.7704 mse=0.6744 v_opt=0.07286 v_mand=0.02336 ptv=0.0279 ptv_max=0.00259 ring=0.00245 smooth=0.0865 laplacian=0.1983 beam=0.25734 homogeneity=0.0083 body=0.00000 bowel=0.01368 femur=0.00111
2026-05-22 18:30:40 [INFO] Step 40/54 Loss=28.9759 mse=0.5200 v_opt=0.02416 v_mand=0.00307 ptv=0.0314 ptv_max=0.00164 ring=0.00206 smooth=0.0719 laplacian=0.1653 beam=0.53038 homogeneity=0.0065 body=0.00000 bowel=0.05965 femur=0.00000
2026-05-22 18:30:45 [INFO] Step 45/54 Loss=13.0081 mse=0.2024 v_opt=0.00552 v_mand=0.00000 ptv=0.0845 ptv_max=0.00014 ring=0.00000 smooth=0.0084 laplacian=0.0200 beam=0.27113 homogeneity=0.0057 body=0.00000 bowel=0.00474 femur=0.00000
2026-05-22 18:30:48 [INFO] Step 50/54 Loss=18.9630 mse=0.2395 v_opt=0.00000 v_mand=0.00000 ptv=0.0779 ptv_max=0.00058 ring=0.00007 smooth=0.0190 laplacian=0.0501 beam=0.45421 homogeneity=0.0052 body=0.00000 bowel=0.02527 femur=0.00000
2026-05-22 18:30:50 [INFO] Step 54/54 Loss=12.7500 mse=0.2555 v_opt=0.00568 v_mand=0.00000 ptv=0.1296 ptv_max=0.00006 ring=0.00010 smooth=0.0138 laplacian=0.0324 beam=0.18788 homogeneity=0.0085 body=0.00000 bowel=0.00000 femur=0.00032
2026-05-22 18:30:50 [INFO] Running validation at epoch 80...
2026-05-22 18:31:19 [INFO] Epoch 80 Summary: Train=19.3468 Val=0.0207 (MSE=0.0207)
          Metrics: PTV_D95=51.84Gy Bladder=24.70Gy Rectum=25.08Gy
          Metrics: Ring=47.31Gy Dmax=750.30Gy BG=32.80Gy
2026-05-22 18:31:19 [INFO] [PHYSICS] Saved best model val_loss=0.0207
2026-05-22 18:31:19 [INFO] Epoch 81/300 [FULL PHYSICS] ramp=1.000 lr=8.36e-05
2026-05-22 18:31:26 [INFO] Step 5/54 Loss=13.9821 mse=0.2418 v_opt=0.01258 v_mand=0.00011 ptv=0.0593 ptv_max=0.00060 ring=0.00002 smooth=0.0279 laplacian=0.0698 beam=0.27002 homogeneity=0.0047 body=0.00000 bowel=0.00000 femur=0.00000
2026-05-22 18:31:29 [INFO] Step 10/54 Loss=24.9249 mse=0.2871 v_opt=0.17042 v_mand=0.08676 ptv=0.0544 ptv_max=0.00097 ring=0.00002 smooth=0.0195 laplacian=0.0486 beam=0.47515 homogeneity=0.0052 body=0.00000 bowel=0.00861 femur=0.00033
2026-05-22 18:31:32 [INFO] Step 15/54 Loss=12.2234 mse=0.1596 v_opt=0.03975 v_mand=0.00384 ptv=0.0589 ptv_max=0.00162 ring=0.00001 smooth=0.0058 laplacian=0.0130 beam=0.27221 homogeneity=0.0078 body=0.00000 bowel=0.00663 femur=0.00000
2026-05-22 18:31:35 [INFO] Step 20/54 Loss=15.4729 mse=0.2406 v_opt=0.00593 v_mand=0.00000 ptv=0.0549 ptv_max=0.00017 ring=0.00000 smooth=0.0114 laplacian=0.0285 beam=0.34589 homogeneity=0.0026 body=0.00000 bowel=0.00000 femur=0.00195
2026-05-22 18:31:40 [INFO] Step 25/54 Loss=18.8790 mse=0.3173 v_opt=0.00499 v_mand=0.00002 ptv=0.0647 ptv_max=0.00035 ring=0.00744 smooth=0.0246 laplacian=0.0619 beam=0.37320 homogeneity=0.0045 body=0.00000 bowel=0.02436 femur=0.00036
2026-05-22 18:31:43 [INFO] Step 30/54 Loss=25.3497 mse=0.4444 v_opt=0.00000 v_mand=0.00000 ptv=0.0890 ptv_max=0.00046 ring=0.00227 smooth=0.0764 laplacian=0.1878 beam=0.47643 homogeneity=0.0060 body=0.00000 bowel=0.01348 femur=0.00000
2026-05-22 18:31:46 [INFO] Step 35/54 Loss=18.4434 mse=0.4413 v_opt=0.00807 v_mand=0.00000 ptv=0.0351 ptv_max=0.00117 ring=0.00002 smooth=0.0289 laplacian=0.0812 beam=0.22740 homogeneity=0.0058 body=0.00000 bowel=0.04198 femur=0.00029
2026-05-22 18:31:49 [INFO] Step 40/54 Loss=26.6674 mse=0.6305 v_opt=0.00010 v_mand=0.00000 ptv=0.0297 ptv_max=0.00424 ring=0.03388 smooth=0.0689 laplacian=0.1795 beam=0.31990 homogeneity=0.0118 body=0.00000 bowel=0.01761 femur=0.00000
2026-05-22 18:31:54 [INFO] Step 45/54 Loss=16.5776 mse=0.3139 v_opt=0.00921 v_mand=0.00000 ptv=0.0300 ptv_max=0.00128 ring=0.00000 smooth=0.0074 laplacian=0.0168 beam=0.32032 homogeneity=0.0060 body=0.00000 bowel=0.00000 femur=0.00000
2026-05-22 18:31:57 [INFO] Step 50/54 Loss=9.6771 mse=0.1330 v_opt=0.00560 v_mand=0.00000 ptv=0.1806 ptv_max=0.00004 ring=0.00000 smooth=0.0103 laplacian=0.0234 beam=0.16510 homogeneity=0.0137 body=0.00000 bowel=0.00000 femur=0.00000
2026-05-22 18:31:59 [INFO] Step 54/54 Loss=27.2574 mse=0.4477 v_opt=0.01739 v_mand=0.00102 ptv=0.0466 ptv_max=0.00036 ring=0.00000 smooth=0.0381 laplacian=0.1001 beam=0.59428 homogeneity=0.0032 body=0.00000 bowel=0.00000 femur=0.00000
2026-05-22 18:31:59 [INFO] Running validation at epoch 81...
2026-05-22 18:32:28 [INFO] Epoch 81 Summary: Train=19.4138 Val=0.0206 (MSE=0.0206)
          Metrics: PTV_D95=51.83Gy Bladder=25.64Gy Rectum=24.36Gy
          Metrics: Ring=47.42Gy Dmax=775.43Gy BG=32.55Gy
2026-05-22 18:32:28 [INFO] [PHYSICS] Saved best model val_loss=0.0206
2026-05-22 18:32:28 [INFO] Epoch 82/300 [FULL PHYSICS] ramp=1.000 lr=8.32e-05
2026-05-22 18:32:35 [INFO] Step 5/54 Loss=11.1623 mse=0.1668 v_opt=0.00079 v_mand=0.00000 ptv=0.0643 ptv_max=0.00009 ring=0.00005 smooth=0.0077 laplacian=0.0187 beam=0.24713 homogeneity=0.0027 body=0.00000 bowel=0.00000 femur=0.00000
2026-05-22 18:32:38 [INFO] Step 10/54 Loss=17.5143 mse=0.1862 v_opt=0.00486 v_mand=0.00000 ptv=0.0644 ptv_max=0.00024 ring=0.00000 smooth=0.0157 laplacian=0.0378 beam=0.47561 homogeneity=0.0038 body=0.00000 bowel=0.00000 femur=0.00000
2026-05-22 18:32:41 [INFO] Step 15/54 Loss=34.3096 mse=0.8157 v_opt=0.12302 v_mand=0.05832 ptv=0.0384 ptv_max=0.00711 ring=0.01664 smooth=0.0276 laplacian=0.0651 beam=0.32840 homogeneity=0.0148 body=0.00000 bowel=0.00671 femur=0.00951
2026-05-22 18:32:44 [INFO] Step 20/54 Loss=18.5496 mse=0.3850 v_opt=0.00888 v_mand=0.00000 ptv=0.0763 ptv_max=0.00036 ring=0.00031 smooth=0.0325 laplacian=0.0811 beam=0.27514 homogeneity=0.0039 body=0.00000 bowel=0.04530 femur=0.00120
2026-05-22 18:32:48 [INFO] Step 25/54 Loss=22.8831 mse=0.4396 v_opt=0.08244 v_mand=0.02535 ptv=0.0646 ptv_max=0.00075 ring=0.00061 smooth=0.0403 laplacian=0.1000 beam=0.34202 homogeneity=0.0057 body=0.00000 bowel=0.02920 femur=0.00497
2026-05-22 18:32:52 [INFO] Step 30/54 Loss=15.2691 mse=0.2471 v_opt=0.03461 v_mand=0.00162 ptv=0.0523 ptv_max=0.00026 ring=0.00000 smooth=0.0123 laplacian=0.0291 beam=0.32487 homogeneity=0.0034 body=0.00000 bowel=0.00000 femur=0.00322
2026-05-22 18:32:55 [INFO] Step 35/54 Loss=17.8233 mse=0.1815 v_opt=0.00347 v_mand=0.00091 ptv=0.0817 ptv_max=0.00041 ring=0.00000 smooth=0.0121 laplacian=0.0280 beam=0.48280 homogeneity=0.0067 body=0.00000 bowel=0.00000 femur=0.00000
2026-05-22 18:32:58 [INFO] Step 40/54 Loss=21.8916 mse=0.3596 v_opt=0.01702 v_mand=0.00002 ptv=0.0531 ptv_max=0.00034 ring=0.00000 smooth=0.0117 laplacian=0.0287 beam=0.48162 homogeneity=0.0044 body=0.00000 bowel=0.00000 femur=0.00001
2026-05-22 18:33:01 [INFO] Step 45/54 Loss=22.4708 mse=0.2618 v_opt=0.10366 v_mand=0.04114 ptv=0.0475 ptv_max=0.00220 ring=0.00010 smooth=0.0283 laplacian=0.0767 beam=0.48897 homogeneity=0.0092 body=0.00000 bowel=0.00001 femur=0.00369
2026-05-22 18:33:07 [INFO] Step 50/54 Loss=17.2855 mse=0.2417 v_opt=0.03425 v_mand=0.00597 ptv=0.0790 ptv_max=0.00017 ring=0.00002 smooth=0.0189 laplacian=0.0475 beam=0.38846 homogeneity=0.0045 body=0.00000 bowel=0.00000 femur=0.00000
2026-05-22 18:33:09 [INFO] Step 54/54 Loss=19.7953 mse=0.2253 v_opt=0.02216 v_mand=0.00110 ptv=0.0118 ptv_max=0.00266 ring=0.00002 smooth=0.0143 laplacian=0.0350 beam=0.52688 homogeneity=0.0092 body=0.00000 bowel=0.00000 femur=0.00000
2026-05-22 18:33:09 [INFO] Running validation at epoch 82...
2026-05-22 18:33:38 [INFO] Epoch 82 Summary: Train=18.9556 Val=0.0202 (MSE=0.0202)
          Metrics: PTV_D95=54.41Gy Bladder=25.19Gy Rectum=28.40Gy
          Metrics: Ring=48.88Gy Dmax=707.71Gy BG=32.07Gy
2026-05-22 18:33:38 [INFO] [PHYSICS] Saved best model val_loss=0.0202
2026-05-22 18:33:38 [INFO] Epoch 83/300 [FULL PHYSICS] ramp=1.000 lr=8.28e-05
2026-05-22 18:33:44 [INFO] Step 5/54 Loss=18.5728 mse=0.2323 v_opt=0.02451 v_mand=0.00087 ptv=0.0268 ptv_max=0.00057 ring=0.00000 smooth=0.0141 laplacian=0.0341 beam=0.48225 homogeneity=0.0039 body=0.00000 bowel=0.00000 femur=0.00000
2026-05-22 18:33:47 [INFO] Step 10/54 Loss=21.3731 mse=0.3901 v_opt=0.02863 v_mand=0.00313 ptv=0.0474 ptv_max=0.00057 ring=0.00143 smooth=0.0766 laplacian=0.1903 beam=0.37042 homogeneity=0.0047 body=0.00000 bowel=0.02946 femur=0.00000
2026-05-22 18:33:50 [INFO] Step 15/54 Loss=15.9190 mse=0.2863 v_opt=0.00370 v_mand=0.00002 ptv=0.0604 ptv_max=0.00063 ring=0.00000 smooth=0.0109 laplacian=0.0279 beam=0.30901 homogeneity=0.0058 body=0.00000 bowel=0.00188 femur=0.00363
2026-05-22 18:33:53 [INFO] Step 20/54 Loss=20.1274 mse=0.3353 v_opt=0.00827 v_mand=0.00003 ptv=0.0434 ptv_max=0.00103 ring=0.00000 smooth=0.0256 laplacian=0.0682 beam=0.41573 homogeneity=0.0049 body=0.00000 bowel=0.01237 femur=0.00944
2026-05-22 18:33:58 [INFO] Step 25/54 Loss=7.9728 mse=0.1946 v_opt=0.01316 v_mand=0.00002 ptv=0.0892 ptv_max=0.00004 ring=0.00000 smooth=0.0070 laplacian=0.0166 beam=0.07656 homogeneity=0.0040 body=0.00000 bowel=0.00659 femur=0.00000
2026-05-22 18:34:01 [INFO] Step 30/54 Loss=24.7920 mse=0.3936 v_opt=0.01258 v_mand=0.00000 ptv=0.0446 ptv_max=0.00013 ring=0.00000 smooth=0.0163 laplacian=0.0410 beam=0.56773 homogeneity=0.0023 body=0.00000 bowel=0.00000 femur=0.00000
2026-05-22 18:34:04 [INFO] Step 35/54 Loss=18.0133 mse=0.2428 v_opt=0.01100 v_mand=0.00023 ptv=0.0392 ptv_max=0.00267 ring=0.00001 smooth=0.0145 laplacian=0.0343 beam=0.42863 homogeneity=0.0108 body=0.00000 bowel=0.00000 femur=0.00000
2026-05-22 18:34:07 [INFO] Step 40/54 Loss=19.0167 mse=0.2522 v_opt=0.02846 v_mand=0.00212 ptv=0.0141 ptv_max=0.00193 ring=0.00000 smooth=0.0110 laplacian=0.0264 beam=0.47268 homogeneity=0.0078 body=0.00000 bowel=0.00000 femur=0.00000
2026-05-22 18:34:12 [INFO] Step 45/54 Loss=16.6125 mse=0.2737 v_opt=0.01242 v_mand=0.00047 ptv=0.0554 ptv_max=0.00019 ring=0.00000 smooth=0.0114 laplacian=0.0271 beam=0.35440 homogeneity=0.0034 body=0.00000 bowel=0.00401 femur=0.00040
2026-05-22 18:34:15 [INFO] Step 50/54 Loss=19.6058 mse=0.2283 v_opt=0.00014 v_mand=0.00000 ptv=0.0839 ptv_max=0.00008 ring=0.00001 smooth=0.0212 laplacian=0.0530 beam=0.50594 homogeneity=0.0037 body=0.00000 bowel=0.00267 femur=0.00000
2026-05-22 18:34:17 [INFO] Step 54/54 Loss=40.2283 mse=0.8357 v_opt=0.05789 v_mand=0.01417 ptv=0.0248 ptv_max=0.00496 ring=0.00380 smooth=0.1359 laplacian=0.3262 beam=0.57089 homogeneity=0.0124 body=0.00000 bowel=0.07585 femur=0.00392
2026-05-22 18:34:17 [INFO] Running validation at epoch 83...
2026-05-22 18:34:47 [INFO] Epoch 83 Summary: Train=18.9675 Val=0.0197 (MSE=0.0197)
          Metrics: PTV_D95=53.06Gy Bladder=27.40Gy Rectum=26.31Gy
          Metrics: Ring=48.37Gy Dmax=751.69Gy BG=31.80Gy
2026-05-22 18:34:47 [INFO] [PHYSICS] Saved best model val_loss=0.0197
2026-05-22 18:34:47 [INFO] Epoch 84/300 [FULL PHYSICS] ramp=1.000 lr=8.25e-05
2026-05-22 18:34:53 [INFO] Step 5/54 Loss=6.5739 mse=0.1234 v_opt=0.00931 v_mand=0.00004 ptv=0.0902 ptv_max=0.00036 ring=0.00000 smooth=0.0079 laplacian=0.0188 beam=0.09032 homogeneity=0.0075 body=0.00000 bowel=0.00000 femur=0.00000
2026-05-22 18:34:56 [INFO] Step 10/54 Loss=19.9517 mse=0.2644 v_opt=0.06972 v_mand=0.02268 ptv=0.0537 ptv_max=0.00040 ring=0.00001 smooth=0.0130 laplacian=0.0310 beam=0.43923 homogeneity=0.0049 body=0.00000 bowel=0.01199 femur=0.00439
2026-05-22 18:34:59 [INFO] Step 15/54 Loss=13.7898 mse=0.1930 v_opt=0.00108 v_mand=0.00001 ptv=0.0536 ptv_max=0.00125 ring=0.00001 smooth=0.0151 laplacian=0.0350 beam=0.31555 homogeneity=0.0080 body=0.00000 bowel=0.00000 femur=0.00000
2026-05-22 18:35:02 [INFO] Step 20/54 Loss=33.1094 mse=0.5849 v_opt=0.01435 v_mand=0.00186 ptv=0.0251 ptv_max=0.00308 ring=0.00013 smooth=0.1068 laplacian=0.2401 beam=0.64652 homogeneity=0.0091 body=0.00000 bowel=0.00000 femur=0.00000
2026-05-22 18:35:08 [INFO] Step 25/54 Loss=17.4391 mse=0.2211 v_opt=0.02873 v_mand=0.00335 ptv=0.0639 ptv_max=0.00016 ring=0.00000 smooth=0.0101 laplacian=0.0240 beam=0.43304 homogeneity=0.0034 body=0.00000 bowel=0.00000 femur=0.00000
2026-05-22 18:35:10 [INFO] Step 30/54 Loss=21.5399 mse=0.7290 v_opt=0.03626 v_mand=0.00499 ptv=0.0398 ptv_max=0.00255 ring=0.00603 smooth=0.0397 laplacian=0.0966 beam=0.04108 homogeneity=0.0070 body=0.00000 bowel=0.02891 femur=0.00001
2026-05-22 18:35:13 [INFO] Step 35/54 Loss=25.9654 mse=0.3520 v_opt=0.03107 v_mand=0.00456 ptv=0.0931 ptv_max=0.00007 ring=0.00000 smooth=0.0755 laplacian=0.1862 beam=0.57644 homogeneity=0.0043 body=0.00000 bowel=0.02868 femur=0.00000
2026-05-22 18:35:16 [INFO] Step 40/54 Loss=5.9328 mse=0.1198 v_opt=0.00000 v_mand=0.00000 ptv=0.0745 ptv_max=0.00082 ring=0.00000 smooth=0.0069 laplacian=0.0157 beam=0.07441 homogeneity=0.0061 body=0.00000 bowel=0.00000 femur=0.00000
2026-05-22 18:35:22 [INFO] Step 45/54 Loss=18.5121 mse=0.2708 v_opt=0.00060 v_mand=0.00000 ptv=0.0631 ptv_max=0.00035 ring=0.00000 smooth=0.0148 laplacian=0.0346 beam=0.43086 homogeneity=0.0049 body=0.00000 bowel=0.00002 femur=0.00000
2026-05-22 18:35:24 [INFO] Step 50/54 Loss=19.0241 mse=0.2369 v_opt=0.02305 v_mand=0.00237 ptv=0.0956 ptv_max=0.00005 ring=0.00000 smooth=0.0117 laplacian=0.0288 beam=0.46907 homogeneity=0.0044 body=0.00000 bowel=0.00023 femur=0.00000
2026-05-22 18:35:27 [INFO] Step 54/54 Loss=30.9942 mse=0.5504 v_opt=0.02153 v_mand=0.00135 ptv=0.0673 ptv_max=0.00968 ring=0.00753 smooth=0.0876 laplacian=0.1974 beam=0.52560 homogeneity=0.0182 body=0.00000 bowel=0.02037 femur=0.00011
2026-05-22 18:35:27 [INFO] Running validation at epoch 84...
2026-05-22 18:35:56 [INFO] Epoch 84 Summary: Train=18.4765 Val=0.0198 (MSE=0.0198)
          Metrics: PTV_D95=55.45Gy Bladder=27.47Gy Rectum=27.87Gy
          Metrics: Ring=49.86Gy Dmax=759.02Gy BG=31.88Gy
2026-05-22 18:35:56 [INFO] [CLINICAL] Saved best model Score=48.704 PTV_D95=55.45Gy Bladder=27.47Gy Rectum=27.87Gy
2026-05-22 18:35:56 [INFO] Epoch 85/300 [FULL PHYSICS] ramp=1.000 lr=8.21e-05
2026-05-22 18:36:02 [INFO] Step 5/54 Loss=29.3810 mse=0.5187 v_opt=0.16595 v_mand=0.08235 ptv=0.0261 ptv_max=0.00397 ring=0.00109 smooth=0.0282 laplacian=0.0686 beam=0.38874 homogeneity=0.0111 body=0.00000 bowel=0.05029 femur=0.00268
2026-05-22 18:36:05 [INFO] Step 10/54 Loss=13.6480 mse=0.1201 v_opt=0.00000 v_mand=0.00000 ptv=0.3962 ptv_max=0.00002 ring=0.00001 smooth=0.0088 laplacian=0.0211 beam=0.22839 homogeneity=0.0429 body=0.00000 bowel=0.00000 femur=0.00000
2026-05-22 18:36:08 [INFO] Step 15/54 Loss=16.3289 mse=0.4981 v_opt=0.00128 v_mand=0.00000 ptv=0.0491 ptv_max=0.00203 ring=0.00130 smooth=0.0313 laplacian=0.0749 beam=0.09529 homogeneity=0.0081 body=0.00000 bowel=0.00000 femur=0.01096
2026-05-22 18:36:11 [INFO] Step 20/54 Loss=11.8424 mse=0.2534 v_opt=0.01310 v_mand=0.00008 ptv=0.0581 ptv_max=0.00031 ring=0.00001 smooth=0.0151 laplacian=0.0361 beam=0.18216 homogeneity=0.0045 body=0.00000 bowel=0.00072 femur=0.00000
2026-05-22 18:36:16 [INFO] Step 25/54 Loss=33.1018 mse=0.5339 v_opt=0.00084 v_mand=0.00000 ptv=0.0599 ptv_max=0.00062 ring=0.00003 smooth=0.1822 laplacian=0.4499 beam=0.63917 homogeneity=0.0043 body=0.00000 bowel=0.03756 femur=0.00000
2026-05-22 18:36:20 [INFO] Step 30/54 Loss=13.5245 mse=0.1357 v_opt=0.01074 v_mand=0.00000 ptv=0.0812 ptv_max=0.00021 ring=0.00001 smooth=0.0098 laplacian=0.0219 beam=0.36130 homogeneity=0.0057 body=0.00000 bowel=0.00000 femur=0.00000
2026-05-22 18:36:22 [INFO] Step 35/54 Loss=25.3526 mse=0.3571 v_opt=0.07368 v_mand=0.01695 ptv=0.0599 ptv_max=0.00036 ring=0.00000 smooth=0.0580 laplacian=0.1423 beam=0.55721 homogeneity=0.0038 body=0.00000 bowel=0.00000 femur=0.00016
2026-05-22 18:36:25 [INFO] Step 40/54 Loss=23.9101 mse=0.3700 v_opt=0.03899 v_mand=0.00581 ptv=0.0412 ptv_max=0.00142 ring=0.00001 smooth=0.0249 laplacian=0.0606 beam=0.52636 homogeneity=0.0078 body=0.00000 bowel=0.00000 femur=0.00225
2026-05-22 18:36:31 [INFO] Step 45/54 Loss=20.9820 mse=0.3069 v_opt=0.00086 v_mand=0.00000 ptv=0.0217 ptv_max=0.00226 ring=0.00001 smooth=0.0137 laplacian=0.0342 beam=0.49623 homogeneity=0.0080 body=0.00000 bowel=0.00000 femur=0.00000
2026-05-22 18:36:34 [INFO] Step 50/54 Loss=26.1312 mse=0.4236 v_opt=0.00281 v_mand=0.00000 ptv=0.0278 ptv_max=0.00149 ring=0.00016 smooth=0.0644 laplacian=0.1570 beam=0.56217 homogeneity=0.0064 body=0.00000 bowel=0.00000 femur=0.00000
2026-05-22 18:36:36 [INFO] Step 54/54 Loss=37.8838 mse=0.9278 v_opt=0.03613 v_mand=0.00517 ptv=0.0436 ptv_max=0.00247 ring=0.00345 smooth=0.1885 laplacian=0.4556 beam=0.34587 homogeneity=0.0071 body=0.00000 bowel=0.14965 femur=0.00006
2026-05-22 18:36:36 [INFO] Running validation at epoch 85...
2026-05-22 18:37:05 [INFO] Epoch 85 Summary: Train=19.1571 Val=0.0190 (MSE=0.0190)
          Metrics: PTV_D95=54.14Gy Bladder=25.50Gy Rectum=27.91Gy
          Metrics: Ring=49.26Gy Dmax=794.40Gy BG=31.25Gy
2026-05-22 18:37:05 [INFO] [PHYSICS] Saved best model val_loss=0.0190
2026-05-22 18:37:05 [INFO] Epoch 86/300 [FULL PHYSICS] ramp=1.000 lr=8.17e-05
2026-05-22 18:37:11 [INFO] Step 5/54 Loss=10.4330 mse=0.1319 v_opt=0.01142 v_mand=0.00000 ptv=0.0821 ptv_max=0.00004 ring=0.00000 smooth=0.0063 laplacian=0.0147 beam=0.22299 homogeneity=0.0033 body=0.00000 bowel=0.03765 femur=0.00000
2026-05-22 18:37:15 [INFO] Step 10/54 Loss=15.0606 mse=0.2201 v_opt=0.00430 v_mand=0.00000 ptv=0.0595 ptv_max=0.00036 ring=0.00006 smooth=0.0107 laplacian=0.0264 beam=0.34689 homogeneity=0.0042 body=0.00000 bowel=0.00000 femur=0.00000
2026-05-22 18:37:18 [INFO] Step 15/54 Loss=15.4264 mse=0.2095 v_opt=0.03823 v_mand=0.00754 ptv=0.0960 ptv_max=0.00027 ring=0.00006 smooth=0.0117 laplacian=0.0271 beam=0.33708 homogeneity=0.0075 body=0.00000 bowel=0.00064 femur=0.00000
2026-05-22 18:37:21 [INFO] Step 20/54 Loss=17.0830 mse=0.3223 v_opt=0.00030 v_mand=0.00000 ptv=0.0447 ptv_max=0.00077 ring=0.00007 smooth=0.0352 laplacian=0.0849 beam=0.31082 homogeneity=0.0058 body=0.00000 bowel=0.00772 femur=0.00000
2026-05-22 18:37:26 [INFO] Step 25/54 Loss=19.0397 mse=0.3380 v_opt=0.00043 v_mand=0.00000 ptv=0.0596 ptv_max=0.00035 ring=0.00002 smooth=0.0389 laplacian=0.0969 beam=0.37176 homogeneity=0.0040 body=0.00000 bowel=0.00000 femur=0.00423
2026-05-22 18:37:29 [INFO] Step 30/54 Loss=35.6293 mse=0.8627 v_opt=0.02941 v_mand=0.00105 ptv=0.0355 ptv_max=0.00375 ring=0.00481 smooth=0.1225 laplacian=0.3070 beam=0.41613 homogeneity=0.0087 body=0.00000 bowel=0.04220 femur=0.00940
2026-05-22 18:37:32 [INFO] Step 35/54 Loss=13.0235 mse=0.1273 v_opt=0.01413 v_mand=0.00000 ptv=0.0598 ptv_max=0.00022 ring=0.00001 smooth=0.0087 laplacian=0.0214 beam=0.36018 homogeneity=0.0031 body=0.00000 bowel=0.00000 femur=0.00000
2026-05-22 18:37:35 [INFO] Step 40/54 Loss=14.2561 mse=0.2140 v_opt=0.02375 v_mand=0.00207 ptv=0.0551 ptv_max=0.00052 ring=0.00001 smooth=0.0130 laplacian=0.0300 beam=0.31484 homogeneity=0.0047 body=0.00000 bowel=0.00000 femur=0.00000
2026-05-22 18:37:40 [INFO] Step 45/54 Loss=22.1948 mse=0.3689 v_opt=0.01430 v_mand=0.00008 ptv=0.0658 ptv_max=0.00045 ring=0.00006 smooth=0.0327 laplacian=0.0793 beam=0.46687 homogeneity=0.0048 body=0.00000 bowel=0.00000 femur=0.00165
2026-05-22 18:37:43 [INFO] Step 50/54 Loss=11.3682 mse=0.2069 v_opt=0.03005 v_mand=0.00536 ptv=0.0526 ptv_max=0.00015 ring=0.00000 smooth=0.0127 laplacian=0.0306 beam=0.20402 homogeneity=0.0026 body=0.00000 bowel=0.00000 femur=0.00000
2026-05-22 18:37:45 [INFO] Step 54/54 Loss=24.2929 mse=0.3774 v_opt=0.00014 v_mand=0.00000 ptv=0.0485 ptv_max=0.00104 ring=0.00026 smooth=0.0395 laplacian=0.0996 beam=0.53436 homogeneity=0.0055 body=0.00000 bowel=0.01371 femur=0.00000
2026-05-22 18:37:45 [INFO] Running validation at epoch 86...
2026-05-22 18:38:14 [INFO] Epoch 86 Summary: Train=18.8301 Val=0.0194 (MSE=0.0194)
          Metrics: PTV_D95=56.58Gy Bladder=25.98Gy Rectum=24.41Gy
          Metrics: Ring=50.24Gy Dmax=660.75Gy BG=31.57Gy
2026-05-22 18:38:14 [INFO] [CLINICAL] Saved best model Score=43.436 PTV_D95=56.58Gy Bladder=25.98Gy Rectum=24.41Gy
2026-05-22 18:38:14 [INFO] Epoch 87/300 [FULL PHYSICS] ramp=1.000 lr=8.12e-05
2026-05-22 18:38:20 [INFO] Step 5/54 Loss=12.9214 mse=0.1474 v_opt=0.01235 v_mand=0.00009 ptv=0.0447 ptv_max=0.00056 ring=0.00000 smooth=0.0070 laplacian=0.0163 beam=0.33964 homogeneity=0.0048 body=0.00000 bowel=0.00000 femur=0.00000
2026-05-22 18:38:23 [INFO] Step 10/54 Loss=14.6819 mse=0.1458 v_opt=0.03899 v_mand=0.00581 ptv=0.0798 ptv_max=0.00037 ring=0.00000 smooth=0.0102 laplacian=0.0240 beam=0.38244 homogeneity=0.0062 body=0.00000 bowel=0.00000 femur=0.00000
2026-05-22 18:38:27 [INFO] Step 15/54 Loss=10.3757 mse=0.1895 v_opt=0.00116 v_mand=0.00000 ptv=0.0734 ptv_max=0.00019 ring=0.00006 smooth=0.0131 laplacian=0.0323 beam=0.18469 homogeneity=0.0040 body=0.00000 bowel=0.00000 femur=0.00000
2026-05-22 18:38:30 [INFO] Step 20/54 Loss=23.1177 mse=0.3760 v_opt=0.00129 v_mand=0.00011 ptv=0.0785 ptv_max=0.00011 ring=0.00005 smooth=0.0296 laplacian=0.0730 beam=0.47933 homogeneity=0.0035 body=0.00000 bowel=0.03055 femur=0.00000
2026-05-22 18:38:34 [INFO] Step 25/54 Loss=14.2520 mse=0.3766 v_opt=0.04380 v_mand=0.00540 ptv=0.0320 ptv_max=0.00219 ring=0.00026 smooth=0.0141 laplacian=0.0364 beam=0.08456 homogeneity=0.0075 body=0.00000 bowel=0.08920 femur=0.00295
2026-05-22 18:38:38 [INFO] Step 30/54 Loss=7.1844 mse=0.1380 v_opt=0.00238 v_mand=0.00000 ptv=0.0637 ptv_max=0.00040 ring=0.00000 smooth=0.0108 laplacian=0.0238 beam=0.11201 homogeneity=0.0050 body=0.00000 bowel=0.00000 femur=0.00000
2026-05-22 18:38:41 [INFO] Step 35/54 Loss=17.2760 mse=0.1763 v_opt=0.00016 v_mand=0.00000 ptv=0.1288 ptv_max=0.00004 ring=0.00000 smooth=0.0085 laplacian=0.0201 beam=0.45081 homogeneity=0.0084 body=0.00000 bowel=0.00174 femur=0.00000
2026-05-22 18:38:44 [INFO] Step 40/54 Loss=7.6474 mse=0.1974 v_opt=0.02073 v_mand=0.00006 ptv=0.0730 ptv_max=0.00034 ring=0.00000 smooth=0.0099 laplacian=0.0239 beam=0.06660 homogeneity=0.0047 body=0.00000 bowel=0.00000 femur=0.00000
2026-05-22 18:38:48 [INFO] Step 45/54 Loss=17.3451 mse=0.3011 v_opt=0.03054 v_mand=0.00144 ptv=0.0367 ptv_max=0.00014 ring=0.00000 smooth=0.0170 laplacian=0.0415 beam=0.36109 homogeneity=0.0022 body=0.00000 bowel=0.00000 femur=0.00000
2026-05-22 18:38:51 [INFO] Step 50/54 Loss=18.1687 mse=0.2133 v_opt=0.00042 v_mand=0.00000 ptv=0.0578 ptv_max=0.00060 ring=0.00000 smooth=0.0145 laplacian=0.0342 beam=0.47534 homogeneity=0.0049 body=0.00000 bowel=0.00000 femur=0.00000
2026-05-22 18:38:54 [INFO] Step 54/54 Loss=17.3192 mse=0.1820 v_opt=0.06241 v_mand=0.01683 ptv=0.0425 ptv_max=0.00189 ring=0.00001 smooth=0.0102 laplacian=0.0255 beam=0.42815 homogeneity=0.0086 body=0.00000 bowel=0.00000 femur=0.00800
2026-05-22 18:38:54 [INFO] Running validation at epoch 87...
2026-05-22 18:39:23 [INFO] Epoch 87 Summary: Train=17.8287 Val=0.0186 (MSE=0.0186)
          Metrics: PTV_D95=55.08Gy Bladder=27.13Gy Rectum=24.67Gy
          Metrics: Ring=49.32Gy Dmax=769.84Gy BG=30.91Gy
2026-05-22 18:39:23 [INFO] [PHYSICS] Saved best model val_loss=0.0186
2026-05-22 18:39:23 [INFO] Epoch 88/300 [FULL PHYSICS] ramp=1.000 lr=8.08e-05
2026-05-22 18:39:30 [INFO] Step 5/54 Loss=15.1858 mse=0.1857 v_opt=0.00129 v_mand=0.00000 ptv=0.0860 ptv_max=0.00017 ring=0.00000 smooth=0.0136 laplacian=0.0318 beam=0.37549 homogeneity=0.0048 body=0.00000 bowel=0.00000 femur=0.00000
2026-05-22 18:39:33 [INFO] Step 10/54 Loss=22.3392 mse=0.2829 v_opt=0.00568 v_mand=0.00000 ptv=0.0758 ptv_max=0.00022 ring=0.00000 smooth=0.0763 laplacian=0.1862 beam=0.53445 homogeneity=0.0048 body=0.00000 bowel=0.00000 femur=0.00000
2026-05-22 18:39:36 [INFO] Step 15/54 Loss=23.7851 mse=0.3644 v_opt=0.01995 v_mand=0.00166 ptv=0.0322 ptv_max=0.00049 ring=0.00000 smooth=0.0165 laplacian=0.0419 beam=0.55423 homogeneity=0.0037 body=0.00000 bowel=0.00000 femur=0.00000
2026-05-22 18:39:39 [INFO] Step 20/54 Loss=32.6172 mse=0.7031 v_opt=0.02928 v_mand=0.00320 ptv=0.0612 ptv_max=0.00144 ring=0.00692 smooth=0.0478 laplacian=0.1125 beam=0.52027 homogeneity=0.0060 body=0.00000 bowel=0.00948 femur=0.00098
2026-05-22 18:39:44 [INFO] Step 25/54 Loss=21.7778 mse=0.4153 v_opt=0.06443 v_mand=0.00944 ptv=0.0415 ptv_max=0.00121 ring=0.00013 smooth=0.0307 laplacian=0.0735 beam=0.35116 homogeneity=0.0056 body=0.00000 bowel=0.04794 femur=0.01865
2026-05-22 18:39:47 [INFO] Step 30/54 Loss=18.4297 mse=0.2766 v_opt=0.02876 v_mand=0.00156 ptv=0.0729 ptv_max=0.00097 ring=0.00177 smooth=0.0426 laplacian=0.1031 beam=0.39187 homogeneity=0.0060 body=0.00000 bowel=0.00000 femur=0.00017
2026-05-22 18:39:50 [INFO] Step 35/54 Loss=25.2138 mse=0.3819 v_opt=0.01325 v_mand=0.00006 ptv=0.0895 ptv_max=0.00005 ring=0.00000 smooth=0.0707 laplacian=0.1634 beam=0.55153 homogeneity=0.0029 body=0.00000 bowel=0.00000 femur=0.00000
2026-05-22 18:39:53 [INFO] Step 40/54 Loss=36.6664 mse=0.5864 v_opt=0.00207 v_mand=0.00023 ptv=0.0930 ptv_max=0.00040 ring=0.00055 smooth=0.0795 laplacian=0.1890 beam=0.73789 homogeneity=0.0078 body=0.00000 bowel=0.09088 femur=0.00000
2026-05-22 18:39:59 [INFO] Step 45/54 Loss=17.9014 mse=0.2513 v_opt=0.00997 v_mand=0.00000 ptv=0.0753 ptv_max=0.00025 ring=0.00001 smooth=0.0108 laplacian=0.0263 beam=0.42173 homogeneity=0.0062 body=0.00000 bowel=0.00000 femur=0.00000
2026-05-22 18:40:02 [INFO] Step 50/54 Loss=25.7890 mse=0.4098 v_opt=0.02667 v_mand=0.00401 ptv=0.0234 ptv_max=0.00095 ring=0.00000 smooth=0.0234 laplacian=0.0593 beam=0.57957 homogeneity=0.0052 body=0.00000 bowel=0.00000 femur=0.00000
2026-05-22 18:40:04 [INFO] Step 54/54 Loss=4.6424 mse=0.1476 v_opt=0.00008 v_mand=0.00000 ptv=0.0754 ptv_max=0.00010 ring=0.00000 smooth=0.0082 laplacian=0.0187 beam=0.00000 homogeneity=0.0041 body=0.00000 bowel=0.00000 femur=0.00000
2026-05-22 18:40:04 [INFO] Running validation at epoch 88...
2026-05-22 18:40:33 [INFO] Epoch 88 Summary: Train=18.8921 Val=0.0186 (MSE=0.0186)
          Metrics: PTV_D95=52.86Gy Bladder=25.75Gy Rectum=29.48Gy
          Metrics: Ring=47.66Gy Dmax=744.20Gy BG=31.00Gy
2026-05-22 18:40:33 [INFO] [PHYSICS] Saved best model val_loss=0.0186
2026-05-22 18:40:33 [INFO] Epoch 89/300 [FULL PHYSICS] ramp=1.000 lr=8.04e-05
2026-05-22 18:40:39 [INFO] Step 5/54 Loss=21.3313 mse=0.3274 v_opt=0.09371 v_mand=0.02530 ptv=0.0557 ptv_max=0.00042 ring=0.00001 smooth=0.0131 laplacian=0.0324 beam=0.42788 homogeneity=0.0053 body=0.00000 bowel=0.00496 femur=0.00210
2026-05-22 18:40:41 [INFO] Step 10/54 Loss=16.7505 mse=0.3782 v_opt=0.02821 v_mand=0.00157 ptv=0.0527 ptv_max=0.00207 ring=0.00192 smooth=0.0342 laplacian=0.0865 beam=0.21465 homogeneity=0.0083 body=0.00000 bowel=0.01962 femur=0.00000
2026-05-22 18:40:45 [INFO] Step 15/54 Loss=17.3074 mse=0.2957 v_opt=0.00016 v_mand=0.00000 ptv=0.0302 ptv_max=0.00198 ring=0.02108 smooth=0.0472 laplacian=0.1170 beam=0.32471 homogeneity=0.0076 body=0.00000 bowel=0.00477 femur=0.00248
2026-05-22 18:40:48 [INFO] Step 20/54 Loss=14.4776 mse=0.2364 v_opt=0.04246 v_mand=0.00537 ptv=0.0664 ptv_max=0.00067 ring=0.00001 smooth=0.0138 laplacian=0.0330 beam=0.28395 homogeneity=0.0069 body=0.00000 bowel=0.00000 femur=0.00324
2026-05-22 18:40:53 [INFO] Step 25/54 Loss=16.3460 mse=0.1687 v_opt=0.00435 v_mand=0.00033 ptv=0.0711 ptv_max=0.00043 ring=0.00000 smooth=0.0096 laplacian=0.0222 beam=0.44363 homogeneity=0.0057 body=0.00000 bowel=0.00000 femur=0.00000
2026-05-22 18:40:56 [INFO] Step 30/54 Loss=20.6748 mse=0.3272 v_opt=0.04086 v_mand=0.00963 ptv=0.0510 ptv_max=0.00035 ring=0.00000 smooth=0.0205 laplacian=0.0516 beam=0.43528 homogeneity=0.0040 body=0.00000 bowel=0.00856 femur=0.00001
2026-05-22 18:40:59 [INFO] Step 35/54 Loss=21.2934 mse=0.3646 v_opt=0.00162 v_mand=0.00000 ptv=0.0454 ptv_max=0.00037 ring=0.00067 smooth=0.0196 laplacian=0.0486 beam=0.45164 homogeneity=0.0037 body=0.00000 bowel=0.00056 femur=0.00182
2026-05-22 18:41:02 [INFO] Step 40/54 Loss=20.8814 mse=0.2729 v_opt=0.05821 v_mand=0.01311 ptv=0.0624 ptv_max=0.00022 ring=0.00000 smooth=0.0240 laplacian=0.0607 beam=0.48859 homogeneity=0.0038 body=0.00000 bowel=0.00000 femur=0.00124
2026-05-22 18:41:06 [INFO] Step 45/54 Loss=11.2912 mse=0.0814 v_opt=0.01838 v_mand=0.00021 ptv=0.1110 ptv_max=0.00006 ring=0.00000 smooth=0.0076 laplacian=0.0170 beam=0.31281 homogeneity=0.0088 body=0.00000 bowel=0.00000 femur=0.00000
2026-05-22 18:41:09 [INFO] Step 50/54 Loss=13.4788 mse=0.3791 v_opt=0.00424 v_mand=0.00000 ptv=0.0478 ptv_max=0.00050 ring=0.00000 smooth=0.0239 laplacian=0.0616 beam=0.12106 homogeneity=0.0041 body=0.00000 bowel=0.00000 femur=0.00000
2026-05-22 18:41:11 [INFO] Step 54/54 Loss=31.2614 mse=0.6891 v_opt=0.00372 v_mand=0.00041 ptv=0.0798 ptv_max=0.00593 ring=0.01520 smooth=0.0493 laplacian=0.1188 beam=0.44554 homogeneity=0.0152 body=0.00000 bowel=0.00000 femur=0.00036
2026-05-22 18:41:11 [INFO] Running validation at epoch 89...
2026-05-22 18:41:40 [INFO] Epoch 89 Summary: Train=17.4389 Val=0.0183 (MSE=0.0183)
          Metrics: PTV_D95=54.37Gy Bladder=25.67Gy Rectum=29.86Gy
          Metrics: Ring=48.54Gy Dmax=689.50Gy BG=30.63Gy
2026-05-22 18:41:40 [INFO] [PHYSICS] Saved best model val_loss=0.0183
2026-05-22 18:41:40 [INFO] Epoch 90/300 [FULL PHYSICS] ramp=1.000 lr=8.00e-05
2026-05-22 18:41:47 [INFO] Step 5/54 Loss=17.6958 mse=0.2321 v_opt=0.00165 v_mand=0.00000 ptv=0.0714 ptv_max=0.00027 ring=0.00000 smooth=0.0110 laplacian=0.0270 beam=0.43523 homogeneity=0.0053 body=0.00000 bowel=0.00000 femur=0.00004
2026-05-22 18:41:50 [INFO] Step 10/54 Loss=14.1905 mse=0.1533 v_opt=0.00219 v_mand=0.00002 ptv=0.0551 ptv_max=0.00052 ring=0.00000 smooth=0.0086 laplacian=0.0217 beam=0.37999 homogeneity=0.0054 body=0.00000 bowel=0.00000 femur=0.00000
2026-05-22 18:41:53 [INFO] Step 15/54 Loss=12.8914 mse=0.0712 v_opt=0.00000 v_mand=0.00000 ptv=0.1611 ptv_max=0.00345 ring=0.00001 smooth=0.0089 laplacian=0.0233 beam=0.33878 homogeneity=0.0194 body=0.00000 bowel=0.00000 femur=0.00000
2026-05-22 18:41:56 [INFO] Step 20/54 Loss=9.3533 mse=0.1404 v_opt=0.00675 v_mand=0.00001 ptv=0.0598 ptv_max=0.00026 ring=0.00000 smooth=0.0103 laplacian=0.0231 beam=0.19959 homogeneity=0.0039 body=0.00000 bowel=0.00000 femur=0.00000
2026-05-22 18:42:01 [INFO] Step 25/54 Loss=6.5748 mse=0.1316 v_opt=0.00052 v_mand=0.00000 ptv=0.0558 ptv_max=0.00079 ring=0.00000 smooth=0.0083 laplacian=0.0188 beam=0.09526 homogeneity=0.0063 body=0.00000 bowel=0.00000 femur=0.00000
2026-05-22 18:42:04 [INFO] Step 30/54 Loss=20.0005 mse=0.4435 v_opt=0.00805 v_mand=0.00019 ptv=0.0277 ptv_max=0.00048 ring=0.00000 smooth=0.0164 laplacian=0.0390 beam=0.32992 homogeneity=0.0039 body=0.00000 bowel=0.00000 femur=0.00000
2026-05-22 18:42:07 [INFO] Step 35/54 Loss=8.9036 mse=0.1804 v_opt=0.01214 v_mand=0.00003 ptv=0.0967 ptv_max=0.00004 ring=0.00000 smooth=0.0077 laplacian=0.0178 beam=0.12803 homogeneity=0.0046 body=0.00000 bowel=0.00027 femur=0.00000
2026-05-22 18:42:09 [INFO] Step 40/54 Loss=24.0057 mse=0.4347 v_opt=0.02736 v_mand=0.00336 ptv=0.0351 ptv_max=0.00127 ring=0.00156 smooth=0.0748 laplacian=0.1867 beam=0.43899 homogeneity=0.0062 body=0.00000 bowel=0.01623 femur=0.00000
2026-05-22 18:42:15 [INFO] Step 45/54 Loss=13.0336 mse=0.0828 v_opt=0.01998 v_mand=0.00128 ptv=0.1369 ptv_max=0.00049 ring=0.00000 smooth=0.0074 laplacian=0.0170 beam=0.36418 homogeneity=0.0110 body=0.00000 bowel=0.00000 femur=0.00000
2026-05-22 18:42:17 [INFO] Step 50/54 Loss=11.7592 mse=0.1486 v_opt=0.02336 v_mand=0.00244 ptv=0.0613 ptv_max=0.00026 ring=0.00000 smooth=0.0060 laplacian=0.0139 beam=0.26904 homogeneity=0.0046 body=0.00000 bowel=0.02208 femur=0.00000
2026-05-22 18:42:20 [INFO] Step 54/54 Loss=11.2358 mse=0.2187 v_opt=0.00694 v_mand=0.00005 ptv=0.0693 ptv_max=0.00025 ring=0.00000 smooth=0.0093 laplacian=0.0224 beam=0.19287 homogeneity=0.0039 body=0.00000 bowel=0.00000 femur=0.00000
2026-05-22 18:42:20 [INFO] Running validation at epoch 90...
2026-05-22 18:42:49 [INFO] Epoch 90 Summary: Train=16.3774 Val=0.0177 (MSE=0.0177)
          Metrics: PTV_D95=53.44Gy Bladder=27.07Gy Rectum=31.59Gy
          Metrics: Ring=47.61Gy Dmax=797.29Gy BG=30.16Gy
2026-05-22 18:42:49 [INFO] [PHYSICS] Saved best model val_loss=0.0177
2026-05-22 18:42:49 [INFO] Epoch 91/300 [FULL PHYSICS] ramp=1.000 lr=7.96e-05
2026-05-22 18:42:56 [INFO] Step 5/54 Loss=20.4143 mse=0.2314 v_opt=0.00010 v_mand=0.00000 ptv=0.0756 ptv_max=0.00005 ring=0.00000 smooth=0.0241 laplacian=0.0605 beam=0.53927 homogeneity=0.0029 body=0.00000 bowel=0.00000 femur=0.00000
2026-05-22 18:42:58 [INFO] Step 10/54 Loss=11.6503 mse=0.2888 v_opt=0.00780 v_mand=0.00000 ptv=0.1220 ptv_max=0.00124 ring=0.00205 smooth=0.0437 laplacian=0.1079 beam=0.07774 homogeneity=0.0150 body=0.00000 bowel=0.00995 femur=0.00000
2026-05-22 18:43:01 [INFO] Step 15/54 Loss=14.1807 mse=0.1236 v_opt=0.00204 v_mand=0.00000 ptv=0.0470 ptv_max=0.00088 ring=0.00000 smooth=0.0084 laplacian=0.0192 beam=0.40893 homogeneity=0.0071 body=0.00000 bowel=0.00107 femur=0.00000
2026-05-22 18:43:05 [INFO] Step 20/54 Loss=7.6650 mse=0.1362 v_opt=0.00241 v_mand=0.00021 ptv=0.0556 ptv_max=0.00016 ring=0.00001 smooth=0.0079 laplacian=0.0196 beam=0.14019 homogeneity=0.0026 body=0.00000 bowel=0.00000 femur=0.00000
2026-05-22 18:43:10 [INFO] Step 25/54 Loss=18.6522 mse=0.3784 v_opt=0.05212 v_mand=0.01277 ptv=0.0720 ptv_max=0.00020 ring=0.00000 smooth=0.0196 laplacian=0.0488 beam=0.27534 homogeneity=0.0033 body=0.00000 bowel=0.02630 femur=0.00895
2026-05-22 18:43:12 [INFO] Step 30/54 Loss=16.6394 mse=0.2253 v_opt=0.00204 v_mand=0.00003 ptv=0.0437 ptv_max=0.00011 ring=0.00000 smooth=0.0139 laplacian=0.0326 beam=0.41309 homogeneity=0.0021 body=0.00000 bowel=0.00000 femur=0.00000
2026-05-22 18:43:16 [INFO] Step 35/54 Loss=33.9574 mse=0.6068 v_opt=0.00712 v_mand=0.00017 ptv=0.0358 ptv_max=0.00236 ring=0.00040 smooth=0.0934 laplacian=0.2216 beam=0.66714 homogeneity=0.0083 body=0.00000 bowel=0.00000 femur=0.00000
2026-05-22 18:43:18 [INFO] Step 40/54 Loss=8.2363 mse=0.1899 v_opt=0.00935 v_mand=0.00014 ptv=0.0662 ptv_max=0.00015 ring=0.00000 smooth=0.0101 laplacian=0.0237 beam=0.10344 homogeneity=0.0033 body=0.00000 bowel=0.00000 femur=0.00000
2026-05-22 18:43:24 [INFO] Step 45/54 Loss=12.7262 mse=0.1227 v_opt=0.00565 v_mand=0.00000 ptv=0.0588 ptv_max=0.00011 ring=0.00000 smooth=0.0082 laplacian=0.0197 beam=0.35502 homogeneity=0.0030 body=0.00000 bowel=0.00000 femur=0.00000
2026-05-22 18:43:27 [INFO] Step 50/54 Loss=16.4254 mse=0.1595 v_opt=0.05275 v_mand=0.01432 ptv=0.1154 ptv_max=0.00001 ring=0.00000 smooth=0.0117 laplacian=0.0287 beam=0.40833 homogeneity=0.0049 body=0.00000 bowel=0.00000 femur=0.00000
2026-05-22 18:43:29 [INFO] Step 54/54 Loss=14.6314 mse=0.1507 v_opt=0.00358 v_mand=0.00000 ptv=0.0844 ptv_max=0.00037 ring=0.00000 smooth=0.0105 laplacian=0.0240 beam=0.38800 homogeneity=0.0063 body=0.00000 bowel=0.00000 femur=0.00000
2026-05-22 18:43:29 [INFO] Running validation at epoch 91...
2026-05-22 18:43:59 [INFO] Epoch 91 Summary: Train=20.0933 Val=0.0175 (MSE=0.0175)
          Metrics: PTV_D95=53.64Gy Bladder=26.01Gy Rectum=29.53Gy
          Metrics: Ring=47.40Gy Dmax=696.99Gy BG=29.97Gy
2026-05-22 18:43:59 [INFO] [PHYSICS] Saved best model val_loss=0.0175
2026-05-22 18:43:59 [INFO] Epoch 92/300 [FULL PHYSICS] ramp=1.000 lr=7.92e-05
2026-05-22 18:44:04 [INFO] Step 5/54 Loss=43.7388 mse=0.8193 v_opt=0.01770 v_mand=0.00507 ptv=0.0272 ptv_max=0.00853 ring=0.01298 smooth=0.2108 laplacian=0.5329 beam=0.71575 homogeneity=0.0184 body=0.00000 bowel=0.00574 femur=0.00000
2026-05-22 18:44:07 [INFO] Step 10/54 Loss=11.2283 mse=0.1734 v_opt=0.03785 v_mand=0.00598 ptv=0.0547 ptv_max=0.00061 ring=0.00000 smooth=0.0081 laplacian=0.0183 beam=0.22679 homogeneity=0.0056 body=0.00000 bowel=0.00000 femur=0.00000
2026-05-22 18:44:10 [INFO] Step 15/54 Loss=25.2332 mse=0.4933 v_opt=0.14393 v_mand=0.04700 ptv=0.0694 ptv_max=0.00061 ring=0.00595 smooth=0.1314 laplacian=0.3152 beam=0.29855 homogeneity=0.0049 body=0.00000 bowel=0.00794 femur=0.00000
2026-05-22 18:44:14 [INFO] Step 20/54 Loss=10.1338 mse=0.1693 v_opt=0.00001 v_mand=0.00000 ptv=0.1186 ptv_max=0.00015 ring=0.00000 smooth=0.0110 laplacian=0.0280 beam=0.17423 homogeneity=0.0093 body=0.00000 bowel=0.00000 femur=0.00000
2026-05-22 18:44:17 [INFO] Step 25/54 Loss=16.3236 mse=0.1969 v_opt=0.02043 v_mand=0.00140 ptv=0.0409 ptv_max=0.00024 ring=0.00000 smooth=0.0131 laplacian=0.0320 beam=0.42453 homogeneity=0.0029 body=0.00000 bowel=0.00000 femur=0.00000
2026-05-22 18:44:22 [INFO] Step 30/54 Loss=10.6843 mse=0.2054 v_opt=0.00115 v_mand=0.00000 ptv=0.0734 ptv_max=0.00004 ring=0.00000 smooth=0.0085 laplacian=0.0201 beam=0.18596 homogeneity=0.0024 body=0.00000 bowel=0.00000 femur=0.00000
2026-05-22 18:44:25 [INFO] Step 35/54 Loss=8.9937 mse=0.2417 v_opt=0.01499 v_mand=0.00025 ptv=0.0780 ptv_max=0.00008 ring=0.00056 smooth=0.0342 laplacian=0.0832 beam=0.05768 homogeneity=0.0034 body=0.00000 bowel=0.00998 femur=0.00000
2026-05-22 18:44:28 [INFO] Step 40/54 Loss=5.8983 mse=0.0558 v_opt=0.05260 v_mand=0.00553 ptv=0.1262 ptv_max=0.00001 ring=0.00000 smooth=0.0070 laplacian=0.0159 beam=0.10554 homogeneity=0.0067 body=0.00000 bowel=0.00000 femur=0.00000
2026-05-22 18:44:31 [INFO] Step 45/54 Loss=14.8559 mse=0.1398 v_opt=0.03014 v_mand=0.00148 ptv=0.0957 ptv_max=0.00022 ring=0.00000 smooth=0.0071 laplacian=0.0162 beam=0.38655 homogeneity=0.0067 body=0.00000 bowel=0.02346 femur=0.00000
2026-05-22 18:44:36 [INFO] Step 50/54 Loss=26.9068 mse=0.5857 v_opt=0.02008 v_mand=0.00085 ptv=0.0686 ptv_max=0.00152 ring=0.00332 smooth=0.0269 laplacian=0.0643 beam=0.34168 homogeneity=0.0066 body=0.00000 bowel=0.14643 femur=0.00000
2026-05-22 18:44:38 [INFO] Step 54/54 Loss=9.6552 mse=0.1664 v_opt=0.01224 v_mand=0.00009 ptv=0.0982 ptv_max=0.00003 ring=0.00000 smooth=0.0107 laplacian=0.0250 beam=0.16961 homogeneity=0.0052 body=0.00000 bowel=0.00000 femur=0.00000
2026-05-22 18:44:38 [INFO] Running validation at epoch 92...
2026-05-22 18:45:08 [INFO] Epoch 92 Summary: Train=15.9186 Val=0.0170 (MSE=0.0170)
          Metrics: PTV_D95=54.22Gy Bladder=28.84Gy Rectum=29.66Gy
          Metrics: Ring=48.35Gy Dmax=679.38Gy BG=29.53Gy
2026-05-22 18:45:08 [INFO] [PHYSICS] Saved best model val_loss=0.0170
2026-05-22 18:45:08 [INFO] Epoch 93/300 [FULL PHYSICS] ramp=1.000 lr=7.88e-05
2026-05-22 18:45:14 [INFO] Step 5/54 Loss=6.5996 mse=0.1413 v_opt=0.02198 v_mand=0.00224 ptv=0.0693 ptv_max=0.00039 ring=0.00000 smooth=0.0070 laplacian=0.0163 beam=0.07831 homogeneity=0.0057 body=0.00000 bowel=0.00000 femur=0.00000
2026-05-22 18:45:17 [INFO] Step 10/54 Loss=11.8062 mse=0.1773 v_opt=0.00458 v_mand=0.00027 ptv=0.0575 ptv_max=0.00045 ring=0.00000 smooth=0.0064 laplacian=0.0140 beam=0.26097 homogeneity=0.0054 body=0.00000 bowel=0.00000 femur=0.00000
2026-05-22 18:45:20 [INFO] Step 15/54 Loss=10.7476 mse=0.2687 v_opt=0.00000 v_mand=0.00000 ptv=0.1030 ptv_max=0.00021 ring=0.00000 smooth=0.0083 laplacian=0.0200 beam=0.10836 homogeneity=0.0077 body=0.00000 bowel=0.00000 femur=0.00000
2026-05-22 18:45:23 [INFO] Step 20/54 Loss=11.6195 mse=0.1220 v_opt=0.00000 v_mand=0.00000 ptv=0.0657 ptv_max=0.00018 ring=0.00000 smooth=0.0072 laplacian=0.0164 beam=0.30901 homogeneity=0.0035 body=0.00000 bowel=0.00000 femur=0.00000
2026-05-22 18:45:29 [INFO] Step 25/54 Loss=20.0340 mse=0.5820 v_opt=0.00491 v_mand=0.00000 ptv=0.0676 ptv_max=0.00058 ring=0.00019 smooth=0.0502 laplacian=0.1247 beam=0.13032 homogeneity=0.0041 body=0.00000 bowel=0.01752 femur=0.04314
2026-05-22 18:45:31 [INFO] Step 30/54 Loss=15.7461 mse=0.3932 v_opt=0.04177 v_mand=0.00874 ptv=0.0571 ptv_max=0.00031 ring=0.00007 smooth=0.0324 laplacian=0.0782 beam=0.16644 homogeneity=0.0031 body=0.00000 bowel=0.00867 femur=0.00000
2026-05-22 18:45:34 [INFO] Step 35/54 Loss=12.9316 mse=0.1623 v_opt=0.04540 v_mand=0.00681 ptv=0.0520 ptv_max=0.00176 ring=0.00001 smooth=0.0081 laplacian=0.0184 beam=0.29559 homogeneity=0.0083 body=0.00000 bowel=0.00023 femur=0.00000
2026-05-22 18:45:37 [INFO] Step 40/54 Loss=17.2042 mse=0.1943 v_opt=0.00000 v_mand=0.00000 ptv=0.0000 ptv_max=0.00000 ring=0.00000 smooth=0.0279 laplacian=0.0702 beam=0.47876 homogeneity=0.0000 body=0.00000 bowel=0.00000 femur=0.00000
2026-05-22 18:45:42 [INFO] Step 45/54 Loss=17.6335 mse=0.2263 v_opt=0.00186 v_mand=0.00000 ptv=0.1215 ptv_max=0.00042 ring=0.00087 smooth=0.0150 laplacian=0.0357 beam=0.40911 homogeneity=0.0121 body=0.00000 bowel=0.00126 femur=0.00000
2026-05-22 18:45:45 [INFO] Step 50/54 Loss=13.7324 mse=0.1017 v_opt=0.00550 v_mand=0.00000 ptv=0.0856 ptv_max=0.00007 ring=0.00000 smooth=0.0076 laplacian=0.0176 beam=0.40478 homogeneity=0.0044 body=0.00000 bowel=0.00062 femur=0.00000
2026-05-22 18:45:48 [INFO] Step 54/54 Loss=13.2126 mse=0.1471 v_opt=0.00448 v_mand=0.00101 ptv=0.0687 ptv_max=0.00062 ring=0.00002 smooth=0.0092 laplacian=0.0218 beam=0.33786 homogeneity=0.0065 body=0.00000 bowel=0.00000 femur=0.00000
2026-05-22 18:45:48 [INFO] Running validation at epoch 93...
2026-05-22 18:46:17 [INFO] Epoch 93 Summary: Train=17.9291 Val=0.0175 (MSE=0.0175)
          Metrics: PTV_D95=56.13Gy Bladder=26.99Gy Rectum=31.65Gy
          Metrics: Ring=50.28Gy Dmax=769.05Gy BG=29.73Gy
2026-05-22 18:46:17 [INFO] Epoch 94/300 [FULL PHYSICS] ramp=1.000 lr=7.83e-05
2026-05-22 18:46:23 [INFO] Step 5/54 Loss=13.8498 mse=0.1597 v_opt=0.01401 v_mand=0.00084 ptv=0.0915 ptv_max=0.00017 ring=0.00000 smooth=0.0091 laplacian=0.0212 beam=0.34358 homogeneity=0.0070 body=0.00000 bowel=0.00000 femur=0.00000
2026-05-22 18:46:26 [INFO] Step 10/54 Loss=6.9620 mse=0.0968 v_opt=0.00367 v_mand=0.00000 ptv=0.0740 ptv_max=0.00035 ring=0.00000 smooth=0.0070 laplacian=0.0158 beam=0.14228 homogeneity=0.0049 body=0.00000 bowel=0.00000 femur=0.00000
2026-05-22 18:46:29 [INFO] Step 15/54 Loss=36.6233 mse=0.6951 v_opt=0.00000 v_mand=0.00000 ptv=0.1079 ptv_max=0.00268 ring=0.00859 smooth=0.1560 laplacian=0.3795 beam=0.58572 homogeneity=0.0089 body=0.00000 bowel=0.05072 femur=0.00000
2026-05-22 18:46:32 [INFO] Step 20/54 Loss=9.7954 mse=0.1500 v_opt=0.00176 v_mand=0.00000 ptv=0.0618 ptv_max=0.00022 ring=0.00001 smooth=0.0055 laplacian=0.0121 beam=0.21011 homogeneity=0.0036 body=0.00000 bowel=0.00001 femur=0.00000
2026-05-22 18:46:37 [INFO] Step 25/54 Loss=17.5128 mse=0.4978 v_opt=0.11387 v_mand=0.03426 ptv=0.0655 ptv_max=0.00036 ring=0.00018 smooth=0.0676 laplacian=0.1702 beam=0.04781 homogeneity=0.0037 body=0.00000 bowel=0.01513 femur=0.00000
2026-05-22 18:46:40 [INFO] Step 30/54 Loss=11.6319 mse=0.2294 v_opt=0.03252 v_mand=0.00592 ptv=0.0371 ptv_max=0.00038 ring=0.00000 smooth=0.0094 laplacian=0.0226 beam=0.19652 homogeneity=0.0037 body=0.00000 bowel=0.00000 femur=0.00000
2026-05-22 18:46:43 [INFO] Step 35/54 Loss=13.4018 mse=0.3195 v_opt=0.00000 v_mand=0.00000 ptv=0.0570 ptv_max=0.00025 ring=0.00093 smooth=0.0212 laplacian=0.0532 beam=0.17696 homogeneity=0.0029 body=0.00000 bowel=0.00000 femur=0.00253
2026-05-22 18:46:46 [INFO] Step 40/54 Loss=12.7602 mse=0.2001 v_opt=0.03236 v_mand=0.00133 ptv=0.0320 ptv_max=0.00024 ring=0.00000 smooth=0.0065 laplacian=0.0149 beam=0.28529 homogeneity=0.0029 body=0.00000 bowel=0.00000 femur=0.00000
2026-05-22 18:46:51 [INFO] Step 45/54 Loss=20.5503 mse=0.3602 v_opt=0.04593 v_mand=0.00414 ptv=0.0320 ptv_max=0.00083 ring=0.00000 smooth=0.0163 laplacian=0.0399 beam=0.38126 homogeneity=0.0051 body=0.00000 bowel=0.06150 femur=0.00289
2026-05-22 18:46:54 [INFO] Step 50/54 Loss=40.8642 mse=0.9068 v_opt=0.05123 v_mand=0.01459 ptv=0.0192 ptv_max=0.01161 ring=0.01050 smooth=0.0475 laplacian=0.1183 beam=0.55124 homogeneity=0.0229 body=0.00000 bowel=0.01277 femur=0.02037
2026-05-22 18:46:56 [INFO] Step 54/54 Loss=24.6156 mse=0.8151 v_opt=0.00177 v_mand=0.00002 ptv=0.0346 ptv_max=0.01754 ring=0.02295 smooth=0.0280 laplacian=0.0635 beam=0.00000 homogeneity=0.0283 body=0.00000 bowel=0.00000 femur=0.00000
2026-05-22 18:46:56 [INFO] Running validation at epoch 94...
2026-05-22 18:47:25 [INFO] Epoch 94 Summary: Train=18.1296 Val=0.0167 (MSE=0.0167)
          Metrics: PTV_D95=53.99Gy Bladder=25.55Gy Rectum=27.04Gy
          Metrics: Ring=47.78Gy Dmax=746.81Gy BG=29.32Gy
2026-05-22 18:47:25 [INFO] [PHYSICS] Saved best model val_loss=0.0167
2026-05-22 18:47:25 [INFO] Epoch 95/300 [FULL PHYSICS] ramp=1.000 lr=7.79e-05
2026-05-22 18:47:32 [INFO] Step 5/54 Loss=13.9283 mse=0.1830 v_opt=0.00000 v_mand=0.00000 ptv=0.0993 ptv_max=0.00003 ring=0.00000 smooth=0.0072 laplacian=0.0163 beam=0.32739 homogeneity=0.0041 body=0.00000 bowel=0.00001 femur=0.00000
2026-05-22 18:47:35 [INFO] Step 10/54 Loss=19.4937 mse=0.2682 v_opt=0.00098 v_mand=0.00000 ptv=0.0599 ptv_max=0.00013 ring=0.00000 smooth=0.0173 laplacian=0.0421 beam=0.47479 homogeneity=0.0035 body=0.00000 bowel=0.00000 femur=0.00000
2026-05-22 18:47:37 [INFO] Step 15/54 Loss=12.4997 mse=0.1523 v_opt=0.04441 v_mand=0.00500 ptv=0.0444 ptv_max=0.00063 ring=0.00001 smooth=0.0070 laplacian=0.0153 beam=0.30526 homogeneity=0.0049 body=0.00000 bowel=0.00000 femur=0.00000
2026-05-22 18:47:40 [INFO] Step 20/54 Loss=12.0732 mse=0.1368 v_opt=0.01832 v_mand=0.00115 ptv=0.0598 ptv_max=0.00013 ring=0.00000 smooth=0.0058 laplacian=0.0133 beam=0.31293 homogeneity=0.0024 body=0.00000 bowel=0.00000 femur=0.00000
2026-05-22 18:47:46 [INFO] Step 25/54 Loss=20.9607 mse=0.2627 v_opt=0.04590 v_mand=0.01283 ptv=0.0641 ptv_max=0.00011 ring=0.00002 smooth=0.0479 laplacian=0.1220 beam=0.49130 homogeneity=0.0028 body=0.00000 bowel=0.00051 femur=0.00000
2026-05-22 18:47:49 [INFO] Step 30/54 Loss=19.2300 mse=0.2685 v_opt=0.00809 v_mand=0.00000 ptv=0.0512 ptv_max=0.00028 ring=0.00000 smooth=0.0167 laplacian=0.0412 beam=0.46664 homogeneity=0.0030 body=0.00000 bowel=0.00000 femur=0.00000
2026-05-22 18:47:52 [INFO] Step 35/54 Loss=7.3962 mse=0.1537 v_opt=0.00151 v_mand=0.00000 ptv=0.0606 ptv_max=0.00048 ring=0.00000 smooth=0.0126 laplacian=0.0290 beam=0.10528 homogeneity=0.0041 body=0.00000 bowel=0.00000 femur=0.00000
2026-05-22 18:47:54 [INFO] Step 40/54 Loss=13.6015 mse=0.1626 v_opt=0.04137 v_mand=0.00847 ptv=0.0489 ptv_max=0.00015 ring=0.00000 smooth=0.0074 laplacian=0.0177 beam=0.33505 homogeneity=0.0024 body=0.00000 bowel=0.00000 femur=0.00000
2026-05-22 18:48:00 [INFO] Step 45/54 Loss=25.9691 mse=0.4543 v_opt=0.02212 v_mand=0.00128 ptv=0.0357 ptv_max=0.00225 ring=0.00063 smooth=0.1002 laplacian=0.2271 beam=0.49207 homogeneity=0.0077 body=0.00000 bowel=0.00000 femur=0.01090
2026-05-22 18:48:02 [INFO] Step 50/54 Loss=10.8343 mse=0.1151 v_opt=0.03280 v_mand=0.00642 ptv=0.0247 ptv_max=0.00122 ring=0.00000 smooth=0.0085 laplacian=0.0194 beam=0.27671 homogeneity=0.0058 body=0.00000 bowel=0.00000 femur=0.00000
2026-05-22 18:48:05 [INFO] Step 54/54 Loss=16.2987 mse=0.2300 v_opt=0.00946 v_mand=0.00000 ptv=0.0309 ptv_max=0.00092 ring=0.00001 smooth=0.0134 laplacian=0.0313 beam=0.39032 homogeneity=0.0055 body=0.00000 bowel=0.00294 femur=0.00000
2026-05-22 18:48:05 [INFO] Running validation at epoch 95...
2026-05-22 18:48:34 [INFO] Epoch 95 Summary: Train=17.0050 Val=0.0165 (MSE=0.0165)
          Metrics: PTV_D95=56.31Gy Bladder=28.51Gy Rectum=27.79Gy
          Metrics: Ring=49.66Gy Dmax=806.04Gy BG=28.99Gy
2026-05-22 18:48:34 [INFO] [PHYSICS] Saved best model val_loss=0.0165
2026-05-22 18:48:34 [INFO] Epoch 96/300 [FULL PHYSICS] ramp=1.000 lr=7.75e-05
2026-05-22 18:48:40 [INFO] Step 5/54 Loss=16.0468 mse=0.2087 v_opt=0.01450 v_mand=0.00022 ptv=0.0792 ptv_max=0.00011 ring=0.00001 smooth=0.0128 laplacian=0.0304 beam=0.38952 homogeneity=0.0039 body=0.00000 bowel=0.00000 femur=0.00000
2026-05-22 18:48:43 [INFO] Step 10/54 Loss=12.6007 mse=0.1993 v_opt=0.00668 v_mand=0.00014 ptv=0.0479 ptv_max=0.00012 ring=0.00000 smooth=0.0095 laplacian=0.0217 beam=0.27735 homogeneity=0.0025 body=0.00000 bowel=0.00000 femur=0.00000
2026-05-22 18:48:47 [INFO] Step 15/54 Loss=11.4425 mse=0.1600 v_opt=0.01560 v_mand=0.00057 ptv=0.0477 ptv_max=0.00037 ring=0.00000 smooth=0.0091 laplacian=0.0215 beam=0.26596 homogeneity=0.0043 body=0.00000 bowel=0.00000 femur=0.00000
2026-05-22 18:48:49 [INFO] Step 20/54 Loss=16.6948 mse=0.3423 v_opt=0.11340 v_mand=0.04682 ptv=0.0380 ptv_max=0.00091 ring=0.00018 smooth=0.0239 laplacian=0.0583 beam=0.18344 homogeneity=0.0055 body=0.00000 bowel=0.00163 femur=0.00149
2026-05-22 18:48:55 [INFO] Step 25/54 Loss=28.6149 mse=0.5974 v_opt=0.00117 v_mand=0.00000 ptv=0.0370 ptv_max=0.00153 ring=0.00061 smooth=0.2076 laplacian=0.4888 beam=0.40421 homogeneity=0.0058 body=0.00000 bowel=0.01304 femur=0.00000
2026-05-22 18:48:58 [INFO] Step 30/54 Loss=16.0443 mse=0.1718 v_opt=0.07337 v_mand=0.02093 ptv=0.0825 ptv_max=0.00011 ring=0.00000 smooth=0.0060 laplacian=0.0135 beam=0.36147 homogeneity=0.0047 body=0.00000 bowel=0.03400 femur=0.00000
2026-05-22 18:49:01 [INFO] Step 35/54 Loss=12.8910 mse=0.3787 v_opt=0.00027 v_mand=0.00000 ptv=0.0683 ptv_max=0.00024 ring=0.00003 smooth=0.0117 laplacian=0.0296 beam=0.09885 homogeneity=0.0035 body=0.00000 bowel=0.00000 femur=0.00000
2026-05-22 18:49:04 [INFO] Step 40/54 Loss=20.9656 mse=0.4769 v_opt=0.01885 v_mand=0.00002 ptv=0.1004 ptv_max=0.00085 ring=0.01133 smooth=0.0362 laplacian=0.0835 beam=0.26338 homogeneity=0.0065 body=0.00000 bowel=0.01553 femur=0.03029
2026-05-22 18:49:09 [INFO] Step 45/54 Loss=10.5273 mse=0.0761 v_opt=0.01363 v_mand=0.00064 ptv=0.0701 ptv_max=0.00017 ring=0.00000 smooth=0.0079 laplacian=0.0180 beam=0.30645 homogeneity=0.0040 body=0.00000 bowel=0.00000 femur=0.00000
2026-05-22 18:49:12 [INFO] Step 50/54 Loss=28.0781 mse=0.4797 v_opt=0.09186 v_mand=0.03959 ptv=0.0574 ptv_max=0.00168 ring=0.00037 smooth=0.1007 laplacian=0.2401 beam=0.40734 homogeneity=0.0074 body=0.00000 bowel=0.09726 femur=0.00000
2026-05-22 18:49:15 [INFO] Step 54/54 Loss=20.2216 mse=0.3313 v_opt=0.00437 v_mand=0.00037 ptv=0.0242 ptv_max=0.00205 ring=0.00001 smooth=0.0172 laplacian=0.0426 beam=0.43337 homogeneity=0.0080 body=0.00000 bowel=0.00909 femur=0.00003
2026-05-22 18:49:15 [INFO] Running validation at epoch 96...
2026-05-22 18:49:44 [INFO] Epoch 96 Summary: Train=16.6144 Val=0.0167 (MSE=0.0167)
          Metrics: PTV_D95=54.77Gy Bladder=25.92Gy Rectum=23.45Gy
          Metrics: Ring=47.48Gy Dmax=700.15Gy BG=29.06Gy
2026-05-22 18:49:44 [INFO] Epoch 97/300 [FULL PHYSICS] ramp=1.000 lr=7.70e-05
2026-05-22 18:49:50 [INFO] Step 5/54 Loss=21.1404 mse=0.2979 v_opt=0.02820 v_mand=0.00438 ptv=0.0629 ptv_max=0.00039 ring=0.00065 smooth=0.0194 laplacian=0.0491 beam=0.49400 homogeneity=0.0052 body=0.00000 bowel=0.00000 femur=0.00000
2026-05-22 18:49:53 [INFO] Step 10/54 Loss=18.3483 mse=0.2290 v_opt=0.01299 v_mand=0.00020 ptv=0.0323 ptv_max=0.00030 ring=0.00000 smooth=0.0151 laplacian=0.0369 beam=0.47833 homogeneity=0.0031 body=0.00000 bowel=0.00000 femur=0.00000
2026-05-22 18:49:56 [INFO] Step 15/54 Loss=9.6877 mse=0.1235 v_opt=0.00860 v_mand=0.00001 ptv=0.0765 ptv_max=0.00016 ring=0.00000 smooth=0.0066 laplacian=0.0154 beam=0.20998 homogeneity=0.0059 body=0.00000 bowel=0.02279 femur=0.00000
2026-05-22 18:49:59 [INFO] Step 20/54 Loss=21.6351 mse=0.3482 v_opt=0.05026 v_mand=0.01483 ptv=0.0360 ptv_max=0.00067 ring=0.00001 smooth=0.0218 laplacian=0.0561 beam=0.44783 homogeneity=0.0047 body=0.00000 bowel=0.00105 femur=0.00191
2026-05-22 18:50:05 [INFO] Step 25/54 Loss=24.5697 mse=0.3472 v_opt=0.00219 v_mand=0.00000 ptv=0.0327 ptv_max=0.00021 ring=0.00000 smooth=0.0853 laplacian=0.2172 beam=0.57217 homogeneity=0.0025 body=0.00000 bowel=0.00000 femur=0.00000
2026-05-22 18:50:08 [INFO] Step 30/54 Loss=7.8517 mse=0.1457 v_opt=0.00029 v_mand=0.00000 ptv=0.0689 ptv_max=0.00071 ring=0.00001 smooth=0.0070 laplacian=0.0164 beam=0.12568 homogeneity=0.0091 body=0.00000 bowel=0.00000 femur=0.00000
2026-05-22 18:50:10 [INFO] Step 35/54 Loss=10.6033 mse=0.1713 v_opt=0.00504 v_mand=0.00000 ptv=0.0976 ptv_max=0.00006 ring=0.00000 smooth=0.0103 laplacian=0.0233 beam=0.20467 homogeneity=0.0042 body=0.00000 bowel=0.00000 femur=0.00000
2026-05-22 18:50:13 [INFO] Step 40/54 Loss=15.7975 mse=0.1826 v_opt=0.05617 v_mand=0.01341 ptv=0.0971 ptv_max=0.00053 ring=0.00116 smooth=0.0343 laplacian=0.0876 beam=0.35144 homogeneity=0.0062 body=0.00000 bowel=0.00000 femur=0.00000
2026-05-22 18:50:19 [INFO] Step 45/54 Loss=19.8751 mse=0.2895 v_opt=0.06902 v_mand=0.00957 ptv=0.0517 ptv_max=0.00027 ring=0.00001 smooth=0.0160 laplacian=0.0396 beam=0.44478 homogeneity=0.0031 body=0.00000 bowel=0.00000 femur=0.00677
2026-05-22 18:50:22 [INFO] Step 50/54 Loss=14.2888 mse=0.1688 v_opt=0.01160 v_mand=0.00036 ptv=0.0446 ptv_max=0.00048 ring=0.00000 smooth=0.0077 laplacian=0.0177 beam=0.31091 homogeneity=0.0048 body=0.00000 bowel=0.10297 femur=0.00000
2026-05-22 18:50:24 [INFO] Step 54/54 Loss=16.2535 mse=0.1826 v_opt=0.05111 v_mand=0.01214 ptv=0.0789 ptv_max=0.00057 ring=0.00001 smooth=0.0093 laplacian=0.0224 beam=0.39406 homogeneity=0.0063 body=0.00000 bowel=0.00000 femur=0.00049
2026-05-22 18:50:24 [INFO] Running validation at epoch 97...
2026-05-22 18:50:54 [INFO] Epoch 97 Summary: Train=16.7979 Val=0.0160 (MSE=0.0160)
          Metrics: PTV_D95=53.78Gy Bladder=23.99Gy Rectum=30.60Gy
          Metrics: Ring=48.03Gy Dmax=745.85Gy BG=28.69Gy
2026-05-22 18:50:54 [INFO] [PHYSICS] Saved best model val_loss=0.0160
2026-05-22 18:50:54 [INFO] Epoch 98/300 [FULL PHYSICS] ramp=1.000 lr=7.66e-05
2026-05-22 18:51:00 [INFO] Step 5/54 Loss=18.6481 mse=0.2832 v_opt=0.03804 v_mand=0.00329 ptv=0.0784 ptv_max=0.00012 ring=0.00002 smooth=0.0113 laplacian=0.0282 beam=0.40959 homogeneity=0.0049 body=0.00000 bowel=0.00234 femur=0.00000
2026-05-22 18:51:03 [INFO] Step 10/54 Loss=6.9379 mse=0.1075 v_opt=0.00147 v_mand=0.00000 ptv=0.0937 ptv_max=0.00008 ring=0.00000 smooth=0.0088 laplacian=0.0189 beam=0.12393 homogeneity=0.0049 body=0.00000 bowel=0.00000 femur=0.00000
2026-05-22 18:51:06 [INFO] Step 15/54 Loss=13.7488 mse=0.1498 v_opt=0.03921 v_mand=0.00790 ptv=0.0649 ptv_max=0.00009 ring=0.00000 smooth=0.0082 laplacian=0.0201 beam=0.34783 homogeneity=0.0032 body=0.00000 bowel=0.00000 femur=0.00000
2026-05-22 18:51:09 [INFO] Step 20/54 Loss=24.1513 mse=0.1800 v_opt=0.00000 v_mand=0.00000 ptv=0.5883 ptv_max=0.00000 ring=0.00000 smooth=0.0206 laplacian=0.0530 beam=0.48266 homogeneity=0.0708 body=0.00000 bowel=0.00000 femur=0.00000
2026-05-22 18:51:15 [INFO] Step 25/54 Loss=16.1326 mse=0.2366 v_opt=0.00356 v_mand=0.00000 ptv=0.0657 ptv_max=0.00056 ring=0.00010 smooth=0.0104 laplacian=0.0251 beam=0.36674 homogeneity=0.0076 body=0.00000 bowel=0.00081 femur=0.00007
2026-05-22 18:51:18 [INFO] Step 30/54 Loss=29.5237 mse=0.4448 v_opt=0.08632 v_mand=0.03087 ptv=0.0291 ptv_max=0.00150 ring=0.00028 smooth=0.1008 laplacian=0.2500 beam=0.57913 homogeneity=0.0071 body=0.00000 bowel=0.00000 femur=0.01956
2026-05-22 18:51:20 [INFO] Step 35/54 Loss=14.6095 mse=0.1689 v_opt=0.00922 v_mand=0.00000 ptv=0.1130 ptv_max=0.00001 ring=0.00000 smooth=0.0109 laplacian=0.0256 beam=0.36013 homogeneity=0.0048 body=0.00000 bowel=0.00000 femur=0.00000
2026-05-22 18:51:23 [INFO] Step 40/54 Loss=16.3201 mse=0.2181 v_opt=0.02451 v_mand=0.00291 ptv=0.0801 ptv_max=0.00007 ring=0.00001 smooth=0.0081 laplacian=0.0192 beam=0.38613 homogeneity=0.0034 body=0.00000 bowel=0.00250 femur=0.00000
2026-05-22 18:51:28 [INFO] Step 45/54 Loss=14.3878 mse=0.1738 v_opt=0.00169 v_mand=0.00000 ptv=0.0551 ptv_max=0.00013 ring=0.00004 smooth=0.0118 laplacian=0.0284 beam=0.37066 homogeneity=0.0024 body=0.00000 bowel=0.00000 femur=0.00000
2026-05-22 18:51:31 [INFO] Step 50/54 Loss=22.3972 mse=0.3413 v_opt=0.00035 v_mand=0.00000 ptv=0.0299 ptv_max=0.00156 ring=0.00038 smooth=0.0252 laplacian=0.0627 beam=0.49133 homogeneity=0.0068 body=0.00000 bowel=0.03786 femur=0.00000
2026-05-22 18:51:33 [INFO] Step 54/54 Loss=8.5716 mse=0.1143 v_opt=0.00243 v_mand=0.00015 ptv=0.0624 ptv_max=0.00038 ring=0.00000 smooth=0.0076 laplacian=0.0165 beam=0.19326 homogeneity=0.0049 body=0.00000 bowel=0.00000 femur=0.00000
2026-05-22 18:51:33 [INFO] Running validation at epoch 98...
2026-05-22 18:52:03 [INFO] Epoch 98 Summary: Train=15.5917 Val=0.0156 (MSE=0.0156)
          Metrics: PTV_D95=54.15Gy Bladder=27.43Gy Rectum=30.88Gy
          Metrics: Ring=47.44Gy Dmax=712.76Gy BG=28.12Gy
2026-05-22 18:52:03 [INFO] [PHYSICS] Saved best model val_loss=0.0156
2026-05-22 18:52:03 [INFO] Epoch 99/300 [FULL PHYSICS] ramp=1.000 lr=7.61e-05
2026-05-22 18:52:09 [INFO] Step 5/54 Loss=12.5505 mse=0.1634 v_opt=0.16327 v_mand=0.06702 ptv=0.0509 ptv_max=0.00028 ring=0.00001 smooth=0.0111 laplacian=0.0266 beam=0.16107 homogeneity=0.0033 body=0.00000 bowel=0.00000 femur=0.00000
2026-05-22 18:52:12 [INFO] Step 10/54 Loss=16.0926 mse=0.1944 v_opt=0.03525 v_mand=0.00427 ptv=0.0402 ptv_max=0.00054 ring=0.00000 smooth=0.0209 laplacian=0.0517 beam=0.40362 homogeneity=0.0047 body=0.00000 bowel=0.00000 femur=0.00002
2026-05-22 18:52:15 [INFO] Step 15/54 Loss=15.5643 mse=0.4024 v_opt=0.05288 v_mand=0.00625 ptv=0.0651 ptv_max=0.00064 ring=0.00077 smooth=0.0350 laplacian=0.0844 beam=0.13866 homogeneity=0.0039 body=0.00000 bowel=0.02166 femur=0.00000
2026-05-22 18:52:18 [INFO] Step 20/54 Loss=20.0935 mse=0.3450 v_opt=0.00388 v_mand=0.00117 ptv=0.0279 ptv_max=0.00196 ring=0.00001 smooth=0.0291 laplacian=0.0778 beam=0.40472 homogeneity=0.0070 body=0.00000 bowel=0.00000 femur=0.01556
2026-05-22 18:52:24 [INFO] Step 25/54 Loss=17.9980 mse=0.2943 v_opt=0.00544 v_mand=0.00000 ptv=0.0619 ptv_max=0.00022 ring=0.00000 smooth=0.0175 laplacian=0.0421 beam=0.38516 homogeneity=0.0029 body=0.00000 bowel=0.00414 femur=0.00008
2026-05-22 18:52:27 [INFO] Step 30/54 Loss=13.7856 mse=0.2103 v_opt=0.01028 v_mand=0.00000 ptv=0.0871 ptv_max=0.00003 ring=0.00000 smooth=0.0120 laplacian=0.0283 beam=0.29640 homogeneity=0.0034 body=0.00000 bowel=0.00000 femur=0.00000
2026-05-22 18:52:30 [INFO] Step 35/54 Loss=27.5197 mse=0.5704 v_opt=0.00612 v_mand=0.00000 ptv=0.0624 ptv_max=0.00077 ring=0.00044 smooth=0.1324 laplacian=0.3272 beam=0.42387 homogeneity=0.0046 body=0.00000 bowel=0.00251 femur=0.00068
2026-05-22 18:52:32 [INFO] Step 40/54 Loss=7.5141 mse=0.1261 v_opt=0.01108 v_mand=0.00011 ptv=0.0738 ptv_max=0.00005 ring=0.00000 smooth=0.0058 laplacian=0.0128 beam=0.13835 homogeneity=0.0030 body=0.00000 bowel=0.00000 femur=0.00000
2026-05-22 18:52:38 [INFO] Step 45/54 Loss=15.3134 mse=0.2385 v_opt=0.06596 v_mand=0.01825 ptv=0.0418 ptv_max=0.00095 ring=0.00002 smooth=0.0140 laplacian=0.0334 beam=0.28112 homogeneity=0.0061 body=0.00000 bowel=0.02759 femur=0.00000
2026-05-22 18:52:40 [INFO] Step 50/54 Loss=7.5678 mse=0.1321 v_opt=0.00366 v_mand=0.00000 ptv=0.1073 ptv_max=0.00009 ring=0.00000 smooth=0.0115 laplacian=0.0254 beam=0.11423 homogeneity=0.0088 body=0.00000 bowel=0.00000 femur=0.00000
2026-05-22 18:52:43 [INFO] Step 54/54 Loss=7.8444 mse=0.2128 v_opt=0.00112 v_mand=0.00000 ptv=0.0711 ptv_max=0.00018 ring=0.00001 smooth=0.0083 laplacian=0.0196 beam=0.06392 homogeneity=0.0040 body=0.00000 bowel=0.00000 femur=0.00000
2026-05-22 18:52:43 [INFO] Running validation at epoch 99...
2026-05-22 18:53:12 [INFO] Epoch 99 Summary: Train=15.0558 Val=0.0158 (MSE=0.0158)
          Metrics: PTV_D95=52.44Gy Bladder=24.23Gy Rectum=29.78Gy
          Metrics: Ring=46.39Gy Dmax=691.26Gy BG=28.22Gy
2026-05-22 18:53:12 [INFO] Epoch 100/300 [FULL PHYSICS] ramp=1.000 lr=7.57e-05
2026-05-22 18:53:18 [INFO] Step 5/54 Loss=19.9749 mse=0.6049 v_opt=0.00668 v_mand=0.00000 ptv=0.0804 ptv_max=0.00068 ring=0.00534 smooth=0.0293 laplacian=0.0704 beam=0.13250 homogeneity=0.0046 body=0.00000 bowel=0.00449 femur=0.00000
2026-05-22 18:53:22 [INFO] Step 10/54 Loss=7.4327 mse=0.2080 v_opt=0.01205 v_mand=0.00009 ptv=0.0476 ptv_max=0.00031 ring=0.00002 smooth=0.0104 laplacian=0.0255 beam=0.05819 homogeneity=0.0036 body=0.00000 bowel=0.00108 femur=0.00000
2026-05-22 18:53:24 [INFO] Step 15/54 Loss=20.1020 mse=0.2657 v_opt=0.00000 v_mand=0.00000 ptv=0.0000 ptv_max=0.00000 ring=0.00247 smooth=0.0316 laplacian=0.0790 beam=0.51113 homogeneity=0.0000 body=0.00000 bowel=0.01455 femur=0.00000
2026-05-22 18:53:27 [INFO] Step 20/54 Loss=18.1578 mse=0.3938 v_opt=0.04414 v_mand=0.00873 ptv=0.0415 ptv_max=0.00182 ring=0.00059 smooth=0.0329 laplacian=0.0802 beam=0.23854 homogeneity=0.0085 body=0.00000 bowel=0.03497 femur=0.00000
2026-05-22 18:53:33 [INFO] Step 25/54 Loss=15.5181 mse=0.1734 v_opt=0.00263 v_mand=0.00006 ptv=0.0762 ptv_max=0.00016 ring=0.00002 smooth=0.0150 laplacian=0.0369 beam=0.40238 homogeneity=0.0038 body=0.00000 bowel=0.00356 femur=0.00000
2026-05-22 18:53:35 [INFO] Step 30/54 Loss=9.8027 mse=0.1440 v_opt=0.00831 v_mand=0.00023 ptv=0.0815 ptv_max=0.00015 ring=0.00000 smooth=0.0051 laplacian=0.0117 beam=0.20179 homogeneity=0.0044 body=0.00000 bowel=0.00941 femur=0.00000
2026-05-22 18:53:38 [INFO] Step 35/54 Loss=15.5805 mse=0.4095 v_opt=0.01291 v_mand=0.00062 ptv=0.0323 ptv_max=0.00205 ring=0.00093 smooth=0.0334 laplacian=0.0830 beam=0.15197 homogeneity=0.0081 body=0.00000 bowel=0.01550 femur=0.00000
2026-05-22 18:53:41 [INFO] Step 40/54 Loss=14.8801 mse=0.2504 v_opt=0.07351 v_mand=0.01100 ptv=0.1202 ptv_max=0.00090 ring=0.00109 smooth=0.0249 laplacian=0.0595 beam=0.23615 homogeneity=0.0144 body=0.00000 bowel=0.00380 femur=0.00000
2026-05-22 18:53:47 [INFO] Step 45/54 Loss=13.1790 mse=0.2474 v_opt=0.04269 v_mand=0.00684 ptv=0.0311 ptv_max=0.00055 ring=0.00000 smooth=0.0146 laplacian=0.0357 beam=0.23535 homogeneity=0.0044 body=0.00000 bowel=0.00000 femur=0.00073
2026-05-22 18:53:50 [INFO] Step 50/54 Loss=16.3962 mse=0.2161 v_opt=0.01633 v_mand=0.00034 ptv=0.0970 ptv_max=0.00001 ring=0.00000 smooth=0.0094 laplacian=0.0233 beam=0.39029 homogeneity=0.0042 body=0.00000 bowel=0.00036 femur=0.00000
2026-05-22 18:53:52 [INFO] Step 54/54 Loss=8.1600 mse=0.1293 v_opt=0.00187 v_mand=0.00000 ptv=0.0697 ptv_max=0.00011 ring=0.00000 smooth=0.0064 laplacian=0.0141 beam=0.16180 homogeneity=0.0044 body=0.00000 bowel=0.00000 femur=0.00000
2026-05-22 18:53:52 [INFO] Running validation at epoch 100...
2026-05-22 18:54:22 [INFO] Epoch 100 Summary: Train=17.2876 Val=0.0154 (MSE=0.0154)
          Metrics: PTV_D95=55.63Gy Bladder=27.35Gy Rectum=30.19Gy
          Metrics: Ring=48.86Gy Dmax=797.04Gy BG=27.89Gy
2026-05-22 18:54:22 [INFO] [PHYSICS] Saved best model val_loss=0.0154
2026-05-22 18:54:22 [INFO] Epoch 101/300 [FULL PHYSICS] ramp=1.000 lr=7.52e-05
2026-05-22 18:54:28 [INFO] Step 5/54 Loss=21.8706 mse=0.3197 v_opt=0.00880 v_mand=0.00000 ptv=0.0129 ptv_max=0.00243 ring=0.00002 smooth=0.0157 laplacian=0.0392 beam=0.51912 homogeneity=0.0089 body=0.00000 bowel=0.00000 femur=0.00000
2026-05-22 18:54:31 [INFO] Step 10/54 Loss=33.7862 mse=0.7801 v_opt=0.00098 v_mand=0.00000 ptv=0.0511 ptv_max=0.00214 ring=0.01959 smooth=0.0649 laplacian=0.1613 beam=0.44241 homogeneity=0.0068 body=0.00000 bowel=0.07251 femur=0.00000
2026-05-22 18:54:34 [INFO] Step 15/54 Loss=10.0707 mse=0.2464 v_opt=0.02918 v_mand=0.00102 ptv=0.0702 ptv_max=0.00024 ring=0.00001 smooth=0.0131 laplacian=0.0323 beam=0.11304 homogeneity=0.0032 body=0.00000 bowel=0.00000 femur=0.00000
2026-05-22 18:54:37 [INFO] Step 20/54 Loss=14.0664 mse=0.1279 v_opt=0.00000 v_mand=0.00000 ptv=0.1116 ptv_max=0.00034 ring=0.00000 smooth=0.0152 laplacian=0.0361 beam=0.35612 homogeneity=0.0070 body=0.00000 bowel=0.03089 femur=0.00000
2026-05-22 18:54:41 [INFO] Step 25/54 Loss=18.0623 mse=0.3225 v_opt=0.00113 v_mand=0.00005 ptv=0.0460 ptv_max=0.00148 ring=0.00005 smooth=0.0090 laplacian=0.0212 beam=0.35979 homogeneity=0.0082 body=0.00000 bowel=0.00245 femur=0.00002
2026-05-22 18:54:45 [INFO] Step 30/54 Loss=7.7408 mse=0.1012 v_opt=0.00719 v_mand=0.00005 ptv=0.0686 ptv_max=0.00010 ring=0.00000 smooth=0.0053 laplacian=0.0114 beam=0.17391 homogeneity=0.0041 body=0.00000 bowel=0.00000 femur=0.00000
2026-05-22 18:54:48 [INFO] Step 35/54 Loss=19.6395 mse=0.2518 v_opt=0.00000 v_mand=0.00000 ptv=0.0456 ptv_max=0.00026 ring=0.00000 smooth=0.0152 laplacian=0.0375 beam=0.50329 homogeneity=0.0032 body=0.00000 bowel=0.00000 femur=0.00000
2026-05-22 18:54:50 [INFO] Step 40/54 Loss=11.2373 mse=0.2140 v_opt=0.01123 v_mand=0.00000 ptv=0.0623 ptv_max=0.00010 ring=0.00001 smooth=0.0160 laplacian=0.0368 beam=0.19895 homogeneity=0.0027 body=0.00000 bowel=0.00000 femur=0.00000
2026-05-22 18:54:56 [INFO] Step 45/54 Loss=16.6037 mse=0.1905 v_opt=0.03207 v_mand=0.00409 ptv=0.0532 ptv_max=0.00058 ring=0.00004 smooth=0.0153 laplacian=0.0386 beam=0.42547 homogeneity=0.0054 body=0.00000 bowel=0.00000 femur=0.00000
2026-05-22 18:54:59 [INFO] Step 50/54 Loss=13.6587 mse=0.1418 v_opt=0.00374 v_mand=0.00000 ptv=0.0655 ptv_max=0.00045 ring=0.00000 smooth=0.0063 laplacian=0.0141 beam=0.36776 homogeneity=0.0057 body=0.00000 bowel=0.00000 femur=0.00000
2026-05-22 18:55:01 [INFO] Step 54/54 Loss=15.6674 mse=0.4461 v_opt=0.01928 v_mand=0.00104 ptv=0.0371 ptv_max=0.00099 ring=0.00018 smooth=0.0223 laplacian=0.0540 beam=0.13810 homogeneity=0.0049 body=0.00000 bowel=0.00073 femur=0.00482
2026-05-22 18:55:01 [INFO] Running validation at epoch 101...
2026-05-22 18:55:30 [INFO] Epoch 101 Summary: Train=19.1824 Val=0.0157 (MSE=0.0157)
          Metrics: PTV_D95=55.92Gy Bladder=27.44Gy Rectum=30.59Gy
          Metrics: Ring=48.55Gy Dmax=645.21Gy BG=27.96Gy
2026-05-22 18:55:30 [INFO] Epoch 102/300 [FULL PHYSICS] ramp=1.000 lr=7.48e-05
2026-05-22 18:55:36 [INFO] Step 5/54 Loss=22.7444 mse=0.3510 v_opt=0.01056 v_mand=0.00001 ptv=0.0403 ptv_max=0.00144 ring=0.00007 smooth=0.0170 laplacian=0.0434 beam=0.47915 homogeneity=0.0074 body=0.00000 bowel=0.06443 femur=0.00000
2026-05-22 18:55:39 [INFO] Step 10/54 Loss=11.3819 mse=0.1713 v_opt=0.06763 v_mand=0.01125 ptv=0.0789 ptv_max=0.00003 ring=0.00000 smooth=0.0082 laplacian=0.0185 beam=0.21786 homogeneity=0.0029 body=0.00000 bowel=0.00020 femur=0.00000
2026-05-22 18:55:42 [INFO] Step 15/54 Loss=16.6243 mse=0.1963 v_opt=0.07224 v_mand=0.02354 ptv=0.0949 ptv_max=0.00043 ring=0.00043 smooth=0.0221 laplacian=0.0543 beam=0.35618 homogeneity=0.0049 body=0.00000 bowel=0.00546 femur=0.00000
2026-05-22 18:55:45 [INFO] Step 20/54 Loss=24.8824 mse=0.4158 v_opt=0.00186 v_mand=0.00000 ptv=0.1124 ptv_max=0.00077 ring=0.00166 smooth=0.0372 laplacian=0.0965 beam=0.44690 homogeneity=0.0070 body=0.00000 bowel=0.09242 femur=0.00000
2026-05-22 18:55:50 [INFO] Step 25/54 Loss=19.5452 mse=0.2729 v_opt=0.00040 v_mand=0.00000 ptv=0.0257 ptv_max=0.00108 ring=0.00000 smooth=0.0373 laplacian=0.0987 beam=0.46651 homogeneity=0.0055 body=0.00000 bowel=0.00000 femur=0.00000
2026-05-22 18:55:54 [INFO] Step 30/54 Loss=9.7432 mse=0.2253 v_opt=0.00188 v_mand=0.00000 ptv=0.0584 ptv_max=0.00045 ring=0.00008 smooth=0.0179 laplacian=0.0438 beam=0.12481 homogeneity=0.0049 body=0.00000 bowel=0.00000 femur=0.00000
2026-05-22 18:55:57 [INFO] Step 35/54 Loss=17.9025 mse=0.4815 v_opt=0.02821 v_mand=0.00443 ptv=0.0319 ptv_max=0.00176 ring=0.00104 smooth=0.0294 laplacian=0.0765 beam=0.13567 homogeneity=0.0066 body=0.00000 bowel=0.05957 femur=0.01576
2026-05-22 18:56:00 [INFO] Step 40/54 Loss=9.7431 mse=0.2968 v_opt=0.00072 v_mand=0.00000 ptv=0.0447 ptv_max=0.00021 ring=0.00000 smooth=0.0168 laplacian=0.0415 beam=0.06238 homogeneity=0.0030 body=0.00000 bowel=0.00000 femur=0.00000
2026-05-22 18:56:05 [INFO] Step 45/54 Loss=12.0813 mse=0.1453 v_opt=0.01938 v_mand=0.00125 ptv=0.0745 ptv_max=0.00055 ring=0.00002 smooth=0.0094 laplacian=0.0219 beam=0.29221 homogeneity=0.0048 body=0.00000 bowel=0.00000 femur=0.00000
2026-05-22 18:56:09 [INFO] Step 50/54 Loss=10.8779 mse=0.1948 v_opt=0.03667 v_mand=0.00202 ptv=0.1018 ptv_max=0.00045 ring=0.00047 smooth=0.0159 laplacian=0.0369 beam=0.17327 homogeneity=0.0105 body=0.00000 bowel=0.00000 femur=0.00000
2026-05-22 18:56:11 [INFO] Step 54/54 Loss=16.6578 mse=0.2577 v_opt=0.03934 v_mand=0.00250 ptv=0.0539 ptv_max=0.00067 ring=0.00005 smooth=0.0190 laplacian=0.0464 beam=0.36053 homogeneity=0.0054 body=0.00000 bowel=0.00000 femur=0.00000
2026-05-22 18:56:11 [INFO] Running validation at epoch 102...
2026-05-22 18:56:40 [INFO] Epoch 102 Summary: Train=16.8180 Val=0.0149 (MSE=0.0149)
          Metrics: PTV_D95=57.00Gy Bladder=29.94Gy Rectum=32.94Gy
          Metrics: Ring=49.56Gy Dmax=836.12Gy BG=27.43Gy
2026-05-22 18:56:40 [INFO] [PHYSICS] Saved best model val_loss=0.0149
2026-05-22 18:56:40 [INFO] Epoch 103/300 [FULL PHYSICS] ramp=1.000 lr=7.43e-05
2026-05-22 18:56:46 [INFO] Step 5/54 Loss=29.0462 mse=0.4511 v_opt=0.04658 v_mand=0.00471 ptv=0.0216 ptv_max=0.00128 ring=0.00020 smooth=0.1111 laplacian=0.2650 beam=0.60425 homogeneity=0.0064 body=0.00000 bowel=0.02243 femur=0.00209
2026-05-22 18:56:50 [INFO] Step 10/54 Loss=26.2295 mse=0.8230 v_opt=0.00055 v_mand=0.00000 ptv=0.0410 ptv_max=0.00140 ring=0.01918 smooth=0.0511 laplacian=0.1252 beam=0.12469 homogeneity=0.0054 body=0.00000 bowel=0.03723 femur=0.02850
2026-05-22 18:56:52 [INFO] Step 15/54 Loss=22.7334 mse=0.3474 v_opt=0.00513 v_mand=0.00000 ptv=0.0237 ptv_max=0.00091 ring=0.00001 smooth=0.0225 laplacian=0.0546 beam=0.53073 homogeneity=0.0051 body=0.00000 bowel=0.00000 femur=0.00000
2026-05-22 18:56:55 [INFO] Step 20/54 Loss=15.8162 mse=0.2676 v_opt=0.01917 v_mand=0.00081 ptv=0.0790 ptv_max=0.00015 ring=0.00010 smooth=0.0164 laplacian=0.0407 beam=0.31764 homogeneity=0.0036 body=0.00000 bowel=0.00000 femur=0.00000
2026-05-22 18:57:01 [INFO] Step 25/54 Loss=22.1117 mse=0.3365 v_opt=0.00392 v_mand=0.00000 ptv=0.0567 ptv_max=0.00062 ring=0.00011 smooth=0.0291 laplacian=0.0713 beam=0.50122 homogeneity=0.0040 body=0.00000 bowel=0.00218 femur=0.00000
2026-05-22 18:57:04 [INFO] Step 30/54 Loss=14.5023 mse=0.2986 v_opt=0.02562 v_mand=0.00255 ptv=0.0401 ptv_max=0.00065 ring=0.00002 smooth=0.0219 laplacian=0.0520 beam=0.23858 homogeneity=0.0056 body=0.00000 bowel=0.00000 femur=0.00000
2026-05-22 18:57:07 [INFO] Step 35/54 Loss=10.3873 mse=0.1067 v_opt=0.02407 v_mand=0.00225 ptv=0.0996 ptv_max=0.00014 ring=0.00000 smooth=0.0110 laplacian=0.0251 beam=0.24852 homogeneity=0.0096 body=0.00000 bowel=0.00000 femur=0.00000
2026-05-22 18:57:10 [INFO] Step 40/54 Loss=16.8467 mse=0.5685 v_opt=0.01264 v_mand=0.00101 ptv=0.0424 ptv_max=0.00122 ring=0.00170 smooth=0.0172 laplacian=0.0390 beam=0.06294 homogeneity=0.0050 body=0.00000 bowel=0.00000 femur=0.00396
2026-05-22 18:57:15 [INFO] Step 45/54 Loss=7.2602 mse=0.1065 v_opt=0.00000 v_mand=0.00000 ptv=0.0815 ptv_max=0.00006 ring=0.00000 smooth=0.0066 laplacian=0.0149 beam=0.14344 homogeneity=0.0040 body=0.00000 bowel=0.00181 femur=0.00000
2026-05-22 18:57:18 [INFO] Step 50/54 Loss=20.7118 mse=0.3083 v_opt=0.00383 v_mand=0.00000 ptv=0.0379 ptv_max=0.00032 ring=0.00000 smooth=0.0131 laplacian=0.0325 beam=0.49274 homogeneity=0.0038 body=0.00000 bowel=0.00000 femur=0.00000
2026-05-22 18:57:21 [INFO] Step 54/54 Loss=7.0645 mse=0.1371 v_opt=0.07179 v_mand=0.01166 ptv=0.0760 ptv_max=0.00005 ring=0.00000 smooth=0.0135 laplacian=0.0305 beam=0.07617 homogeneity=0.0036 body=0.00000 bowel=0.00000 femur=0.00000
2026-05-22 18:57:21 [INFO] Running validation at epoch 103...
2026-05-22 18:57:50 [INFO] Epoch 103 Summary: Train=16.9772 Val=0.0151 (MSE=0.0151)
          Metrics: PTV_D95=55.78Gy Bladder=27.51Gy Rectum=31.19Gy
          Metrics: Ring=47.89Gy Dmax=838.01Gy BG=27.63Gy
2026-05-22 18:57:50 [INFO] Epoch 104/300 [FULL PHYSICS] ramp=1.000 lr=7.39e-05
2026-05-22 18:57:56 [INFO] Step 5/54 Loss=14.4055 mse=0.1925 v_opt=0.03312 v_mand=0.00468 ptv=0.0465 ptv_max=0.00047 ring=0.00001 smooth=0.0084 laplacian=0.0207 beam=0.34203 homogeneity=0.0048 body=0.00000 bowel=0.00000 femur=0.00000
2026-05-22 18:57:59 [INFO] Step 10/54 Loss=24.9399 mse=0.4006 v_opt=0.02926 v_mand=0.00492 ptv=0.0335 ptv_max=0.00185 ring=0.00000 smooth=0.0320 laplacian=0.0792 beam=0.53753 homogeneity=0.0070 body=0.00000 bowel=0.00000 femur=0.00000
2026-05-22 18:58:02 [INFO] Step 15/54 Loss=23.9349 mse=0.4975 v_opt=0.00177 v_mand=0.00000 ptv=0.0671 ptv_max=0.00069 ring=0.00222 smooth=0.0129 laplacian=0.0307 beam=0.41037 homogeneity=0.0043 body=0.00000 bowel=0.01155 femur=0.00000
2026-05-22 18:58:06 [INFO] Step 20/54 Loss=13.3515 mse=0.1855 v_opt=0.00003 v_mand=0.00000 ptv=0.1135 ptv_max=0.00001 ring=0.00000 smooth=0.0111 laplacian=0.0255 beam=0.29297 homogeneity=0.0057 body=0.00000 bowel=0.00000 femur=0.00000
2026-05-22 18:58:11 [INFO] Step 25/54 Loss=26.9743 mse=0.0635 v_opt=0.00000 v_mand=0.00000 ptv=1.2833 ptv_max=0.00000 ring=0.00000 smooth=0.0053 laplacian=0.0120 beam=0.31212 homogeneity=0.2015 body=0.00000 bowel=0.00000 femur=0.00000
2026-05-22 18:58:14 [INFO] Step 30/54 Loss=25.4709 mse=0.5230 v_opt=0.02491 v_mand=0.00186 ptv=0.0610 ptv_max=0.00124 ring=0.00056 smooth=0.0676 laplacian=0.1734 beam=0.40763 homogeneity=0.0069 body=0.00000 bowel=0.00000 femur=0.01862
2026-05-22 18:58:17 [INFO] Step 35/54 Loss=14.5147 mse=0.1805 v_opt=0.05214 v_mand=0.01327 ptv=0.0303 ptv_max=0.00070 ring=0.00000 smooth=0.0064 laplacian=0.0152 beam=0.34578 homogeneity=0.0048 body=0.00000 bowel=0.00000 femur=0.00035
2026-05-22 18:58:20 [INFO] Step 40/54 Loss=26.5106 mse=0.3946 v_opt=0.00000 v_mand=0.00000 ptv=0.1350 ptv_max=0.00009 ring=0.00019 smooth=0.0500 laplacian=0.1266 beam=0.48673 homogeneity=0.0074 body=0.00000 bowel=0.15201 femur=0.00000
2026-05-22 18:58:25 [INFO] Step 45/54 Loss=21.3276 mse=0.3368 v_opt=0.00913 v_mand=0.00000 ptv=0.0393 ptv_max=0.00074 ring=0.00001 smooth=0.0160 laplacian=0.0393 beam=0.48182 homogeneity=0.0047 body=0.00000 bowel=0.00000 femur=0.00337
2026-05-22 18:58:28 [INFO] Step 50/54 Loss=11.9053 mse=0.1281 v_opt=0.04098 v_mand=0.00715 ptv=0.0998 ptv_max=0.00001 ring=0.00002 smooth=0.0061 laplacian=0.0140 beam=0.28380 homogeneity=0.0046 body=0.00000 bowel=0.00000 femur=0.00000
2026-05-22 18:58:30 [INFO] Step 54/54 Loss=14.4898 mse=0.1742 v_opt=0.01043 v_mand=0.00000 ptv=0.0484 ptv_max=0.00021 ring=0.00000 smooth=0.0060 laplacian=0.0143 beam=0.37864 homogeneity=0.0028 body=0.00000 bowel=0.00000 femur=0.00000
2026-05-22 18:58:30 [INFO] Running validation at epoch 104...
2026-05-22 18:58:59 [INFO] Epoch 104 Summary: Train=16.0948 Val=0.0148 (MSE=0.0148)
          Metrics: PTV_D95=54.34Gy Bladder=27.05Gy Rectum=30.49Gy
          Metrics: Ring=46.60Gy Dmax=740.27Gy BG=26.93Gy
2026-05-22 18:58:59 [INFO] [PHYSICS] Saved best model val_loss=0.0148
2026-05-22 18:58:59 [INFO] Epoch 105/300 [FULL PHYSICS] ramp=1.000 lr=7.34e-05
2026-05-22 18:59:05 [INFO] Step 5/54 Loss=14.0330 mse=0.1532 v_opt=0.03175 v_mand=0.00546 ptv=0.0300 ptv_max=0.00061 ring=0.00000 smooth=0.0079 laplacian=0.0181 beam=0.37169 homogeneity=0.0043 body=0.00000 bowel=0.00000 femur=0.00000
2026-05-22 18:59:09 [INFO] Step 10/54 Loss=20.0385 mse=0.2968 v_opt=0.02491 v_mand=0.00283 ptv=0.0231 ptv_max=0.00304 ring=0.00003 smooth=0.0222 laplacian=0.0562 beam=0.44792 homogeneity=0.0097 body=0.00000 bowel=0.00065 femur=0.00334
2026-05-22 18:59:11 [INFO] Step 15/54 Loss=20.5659 mse=0.6006 v_opt=0.00493 v_mand=0.00000 ptv=0.0345 ptv_max=0.00126 ring=0.00035 smooth=0.0248 laplacian=0.0608 beam=0.13636 homogeneity=0.0058 body=0.00000 bowel=0.06326 femur=0.02005
2026-05-22 18:59:14 [INFO] Step 20/54 Loss=12.5918 mse=0.1491 v_opt=0.00995 v_mand=0.00003 ptv=0.0656 ptv_max=0.00019 ring=0.00000 smooth=0.0104 laplacian=0.0236 beam=0.31791 homogeneity=0.0040 body=0.00000 bowel=0.00000 femur=0.00000
2026-05-22 18:59:20 [INFO] Step 25/54 Loss=23.9973 mse=0.4826 v_opt=0.03562 v_mand=0.00542 ptv=0.0836 ptv_max=0.00030 ring=0.00067 smooth=0.0182 laplacian=0.0449 beam=0.38046 homogeneity=0.0046 body=0.00000 bowel=0.05682 femur=0.00000
2026-05-22 18:59:23 [INFO] Step 30/54 Loss=18.5055 mse=0.2849 v_opt=0.05688 v_mand=0.01761 ptv=0.0462 ptv_max=0.00047 ring=0.00016 smooth=0.0132 laplacian=0.0326 beam=0.38391 homogeneity=0.0040 body=0.00000 bowel=0.00001 femur=0.00000
2026-05-22 18:59:26 [INFO] Step 35/54 Loss=25.8001 mse=0.4155 v_opt=0.00008 v_mand=0.00000 ptv=0.0653 ptv_max=0.00073 ring=0.00142 smooth=0.0609 laplacian=0.1481 beam=0.54749 homogeneity=0.0070 body=0.00000 bowel=0.00000 femur=0.00000
2026-05-22 18:59:29 [INFO] Step 40/54 Loss=7.8721 mse=0.1932 v_opt=0.00000 v_mand=0.00000 ptv=0.0689 ptv_max=0.00016 ring=0.00000 smooth=0.0106 laplacian=0.0265 beam=0.08467 homogeneity=0.0036 body=0.00000 bowel=0.00000 femur=0.00000
2026-05-22 18:59:34 [INFO] Step 45/54 Loss=9.5010 mse=0.1477 v_opt=0.02214 v_mand=0.00169 ptv=0.0833 ptv_max=0.00009 ring=0.00000 smooth=0.0116 laplacian=0.0275 beam=0.18423 homogeneity=0.0038 body=0.00000 bowel=0.00000 femur=0.00000
2026-05-22 18:59:37 [INFO] Step 50/54 Loss=9.3248 mse=0.1869 v_opt=0.01631 v_mand=0.00042 ptv=0.0589 ptv_max=0.00013 ring=0.00000 smooth=0.0085 laplacian=0.0200 beam=0.15307 homogeneity=0.0027 body=0.00000 bowel=0.00000 femur=0.00000
2026-05-22 18:59:40 [INFO] Step 54/54 Loss=7.9617 mse=0.1744 v_opt=0.00119 v_mand=0.00000 ptv=0.0728 ptv_max=0.00003 ring=0.00000 smooth=0.0096 laplacian=0.0216 beam=0.10769 homogeneity=0.0028 body=0.00000 bowel=0.00002 femur=0.00000
2026-05-22 18:59:40 [INFO] Running validation at epoch 105...
2026-05-22 19:00:09 [INFO] Epoch 105 Summary: Train=15.3125 Val=0.0147 (MSE=0.0147)
          Metrics: PTV_D95=56.37Gy Bladder=28.79Gy Rectum=29.96Gy
          Metrics: Ring=48.81Gy Dmax=756.49Gy BG=27.22Gy
2026-05-22 19:00:09 [INFO] [PHYSICS] Saved best model val_loss=0.0147
2026-05-22 19:00:09 [INFO] Epoch 106/300 [FULL PHYSICS] ramp=1.000 lr=7.30e-05
2026-05-22 19:00:14 [INFO] Step 5/54 Loss=5.8549 mse=0.1405 v_opt=0.00214 v_mand=0.00000 ptv=0.0652 ptv_max=0.00008 ring=0.00000 smooth=0.0074 laplacian=0.0170 beam=0.06079 homogeneity=0.0031 body=0.00000 bowel=0.00000 femur=0.00000
2026-05-22 19:00:18 [INFO] Step 10/54 Loss=14.9574 mse=0.2570 v_opt=0.01968 v_mand=0.00148 ptv=0.0416 ptv_max=0.00030 ring=0.00002 smooth=0.0107 laplacian=0.0251 beam=0.30992 homogeneity=0.0036 body=0.00000 bowel=0.00000 femur=0.00000
2026-05-22 19:00:21 [INFO] Step 15/54 Loss=20.8460 mse=0.3542 v_opt=0.01282 v_mand=0.00017 ptv=0.0394 ptv_max=0.00065 ring=0.00003 smooth=0.0221 laplacian=0.0554 beam=0.44335 homogeneity=0.0041 body=0.00000 bowel=0.00000 femur=0.00000
2026-05-22 19:00:24 [INFO] Step 20/54 Loss=12.7218 mse=0.2147 v_opt=0.00251 v_mand=0.00006 ptv=0.0567 ptv_max=0.00042 ring=0.00009 smooth=0.0221 laplacian=0.0531 beam=0.25317 homogeneity=0.0049 body=0.00000 bowel=0.00000 femur=0.00000
2026-05-22 19:00:28 [INFO] Step 25/54 Loss=14.7343 mse=0.1540 v_opt=0.00688 v_mand=0.00004 ptv=0.0443 ptv_max=0.00131 ring=0.00001 smooth=0.0086 laplacian=0.0195 beam=0.39953 homogeneity=0.0066 body=0.00000 bowel=0.00000 femur=0.00000
2026-05-22 19:00:32 [INFO] Step 30/54 Loss=7.7750 mse=0.1718 v_opt=0.03256 v_mand=0.00540 ptv=0.1204 ptv_max=0.00006 ring=0.00006 smooth=0.0120 laplacian=0.0266 beam=0.06468 homogeneity=0.0084 body=0.00000 bowel=0.00000 femur=0.00000
2026-05-22 19:00:35 [INFO] Step 35/54 Loss=17.9081 mse=0.2250 v_opt=0.02397 v_mand=0.00026 ptv=0.0354 ptv_max=0.00017 ring=0.00000 smooth=0.0179 laplacian=0.0440 beam=0.46226 homogeneity=0.0024 body=0.00000 bowel=0.00000 femur=0.00000
2026-05-22 19:00:38 [INFO] Step 40/54 Loss=21.0054 mse=0.3310 v_opt=0.01648 v_mand=0.00056 ptv=0.0813 ptv_max=0.00012 ring=0.00002 smooth=0.0218 laplacian=0.0536 beam=0.45567 homogeneity=0.0029 body=0.00000 bowel=0.00658 femur=0.00000
2026-05-22 19:00:41 [INFO] Step 45/54 Loss=17.7069 mse=0.2576 v_opt=0.01820 v_mand=0.00092 ptv=0.0654 ptv_max=0.00028 ring=0.00001 smooth=0.0158 laplacian=0.0369 beam=0.40768 homogeneity=0.0048 body=0.00000 bowel=0.00000 femur=0.00000
2026-05-22 19:00:47 [INFO] Step 50/54 Loss=13.7178 mse=0.3986 v_opt=0.00242 v_mand=0.00000 ptv=0.0404 ptv_max=0.00107 ring=0.00044 smooth=0.0293 laplacian=0.0728 beam=0.10453 homogeneity=0.0062 body=0.00000 bowel=0.00315 femur=0.00000
2026-05-22 19:00:49 [INFO] Step 54/54 Loss=23.2254 mse=0.4882 v_opt=0.01158 v_mand=0.00168 ptv=0.0073 ptv_max=0.00319 ring=0.00002 smooth=0.0234 laplacian=0.0575 beam=0.39344 homogeneity=0.0108 body=0.00000 bowel=0.00000 femur=0.00000
2026-05-22 19:00:49 [INFO] Running validation at epoch 106...
2026-05-22 19:01:18 [INFO] Epoch 106 Summary: Train=16.0638 Val=0.0143 (MSE=0.0143)
          Metrics: PTV_D95=56.06Gy Bladder=27.09Gy Rectum=29.54Gy
          Metrics: Ring=48.98Gy Dmax=756.98Gy BG=26.81Gy
2026-05-22 19:01:18 [INFO] [PHYSICS] Saved best model val_loss=0.0143
2026-05-22 19:01:18 [INFO] Epoch 107/300 [FULL PHYSICS] ramp=1.000 lr=7.25e-05
2026-05-22 19:01:25 [INFO] Step 5/54 Loss=16.5160 mse=0.2218 v_opt=0.00713 v_mand=0.00135 ptv=0.0468 ptv_max=0.00106 ring=0.00049 smooth=0.0235 laplacian=0.0583 beam=0.39300 homogeneity=0.0057 body=0.00000 bowel=0.00000 femur=0.00000
2026-05-22 19:01:28 [INFO] Step 10/54 Loss=19.7996 mse=0.2206 v_opt=0.14220 v_mand=0.04896 ptv=0.0766 ptv_max=0.00015 ring=0.00002 smooth=0.0177 laplacian=0.0434 beam=0.41806 homogeneity=0.0038 body=0.00000 bowel=0.00000 femur=0.00000
2026-05-22 19:01:30 [INFO] Step 15/54 Loss=17.3758 mse=0.2754 v_opt=0.00348 v_mand=0.00006 ptv=0.0630 ptv_max=0.00061 ring=0.00124 smooth=0.0121 laplacian=0.0297 beam=0.35526 homogeneity=0.0083 body=0.00000 bowel=0.03537 femur=0.00002
2026-05-22 19:01:34 [INFO] Step 20/54 Loss=10.4753 mse=0.2673 v_opt=0.05854 v_mand=0.01467 ptv=0.0443 ptv_max=0.00033 ring=0.00003 smooth=0.0143 laplacian=0.0337 beam=0.08742 homogeneity=0.0041 body=0.00000 bowel=0.00000 femur=0.00000
2026-05-22 19:01:39 [INFO] Step 25/54 Loss=17.5684 mse=0.3401 v_opt=0.00263 v_mand=0.00059 ptv=0.0162 ptv_max=0.00126 ring=0.00000 smooth=0.0093 laplacian=0.0213 beam=0.33744 homogeneity=0.0064 body=0.00000 bowel=0.00000 femur=0.00000
2026-05-22 19:01:42 [INFO] Step 30/54 Loss=7.7833 mse=0.1375 v_opt=0.01790 v_mand=0.00001 ptv=0.0852 ptv_max=0.00003 ring=0.00000 smooth=0.0087 laplacian=0.0201 beam=0.13033 homogeneity=0.0043 body=0.00000 bowel=0.00000 femur=0.00000
2026-05-22 19:01:45 [INFO] Step 35/54 Loss=17.1263 mse=0.2845 v_opt=0.06890 v_mand=0.01413 ptv=0.0570 ptv_max=0.00041 ring=0.00005 smooth=0.0148 laplacian=0.0360 beam=0.31692 homogeneity=0.0045 body=0.00000 bowel=0.01881 femur=0.00477
2026-05-22 19:01:48 [INFO] Step 40/54 Loss=20.4137 mse=0.3003 v_opt=0.02604 v_mand=0.00216 ptv=0.0448 ptv_max=0.00005 ring=0.00000 smooth=0.0150 laplacian=0.0368 beam=0.48236 homogeneity=0.0017 body=0.00000 bowel=0.00000 femur=0.00000
2026-05-22 19:01:53 [INFO] Step 45/54 Loss=13.2407 mse=0.1672 v_opt=0.01282 v_mand=0.00041 ptv=0.0610 ptv_max=0.00018 ring=0.00001 smooth=0.0099 laplacian=0.0225 beam=0.32685 homogeneity=0.0043 body=0.00000 bowel=0.00000 femur=0.00000
2026-05-22 19:01:56 [INFO] Step 50/54 Loss=12.7573 mse=0.1278 v_opt=0.00927 v_mand=0.00054 ptv=0.0340 ptv_max=0.00052 ring=0.00000 smooth=0.0068 laplacian=0.0162 beam=0.35736 homogeneity=0.0038 body=0.00000 bowel=0.00000 femur=0.00000
2026-05-22 19:01:58 [INFO] Step 54/54 Loss=19.6650 mse=0.5760 v_opt=0.06172 v_mand=0.01704 ptv=0.0238 ptv_max=0.00278 ring=0.00225 smooth=0.0207 laplacian=0.0503 beam=0.07151 homogeneity=0.0088 body=0.00000 bowel=0.09095 femur=0.00000
2026-05-22 19:01:58 [INFO] Running validation at epoch 107...
2026-05-22 19:02:27 [INFO] Epoch 107 Summary: Train=14.2595 Val=0.0141 (MSE=0.0141)
          Metrics: PTV_D95=55.33Gy Bladder=27.27Gy Rectum=28.62Gy
          Metrics: Ring=47.33Gy Dmax=783.54Gy BG=26.61Gy
2026-05-22 19:02:28 [INFO] [PHYSICS] Saved best model val_loss=0.0141
2026-05-22 19:02:28 [INFO] Epoch 108/300 [FULL PHYSICS] ramp=1.000 lr=7.20e-05
2026-05-22 19:02:33 [INFO] Step 5/54 Loss=16.6174 mse=0.2027 v_opt=0.00573 v_mand=0.00000 ptv=0.0236 ptv_max=0.00067 ring=0.00000 smooth=0.0115 laplacian=0.0275 beam=0.43839 homogeneity=0.0046 body=0.00000 bowel=0.00000 femur=0.00000
2026-05-22 19:02:37 [INFO] Step 10/54 Loss=20.5093 mse=0.4737 v_opt=0.09931 v_mand=0.02252 ptv=0.0475 ptv_max=0.00061 ring=0.00017 smooth=0.0217 laplacian=0.0526 beam=0.23258 homogeneity=0.0040 body=0.00000 bowel=0.02849 femur=0.01667
2026-05-22 19:02:40 [INFO] Step 15/54 Loss=13.2111 mse=0.3240 v_opt=0.02737 v_mand=0.00297 ptv=0.0580 ptv_max=0.00088 ring=0.00083 smooth=0.0915 laplacian=0.2174 beam=0.11507 homogeneity=0.0050 body=0.00000 bowel=0.00190 femur=0.00000
2026-05-22 19:02:43 [INFO] Step 20/54 Loss=12.9680 mse=0.0312 v_opt=0.00000 v_mand=0.00000 ptv=0.4202 ptv_max=0.00056 ring=0.00000 smooth=0.0057 laplacian=0.0135 beam=0.27532 homogeneity=0.0474 body=0.00000 bowel=0.00000 femur=0.00000
2026-05-22 19:02:46 [INFO] Step 25/54 Loss=17.5590 mse=0.2763 v_opt=0.02694 v_mand=0.00278 ptv=0.0373 ptv_max=0.00134 ring=0.00000 smooth=0.0082 laplacian=0.0197 beam=0.38516 homogeneity=0.0066 body=0.00000 bowel=0.00000 femur=0.00158
2026-05-22 19:02:51 [INFO] Step 30/54 Loss=11.3318 mse=0.1743 v_opt=0.01285 v_mand=0.00001 ptv=0.1092 ptv_max=0.00017 ring=0.00002 smooth=0.0112 laplacian=0.0252 beam=0.19802 homogeneity=0.0103 body=0.00000 bowel=0.03578 femur=0.00000
2026-05-22 19:02:54 [INFO] Step 35/54 Loss=9.0384 mse=0.1472 v_opt=0.00152 v_mand=0.00000 ptv=0.1117 ptv_max=0.00001 ring=0.00000 smooth=0.0143 laplacian=0.0328 beam=0.15859 homogeneity=0.0048 body=0.00000 bowel=0.00000 femur=0.00000
2026-05-22 19:02:57 [INFO] Step 40/54 Loss=22.1383 mse=0.3130 v_opt=0.01892 v_mand=0.00002 ptv=0.0570 ptv_max=0.00049 ring=0.00016 smooth=0.0193 laplacian=0.0472 beam=0.52538 homogeneity=0.0045 body=0.00000 bowel=0.00983 femur=0.00000
2026-05-22 19:03:00 [INFO] Step 45/54 Loss=20.1192 mse=0.2963 v_opt=0.03829 v_mand=0.00828 ptv=0.0215 ptv_max=0.00103 ring=0.00000 smooth=0.0122 laplacian=0.0299 beam=0.46303 homogeneity=0.0057 body=0.00000 bowel=0.00000 femur=0.00000
2026-05-22 19:03:05 [INFO] Step 50/54 Loss=15.2754 mse=0.1810 v_opt=0.01524 v_mand=0.00055 ptv=0.0551 ptv_max=0.00006 ring=0.00000 smooth=0.0130 laplacian=0.0315 beam=0.39614 homogeneity=0.0028 body=0.00000 bowel=0.00000 femur=0.00000
2026-05-22 19:03:07 [INFO] Step 54/54 Loss=12.0780 mse=0.1825 v_opt=0.02809 v_mand=0.00456 ptv=0.0588 ptv_max=0.00006 ring=0.00000 smooth=0.0098 laplacian=0.0221 beam=0.25769 homogeneity=0.0024 body=0.00000 bowel=0.00155 femur=0.00000
2026-05-22 19:03:07 [INFO] Running validation at epoch 108...
2026-05-22 19:03:37 [INFO] Epoch 108 Summary: Train=14.8206 Val=0.0141 (MSE=0.0141)
          Metrics: PTV_D95=53.00Gy Bladder=26.45Gy Rectum=30.64Gy
          Metrics: Ring=45.98Gy Dmax=772.97Gy BG=26.52Gy
2026-05-22 19:03:37 [INFO] Epoch 109/300 [FULL PHYSICS] ramp=1.000 lr=7.16e-05
2026-05-22 19:03:43 [INFO] Step 5/54 Loss=28.4300 mse=0.4250 v_opt=0.00886 v_mand=0.00000 ptv=0.0351 ptv_max=0.00037 ring=0.00000 smooth=0.1433 laplacian=0.3680 beam=0.61319 homogeneity=0.0033 body=0.00000 bowel=0.00000 femur=0.00000
2026-05-22 19:03:46 [INFO] Step 10/54 Loss=29.0888 mse=0.4154 v_opt=0.00004 v_mand=0.00000 ptv=0.0762 ptv_max=0.00023 ring=0.00009 smooth=0.1560 laplacian=0.3847 beam=0.62912 homogeneity=0.0049 body=0.00000 bowel=0.00000 femur=0.00000
2026-05-22 19:03:50 [INFO] Step 15/54 Loss=5.8602 mse=0.1472 v_opt=0.00026 v_mand=0.00000 ptv=0.0614 ptv_max=0.00016 ring=0.00000 smooth=0.0072 laplacian=0.0166 beam=0.05548 homogeneity=0.0032 body=0.00000 bowel=0.00000 femur=0.00000
2026-05-22 19:03:52 [INFO] Step 20/54 Loss=15.7794 mse=0.2340 v_opt=0.00076 v_mand=0.00000 ptv=0.0474 ptv_max=0.00053 ring=0.00003 smooth=0.0146 laplacian=0.0358 beam=0.36337 homogeneity=0.0048 body=0.00000 bowel=0.00000 femur=0.00000
2026-05-22 19:03:57 [INFO] Step 25/54 Loss=12.4357 mse=0.1396 v_opt=0.00260 v_mand=0.00002 ptv=0.0310 ptv_max=0.00104 ring=0.00000 smooth=0.0055 laplacian=0.0123 beam=0.33180 homogeneity=0.0056 body=0.00000 bowel=0.00000 femur=0.00000
2026-05-22 19:04:00 [INFO] Step 30/54 Loss=3.7057 mse=0.0470 v_opt=0.00023 v_mand=0.00000 ptv=0.1066 ptv_max=0.00127 ring=0.00000 smooth=0.0051 laplacian=0.0120 beam=0.03842 homogeneity=0.0124 body=0.00000 bowel=0.00000 femur=0.00000
2026-05-22 19:04:03 [INFO] Step 35/54 Loss=18.1628 mse=0.3071 v_opt=0.00336 v_mand=0.00000 ptv=0.0613 ptv_max=0.00023 ring=0.00001 smooth=0.0102 laplacian=0.0247 beam=0.38499 homogeneity=0.0036 body=0.00000 bowel=0.00000 femur=0.00000
2026-05-22 19:04:06 [INFO] Step 40/54 Loss=16.9360 mse=0.2724 v_opt=0.03605 v_mand=0.00272 ptv=0.0342 ptv_max=0.00149 ring=0.00031 smooth=0.0140 laplacian=0.0339 beam=0.34991 homogeneity=0.0067 body=0.00000 bowel=0.01886 femur=0.00000
2026-05-22 19:04:11 [INFO] Step 45/54 Loss=10.9601 mse=0.0938 v_opt=0.00000 v_mand=0.00000 ptv=0.0389 ptv_max=0.00079 ring=0.00000 smooth=0.0061 laplacian=0.0146 beam=0.31798 homogeneity=0.0040 body=0.00000 bowel=0.00000 femur=0.00000
2026-05-22 19:04:14 [INFO] Step 50/54 Loss=13.4347 mse=0.1017 v_opt=0.01192 v_mand=0.00008 ptv=0.0715 ptv_max=0.00111 ring=0.00000 smooth=0.0100 laplacian=0.0230 beam=0.38853 homogeneity=0.0072 body=0.00000 bowel=0.00000 femur=0.00000
2026-05-22 19:04:16 [INFO] Step 54/54 Loss=28.3041 mse=0.4580 v_opt=0.00863 v_mand=0.00000 ptv=0.0684 ptv_max=0.00038 ring=0.00035 smooth=0.0356 laplacian=0.0873 beam=0.60122 homogeneity=0.0037 body=0.00000 bowel=0.03421 femur=0.00000
2026-05-22 19:04:16 [INFO] Running validation at epoch 109...
2026-05-22 19:04:45 [INFO] Epoch 109 Summary: Train=14.9831 Val=0.0133 (MSE=0.0133)
          Metrics: PTV_D95=54.51Gy Bladder=27.89Gy Rectum=31.80Gy
          Metrics: Ring=47.01Gy Dmax=889.86Gy BG=25.90Gy
2026-05-22 19:04:45 [INFO] [PHYSICS] Saved best model val_loss=0.0133
2026-05-22 19:04:45 [INFO] Epoch 110/300 [FULL PHYSICS] ramp=1.000 lr=7.11e-05
2026-05-22 19:04:51 [INFO] Step 5/54 Loss=10.7641 mse=0.1201 v_opt=0.00102 v_mand=0.00000 ptv=0.1059 ptv_max=0.00020 ring=0.00000 smooth=0.0118 laplacian=0.0271 beam=0.25474 homogeneity=0.0077 body=0.00000 bowel=0.00000 femur=0.00000
2026-05-22 19:04:55 [INFO] Step 10/54 Loss=29.2597 mse=0.4675 v_opt=0.00306 v_mand=0.00000 ptv=0.0532 ptv_max=0.00208 ring=0.00350 smooth=0.0399 laplacian=0.0942 beam=0.59035 homogeneity=0.0087 body=0.00000 bowel=0.08178 femur=0.00000
2026-05-22 19:04:58 [INFO] Step 15/54 Loss=11.5594 mse=0.0888 v_opt=0.00000 v_mand=0.00000 ptv=0.1568 ptv_max=0.00005 ring=0.00001 smooth=0.0132 laplacian=0.0308 beam=0.29256 homogeneity=0.0142 body=0.00000 bowel=0.00000 femur=0.00000
2026-05-22 19:05:01 [INFO] Step 20/54 Loss=14.5669 mse=0.1158 v_opt=0.00000 v_mand=0.00000 ptv=0.1603 ptv_max=0.00089 ring=0.00000 smooth=0.0100 laplacian=0.0238 beam=0.38174 homogeneity=0.0132 body=0.00000 bowel=0.00000 femur=0.00000
2026-05-22 19:05:05 [INFO] Step 25/54 Loss=17.8665 mse=0.2222 v_opt=0.00000 v_mand=0.00000 ptv=0.0300 ptv_max=0.00040 ring=0.00000 smooth=0.0124 laplacian=0.0295 beam=0.46853 homogeneity=0.0038 body=0.00000 bowel=0.00000 femur=0.00000
2026-05-22 19:05:08 [INFO] Step 30/54 Loss=19.9649 mse=0.2470 v_opt=0.01103 v_mand=0.00003 ptv=0.1046 ptv_max=0.00024 ring=0.00001 smooth=0.0200 laplacian=0.0489 beam=0.49123 homogeneity=0.0070 body=0.00000 bowel=0.00000 femur=0.00000
2026-05-22 19:05:12 [INFO] Step 35/54 Loss=24.1221 mse=0.3954 v_opt=0.00003 v_mand=0.00000 ptv=0.0695 ptv_max=0.00038 ring=0.00011 smooth=0.0570 laplacian=0.1388 beam=0.48582 homogeneity=0.0043 body=0.00000 bowel=0.03352 femur=0.00000
2026-05-22 19:05:15 [INFO] Step 40/54 Loss=8.3900 mse=0.1112 v_opt=0.01735 v_mand=0.00046 ptv=0.1178 ptv_max=0.00001 ring=0.00000 smooth=0.0050 laplacian=0.0106 beam=0.16681 homogeneity=0.0059 body=0.00000 bowel=0.00172 femur=0.00000
2026-05-22 19:05:18 [INFO] Step 45/54 Loss=11.5002 mse=0.3062 v_opt=0.00469 v_mand=0.00000 ptv=0.0559 ptv_max=0.00033 ring=0.00000 smooth=0.0104 laplacian=0.0251 beam=0.12019 homogeneity=0.0044 body=0.00000 bowel=0.00000 femur=0.00000
2026-05-22 19:05:22 [INFO] Step 50/54 Loss=8.1081 mse=0.1070 v_opt=0.00569 v_mand=0.00056 ptv=0.0533 ptv_max=0.00084 ring=0.00000 smooth=0.0060 laplacian=0.0126 beam=0.18097 homogeneity=0.0071 body=0.00000 bowel=0.00000 femur=0.00000
2026-05-22 19:05:24 [INFO] Step 54/54 Loss=9.2295 mse=0.0541 v_opt=0.05852 v_mand=0.02014 ptv=0.1595 ptv_max=0.00135 ring=0.00000 smooth=0.0078 laplacian=0.0174 beam=0.17933 homogeneity=0.0189 body=0.00000 bowel=0.00000 femur=0.00000
2026-05-22 19:05:24 [INFO] Running validation at epoch 110...
2026-05-22 19:05:54 [INFO] Epoch 110 Summary: Train=15.1558 Val=0.0132 (MSE=0.0132)
          Metrics: PTV_D95=55.88Gy Bladder=27.10Gy Rectum=31.44Gy
          Metrics: Ring=47.52Gy Dmax=936.04Gy BG=25.75Gy
2026-05-22 19:05:54 [INFO] [PHYSICS] Saved best model val_loss=0.0132
2026-05-22 19:05:54 [INFO] Epoch 111/300 [FULL PHYSICS] ramp=1.000 lr=7.06e-05
2026-05-22 19:06:00 [INFO] Step 5/54 Loss=12.3617 mse=0.1665 v_opt=0.00318 v_mand=0.00000 ptv=0.1055 ptv_max=0.00025 ring=0.00001 smooth=0.0112 laplacian=0.0256 beam=0.25154 homogeneity=0.0121 body=0.00000 bowel=0.02874 femur=0.00000
2026-05-22 19:06:03 [INFO] Step 10/54 Loss=20.1702 mse=0.2613 v_opt=0.00116 v_mand=0.00000 ptv=0.0633 ptv_max=0.00030 ring=0.00010 smooth=0.0431 laplacian=0.1051 beam=0.47659 homogeneity=0.0038 body=0.00000 bowel=0.02636 femur=0.00000
2026-05-22 19:06:06 [INFO] Step 15/54 Loss=9.4286 mse=0.2115 v_opt=0.00134 v_mand=0.00000 ptv=0.0558 ptv_max=0.00004 ring=0.00000 smooth=0.0101 laplacian=0.0232 beam=0.13634 homogeneity=0.0020 body=0.00000 bowel=0.00000 femur=0.00000
2026-05-22 19:06:08 [INFO] Step 20/54 Loss=25.9195 mse=0.5160 v_opt=0.02182 v_mand=0.00208 ptv=0.0333 ptv_max=0.00148 ring=0.00221 smooth=0.1388 laplacian=0.3405 beam=0.41066 homogeneity=0.0072 body=0.00000 bowel=0.00207 femur=0.00000
2026-05-22 19:06:14 [INFO] Step 25/54 Loss=15.2092 mse=0.2712 v_opt=0.04299 v_mand=0.00761 ptv=0.0601 ptv_max=0.00012 ring=0.00001 smooth=0.0174 laplacian=0.0412 beam=0.28162 homogeneity=0.0027 body=0.00000 bowel=0.00175 femur=0.00000
2026-05-22 19:06:17 [INFO] Step 30/54 Loss=5.3681 mse=0.0895 v_opt=0.00000 v_mand=0.00000 ptv=0.0886 ptv_max=0.00002 ring=0.00000 smooth=0.0065 laplacian=0.0157 beam=0.08343 homogeneity=0.0035 body=0.00000 bowel=0.00000 femur=0.00000
2026-05-22 19:06:20 [INFO] Step 35/54 Loss=18.9334 mse=0.5182 v_opt=0.00417 v_mand=0.00000 ptv=0.1053 ptv_max=0.00074 ring=0.00192 smooth=0.0169 laplacian=0.0381 beam=0.16222 homogeneity=0.0075 body=0.00000 bowel=0.00000 femur=0.03647
2026-05-22 19:06:23 [INFO] Step 40/54 Loss=6.4911 mse=0.1119 v_opt=0.00000 v_mand=0.00000 ptv=0.0914 ptv_max=0.00006 ring=0.00000 smooth=0.0077 laplacian=0.0167 beam=0.10415 homogeneity=0.0038 body=0.00000 bowel=0.00000 femur=0.00000
2026-05-22 19:06:28 [INFO] Step 45/54 Loss=8.4884 mse=0.2721 v_opt=0.01315 v_mand=0.00045 ptv=0.0320 ptv_max=0.00143 ring=0.00011 smooth=0.0278 laplacian=0.0701 beam=0.02301 homogeneity=0.0063 body=0.00000 bowel=0.00000 femur=0.00224
2026-05-22 19:06:31 [INFO] Step 50/54 Loss=16.6409 mse=0.2683 v_opt=0.00980 v_mand=0.00000 ptv=0.0596 ptv_max=0.00007 ring=0.00079 smooth=0.0160 laplacian=0.0398 beam=0.35923 homogeneity=0.0021 body=0.00000 bowel=0.00381 femur=0.00000
2026-05-22 19:06:34 [INFO] Step 54/54 Loss=24.8740 mse=0.4554 v_opt=0.12000 v_mand=0.04886 ptv=0.0490 ptv_max=0.00132 ring=0.00237 smooth=0.0694 laplacian=0.1613 beam=0.33852 homogeneity=0.0055 body=0.00000 bowel=0.03958 femur=0.00416
2026-05-22 19:06:34 [INFO] Running validation at epoch 111...
2026-05-22 19:07:03 [INFO] Epoch 111 Summary: Train=16.5900 Val=0.0129 (MSE=0.0129)
          Metrics: PTV_D95=54.77Gy Bladder=27.20Gy Rectum=28.63Gy
          Metrics: Ring=47.08Gy Dmax=855.00Gy BG=25.42Gy
2026-05-22 19:07:03 [INFO] [PHYSICS] Saved best model val_loss=0.0129
2026-05-22 19:07:03 [INFO] Epoch 112/300 [FULL PHYSICS] ramp=1.000 lr=7.02e-05
2026-05-22 19:07:09 [INFO] Step 5/54 Loss=15.6276 mse=0.1954 v_opt=0.00339 v_mand=0.00010 ptv=0.0833 ptv_max=0.00008 ring=0.00000 smooth=0.0171 laplacian=0.0412 beam=0.38324 homogeneity=0.0041 body=0.00000 bowel=0.00000 femur=0.00000
2026-05-22 19:07:12 [INFO] Step 10/54 Loss=15.0637 mse=0.1751 v_opt=0.00000 v_mand=0.00000 ptv=0.0442 ptv_max=0.00066 ring=0.00001 smooth=0.0133 laplacian=0.0319 beam=0.39493 homogeneity=0.0049 body=0.00000 bowel=0.00000 femur=0.00000
2026-05-22 19:07:15 [INFO] Step 15/54 Loss=5.4950 mse=0.1293 v_opt=0.03633 v_mand=0.00408 ptv=0.0735 ptv_max=0.00009 ring=0.00000 smooth=0.0058 laplacian=0.0131 beam=0.04311 homogeneity=0.0042 body=0.00000 bowel=0.00025 femur=0.00000
2026-05-22 19:07:18 [INFO] Step 20/54 Loss=12.7535 mse=0.1353 v_opt=0.00055 v_mand=0.00000 ptv=0.0721 ptv_max=0.00011 ring=0.00000 smooth=0.0110 laplacian=0.0265 beam=0.33740 homogeneity=0.0027 body=0.00000 bowel=0.00000 femur=0.00000
2026-05-22 19:07:24 [INFO] Step 25/54 Loss=17.8859 mse=0.3114 v_opt=0.00317 v_mand=0.00000 ptv=0.0506 ptv_max=0.00043 ring=0.00012 smooth=0.0201 laplacian=0.0500 beam=0.34183 homogeneity=0.0038 body=0.00000 bowel=0.04201 femur=0.00000
2026-05-22 19:07:27 [INFO] Step 30/54 Loss=24.5461 mse=0.1409 v_opt=0.24231 v_mand=0.15386 ptv=0.0581 ptv_max=0.01061 ring=0.00003 smooth=0.0125 laplacian=0.0300 beam=0.40205 homogeneity=0.0229 body=0.00000 bowel=0.00000 femur=0.00000
2026-05-22 19:07:30 [INFO] Step 35/54 Loss=13.6065 mse=0.3290 v_opt=0.10902 v_mand=0.02928 ptv=0.0583 ptv_max=0.00064 ring=0.00001 smooth=0.0482 laplacian=0.1140 beam=0.08834 homogeneity=0.0060 body=0.00000 bowel=0.00489 femur=0.00019
2026-05-22 19:07:33 [INFO] Step 40/54 Loss=9.5040 mse=0.1813 v_opt=0.00750 v_mand=0.00000 ptv=0.0767 ptv_max=0.00006 ring=0.00000 smooth=0.0118 laplacian=0.0263 beam=0.15889 homogeneity=0.0033 body=0.00000 bowel=0.00000 femur=0.00000
2026-05-22 19:07:38 [INFO] Step 45/54 Loss=12.1563 mse=0.2705 v_opt=0.00000 v_mand=0.00000 ptv=0.0610 ptv_max=0.00030 ring=0.00004 smooth=0.0186 laplacian=0.0456 beam=0.17635 homogeneity=0.0041 body=0.00000 bowel=0.00000 femur=0.00000
2026-05-22 19:07:41 [INFO] Step 50/54 Loss=18.5620 mse=0.2425 v_opt=0.00926 v_mand=0.00000 ptv=0.0544 ptv_max=0.00057 ring=0.00025 smooth=0.0241 laplacian=0.0607 beam=0.45515 homogeneity=0.0049 body=0.00000 bowel=0.00294 femur=0.00000
2026-05-22 19:07:44 [INFO] Step 54/54 Loss=15.9481 mse=0.2156 v_opt=0.00377 v_mand=0.00000 ptv=0.0257 ptv_max=0.00053 ring=0.00000 smooth=0.0093 laplacian=0.0215 beam=0.40078 homogeneity=0.0039 body=0.00000 bowel=0.00000 femur=0.00000
2026-05-22 19:07:44 [INFO] Running validation at epoch 112...
2026-05-22 19:08:13 [INFO] Epoch 112 Summary: Train=15.0270 Val=0.0136 (MSE=0.0136)
          Metrics: PTV_D95=56.20Gy Bladder=29.51Gy Rectum=29.40Gy
          Metrics: Ring=48.99Gy Dmax=858.16Gy BG=26.33Gy
2026-05-22 19:08:13 [INFO] Epoch 113/300 [FULL PHYSICS] ramp=1.000 lr=6.97e-05
2026-05-22 19:08:19 [INFO] Step 5/54 Loss=8.0281 mse=0.1243 v_opt=0.03008 v_mand=0.00433 ptv=0.0849 ptv_max=0.00005 ring=0.00000 smooth=0.0113 laplacian=0.0256 beam=0.14307 homogeneity=0.0036 body=0.00000 bowel=0.00000 femur=0.00000
2026-05-22 19:08:22 [INFO] Step 10/54 Loss=10.9024 mse=0.1806 v_opt=0.02565 v_mand=0.00259 ptv=0.0725 ptv_max=0.00007 ring=0.00000 smooth=0.0101 laplacian=0.0249 beam=0.21092 homogeneity=0.0032 body=0.00000 bowel=0.00000 femur=0.00000
2026-05-22 19:08:25 [INFO] Step 15/54 Loss=17.0117 mse=0.2123 v_opt=0.00611 v_mand=0.00001 ptv=0.0579 ptv_max=0.00022 ring=0.00000 smooth=0.0156 laplacian=0.0386 beam=0.43190 homogeneity=0.0036 body=0.00000 bowel=0.00000 femur=0.00000
2026-05-22 19:08:28 [INFO] Step 20/54 Loss=18.8472 mse=0.3938 v_opt=0.05433 v_mand=0.01504 ptv=0.0347 ptv_max=0.00038 ring=0.00001 smooth=0.0206 laplacian=0.0481 beam=0.27035 homogeneity=0.0030 body=0.00000 bowel=0.04376 femur=0.00000
2026-05-22 19:08:33 [INFO] Step 25/54 Loss=11.8115 mse=0.1544 v_opt=0.00089 v_mand=0.00000 ptv=0.0648 ptv_max=0.00010 ring=0.00007 smooth=0.0131 laplacian=0.0315 beam=0.28238 homogeneity=0.0028 body=0.00000 bowel=0.00000 femur=0.00000
2026-05-22 19:08:36 [INFO] Step 30/54 Loss=9.2419 mse=0.0953 v_opt=0.01009 v_mand=0.00021 ptv=0.0564 ptv_max=0.00016 ring=0.00000 smooth=0.0068 laplacian=0.0153 beam=0.24381 homogeneity=0.0032 body=0.00000 bowel=0.00000 femur=0.00000
2026-05-22 19:08:39 [INFO] Step 35/54 Loss=16.5611 mse=0.2709 v_opt=0.06036 v_mand=0.00980 ptv=0.0448 ptv_max=0.00104 ring=0.00016 smooth=0.0344 laplacian=0.0895 beam=0.31761 homogeneity=0.0062 body=0.00000 bowel=0.00000 femur=0.00244
2026-05-22 19:08:42 [INFO] Step 40/54 Loss=19.6610 mse=0.2946 v_opt=0.00874 v_mand=0.00002 ptv=0.0453 ptv_max=0.00054 ring=0.00002 smooth=0.0202 laplacian=0.0490 beam=0.45584 homogeneity=0.0040 body=0.00000 bowel=0.00000 femur=0.00025
2026-05-22 19:08:47 [INFO] Step 45/54 Loss=15.4782 mse=0.3590 v_opt=0.01925 v_mand=0.00065 ptv=0.0419 ptv_max=0.00010 ring=0.00000 smooth=0.0110 laplacian=0.0255 beam=0.23280 homogeneity=0.0019 body=0.00000 bowel=0.00000 femur=0.00000
2026-05-22 19:08:50 [INFO] Step 50/54 Loss=11.3081 mse=0.0767 v_opt=0.01495 v_mand=0.00043 ptv=0.1192 ptv_max=0.00003 ring=0.00000 smooth=0.0092 laplacian=0.0213 beam=0.31609 homogeneity=0.0063 body=0.00000 bowel=0.00000 femur=0.00000
2026-05-22 19:08:52 [INFO] Step 54/54 Loss=13.4659 mse=0.1490 v_opt=0.00548 v_mand=0.00026 ptv=0.1140 ptv_max=0.00045 ring=0.00001 smooth=0.0129 laplacian=0.0293 beam=0.32176 homogeneity=0.0146 body=0.00000 bowel=0.00086 femur=0.00000
2026-05-22 19:08:52 [INFO] Running validation at epoch 113...
2026-05-22 19:09:21 [INFO] Epoch 113 Summary: Train=14.4762 Val=0.0128 (MSE=0.0128)
          Metrics: PTV_D95=55.85Gy Bladder=27.69Gy Rectum=28.10Gy
          Metrics: Ring=47.78Gy Dmax=877.13Gy BG=25.22Gy
2026-05-22 19:09:21 [INFO] [PHYSICS] Saved best model val_loss=0.0128
2026-05-22 19:09:21 [INFO] Epoch 114/300 [FULL PHYSICS] ramp=1.000 lr=6.92e-05
2026-05-22 19:09:28 [INFO] Step 5/54 Loss=28.9966 mse=0.6132 v_opt=0.03935 v_mand=0.00626 ptv=0.0284 ptv_max=0.00268 ring=0.00237 smooth=0.0210 laplacian=0.0516 beam=0.41535 homogeneity=0.0079 body=0.00000 bowel=0.07262 femur=0.06433
2026-05-22 19:09:31 [INFO] Step 10/54 Loss=21.2210 mse=0.2839 v_opt=0.00486 v_mand=0.00005 ptv=0.0311 ptv_max=0.00072 ring=0.00000 smooth=0.0679 laplacian=0.1658 beam=0.50790 homogeneity=0.0049 body=0.00000 bowel=0.00000 femur=0.00000
2026-05-22 19:09:34 [INFO] Step 15/54 Loss=11.6462 mse=0.1423 v_opt=0.00000 v_mand=0.00000 ptv=0.0828 ptv_max=0.00001 ring=0.00002 smooth=0.0111 laplacian=0.0277 beam=0.28267 homogeneity=0.0021 body=0.00000 bowel=0.00000 femur=0.00000
2026-05-22 19:09:37 [INFO] Step 20/54 Loss=11.4448 mse=0.1543 v_opt=0.00230 v_mand=0.00000 ptv=0.1350 ptv_max=0.00010 ring=0.00001 smooth=0.0116 laplacian=0.0261 beam=0.22424 homogeneity=0.0123 body=0.00000 bowel=0.01496 femur=0.00000
2026-05-22 19:09:41 [INFO] Step 25/54 Loss=12.1645 mse=0.1342 v_opt=0.01855 v_mand=0.00076 ptv=0.0580 ptv_max=0.00023 ring=0.00000 smooth=0.0119 laplacian=0.0275 beam=0.31614 homogeneity=0.0034 body=0.00000 bowel=0.00000 femur=0.00000
2026-05-22 19:09:45 [INFO] Step 30/54 Loss=16.2294 mse=0.2135 v_opt=0.09057 v_mand=0.03220 ptv=0.0772 ptv_max=0.00167 ring=0.00001 smooth=0.0164 laplacian=0.0380 beam=0.30145 homogeneity=0.0165 body=0.00000 bowel=0.00000 femur=0.00058
2026-05-22 19:09:48 [INFO] Step 35/54 Loss=22.5910 mse=0.2571 v_opt=0.05573 v_mand=0.01388 ptv=0.0512 ptv_max=0.00038 ring=0.00001 smooth=0.0186 laplacian=0.0450 beam=0.46297 homogeneity=0.0043 body=0.00000 bowel=0.19216 femur=0.00026
2026-05-22 19:09:51 [INFO] Step 40/54 Loss=10.0379 mse=0.1481 v_opt=0.00007 v_mand=0.00000 ptv=0.1121 ptv_max=0.00000 ring=0.00001 smooth=0.0087 laplacian=0.0208 beam=0.20039 homogeneity=0.0046 body=0.00000 bowel=0.00000 femur=0.00000
2026-05-22 19:09:55 [INFO] Step 45/54 Loss=26.5119 mse=0.3962 v_opt=0.00034 v_mand=0.00000 ptv=0.0415 ptv_max=0.00007 ring=0.00000 smooth=0.1521 laplacian=0.3577 beam=0.56822 homogeneity=0.0018 body=0.00000 bowel=0.00000 femur=0.00000
2026-05-22 19:09:59 [INFO] Step 50/54 Loss=13.3776 mse=0.3220 v_opt=0.00215 v_mand=0.00023 ptv=0.0190 ptv_max=0.00144 ring=0.00000 smooth=0.0073 laplacian=0.0161 beam=0.18745 homogeneity=0.0066 body=0.00000 bowel=0.00000 femur=0.00000
2026-05-22 19:10:01 [INFO] Step 54/54 Loss=15.2972 mse=0.3089 v_opt=0.00008 v_mand=0.00000 ptv=0.0546 ptv_max=0.00107 ring=0.00002 smooth=0.0110 laplacian=0.0263 beam=0.26096 homogeneity=0.0100 body=0.00000 bowel=0.00000 femur=0.00000
2026-05-22 19:10:02 [INFO] Running validation at epoch 114...
2026-05-22 19:10:31 [INFO] Epoch 114 Summary: Train=15.0167 Val=0.0134 (MSE=0.0134)
          Metrics: PTV_D95=55.08Gy Bladder=27.37Gy Rectum=29.52Gy
          Metrics: Ring=47.42Gy Dmax=840.20Gy BG=26.03Gy
2026-05-22 19:10:31 [INFO] Epoch 115/300 [FULL PHYSICS] ramp=1.000 lr=6.87e-05
2026-05-22 19:10:37 [INFO] Step 5/54 Loss=2.9995 mse=0.0490 v_opt=0.00460 v_mand=0.00000 ptv=0.1291 ptv_max=0.00001 ring=0.00000 smooth=0.0039 laplacian=0.0081 beam=0.01205 homogeneity=0.0063 body=0.00000 bowel=0.00000 femur=0.00000
2026-05-22 19:10:40 [INFO] Step 10/54 Loss=12.3355 mse=0.1347 v_opt=0.00234 v_mand=0.00001 ptv=0.0736 ptv_max=0.00018 ring=0.00000 smooth=0.0079 laplacian=0.0188 beam=0.32100 homogeneity=0.0037 body=0.00000 bowel=0.00000 femur=0.00000
2026-05-22 19:10:44 [INFO] Step 15/54 Loss=10.6762 mse=0.1145 v_opt=0.01650 v_mand=0.00083 ptv=0.0934 ptv_max=0.00009 ring=0.00000 smooth=0.0069 laplacian=0.0152 beam=0.26472 homogeneity=0.0046 body=0.00000 bowel=0.00000 femur=0.00000
2026-05-22 19:10:47 [INFO] Step 20/54 Loss=15.2554 mse=0.2471 v_opt=0.00436 v_mand=0.00001 ptv=0.1249 ptv_max=0.00024 ring=0.00014 smooth=0.0207 laplacian=0.0478 beam=0.28753 homogeneity=0.0167 body=0.00000 bowel=0.00000 femur=0.00000
2026-05-22 19:10:51 [INFO] Step 25/54 Loss=21.1095 mse=0.2790 v_opt=0.00593 v_mand=0.00001 ptv=0.0476 ptv_max=0.00169 ring=0.00002 smooth=0.0263 laplacian=0.0657 beam=0.51499 homogeneity=0.0079 body=0.00000 bowel=0.00000 femur=0.00049
2026-05-22 19:10:55 [INFO] Step 30/54 Loss=10.4605 mse=0.2384 v_opt=0.00144 v_mand=0.00001 ptv=0.0490 ptv_max=0.00033 ring=0.00000 smooth=0.0182 laplacian=0.0438 beam=0.14584 homogeneity=0.0037 body=0.00000 bowel=0.00000 femur=0.00000
2026-05-22 19:10:57 [INFO] Step 35/54 Loss=25.5040 mse=0.5373 v_opt=0.00260 v_mand=0.00000 ptv=0.0405 ptv_max=0.00288 ring=0.00192 smooth=0.1164 laplacian=0.2757 beam=0.37443 homogeneity=0.0078 body=0.00000 bowel=0.01256 femur=0.00000
2026-05-22 19:11:00 [INFO] Step 40/54 Loss=10.0649 mse=0.0685 v_opt=0.00000 v_mand=0.00000 ptv=0.0000 ptv_max=0.00000 ring=0.00000 smooth=0.0090 laplacian=0.0212 beam=0.32954 homogeneity=0.0000 body=0.00000 bowel=0.00000 femur=0.00000
2026-05-22 19:11:05 [INFO] Step 45/54 Loss=4.3209 mse=0.0873 v_opt=0.01661 v_mand=0.00026 ptv=0.0852 ptv_max=0.00016 ring=0.00000 smooth=0.0087 laplacian=0.0190 beam=0.04032 homogeneity=0.0052 body=0.00000 bowel=0.00000 femur=0.00000
2026-05-22 19:11:08 [INFO] Step 50/54 Loss=29.0388 mse=0.4512 v_opt=0.01124 v_mand=0.00050 ptv=0.0669 ptv_max=0.00040 ring=0.00075 smooth=0.0240 laplacian=0.0573 beam=0.63829 homogeneity=0.0038 body=0.00000 bowel=0.04182 femur=0.00000
2026-05-22 19:11:10 [INFO] Step 54/54 Loss=39.1222 mse=0.7789 v_opt=0.01907 v_mand=0.00131 ptv=0.0522 ptv_max=0.00285 ring=0.00327 smooth=0.0578 laplacian=0.1383 beam=0.69223 homogeneity=0.0087 body=0.00000 bowel=0.02099 femur=0.00033
2026-05-22 19:11:10 [INFO] Running validation at epoch 115...
2026-05-22 19:11:40 [INFO] Epoch 115 Summary: Train=14.6170 Val=0.0136 (MSE=0.0136)
          Metrics: PTV_D95=56.55Gy Bladder=25.85Gy Rectum=30.11Gy
          Metrics: Ring=49.45Gy Dmax=644.02Gy BG=25.98Gy
2026-05-22 19:11:40 [INFO] Epoch 116/300 [FULL PHYSICS] ramp=1.000 lr=6.82e-05
2026-05-22 19:11:46 [INFO] Step 5/54 Loss=11.7201 mse=0.2848 v_opt=0.01100 v_mand=0.00000 ptv=0.0506 ptv_max=0.00022 ring=0.00001 smooth=0.0121 laplacian=0.0307 beam=0.15263 homogeneity=0.0029 body=0.00000 bowel=0.00000 femur=0.00000
2026-05-22 19:11:49 [INFO] Step 10/54 Loss=3.3994 mse=0.0775 v_opt=0.01350 v_mand=0.00006 ptv=0.0793 ptv_max=0.00016 ring=0.00000 smooth=0.0060 laplacian=0.0137 beam=0.01844 homogeneity=0.0040 body=0.00000 bowel=0.00000 femur=0.00000
2026-05-22 19:11:52 [INFO] Step 15/54 Loss=15.5239 mse=0.2197 v_opt=0.00000 v_mand=0.00000 ptv=0.0545 ptv_max=0.00051 ring=0.00003 smooth=0.0272 laplacian=0.0694 beam=0.35818 homogeneity=0.0040 body=0.00000 bowel=0.00000 femur=0.00000
2026-05-22 19:11:55 [INFO] Step 20/54 Loss=10.2090 mse=0.0417 v_opt=0.00000 v_mand=0.00000 ptv=0.2364 ptv_max=0.00090 ring=0.00000 smooth=0.0057 laplacian=0.0131 beam=0.24353 homogeneity=0.0254 body=0.00000 bowel=0.00000 femur=0.00000
2026-05-22 19:12:00 [INFO] Step 25/54 Loss=6.5345 mse=0.1817 v_opt=0.00668 v_mand=0.00000 ptv=0.0408 ptv_max=0.00030 ring=0.00000 smooth=0.0105 laplacian=0.0256 beam=0.05261 homogeneity=0.0035 body=0.00000 bowel=0.00000 femur=0.00000
2026-05-22 19:12:03 [INFO] Step 30/54 Loss=11.9835 mse=0.2480 v_opt=0.07344 v_mand=0.01325 ptv=0.0136 ptv_max=0.00335 ring=0.00007 smooth=0.0176 laplacian=0.0431 beam=0.14943 homogeneity=0.0107 body=0.00000 bowel=0.01017 femur=0.00000
2026-05-22 19:12:06 [INFO] Step 35/54 Loss=15.5734 mse=0.4158 v_opt=0.01992 v_mand=0.00070 ptv=0.0142 ptv_max=0.00175 ring=0.00000 smooth=0.0221 laplacian=0.0538 beam=0.17026 homogeneity=0.0075 body=0.00000 bowel=0.00000 femur=0.00000
2026-05-22 19:12:09 [INFO] Step 40/54 Loss=9.5979 mse=0.1717 v_opt=0.00530 v_mand=0.00000 ptv=0.0755 ptv_max=0.00006 ring=0.00000 smooth=0.0065 laplacian=0.0146 beam=0.17407 homogeneity=0.0031 body=0.00000 bowel=0.00256 femur=0.00000
2026-05-22 19:12:14 [INFO] Step 45/54 Loss=9.6803 mse=0.2020 v_opt=0.01814 v_mand=0.00056 ptv=0.0702 ptv_max=0.00012 ring=0.00000 smooth=0.0043 laplacian=0.0096 beam=0.14919 homogeneity=0.0031 body=0.00000 bowel=0.00000 femur=0.00000
2026-05-22 19:12:17 [INFO] Step 50/54 Loss=17.8639 mse=0.2531 v_opt=0.01957 v_mand=0.00028 ptv=0.0293 ptv_max=0.00037 ring=0.00000 smooth=0.0108 laplacian=0.0261 beam=0.43723 homogeneity=0.0031 body=0.00000 bowel=0.00000 femur=0.00000
2026-05-22 19:12:19 [INFO] Step 54/54 Loss=16.5003 mse=0.2556 v_opt=0.06645 v_mand=0.01620 ptv=0.0605 ptv_max=0.00039 ring=0.00002 smooth=0.0139 laplacian=0.0332 beam=0.32706 homogeneity=0.0069 body=0.00000 bowel=0.00058 femur=0.00000
2026-05-22 19:12:19 [INFO] Running validation at epoch 116...
2026-05-22 19:12:49 [INFO] Epoch 116 Summary: Train=13.8955 Val=0.0128 (MSE=0.0128)
          Metrics: PTV_D95=55.35Gy Bladder=26.80Gy Rectum=30.39Gy
          Metrics: Ring=47.47Gy Dmax=850.94Gy BG=25.27Gy
2026-05-22 19:12:49 [INFO] [PHYSICS] Saved best model val_loss=0.0128
2026-05-22 19:12:49 [INFO] Epoch 117/300 [FULL PHYSICS] ramp=1.000 lr=6.78e-05
2026-05-22 19:12:55 [INFO] Step 5/54 Loss=19.5958 mse=0.2582 v_opt=0.00000 v_mand=0.00000 ptv=0.0799 ptv_max=0.00069 ring=0.00001 smooth=0.0343 laplacian=0.0844 beam=0.46728 homogeneity=0.0051 body=0.00000 bowel=0.00000 femur=0.00000
2026-05-22 19:12:58 [INFO] Step 10/54 Loss=7.7837 mse=0.0518 v_opt=0.00029 v_mand=0.00000 ptv=0.0633 ptv_max=0.00026 ring=0.00000 smooth=0.0037 laplacian=0.0078 beam=0.22685 homogeneity=0.0051 body=0.00000 bowel=0.00000 femur=0.00000
2026-05-22 19:13:01 [INFO] Step 15/54 Loss=13.3671 mse=0.1646 v_opt=0.01756 v_mand=0.00014 ptv=0.0481 ptv_max=0.00016 ring=0.00000 smooth=0.0116 laplacian=0.0284 beam=0.32884 homogeneity=0.0030 body=0.00000 bowel=0.01799 femur=0.00000
2026-05-22 19:13:04 [INFO] Step 20/54 Loss=9.0853 mse=0.2370 v_opt=0.00670 v_mand=0.00000 ptv=0.0559 ptv_max=0.00020 ring=0.00000 smooth=0.0041 laplacian=0.0082 beam=0.09747 homogeneity=0.0038 body=0.00000 bowel=0.00000 femur=0.00000
2026-05-22 19:13:09 [INFO] Step 25/54 Loss=28.8814 mse=0.8204 v_opt=0.06700 v_mand=0.01979 ptv=0.0374 ptv_max=0.00263 ring=0.01059 smooth=0.0318 laplacian=0.0646 beam=0.22602 homogeneity=0.0072 body=0.00000 bowel=0.00292 femur=0.01262
2026-05-22 19:13:12 [INFO] Step 30/54 Loss=13.8285 mse=0.1578 v_opt=0.02332 v_mand=0.00158 ptv=0.0734 ptv_max=0.00008 ring=0.00000 smooth=0.0059 laplacian=0.0131 beam=0.35149 homogeneity=0.0046 body=0.00000 bowel=0.00409 femur=0.00000
2026-05-22 19:13:15 [INFO] Step 35/54 Loss=10.7302 mse=0.0876 v_opt=0.01271 v_mand=0.00025 ptv=0.0639 ptv_max=0.00018 ring=0.00000 smooth=0.0068 laplacian=0.0155 beam=0.30697 homogeneity=0.0039 body=0.00000 bowel=0.00000 femur=0.00000
2026-05-22 19:13:18 [INFO] Step 40/54 Loss=27.2796 mse=0.5540 v_opt=0.13949 v_mand=0.04036 ptv=0.0283 ptv_max=0.00473 ring=0.00368 smooth=0.0172 laplacian=0.0398 beam=0.37634 homogeneity=0.0127 body=0.00000 bowel=0.01081 femur=0.00437
2026-05-22 19:13:22 [INFO] Step 45/54 Loss=12.3719 mse=0.1340 v_opt=0.00064 v_mand=0.00000 ptv=0.1204 ptv_max=0.00007 ring=0.00000 smooth=0.0093 laplacian=0.0211 beam=0.30188 homogeneity=0.0072 body=0.00000 bowel=0.00000 femur=0.00000
2026-05-22 19:13:25 [INFO] Step 50/54 Loss=25.8651 mse=0.3913 v_opt=0.00000 v_mand=0.00000 ptv=0.0577 ptv_max=0.00205 ring=0.00063 smooth=0.0184 laplacian=0.0435 beam=0.51661 homogeneity=0.0090 body=0.00000 bowel=0.12386 femur=0.00000
2026-05-22 19:13:27 [INFO] Step 54/54 Loss=10.2848 mse=0.0869 v_opt=0.00446 v_mand=0.00000 ptv=0.1733 ptv_max=0.00004 ring=0.00000 smooth=0.0071 laplacian=0.0163 beam=0.24040 homogeneity=0.0134 body=0.00000 bowel=0.00000 femur=0.00000
2026-05-22 19:13:27 [INFO] Running validation at epoch 117...
2026-05-22 19:13:57 [INFO] Epoch 117 Summary: Train=13.8940 Val=0.0125 (MSE=0.0125)
          Metrics: PTV_D95=54.54Gy Bladder=26.62Gy Rectum=28.99Gy
          Metrics: Ring=46.81Gy Dmax=876.28Gy BG=25.07Gy
2026-05-22 19:13:57 [INFO] [PHYSICS] Saved best model val_loss=0.0125
2026-05-22 19:13:57 [INFO] Epoch 118/300 [FULL PHYSICS] ramp=1.000 lr=6.73e-05
2026-05-22 19:14:03 [INFO] Step 5/54 Loss=16.4181 mse=0.1935 v_opt=0.00436 v_mand=0.00000 ptv=0.0514 ptv_max=0.00037 ring=0.00000 smooth=0.0105 laplacian=0.0261 beam=0.43112 homogeneity=0.0042 body=0.00000 bowel=0.00000 femur=0.00000
2026-05-22 19:14:06 [INFO] Step 10/54 Loss=15.2433 mse=0.1828 v_opt=0.01368 v_mand=0.00002 ptv=0.0098 ptv_max=0.00228 ring=0.00000 smooth=0.0095 laplacian=0.0223 beam=0.39623 homogeneity=0.0088 body=0.00000 bowel=0.00000 femur=0.00000
2026-05-22 19:14:09 [INFO] Step 15/54 Loss=29.5690 mse=0.4675 v_opt=0.00759 v_mand=0.00012 ptv=0.0676 ptv_max=0.00017 ring=0.00028 smooth=0.0340 laplacian=0.0770 beam=0.65258 homogeneity=0.0034 body=0.00000 bowel=0.02344 femur=0.00000
2026-05-22 19:14:12 [INFO] Step 20/54 Loss=7.8465 mse=0.2164 v_opt=0.02943 v_mand=0.00291 ptv=0.0740 ptv_max=0.00029 ring=0.00030 smooth=0.0210 laplacian=0.0506 beam=0.04315 homogeneity=0.0046 body=0.00000 bowel=0.00000 femur=0.00000
2026-05-22 19:14:17 [INFO] Step 25/54 Loss=6.9302 mse=0.0955 v_opt=0.01628 v_mand=0.00029 ptv=0.0722 ptv_max=0.00004 ring=0.00000 smooth=0.0054 laplacian=0.0120 beam=0.14165 homogeneity=0.0032 body=0.00000 bowel=0.00645 femur=0.00000
2026-05-22 19:14:20 [INFO] Step 30/54 Loss=7.7193 mse=0.0878 v_opt=0.01309 v_mand=0.00041 ptv=0.0373 ptv_max=0.00015 ring=0.00000 smooth=0.0058 laplacian=0.0126 beam=0.19852 homogeneity=0.0025 body=0.00000 bowel=0.00000 femur=0.00000
2026-05-22 19:14:23 [INFO] Step 35/54 Loss=8.7810 mse=0.1463 v_opt=0.01003 v_mand=0.00028 ptv=0.0501 ptv_max=0.00028 ring=0.00000 smooth=0.0072 laplacian=0.0160 beam=0.17466 homogeneity=0.0047 body=0.00000 bowel=0.00000 femur=0.00000
2026-05-22 19:14:26 [INFO] Step 40/54 Loss=8.9141 mse=0.1497 v_opt=0.00627 v_mand=0.00000 ptv=0.0646 ptv_max=0.00007 ring=0.00005 smooth=0.0080 laplacian=0.0182 beam=0.17394 homogeneity=0.0028 body=0.00000 bowel=0.00000 femur=0.00000
2026-05-22 19:14:32 [INFO] Step 45/54 Loss=24.3114 mse=0.3942 v_opt=0.02588 v_mand=0.00140 ptv=0.0704 ptv_max=0.00047 ring=0.00001 smooth=0.0841 laplacian=0.2044 beam=0.49503 homogeneity=0.0039 body=0.00000 bowel=0.00000 femur=0.00000
2026-05-22 19:14:35 [INFO] Step 50/54 Loss=39.9241 mse=0.9180 v_opt=0.01987 v_mand=0.00154 ptv=0.1289 ptv_max=0.00050 ring=0.00177 smooth=0.0242 laplacian=0.0551 beam=0.59507 homogeneity=0.0081 body=0.00000 bowel=0.00503 femur=0.00548
2026-05-22 19:14:37 [INFO] Step 54/54 Loss=8.6297 mse=0.1000 v_opt=0.02209 v_mand=0.00206 ptv=0.0535 ptv_max=0.00037 ring=0.00000 smooth=0.0057 laplacian=0.0119 beam=0.20931 homogeneity=0.0047 body=0.00000 bowel=0.00000 femur=0.00000
2026-05-22 19:14:37 [INFO] Running validation at epoch 118...
2026-05-22 19:15:07 [INFO] Epoch 118 Summary: Train=15.5534 Val=0.0117 (MSE=0.0117)
          Metrics: PTV_D95=55.71Gy Bladder=29.24Gy Rectum=29.15Gy
          Metrics: Ring=48.10Gy Dmax=870.43Gy BG=24.17Gy
2026-05-22 19:15:07 [INFO] [PHYSICS] Saved best model val_loss=0.0117
2026-05-22 19:15:07 [INFO] Epoch 119/300 [FULL PHYSICS] ramp=1.000 lr=6.68e-05
2026-05-22 19:15:12 [INFO] Step 5/54 Loss=14.4157 mse=0.1676 v_opt=0.00764 v_mand=0.00004 ptv=0.0539 ptv_max=0.00019 ring=0.00000 smooth=0.0082 laplacian=0.0188 beam=0.37930 homogeneity=0.0028 body=0.00000 bowel=0.00000 femur=0.00000
2026-05-22 19:15:15 [INFO] Step 10/54 Loss=15.7531 mse=0.2261 v_opt=0.01405 v_mand=0.00027 ptv=0.0255 ptv_max=0.00049 ring=0.00000 smooth=0.0159 laplacian=0.0384 beam=0.37793 homogeneity=0.0038 body=0.00000 bowel=0.00000 femur=0.00000
2026-05-22 19:15:18 [INFO] Step 15/54 Loss=7.9955 mse=0.2128 v_opt=0.00342 v_mand=0.00000 ptv=0.0748 ptv_max=0.00005 ring=0.00000 smooth=0.0113 laplacian=0.0263 beam=0.06878 homogeneity=0.0024 body=0.00000 bowel=0.00029 femur=0.00000
2026-05-22 19:15:21 [INFO] Step 20/54 Loss=15.0631 mse=0.1980 v_opt=0.00002 v_mand=0.00000 ptv=0.0275 ptv_max=0.00053 ring=0.00000 smooth=0.0075 laplacian=0.0177 beam=0.38346 homogeneity=0.0039 body=0.00000 bowel=0.00000 femur=0.00000
2026-05-22 19:15:26 [INFO] Step 25/54 Loss=12.2672 mse=0.1578 v_opt=0.00342 v_mand=0.00000 ptv=0.0623 ptv_max=0.00070 ring=0.00000 smooth=0.0086 laplacian=0.0200 beam=0.29212 homogeneity=0.0089 body=0.00000 bowel=0.00000 femur=0.00000
2026-05-22 19:15:29 [INFO] Step 30/54 Loss=15.8825 mse=0.2716 v_opt=0.03064 v_mand=0.00281 ptv=0.0288 ptv_max=0.00125 ring=0.00150 smooth=0.0160 laplacian=0.0375 beam=0.30961 homogeneity=0.0061 body=0.00000 bowel=0.01986 femur=0.00301
2026-05-22 19:15:33 [INFO] Step 35/54 Loss=15.7244 mse=0.3729 v_opt=0.00814 v_mand=0.00000 ptv=0.0397 ptv_max=0.00089 ring=0.00017 smooth=0.0211 laplacian=0.0505 beam=0.21461 homogeneity=0.0056 body=0.00000 bowel=0.00686 femur=0.00000
2026-05-22 19:15:36 [INFO] Step 40/54 Loss=19.6588 mse=0.2287 v_opt=0.03928 v_mand=0.00168 ptv=0.0817 ptv_max=0.00007 ring=0.00000 smooth=0.0131 laplacian=0.0333 beam=0.50697 homogeneity=0.0037 body=0.00000 bowel=0.00147 femur=0.00000
2026-05-22 19:15:40 [INFO] Step 45/54 Loss=9.5865 mse=0.2934 v_opt=0.00404 v_mand=0.00000 ptv=0.0685 ptv_max=0.00041 ring=0.00053 smooth=0.0217 laplacian=0.0534 beam=0.04481 homogeneity=0.0041 body=0.00000 bowel=0.00000 femur=0.00000
2026-05-22 19:15:44 [INFO] Step 50/54 Loss=5.4825 mse=0.0978 v_opt=0.01100 v_mand=0.00009 ptv=0.0666 ptv_max=0.00008 ring=0.00000 smooth=0.0083 laplacian=0.0182 beam=0.08715 homogeneity=0.0027 body=0.00000 bowel=0.00000 femur=0.00000
2026-05-22 19:15:46 [INFO] Step 54/54 Loss=2.7832 mse=0.0727 v_opt=0.00145 v_mand=0.00000 ptv=0.0543 ptv_max=0.00033 ring=0.00000 smooth=0.0056 laplacian=0.0124 beam=0.00875 homogeneity=0.0042 body=0.00000 bowel=0.00000 femur=0.00000
2026-05-22 19:15:46 [INFO] Running validation at epoch 119...
2026-05-22 19:16:16 [INFO] Epoch 119 Summary: Train=14.3763 Val=0.0117 (MSE=0.0117)
          Metrics: PTV_D95=54.59Gy Bladder=28.08Gy Rectum=30.19Gy
          Metrics: Ring=46.80Gy Dmax=881.32Gy BG=24.05Gy
2026-05-22 19:16:16 [INFO] Epoch 120/300 [FULL PHYSICS] ramp=1.000 lr=6.63e-05
2026-05-22 19:16:22 [INFO] Step 5/54 Loss=10.3601 mse=0.2441 v_opt=0.00559 v_mand=0.00000 ptv=0.0463 ptv_max=0.00035 ring=0.00000 smooth=0.0309 laplacian=0.0746 beam=0.12957 homogeneity=0.0044 body=0.00000 bowel=0.00000 femur=0.00000
2026-05-22 19:16:25 [INFO] Step 10/54 Loss=16.2078 mse=0.2273 v_opt=0.01201 v_mand=0.00002 ptv=0.0448 ptv_max=0.00024 ring=0.00000 smooth=0.0115 laplacian=0.0266 beam=0.39257 homogeneity=0.0029 body=0.00000 bowel=0.00000 femur=0.00000
2026-05-22 19:16:28 [INFO] Step 15/54 Loss=5.0052 mse=0.0710 v_opt=0.00465 v_mand=0.00000 ptv=0.0976 ptv_max=0.00003 ring=0.00000 smooth=0.0046 laplacian=0.0096 beam=0.08413 homogeneity=0.0042 body=0.00000 bowel=0.00000 femur=0.00000
2026-05-22 19:16:31 [INFO] Step 20/54 Loss=14.2351 mse=0.4374 v_opt=0.03838 v_mand=0.00297 ptv=0.0975 ptv_max=0.00024 ring=0.00080 smooth=0.0381 laplacian=0.0893 beam=0.05588 homogeneity=0.0039 body=0.00000 bowel=0.00584 femur=0.00042
2026-05-22 19:16:36 [INFO] Step 25/54 Loss=13.0307 mse=0.1287 v_opt=0.01389 v_mand=0.00000 ptv=0.0790 ptv_max=0.00014 ring=0.00000 smooth=0.0072 laplacian=0.0174 beam=0.35062 homogeneity=0.0057 body=0.00000 bowel=0.00000 femur=0.00000
2026-05-22 19:16:39 [INFO] Step 30/54 Loss=3.7898 mse=0.0980 v_opt=0.00147 v_mand=0.00016 ptv=0.0344 ptv_max=0.00161 ring=0.00001 smooth=0.0060 laplacian=0.0126 beam=0.02124 homogeneity=0.0072 body=0.00000 bowel=0.00000 femur=0.00000
2026-05-22 19:16:42 [INFO] Step 35/54 Loss=11.1421 mse=0.0677 v_opt=0.04980 v_mand=0.01283 ptv=0.0432 ptv_max=0.00072 ring=0.00000 smooth=0.0074 laplacian=0.0177 beam=0.30321 homogeneity=0.0049 body=0.00000 bowel=0.02635 femur=0.00000
2026-05-22 19:16:45 [INFO] Step 40/54 Loss=14.8656 mse=0.1893 v_opt=0.00419 v_mand=0.00000 ptv=0.0650 ptv_max=0.00035 ring=0.00030 smooth=0.0127 laplacian=0.0327 beam=0.36640 homogeneity=0.0039 body=0.00000 bowel=0.00023 femur=0.00004
2026-05-22 19:16:50 [INFO] Step 45/54 Loss=5.5127 mse=0.0534 v_opt=0.00013 v_mand=0.00000 ptv=0.2125 ptv_max=0.00000 ring=0.00000 smooth=0.0061 laplacian=0.0133 beam=0.06749 homogeneity=0.0146 body=0.00000 bowel=0.00000 femur=0.00000
2026-05-22 19:16:53 [INFO] Step 50/54 Loss=14.6903 mse=0.1658 v_opt=0.00074 v_mand=0.00000 ptv=0.1145 ptv_max=0.00000 ring=0.00000 smooth=0.0082 laplacian=0.0191 beam=0.36759 homogeneity=0.0052 body=0.00000 bowel=0.00000 femur=0.00000
2026-05-22 19:16:56 [INFO] Step 54/54 Loss=11.1354 mse=0.1097 v_opt=0.00146 v_mand=0.00007 ptv=0.0811 ptv_max=0.00005 ring=0.00000 smooth=0.0062 laplacian=0.0135 beam=0.29680 homogeneity=0.0037 body=0.00000 bowel=0.00000 femur=0.00000
2026-05-22 19:16:56 [INFO] Running validation at epoch 120...
2026-05-22 19:17:24 [INFO] Epoch 120 Summary: Train=13.1150 Val=0.0129 (MSE=0.0129)
          Metrics: PTV_D95=56.98Gy Bladder=25.90Gy Rectum=30.82Gy
          Metrics: Ring=49.06Gy Dmax=829.60Gy BG=25.03Gy
2026-05-22 19:17:24 [INFO] Epoch 121/300 [FULL PHYSICS] ramp=1.000 lr=6.58e-05
2026-05-22 19:17:30 [INFO] Step 5/54 Loss=12.0750 mse=0.1961 v_opt=0.00901 v_mand=0.00061 ptv=0.0211 ptv_max=0.00492 ring=0.00002 smooth=0.0070 laplacian=0.0161 beam=0.22397 homogeneity=0.0140 body=0.00000 bowel=0.01392 femur=0.00000
2026-05-22 19:17:34 [INFO] Step 10/54 Loss=18.8920 mse=0.3621 v_opt=0.00641 v_mand=0.00091 ptv=0.0179 ptv_max=0.00789 ring=0.00072 smooth=0.0149 laplacian=0.0363 beam=0.30599 homogeneity=0.0194 body=0.00000 bowel=0.01048 femur=0.00166
2026-05-22 19:17:37 [INFO] Step 15/54 Loss=5.7199 mse=0.1513 v_opt=0.00059 v_mand=0.00000 ptv=0.0754 ptv_max=0.00002 ring=0.00000 smooth=0.0092 laplacian=0.0224 beam=0.04034 homogeneity=0.0025 body=0.00000 bowel=0.00000 femur=0.00000
2026-05-22 19:17:40 [INFO] Step 20/54 Loss=23.1078 mse=0.5176 v_opt=0.00112 v_mand=0.00000 ptv=0.0842 ptv_max=0.00338 ring=0.00691 smooth=0.0815 laplacian=0.1921 beam=0.27675 homogeneity=0.0110 body=0.00000 bowel=0.00000 femur=0.05329
2026-05-22 19:17:45 [INFO] Step 25/54 Loss=13.3133 mse=0.1445 v_opt=0.00000 v_mand=0.00000 ptv=0.1172 ptv_max=0.00001 ring=0.00000 smooth=0.0095 laplacian=0.0223 beam=0.33263 homogeneity=0.0046 body=0.00000 bowel=0.00000 femur=0.00000
2026-05-22 19:17:48 [INFO] Step 30/54 Loss=9.3228 mse=0.1335 v_opt=0.00286 v_mand=0.00000 ptv=0.0828 ptv_max=0.00009 ring=0.00000 smooth=0.0072 laplacian=0.0172 beam=0.19847 homogeneity=0.0042 body=0.00000 bowel=0.00000 femur=0.00000
2026-05-22 19:17:51 [INFO] Step 35/54 Loss=14.2933 mse=0.2102 v_opt=0.04629 v_mand=0.00963 ptv=0.0417 ptv_max=0.00158 ring=0.00000 smooth=0.0090 laplacian=0.0213 beam=0.29867 homogeneity=0.0067 body=0.00000 bowel=0.00583 femur=0.00072
2026-05-22 19:17:54 [INFO] Step 40/54 Loss=9.9242 mse=0.2959 v_opt=0.01399 v_mand=0.00021 ptv=0.0284 ptv_max=0.00327 ring=0.00066 smooth=0.0181 laplacian=0.0441 beam=0.04798 homogeneity=0.0102 body=0.00000 bowel=0.00421 femur=0.00000
2026-05-22 19:17:58 [INFO] Step 45/54 Loss=9.5624 mse=0.1789 v_opt=0.00463 v_mand=0.00059 ptv=0.0541 ptv_max=0.00024 ring=0.00000 smooth=0.0105 laplacian=0.0251 beam=0.17043 homogeneity=0.0038 body=0.00000 bowel=0.00000 femur=0.00000
2026-05-22 19:18:02 [INFO] Step 50/54 Loss=7.4971 mse=0.0346 v_opt=0.00000 v_mand=0.00000 ptv=0.0000 ptv_max=0.00000 ring=0.00000 smooth=0.0116 laplacian=0.0289 beam=0.25900 homogeneity=0.0000 body=0.00000 bowel=0.00000 femur=0.00000
2026-05-22 19:18:04 [INFO] Step 54/54 Loss=8.3183 mse=0.1788 v_opt=0.02145 v_mand=0.00159 ptv=0.0794 ptv_max=0.00007 ring=0.00005 smooth=0.0156 laplacian=0.0366 beam=0.10652 homogeneity=0.0030 body=0.00000 bowel=0.00000 femur=0.00000
2026-05-22 19:18:05 [INFO] Running validation at epoch 121...
2026-05-22 19:18:33 [INFO] Epoch 121 Summary: Train=14.6726 Val=0.0118 (MSE=0.0118)
          Metrics: PTV_D95=54.59Gy Bladder=27.84Gy Rectum=30.65Gy
          Metrics: Ring=46.79Gy Dmax=938.57Gy BG=24.29Gy
2026-05-22 19:18:33 [INFO] Epoch 122/300 [FULL PHYSICS] ramp=1.000 lr=6.53e-05
2026-05-22 19:18:40 [INFO] Step 5/54 Loss=12.8061 mse=0.0847 v_opt=0.13446 v_mand=0.04527 ptv=0.0687 ptv_max=0.00027 ring=0.00000 smooth=0.0069 laplacian=0.0160 beam=0.28998 homogeneity=0.0046 body=0.00000 bowel=0.00000 femur=0.00000
2026-05-22 19:18:43 [INFO] Step 10/54 Loss=22.0103 mse=0.3234 v_opt=0.05743 v_mand=0.01320 ptv=0.0304 ptv_max=0.00035 ring=0.00000 smooth=0.0263 laplacian=0.0651 beam=0.49515 homogeneity=0.0032 body=0.00000 bowel=0.00000 femur=0.00000
2026-05-22 19:18:46 [INFO] Step 15/54 Loss=5.9635 mse=0.1534 v_opt=0.00848 v_mand=0.00028 ptv=0.0538 ptv_max=0.00014 ring=0.00000 smooth=0.0081 laplacian=0.0197 beam=0.05501 homogeneity=0.0029 body=0.00000 bowel=0.00000 femur=0.00000
2026-05-22 19:18:49 [INFO] Step 20/54 Loss=6.8627 mse=0.1588 v_opt=0.00315 v_mand=0.00002 ptv=0.0809 ptv_max=0.00016 ring=0.00001 smooth=0.0124 laplacian=0.0301 beam=0.07241 homogeneity=0.0040 body=0.00000 bowel=0.00000 femur=0.00000
2026-05-22 19:18:54 [INFO] Step 25/54 Loss=8.1618 mse=0.2198 v_opt=0.00446 v_mand=0.00000 ptv=0.0579 ptv_max=0.00009 ring=0.00000 smooth=0.0190 laplacian=0.0488 beam=0.07003 homogeneity=0.0025 body=0.00000 bowel=0.00000 femur=0.00000
2026-05-22 19:18:57 [INFO] Step 30/54 Loss=8.1859 mse=0.0572 v_opt=0.00680 v_mand=0.00009 ptv=0.1208 ptv_max=0.00010 ring=0.00000 smooth=0.0076 laplacian=0.0176 beam=0.20552 homogeneity=0.0113 body=0.00000 bowel=0.00377 femur=0.00000
2026-05-22 19:19:00 [INFO] Step 35/54 Loss=5.1055 mse=0.1302 v_opt=0.01614 v_mand=0.00088 ptv=0.0488 ptv_max=0.00038 ring=0.00001 smooth=0.0078 laplacian=0.0178 beam=0.04199 homogeneity=0.0041 body=0.00000 bowel=0.00000 femur=0.00000
2026-05-22 19:19:03 [INFO] Step 40/54 Loss=15.3683 mse=0.1886 v_opt=0.02810 v_mand=0.00079 ptv=0.0217 ptv_max=0.00052 ring=0.00000 smooth=0.0095 laplacian=0.0227 beam=0.40222 homogeneity=0.0041 body=0.00000 bowel=0.00000 femur=0.00000
2026-05-22 19:19:09 [INFO] Step 45/54 Loss=21.9479 mse=0.3153 v_opt=0.00890 v_mand=0.00000 ptv=0.0940 ptv_max=0.00056 ring=0.00047 smooth=0.0365 laplacian=0.0891 beam=0.46879 homogeneity=0.0062 body=0.00000 bowel=0.04598 femur=0.00000
2026-05-22 19:19:11 [INFO] Step 50/54 Loss=11.5085 mse=0.1470 v_opt=0.01135 v_mand=0.00004 ptv=0.0700 ptv_max=0.00020 ring=0.00000 smooth=0.0075 laplacian=0.0177 beam=0.27357 homogeneity=0.0045 body=0.00000 bowel=0.00350 femur=0.00000
2026-05-22 19:19:13 [INFO] Step 54/54 Loss=34.9590 mse=0.5780 v_opt=0.17651 v_mand=0.06750 ptv=0.0440 ptv_max=0.00191 ring=0.00069 smooth=0.0612 laplacian=0.1476 beam=0.58374 homogeneity=0.0070 body=0.00000 bowel=0.03117 femur=0.00447
2026-05-22 19:19:13 [INFO] Running validation at epoch 122...
2026-05-22 19:19:43 [INFO] Epoch 122 Summary: Train=13.4109 Val=0.0116 (MSE=0.0116)
          Metrics: PTV_D95=55.02Gy Bladder=30.86Gy Rectum=31.42Gy
          Metrics: Ring=47.12Gy Dmax=902.94Gy BG=24.06Gy
2026-05-22 19:19:43 [INFO] [PHYSICS] Saved best model val_loss=0.0116
2026-05-22 19:19:43 [INFO] Epoch 123/300 [FULL PHYSICS] ramp=1.000 lr=6.48e-05
2026-05-22 19:19:49 [INFO] Step 5/54 Loss=11.7096 mse=0.1950 v_opt=0.01217 v_mand=0.00015 ptv=0.0540 ptv_max=0.00045 ring=0.00000 smooth=0.0080 laplacian=0.0185 beam=0.24036 homogeneity=0.0042 body=0.00000 bowel=0.00000 femur=0.00000
2026-05-22 19:19:52 [INFO] Step 10/54 Loss=17.1384 mse=0.2312 v_opt=0.02023 v_mand=0.00189 ptv=0.0348 ptv_max=0.00085 ring=0.00000 smooth=0.0187 laplacian=0.0461 beam=0.41557 homogeneity=0.0054 body=0.00000 bowel=0.00012 femur=0.00000
2026-05-22 19:19:55 [INFO] Step 15/54 Loss=20.8265 mse=0.3243 v_opt=0.00024 v_mand=0.00000 ptv=0.0243 ptv_max=0.00071 ring=0.00000 smooth=0.0186 laplacian=0.0461 beam=0.48134 homogeneity=0.0044 body=0.00000 bowel=0.00000 femur=0.00000
2026-05-22 19:19:58 [INFO] Step 20/54 Loss=4.9608 mse=0.1328 v_opt=0.00112 v_mand=0.00016 ptv=0.0703 ptv_max=0.00006 ring=0.00000 smooth=0.0084 laplacian=0.0189 beam=0.03064 homogeneity=0.0026 body=0.00000 bowel=0.00000 femur=0.00000
2026-05-22 19:20:03 [INFO] Step 25/54 Loss=6.3172 mse=0.1892 v_opt=0.01701 v_mand=0.00004 ptv=0.0551 ptv_max=0.00011 ring=0.00001 smooth=0.0074 laplacian=0.0172 beam=0.03358 homogeneity=0.0026 body=0.00000 bowel=0.00000 femur=0.00000
2026-05-22 19:20:06 [INFO] Step 30/54 Loss=10.0849 mse=0.2113 v_opt=0.09561 v_mand=0.02403 ptv=0.0419 ptv_max=0.00031 ring=0.00000 smooth=0.0073 laplacian=0.0176 beam=0.11133 homogeneity=0.0033 body=0.00000 bowel=0.00001 femur=0.00000
2026-05-22 19:20:09 [INFO] Step 35/54 Loss=8.4141 mse=0.1260 v_opt=0.04265 v_mand=0.00612 ptv=0.0661 ptv_max=0.00011 ring=0.00001 smooth=0.0085 laplacian=0.0188 beam=0.16100 homogeneity=0.0034 body=0.00000 bowel=0.00000 femur=0.00000
2026-05-22 19:20:12 [INFO] Step 40/54 Loss=10.3002 mse=0.1253 v_opt=0.02688 v_mand=0.00354 ptv=0.0513 ptv_max=0.00016 ring=0.00001 smooth=0.0066 laplacian=0.0158 beam=0.25039 homogeneity=0.0027 body=0.00000 bowel=0.00000 femur=0.00000
2026-05-22 19:20:16 [INFO] Step 45/54 Loss=7.9653 mse=0.1286 v_opt=0.00172 v_mand=0.00000 ptv=0.0770 ptv_max=0.00005 ring=0.00000 smooth=0.0081 laplacian=0.0183 beam=0.15188 homogeneity=0.0037 body=0.00000 bowel=0.00000 femur=0.00000
2026-05-22 19:20:20 [INFO] Step 50/54 Loss=11.3482 mse=0.1658 v_opt=0.00269 v_mand=0.00000 ptv=0.0534 ptv_max=0.00019 ring=0.00000 smooth=0.0077 laplacian=0.0173 beam=0.25893 homogeneity=0.0030 body=0.00000 bowel=0.00049 femur=0.00000
2026-05-22 19:20:22 [INFO] Step 54/54 Loss=7.2276 mse=0.0324 v_opt=0.00000 v_mand=0.00000 ptv=0.0000 ptv_max=0.00000 ring=0.00000 smooth=0.0072 laplacian=0.0177 beam=0.25284 homogeneity=0.0000 body=0.00000 bowel=0.00000 femur=0.00000
2026-05-22 19:20:22 [INFO] Running validation at epoch 123...
2026-05-22 19:20:52 [INFO] Epoch 123 Summary: Train=11.2365 Val=0.0115 (MSE=0.0115)
          Metrics: PTV_D95=55.83Gy Bladder=25.97Gy Rectum=29.36Gy
          Metrics: Ring=47.12Gy Dmax=991.52Gy BG=23.77Gy
2026-05-22 19:20:52 [INFO] [PHYSICS] Saved best model val_loss=0.0115
2026-05-22 19:20:52 [INFO] Epoch 124/300 [FULL PHYSICS] ramp=1.000 lr=6.43e-05
2026-05-22 19:20:57 [INFO] Step 5/54 Loss=8.9672 mse=0.1463 v_opt=0.00259 v_mand=0.00016 ptv=0.0504 ptv_max=0.00023 ring=0.00000 smooth=0.0068 laplacian=0.0151 beam=0.18292 homogeneity=0.0034 body=0.00000 bowel=0.00229 femur=0.00000
2026-05-22 19:21:01 [INFO] Step 10/54 Loss=17.9443 mse=0.1933 v_opt=0.00207 v_mand=0.00000 ptv=0.0815 ptv_max=0.00001 ring=0.00002 smooth=0.0190 laplacian=0.0452 beam=0.47978 homogeneity=0.0026 body=0.00000 bowel=0.00000 femur=0.00000
2026-05-22 19:21:04 [INFO] Step 15/54 Loss=10.2573 mse=0.0828 v_opt=0.00800 v_mand=0.00000 ptv=0.0527 ptv_max=0.00016 ring=0.00000 smooth=0.0067 laplacian=0.0153 beam=0.29958 homogeneity=0.0024 body=0.00000 bowel=0.00000 femur=0.00000
2026-05-22 19:21:06 [INFO] Step 20/54 Loss=19.9939 mse=0.3085 v_opt=0.05884 v_mand=0.01298 ptv=0.0271 ptv_max=0.00070 ring=0.00000 smooth=0.0171 laplacian=0.0419 beam=0.43280 homogeneity=0.0047 body=0.00000 bowel=0.00000 femur=0.00000
2026-05-22 19:21:11 [INFO] Step 25/54 Loss=26.7128 mse=0.5657 v_opt=0.04706 v_mand=0.01471 ptv=0.0463 ptv_max=0.01377 ring=0.03294 smooth=0.0359 laplacian=0.0802 beam=0.30282 homogeneity=0.0250 body=0.00000 bowel=0.01401 femur=0.00000
2026-05-22 19:21:14 [INFO] Step 30/54 Loss=7.9212 mse=0.1383 v_opt=0.00511 v_mand=0.00005 ptv=0.0780 ptv_max=0.00012 ring=0.00000 smooth=0.0076 laplacian=0.0166 beam=0.13963 homogeneity=0.0036 body=0.00000 bowel=0.00000 femur=0.00000
2026-05-22 19:21:17 [INFO] Step 35/54 Loss=11.0331 mse=0.1928 v_opt=0.00154 v_mand=0.00001 ptv=0.0674 ptv_max=0.00004 ring=0.00000 smooth=0.0134 laplacian=0.0323 beam=0.21222 homogeneity=0.0024 body=0.00000 bowel=0.00000 femur=0.00000
2026-05-22 19:21:21 [INFO] Step 40/54 Loss=8.9587 mse=0.0761 v_opt=0.00576 v_mand=0.00001 ptv=0.0772 ptv_max=0.00005 ring=0.00000 smooth=0.0091 laplacian=0.0220 beam=0.24322 homogeneity=0.0033 body=0.00000 bowel=0.00000 femur=0.00000
2026-05-22 19:21:25 [INFO] Step 45/54 Loss=13.1022 mse=0.1666 v_opt=0.08411 v_mand=0.01691 ptv=0.0201 ptv_max=0.00104 ring=0.00000 smooth=0.0111 laplacian=0.0259 beam=0.29108 homogeneity=0.0059 body=0.00000 bowel=0.00208 femur=0.00000
2026-05-22 19:21:28 [INFO] Step 50/54 Loss=7.3160 mse=0.0975 v_opt=0.00586 v_mand=0.00016 ptv=0.0473 ptv_max=0.00022 ring=0.00000 smooth=0.0068 laplacian=0.0155 beam=0.16820 homogeneity=0.0033 body=0.00000 bowel=0.00000 femur=0.00000
2026-05-22 19:21:30 [INFO] Step 54/54 Loss=3.1796 mse=0.0684 v_opt=0.00022 v_mand=0.00000 ptv=0.0600 ptv_max=0.00016 ring=0.00000 smooth=0.0052 laplacian=0.0111 beam=0.02862 homogeneity=0.0035 body=0.00000 bowel=0.00000 femur=0.00000
2026-05-22 19:21:30 [INFO] Running validation at epoch 124...
2026-05-22 19:22:00 [INFO] Epoch 124 Summary: Train=15.6471 Val=0.0108 (MSE=0.0108)
          Metrics: PTV_D95=53.17Gy Bladder=26.74Gy Rectum=27.79Gy
          Metrics: Ring=45.76Gy Dmax=964.86Gy BG=23.00Gy
2026-05-22 19:22:00 [INFO] [PHYSICS] Saved best model val_loss=0.0108
2026-05-22 19:22:00 [INFO] Epoch 125/300 [FULL PHYSICS] ramp=1.000 lr=6.38e-05
2026-05-22 19:22:06 [INFO] Step 5/54 Loss=13.5945 mse=0.1636 v_opt=0.01088 v_mand=0.00033 ptv=0.0733 ptv_max=0.00031 ring=0.00022 smooth=0.0174 laplacian=0.0428 beam=0.33414 homogeneity=0.0049 body=0.00000 bowel=0.00000 femur=0.00000
2026-05-22 19:22:09 [INFO] Step 10/54 Loss=27.8578 mse=0.6076 v_opt=0.01153 v_mand=0.00078 ptv=0.0447 ptv_max=0.00350 ring=0.02175 smooth=0.0507 laplacian=0.1198 beam=0.40784 homogeneity=0.0100 body=0.00000 bowel=0.01008 femur=0.01108
2026-05-22 19:22:12 [INFO] Step 15/54 Loss=6.6038 mse=0.0466 v_opt=0.00000 v_mand=0.00000 ptv=0.0000 ptv_max=0.00000 ring=0.00000 smooth=0.0064 laplacian=0.0145 beam=0.21436 homogeneity=0.0000 body=0.00000 bowel=0.00000 femur=0.00000
2026-05-22 19:22:15 [INFO] Step 20/54 Loss=11.1534 mse=0.1420 v_opt=0.02713 v_mand=0.00316 ptv=0.0659 ptv_max=0.00005 ring=0.00000 smooth=0.0106 laplacian=0.0257 beam=0.26173 homogeneity=0.0022 body=0.00000 bowel=0.00000 femur=0.00000
2026-05-22 19:22:20 [INFO] Step 25/54 Loss=11.5980 mse=0.1788 v_opt=0.00188 v_mand=0.00000 ptv=0.0422 ptv_max=0.00023 ring=0.00000 smooth=0.0091 laplacian=0.0206 beam=0.25967 homogeneity=0.0032 body=0.00000 bowel=0.00000 femur=0.00000
2026-05-22 19:22:23 [INFO] Step 30/54 Loss=14.3648 mse=0.1642 v_opt=0.01446 v_mand=0.00030 ptv=0.1158 ptv_max=0.00065 ring=0.00002 smooth=0.0232 laplacian=0.0548 beam=0.33355 homogeneity=0.0162 body=0.00000 bowel=0.00000 femur=0.00000
2026-05-22 19:22:26 [INFO] Step 35/54 Loss=37.0823 mse=0.6855 v_opt=0.00039 v_mand=0.00000 ptv=0.0287 ptv_max=0.00202 ring=0.00029 smooth=0.1677 laplacian=0.3949 beam=0.68273 homogeneity=0.0070 body=0.00000 bowel=0.00000 femur=0.00000
2026-05-22 19:22:29 [INFO] Step 40/54 Loss=26.4751 mse=0.6561 v_opt=0.01191 v_mand=0.00112 ptv=0.0716 ptv_max=0.03340 ring=0.06478 smooth=0.0518 laplacian=0.1111 beam=0.05867 homogeneity=0.0461 body=0.00000 bowel=0.01740 femur=0.00370
2026-05-22 19:22:34 [INFO] Step 45/54 Loss=5.7447 mse=0.1535 v_opt=0.00013 v_mand=0.00000 ptv=0.0859 ptv_max=0.00004 ring=0.00000 smooth=0.0094 laplacian=0.0223 beam=0.03399 homogeneity=0.0035 body=0.00000 bowel=0.00000 femur=0.00000
2026-05-22 19:22:37 [INFO] Step 50/54 Loss=14.0895 mse=0.2517 v_opt=0.07331 v_mand=0.02277 ptv=0.0378 ptv_max=0.00077 ring=0.00009 smooth=0.0117 laplacian=0.0268 beam=0.22784 homogeneity=0.0053 body=0.00000 bowel=0.00262 femur=0.00287
2026-05-22 19:22:39 [INFO] Step 54/54 Loss=15.5611 mse=0.3317 v_opt=0.04937 v_mand=0.00635 ptv=0.0211 ptv_max=0.00222 ring=0.00004 smooth=0.0080 laplacian=0.0189 beam=0.24159 homogeneity=0.0078 body=0.00000 bowel=0.00000 femur=0.00075
2026-05-22 19:22:39 [INFO] Running validation at epoch 125...
2026-05-22 19:23:09 [INFO] Epoch 125 Summary: Train=13.0936 Val=0.0130 (MSE=0.0130)
          Metrics: PTV_D95=58.97Gy Bladder=33.44Gy Rectum=31.02Gy
          Metrics: Ring=51.72Gy Dmax=740.85Gy BG=25.34Gy
2026-05-22 19:23:09 [INFO] Epoch 126/300 [FULL PHYSICS] ramp=1.000 lr=6.33e-05
2026-05-22 19:23:15 [INFO] Step 5/54 Loss=4.8611 mse=0.1195 v_opt=0.00464 v_mand=0.00000 ptv=0.0420 ptv_max=0.00060 ring=0.00000 smooth=0.0066 laplacian=0.0144 beam=0.04714 homogeneity=0.0048 body=0.00000 bowel=0.00000 femur=0.00000
2026-05-22 19:23:18 [INFO] Step 10/54 Loss=13.5759 mse=0.1983 v_opt=0.00099 v_mand=0.00000 ptv=0.0734 ptv_max=0.00011 ring=0.00000 smooth=0.0119 laplacian=0.0290 beam=0.30616 homogeneity=0.0027 body=0.00000 bowel=0.00000 femur=0.00000
2026-05-22 19:23:21 [INFO] Step 15/54 Loss=6.5250 mse=0.0685 v_opt=0.00898 v_mand=0.00005 ptv=0.1004 ptv_max=0.00001 ring=0.00000 smooth=0.0041 laplacian=0.0088 beam=0.13864 homogeneity=0.0038 body=0.00000 bowel=0.01314 femur=0.00000
2026-05-22 19:23:24 [INFO] Step 20/54 Loss=6.1121 mse=0.1641 v_opt=0.00018 v_mand=0.00000 ptv=0.0874 ptv_max=0.00012 ring=0.00001 smooth=0.0129 laplacian=0.0309 beam=0.03445 homogeneity=0.0044 body=0.00000 bowel=0.00000 femur=0.00000
2026-05-22 19:23:29 [INFO] Step 25/54 Loss=7.5933 mse=0.0894 v_opt=0.00000 v_mand=0.00000 ptv=0.0613 ptv_max=0.00003 ring=0.00000 smooth=0.0042 laplacian=0.0092 beam=0.18580 homogeneity=0.0023 body=0.00000 bowel=0.00000 femur=0.00000
2026-05-22 19:23:32 [INFO] Step 30/54 Loss=14.3649 mse=0.4496 v_opt=0.02563 v_mand=0.00198 ptv=0.0372 ptv_max=0.00151 ring=0.00173 smooth=0.0176 laplacian=0.0419 beam=0.08033 homogeneity=0.0057 body=0.00000 bowel=0.00000 femur=0.00008
2026-05-22 19:23:35 [INFO] Step 35/54 Loss=12.6810 mse=0.3029 v_opt=0.01268 v_mand=0.00004 ptv=0.0677 ptv_max=0.00149 ring=0.00035 smooth=0.0191 laplacian=0.0468 beam=0.14860 homogeneity=0.0104 body=0.00000 bowel=0.00000 femur=0.00002
2026-05-22 19:23:38 [INFO] Step 40/54 Loss=10.8323 mse=0.1209 v_opt=0.00617 v_mand=0.00015 ptv=0.0786 ptv_max=0.00015 ring=0.00000 smooth=0.0069 laplacian=0.0153 beam=0.27225 homogeneity=0.0045 body=0.00000 bowel=0.00000 femur=0.00000
2026-05-22 19:23:44 [INFO] Step 45/54 Loss=14.5750 mse=0.3430 v_opt=0.13542 v_mand=0.04302 ptv=0.0620 ptv_max=0.00016 ring=0.00009 smooth=0.0150 laplacian=0.0370 beam=0.10493 homogeneity=0.0026 body=0.00000 bowel=0.00391 femur=0.00000
2026-05-22 19:23:47 [INFO] Step 50/54 Loss=21.2119 mse=0.3231 v_opt=0.01314 v_mand=0.00012 ptv=0.0468 ptv_max=0.00030 ring=0.00051 smooth=0.0458 laplacian=0.1094 beam=0.47687 homogeneity=0.0034 body=0.00000 bowel=0.00000 femur=0.00001
2026-05-22 19:23:50 [INFO] Step 54/54 Loss=9.3350 mse=0.1241 v_opt=0.01409 v_mand=0.00030 ptv=0.0670 ptv_max=0.00011 ring=0.00000 smooth=0.0064 laplacian=0.0141 beam=0.21471 homogeneity=0.0030 body=0.00000 bowel=0.00000 femur=0.00000
2026-05-22 19:23:50 [INFO] Running validation at epoch 126...
2026-05-22 19:24:19 [INFO] Epoch 126 Summary: Train=12.4170 Val=0.0108 (MSE=0.0108)
          Metrics: PTV_D95=56.25Gy Bladder=27.66Gy Rectum=30.02Gy
          Metrics: Ring=47.96Gy Dmax=1065.27Gy BG=22.99Gy
2026-05-22 19:24:19 [INFO] Epoch 127/300 [FULL PHYSICS] ramp=1.000 lr=6.28e-05
2026-05-22 19:24:25 [INFO] Step 5/54 Loss=14.7864 mse=0.3180 v_opt=0.00453 v_mand=0.00028 ptv=0.0201 ptv_max=0.00091 ring=0.00000 smooth=0.0244 laplacian=0.0579 beam=0.24225 homogeneity=0.0053 body=0.00000 bowel=0.00000 femur=0.00000
2026-05-22 19:24:28 [INFO] Step 10/54 Loss=5.9589 mse=0.0926 v_opt=0.01766 v_mand=0.00063 ptv=0.0748 ptv_max=0.00005 ring=0.00000 smooth=0.0047 laplacian=0.0102 beam=0.10812 homogeneity=0.0030 body=0.00000 bowel=0.00032 femur=0.00000
2026-05-22 19:24:31 [INFO] Step 15/54 Loss=11.5864 mse=0.1019 v_opt=0.11791 v_mand=0.04708 ptv=0.0509 ptv_max=0.00098 ring=0.00001 smooth=0.0059 laplacian=0.0131 beam=0.22455 homogeneity=0.0054 body=0.00000 bowel=0.00000 femur=0.00000
2026-05-22 19:24:34 [INFO] Step 20/54 Loss=15.2991 mse=0.1778 v_opt=0.00356 v_mand=0.00000 ptv=0.0896 ptv_max=0.00001 ring=0.00000 smooth=0.0169 laplacian=0.0395 beam=0.38657 homogeneity=0.0035 body=0.00000 bowel=0.00000 femur=0.00000
2026-05-22 19:24:40 [INFO] Step 25/54 Loss=23.9340 mse=0.4551 v_opt=0.05362 v_mand=0.00836 ptv=0.0470 ptv_max=0.00054 ring=0.00013 smooth=0.0207 laplacian=0.0500 beam=0.42600 homogeneity=0.0039 body=0.00000 bowel=0.03076 femur=0.00176
2026-05-22 19:24:42 [INFO] Step 30/54 Loss=8.1511 mse=0.1623 v_opt=0.00127 v_mand=0.00000 ptv=0.1071 ptv_max=0.00036 ring=0.00027 smooth=0.0222 laplacian=0.0522 beam=0.09726 homogeneity=0.0120 body=0.00000 bowel=0.00042 femur=0.00000
2026-05-22 19:24:45 [INFO] Step 35/54 Loss=26.6243 mse=0.5349 v_opt=0.08259 v_mand=0.01918 ptv=0.0616 ptv_max=0.00053 ring=0.00134 smooth=0.0535 laplacian=0.1345 beam=0.41745 homogeneity=0.0041 body=0.00000 bowel=0.00948 femur=0.00254
2026-05-22 19:24:48 [INFO] Step 40/54 Loss=8.8435 mse=0.0998 v_opt=0.01366 v_mand=0.00012 ptv=0.1013 ptv_max=0.00001 ring=0.00000 smooth=0.0049 laplacian=0.0106 beam=0.18988 homogeneity=0.0046 body=0.00000 bowel=0.02706 femur=0.00000
2026-05-22 19:24:53 [INFO] Step 45/54 Loss=10.0156 mse=0.0800 v_opt=0.01152 v_mand=0.00305 ptv=0.0727 ptv_max=0.00102 ring=0.00000 smooth=0.0077 laplacian=0.0177 beam=0.26571 homogeneity=0.0111 body=0.00000 bowel=0.00000 femur=0.00000
2026-05-22 19:24:56 [INFO] Step 50/54 Loss=6.0301 mse=0.1515 v_opt=0.01271 v_mand=0.00190 ptv=0.0640 ptv_max=0.00036 ring=0.00003 smooth=0.0144 laplacian=0.0339 beam=0.04538 homogeneity=0.0054 body=0.00000 bowel=0.00000 femur=0.00000
2026-05-22 19:24:59 [INFO] Step 54/54 Loss=8.2466 mse=0.0969 v_opt=0.01947 v_mand=0.00121 ptv=0.0466 ptv_max=0.00019 ring=0.00000 smooth=0.0056 laplacian=0.0137 beam=0.20411 homogeneity=0.0027 body=0.00000 bowel=0.00000 femur=0.00000
2026-05-22 19:24:59 [INFO] Running validation at epoch 127...
2026-05-22 19:25:28 [INFO] Epoch 127 Summary: Train=13.6220 Val=0.0105 (MSE=0.0105)
          Metrics: PTV_D95=53.98Gy Bladder=27.60Gy Rectum=28.63Gy
          Metrics: Ring=46.23Gy Dmax=918.92Gy BG=22.68Gy
2026-05-22 19:25:28 [INFO] [PHYSICS] Saved best model val_loss=0.0105
2026-05-22 19:25:28 [INFO] Epoch 128/300 [FULL PHYSICS] ramp=1.000 lr=6.23e-05
2026-05-22 19:25:33 [INFO] Step 5/54 Loss=11.9586 mse=0.1730 v_opt=0.00000 v_mand=0.00000 ptv=0.0406 ptv_max=0.00015 ring=0.00027 smooth=0.0073 laplacian=0.0167 beam=0.28012 homogeneity=0.0022 body=0.00000 bowel=0.00419 femur=0.00000
2026-05-22 19:25:37 [INFO] Step 10/54 Loss=28.9397 mse=0.4296 v_opt=0.00201 v_mand=0.00000 ptv=0.0572 ptv_max=0.00064 ring=0.00022 smooth=0.0405 laplacian=0.1041 beam=0.61935 homogeneity=0.0039 body=0.00000 bowel=0.09353 femur=0.00000
2026-05-22 19:25:40 [INFO] Step 15/54 Loss=8.6493 mse=0.2318 v_opt=0.00096 v_mand=0.00000 ptv=0.0620 ptv_max=0.00004 ring=0.00000 smooth=0.0092 laplacian=0.0211 beam=0.08323 homogeneity=0.0016 body=0.00000 bowel=0.00000 femur=0.00000
2026-05-22 19:25:43 [INFO] Step 20/54 Loss=9.2321 mse=0.0775 v_opt=0.04533 v_mand=0.00502 ptv=0.0984 ptv_max=0.00002 ring=0.00000 smooth=0.0048 laplacian=0.0107 beam=0.18888 homogeneity=0.0047 body=0.00000 bowel=0.07271 femur=0.00000
2026-05-22 19:25:47 [INFO] Step 25/54 Loss=8.1745 mse=0.0819 v_opt=0.00067 v_mand=0.00003 ptv=0.0464 ptv_max=0.00009 ring=0.00000 smooth=0.0046 laplacian=0.0108 beam=0.22168 homogeneity=0.0022 body=0.00000 bowel=0.00000 femur=0.00000
2026-05-22 19:25:51 [INFO] Step 30/54 Loss=23.0387 mse=0.4313 v_opt=0.01900 v_mand=0.00099 ptv=0.0255 ptv_max=0.00190 ring=0.00072 smooth=0.0492 laplacian=0.1224 beam=0.41420 homogeneity=0.0075 body=0.00000 bowel=0.03002 femur=0.00000
2026-05-22 19:25:54 [INFO] Step 35/54 Loss=10.7531 mse=0.0859 v_opt=0.00289 v_mand=0.00006 ptv=0.0680 ptv_max=0.00010 ring=0.00000 smooth=0.0087 laplacian=0.0198 beam=0.30937 homogeneity=0.0030 body=0.00000 bowel=0.00000 femur=0.00000
2026-05-22 19:25:57 [INFO] Step 40/54 Loss=15.4948 mse=0.1611 v_opt=0.00366 v_mand=0.00013 ptv=0.0548 ptv_max=0.00022 ring=0.00000 smooth=0.0215 laplacian=0.0511 beam=0.41553 homogeneity=0.0031 body=0.00000 bowel=0.00970 femur=0.00000
2026-05-22 19:26:01 [INFO] Step 45/54 Loss=8.5071 mse=0.0984 v_opt=0.00854 v_mand=0.00204 ptv=0.0378 ptv_max=0.00045 ring=0.00000 smooth=0.0066 laplacian=0.0151 beam=0.21243 homogeneity=0.0042 body=0.00000 bowel=0.00030 femur=0.00000
2026-05-22 19:26:05 [INFO] Step 50/54 Loss=10.1763 mse=0.1287 v_opt=0.00616 v_mand=0.00003 ptv=0.0647 ptv_max=0.00023 ring=0.00004 smooth=0.0104 laplacian=0.0244 beam=0.24207 homogeneity=0.0039 body=0.00000 bowel=0.00000 femur=0.00000
2026-05-22 19:26:08 [INFO] Step 54/54 Loss=24.8714 mse=0.6643 v_opt=0.11283 v_mand=0.04478 ptv=0.0624 ptv_max=0.01999 ring=0.02201 smooth=0.0426 laplacian=0.0887 beam=0.01684 homogeneity=0.0318 body=0.00000 bowel=0.01764 femur=0.00412
2026-05-22 19:26:08 [INFO] Running validation at epoch 128...
2026-05-22 19:26:37 [INFO] Epoch 128 Summary: Train=14.5926 Val=0.0106 (MSE=0.0106)
          Metrics: PTV_D95=54.47Gy Bladder=27.35Gy Rectum=29.71Gy
          Metrics: Ring=46.54Gy Dmax=910.15Gy BG=22.81Gy
2026-05-22 19:26:37 [INFO] Epoch 129/300 [FULL PHYSICS] ramp=1.000 lr=6.18e-05
2026-05-22 19:26:43 [INFO] Step 5/54 Loss=8.8621 mse=0.2449 v_opt=0.00497 v_mand=0.00000 ptv=0.0642 ptv_max=0.00025 ring=0.00000 smooth=0.0343 laplacian=0.0879 beam=0.06014 homogeneity=0.0036 body=0.00000 bowel=0.00000 femur=0.00000
2026-05-22 19:26:46 [INFO] Step 10/54 Loss=10.2193 mse=0.0856 v_opt=0.01743 v_mand=0.00000 ptv=0.0548 ptv_max=0.00008 ring=0.00000 smooth=0.0069 laplacian=0.0162 beam=0.29349 homogeneity=0.0030 body=0.00000 bowel=0.00000 femur=0.00000
2026-05-22 19:26:49 [INFO] Step 15/54 Loss=17.0142 mse=0.2509 v_opt=0.02076 v_mand=0.00122 ptv=0.0521 ptv_max=0.00069 ring=0.00003 smooth=0.0189 laplacian=0.0436 beam=0.38704 homogeneity=0.0051 body=0.00000 bowel=0.00000 femur=0.00000
2026-05-22 19:26:52 [INFO] Step 20/54 Loss=18.9183 mse=0.2614 v_opt=0.00823 v_mand=0.00000 ptv=0.0458 ptv_max=0.00057 ring=0.00000 smooth=0.0180 laplacian=0.0446 beam=0.46008 homogeneity=0.0041 body=0.00000 bowel=0.00000 femur=0.00000
2026-05-22 19:26:58 [INFO] Step 25/54 Loss=11.5807 mse=0.1405 v_opt=0.03458 v_mand=0.00242 ptv=0.0670 ptv_max=0.00014 ring=0.00000 smooth=0.0087 laplacian=0.0199 beam=0.28064 homogeneity=0.0031 body=0.00000 bowel=0.00000 femur=0.00000
2026-05-22 19:27:00 [INFO] Step 30/54 Loss=11.2807 mse=0.3604 v_opt=0.00174 v_mand=0.00000 ptv=0.1081 ptv_max=0.00069 ring=0.00235 smooth=0.0185 laplacian=0.0433 beam=0.02051 homogeneity=0.0062 body=0.00000 bowel=0.00000 femur=0.01761
2026-05-22 19:27:03 [INFO] Step 35/54 Loss=20.8788 mse=0.2245 v_opt=0.00860 v_mand=0.00003 ptv=0.0919 ptv_max=0.00005 ring=0.00001 smooth=0.0356 laplacian=0.0882 beam=0.55036 homogeneity=0.0043 body=0.00000 bowel=0.00000 femur=0.00000
2026-05-22 19:27:06 [INFO] Step 40/54 Loss=8.4021 mse=0.0847 v_opt=0.02350 v_mand=0.00358 ptv=0.0286 ptv_max=0.00153 ring=0.00000 smooth=0.0045 laplacian=0.0093 beam=0.20384 homogeneity=0.0078 body=0.00000 bowel=0.01612 femur=0.00000
2026-05-22 19:27:12 [INFO] Step 45/54 Loss=19.8635 mse=0.3527 v_opt=0.00862 v_mand=0.00050 ptv=0.0441 ptv_max=0.00589 ring=0.00999 smooth=0.0819 laplacian=0.2154 beam=0.30959 homogeneity=0.0174 body=0.00000 bowel=0.01887 femur=0.00000
2026-05-22 19:27:15 [INFO] Step 50/54 Loss=16.0542 mse=0.3402 v_opt=0.02238 v_mand=0.00057 ptv=0.0557 ptv_max=0.00002 ring=0.00000 smooth=0.0113 laplacian=0.0268 beam=0.26987 homogeneity=0.0012 body=0.00000 bowel=0.00000 femur=0.00000
2026-05-22 19:27:17 [INFO] Step 54/54 Loss=18.0960 mse=0.3192 v_opt=0.03775 v_mand=0.00211 ptv=0.0799 ptv_max=0.00012 ring=0.00001 smooth=0.0739 laplacian=0.1668 beam=0.32292 homogeneity=0.0035 body=0.00000 bowel=0.00447 femur=0.00000
2026-05-22 19:27:17 [INFO] Running validation at epoch 129...
2026-05-22 19:27:46 [INFO] Epoch 129 Summary: Train=13.2610 Val=0.0103 (MSE=0.0103)
          Metrics: PTV_D95=53.70Gy Bladder=27.51Gy Rectum=29.67Gy
          Metrics: Ring=46.05Gy Dmax=1075.77Gy BG=22.30Gy
2026-05-22 19:27:46 [INFO] [PHYSICS] Saved best model val_loss=0.0103
2026-05-22 19:27:46 [INFO] Epoch 130/300 [FULL PHYSICS] ramp=1.000 lr=6.13e-05
2026-05-22 19:27:53 [INFO] Step 5/54 Loss=10.9642 mse=0.3357 v_opt=0.01382 v_mand=0.00067 ptv=0.0500 ptv_max=0.00110 ring=0.00009 smooth=0.0235 laplacian=0.0576 beam=0.04447 homogeneity=0.0063 body=0.00000 bowel=0.01722 femur=0.00375
2026-05-22 19:27:56 [INFO] Step 10/54 Loss=10.4150 mse=0.0785 v_opt=0.00652 v_mand=0.00022 ptv=0.0421 ptv_max=0.00057 ring=0.00000 smooth=0.0064 laplacian=0.0142 beam=0.30911 homogeneity=0.0043 body=0.00000 bowel=0.00213 femur=0.00000
2026-05-22 19:27:59 [INFO] Step 15/54 Loss=11.7799 mse=0.1969 v_opt=0.02142 v_mand=0.00158 ptv=0.0724 ptv_max=0.00012 ring=0.00009 smooth=0.0117 laplacian=0.0282 beam=0.23106 homogeneity=0.0031 body=0.00000 bowel=0.00000 femur=0.00000
2026-05-22 19:28:02 [INFO] Step 20/54 Loss=13.9349 mse=0.1954 v_opt=0.00345 v_mand=0.00018 ptv=0.0550 ptv_max=0.00031 ring=0.00002 smooth=0.0075 laplacian=0.0175 beam=0.32460 homogeneity=0.0039 body=0.00000 bowel=0.00981 femur=0.00000
2026-05-22 19:28:07 [INFO] Step 25/54 Loss=17.1558 mse=0.2144 v_opt=0.00014 v_mand=0.00000 ptv=0.0512 ptv_max=0.00045 ring=0.00002 smooth=0.0219 laplacian=0.0524 beam=0.43440 homogeneity=0.0035 body=0.00000 bowel=0.00000 femur=0.00000
2026-05-22 19:28:10 [INFO] Step 30/54 Loss=8.7322 mse=0.1631 v_opt=0.00319 v_mand=0.00000 ptv=0.0534 ptv_max=0.00031 ring=0.00001 smooth=0.0141 laplacian=0.0331 beam=0.15186 homogeneity=0.0045 body=0.00000 bowel=0.00000 femur=0.00000
2026-05-22 19:28:13 [INFO] Step 35/54 Loss=13.7919 mse=0.1620 v_opt=0.08045 v_mand=0.02322 ptv=0.0292 ptv_max=0.00098 ring=0.00001 smooth=0.0128 laplacian=0.0325 beam=0.30771 homogeneity=0.0056 body=0.00000 bowel=0.00000 femur=0.00000
2026-05-22 19:28:16 [INFO] Step 40/54 Loss=12.5453 mse=0.0841 v_opt=0.00000 v_mand=0.00000 ptv=0.1979 ptv_max=0.00002 ring=0.00135 smooth=0.0120 laplacian=0.0305 beam=0.31982 homogeneity=0.0141 body=0.00000 bowel=0.00000 femur=0.00000
2026-05-22 19:28:21 [INFO] Step 45/54 Loss=3.3281 mse=0.0813 v_opt=0.00426 v_mand=0.00049 ptv=0.0482 ptv_max=0.00060 ring=0.00000 smooth=0.0053 laplacian=0.0114 beam=0.02151 homogeneity=0.0046 body=0.00000 bowel=0.00000 femur=0.00000
2026-05-22 19:28:23 [INFO] Step 50/54 Loss=8.1311 mse=0.1898 v_opt=0.01253 v_mand=0.00183 ptv=0.0381 ptv_max=0.00083 ring=0.00000 smooth=0.0070 laplacian=0.0148 beam=0.10302 homogeneity=0.0054 body=0.00000 bowel=0.00000 femur=0.00000
2026-05-22 19:28:26 [INFO] Step 54/54 Loss=19.5123 mse=0.2816 v_opt=0.02448 v_mand=0.00031 ptv=0.0116 ptv_max=0.00281 ring=0.00000 smooth=0.0186 laplacian=0.0450 beam=0.45747 homogeneity=0.0095 body=0.00000 bowel=0.00000 femur=0.00000
2026-05-22 19:28:26 [INFO] Running validation at epoch 130...
2026-05-22 19:28:55 [INFO] Epoch 130 Summary: Train=12.3483 Val=0.0106 (MSE=0.0106)
          Metrics: PTV_D95=53.70Gy Bladder=26.77Gy Rectum=32.23Gy
          Metrics: Ring=46.88Gy Dmax=999.30Gy BG=22.62Gy
2026-05-22 19:28:55 [INFO] Epoch 131/300 [FULL PHYSICS] ramp=1.000 lr=6.08e-05
2026-05-22 19:29:02 [INFO] Step 5/54 Loss=13.3303 mse=0.1140 v_opt=0.00159 v_mand=0.00000 ptv=0.1132 ptv_max=0.00005 ring=0.00000 smooth=0.0161 laplacian=0.0390 beam=0.36122 homogeneity=0.0048 body=0.00000 bowel=0.00000 femur=0.00000
2026-05-22 19:29:05 [INFO] Step 10/54 Loss=17.6813 mse=0.3494 v_opt=0.00468 v_mand=0.00000 ptv=0.1001 ptv_max=0.00032 ring=0.00019 smooth=0.0843 laplacian=0.2176 beam=0.26175 homogeneity=0.0056 body=0.00000 bowel=0.00000 femur=0.00579
2026-05-22 19:29:08 [INFO] Step 15/54 Loss=8.7958 mse=0.1879 v_opt=0.00453 v_mand=0.00002 ptv=0.0661 ptv_max=0.00004 ring=0.00000 smooth=0.0136 laplacian=0.0332 beam=0.12732 homogeneity=0.0024 body=0.00000 bowel=0.00077 femur=0.00000
2026-05-22 19:29:11 [INFO] Step 20/54 Loss=26.5027 mse=0.6599 v_opt=0.01847 v_mand=0.00055 ptv=0.1026 ptv_max=0.00077 ring=0.01370 smooth=0.0626 laplacian=0.1350 beam=0.24816 homogeneity=0.0058 body=0.00000 bowel=0.08059 femur=0.03262
2026-05-22 19:29:16 [INFO] Step 25/54 Loss=11.0262 mse=0.1482 v_opt=0.01051 v_mand=0.00051 ptv=0.0435 ptv_max=0.00166 ring=0.00001 smooth=0.0124 laplacian=0.0286 beam=0.25105 homogeneity=0.0080 body=0.00000 bowel=0.00000 femur=0.00000
2026-05-22 19:29:18 [INFO] Step 30/54 Loss=8.0937 mse=0.1633 v_opt=0.00181 v_mand=0.00014 ptv=0.0292 ptv_max=0.00118 ring=0.00000 smooth=0.0109 laplacian=0.0245 beam=0.13123 homogeneity=0.0059 body=0.00000 bowel=0.00000 femur=0.00000
2026-05-22 19:29:22 [INFO] Step 35/54 Loss=18.7266 mse=0.4004 v_opt=0.00000 v_mand=0.00000 ptv=0.0830 ptv_max=0.00008 ring=0.01130 smooth=0.0499 laplacian=0.1156 beam=0.27525 homogeneity=0.0025 body=0.00000 bowel=0.00975 femur=0.00000
2026-05-22 19:29:25 [INFO] Step 40/54 Loss=58.4693 mse=0.3529 v_opt=0.00251 v_mand=0.00002 ptv=0.0747 ptv_max=0.00024 ring=0.00009 smooth=0.1691 laplacian=0.4063 beam=1.86300 homogeneity=0.0040 body=0.00000 bowel=0.00006 femur=0.00000
2026-05-22 19:29:29 [INFO] Step 45/54 Loss=18.9690 mse=0.3463 v_opt=0.01240 v_mand=0.00002 ptv=0.0538 ptv_max=0.00032 ring=0.00001 smooth=0.0576 laplacian=0.1436 beam=0.35286 homogeneity=0.0031 body=0.00000 bowel=0.00269 femur=0.00000
2026-05-22 19:29:32 [INFO] Step 50/54 Loss=11.3725 mse=0.2388 v_opt=0.04870 v_mand=0.00294 ptv=0.0731 ptv_max=0.00080 ring=0.00008 smooth=0.0261 laplacian=0.0688 beam=0.13922 homogeneity=0.0081 body=0.00000 bowel=0.01951 femur=0.00000
2026-05-22 19:29:35 [INFO] Step 54/54 Loss=14.2529 mse=0.2516 v_opt=0.00108 v_mand=0.00000 ptv=0.0535 ptv_max=0.00083 ring=0.00016 smooth=0.0416 laplacian=0.1021 beam=0.26582 homogeneity=0.0051 body=0.00000 bowel=0.00000 femur=0.00000
2026-05-22 19:29:35 [INFO] Running validation at epoch 131...
2026-05-22 19:30:04 [INFO] Epoch 131 Summary: Train=13.1203 Val=0.0100 (MSE=0.0100)
          Metrics: PTV_D95=54.15Gy Bladder=26.70Gy Rectum=30.37Gy
          Metrics: Ring=46.31Gy Dmax=1176.55Gy BG=21.89Gy
2026-05-22 19:30:04 [INFO] [PHYSICS] Saved best model val_loss=0.0100
2026-05-22 19:30:04 [INFO] Epoch 132/300 [FULL PHYSICS] ramp=1.000 lr=6.03e-05
2026-05-22 19:30:10 [INFO] Step 5/54 Loss=7.5237 mse=0.1181 v_opt=0.00291 v_mand=0.00000 ptv=0.1183 ptv_max=0.00021 ring=0.00009 smooth=0.0115 laplacian=0.0253 beam=0.11734 homogeneity=0.0139 body=0.00000 bowel=0.00000 femur=0.00000
2026-05-22 19:30:13 [INFO] Step 10/54 Loss=33.5873 mse=0.5460 v_opt=0.01160 v_mand=0.00045 ptv=0.0787 ptv_max=0.00015 ring=0.00000 smooth=0.2188 laplacian=0.4868 beam=0.62750 homogeneity=0.0046 body=0.00000 bowel=0.04329 femur=0.00000
2026-05-22 19:30:16 [INFO] Step 15/54 Loss=30.4299 mse=0.5280 v_opt=0.00617 v_mand=0.00000 ptv=0.0795 ptv_max=0.00023 ring=0.00048 smooth=0.0418 laplacian=0.1004 beam=0.63033 homogeneity=0.0040 body=0.00000 bowel=0.00000 femur=0.00000
2026-05-22 19:30:19 [INFO] Step 20/54 Loss=10.4842 mse=0.1390 v_opt=0.03236 v_mand=0.00315 ptv=0.0347 ptv_max=0.00067 ring=0.00004 smooth=0.0088 laplacian=0.0207 beam=0.24541 homogeneity=0.0045 body=0.00000 bowel=0.00000 femur=0.00000
2026-05-22 19:30:24 [INFO] Step 25/54 Loss=7.3157 mse=0.2146 v_opt=0.01856 v_mand=0.00009 ptv=0.0508 ptv_max=0.00007 ring=0.00000 smooth=0.0129 laplacian=0.0305 beam=0.04757 homogeneity=0.0018 body=0.00000 bowel=0.00000 femur=0.00000
2026-05-22 19:30:28 [INFO] Step 30/54 Loss=38.2844 mse=0.7906 v_opt=0.11801 v_mand=0.02886 ptv=0.0491 ptv_max=0.00197 ring=0.00077 smooth=0.0713 laplacian=0.1638 beam=0.56940 homogeneity=0.0071 body=0.00000 bowel=0.03806 femur=0.02041
2026-05-22 19:30:31 [INFO] Step 35/54 Loss=14.8835 mse=0.2644 v_opt=0.00039 v_mand=0.00000 ptv=0.0542 ptv_max=0.00016 ring=0.00004 smooth=0.0166 laplacian=0.0399 beam=0.29771 homogeneity=0.0024 body=0.00000 bowel=0.00003 femur=0.00000
2026-05-22 19:30:34 [INFO] Step 40/54 Loss=7.4220 mse=0.1174 v_opt=0.00309 v_mand=0.00000 ptv=0.0441 ptv_max=0.00010 ring=0.00000 smooth=0.0066 laplacian=0.0147 beam=0.15610 homogeneity=0.0020 body=0.00000 bowel=0.00000 femur=0.00000
2026-05-22 19:30:39 [INFO] Step 45/54 Loss=15.7508 mse=0.2303 v_opt=0.02168 v_mand=0.00129 ptv=0.0582 ptv_max=0.00024 ring=0.00001 smooth=0.0115 laplacian=0.0288 beam=0.36093 homogeneity=0.0044 body=0.00000 bowel=0.00000 femur=0.00000
2026-05-22 19:30:42 [INFO] Step 50/54 Loss=22.0161 mse=0.3488 v_opt=0.02994 v_mand=0.00280 ptv=0.0280 ptv_max=0.00158 ring=0.00002 smooth=0.0269 laplacian=0.0661 beam=0.48309 homogeneity=0.0072 body=0.00000 bowel=0.00000 femur=0.00000
2026-05-22 19:30:44 [INFO] Step 54/54 Loss=13.4479 mse=0.4518 v_opt=0.03301 v_mand=0.00127 ptv=0.0585 ptv_max=0.00116 ring=0.00228 smooth=0.0145 laplacian=0.0304 beam=0.03819 homogeneity=0.0055 body=0.00000 bowel=0.00000 femur=0.00000
2026-05-22 19:30:44 [INFO] Running validation at epoch 132...
2026-05-22 19:31:14 [INFO] Epoch 132 Summary: Train=14.4229 Val=0.0101 (MSE=0.0101)
          Metrics: PTV_D95=56.29Gy Bladder=28.26Gy Rectum=30.92Gy
          Metrics: Ring=47.61Gy Dmax=1114.68Gy BG=22.24Gy
2026-05-22 19:31:14 [INFO] Epoch 133/300 [FULL PHYSICS] ramp=1.000 lr=5.98e-05
2026-05-22 19:31:19 [INFO] Step 5/54 Loss=9.7577 mse=0.1954 v_opt=0.02236 v_mand=0.00090 ptv=0.0541 ptv_max=0.00018 ring=0.00001 smooth=0.0094 laplacian=0.0212 beam=0.16125 homogeneity=0.0035 body=0.00000 bowel=0.00000 femur=0.00000
2026-05-22 19:31:24 [INFO] Step 10/54 Loss=5.7364 mse=0.0940 v_opt=0.00013 v_mand=0.00000 ptv=0.0692 ptv_max=0.00017 ring=0.00000 smooth=0.0059 laplacian=0.0135 beam=0.10146 homogeneity=0.0029 body=0.00000 bowel=0.00000 femur=0.00000
2026-05-22 19:31:26 [INFO] Step 15/54 Loss=6.9349 mse=0.1667 v_opt=0.00959 v_mand=0.00000 ptv=0.0711 ptv_max=0.00010 ring=0.00001 smooth=0.0128 laplacian=0.0324 beam=0.07129 homogeneity=0.0033 body=0.00000 bowel=0.00000 femur=0.00000
2026-05-22 19:31:29 [INFO] Step 20/54 Loss=8.0240 mse=0.1158 v_opt=0.02628 v_mand=0.00276 ptv=0.0598 ptv_max=0.00017 ring=0.00000 smooth=0.0052 laplacian=0.0112 beam=0.14121 homogeneity=0.0035 body=0.00000 bowel=0.04347 femur=0.00000
2026-05-22 19:31:33 [INFO] Step 25/54 Loss=15.4089 mse=0.4698 v_opt=0.04523 v_mand=0.00520 ptv=0.0240 ptv_max=0.00448 ring=0.00312 smooth=0.0160 laplacian=0.0395 beam=0.05811 homogeneity=0.0109 body=0.00000 bowel=0.03129 femur=0.00000
2026-05-22 19:31:37 [INFO] Step 30/54 Loss=10.6646 mse=0.1488 v_opt=0.02023 v_mand=0.00041 ptv=0.0877 ptv_max=0.00077 ring=0.00134 smooth=0.0132 laplacian=0.0310 beam=0.20184 homogeneity=0.0129 body=0.00000 bowel=0.02650 femur=0.00000
2026-05-22 19:31:40 [INFO] Step 35/54 Loss=10.5041 mse=0.1833 v_opt=0.00133 v_mand=0.00000 ptv=0.0621 ptv_max=0.00005 ring=0.00000 smooth=0.0116 laplacian=0.0279 beam=0.20401 homogeneity=0.0019 body=0.00000 bowel=0.00000 femur=0.00000
2026-05-22 19:31:43 [INFO] Step 40/54 Loss=3.2548 mse=0.0803 v_opt=0.00181 v_mand=0.00000 ptv=0.1056 ptv_max=0.00001 ring=0.00000 smooth=0.0084 laplacian=0.0193 beam=0.00000 homogeneity=0.0040 body=0.00000 bowel=0.00000 femur=0.00000
2026-05-22 19:31:46 [INFO] Step 45/54 Loss=7.7929 mse=0.1199 v_opt=0.00951 v_mand=0.00000 ptv=0.0649 ptv_max=0.00009 ring=0.00000 smooth=0.0059 laplacian=0.0126 beam=0.15909 homogeneity=0.0034 body=0.00000 bowel=0.00000 femur=0.00000
2026-05-22 19:31:51 [INFO] Step 50/54 Loss=9.7105 mse=0.2419 v_opt=0.01687 v_mand=0.00099 ptv=0.0335 ptv_max=0.00137 ring=0.00002 smooth=0.0138 laplacian=0.0331 beam=0.10878 homogeneity=0.0070 body=0.00000 bowel=0.00000 femur=0.00000
2026-05-22 19:31:53 [INFO] Step 54/54 Loss=15.5433 mse=0.2612 v_opt=0.02503 v_mand=0.00087 ptv=0.0281 ptv_max=0.00141 ring=0.00001 smooth=0.0086 laplacian=0.0211 beam=0.32716 homogeneity=0.0067 body=0.00000 bowel=0.00000 femur=0.00000
2026-05-22 19:31:53 [INFO] Running validation at epoch 133...
2026-05-22 19:32:23 [INFO] Epoch 133 Summary: Train=12.8355 Val=0.0102 (MSE=0.0102)
          Metrics: PTV_D95=57.54Gy Bladder=27.62Gy Rectum=31.49Gy
          Metrics: Ring=47.86Gy Dmax=1162.96Gy BG=22.31Gy
2026-05-22 19:32:23 [INFO] Epoch 134/300 [FULL PHYSICS] ramp=1.000 lr=5.93e-05
2026-05-22 19:32:29 [INFO] Step 5/54 Loss=11.2181 mse=0.1708 v_opt=0.01365 v_mand=0.00020 ptv=0.0569 ptv_max=0.00026 ring=0.00001 smooth=0.0124 laplacian=0.0283 beam=0.24239 homogeneity=0.0045 body=0.00000 bowel=0.00000 femur=0.00000
2026-05-22 19:32:32 [INFO] Step 10/54 Loss=25.1991 mse=0.3908 v_opt=0.03565 v_mand=0.00738 ptv=0.0347 ptv_max=0.00069 ring=0.00001 smooth=0.0612 laplacian=0.1552 beam=0.54442 homogeneity=0.0045 body=0.00000 bowel=0.00000 femur=0.00000
2026-05-22 19:32:35 [INFO] Step 15/54 Loss=18.5189 mse=0.2958 v_opt=0.00125 v_mand=0.00000 ptv=0.0688 ptv_max=0.00010 ring=0.00003 smooth=0.0113 laplacian=0.0278 beam=0.40858 homogeneity=0.0027 body=0.00000 bowel=0.00000 femur=0.00000
2026-05-22 19:32:38 [INFO] Step 20/54 Loss=11.7894 mse=0.1218 v_opt=0.01282 v_mand=0.00039 ptv=0.0588 ptv_max=0.00011 ring=0.00000 smooth=0.0124 laplacian=0.0291 beam=0.31518 homogeneity=0.0029 body=0.00000 bowel=0.00000 femur=0.00000
2026-05-22 19:32:44 [INFO] Step 25/54 Loss=3.7447 mse=0.0775 v_opt=0.00255 v_mand=0.00057 ptv=0.0406 ptv_max=0.00125 ring=0.00000 smooth=0.0052 laplacian=0.0110 beam=0.03947 homogeneity=0.0066 body=0.00000 bowel=0.00000 femur=0.00000
2026-05-22 19:32:47 [INFO] Step 30/54 Loss=8.7481 mse=0.0805 v_opt=0.00854 v_mand=0.00122 ptv=0.0249 ptv_max=0.00100 ring=0.00000 smooth=0.0055 laplacian=0.0122 beam=0.24356 homogeneity=0.0051 body=0.00000 bowel=0.00000 femur=0.00000
2026-05-22 19:32:50 [INFO] Step 35/54 Loss=12.5801 mse=0.2831 v_opt=0.01669 v_mand=0.00041 ptv=0.0472 ptv_max=0.00012 ring=0.00000 smooth=0.0087 laplacian=0.0195 beam=0.19274 homogeneity=0.0018 body=0.00000 bowel=0.00000 femur=0.00000
2026-05-22 19:32:53 [INFO] Step 40/54 Loss=28.2537 mse=0.0914 v_opt=0.50742 v_mand=0.35632 ptv=0.1614 ptv_max=0.00000 ring=0.00000 smooth=0.0098 laplacian=0.0230 beam=0.20855 homogeneity=0.0092 body=0.00000 bowel=0.00000 femur=0.00000
2026-05-22 19:32:58 [INFO] Step 45/54 Loss=9.5351 mse=0.1333 v_opt=0.01031 v_mand=0.00000 ptv=0.1027 ptv_max=0.00005 ring=0.00002 smooth=0.0236 laplacian=0.0559 beam=0.19017 homogeneity=0.0044 body=0.00000 bowel=0.00000 femur=0.00000
2026-05-22 19:33:01 [INFO] Step 50/54 Loss=11.3923 mse=0.1581 v_opt=0.00075 v_mand=0.00000 ptv=0.0799 ptv_max=0.00013 ring=0.00000 smooth=0.0104 laplacian=0.0237 beam=0.25479 homogeneity=0.0060 body=0.00000 bowel=0.00013 femur=0.00000
2026-05-22 19:33:03 [INFO] Step 54/54 Loss=3.1267 mse=0.0643 v_opt=0.00000 v_mand=0.00000 ptv=0.0879 ptv_max=0.00013 ring=0.00000 smooth=0.0059 laplacian=0.0121 beam=0.01784 homogeneity=0.0053 body=0.00000 bowel=0.00000 femur=0.00000
2026-05-22 19:33:03 [INFO] Running validation at epoch 134...
2026-05-22 19:33:32 [INFO] Epoch 134 Summary: Train=11.4306 Val=0.0100 (MSE=0.0100)
          Metrics: PTV_D95=54.59Gy Bladder=24.36Gy Rectum=31.22Gy
          Metrics: Ring=45.89Gy Dmax=1062.02Gy BG=21.95Gy
2026-05-22 19:33:32 [INFO] [PHYSICS] Saved best model val_loss=0.0100
2026-05-22 19:33:32 [INFO] Epoch 135/300 [FULL PHYSICS] ramp=1.000 lr=5.88e-05
2026-05-22 19:33:39 [INFO] Step 5/54 Loss=6.3148 mse=0.1327 v_opt=0.00058 v_mand=0.00001 ptv=0.0472 ptv_max=0.00021 ring=0.00001 smooth=0.0098 laplacian=0.0226 beam=0.09204 homogeneity=0.0035 body=0.00000 bowel=0.00000 femur=0.00000
2026-05-22 19:33:42 [INFO] Step 10/54 Loss=10.7520 mse=0.3458 v_opt=0.02564 v_mand=0.00147 ptv=0.0497 ptv_max=0.00067 ring=0.00054 smooth=0.0329 laplacian=0.0798 beam=0.00939 homogeneity=0.0038 body=0.00000 bowel=0.04204 femur=0.00024
2026-05-22 19:33:44 [INFO] Step 15/54 Loss=14.8333 mse=0.2359 v_opt=0.07495 v_mand=0.02630 ptv=0.0302 ptv_max=0.00113 ring=0.00018 smooth=0.0119 laplacian=0.0289 beam=0.26943 homogeneity=0.0052 body=0.00000 bowel=0.00000 femur=0.00000
2026-05-22 19:33:47 [INFO] Step 20/54 Loss=9.9924 mse=0.1334 v_opt=0.00569 v_mand=0.00000 ptv=0.0584 ptv_max=0.00016 ring=0.00000 smooth=0.0059 laplacian=0.0137 beam=0.23615 homogeneity=0.0030 body=0.00000 bowel=0.00000 femur=0.00000
2026-05-22 19:33:53 [INFO] Step 25/54 Loss=7.2468 mse=0.2137 v_opt=0.00000 v_mand=0.00000 ptv=0.0748 ptv_max=0.00039 ring=0.00002 smooth=0.0143 laplacian=0.0344 beam=0.03049 homogeneity=0.0074 body=0.00000 bowel=0.00000 femur=0.00000
2026-05-22 19:33:56 [INFO] Step 30/54 Loss=13.0678 mse=0.3315 v_opt=0.00512 v_mand=0.00054 ptv=0.0244 ptv_max=0.00067 ring=0.00000 smooth=0.0213 laplacian=0.0513 beam=0.16081 homogeneity=0.0051 body=0.00000 bowel=0.00000 femur=0.00000
2026-05-22 19:33:58 [INFO] Step 35/54 Loss=10.3661 mse=0.1914 v_opt=0.00027 v_mand=0.00000 ptv=0.0620 ptv_max=0.00044 ring=0.00052 smooth=0.0474 laplacian=0.1174 beam=0.16537 homogeneity=0.0057 body=0.00000 bowel=0.00015 femur=0.00000
2026-05-22 19:34:01 [INFO] Step 40/54 Loss=32.9927 mse=0.5855 v_opt=0.05077 v_mand=0.00663 ptv=0.0400 ptv_max=0.00075 ring=0.00097 smooth=0.1500 laplacian=0.3779 beam=0.58538 homogeneity=0.0043 body=0.00000 bowel=0.04231 femur=0.00000
2026-05-22 19:34:07 [INFO] Step 45/54 Loss=13.7662 mse=0.4131 v_opt=0.02225 v_mand=0.00182 ptv=0.0302 ptv_max=0.00091 ring=0.00003 smooth=0.1727 laplacian=0.4212 beam=0.01962 homogeneity=0.0047 body=0.00000 bowel=0.00000 femur=0.00000
2026-05-22 19:34:10 [INFO] Step 50/54 Loss=7.7091 mse=0.0880 v_opt=0.06566 v_mand=0.00916 ptv=0.0232 ptv_max=0.00142 ring=0.00000 smooth=0.0062 laplacian=0.0143 beam=0.17053 homogeneity=0.0066 body=0.00000 bowel=0.00000 femur=0.00000
2026-05-22 19:34:13 [INFO] Step 54/54 Loss=27.2115 mse=0.1029 v_opt=0.52824 v_mand=0.34033 ptv=0.0369 ptv_max=0.00047 ring=0.00000 smooth=0.0063 laplacian=0.0141 beam=0.23883 homogeneity=0.0040 body=0.00000 bowel=0.00000 femur=0.00000
2026-05-22 19:34:13 [INFO] Running validation at epoch 135...
2026-05-22 19:34:42 [INFO] Epoch 135 Summary: Train=12.7682 Val=0.0105 (MSE=0.0105)
          Metrics: PTV_D95=57.46Gy Bladder=27.15Gy Rectum=29.86Gy
          Metrics: Ring=47.98Gy Dmax=961.71Gy BG=22.41Gy
2026-05-22 19:34:42 [INFO] Epoch 136/300 [FULL PHYSICS] ramp=1.000 lr=5.82e-05
2026-05-22 19:34:48 [INFO] Step 5/54 Loss=13.0662 mse=0.1639 v_opt=0.00000 v_mand=0.00000 ptv=0.0806 ptv_max=0.00003 ring=0.00000 smooth=0.0080 laplacian=0.0188 beam=0.31970 homogeneity=0.0031 body=0.00000 bowel=0.00000 femur=0.00000
2026-05-22 19:34:51 [INFO] Step 10/54 Loss=9.2548 mse=0.1042 v_opt=0.00996 v_mand=0.00000 ptv=0.0816 ptv_max=0.00006 ring=0.00000 smooth=0.0056 laplacian=0.0121 beam=0.22600 homogeneity=0.0044 body=0.00000 bowel=0.00000 femur=0.00000
2026-05-22 19:34:54 [INFO] Step 15/54 Loss=9.3733 mse=0.1076 v_opt=0.00691 v_mand=0.00000 ptv=0.0375 ptv_max=0.00039 ring=0.00000 smooth=0.0086 laplacian=0.0194 beam=0.24237 homogeneity=0.0035 body=0.00000 bowel=0.00000 femur=0.00000
2026-05-22 19:34:57 [INFO] Step 20/54 Loss=6.6097 mse=0.1616 v_opt=0.00584 v_mand=0.00000 ptv=0.0848 ptv_max=0.00003 ring=0.00000 smooth=0.0097 laplacian=0.0232 beam=0.06062 homogeneity=0.0032 body=0.00000 bowel=0.00000 femur=0.00000
2026-05-22 19:35:03 [INFO] Step 25/54 Loss=8.9038 mse=0.2121 v_opt=0.00425 v_mand=0.00003 ptv=0.0476 ptv_max=0.00047 ring=0.00003 smooth=0.0174 laplacian=0.0389 beam=0.10895 homogeneity=0.0054 body=0.00000 bowel=0.00000 femur=0.00000
2026-05-22 19:35:05 [INFO] Step 30/54 Loss=7.5689 mse=0.0584 v_opt=0.00071 v_mand=0.00000 ptv=0.0959 ptv_max=0.00011 ring=0.00000 smooth=0.0050 laplacian=0.0111 beam=0.19845 homogeneity=0.0055 body=0.00000 bowel=0.00000 femur=0.00000
2026-05-22 19:35:08 [INFO] Step 35/54 Loss=8.8975 mse=0.2221 v_opt=0.00338 v_mand=0.00000 ptv=0.0911 ptv_max=0.00005 ring=0.00003 smooth=0.0341 laplacian=0.0944 beam=0.07103 homogeneity=0.0039 body=0.00000 bowel=0.00393 femur=0.00000
2026-05-22 19:35:12 [INFO] Step 40/54 Loss=17.2120 mse=0.2522 v_opt=0.00220 v_mand=0.00007 ptv=0.0383 ptv_max=0.00040 ring=0.00001 smooth=0.0084 laplacian=0.0190 beam=0.41124 homogeneity=0.0034 body=0.00000 bowel=0.00000 femur=0.00019
2026-05-22 19:35:17 [INFO] Step 45/54 Loss=13.0567 mse=0.1994 v_opt=0.00000 v_mand=0.00000 ptv=0.0319 ptv_max=0.00165 ring=0.00044 smooth=0.0214 laplacian=0.0529 beam=0.28042 homogeneity=0.0075 body=0.00000 bowel=0.00353 femur=0.00000
2026-05-22 19:35:20 [INFO] Step 50/54 Loss=17.6165 mse=0.2487 v_opt=0.03454 v_mand=0.00704 ptv=0.0559 ptv_max=0.00036 ring=0.00020 smooth=0.0105 laplacian=0.0244 beam=0.40622 homogeneity=0.0037 body=0.00000 bowel=0.00000 femur=0.00000
2026-05-22 19:35:22 [INFO] Step 54/54 Loss=9.3574 mse=0.1456 v_opt=0.02888 v_mand=0.00043 ptv=0.1024 ptv_max=0.00003 ring=0.00000 smooth=0.0089 laplacian=0.0203 beam=0.17612 homogeneity=0.0047 body=0.00000 bowel=0.00022 femur=0.00000
2026-05-22 19:35:22 [INFO] Running validation at epoch 136...
2026-05-22 19:35:51 [INFO] Epoch 136 Summary: Train=11.6039 Val=0.0092 (MSE=0.0092)
          Metrics: PTV_D95=53.81Gy Bladder=26.61Gy Rectum=31.10Gy
          Metrics: Ring=44.95Gy Dmax=1031.04Gy BG=20.99Gy
2026-05-22 19:35:51 [INFO] [PHYSICS] Saved best model val_loss=0.0092
2026-05-22 19:35:51 [INFO] Epoch 137/300 [FULL PHYSICS] ramp=1.000 lr=5.77e-05
2026-05-22 19:35:57 [INFO] Step 5/54 Loss=9.2746 mse=0.1271 v_opt=0.01402 v_mand=0.00069 ptv=0.0361 ptv_max=0.00043 ring=0.00000 smooth=0.0089 laplacian=0.0211 beam=0.21656 homogeneity=0.0035 body=0.00000 bowel=0.00071 femur=0.00000
2026-05-22 19:36:00 [INFO] Step 10/54 Loss=20.5405 mse=0.5441 v_opt=0.00748 v_mand=0.00001 ptv=0.0291 ptv_max=0.00781 ring=0.00630 smooth=0.0286 laplacian=0.0625 beam=0.18214 homogeneity=0.0159 body=0.00000 bowel=0.01022 femur=0.00000
2026-05-22 19:36:03 [INFO] Step 15/54 Loss=18.2709 mse=0.4916 v_opt=0.00332 v_mand=0.00000 ptv=0.0700 ptv_max=0.00207 ring=0.00092 smooth=0.0675 laplacian=0.1642 beam=0.14862 homogeneity=0.0132 body=0.00000 bowel=0.00337 femur=0.00309
2026-05-22 19:36:06 [INFO] Step 20/54 Loss=9.5834 mse=0.2039 v_opt=0.02131 v_mand=0.00105 ptv=0.0460 ptv_max=0.00011 ring=0.00000 smooth=0.0094 laplacian=0.0214 beam=0.15000 homogeneity=0.0024 body=0.00000 bowel=0.00000 femur=0.00000
2026-05-22 19:36:11 [INFO] Step 25/54 Loss=3.5307 mse=0.0429 v_opt=0.00922 v_mand=0.00000 ptv=0.0669 ptv_max=0.00124 ring=0.00000 smooth=0.0032 laplacian=0.0072 beam=0.05556 homogeneity=0.0079 body=0.00000 bowel=0.00000 femur=0.00000
2026-05-22 19:36:14 [INFO] Step 30/54 Loss=8.4192 mse=0.2301 v_opt=0.01339 v_mand=0.00015 ptv=0.0381 ptv_max=0.00044 ring=0.00000 smooth=0.0197 laplacian=0.0494 beam=0.07361 homogeneity=0.0039 body=0.00000 bowel=0.00000 femur=0.00000
2026-05-22 19:36:17 [INFO] Step 35/54 Loss=22.7380 mse=0.2775 v_opt=0.02198 v_mand=0.00131 ptv=0.0666 ptv_max=0.00008 ring=0.00000 smooth=0.1132 laplacian=0.2714 beam=0.53899 homogeneity=0.0034 body=0.00000 bowel=0.00000 femur=0.00000
2026-05-22 19:36:20 [INFO] Step 40/54 Loss=11.0918 mse=0.1920 v_opt=0.00301 v_mand=0.00036 ptv=0.0516 ptv_max=0.00034 ring=0.00001 smooth=0.0096 laplacian=0.0216 beam=0.21990 homogeneity=0.0043 body=0.00000 bowel=0.00000 femur=0.00000
2026-05-22 19:36:26 [INFO] Step 45/54 Loss=14.2929 mse=0.1132 v_opt=0.00000 v_mand=0.00000 ptv=0.2199 ptv_max=0.00000 ring=0.00000 smooth=0.0167 laplacian=0.0402 beam=0.34999 homogeneity=0.0147 body=0.00000 bowel=0.00000 femur=0.00000
2026-05-22 19:36:28 [INFO] Step 50/54 Loss=22.7963 mse=0.4346 v_opt=0.00000 v_mand=0.00000 ptv=0.0383 ptv_max=0.00205 ring=0.00093 smooth=0.0512 laplacian=0.1187 beam=0.35894 homogeneity=0.0067 body=0.00000 bowel=0.09829 femur=0.00000
2026-05-22 19:36:31 [INFO] Step 54/54 Loss=21.0980 mse=0.4911 v_opt=0.00198 v_mand=0.00000 ptv=0.0485 ptv_max=0.00086 ring=0.00148 smooth=0.0230 laplacian=0.0525 beam=0.27581 homogeneity=0.0037 body=0.00000 bowel=0.06170 femur=0.00000
2026-05-22 19:36:31 [INFO] Running validation at epoch 137...
2026-05-22 19:37:00 [INFO] Epoch 137 Summary: Train=13.2094 Val=0.0100 (MSE=0.0100)
          Metrics: PTV_D95=54.51Gy Bladder=28.17Gy Rectum=30.42Gy
          Metrics: Ring=46.65Gy Dmax=889.41Gy BG=21.27Gy
2026-05-22 19:37:00 [INFO] Epoch 138/300 [FULL PHYSICS] ramp=1.000 lr=5.72e-05
2026-05-22 19:37:06 [INFO] Step 5/54 Loss=9.3702 mse=0.3009 v_opt=0.03414 v_mand=0.00596 ptv=0.0658 ptv_max=0.00020 ring=0.00021 smooth=0.0148 laplacian=0.0350 beam=0.01871 homogeneity=0.0026 body=0.00000 bowel=0.00548 femur=0.00000
2026-05-22 19:37:09 [INFO] Step 10/54 Loss=8.4932 mse=0.1001 v_opt=0.02182 v_mand=0.00189 ptv=0.0331 ptv_max=0.00023 ring=0.00000 smooth=0.0076 laplacian=0.0172 beam=0.21361 homogeneity=0.0027 body=0.00000 bowel=0.00000 femur=0.00000
2026-05-22 19:37:12 [INFO] Step 15/54 Loss=29.8259 mse=0.6364 v_opt=0.04481 v_mand=0.00641 ptv=0.0495 ptv_max=0.00124 ring=0.00165 smooth=0.0222 laplacian=0.0514 beam=0.48814 homogeneity=0.0049 body=0.00000 bowel=0.01328 femur=0.00207
2026-05-22 19:37:15 [INFO] Step 20/54 Loss=12.7637 mse=0.1905 v_opt=0.00891 v_mand=0.00000 ptv=0.0442 ptv_max=0.00038 ring=0.00000 smooth=0.0092 laplacian=0.0224 beam=0.29154 homogeneity=0.0038 body=0.00000 bowel=0.00000 femur=0.00000
2026-05-22 19:37:20 [INFO] Step 25/54 Loss=3.0390 mse=0.0605 v_opt=0.00047 v_mand=0.00000 ptv=0.0734 ptv_max=0.00018 ring=0.00000 smooth=0.0049 laplacian=0.0103 beam=0.02446 homogeneity=0.0048 body=0.00000 bowel=0.00000 femur=0.00000
2026-05-22 19:37:24 [INFO] Step 30/54 Loss=2.7926 mse=0.0697 v_opt=0.00191 v_mand=0.00000 ptv=0.0607 ptv_max=0.00019 ring=0.00000 smooth=0.0047 laplacian=0.0099 beam=0.01116 homogeneity=0.0038 body=0.00000 bowel=0.00000 femur=0.00000
2026-05-22 19:37:27 [INFO] Step 35/54 Loss=16.5688 mse=0.2809 v_opt=0.01855 v_mand=0.00131 ptv=0.0292 ptv_max=0.00113 ring=0.00027 smooth=0.0925 laplacian=0.2265 beam=0.29968 homogeneity=0.0059 body=0.00000 bowel=0.00954 femur=0.00000
2026-05-22 19:37:30 [INFO] Step 40/54 Loss=5.2063 mse=0.0555 v_opt=0.00906 v_mand=0.00000 ptv=0.0798 ptv_max=0.00003 ring=0.00000 smooth=0.0029 laplacian=0.0057 beam=0.11641 homogeneity=0.0028 body=0.00000 bowel=0.00000 femur=0.00000
2026-05-22 19:37:34 [INFO] Step 45/54 Loss=22.5030 mse=0.3863 v_opt=0.00243 v_mand=0.00013 ptv=0.0683 ptv_max=0.00101 ring=0.00249 smooth=0.1002 laplacian=0.2390 beam=0.42110 homogeneity=0.0070 body=0.00000 bowel=0.00000 femur=0.00000
2026-05-22 19:37:38 [INFO] Step 50/54 Loss=24.1185 mse=0.3998 v_opt=0.00000 v_mand=0.00000 ptv=0.0440 ptv_max=0.00069 ring=0.00133 smooth=0.0396 laplacian=0.0945 beam=0.49434 homogeneity=0.0036 body=0.00000 bowel=0.04111 femur=0.00000
2026-05-22 19:37:40 [INFO] Step 54/54 Loss=19.5110 mse=0.2786 v_opt=0.02924 v_mand=0.00329 ptv=0.0305 ptv_max=0.00067 ring=0.00001 smooth=0.0187 laplacian=0.0453 beam=0.45872 homogeneity=0.0042 body=0.00000 bowel=0.00798 femur=0.00000
2026-05-22 19:37:40 [INFO] Running validation at epoch 138...
2026-05-22 19:38:09 [INFO] Epoch 138 Summary: Train=13.0485 Val=0.0092 (MSE=0.0092)
          Metrics: PTV_D95=57.64Gy Bladder=27.77Gy Rectum=30.75Gy
          Metrics: Ring=48.23Gy Dmax=891.18Gy BG=20.93Gy
2026-05-22 19:38:09 [INFO] [PHYSICS] Saved best model val_loss=0.0092
2026-05-22 19:38:09 [INFO] Epoch 139/300 [FULL PHYSICS] ramp=1.000 lr=5.67e-05
2026-05-22 19:38:15 [INFO] Step 5/54 Loss=4.6756 mse=0.1046 v_opt=0.01723 v_mand=0.00068 ptv=0.0550 ptv_max=0.00014 ring=0.00000 smooth=0.0059 laplacian=0.0126 beam=0.05177 homogeneity=0.0029 body=0.00000 bowel=0.00000 femur=0.00000
2026-05-22 19:38:19 [INFO] Step 10/54 Loss=6.4266 mse=0.1726 v_opt=0.02895 v_mand=0.00418 ptv=0.0532 ptv_max=0.00011 ring=0.00000 smooth=0.0060 laplacian=0.0132 beam=0.04730 homogeneity=0.0021 body=0.00000 bowel=0.00000 femur=0.00000
2026-05-22 19:38:22 [INFO] Step 15/54 Loss=4.4777 mse=0.0865 v_opt=0.03194 v_mand=0.00429 ptv=0.0481 ptv_max=0.00040 ring=0.00000 smooth=0.0041 laplacian=0.0081 beam=0.05386 homogeneity=0.0046 body=0.00000 bowel=0.00085 femur=0.00000
2026-05-22 19:38:25 [INFO] Step 20/54 Loss=5.9400 mse=0.1609 v_opt=0.00545 v_mand=0.00030 ptv=0.0416 ptv_max=0.00027 ring=0.00018 smooth=0.0157 laplacian=0.0372 beam=0.04645 homogeneity=0.0034 body=0.00000 bowel=0.00000 femur=0.00000
2026-05-22 19:38:30 [INFO] Step 25/54 Loss=5.4295 mse=0.1031 v_opt=0.00654 v_mand=0.00000 ptv=0.1274 ptv_max=0.00001 ring=0.00000 smooth=0.0088 laplacian=0.0197 beam=0.05282 homogeneity=0.0068 body=0.00000 bowel=0.00000 femur=0.00000
2026-05-22 19:38:33 [INFO] Step 30/54 Loss=9.8312 mse=0.1468 v_opt=0.02855 v_mand=0.00076 ptv=0.0607 ptv_max=0.00006 ring=0.00000 smooth=0.0103 laplacian=0.0247 beam=0.21092 homogeneity=0.0021 body=0.00000 bowel=0.00000 femur=0.00000
2026-05-22 19:38:36 [INFO] Step 35/54 Loss=11.7418 mse=0.1968 v_opt=0.01719 v_mand=0.00000 ptv=0.0642 ptv_max=0.00011 ring=0.00001 smooth=0.0146 laplacian=0.0363 beam=0.23347 homogeneity=0.0038 body=0.00000 bowel=0.00134 femur=0.00000
2026-05-22 19:38:39 [INFO] Step 40/54 Loss=10.7741 mse=0.1210 v_opt=0.01062 v_mand=0.00000 ptv=0.0128 ptv_max=0.00170 ring=0.00000 smooth=0.0039 laplacian=0.0083 beam=0.28585 homogeneity=0.0077 body=0.00000 bowel=0.00000 femur=0.00000
2026-05-22 19:38:43 [INFO] Step 45/54 Loss=7.6542 mse=0.0766 v_opt=0.00616 v_mand=0.00106 ptv=0.0542 ptv_max=0.00012 ring=0.00000 smooth=0.0035 laplacian=0.0076 beam=0.20060 homogeneity=0.0029 body=0.00000 bowel=0.00000 femur=0.00000
2026-05-22 19:38:47 [INFO] Step 50/54 Loss=4.0185 mse=0.0780 v_opt=0.00000 v_mand=0.00000 ptv=0.1068 ptv_max=0.00004 ring=0.00000 smooth=0.0092 laplacian=0.0206 beam=0.03132 homogeneity=0.0050 body=0.00000 bowel=0.00000 femur=0.00000
2026-05-22 19:38:49 [INFO] Step 54/54 Loss=18.8815 mse=0.6381 v_opt=0.00017 v_mand=0.00000 ptv=0.0732 ptv_max=0.00102 ring=0.00338 smooth=0.0393 laplacian=0.0930 beam=0.05354 homogeneity=0.0053 body=0.00000 bowel=0.00260 femur=0.00068
2026-05-22 19:38:49 [INFO] Running validation at epoch 139...
2026-05-22 19:39:19 [INFO] Epoch 139 Summary: Train=10.8371 Val=0.0087 (MSE=0.0087)
          Metrics: PTV_D95=52.47Gy Bladder=25.47Gy Rectum=28.57Gy
          Metrics: Ring=44.43Gy Dmax=992.70Gy BG=20.41Gy
2026-05-22 19:39:19 [INFO] [PHYSICS] Saved best model val_loss=0.0087
2026-05-22 19:39:19 [INFO] Epoch 140/300 [FULL PHYSICS] ramp=1.000 lr=5.62e-05
2026-05-22 19:39:24 [INFO] Step 5/54 Loss=18.5443 mse=0.2735 v_opt=0.00226 v_mand=0.00000 ptv=0.0765 ptv_max=0.00029 ring=0.00005 smooth=0.0376 laplacian=0.0902 beam=0.40316 homogeneity=0.0045 body=0.00000 bowel=0.01567 femur=0.00000
2026-05-22 19:39:28 [INFO] Step 10/54 Loss=3.6030 mse=0.0887 v_opt=0.00133 v_mand=0.00000 ptv=0.0669 ptv_max=0.00006 ring=0.00000 smooth=0.0030 laplacian=0.0058 beam=0.02418 homogeneity=0.0035 body=0.00000 bowel=0.00000 femur=0.00000
2026-05-22 19:39:31 [INFO] Step 15/54 Loss=13.3785 mse=0.1689 v_opt=0.04627 v_mand=0.00968 ptv=0.0307 ptv_max=0.00168 ring=0.00008 smooth=0.0174 laplacian=0.0420 beam=0.30512 homogeneity=0.0082 body=0.00000 bowel=0.00000 femur=0.00000
2026-05-22 19:39:34 [INFO] Step 20/54 Loss=13.7025 mse=0.1681 v_opt=0.01891 v_mand=0.00040 ptv=0.0294 ptv_max=0.00125 ring=0.00000 smooth=0.0059 laplacian=0.0138 beam=0.35091 homogeneity=0.0056 body=0.00000 bowel=0.00000 femur=0.00000
2026-05-22 19:39:37 [INFO] Step 25/54 Loss=6.2798 mse=0.1175 v_opt=0.04849 v_mand=0.00770 ptv=0.0623 ptv_max=0.00015 ring=0.00000 smooth=0.0063 laplacian=0.0144 beam=0.08275 homogeneity=0.0034 body=0.00000 bowel=0.00000 femur=0.00000
2026-05-22 19:39:42 [INFO] Step 30/54 Loss=5.6023 mse=0.1155 v_opt=0.00472 v_mand=0.00000 ptv=0.1486 ptv_max=0.00011 ring=0.00013 smooth=0.0168 laplacian=0.0396 beam=0.02898 homogeneity=0.0129 body=0.00000 bowel=0.00025 femur=0.00000
2026-05-22 19:39:45 [INFO] Step 35/54 Loss=10.2148 mse=0.1598 v_opt=0.00105 v_mand=0.00000 ptv=0.0706 ptv_max=0.00004 ring=0.00000 smooth=0.0080 laplacian=0.0188 beam=0.21449 homogeneity=0.0021 body=0.00000 bowel=0.00000 femur=0.00000
2026-05-22 19:39:48 [INFO] Step 40/54 Loss=4.3699 mse=0.1003 v_opt=0.00707 v_mand=0.00002 ptv=0.0683 ptv_max=0.00005 ring=0.00000 smooth=0.0088 laplacian=0.0189 beam=0.04009 homogeneity=0.0025 body=0.00000 bowel=0.00000 femur=0.00000
2026-05-22 19:39:51 [INFO] Step 45/54 Loss=6.1505 mse=0.1919 v_opt=0.00418 v_mand=0.00116 ptv=0.0476 ptv_max=0.00020 ring=0.00000 smooth=0.0090 laplacian=0.0206 beam=0.02436 homogeneity=0.0030 body=0.00000 bowel=0.00000 femur=0.00000
2026-05-22 19:39:56 [INFO] Step 50/54 Loss=10.8839 mse=0.2014 v_opt=0.00953 v_mand=0.00041 ptv=0.0499 ptv_max=0.00020 ring=0.00000 smooth=0.0102 laplacian=0.0238 beam=0.20211 homogeneity=0.0030 body=0.00000 bowel=0.00268 femur=0.00000
2026-05-22 19:39:58 [INFO] Step 54/54 Loss=34.4910 mse=0.8247 v_opt=0.02593 v_mand=0.00366 ptv=0.0761 ptv_max=0.00062 ring=0.00168 smooth=0.0216 laplacian=0.0451 beam=0.46881 homogeneity=0.0043 body=0.00000 bowel=0.03842 femur=0.01311
2026-05-22 19:39:58 [INFO] Running validation at epoch 140...
2026-05-22 19:40:28 [INFO] Epoch 140 Summary: Train=11.9516 Val=0.0090 (MSE=0.0090)
          Metrics: PTV_D95=54.33Gy Bladder=28.28Gy Rectum=30.16Gy
          Metrics: Ring=46.34Gy Dmax=1012.23Gy BG=20.65Gy
2026-05-22 19:40:28 [INFO] Epoch 141/300 [FULL PHYSICS] ramp=1.000 lr=5.57e-05
2026-05-22 19:40:34 [INFO] Step 5/54 Loss=41.9732 mse=0.2628 v_opt=0.64204 v_mand=0.47590 ptv=0.0239 ptv_max=0.00165 ring=0.00001 smooth=0.0354 laplacian=0.0853 beam=0.31713 homogeneity=0.0061 body=0.00000 bowel=0.08835 femur=0.00000
2026-05-22 19:40:38 [INFO] Step 10/54 Loss=12.3566 mse=0.1860 v_opt=0.00996 v_mand=0.00125 ptv=0.0447 ptv_max=0.00089 ring=0.00013 smooth=0.0166 laplacian=0.0417 beam=0.26828 homogeneity=0.0054 body=0.00000 bowel=0.00000 femur=0.00000
2026-05-22 19:40:40 [INFO] Step 15/54 Loss=3.3278 mse=0.0623 v_opt=0.00145 v_mand=0.00019 ptv=0.0471 ptv_max=0.00052 ring=0.00000 smooth=0.0069 laplacian=0.0161 beam=0.04130 homogeneity=0.0044 body=0.00000 bowel=0.00000 femur=0.00000
2026-05-22 19:40:43 [INFO] Step 20/54 Loss=6.8251 mse=0.1206 v_opt=0.00592 v_mand=0.00002 ptv=0.0539 ptv_max=0.00020 ring=0.00000 smooth=0.0053 laplacian=0.0111 beam=0.12423 homogeneity=0.0031 body=0.00000 bowel=0.00000 femur=0.00000
2026-05-22 19:40:48 [INFO] Step 25/54 Loss=8.9411 mse=0.2350 v_opt=0.00451 v_mand=0.00000 ptv=0.0727 ptv_max=0.00028 ring=0.00002 smooth=0.0369 laplacian=0.0901 beam=0.06944 homogeneity=0.0033 body=0.00000 bowel=0.00000 femur=0.00000
2026-05-22 19:40:52 [INFO] Step 30/54 Loss=6.0326 mse=0.0976 v_opt=0.00671 v_mand=0.00000 ptv=0.1211 ptv_max=0.00000 ring=0.00000 smooth=0.0061 laplacian=0.0137 beam=0.08738 homogeneity=0.0054 body=0.00000 bowel=0.00000 femur=0.00000
2026-05-22 19:40:54 [INFO] Step 35/54 Loss=9.6358 mse=0.1207 v_opt=0.08041 v_mand=0.02103 ptv=0.1110 ptv_max=0.00001 ring=0.00000 smooth=0.0101 laplacian=0.0235 beam=0.16241 homogeneity=0.0054 body=0.00000 bowel=0.00000 femur=0.00000
2026-05-22 19:40:57 [INFO] Step 40/54 Loss=17.7216 mse=0.2329 v_opt=0.01266 v_mand=0.00015 ptv=0.0823 ptv_max=0.00043 ring=0.00002 smooth=0.0117 laplacian=0.0282 beam=0.41476 homogeneity=0.0061 body=0.00000 bowel=0.02231 femur=0.00000
2026-05-22 19:41:03 [INFO] Step 45/54 Loss=3.6984 mse=0.1088 v_opt=0.00391 v_mand=0.00000 ptv=0.0599 ptv_max=0.00010 ring=0.00000 smooth=0.0042 laplacian=0.0089 beam=0.00979 homogeneity=0.0032 body=0.00000 bowel=0.00000 femur=0.00000
2026-05-22 19:41:06 [INFO] Step 50/54 Loss=17.9335 mse=0.2576 v_opt=0.01883 v_mand=0.00138 ptv=0.0176 ptv_max=0.00188 ring=0.00000 smooth=0.0291 laplacian=0.0774 beam=0.41453 homogeneity=0.0075 body=0.00000 bowel=0.00000 femur=0.00000
2026-05-22 19:41:08 [INFO] Step 54/54 Loss=5.5105 mse=0.1497 v_opt=0.00169 v_mand=0.00000 ptv=0.0630 ptv_max=0.00010 ring=0.00000 smooth=0.0065 laplacian=0.0147 beam=0.03916 homogeneity=0.0030 body=0.00000 bowel=0.00000 femur=0.00000
2026-05-22 19:41:08 [INFO] Running validation at epoch 141...
2026-05-22 19:41:38 [INFO] Epoch 141 Summary: Train=12.0266 Val=0.0094 (MSE=0.0094)
          Metrics: PTV_D95=54.86Gy Bladder=27.78Gy Rectum=27.81Gy
          Metrics: Ring=46.58Gy Dmax=1039.67Gy BG=21.12Gy
2026-05-22 19:41:38 [INFO] Epoch 142/300 [FULL PHYSICS] ramp=1.000 lr=5.52e-05
2026-05-22 19:41:44 [INFO] Step 5/54 Loss=27.2490 mse=0.5196 v_opt=0.00377 v_mand=0.00000 ptv=0.0968 ptv_max=0.00014 ring=0.00129 smooth=0.0679 laplacian=0.1621 beam=0.43408 homogeneity=0.0040 body=0.00000 bowel=0.09556 femur=0.00000
2026-05-22 19:41:47 [INFO] Step 10/54 Loss=4.7783 mse=0.0856 v_opt=0.00040 v_mand=0.00000 ptv=0.0864 ptv_max=0.00002 ring=0.00000 smooth=0.0055 laplacian=0.0120 beam=0.06546 homogeneity=0.0035 body=0.00000 bowel=0.00000 femur=0.00000
2026-05-22 19:41:50 [INFO] Step 15/54 Loss=15.7115 mse=0.1764 v_opt=0.00000 v_mand=0.00000 ptv=0.0000 ptv_max=0.00000 ring=0.00000 smooth=0.0270 laplacian=0.0679 beam=0.43744 homogeneity=0.0000 body=0.00000 bowel=0.00000 femur=0.00000
2026-05-22 19:41:53 [INFO] Step 20/54 Loss=13.0333 mse=0.2329 v_opt=0.01317 v_mand=0.00024 ptv=0.0220 ptv_max=0.00102 ring=0.00000 smooth=0.0093 laplacian=0.0214 beam=0.26277 homogeneity=0.0057 body=0.00000 bowel=0.00000 femur=0.00000
2026-05-22 19:41:58 [INFO] Step 25/54 Loss=9.3995 mse=0.1278 v_opt=0.07058 v_mand=0.02744 ptv=0.0719 ptv_max=0.00003 ring=0.00000 smooth=0.0078 laplacian=0.0183 beam=0.15349 homogeneity=0.0016 body=0.00000 bowel=0.00000 femur=0.00000
2026-05-22 19:42:00 [INFO] Step 30/54 Loss=9.6049 mse=0.2001 v_opt=0.02168 v_mand=0.00115 ptv=0.0803 ptv_max=0.00006 ring=0.00002 smooth=0.0197 laplacian=0.0474 beam=0.13503 homogeneity=0.0023 body=0.00000 bowel=0.00080 femur=0.00000
2026-05-22 19:42:04 [INFO] Step 35/54 Loss=7.4357 mse=0.0808 v_opt=0.00000 v_mand=0.00000 ptv=0.0564 ptv_max=0.00007 ring=0.00000 smooth=0.0058 laplacian=0.0134 beam=0.18666 homogeneity=0.0020 body=0.00000 bowel=0.00413 femur=0.00000
2026-05-22 19:42:07 [INFO] Step 40/54 Loss=9.5227 mse=0.1150 v_opt=0.00205 v_mand=0.00016 ptv=0.0462 ptv_max=0.00020 ring=0.00000 smooth=0.0120 laplacian=0.0275 beam=0.23719 homogeneity=0.0032 body=0.00000 bowel=0.00000 femur=0.00000
2026-05-22 19:42:11 [INFO] Step 45/54 Loss=5.5683 mse=0.1043 v_opt=0.00646 v_mand=0.00036 ptv=0.0613 ptv_max=0.00013 ring=0.00000 smooth=0.0061 laplacian=0.0130 beam=0.08597 homogeneity=0.0038 body=0.00000 bowel=0.00000 femur=0.00000
2026-05-22 19:42:14 [INFO] Step 50/54 Loss=8.0995 mse=0.0997 v_opt=0.00599 v_mand=0.00036 ptv=0.0550 ptv_max=0.00033 ring=0.00000 smooth=0.0080 laplacian=0.0181 beam=0.19184 homogeneity=0.0042 body=0.00000 bowel=0.00000 femur=0.00000
2026-05-22 19:42:16 [INFO] Step 54/54 Loss=20.1798 mse=0.3011 v_opt=0.03954 v_mand=0.00472 ptv=0.0505 ptv_max=0.00046 ring=0.00001 smooth=0.0249 laplacian=0.0613 beam=0.43433 homogeneity=0.0039 body=0.00000 bowel=0.03311 femur=0.00000
2026-05-22 19:42:16 [INFO] Running validation at epoch 142...
2026-05-22 19:42:46 [INFO] Epoch 142 Summary: Train=12.3054 Val=0.0086 (MSE=0.0086)
          Metrics: PTV_D95=55.62Gy Bladder=27.98Gy Rectum=30.33Gy
          Metrics: Ring=47.02Gy Dmax=1024.17Gy BG=19.99Gy
2026-05-22 19:42:46 [INFO] [PHYSICS] Saved best model val_loss=0.0086
2026-05-22 19:42:46 [INFO] Epoch 143/300 [FULL PHYSICS] ramp=1.000 lr=5.46e-05
2026-05-22 19:42:52 [INFO] Step 5/54 Loss=15.0673 mse=0.2281 v_opt=0.02466 v_mand=0.00197 ptv=0.0525 ptv_max=0.00011 ring=0.00002 smooth=0.0114 laplacian=0.0276 beam=0.33893 homogeneity=0.0026 body=0.00000 bowel=0.00000 femur=0.00000
2026-05-22 19:42:55 [INFO] Step 10/54 Loss=13.2216 mse=0.2387 v_opt=0.06364 v_mand=0.01528 ptv=0.0480 ptv_max=0.00026 ring=0.00002 smooth=0.0251 laplacian=0.0610 beam=0.15360 homogeneity=0.0023 body=0.00000 bowel=0.10861 femur=0.00000
2026-05-22 19:42:58 [INFO] Step 15/54 Loss=11.6163 mse=0.1763 v_opt=0.03014 v_mand=0.00086 ptv=0.0498 ptv_max=0.00019 ring=0.00000 smooth=0.0089 laplacian=0.0214 beam=0.25573 homogeneity=0.0035 body=0.00000 bowel=0.00008 femur=0.00000
2026-05-22 19:43:01 [INFO] Step 20/54 Loss=7.2936 mse=0.1484 v_opt=0.00112 v_mand=0.00000 ptv=0.0588 ptv_max=0.00009 ring=0.00000 smooth=0.0072 laplacian=0.0163 beam=0.11309 homogeneity=0.0032 body=0.00000 bowel=0.00000 femur=0.00000
2026-05-22 19:43:06 [INFO] Step 25/54 Loss=12.0730 mse=0.2622 v_opt=0.00105 v_mand=0.00000 ptv=0.0541 ptv_max=0.00023 ring=0.00000 smooth=0.0072 laplacian=0.0164 beam=0.19201 homogeneity=0.0026 body=0.00000 bowel=0.00000 femur=0.00000
2026-05-22 19:43:09 [INFO] Step 30/54 Loss=19.1633 mse=0.4417 v_opt=0.02982 v_mand=0.00371 ptv=0.0461 ptv_max=0.00580 ring=0.00977 smooth=0.0292 laplacian=0.0639 beam=0.23174 homogeneity=0.0128 body=0.00000 bowel=0.00000 femur=0.00000
2026-05-22 19:43:12 [INFO] Step 35/54 Loss=8.8601 mse=0.0789 v_opt=0.06626 v_mand=0.01473 ptv=0.0593 ptv_max=0.00008 ring=0.00000 smooth=0.0055 laplacian=0.0131 beam=0.21146 homogeneity=0.0029 body=0.00000 bowel=0.00000 femur=0.00000
2026-05-22 19:43:15 [INFO] Step 40/54 Loss=8.0106 mse=0.0597 v_opt=0.01781 v_mand=0.00379 ptv=0.0965 ptv_max=0.00007 ring=0.00000 smooth=0.0057 laplacian=0.0132 beam=0.20503 homogeneity=0.0059 body=0.00000 bowel=0.00000 femur=0.00000
2026-05-22 19:43:20 [INFO] Step 45/54 Loss=27.3221 mse=0.3966 v_opt=0.00049 v_mand=0.00000 ptv=0.1113 ptv_max=0.00012 ring=0.00017 smooth=0.1308 laplacian=0.3360 beam=0.56488 homogeneity=0.0049 body=0.00000 bowel=0.01611 femur=0.00000
2026-05-22 19:43:23 [INFO] Step 50/54 Loss=10.1994 mse=0.0441 v_opt=0.00000 v_mand=0.00000 ptv=0.3727 ptv_max=0.00000 ring=0.00000 smooth=0.0065 laplacian=0.0154 beam=0.18071 homogeneity=0.0384 body=0.00000 bowel=0.00000 femur=0.00000
2026-05-22 19:43:26 [INFO] Step 54/54 Loss=12.2075 mse=0.3656 v_opt=0.00000 v_mand=0.00000 ptv=0.0829 ptv_max=0.00012 ring=0.00000 smooth=0.0379 laplacian=0.0950 beam=0.04947 homogeneity=0.0033 body=0.00000 bowel=0.02699 femur=0.00000
2026-05-22 19:43:26 [INFO] Running validation at epoch 143...
2026-05-22 19:43:55 [INFO] Epoch 143 Summary: Train=12.5965 Val=0.0088 (MSE=0.0088)
          Metrics: PTV_D95=56.62Gy Bladder=26.71Gy Rectum=27.13Gy
          Metrics: Ring=46.38Gy Dmax=981.81Gy BG=20.42Gy
2026-05-22 19:43:55 [INFO] Epoch 144/300 [FULL PHYSICS] ramp=1.000 lr=5.41e-05
2026-05-22 19:44:01 [INFO] Step 5/54 Loss=4.3943 mse=0.1122 v_opt=0.00040 v_mand=0.00000 ptv=0.0466 ptv_max=0.00030 ring=0.00004 smooth=0.0098 laplacian=0.0230 beam=0.03502 homogeneity=0.0039 body=0.00000 bowel=0.00000 femur=0.00000
2026-05-22 19:44:04 [INFO] Step 10/54 Loss=11.7270 mse=0.1475 v_opt=0.01328 v_mand=0.00023 ptv=0.0461 ptv_max=0.00016 ring=0.00000 smooth=0.0152 laplacian=0.0375 beam=0.29053 homogeneity=0.0026 body=0.00000 bowel=0.00000 femur=0.00000
2026-05-22 19:44:07 [INFO] Step 15/54 Loss=19.3020 mse=0.3009 v_opt=0.06001 v_mand=0.01454 ptv=0.0496 ptv_max=0.00071 ring=0.00017 smooth=0.0748 laplacian=0.1986 beam=0.36689 homogeneity=0.0044 body=0.00000 bowel=0.00000 femur=0.00000
2026-05-22 19:44:10 [INFO] Step 20/54 Loss=20.7765 mse=0.4414 v_opt=0.00000 v_mand=0.00000 ptv=0.0696 ptv_max=0.00035 ring=0.01283 smooth=0.0664 laplacian=0.1616 beam=0.30429 homogeneity=0.0030 body=0.00000 bowel=0.01728 femur=0.00000
2026-05-22 19:44:14 [INFO] Step 25/54 Loss=11.2285 mse=0.2060 v_opt=0.00278 v_mand=0.00004 ptv=0.0496 ptv_max=0.00115 ring=0.00043 smooth=0.0172 laplacian=0.0427 beam=0.20032 homogeneity=0.0078 body=0.00000 bowel=0.00011 femur=0.00000
2026-05-22 19:44:18 [INFO] Step 30/54 Loss=4.3291 mse=0.1073 v_opt=0.01102 v_mand=0.00012 ptv=0.0536 ptv_max=0.00067 ring=0.00000 smooth=0.0049 laplacian=0.0096 beam=0.03235 homogeneity=0.0060 body=0.00000 bowel=0.00000 femur=0.00000
2026-05-22 19:44:21 [INFO] Step 35/54 Loss=25.5566 mse=0.4013 v_opt=0.07140 v_mand=0.01780 ptv=0.0329 ptv_max=0.00082 ring=0.00011 smooth=0.0381 laplacian=0.0949 beam=0.53767 homogeneity=0.0042 body=0.00000 bowel=0.00000 femur=0.00000
2026-05-22 19:44:24 [INFO] Step 40/54 Loss=5.9920 mse=0.1181 v_opt=0.01010 v_mand=0.00000 ptv=0.0662 ptv_max=0.00006 ring=0.00000 smooth=0.0052 laplacian=0.0116 beam=0.08976 homogeneity=0.0022 body=0.00000 bowel=0.00000 femur=0.00000
2026-05-22 19:44:28 [INFO] Step 45/54 Loss=19.3970 mse=0.3381 v_opt=0.00505 v_mand=0.00000 ptv=0.0844 ptv_max=0.00179 ring=0.00293 smooth=0.0872 laplacian=0.2294 beam=0.30995 homogeneity=0.0095 body=0.00000 bowel=0.04035 femur=0.00000
2026-05-22 19:44:32 [INFO] Step 50/54 Loss=16.2093 mse=0.2523 v_opt=0.01166 v_mand=0.00006 ptv=0.0668 ptv_max=0.00025 ring=0.00005 smooth=0.0190 laplacian=0.0469 beam=0.35008 homogeneity=0.0031 body=0.00000 bowel=0.00661 femur=0.00000
2026-05-22 19:44:34 [INFO] Step 54/54 Loss=7.9020 mse=0.0563 v_opt=0.00000 v_mand=0.00000 ptv=0.1367 ptv_max=0.00001 ring=0.00000 smooth=0.0053 laplacian=0.0121 beam=0.19689 homogeneity=0.0069 body=0.00000 bowel=0.00000 femur=0.00000
2026-05-22 19:44:34 [INFO] Running validation at epoch 144...
2026-05-22 19:45:03 [INFO] Epoch 144 Summary: Train=12.1295 Val=0.0084 (MSE=0.0084)
          Metrics: PTV_D95=54.68Gy Bladder=25.50Gy Rectum=30.07Gy
          Metrics: Ring=45.99Gy Dmax=991.63Gy BG=20.00Gy
2026-05-22 19:45:03 [INFO] [PHYSICS] Saved best model val_loss=0.0084
2026-05-22 19:45:03 [INFO] Epoch 145/300 [FULL PHYSICS] ramp=1.000 lr=5.36e-05
2026-05-22 19:45:09 [INFO] Step 5/54 Loss=7.6005 mse=0.2108 v_opt=0.00129 v_mand=0.00000 ptv=0.0642 ptv_max=0.00007 ring=0.00000 smooth=0.0066 laplacian=0.0151 beam=0.06205 homogeneity=0.0021 body=0.00000 bowel=0.00000 femur=0.00000
2026-05-22 19:45:12 [INFO] Step 10/54 Loss=8.9324 mse=0.1320 v_opt=0.01655 v_mand=0.00262 ptv=0.0319 ptv_max=0.00109 ring=0.00000 smooth=0.0050 laplacian=0.0105 beam=0.19229 homogeneity=0.0061 body=0.00000 bowel=0.00000 femur=0.00000
2026-05-22 19:45:15 [INFO] Step 15/54 Loss=11.3696 mse=0.1425 v_opt=0.01434 v_mand=0.00038 ptv=0.0623 ptv_max=0.00014 ring=0.00000 smooth=0.0087 laplacian=0.0201 beam=0.27728 homogeneity=0.0036 body=0.00000 bowel=0.00000 femur=0.00000
2026-05-22 19:45:18 [INFO] Step 20/54 Loss=8.4888 mse=0.0956 v_opt=0.04295 v_mand=0.01140 ptv=0.0540 ptv_max=0.00005 ring=0.00000 smooth=0.0063 laplacian=0.0140 beam=0.19100 homogeneity=0.0022 body=0.00000 bowel=0.00000 femur=0.00000
2026-05-22 19:45:24 [INFO] Step 25/54 Loss=8.8846 mse=0.0442 v_opt=0.00718 v_mand=0.00001 ptv=0.1079 ptv_max=0.00000 ring=0.00000 smooth=0.0059 laplacian=0.0131 beam=0.26071 homogeneity=0.0048 body=0.00000 bowel=0.00000 femur=0.00000
2026-05-22 19:45:27 [INFO] Step 30/54 Loss=7.7753 mse=0.2290 v_opt=0.01047 v_mand=0.00000 ptv=0.0508 ptv_max=0.00036 ring=0.00000 smooth=0.0075 laplacian=0.0180 beam=0.04746 homogeneity=0.0035 body=0.00000 bowel=0.00748 femur=0.00000
2026-05-22 19:45:30 [INFO] Step 35/54 Loss=15.7461 mse=0.3133 v_opt=0.02184 v_mand=0.00103 ptv=0.0152 ptv_max=0.00211 ring=0.00002 smooth=0.0084 laplacian=0.0191 beam=0.26996 homogeneity=0.0084 body=0.00000 bowel=0.01943 femur=0.00360
2026-05-22 19:45:33 [INFO] Step 40/54 Loss=4.1793 mse=0.0973 v_opt=0.00892 v_mand=0.00000 ptv=0.0297 ptv_max=0.00110 ring=0.00000 smooth=0.0071 laplacian=0.0152 beam=0.04262 homogeneity=0.0060 body=0.00000 bowel=0.00000 femur=0.00000
2026-05-22 19:45:39 [INFO] Step 45/54 Loss=6.5486 mse=0.0419 v_opt=0.00299 v_mand=0.00000 ptv=0.0690 ptv_max=0.00023 ring=0.00000 smooth=0.0066 laplacian=0.0157 beam=0.18354 homogeneity=0.0048 body=0.00000 bowel=0.00000 femur=0.00000
2026-05-22 19:45:41 [INFO] Step 50/54 Loss=9.7680 mse=0.0912 v_opt=0.00387 v_mand=0.00005 ptv=0.0818 ptv_max=0.00009 ring=0.00000 smooth=0.0055 laplacian=0.0109 beam=0.25924 homogeneity=0.0053 body=0.00000 bowel=0.00000 femur=0.00000
2026-05-22 19:45:44 [INFO] Step 54/54 Loss=3.7740 mse=0.0910 v_opt=0.00698 v_mand=0.00000 ptv=0.0766 ptv_max=0.00003 ring=0.00000 smooth=0.0090 laplacian=0.0202 beam=0.02194 homogeneity=0.0028 body=0.00000 bowel=0.00000 femur=0.00000
2026-05-22 19:45:44 [INFO] Running validation at epoch 145...
2026-05-22 19:46:13 [INFO] Epoch 145 Summary: Train=12.8399 Val=0.0085 (MSE=0.0085)
          Metrics: PTV_D95=56.02Gy Bladder=27.87Gy Rectum=30.64Gy
          Metrics: Ring=46.68Gy Dmax=914.13Gy BG=19.98Gy
2026-05-22 19:46:13 [INFO] Epoch 146/300 [FULL PHYSICS] ramp=1.000 lr=5.31e-05
2026-05-22 19:46:19 [INFO] Step 5/54 Loss=22.5038 mse=0.5288 v_opt=0.03389 v_mand=0.00441 ptv=0.0441 ptv_max=0.00220 ring=0.00400 smooth=0.0195 laplacian=0.0425 beam=0.26889 homogeneity=0.0080 body=0.00000 bowel=0.01413 femur=0.08401
2026-05-22 19:46:22 [INFO] Step 10/54 Loss=3.7630 mse=0.0668 v_opt=0.00662 v_mand=0.00000 ptv=0.0694 ptv_max=0.00015 ring=0.00000 smooth=0.0058 laplacian=0.0120 beam=0.04778 homogeneity=0.0051 body=0.00000 bowel=0.00000 femur=0.00000
2026-05-22 19:46:26 [INFO] Step 15/54 Loss=7.9442 mse=0.1098 v_opt=0.00000 v_mand=0.00000 ptv=0.0568 ptv_max=0.00072 ring=0.00000 smooth=0.0099 laplacian=0.0232 beam=0.17044 homogeneity=0.0069 body=0.00000 bowel=0.00000 femur=0.00000
2026-05-22 19:46:28 [INFO] Step 20/54 Loss=9.8506 mse=0.2280 v_opt=0.00720 v_mand=0.00000 ptv=0.0532 ptv_max=0.00033 ring=0.00000 smooth=0.0087 laplacian=0.0206 beam=0.13494 homogeneity=0.0034 body=0.00000 bowel=0.00000 femur=0.00000
2026-05-22 19:46:34 [INFO] Step 25/54 Loss=8.9192 mse=0.0937 v_opt=0.00224 v_mand=0.00014 ptv=0.0680 ptv_max=0.00012 ring=0.00001 smooth=0.0086 laplacian=0.0199 beam=0.22780 homogeneity=0.0032 body=0.00000 bowel=0.00000 femur=0.00000
2026-05-22 19:46:37 [INFO] Step 30/54 Loss=7.2627 mse=0.1263 v_opt=0.01021 v_mand=0.00125 ptv=0.0540 ptv_max=0.00010 ring=0.00000 smooth=0.0063 laplacian=0.0130 beam=0.13384 homogeneity=0.0025 body=0.00000 bowel=0.00000 femur=0.00000
2026-05-22 19:46:40 [INFO] Step 35/54 Loss=14.0300 mse=0.2974 v_opt=0.02351 v_mand=0.00050 ptv=0.0504 ptv_max=0.00022 ring=0.00001 smooth=0.0318 laplacian=0.0793 beam=0.22029 homogeneity=0.0025 body=0.00000 bowel=0.00003 femur=0.00000
2026-05-22 19:46:43 [INFO] Step 40/54 Loss=22.0580 mse=0.3956 v_opt=0.03813 v_mand=0.00300 ptv=0.0406 ptv_max=0.00111 ring=0.00038 smooth=0.0252 laplacian=0.0617 beam=0.40174 homogeneity=0.0051 body=0.00000 bowel=0.05878 femur=0.00000
2026-05-22 19:46:48 [INFO] Step 45/54 Loss=9.0536 mse=0.1212 v_opt=0.00518 v_mand=0.00000 ptv=0.0613 ptv_max=0.00017 ring=0.00000 smooth=0.0061 laplacian=0.0134 beam=0.20837 homogeneity=0.0047 body=0.00000 bowel=0.00000 femur=0.00000
2026-05-22 19:46:51 [INFO] Step 50/54 Loss=19.2836 mse=0.2042 v_opt=0.01053 v_mand=0.00028 ptv=0.0680 ptv_max=0.00018 ring=0.00001 smooth=0.0193 laplacian=0.0476 beam=0.52416 homogeneity=0.0037 body=0.00000 bowel=0.00000 femur=0.00000
2026-05-22 19:46:53 [INFO] Step 54/54 Loss=7.0293 mse=0.1366 v_opt=0.04032 v_mand=0.00656 ptv=0.0550 ptv_max=0.00011 ring=0.00004 smooth=0.0084 laplacian=0.0188 beam=0.09911 homogeneity=0.0029 body=0.00000 bowel=0.00002 femur=0.00000
2026-05-22 19:46:53 [INFO] Running validation at epoch 146...
2026-05-22 19:47:22 [INFO] Epoch 146 Summary: Train=14.0504 Val=0.0081 (MSE=0.0081)
          Metrics: PTV_D95=55.85Gy Bladder=29.29Gy Rectum=29.89Gy
          Metrics: Ring=47.11Gy Dmax=1118.57Gy BG=19.60Gy
2026-05-22 19:47:22 [INFO] [PHYSICS] Saved best model val_loss=0.0081
2026-05-22 19:47:22 [INFO] Epoch 147/300 [FULL PHYSICS] ramp=1.000 lr=5.26e-05
2026-05-22 19:47:28 [INFO] Step 5/54 Loss=6.7897 mse=0.2137 v_opt=0.01112 v_mand=0.00003 ptv=0.0583 ptv_max=0.00008 ring=0.00009 smooth=0.0154 laplacian=0.0373 beam=0.02300 homogeneity=0.0024 body=0.00000 bowel=0.00000 femur=0.00000
2026-05-22 19:47:31 [INFO] Step 10/54 Loss=6.8881 mse=0.1654 v_opt=0.00081 v_mand=0.00000 ptv=0.0404 ptv_max=0.00035 ring=0.00000 smooth=0.0113 laplacian=0.0254 beam=0.08333 homogeneity=0.0037 body=0.00000 bowel=0.00000 femur=0.00000
2026-05-22 19:47:35 [INFO] Step 15/54 Loss=12.2612 mse=0.1813 v_opt=0.00017 v_mand=0.00000 ptv=0.0562 ptv_max=0.00043 ring=0.00001 smooth=0.0080 laplacian=0.0188 beam=0.27514 homogeneity=0.0031 body=0.00000 bowel=0.00404 femur=0.00000
2026-05-22 19:47:38 [INFO] Step 20/54 Loss=6.9473 mse=0.0369 v_opt=0.00807 v_mand=0.00000 ptv=0.1104 ptv_max=0.00001 ring=0.00000 smooth=0.0034 laplacian=0.0073 beam=0.19038 homogeneity=0.0052 body=0.00000 bowel=0.00000 femur=0.00000
2026-05-22 19:47:43 [INFO] Step 25/54 Loss=14.3577 mse=0.1860 v_opt=0.01560 v_mand=0.00001 ptv=0.0632 ptv_max=0.00016 ring=0.00002 smooth=0.0149 laplacian=0.0367 beam=0.35034 homogeneity=0.0030 body=0.00000 bowel=0.00000 femur=0.00000
2026-05-22 19:47:46 [INFO] Step 30/54 Loss=19.2602 mse=0.2721 v_opt=0.06998 v_mand=0.01637 ptv=0.0247 ptv_max=0.00050 ring=0.00000 smooth=0.0088 laplacian=0.0219 beam=0.43936 homogeneity=0.0038 body=0.00000 bowel=0.00000 femur=0.00000
2026-05-22 19:47:49 [INFO] Step 35/54 Loss=5.8858 mse=0.1058 v_opt=0.00001 v_mand=0.00000 ptv=0.0621 ptv_max=0.00013 ring=0.00001 smooth=0.0071 laplacian=0.0160 beam=0.09864 homogeneity=0.0024 body=0.00000 bowel=0.00000 femur=0.00000
2026-05-22 19:47:52 [INFO] Step 40/54 Loss=15.2046 mse=0.2164 v_opt=0.00778 v_mand=0.00048 ptv=0.0508 ptv_max=0.00024 ring=0.00001 smooth=0.0170 laplacian=0.0411 beam=0.35571 homogeneity=0.0026 body=0.00000 bowel=0.00302 femur=0.00000
2026-05-22 19:47:55 [INFO] Step 45/54 Loss=18.2069 mse=0.2847 v_opt=0.00026 v_mand=0.00000 ptv=0.0624 ptv_max=0.00018 ring=0.00001 smooth=0.0227 laplacian=0.0561 beam=0.40342 homogeneity=0.0025 body=0.00000 bowel=0.00000 femur=0.00000
2026-05-22 19:48:00 [INFO] Step 50/54 Loss=19.3501 mse=0.3531 v_opt=0.00633 v_mand=0.00000 ptv=0.0406 ptv_max=0.00144 ring=0.00053 smooth=0.0370 laplacian=0.0957 beam=0.34498 homogeneity=0.0061 body=0.00000 bowel=0.04123 femur=0.00000
2026-05-22 19:48:02 [INFO] Step 54/54 Loss=12.3152 mse=0.3724 v_opt=0.01151 v_mand=0.00000 ptv=0.0413 ptv_max=0.00127 ring=0.00029 smooth=0.0388 laplacian=0.1006 beam=0.06695 homogeneity=0.0069 body=0.00000 bowel=0.00000 femur=0.00201
2026-05-22 19:48:02 [INFO] Running validation at epoch 147...
2026-05-22 19:48:31 [INFO] Epoch 147 Summary: Train=11.8379 Val=0.0085 (MSE=0.0085)
          Metrics: PTV_D95=55.79Gy Bladder=27.93Gy Rectum=29.94Gy
          Metrics: Ring=46.61Gy Dmax=1137.75Gy BG=19.86Gy
2026-05-22 19:48:31 [INFO] Epoch 148/300 [FULL PHYSICS] ramp=1.000 lr=5.21e-05
2026-05-22 19:48:38 [INFO] Step 5/54 Loss=3.0952 mse=0.0718 v_opt=0.00439 v_mand=0.00024 ptv=0.0551 ptv_max=0.00015 ring=0.00000 smooth=0.0061 laplacian=0.0125 beam=0.02312 homogeneity=0.0030 body=0.00000 bowel=0.00000 femur=0.00000
2026-05-22 19:48:41 [INFO] Step 10/54 Loss=15.2774 mse=0.4677 v_opt=0.01762 v_mand=0.00161 ptv=0.0735 ptv_max=0.00369 ring=0.01253 smooth=0.0459 laplacian=0.1061 beam=0.04204 homogeneity=0.0100 body=0.00000 bowel=0.00675 femur=0.00629
2026-05-22 19:48:44 [INFO] Step 15/54 Loss=14.8605 mse=0.5059 v_opt=0.02039 v_mand=0.00126 ptv=0.0722 ptv_max=0.00032 ring=0.00115 smooth=0.0111 laplacian=0.0251 beam=0.02792 homogeneity=0.0031 body=0.00000 bowel=0.01364 femur=0.02201
2026-05-22 19:48:47 [INFO] Step 20/54 Loss=9.8905 mse=0.1499 v_opt=0.00009 v_mand=0.00000 ptv=0.0642 ptv_max=0.00019 ring=0.00000 smooth=0.0171 laplacian=0.0397 beam=0.20701 homogeneity=0.0042 body=0.00000 bowel=0.00000 femur=0.00000
2026-05-22 19:48:53 [INFO] Step 25/54 Loss=7.7837 mse=0.1209 v_opt=0.01265 v_mand=0.00004 ptv=0.0500 ptv_max=0.00027 ring=0.00000 smooth=0.0055 laplacian=0.0119 beam=0.15692 homogeneity=0.0036 body=0.00000 bowel=0.00894 femur=0.00000
2026-05-22 19:48:55 [INFO] Step 30/54 Loss=11.9935 mse=0.1456 v_opt=0.00085 v_mand=0.00000 ptv=0.0316 ptv_max=0.00034 ring=0.00000 smooth=0.0068 laplacian=0.0159 beam=0.31330 homogeneity=0.0033 body=0.00000 bowel=0.00000 femur=0.00000
2026-05-22 19:48:58 [INFO] Step 35/54 Loss=31.6791 mse=0.5418 v_opt=0.03575 v_mand=0.00768 ptv=0.0575 ptv_max=0.00295 ring=0.00079 smooth=0.0449 laplacian=0.1105 beam=0.58091 homogeneity=0.0099 body=0.00000 bowel=0.08827 femur=0.00062
2026-05-22 19:49:01 [INFO] Step 40/54 Loss=18.1908 mse=0.3122 v_opt=0.00690 v_mand=0.00031 ptv=0.0469 ptv_max=0.00119 ring=0.00029 smooth=0.0239 laplacian=0.0557 beam=0.37102 homogeneity=0.0062 body=0.00000 bowel=0.00000 femur=0.00013
2026-05-22 19:49:07 [INFO] Step 45/54 Loss=21.0674 mse=0.5147 v_opt=0.05172 v_mand=0.00532 ptv=0.0706 ptv_max=0.00175 ring=0.00421 smooth=0.0387 laplacian=0.0857 beam=0.24622 homogeneity=0.0061 body=0.00000 bowel=0.00086 femur=0.00403
2026-05-22 19:49:10 [INFO] Step 50/54 Loss=6.3102 mse=0.0869 v_opt=0.00981 v_mand=0.00000 ptv=0.0761 ptv_max=0.00003 ring=0.00000 smooth=0.0079 laplacian=0.0176 beam=0.12820 homogeneity=0.0026 body=0.00000 bowel=0.00000 femur=0.00000
2026-05-22 19:49:12 [INFO] Step 54/54 Loss=14.2145 mse=0.1748 v_opt=0.06241 v_mand=0.02222 ptv=0.0909 ptv_max=0.00002 ring=0.00001 smooth=0.0160 laplacian=0.0396 beam=0.29703 homogeneity=0.0029 body=0.00000 bowel=0.00000 femur=0.00000
2026-05-22 19:49:12 [INFO] Running validation at epoch 148...
2026-05-22 19:49:41 [INFO] Epoch 148 Summary: Train=10.9158 Val=0.0080 (MSE=0.0080)
          Metrics: PTV_D95=53.44Gy Bladder=25.80Gy Rectum=31.06Gy
          Metrics: Ring=44.92Gy Dmax=968.77Gy BG=19.43Gy
2026-05-22 19:49:41 [INFO] [PHYSICS] Saved best model val_loss=0.0080
2026-05-22 19:49:41 [INFO] Epoch 149/300 [FULL PHYSICS] ramp=1.000 lr=5.15e-05
2026-05-22 19:49:48 [INFO] Step 5/54 Loss=10.0684 mse=0.1307 v_opt=0.00000 v_mand=0.00000 ptv=0.0666 ptv_max=0.00006 ring=0.00000 smooth=0.0065 laplacian=0.0148 beam=0.23896 homogeneity=0.0036 body=0.00000 bowel=0.00000 femur=0.00000
2026-05-22 19:49:50 [INFO] Step 10/54 Loss=10.1543 mse=0.0922 v_opt=0.00018 v_mand=0.00000 ptv=0.0390 ptv_max=0.00070 ring=0.00000 smooth=0.0092 laplacian=0.0211 beam=0.28546 homogeneity=0.0051 body=0.00000 bowel=0.00000 femur=0.00000
2026-05-22 19:49:54 [INFO] Step 15/54 Loss=15.1021 mse=0.2560 v_opt=0.03504 v_mand=0.00306 ptv=0.0358 ptv_max=0.00076 ring=0.00043 smooth=0.0242 laplacian=0.0604 beam=0.29351 homogeneity=0.0048 body=0.00000 bowel=0.01527 femur=0.00133
2026-05-22 19:49:56 [INFO] Step 20/54 Loss=7.2334 mse=0.0425 v_opt=0.02506 v_mand=0.00246 ptv=0.0633 ptv_max=0.00024 ring=0.00000 smooth=0.0036 laplacian=0.0075 beam=0.19204 homogeneity=0.0048 body=0.00000 bowel=0.02593 femur=0.00000
2026-05-22 19:50:02 [INFO] Step 25/54 Loss=5.8919 mse=0.0256 v_opt=0.00757 v_mand=0.00000 ptv=0.0863 ptv_max=0.00007 ring=0.00000 smooth=0.0028 laplacian=0.0061 beam=0.17012 homogeneity=0.0038 body=0.00000 bowel=0.00000 femur=0.00000
2026-05-22 19:50:05 [INFO] Step 30/54 Loss=7.2414 mse=0.0665 v_opt=0.00000 v_mand=0.00000 ptv=0.0833 ptv_max=0.00002 ring=0.00001 smooth=0.0049 laplacian=0.0120 beam=0.18499 homogeneity=0.0026 body=0.00000 bowel=0.00000 femur=0.00000
2026-05-22 19:50:08 [INFO] Step 35/54 Loss=6.9594 mse=0.1179 v_opt=0.01097 v_mand=0.00000 ptv=0.0458 ptv_max=0.00017 ring=0.00000 smooth=0.0050 laplacian=0.0110 beam=0.13542 homogeneity=0.0030 body=0.00000 bowel=0.00000 femur=0.00000
2026-05-22 19:50:10 [INFO] Step 40/54 Loss=15.5350 mse=0.4787 v_opt=0.00059 v_mand=0.00000 ptv=0.0259 ptv_max=0.00545 ring=0.00417 smooth=0.0187 laplacian=0.0398 beam=0.07661 homogeneity=0.0131 body=0.00000 bowel=0.00212 femur=0.00000
2026-05-22 19:50:16 [INFO] Step 45/54 Loss=11.0465 mse=0.3341 v_opt=0.01273 v_mand=0.00016 ptv=0.0938 ptv_max=0.00078 ring=0.00251 smooth=0.0218 laplacian=0.0551 beam=0.04326 homogeneity=0.0094 body=0.00000 bowel=0.00000 femur=0.00000
2026-05-22 19:50:19 [INFO] Step 50/54 Loss=10.4831 mse=0.1622 v_opt=0.00736 v_mand=0.00000 ptv=0.0480 ptv_max=0.00011 ring=0.00000 smooth=0.0074 laplacian=0.0167 beam=0.23158 homogeneity=0.0018 body=0.00000 bowel=0.00000 femur=0.00000
2026-05-22 19:50:21 [INFO] Step 54/54 Loss=2.8058 mse=0.0649 v_opt=0.00303 v_mand=0.00000 ptv=0.0678 ptv_max=0.00018 ring=0.00000 smooth=0.0034 laplacian=0.0068 beam=0.01466 homogeneity=0.0035 body=0.00000 bowel=0.00000 femur=0.00000
2026-05-22 19:50:21 [INFO] Running validation at epoch 149...
2026-05-22 19:50:51 [INFO] Epoch 149 Summary: Train=10.3207 Val=0.0081 (MSE=0.0081)
          Metrics: PTV_D95=56.32Gy Bladder=28.44Gy Rectum=29.99Gy
          Metrics: Ring=46.48Gy Dmax=982.63Gy BG=19.44Gy
2026-05-22 19:50:51 [INFO] Epoch 150/300 [FULL PHYSICS] ramp=1.000 lr=5.10e-05
2026-05-22 19:50:57 [INFO] Step 5/54 Loss=11.8166 mse=0.1493 v_opt=0.04763 v_mand=0.00719 ptv=0.0445 ptv_max=0.00059 ring=0.00008 smooth=0.0182 laplacian=0.0444 beam=0.26936 homogeneity=0.0060 body=0.00000 bowel=0.00000 femur=0.00000
2026-05-22 19:51:00 [INFO] Step 10/54 Loss=15.8338 mse=0.4547 v_opt=0.00460 v_mand=0.00024 ptv=0.0321 ptv_max=0.00165 ring=0.00045 smooth=0.0379 laplacian=0.0926 beam=0.11687 homogeneity=0.0065 body=0.00000 bowel=0.02117 femur=0.00000
2026-05-22 19:51:03 [INFO] Step 15/54 Loss=11.2127 mse=0.1295 v_opt=0.00003 v_mand=0.00000 ptv=0.0801 ptv_max=0.00002 ring=0.00000 smooth=0.0095 laplacian=0.0220 beam=0.28006 homogeneity=0.0024 body=0.00000 bowel=0.00000 femur=0.00000
2026-05-22 19:51:06 [INFO] Step 20/54 Loss=6.0335 mse=0.0723 v_opt=0.00479 v_mand=0.00000 ptv=0.0889 ptv_max=0.00004 ring=0.00000 smooth=0.0049 laplacian=0.0109 beam=0.12808 homogeneity=0.0030 body=0.00000 bowel=0.00000 femur=0.00000
2026-05-22 19:51:10 [INFO] Step 25/54 Loss=14.9762 mse=0.2531 v_opt=0.05066 v_mand=0.00631 ptv=0.0353 ptv_max=0.00040 ring=0.00003 smooth=0.0123 laplacian=0.0288 beam=0.30355 homogeneity=0.0037 body=0.00000 bowel=0.00000 femur=0.00000
2026-05-22 19:51:14 [INFO] Step 30/54 Loss=11.6422 mse=0.2492 v_opt=0.00324 v_mand=0.00000 ptv=0.0549 ptv_max=0.00073 ring=0.00056 smooth=0.0180 laplacian=0.0450 beam=0.15362 homogeneity=0.0038 body=0.00000 bowel=0.03653 femur=0.00333
2026-05-22 19:51:17 [INFO] Step 35/54 Loss=9.8186 mse=0.1024 v_opt=0.00289 v_mand=0.00000 ptv=0.0192 ptv_max=0.00080 ring=0.00000 smooth=0.0061 laplacian=0.0140 beam=0.27053 homogeneity=0.0051 body=0.00000 bowel=0.00000 femur=0.00000
2026-05-22 19:51:20 [INFO] Step 40/54 Loss=7.6854 mse=0.0396 v_opt=0.00008 v_mand=0.00000 ptv=0.0660 ptv_max=0.00014 ring=0.00000 smooth=0.0056 laplacian=0.0127 beam=0.23474 homogeneity=0.0038 body=0.00000 bowel=0.00000 femur=0.00000
2026-05-22 19:51:24 [INFO] Step 45/54 Loss=11.9812 mse=0.1565 v_opt=0.02261 v_mand=0.00203 ptv=0.0675 ptv_max=0.00002 ring=0.00000 smooth=0.0095 laplacian=0.0236 beam=0.28326 homogeneity=0.0017 body=0.00000 bowel=0.00000 femur=0.00000
2026-05-22 19:51:28 [INFO] Step 50/54 Loss=3.3675 mse=0.0707 v_opt=0.00212 v_mand=0.00000 ptv=0.0575 ptv_max=0.00011 ring=0.00000 smooth=0.0048 laplacian=0.0101 beam=0.03568 homogeneity=0.0028 body=0.00000 bowel=0.00000 femur=0.00000
2026-05-22 19:51:30 [INFO] Step 54/54 Loss=8.2144 mse=0.0772 v_opt=0.00397 v_mand=0.00023 ptv=0.0591 ptv_max=0.00006 ring=0.00000 smooth=0.0075 laplacian=0.0167 beam=0.22091 homogeneity=0.0025 body=0.00000 bowel=0.00000 femur=0.00000
2026-05-22 19:51:30 [INFO] Running validation at epoch 150...
2026-05-22 19:52:00 [INFO] Epoch 150 Summary: Train=11.2878 Val=0.0081 (MSE=0.0081)
          Metrics: PTV_D95=55.86Gy Bladder=26.46Gy Rectum=28.37Gy
          Metrics: Ring=45.87Gy Dmax=1048.29Gy BG=19.23Gy
2026-05-22 19:52:00 [INFO] Epoch 151/300 [FULL PHYSICS] ramp=1.000 lr=5.05e-05
2026-05-22 19:52:06 [INFO] Step 5/54 Loss=21.8155 mse=0.3384 v_opt=0.00035 v_mand=0.00000 ptv=0.0169 ptv_max=0.00113 ring=0.00000 smooth=0.0141 laplacian=0.0349 beam=0.50843 homogeneity=0.0058 body=0.00000 bowel=0.00000 femur=0.00000
2026-05-22 19:52:09 [INFO] Step 10/54 Loss=6.0078 mse=0.0352 v_opt=0.00337 v_mand=0.00000 ptv=0.0799 ptv_max=0.00004 ring=0.00000 smooth=0.0046 laplacian=0.0104 beam=0.16812 homogeneity=0.0028 body=0.00000 bowel=0.00000 femur=0.00000
2026-05-22 19:52:12 [INFO] Step 15/54 Loss=16.1987 mse=0.2310 v_opt=0.07894 v_mand=0.01665 ptv=0.0470 ptv_max=0.00059 ring=0.00000 smooth=0.0201 laplacian=0.0489 beam=0.33363 homogeneity=0.0049 body=0.00000 bowel=0.01133 femur=0.00019
2026-05-22 19:52:15 [INFO] Step 20/54 Loss=11.5305 mse=0.1483 v_opt=0.07453 v_mand=0.01422 ptv=0.0346 ptv_max=0.00033 ring=0.00001 smooth=0.0121 laplacian=0.0288 beam=0.25383 homogeneity=0.0033 body=0.00000 bowel=0.00000 femur=0.00000
2026-05-22 19:52:20 [INFO] Step 25/54 Loss=8.0904 mse=0.0833 v_opt=0.00607 v_mand=0.00016 ptv=0.0925 ptv_max=0.00049 ring=0.00003 smooth=0.0078 laplacian=0.0179 beam=0.17211 homogeneity=0.0121 body=0.00000 bowel=0.02297 femur=0.00000
2026-05-22 19:52:23 [INFO] Step 30/54 Loss=29.2301 mse=0.3590 v_opt=0.00556 v_mand=0.00024 ptv=0.0644 ptv_max=0.00037 ring=0.00017 smooth=0.0300 laplacian=0.0628 beam=0.76399 homogeneity=0.0043 body=0.00000 bowel=0.00000 femur=0.00000
2026-05-22 19:52:26 [INFO] Step 35/54 Loss=10.0498 mse=0.1057 v_opt=0.00532 v_mand=0.00004 ptv=0.0462 ptv_max=0.00023 ring=0.00000 smooth=0.0069 laplacian=0.0156 beam=0.27000 homogeneity=0.0032 body=0.00000 bowel=0.00000 femur=0.00000
2026-05-22 19:52:29 [INFO] Step 40/54 Loss=15.9529 mse=0.2022 v_opt=0.00585 v_mand=0.00000 ptv=0.0322 ptv_max=0.00038 ring=0.00000 smooth=0.0102 laplacian=0.0246 beam=0.41220 homogeneity=0.0034 body=0.00000 bowel=0.00000 femur=0.00000
2026-05-22 19:52:34 [INFO] Step 45/54 Loss=14.2439 mse=0.1354 v_opt=0.00171 v_mand=0.00000 ptv=0.0645 ptv_max=0.00011 ring=0.00000 smooth=0.0131 laplacian=0.0306 beam=0.39818 homogeneity=0.0037 body=0.00000 bowel=0.00000 femur=0.00000
2026-05-22 19:52:37 [INFO] Step 50/54 Loss=16.4896 mse=0.3886 v_opt=0.03024 v_mand=0.00178 ptv=0.0420 ptv_max=0.00166 ring=0.00131 smooth=0.0169 laplacian=0.0356 beam=0.20531 homogeneity=0.0061 body=0.00000 bowel=0.03252 femur=0.00000
2026-05-22 19:52:40 [INFO] Step 54/54 Loss=29.0205 mse=0.3793 v_opt=0.00156 v_mand=0.00000 ptv=0.0545 ptv_max=0.00063 ring=0.00001 smooth=0.0293 laplacian=0.0781 beam=0.73093 homogeneity=0.0043 body=0.00000 bowel=0.00758 femur=0.00000
2026-05-22 19:52:40 [INFO] Running validation at epoch 151...
2026-05-22 19:53:09 [INFO] Epoch 151 Summary: Train=11.1621 Val=0.0081 (MSE=0.0081)
          Metrics: PTV_D95=56.77Gy Bladder=27.19Gy Rectum=29.45Gy
          Metrics: Ring=46.93Gy Dmax=1020.94Gy BG=19.19Gy
2026-05-22 19:53:09 [INFO] Epoch 152/300 [FULL PHYSICS] ramp=1.000 lr=5.00e-05
2026-05-22 19:53:15 [INFO] Step 5/54 Loss=7.0922 mse=0.1288 v_opt=0.00348 v_mand=0.00000 ptv=0.0697 ptv_max=0.00003 ring=0.00004 smooth=0.0094 laplacian=0.0209 beam=0.12032 homogeneity=0.0021 body=0.00000 bowel=0.00000 femur=0.00000
2026-05-22 19:53:18 [INFO] Step 10/54 Loss=3.3770 mse=0.0786 v_opt=0.00039 v_mand=0.00000 ptv=0.0825 ptv_max=0.00004 ring=0.00000 smooth=0.0062 laplacian=0.0141 beam=0.01735 homogeneity=0.0035 body=0.00000 bowel=0.00000 femur=0.00000
2026-05-22 19:53:21 [INFO] Step 15/54 Loss=7.4823 mse=0.0562 v_opt=0.00150 v_mand=0.00000 ptv=0.1215 ptv_max=0.00014 ring=0.00002 smooth=0.0098 laplacian=0.0231 beam=0.17902 homogeneity=0.0118 body=0.00000 bowel=0.00000 femur=0.00000
2026-05-22 19:53:24 [INFO] Step 20/54 Loss=16.8757 mse=0.1231 v_opt=0.03992 v_mand=0.00716 ptv=0.0457 ptv_max=0.00053 ring=0.00000 smooth=0.0086 laplacian=0.0204 beam=0.25844 homogeneity=0.0056 body=0.00000 bowel=0.40922 femur=0.00000
2026-05-22 19:53:28 [INFO] Step 25/54 Loss=12.6909 mse=0.1419 v_opt=0.00772 v_mand=0.00026 ptv=0.0504 ptv_max=0.00019 ring=0.00001 smooth=0.0103 laplacian=0.0245 beam=0.33549 homogeneity=0.0031 body=0.00000 bowel=0.00000 femur=0.00000
2026-05-22 19:53:33 [INFO] Step 30/54 Loss=8.9086 mse=0.0847 v_opt=0.01696 v_mand=0.00091 ptv=0.0626 ptv_max=0.00029 ring=0.00000 smooth=0.0095 laplacian=0.0228 beam=0.23378 homogeneity=0.0036 body=0.00000 bowel=0.00000 femur=0.00000
2026-05-22 19:53:35 [INFO] Step 35/54 Loss=13.3550 mse=0.3407 v_opt=0.13973 v_mand=0.05092 ptv=0.0752 ptv_max=0.00054 ring=0.00124 smooth=0.0164 laplacian=0.0372 beam=0.03269 homogeneity=0.0042 body=0.00000 bowel=0.00107 femur=0.00400
2026-05-22 19:53:38 [INFO] Step 40/54 Loss=13.4259 mse=0.4322 v_opt=0.02718 v_mand=0.00359 ptv=0.0752 ptv_max=0.00058 ring=0.00045 smooth=0.0165 laplacian=0.0380 beam=0.04662 homogeneity=0.0051 body=0.00000 bowel=0.00062 femur=0.00610
2026-05-22 19:53:42 [INFO] Step 45/54 Loss=11.0888 mse=0.1295 v_opt=0.00346 v_mand=0.00000 ptv=0.0449 ptv_max=0.00128 ring=0.00000 smooth=0.0059 laplacian=0.0134 beam=0.27835 homogeneity=0.0086 body=0.00000 bowel=0.00000 femur=0.00000
2026-05-22 19:53:47 [INFO] Step 50/54 Loss=9.5001 mse=0.1888 v_opt=0.00678 v_mand=0.00001 ptv=0.0412 ptv_max=0.00061 ring=0.00004 smooth=0.0136 laplacian=0.0319 beam=0.15909 homogeneity=0.0056 body=0.00000 bowel=0.00000 femur=0.00000
2026-05-22 19:53:49 [INFO] Step 54/54 Loss=7.0012 mse=0.0696 v_opt=0.00033 v_mand=0.00000 ptv=0.0414 ptv_max=0.00041 ring=0.00000 smooth=0.0067 laplacian=0.0153 beam=0.18492 homogeneity=0.0040 body=0.00000 bowel=0.00000 femur=0.00000
2026-05-22 19:53:49 [INFO] Running validation at epoch 152...
2026-05-22 19:54:18 [INFO] Epoch 152 Summary: Train=13.7648 Val=0.0074 (MSE=0.0074)
          Metrics: PTV_D95=54.55Gy Bladder=29.06Gy Rectum=29.08Gy
          Metrics: Ring=45.39Gy Dmax=1051.52Gy BG=18.56Gy
2026-05-22 19:54:18 [INFO] [PHYSICS] Saved best model val_loss=0.0074
2026-05-22 19:54:18 [INFO] Epoch 153/300 [FULL PHYSICS] ramp=1.000 lr=4.95e-05
2026-05-22 19:54:24 [INFO] Step 5/54 Loss=3.3562 mse=0.0589 v_opt=0.00392 v_mand=0.00000 ptv=0.0824 ptv_max=0.00004 ring=0.00000 smooth=0.0048 laplacian=0.0101 beam=0.03631 homogeneity=0.0042 body=0.00000 bowel=0.00000 femur=0.00000
2026-05-22 19:54:27 [INFO] Step 10/54 Loss=10.5442 mse=0.1853 v_opt=0.01872 v_mand=0.00102 ptv=0.0683 ptv_max=0.00038 ring=0.00003 smooth=0.0247 laplacian=0.0638 beam=0.18263 homogeneity=0.0064 body=0.00000 bowel=0.00300 femur=0.00000
2026-05-22 19:54:30 [INFO] Step 15/54 Loss=6.3697 mse=0.1253 v_opt=0.00848 v_mand=0.00000 ptv=0.0393 ptv_max=0.00031 ring=0.00000 smooth=0.0037 laplacian=0.0077 beam=0.10671 homogeneity=0.0035 body=0.00000 bowel=0.00000 femur=0.00000
2026-05-22 19:54:33 [INFO] Step 20/54 Loss=4.4889 mse=0.0613 v_opt=0.02797 v_mand=0.00179 ptv=0.0302 ptv_max=0.00046 ring=0.00000 smooth=0.0046 laplacian=0.0103 beam=0.09225 homogeneity=0.0039 body=0.00000 bowel=0.00000 femur=0.00000
2026-05-22 19:54:38 [INFO] Step 25/54 Loss=29.0749 mse=0.4983 v_opt=0.02640 v_mand=0.00092 ptv=0.0272 ptv_max=0.00114 ring=0.00048 smooth=0.0266 laplacian=0.0637 beam=0.58998 homogeneity=0.0052 body=0.00000 bowel=0.05798 femur=0.00000
2026-05-22 19:54:41 [INFO] Step 30/54 Loss=7.3164 mse=0.0724 v_opt=0.00188 v_mand=0.00000 ptv=0.0912 ptv_max=0.00003 ring=0.00001 smooth=0.0052 laplacian=0.0120 beam=0.17823 homogeneity=0.0033 body=0.00000 bowel=0.00000 femur=0.00000
2026-05-22 19:54:44 [INFO] Step 35/54 Loss=19.5567 mse=0.2885 v_opt=0.11748 v_mand=0.02671 ptv=0.0483 ptv_max=0.00069 ring=0.00008 smooth=0.0510 laplacian=0.1228 beam=0.35686 homogeneity=0.0045 body=0.00000 bowel=0.03396 femur=0.00000
2026-05-22 19:54:48 [INFO] Step 40/54 Loss=12.3945 mse=0.4039 v_opt=0.01377 v_mand=0.00021 ptv=0.0563 ptv_max=0.00096 ring=0.00130 smooth=0.0226 laplacian=0.0518 beam=0.03168 homogeneity=0.0044 body=0.00000 bowel=0.02060 femur=0.00595
2026-05-22 19:54:53 [INFO] Step 45/54 Loss=4.3967 mse=0.0124 v_opt=0.00000 v_mand=0.00000 ptv=0.0000 ptv_max=0.00000 ring=0.00000 smooth=0.0023 laplacian=0.0055 beam=0.16225 homogeneity=0.0000 body=0.00000 bowel=0.00000 femur=0.00000
2026-05-22 19:54:56 [INFO] Step 50/54 Loss=13.2767 mse=0.4394 v_opt=0.00741 v_mand=0.00035 ptv=0.0561 ptv_max=0.00174 ring=0.01879 smooth=0.0347 laplacian=0.0808 beam=0.00949 homogeneity=0.0074 body=0.00000 bowel=0.01182 femur=0.01541
2026-05-22 19:54:58 [INFO] Step 54/54 Loss=6.6940 mse=0.0945 v_opt=0.00146 v_mand=0.00031 ptv=0.0319 ptv_max=0.00032 ring=0.00000 smooth=0.0050 laplacian=0.0108 beam=0.15280 homogeneity=0.0033 body=0.00000 bowel=0.00000 femur=0.00000
2026-05-22 19:54:58 [INFO] Running validation at epoch 153...
2026-05-22 19:55:27 [INFO] Epoch 153 Summary: Train=11.6085 Val=0.0077 (MSE=0.0077)
          Metrics: PTV_D95=55.32Gy Bladder=26.72Gy Rectum=29.66Gy
          Metrics: Ring=45.65Gy Dmax=1252.42Gy BG=19.13Gy
2026-05-22 19:55:27 [INFO] Epoch 154/300 [FULL PHYSICS] ramp=1.000 lr=4.89e-05
2026-05-22 19:55:33 [INFO] Step 5/54 Loss=6.4527 mse=0.0863 v_opt=0.01910 v_mand=0.00112 ptv=0.0858 ptv_max=0.00002 ring=0.00002 smooth=0.0089 laplacian=0.0208 beam=0.12641 homogeneity=0.0033 body=0.00000 bowel=0.00000 femur=0.00000
2026-05-22 19:55:36 [INFO] Step 10/54 Loss=15.3730 mse=0.2083 v_opt=0.03524 v_mand=0.00638 ptv=0.0343 ptv_max=0.00017 ring=0.00000 smooth=0.0079 laplacian=0.0194 beam=0.37017 homogeneity=0.0024 body=0.00000 bowel=0.00000 femur=0.00000
2026-05-22 19:55:39 [INFO] Step 15/54 Loss=7.7590 mse=0.0730 v_opt=0.00000 v_mand=0.00000 ptv=0.1708 ptv_max=0.00042 ring=0.00000 smooth=0.0049 laplacian=0.0110 beam=0.14918 homogeneity=0.0186 body=0.00000 bowel=0.00000 femur=0.00000
2026-05-22 19:55:42 [INFO] Step 20/54 Loss=8.1009 mse=0.0782 v_opt=0.00936 v_mand=0.00065 ptv=0.0645 ptv_max=0.00017 ring=0.00000 smooth=0.0034 laplacian=0.0066 beam=0.21141 homogeneity=0.0039 body=0.00000 bowel=0.00154 femur=0.00000
2026-05-22 19:55:48 [INFO] Step 25/54 Loss=3.1223 mse=0.0869 v_opt=0.00001 v_mand=0.00000 ptv=0.0481 ptv_max=0.00023 ring=0.00001 smooth=0.0058 laplacian=0.0127 beam=0.01223 homogeneity=0.0030 body=0.00000 bowel=0.00000 femur=0.00000
2026-05-22 19:55:51 [INFO] Step 30/54 Loss=8.3638 mse=0.0892 v_opt=0.00478 v_mand=0.00000 ptv=0.1086 ptv_max=0.00014 ring=0.00007 smooth=0.0113 laplacian=0.0270 beam=0.18517 homogeneity=0.0104 body=0.00000 bowel=0.00221 femur=0.00000
2026-05-22 19:55:54 [INFO] Step 35/54 Loss=10.4446 mse=0.2298 v_opt=0.02012 v_mand=0.00081 ptv=0.0519 ptv_max=0.00044 ring=0.00005 smooth=0.0347 laplacian=0.0918 beam=0.13614 homogeneity=0.0038 body=0.00000 bowel=0.00000 femur=0.00598
2026-05-22 19:55:57 [INFO] Step 40/54 Loss=24.4051 mse=0.4491 v_opt=0.04042 v_mand=0.00748 ptv=0.0433 ptv_max=0.00183 ring=0.00392 smooth=0.0537 laplacian=0.1322 beam=0.41844 homogeneity=0.0065 body=0.00000 bowel=0.02004 femur=0.03497
2026-05-22 19:56:03 [INFO] Step 45/54 Loss=5.4905 mse=0.1128 v_opt=0.00684 v_mand=0.00000 ptv=0.0742 ptv_max=0.00006 ring=0.00001 smooth=0.0084 laplacian=0.0185 beam=0.07003 homogeneity=0.0027 body=0.00000 bowel=0.00000 femur=0.00000
2026-05-22 19:56:05 [INFO] Step 50/54 Loss=27.5366 mse=0.5336 v_opt=0.03537 v_mand=0.00240 ptv=0.0510 ptv_max=0.00065 ring=0.00144 smooth=0.0293 laplacian=0.0700 beam=0.49166 homogeneity=0.0039 body=0.00000 bowel=0.04185 femur=0.00000
2026-05-22 19:56:07 [INFO] Step 54/54 Loss=7.9364 mse=0.1368 v_opt=0.02423 v_mand=0.00285 ptv=0.0523 ptv_max=0.00008 ring=0.00000 smooth=0.0069 laplacian=0.0167 beam=0.14668 homogeneity=0.0016 body=0.00000 bowel=0.00000 femur=0.00000
2026-05-22 19:56:07 [INFO] Running validation at epoch 154...
2026-05-22 19:56:36 [INFO] Epoch 154 Summary: Train=11.2172 Val=0.0078 (MSE=0.0078)
          Metrics: PTV_D95=57.20Gy Bladder=27.14Gy Rectum=29.63Gy
          Metrics: Ring=47.54Gy Dmax=1217.70Gy BG=19.02Gy
2026-05-22 19:56:36 [INFO] Epoch 155/300 [FULL PHYSICS] ramp=1.000 lr=4.84e-05
2026-05-22 19:56:43 [INFO] Step 5/54 Loss=20.6926 mse=0.6184 v_opt=0.00001 v_mand=0.00000 ptv=0.0497 ptv_max=0.00286 ring=0.00497 smooth=0.0270 laplacian=0.0555 beam=0.15107 homogeneity=0.0076 body=0.00000 bowel=0.00000 femur=0.00000
2026-05-22 19:56:46 [INFO] Step 10/54 Loss=3.9813 mse=0.0817 v_opt=0.00637 v_mand=0.00000 ptv=0.0561 ptv_max=0.00011 ring=0.00000 smooth=0.0042 laplacian=0.0085 beam=0.05005 homogeneity=0.0025 body=0.00000 bowel=0.00000 femur=0.00000
2026-05-22 19:56:48 [INFO] Step 15/54 Loss=8.8800 mse=0.0649 v_opt=0.00000 v_mand=0.00000 ptv=0.0000 ptv_max=0.00000 ring=0.00000 smooth=0.0071 laplacian=0.0168 beam=0.28668 homogeneity=0.0000 body=0.00000 bowel=0.00000 femur=0.00000
2026-05-22 19:56:52 [INFO] Step 20/54 Loss=18.6385 mse=0.1701 v_opt=0.00000 v_mand=0.00000 ptv=0.0000 ptv_max=0.00000 ring=0.00000 smooth=0.1861 laplacian=0.4518 beam=0.47767 homogeneity=0.0000 body=0.00000 bowel=0.00000 femur=0.00000
2026-05-22 19:56:58 [INFO] Step 25/54 Loss=14.7711 mse=0.2789 v_opt=0.03069 v_mand=0.00408 ptv=0.0498 ptv_max=0.00074 ring=0.00082 smooth=0.0145 laplacian=0.0326 beam=0.25863 homogeneity=0.0050 body=0.00000 bowel=0.01127 femur=0.00000
2026-05-22 19:57:00 [INFO] Step 30/54 Loss=25.5180 mse=0.6017 v_opt=0.01211 v_mand=0.00008 ptv=0.0461 ptv_max=0.00066 ring=0.00130 smooth=0.0393 laplacian=0.0944 beam=0.34369 homogeneity=0.0038 body=0.00000 bowel=0.04591 femur=0.00015
2026-05-22 19:57:03 [INFO] Step 35/54 Loss=10.9092 mse=0.1261 v_opt=0.00026 v_mand=0.00000 ptv=0.0354 ptv_max=0.00053 ring=0.00000 smooth=0.0099 laplacian=0.0237 beam=0.28411 homogeneity=0.0045 body=0.00000 bowel=0.00000 femur=0.00000
2026-05-22 19:57:06 [INFO] Step 40/54 Loss=8.8307 mse=0.0706 v_opt=0.00000 v_mand=0.00000 ptv=0.0913 ptv_max=0.00003 ring=0.00000 smooth=0.0075 laplacian=0.0168 beam=0.23979 homogeneity=0.0031 body=0.00000 bowel=0.00000 femur=0.00000
2026-05-22 19:57:11 [INFO] Step 45/54 Loss=7.3865 mse=0.1545 v_opt=0.00047 v_mand=0.00000 ptv=0.0798 ptv_max=0.00023 ring=0.00001 smooth=0.0082 laplacian=0.0187 beam=0.09819 homogeneity=0.0067 body=0.00000 bowel=0.00000 femur=0.00000
2026-05-22 19:57:14 [INFO] Step 50/54 Loss=15.4582 mse=0.1638 v_opt=0.00168 v_mand=0.00003 ptv=0.0726 ptv_max=0.00027 ring=0.00001 smooth=0.0176 laplacian=0.0420 beam=0.41147 homogeneity=0.0038 body=0.00000 bowel=0.00000 femur=0.00000
2026-05-22 19:57:16 [INFO] Step 54/54 Loss=3.0374 mse=0.0746 v_opt=0.00092 v_mand=0.00000 ptv=0.0612 ptv_max=0.00007 ring=0.00000 smooth=0.0048 laplacian=0.0103 beam=0.01805 homogeneity=0.0020 body=0.00000 bowel=0.00000 femur=0.00000
2026-05-22 19:57:16 [INFO] Running validation at epoch 155...
2026-05-22 19:57:45 [INFO] Epoch 155 Summary: Train=11.5199 Val=0.0077 (MSE=0.0077)
          Metrics: PTV_D95=56.66Gy Bladder=29.56Gy Rectum=30.52Gy
          Metrics: Ring=47.54Gy Dmax=1043.59Gy BG=19.03Gy
2026-05-22 19:57:45 [INFO] Epoch 156/300 [FULL PHYSICS] ramp=1.000 lr=4.79e-05
2026-05-22 19:57:52 [INFO] Step 5/54 Loss=3.7024 mse=0.0718 v_opt=0.00334 v_mand=0.00000 ptv=0.0709 ptv_max=0.00004 ring=0.00000 smooth=0.0072 laplacian=0.0172 beam=0.04194 homogeneity=0.0022 body=0.00000 bowel=0.00000 femur=0.00000
2026-05-22 19:57:55 [INFO] Step 10/54 Loss=10.7920 mse=0.1192 v_opt=0.03727 v_mand=0.00550 ptv=0.0607 ptv_max=0.00014 ring=0.00000 smooth=0.0075 laplacian=0.0168 beam=0.26768 homogeneity=0.0026 body=0.00000 bowel=0.00000 femur=0.00000
2026-05-22 19:57:58 [INFO] Step 15/54 Loss=4.2515 mse=0.0701 v_opt=0.00000 v_mand=0.00000 ptv=0.0734 ptv_max=0.00009 ring=0.00000 smooth=0.0058 laplacian=0.0121 beam=0.06469 homogeneity=0.0034 body=0.00000 bowel=0.00000 femur=0.00000
2026-05-22 19:58:01 [INFO] Step 20/54 Loss=10.4729 mse=0.1354 v_opt=0.00071 v_mand=0.00000 ptv=0.0253 ptv_max=0.00047 ring=0.00000 smooth=0.0047 laplacian=0.0097 beam=0.26544 homogeneity=0.0038 body=0.00000 bowel=0.00000 femur=0.00000
2026-05-22 19:58:07 [INFO] Step 25/54 Loss=12.3314 mse=0.2412 v_opt=0.00000 v_mand=0.00000 ptv=0.0521 ptv_max=0.00007 ring=0.00027 smooth=0.0117 laplacian=0.0274 beam=0.22321 homogeneity=0.0018 body=0.00000 bowel=0.00000 femur=0.00000
2026-05-22 19:58:09 [INFO] Step 30/54 Loss=5.3019 mse=0.1552 v_opt=0.00433 v_mand=0.00000 ptv=0.0657 ptv_max=0.00009 ring=0.00000 smooth=0.0046 laplacian=0.0097 beam=0.02391 homogeneity=0.0046 body=0.00000 bowel=0.00000 femur=0.00000
2026-05-22 19:58:12 [INFO] Step 35/54 Loss=5.5951 mse=0.1125 v_opt=0.02597 v_mand=0.00190 ptv=0.0701 ptv_max=0.00004 ring=0.00000 smooth=0.0071 laplacian=0.0162 beam=0.07169 homogeneity=0.0024 body=0.00000 bowel=0.00000 femur=0.00000
2026-05-22 19:58:15 [INFO] Step 40/54 Loss=4.9098 mse=0.1297 v_opt=0.00042 v_mand=0.00000 ptv=0.0829 ptv_max=0.00004 ring=0.00000 smooth=0.0091 laplacian=0.0218 beam=0.02633 homogeneity=0.0028 body=0.00000 bowel=0.00000 femur=0.00000
2026-05-22 19:58:20 [INFO] Step 45/54 Loss=6.7863 mse=0.2236 v_opt=0.02091 v_mand=0.00124 ptv=0.0327 ptv_max=0.00165 ring=0.00011 smooth=0.0283 laplacian=0.0734 beam=0.00000 homogeneity=0.0061 body=0.00000 bowel=0.00000 femur=0.00000
2026-05-22 19:58:23 [INFO] Step 50/54 Loss=5.4311 mse=0.1181 v_opt=0.00954 v_mand=0.00020 ptv=0.0502 ptv_max=0.00014 ring=0.00000 smooth=0.0063 laplacian=0.0135 beam=0.07182 homogeneity=0.0029 body=0.00000 bowel=0.00000 femur=0.00000
2026-05-22 19:58:25 [INFO] Step 54/54 Loss=3.6987 mse=0.0743 v_opt=0.00687 v_mand=0.00000 ptv=0.0837 ptv_max=0.00003 ring=0.00000 smooth=0.0041 laplacian=0.0079 beam=0.02995 homogeneity=0.0033 body=0.00000 bowel=0.00853 femur=0.00000
2026-05-22 19:58:25 [INFO] Running validation at epoch 156...
2026-05-22 19:58:55 [INFO] Epoch 156 Summary: Train=9.1034 Val=0.0074 (MSE=0.0074)
          Metrics: PTV_D95=54.62Gy Bladder=27.01Gy Rectum=27.54Gy
          Metrics: Ring=45.47Gy Dmax=1164.32Gy BG=18.38Gy
2026-05-22 19:58:55 [INFO] Epoch 157/300 [FULL PHYSICS] ramp=1.000 lr=4.74e-05
2026-05-22 19:59:01 [INFO] Step 5/54 Loss=15.6097 mse=0.1937 v_opt=0.00002 v_mand=0.00000 ptv=0.0307 ptv_max=0.00044 ring=0.00000 smooth=0.0096 laplacian=0.0236 beam=0.40777 homogeneity=0.0036 body=0.00000 bowel=0.00000 femur=0.00000
2026-05-22 19:59:04 [INFO] Step 10/54 Loss=6.2083 mse=0.1346 v_opt=0.00811 v_mand=0.00013 ptv=0.0581 ptv_max=0.00008 ring=0.00000 smooth=0.0055 laplacian=0.0113 beam=0.08439 homogeneity=0.0028 body=0.00000 bowel=0.00006 femur=0.00000
2026-05-22 19:59:07 [INFO] Step 15/54 Loss=2.5583 mse=0.0676 v_opt=0.00215 v_mand=0.00002 ptv=0.0409 ptv_max=0.00032 ring=0.00000 smooth=0.0046 laplacian=0.0089 beam=0.01135 homogeneity=0.0037 body=0.00000 bowel=0.00000 femur=0.00000
2026-05-22 19:59:10 [INFO] Step 20/54 Loss=15.1324 mse=0.1926 v_opt=0.00455 v_mand=0.00000 ptv=0.0417 ptv_max=0.00044 ring=0.00000 smooth=0.0128 laplacian=0.0311 beam=0.38310 homogeneity=0.0040 body=0.00000 bowel=0.00000 femur=0.00000
2026-05-22 19:59:15 [INFO] Step 25/54 Loss=5.5702 mse=0.1537 v_opt=0.01425 v_mand=0.00010 ptv=0.0747 ptv_max=0.00008 ring=0.00014 smooth=0.0105 laplacian=0.0247 beam=0.03004 homogeneity=0.0025 body=0.00000 bowel=0.00000 femur=0.00000
2026-05-22 19:59:18 [INFO] Step 30/54 Loss=6.3137 mse=0.0589 v_opt=0.00646 v_mand=0.00008 ptv=0.0857 ptv_max=0.00009 ring=0.00000 smooth=0.0040 laplacian=0.0078 beam=0.14474 homogeneity=0.0044 body=0.00000 bowel=0.01361 femur=0.00000
2026-05-22 19:59:21 [INFO] Step 35/54 Loss=5.9561 mse=0.0444 v_opt=0.00511 v_mand=0.00053 ptv=0.0990 ptv_max=0.00018 ring=0.00000 smooth=0.0066 laplacian=0.0145 beam=0.13998 homogeneity=0.0107 body=0.00000 bowel=0.00000 femur=0.00000
2026-05-22 19:59:24 [INFO] Step 40/54 Loss=13.8077 mse=0.3770 v_opt=0.07686 v_mand=0.01800 ptv=0.0803 ptv_max=0.00073 ring=0.00032 smooth=0.0308 laplacian=0.0746 beam=0.07415 homogeneity=0.0060 body=0.00000 bowel=0.00234 femur=0.00000
2026-05-22 19:59:29 [INFO] Step 45/54 Loss=5.9500 mse=0.0308 v_opt=0.00000 v_mand=0.00000 ptv=0.0000 ptv_max=0.00000 ring=0.00000 smooth=0.0080 laplacian=0.0195 beam=0.20296 homogeneity=0.0000 body=0.00000 bowel=0.00000 femur=0.00000
2026-05-22 19:59:31 [INFO] Step 50/54 Loss=13.6666 mse=0.1165 v_opt=0.00000 v_mand=0.00000 ptv=0.0610 ptv_max=0.00008 ring=0.00000 smooth=0.0261 laplacian=0.0639 beam=0.38964 homogeneity=0.0023 body=0.00000 bowel=0.00000 femur=0.00000
2026-05-22 19:59:34 [INFO] Step 54/54 Loss=6.4623 mse=0.1342 v_opt=0.00252 v_mand=0.00042 ptv=0.0512 ptv_max=0.00012 ring=0.00000 smooth=0.0108 laplacian=0.0245 beam=0.09457 homogeneity=0.0027 body=0.00000 bowel=0.00000 femur=0.00000
2026-05-22 19:59:34 [INFO] Running validation at epoch 157...
2026-05-22 20:00:03 [INFO] Epoch 157 Summary: Train=11.8909 Val=0.0071 (MSE=0.0071)
          Metrics: PTV_D95=55.94Gy Bladder=27.04Gy Rectum=27.82Gy
          Metrics: Ring=46.02Gy Dmax=1131.97Gy BG=18.00Gy
2026-05-22 20:00:03 [INFO] [PHYSICS] Saved best model val_loss=0.0071
2026-05-22 20:00:03 [INFO] Epoch 158/300 [FULL PHYSICS] ramp=1.000 lr=4.69e-05
2026-05-22 20:00:10 [INFO] Step 5/54 Loss=5.7417 mse=0.1174 v_opt=0.00148 v_mand=0.00000 ptv=0.0594 ptv_max=0.00005 ring=0.00000 smooth=0.0071 laplacian=0.0162 beam=0.08293 homogeneity=0.0021 body=0.00000 bowel=0.00000 femur=0.00000
2026-05-22 20:00:12 [INFO] Step 10/54 Loss=10.7791 mse=0.1552 v_opt=0.00346 v_mand=0.00000 ptv=0.0439 ptv_max=0.00032 ring=0.00001 smooth=0.0106 laplacian=0.0248 beam=0.24788 homogeneity=0.0037 body=0.00000 bowel=0.00000 femur=0.00000
2026-05-22 20:00:15 [INFO] Step 15/54 Loss=12.7738 mse=0.4295 v_opt=0.01662 v_mand=0.00047 ptv=0.0517 ptv_max=0.00196 ring=0.00320 smooth=0.0168 laplacian=0.0367 beam=0.03148 homogeneity=0.0067 body=0.00000 bowel=0.00000 femur=0.00000
2026-05-22 20:00:19 [INFO] Step 20/54 Loss=11.4477 mse=0.1163 v_opt=0.01310 v_mand=0.00003 ptv=0.0998 ptv_max=0.00002 ring=0.00000 smooth=0.0100 laplacian=0.0235 beam=0.29154 homogeneity=0.0047 body=0.00000 bowel=0.00000 femur=0.00000
2026-05-22 20:00:23 [INFO] Step 25/54 Loss=21.0495 mse=0.4086 v_opt=0.01959 v_mand=0.00026 ptv=0.0465 ptv_max=0.00041 ring=0.00015 smooth=0.0169 laplacian=0.0396 beam=0.39181 homogeneity=0.0029 body=0.00000 bowel=0.01220 femur=0.00000
2026-05-22 20:00:26 [INFO] Step 30/54 Loss=10.4477 mse=0.1519 v_opt=0.01518 v_mand=0.00064 ptv=0.0233 ptv_max=0.00117 ring=0.00001 smooth=0.0180 laplacian=0.0452 beam=0.23202 homogeneity=0.0057 body=0.00000 bowel=0.00000 femur=0.00212
2026-05-22 20:00:29 [INFO] Step 35/54 Loss=32.2677 mse=0.7625 v_opt=0.00935 v_mand=0.00096 ptv=0.0345 ptv_max=0.00261 ring=0.00263 smooth=0.1354 laplacian=0.3101 beam=0.37768 homogeneity=0.0081 body=0.00000 bowel=0.03234 femur=0.05889
2026-05-22 20:00:32 [INFO] Step 40/54 Loss=6.9147 mse=0.0233 v_opt=0.00000 v_mand=0.00000 ptv=0.0000 ptv_max=0.00000 ring=0.00000 smooth=0.0045 laplacian=0.0107 beam=0.25099 homogeneity=0.0000 body=0.00000 bowel=0.00000 femur=0.00000
2026-05-22 20:00:37 [INFO] Step 45/54 Loss=16.5848 mse=0.1875 v_opt=0.06224 v_mand=0.02230 ptv=0.0248 ptv_max=0.00043 ring=0.00000 smooth=0.0107 laplacian=0.0260 beam=0.40529 homogeneity=0.0037 body=0.00000 bowel=0.00000 femur=0.00000
2026-05-22 20:00:40 [INFO] Step 50/54 Loss=11.4668 mse=0.1554 v_opt=0.01853 v_mand=0.00002 ptv=0.0534 ptv_max=0.00023 ring=0.00000 smooth=0.0095 laplacian=0.0223 beam=0.27067 homogeneity=0.0032 body=0.00000 bowel=0.00168 femur=0.00000
2026-05-22 20:00:43 [INFO] Step 54/54 Loss=5.4148 mse=0.0277 v_opt=0.00000 v_mand=0.00000 ptv=0.0000 ptv_max=0.00000 ring=0.00000 smooth=0.0044 laplacian=0.0100 beam=0.18670 homogeneity=0.0000 body=0.00000 bowel=0.00000 femur=0.00000
2026-05-22 20:00:43 [INFO] Running validation at epoch 158...
2026-05-22 20:01:13 [INFO] Epoch 158 Summary: Train=10.8867 Val=0.0070 (MSE=0.0070)
          Metrics: PTV_D95=55.93Gy Bladder=26.31Gy Rectum=30.88Gy
          Metrics: Ring=45.99Gy Dmax=1079.28Gy BG=17.90Gy
2026-05-22 20:01:13 [INFO] [PHYSICS] Saved best model val_loss=0.0070
2026-05-22 20:01:13 [INFO] Epoch 159/300 [FULL PHYSICS] ramp=1.000 lr=4.64e-05
2026-05-22 20:01:18 [INFO] Step 5/54 Loss=7.4177 mse=0.1354 v_opt=0.00043 v_mand=0.00000 ptv=0.0486 ptv_max=0.00014 ring=0.00000 smooth=0.0095 laplacian=0.0207 beam=0.13381 homogeneity=0.0034 body=0.00000 bowel=0.00000 femur=0.00000
2026-05-22 20:01:22 [INFO] Step 10/54 Loss=7.0411 mse=0.0379 v_opt=0.00000 v_mand=0.00000 ptv=0.0000 ptv_max=0.00000 ring=0.00000 smooth=0.0103 laplacian=0.0257 beam=0.23816 homogeneity=0.0000 body=0.00000 bowel=0.00000 femur=0.00000
2026-05-22 20:01:25 [INFO] Step 15/54 Loss=6.9781 mse=0.0973 v_opt=0.01054 v_mand=0.00001 ptv=0.0301 ptv_max=0.00029 ring=0.00000 smooth=0.0078 laplacian=0.0186 beam=0.16060 homogeneity=0.0031 body=0.00000 bowel=0.00009 femur=0.00000
2026-05-22 20:01:27 [INFO] Step 20/54 Loss=10.6450 mse=0.1837 v_opt=0.00411 v_mand=0.00012 ptv=0.0272 ptv_max=0.00092 ring=0.00001 smooth=0.0069 laplacian=0.0152 beam=0.21566 homogeneity=0.0051 body=0.00000 bowel=0.00000 femur=0.00519
2026-05-22 20:01:31 [INFO] Step 25/54 Loss=6.2772 mse=0.0711 v_opt=0.02045 v_mand=0.00161 ptv=0.0491 ptv_max=0.00017 ring=0.00000 smooth=0.0027 laplacian=0.0061 beam=0.15112 homogeneity=0.0026 body=0.00000 bowel=0.00000 femur=0.00000
2026-05-22 20:01:35 [INFO] Step 30/54 Loss=19.5780 mse=0.2578 v_opt=0.00151 v_mand=0.00000 ptv=0.0555 ptv_max=0.00089 ring=0.00016 smooth=0.0449 laplacian=0.1059 beam=0.47014 homogeneity=0.0050 body=0.00000 bowel=0.00083 femur=0.00000
2026-05-22 20:01:38 [INFO] Step 35/54 Loss=13.2000 mse=0.2508 v_opt=0.06338 v_mand=0.01366 ptv=0.0206 ptv_max=0.00125 ring=0.00004 smooth=0.0144 laplacian=0.0341 beam=0.21620 homogeneity=0.0064 body=0.00000 bowel=0.00000 femur=0.00067
2026-05-22 20:01:41 [INFO] Step 40/54 Loss=2.5184 mse=0.0485 v_opt=0.00007 v_mand=0.00000 ptv=0.0849 ptv_max=0.00007 ring=0.00000 smooth=0.0038 laplacian=0.0074 beam=0.01295 homogeneity=0.0041 body=0.00000 bowel=0.00000 femur=0.00000
2026-05-22 20:01:45 [INFO] Step 45/54 Loss=8.8554 mse=0.0804 v_opt=0.00164 v_mand=0.00039 ptv=0.1197 ptv_max=0.00022 ring=0.00002 smooth=0.0155 laplacian=0.0352 beam=0.20608 homogeneity=0.0125 body=0.00000 bowel=0.00000 femur=0.00000
2026-05-22 20:01:49 [INFO] Step 50/54 Loss=5.8518 mse=0.1324 v_opt=0.00083 v_mand=0.00000 ptv=0.0733 ptv_max=0.00003 ring=0.00000 smooth=0.0150 laplacian=0.0359 beam=0.06227 homogeneity=0.0025 body=0.00000 bowel=0.00000 femur=0.00000
2026-05-22 20:01:52 [INFO] Step 54/54 Loss=4.6842 mse=0.0628 v_opt=0.00249 v_mand=0.00002 ptv=0.0666 ptv_max=0.00009 ring=0.00000 smooth=0.0046 laplacian=0.0092 beam=0.09237 homogeneity=0.0034 body=0.00000 bowel=0.00000 femur=0.00000
2026-05-22 20:01:52 [INFO] Running validation at epoch 159...
2026-05-22 20:02:21 [INFO] Epoch 159 Summary: Train=10.0149 Val=0.0074 (MSE=0.0074)
          Metrics: PTV_D95=56.09Gy Bladder=26.24Gy Rectum=29.50Gy
          Metrics: Ring=46.77Gy Dmax=1274.71Gy BG=18.27Gy
2026-05-22 20:02:21 [INFO] Epoch 160/300 [FULL PHYSICS] ramp=1.000 lr=4.58e-05
2026-05-22 20:02:28 [INFO] Step 5/54 Loss=3.0294 mse=0.0838 v_opt=0.02045 v_mand=0.00120 ptv=0.0555 ptv_max=0.00020 ring=0.00000 smooth=0.0050 laplacian=0.0110 beam=0.00505 homogeneity=0.0031 body=0.00000 bowel=0.00000 femur=0.00000
2026-05-22 20:02:31 [INFO] Step 10/54 Loss=20.0185 mse=0.2881 v_opt=0.01089 v_mand=0.00001 ptv=0.0506 ptv_max=0.00034 ring=0.00000 smooth=0.0506 laplacian=0.1231 beam=0.46021 homogeneity=0.0033 body=0.00000 bowel=0.00000 femur=0.00000
2026-05-22 20:02:34 [INFO] Step 15/54 Loss=14.1178 mse=0.2895 v_opt=0.00291 v_mand=0.00000 ptv=0.0496 ptv_max=0.00081 ring=0.00120 smooth=0.0188 laplacian=0.0451 beam=0.22060 homogeneity=0.0056 body=0.00000 bowel=0.02451 femur=0.00000
2026-05-22 20:02:36 [INFO] Step 20/54 Loss=4.4425 mse=0.0743 v_opt=0.00462 v_mand=0.00000 ptv=0.0909 ptv_max=0.00001 ring=0.00000 smooth=0.0043 laplacian=0.0085 beam=0.06166 homogeneity=0.0038 body=0.00000 bowel=0.00000 femur=0.00000
2026-05-22 20:02:42 [INFO] Step 25/54 Loss=12.0923 mse=0.1775 v_opt=0.01582 v_mand=0.00025 ptv=0.0650 ptv_max=0.00019 ring=0.00000 smooth=0.0073 laplacian=0.0164 beam=0.27114 homogeneity=0.0032 body=0.00000 bowel=0.00000 femur=0.00000
2026-05-22 20:02:45 [INFO] Step 30/54 Loss=3.7549 mse=0.0826 v_opt=0.00106 v_mand=0.00004 ptv=0.0641 ptv_max=0.00006 ring=0.00000 smooth=0.0060 laplacian=0.0125 beam=0.03647 homogeneity=0.0028 body=0.00000 bowel=0.00000 femur=0.00000
2026-05-22 20:02:47 [INFO] Step 35/54 Loss=5.2159 mse=0.0399 v_opt=0.10558 v_mand=0.04347 ptv=0.0566 ptv_max=0.00159 ring=0.00000 smooth=0.0022 laplacian=0.0042 beam=0.03317 homogeneity=0.0089 body=0.00000 bowel=0.00000 femur=0.00000
2026-05-22 20:02:50 [INFO] Step 40/54 Loss=5.3978 mse=0.1285 v_opt=0.02206 v_mand=0.00131 ptv=0.0658 ptv_max=0.00031 ring=0.00002 smooth=0.0093 laplacian=0.0214 beam=0.04587 homogeneity=0.0054 body=0.00000 bowel=0.00000 femur=0.00000
2026-05-22 20:02:56 [INFO] Step 45/54 Loss=17.7569 mse=0.3023 v_opt=0.01570 v_mand=0.00062 ptv=0.0460 ptv_max=0.00090 ring=0.00023 smooth=0.0778 laplacian=0.1889 beam=0.33112 homogeneity=0.0053 body=0.00000 bowel=0.00900 femur=0.00000
2026-05-22 20:02:59 [INFO] Step 50/54 Loss=2.7286 mse=0.0602 v_opt=0.00365 v_mand=0.00001 ptv=0.0825 ptv_max=0.00002 ring=0.00000 smooth=0.0037 laplacian=0.0072 beam=0.01159 homogeneity=0.0029 body=0.00000 bowel=0.00000 femur=0.00000
2026-05-22 20:03:02 [INFO] Step 54/54 Loss=12.8401 mse=0.1702 v_opt=0.00463 v_mand=0.00000 ptv=0.0179 ptv_max=0.00078 ring=0.00000 smooth=0.0047 laplacian=0.0098 beam=0.32493 homogeneity=0.0051 body=0.00000 bowel=0.00000 femur=0.00000
2026-05-22 20:03:02 [INFO] Running validation at epoch 160...
2026-05-22 20:03:31 [INFO] Epoch 160 Summary: Train=10.7910 Val=0.0069 (MSE=0.0069)
          Metrics: PTV_D95=55.55Gy Bladder=28.17Gy Rectum=30.49Gy
          Metrics: Ring=45.91Gy Dmax=1118.33Gy BG=17.85Gy
2026-05-22 20:03:31 [INFO] [PHYSICS] Saved best model val_loss=0.0069
2026-05-22 20:03:31 [INFO] Epoch 161/300 [FULL PHYSICS] ramp=1.000 lr=4.53e-05
2026-05-22 20:03:37 [INFO] Step 5/54 Loss=9.3381 mse=0.0663 v_opt=0.00936 v_mand=0.00001 ptv=0.0492 ptv_max=0.00010 ring=0.00000 smooth=0.0089 laplacian=0.0204 beam=0.27982 homogeneity=0.0023 body=0.00000 bowel=0.00000 femur=0.00000
2026-05-22 20:03:40 [INFO] Step 10/54 Loss=7.8569 mse=0.0713 v_opt=0.02309 v_mand=0.00155 ptv=0.0614 ptv_max=0.00008 ring=0.00000 smooth=0.0064 laplacian=0.0147 beam=0.19818 homogeneity=0.0033 body=0.00000 bowel=0.01485 femur=0.00000
2026-05-22 20:03:43 [INFO] Step 15/54 Loss=12.8217 mse=0.1755 v_opt=0.03068 v_mand=0.00147 ptv=0.0257 ptv_max=0.00022 ring=0.00000 smooth=0.0083 laplacian=0.0191 beam=0.31387 homogeneity=0.0029 body=0.00000 bowel=0.00000 femur=0.00000
2026-05-22 20:03:46 [INFO] Step 20/54 Loss=23.2879 mse=0.3600 v_opt=0.00984 v_mand=0.00000 ptv=0.0354 ptv_max=0.00028 ring=0.00000 smooth=0.0222 laplacian=0.0554 beam=0.54075 homogeneity=0.0027 body=0.00000 bowel=0.00000 femur=0.00000
2026-05-22 20:03:51 [INFO] Step 25/54 Loss=7.6424 mse=0.1726 v_opt=0.00820 v_mand=0.00000 ptv=0.0658 ptv_max=0.00030 ring=0.00009 smooth=0.0136 laplacian=0.0321 beam=0.09327 homogeneity=0.0050 body=0.00000 bowel=0.00000 femur=0.00000
2026-05-22 20:03:54 [INFO] Step 30/54 Loss=16.3817 mse=0.2213 v_opt=0.01524 v_mand=0.00000 ptv=0.0361 ptv_max=0.00062 ring=0.00001 smooth=0.0112 laplacian=0.0281 beam=0.40499 homogeneity=0.0044 body=0.00000 bowel=0.00000 femur=0.00000
2026-05-22 20:03:57 [INFO] Step 35/54 Loss=20.8537 mse=0.4739 v_opt=0.02374 v_mand=0.00232 ptv=0.0508 ptv_max=0.00048 ring=0.00042 smooth=0.0155 laplacian=0.0334 beam=0.31421 homogeneity=0.0034 body=0.00000 bowel=0.01006 femur=0.00000
2026-05-22 20:04:01 [INFO] Step 40/54 Loss=19.0396 mse=0.2176 v_opt=0.00401 v_mand=0.00000 ptv=0.0573 ptv_max=0.00009 ring=0.00000 smooth=0.0700 laplacian=0.1623 beam=0.48199 homogeneity=0.0036 body=0.00000 bowel=0.00000 femur=0.00000
2026-05-22 20:04:05 [INFO] Step 45/54 Loss=10.2091 mse=0.1190 v_opt=0.00361 v_mand=0.00000 ptv=0.0486 ptv_max=0.00016 ring=0.00000 smooth=0.0088 laplacian=0.0200 beam=0.26203 homogeneity=0.0028 body=0.00000 bowel=0.00000 femur=0.00000
2026-05-22 20:04:09 [INFO] Step 50/54 Loss=30.0031 mse=0.5103 v_opt=0.06046 v_mand=0.01177 ptv=0.0404 ptv_max=0.00169 ring=0.00236 smooth=0.0891 laplacian=0.2180 beam=0.57530 homogeneity=0.0063 body=0.00000 bowel=0.00940 femur=0.00156
2026-05-22 20:04:12 [INFO] Step 54/54 Loss=11.4831 mse=0.1866 v_opt=0.00713 v_mand=0.00023 ptv=0.0556 ptv_max=0.00015 ring=0.00005 smooth=0.0179 laplacian=0.0426 beam=0.23653 homogeneity=0.0034 body=0.00000 bowel=0.00000 femur=0.00000
2026-05-22 20:04:12 [INFO] Running validation at epoch 161...
2026-05-22 20:04:41 [INFO] Epoch 161 Summary: Train=10.7081 Val=0.0070 (MSE=0.0070)
          Metrics: PTV_D95=53.55Gy Bladder=25.02Gy Rectum=28.30Gy
          Metrics: Ring=44.88Gy Dmax=1171.20Gy BG=17.74Gy
2026-05-22 20:04:41 [INFO] Epoch 162/300 [FULL PHYSICS] ramp=1.000 lr=4.48e-05
2026-05-22 20:04:47 [INFO] Step 5/54 Loss=23.5689 mse=0.3103 v_opt=0.00000 v_mand=0.00000 ptv=0.0756 ptv_max=0.00044 ring=0.00057 smooth=0.0344 laplacian=0.0846 beam=0.56777 homogeneity=0.0045 body=0.00000 bowel=0.01577 femur=0.00000
2026-05-22 20:04:50 [INFO] Step 10/54 Loss=7.5643 mse=0.1143 v_opt=0.00100 v_mand=0.00014 ptv=0.0816 ptv_max=0.00026 ring=0.00017 smooth=0.0091 laplacian=0.0223 beam=0.14609 homogeneity=0.0033 body=0.00000 bowel=0.00000 femur=0.00000
2026-05-22 20:04:52 [INFO] Step 15/54 Loss=11.8057 mse=0.1413 v_opt=0.00122 v_mand=0.00000 ptv=0.0286 ptv_max=0.00027 ring=0.00000 smooth=0.0069 laplacian=0.0167 beam=0.31178 homogeneity=0.0030 body=0.00000 bowel=0.00000 femur=0.00000
2026-05-22 20:04:55 [INFO] Step 20/54 Loss=14.7791 mse=0.1914 v_opt=0.00346 v_mand=0.00000 ptv=0.0257 ptv_max=0.00027 ring=0.00000 smooth=0.0106 laplacian=0.0257 beam=0.37948 homogeneity=0.0032 body=0.00000 bowel=0.00000 femur=0.00000
2026-05-22 20:05:00 [INFO] Step 25/54 Loss=3.7604 mse=0.0682 v_opt=0.02070 v_mand=0.00079 ptv=0.0316 ptv_max=0.00024 ring=0.00000 smooth=0.0047 laplacian=0.0103 beam=0.06052 homogeneity=0.0027 body=0.00000 bowel=0.00000 femur=0.00000
2026-05-22 20:05:03 [INFO] Step 30/54 Loss=23.3945 mse=0.6340 v_opt=0.06338 v_mand=0.01507 ptv=0.0605 ptv_max=0.00038 ring=0.00608 smooth=0.2316 laplacian=0.4896 beam=0.11879 homogeneity=0.0040 body=0.00000 bowel=0.01203 femur=0.00000
2026-05-22 20:05:07 [INFO] Step 35/54 Loss=8.6928 mse=0.1971 v_opt=0.00280 v_mand=0.00068 ptv=0.0293 ptv_max=0.00023 ring=0.00000 smooth=0.0071 laplacian=0.0158 beam=0.13007 homogeneity=0.0030 body=0.00000 bowel=0.00000 femur=0.00000
2026-05-22 20:05:10 [INFO] Step 40/54 Loss=8.1532 mse=0.1142 v_opt=0.00032 v_mand=0.00000 ptv=0.0552 ptv_max=0.00020 ring=0.00000 smooth=0.0052 laplacian=0.0112 beam=0.18286 homogeneity=0.0042 body=0.00000 bowel=0.00000 femur=0.00000
2026-05-22 20:05:13 [INFO] Step 45/54 Loss=3.7732 mse=0.0845 v_opt=0.00126 v_mand=0.00022 ptv=0.0567 ptv_max=0.00010 ring=0.00000 smooth=0.0047 laplacian=0.0093 beam=0.03827 homogeneity=0.0028 body=0.00000 bowel=0.00000 femur=0.00000
2026-05-22 20:05:17 [INFO] Step 50/54 Loss=9.6064 mse=0.1054 v_opt=0.00126 v_mand=0.00009 ptv=0.0631 ptv_max=0.00051 ring=0.00000 smooth=0.0088 laplacian=0.0189 beam=0.24133 homogeneity=0.0061 body=0.00000 bowel=0.00000 femur=0.00000
2026-05-22 20:05:19 [INFO] Step 54/54 Loss=3.7007 mse=0.1157 v_opt=0.00041 v_mand=0.00000 ptv=0.0544 ptv_max=0.00016 ring=0.00000 smooth=0.0044 laplacian=0.0088 beam=0.00560 homogeneity=0.0026 body=0.00000 bowel=0.00000 femur=0.00000
2026-05-22 20:05:19 [INFO] Running validation at epoch 162...
2026-05-22 20:05:48 [INFO] Epoch 162 Summary: Train=10.8951 Val=0.0074 (MSE=0.0074)
          Metrics: PTV_D95=55.54Gy Bladder=25.57Gy Rectum=26.54Gy
          Metrics: Ring=46.18Gy Dmax=1265.01Gy BG=18.06Gy
2026-05-22 20:05:48 [INFO] Epoch 163/300 [FULL PHYSICS] ramp=1.000 lr=4.43e-05
2026-05-22 20:05:54 [INFO] Step 5/54 Loss=14.2430 mse=0.1739 v_opt=0.00127 v_mand=0.00000 ptv=0.0350 ptv_max=0.00037 ring=0.00000 smooth=0.0069 laplacian=0.0163 beam=0.37351 homogeneity=0.0030 body=0.00000 bowel=0.00000 femur=0.00000
2026-05-22 20:05:57 [INFO] Step 10/54 Loss=6.0377 mse=0.0909 v_opt=0.00242 v_mand=0.00000 ptv=0.0788 ptv_max=0.00002 ring=0.00000 smooth=0.0055 laplacian=0.0116 beam=0.11416 homogeneity=0.0026 body=0.00000 bowel=0.00000 femur=0.00000
2026-05-22 20:06:00 [INFO] Step 15/54 Loss=8.3314 mse=0.2546 v_opt=0.00444 v_mand=0.00002 ptv=0.0785 ptv_max=0.00182 ring=0.00119 smooth=0.0136 laplacian=0.0328 beam=0.01767 homogeneity=0.0116 body=0.00000 bowel=0.00186 femur=0.00000
2026-05-22 20:06:04 [INFO] Step 20/54 Loss=10.1055 mse=0.2360 v_opt=0.01072 v_mand=0.00071 ptv=0.0339 ptv_max=0.00083 ring=0.00009 smooth=0.0144 laplacian=0.0340 beam=0.13463 homogeneity=0.0059 body=0.00000 bowel=0.00106 femur=0.00000
2026-05-22 20:06:07 [INFO] Step 25/54 Loss=14.0456 mse=0.1148 v_opt=0.00582 v_mand=0.00000 ptv=0.1920 ptv_max=0.00013 ring=0.00000 smooth=0.0195 laplacian=0.0489 beam=0.34783 homogeneity=0.0132 body=0.00000 bowel=0.00000 femur=0.00000
2026-05-22 20:06:12 [INFO] Step 30/54 Loss=8.8914 mse=0.2639 v_opt=0.00646 v_mand=0.00000 ptv=0.0520 ptv_max=0.00020 ring=0.00001 smooth=0.0206 laplacian=0.0507 beam=0.05637 homogeneity=0.0024 body=0.00000 bowel=0.00000 femur=0.00000
2026-05-22 20:06:15 [INFO] Step 35/54 Loss=15.0067 mse=0.3957 v_opt=0.01454 v_mand=0.00008 ptv=0.0831 ptv_max=0.00082 ring=0.00126 smooth=0.0186 laplacian=0.0433 beam=0.14118 homogeneity=0.0058 body=0.00000 bowel=0.01514 femur=0.00000
2026-05-22 20:06:18 [INFO] Step 40/54 Loss=10.0011 mse=0.0577 v_opt=0.00000 v_mand=0.00000 ptv=0.0813 ptv_max=0.00078 ring=0.00000 smooth=0.0060 laplacian=0.0138 beam=0.29516 homogeneity=0.0088 body=0.00000 bowel=0.00000 femur=0.00000
2026-05-22 20:06:21 [INFO] Step 45/54 Loss=3.7310 mse=0.0843 v_opt=0.00572 v_mand=0.00033 ptv=0.0418 ptv_max=0.00039 ring=0.00008 smooth=0.0119 laplacian=0.0266 beam=0.03601 homogeneity=0.0036 body=0.00000 bowel=0.00000 femur=0.00000
2026-05-22 20:06:26 [INFO] Step 50/54 Loss=9.0376 mse=0.1351 v_opt=0.00269 v_mand=0.00000 ptv=0.0352 ptv_max=0.00068 ring=0.00000 smooth=0.0130 laplacian=0.0315 beam=0.19751 homogeneity=0.0045 body=0.00000 bowel=0.00000 femur=0.00000
2026-05-22 20:06:28 [INFO] Step 54/54 Loss=7.1556 mse=0.0983 v_opt=0.00095 v_mand=0.00000 ptv=0.0617 ptv_max=0.00002 ring=0.00000 smooth=0.0077 laplacian=0.0168 beam=0.15807 homogeneity=0.0016 body=0.00000 bowel=0.00000 femur=0.00000
2026-05-22 20:06:28 [INFO] Running validation at epoch 163...
2026-05-22 20:06:57 [INFO] Epoch 163 Summary: Train=10.4231 Val=0.0071 (MSE=0.0071)
          Metrics: PTV_D95=54.23Gy Bladder=27.02Gy Rectum=31.14Gy
          Metrics: Ring=45.85Gy Dmax=1127.92Gy BG=17.97Gy
2026-05-22 20:06:57 [INFO] Epoch 164/300 [FULL PHYSICS] ramp=1.000 lr=4.38e-05
2026-05-22 20:07:03 [INFO] Step 5/54 Loss=4.5654 mse=0.0838 v_opt=0.01087 v_mand=0.00005 ptv=0.1043 ptv_max=0.00003 ring=0.00000 smooth=0.0080 laplacian=0.0173 beam=0.04840 homogeneity=0.0047 body=0.00000 bowel=0.00000 femur=0.00000
2026-05-22 20:07:06 [INFO] Step 10/54 Loss=11.3339 mse=0.2124 v_opt=0.05515 v_mand=0.00699 ptv=0.0459 ptv_max=0.00022 ring=0.00005 smooth=0.0083 laplacian=0.0194 beam=0.19628 homogeneity=0.0028 body=0.00000 bowel=0.00029 femur=0.00000
2026-05-22 20:07:10 [INFO] Step 15/54 Loss=7.4926 mse=0.0450 v_opt=0.00088 v_mand=0.00004 ptv=0.1149 ptv_max=0.00027 ring=0.00000 smooth=0.0096 laplacian=0.0215 beam=0.19215 homogeneity=0.0127 body=0.00000 bowel=0.00000 femur=0.00000
2026-05-22 20:07:12 [INFO] Step 20/54 Loss=3.4420 mse=0.0405 v_opt=0.00658 v_mand=0.00002 ptv=0.1028 ptv_max=0.00004 ring=0.00000 smooth=0.0027 laplacian=0.0051 beam=0.03448 homogeneity=0.0064 body=0.00000 bowel=0.02431 femur=0.00000
2026-05-22 20:07:17 [INFO] Step 25/54 Loss=8.8579 mse=0.0910 v_opt=0.00016 v_mand=0.00000 ptv=0.0718 ptv_max=0.00002 ring=0.00000 smooth=0.0079 laplacian=0.0177 beam=0.22812 homogeneity=0.0030 body=0.00000 bowel=0.00000 femur=0.00000
2026-05-22 20:07:21 [INFO] Step 30/54 Loss=2.7823 mse=0.0538 v_opt=0.00352 v_mand=0.00002 ptv=0.0590 ptv_max=0.00004 ring=0.00000 smooth=0.0041 laplacian=0.0094 beam=0.02960 homogeneity=0.0021 body=0.00000 bowel=0.00000 femur=0.00000
2026-05-22 20:07:24 [INFO] Step 35/54 Loss=19.3959 mse=0.2759 v_opt=0.01897 v_mand=0.00142 ptv=0.0260 ptv_max=0.00040 ring=0.00000 smooth=0.0164 laplacian=0.0412 beam=0.47104 homogeneity=0.0035 body=0.00000 bowel=0.00000 femur=0.00000
2026-05-22 20:07:26 [INFO] Step 40/54 Loss=10.7101 mse=0.1841 v_opt=0.03846 v_mand=0.00836 ptv=0.0483 ptv_max=0.00019 ring=0.00001 smooth=0.0049 laplacian=0.0109 beam=0.19960 homogeneity=0.0026 body=0.00000 bowel=0.00000 femur=0.00000
2026-05-22 20:07:30 [INFO] Step 45/54 Loss=5.5094 mse=0.1115 v_opt=0.01164 v_mand=0.00000 ptv=0.0605 ptv_max=0.00006 ring=0.00000 smooth=0.0072 laplacian=0.0161 beam=0.07808 homogeneity=0.0022 body=0.00000 bowel=0.00000 femur=0.00000
2026-05-22 20:07:34 [INFO] Step 50/54 Loss=18.2161 mse=0.5020 v_opt=0.01113 v_mand=0.00005 ptv=0.0856 ptv_max=0.00020 ring=0.00138 smooth=0.1443 laplacian=0.3357 beam=0.11225 homogeneity=0.0035 body=0.00000 bowel=0.00000 femur=0.00345
2026-05-22 20:07:36 [INFO] Step 54/54 Loss=5.9373 mse=0.1295 v_opt=0.00020 v_mand=0.00000 ptv=0.0777 ptv_max=0.00022 ring=0.00006 smooth=0.0079 laplacian=0.0184 beam=0.06650 homogeneity=0.0063 body=0.00000 bowel=0.00000 femur=0.00000
2026-05-22 20:07:36 [INFO] Running validation at epoch 164...
2026-05-22 20:08:06 [INFO] Epoch 164 Summary: Train=9.3227 Val=0.0067 (MSE=0.0067)
          Metrics: PTV_D95=55.20Gy Bladder=26.15Gy Rectum=30.50Gy
          Metrics: Ring=45.75Gy Dmax=1302.93Gy BG=17.09Gy
2026-05-22 20:08:06 [INFO] [PHYSICS] Saved best model val_loss=0.0067
2026-05-22 20:08:06 [INFO] Epoch 165/300 [FULL PHYSICS] ramp=1.000 lr=4.33e-05
2026-05-22 20:08:11 [INFO] Step 5/54 Loss=9.9474 mse=0.1202 v_opt=0.00874 v_mand=0.00055 ptv=0.0490 ptv_max=0.00028 ring=0.00001 smooth=0.0102 laplacian=0.0245 beam=0.24583 homogeneity=0.0039 body=0.00000 bowel=0.00057 femur=0.00000
2026-05-22 20:08:14 [INFO] Step 10/54 Loss=12.3489 mse=0.2721 v_opt=0.02401 v_mand=0.00092 ptv=0.0476 ptv_max=0.00037 ring=0.00013 smooth=0.0083 laplacian=0.0177 beam=0.18889 homogeneity=0.0031 body=0.00000 bowel=0.00000 femur=0.00378
2026-05-22 20:08:18 [INFO] Step 15/54 Loss=9.1458 mse=0.0694 v_opt=0.01264 v_mand=0.00015 ptv=0.0670 ptv_max=0.00003 ring=0.00000 smooth=0.0080 laplacian=0.0192 beam=0.26253 homogeneity=0.0019 body=0.00000 bowel=0.00000 femur=0.00000
2026-05-22 20:08:21 [INFO] Step 20/54 Loss=3.9541 mse=0.1162 v_opt=0.00732 v_mand=0.00034 ptv=0.0596 ptv_max=0.00004 ring=0.00000 smooth=0.0081 laplacian=0.0186 beam=0.01123 homogeneity=0.0017 body=0.00000 bowel=0.00000 femur=0.00000
2026-05-22 20:08:25 [INFO] Step 25/54 Loss=7.4087 mse=0.2270 v_opt=0.01044 v_mand=0.00140 ptv=0.0371 ptv_max=0.00085 ring=0.00016 smooth=0.0078 laplacian=0.0179 beam=0.03812 homogeneity=0.0046 body=0.00000 bowel=0.00000 femur=0.00000
2026-05-22 20:08:28 [INFO] Step 30/54 Loss=15.0761 mse=0.0399 v_opt=0.00000 v_mand=0.00000 ptv=0.7822 ptv_max=0.00000 ring=0.00000 smooth=0.0064 laplacian=0.0153 beam=0.15951 homogeneity=0.1094 body=0.00000 bowel=0.00000 femur=0.00000
2026-05-22 20:08:32 [INFO] Step 35/54 Loss=16.0382 mse=0.4822 v_opt=0.01260 v_mand=0.00010 ptv=0.0329 ptv_max=0.00206 ring=0.00061 smooth=0.0590 laplacian=0.1490 beam=0.08948 homogeneity=0.0067 body=0.00000 bowel=0.00857 femur=0.00012
2026-05-22 20:08:35 [INFO] Step 40/54 Loss=11.3274 mse=0.1747 v_opt=0.00325 v_mand=0.00000 ptv=0.0406 ptv_max=0.00026 ring=0.00000 smooth=0.0104 laplacian=0.0241 beam=0.25253 homogeneity=0.0033 body=0.00000 bowel=0.00000 femur=0.00000
2026-05-22 20:08:38 [INFO] Step 45/54 Loss=3.6512 mse=0.0739 v_opt=0.00445 v_mand=0.00010 ptv=0.0390 ptv_max=0.00040 ring=0.00000 smooth=0.0045 laplacian=0.0088 beam=0.04763 homogeneity=0.0051 body=0.00000 bowel=0.00000 femur=0.00000
2026-05-22 20:08:41 [INFO] Step 50/54 Loss=5.5446 mse=0.0355 v_opt=0.03356 v_mand=0.00492 ptv=0.0555 ptv_max=0.00010 ring=0.00000 smooth=0.0024 laplacian=0.0048 beam=0.14278 homogeneity=0.0028 body=0.00000 bowel=0.00814 femur=0.00000
2026-05-22 20:08:44 [INFO] Step 54/54 Loss=3.6806 mse=0.0826 v_opt=0.00078 v_mand=0.00000 ptv=0.0931 ptv_max=0.00000 ring=0.00000 smooth=0.0064 laplacian=0.0146 beam=0.02188 homogeneity=0.0028 body=0.00000 bowel=0.00000 femur=0.00000
2026-05-22 20:08:44 [INFO] Running validation at epoch 165...
2026-05-22 20:09:13 [INFO] Epoch 165 Summary: Train=9.4031 Val=0.0065 (MSE=0.0065)
          Metrics: PTV_D95=53.67Gy Bladder=26.59Gy Rectum=30.09Gy
          Metrics: Ring=44.06Gy Dmax=1399.09Gy BG=16.90Gy
2026-05-22 20:09:13 [INFO] [PHYSICS] Saved best model val_loss=0.0065
2026-05-22 20:09:13 [INFO] Epoch 166/300 [FULL PHYSICS] ramp=1.000 lr=4.28e-05
2026-05-22 20:09:20 [INFO] Step 5/54 Loss=7.5029 mse=0.0836 v_opt=0.00129 v_mand=0.00000 ptv=0.0727 ptv_max=0.00002 ring=0.00000 smooth=0.0060 laplacian=0.0132 beam=0.18254 homogeneity=0.0022 body=0.00000 bowel=0.00000 femur=0.00000
2026-05-22 20:09:22 [INFO] Step 10/54 Loss=10.7129 mse=0.1318 v_opt=0.03406 v_mand=0.00715 ptv=0.0411 ptv_max=0.00097 ring=0.00002 smooth=0.0171 laplacian=0.0405 beam=0.24222 homogeneity=0.0080 body=0.00000 bowel=0.00000 femur=0.00000
2026-05-22 20:09:25 [INFO] Step 15/54 Loss=6.6880 mse=0.0821 v_opt=0.00229 v_mand=0.00000 ptv=0.0365 ptv_max=0.00038 ring=0.00000 smooth=0.0070 laplacian=0.0156 beam=0.16183 homogeneity=0.0038 body=0.00000 bowel=0.00000 femur=0.00000
2026-05-22 20:09:28 [INFO] Step 20/54 Loss=8.7571 mse=0.0619 v_opt=0.00724 v_mand=0.00033 ptv=0.0529 ptv_max=0.00031 ring=0.00000 smooth=0.0045 laplacian=0.0094 beam=0.25788 homogeneity=0.0040 body=0.00000 bowel=0.00163 femur=0.00000
2026-05-22 20:09:33 [INFO] Step 25/54 Loss=3.0269 mse=0.0447 v_opt=0.00366 v_mand=0.00000 ptv=0.0942 ptv_max=0.00001 ring=0.00000 smooth=0.0030 laplacian=0.0051 beam=0.03449 homogeneity=0.0034 body=0.00000 bowel=0.00003 femur=0.00000
2026-05-22 20:09:36 [INFO] Step 30/54 Loss=9.5890 mse=0.1273 v_opt=0.00000 v_mand=0.00000 ptv=0.0475 ptv_max=0.00081 ring=0.00000 smooth=0.0073 laplacian=0.0172 beam=0.22419 homogeneity=0.0056 body=0.00000 bowel=0.00000 femur=0.00000
2026-05-22 20:09:39 [INFO] Step 35/54 Loss=8.6236 mse=0.1429 v_opt=0.01519 v_mand=0.00051 ptv=0.0427 ptv_max=0.00019 ring=0.00002 smooth=0.0073 laplacian=0.0163 beam=0.17559 homogeneity=0.0030 body=0.00000 bowel=0.00000 femur=0.00000
2026-05-22 20:09:42 [INFO] Step 40/54 Loss=23.4479 mse=0.4160 v_opt=0.05737 v_mand=0.01788 ptv=0.0375 ptv_max=0.00110 ring=0.00015 smooth=0.0127 laplacian=0.0300 beam=0.39603 homogeneity=0.0059 body=0.00000 bowel=0.08775 femur=0.00000
2026-05-22 20:09:47 [INFO] Step 45/54 Loss=12.9874 mse=0.1479 v_opt=0.00381 v_mand=0.00000 ptv=0.0550 ptv_max=0.00010 ring=0.00000 smooth=0.0092 laplacian=0.0210 beam=0.34238 homogeneity=0.0022 body=0.00000 bowel=0.00000 femur=0.00000
2026-05-22 20:09:50 [INFO] Step 50/54 Loss=12.2299 mse=0.3901 v_opt=0.02082 v_mand=0.00080 ptv=0.0812 ptv_max=0.00032 ring=0.00113 smooth=0.0143 laplacian=0.0311 beam=0.04580 homogeneity=0.0033 body=0.00000 bowel=0.00000 femur=0.01375
2026-05-22 20:09:53 [INFO] Step 54/54 Loss=8.1123 mse=0.1026 v_opt=0.02060 v_mand=0.00106 ptv=0.0762 ptv_max=0.00005 ring=0.00000 smooth=0.0079 laplacian=0.0198 beam=0.18022 homogeneity=0.0035 body=0.00000 bowel=0.00000 femur=0.00000
2026-05-22 20:09:53 [INFO] Running validation at epoch 166...
2026-05-22 20:10:23 [INFO] Epoch 166 Summary: Train=10.0612 Val=0.0067 (MSE=0.0067)
          Metrics: PTV_D95=52.17Gy Bladder=26.44Gy Rectum=29.30Gy
          Metrics: Ring=43.92Gy Dmax=1306.86Gy BG=17.31Gy
2026-05-22 20:10:23 [INFO] Epoch 167/300 [FULL PHYSICS] ramp=1.000 lr=4.22e-05
2026-05-22 20:10:28 [INFO] Step 5/54 Loss=7.9232 mse=0.1088 v_opt=0.00554 v_mand=0.00003 ptv=0.0797 ptv_max=0.00007 ring=0.00000 smooth=0.0061 laplacian=0.0141 beam=0.16366 homogeneity=0.0034 body=0.00000 bowel=0.00988 femur=0.00000
2026-05-22 20:10:32 [INFO] Step 10/54 Loss=10.2739 mse=0.2374 v_opt=0.00776 v_mand=0.00000 ptv=0.0482 ptv_max=0.00051 ring=0.00008 smooth=0.0230 laplacian=0.0555 beam=0.13536 homogeneity=0.0039 body=0.00000 bowel=0.00000 femur=0.00000
2026-05-22 20:10:35 [INFO] Step 15/54 Loss=2.4890 mse=0.0722 v_opt=0.00368 v_mand=0.00000 ptv=0.0287 ptv_max=0.00127 ring=0.00000 smooth=0.0055 laplacian=0.0114 beam=0.00000 homogeneity=0.0068 body=0.00000 bowel=0.00000 femur=0.00000
2026-05-22 20:10:38 [INFO] Step 20/54 Loss=21.2359 mse=0.3947 v_opt=0.05493 v_mand=0.01406 ptv=0.0165 ptv_max=0.00313 ring=0.00076 smooth=0.0766 laplacian=0.1775 beam=0.34715 homogeneity=0.0103 body=0.00000 bowel=0.00230 femur=0.00282
2026-05-22 20:10:42 [INFO] Step 25/54 Loss=8.9167 mse=0.1707 v_opt=0.00936 v_mand=0.00002 ptv=0.0613 ptv_max=0.00005 ring=0.00000 smooth=0.0103 laplacian=0.0244 beam=0.15344 homogeneity=0.0020 body=0.00000 bowel=0.00000 femur=0.00000
2026-05-22 20:10:45 [INFO] Step 30/54 Loss=2.6685 mse=0.0485 v_opt=0.00039 v_mand=0.00000 ptv=0.0853 ptv_max=0.00000 ring=0.00000 smooth=0.0041 laplacian=0.0089 beam=0.02009 homogeneity=0.0026 body=0.00000 bowel=0.00000 femur=0.00000
2026-05-22 20:10:49 [INFO] Step 35/54 Loss=22.8404 mse=0.4019 v_opt=0.00031 v_mand=0.00000 ptv=0.0475 ptv_max=0.00075 ring=0.00098 smooth=0.0275 laplacian=0.0669 beam=0.45239 homogeneity=0.0038 body=0.00000 bowel=0.02956 femur=0.00000
2026-05-22 20:10:52 [INFO] Step 40/54 Loss=31.8152 mse=0.5625 v_opt=0.05241 v_mand=0.01252 ptv=0.0073 ptv_max=0.01242 ring=0.00570 smooth=0.1565 laplacian=0.3896 beam=0.41283 homogeneity=0.0244 body=0.00000 bowel=0.09385 femur=0.06795
2026-05-22 20:10:55 [INFO] Step 45/54 Loss=4.6823 mse=0.1226 v_opt=0.01140 v_mand=0.00004 ptv=0.0898 ptv_max=0.00027 ring=0.00002 smooth=0.0097 laplacian=0.0215 beam=0.01418 homogeneity=0.0091 body=0.00000 bowel=0.00000 femur=0.00000
2026-05-22 20:10:59 [INFO] Step 50/54 Loss=6.4511 mse=0.0639 v_opt=0.00405 v_mand=0.00000 ptv=0.1027 ptv_max=0.00002 ring=0.00000 smooth=0.0057 laplacian=0.0128 beam=0.14662 homogeneity=0.0041 body=0.00000 bowel=0.00000 femur=0.00000
2026-05-22 20:11:01 [INFO] Step 54/54 Loss=11.7163 mse=0.2104 v_opt=0.01862 v_mand=0.00078 ptv=0.0587 ptv_max=0.00009 ring=0.00000 smooth=0.0135 laplacian=0.0324 beam=0.22238 homogeneity=0.0022 body=0.00000 bowel=0.00000 femur=0.00000
2026-05-22 20:11:01 [INFO] Running validation at epoch 167...
2026-05-22 20:11:31 [INFO] Epoch 167 Summary: Train=9.8885 Val=0.0067 (MSE=0.0067)
          Metrics: PTV_D95=55.75Gy Bladder=28.39Gy Rectum=30.20Gy
          Metrics: Ring=46.49Gy Dmax=1231.79Gy BG=17.24Gy
2026-05-22 20:11:31 [INFO] Epoch 168/300 [FULL PHYSICS] ramp=1.000 lr=4.17e-05
2026-05-22 20:11:37 [INFO] Step 5/54 Loss=11.4566 mse=0.1316 v_opt=0.05382 v_mand=0.00754 ptv=0.0244 ptv_max=0.00121 ring=0.00000 smooth=0.0099 laplacian=0.0241 beam=0.27965 homogeneity=0.0066 body=0.00000 bowel=0.00000 femur=0.00000
2026-05-22 20:11:40 [INFO] Step 10/54 Loss=4.9768 mse=0.1248 v_opt=0.01455 v_mand=0.00021 ptv=0.0481 ptv_max=0.00020 ring=0.00001 smooth=0.0068 laplacian=0.0155 beam=0.04679 homogeneity=0.0026 body=0.00000 bowel=0.00000 femur=0.00000
2026-05-22 20:11:43 [INFO] Step 15/54 Loss=6.6130 mse=0.0996 v_opt=0.00739 v_mand=0.00000 ptv=0.0613 ptv_max=0.00007 ring=0.00000 smooth=0.0053 laplacian=0.0114 beam=0.13448 homogeneity=0.0029 body=0.00000 bowel=0.00000 femur=0.00000
2026-05-22 20:11:46 [INFO] Step 20/54 Loss=10.7538 mse=0.3600 v_opt=0.02669 v_mand=0.00272 ptv=0.0634 ptv_max=0.00053 ring=0.00140 smooth=0.0106 laplacian=0.0210 beam=0.02278 homogeneity=0.0036 body=0.00000 bowel=0.00488 femur=0.00000
2026-05-22 20:11:51 [INFO] Step 25/54 Loss=7.8709 mse=0.1367 v_opt=0.00786 v_mand=0.00047 ptv=0.0340 ptv_max=0.00030 ring=0.00001 smooth=0.0062 laplacian=0.0136 beam=0.15549 homogeneity=0.0033 body=0.00000 bowel=0.00000 femur=0.00000
2026-05-22 20:11:54 [INFO] Step 30/54 Loss=20.4818 mse=0.2962 v_opt=0.00011 v_mand=0.00000 ptv=0.0459 ptv_max=0.00088 ring=0.00212 smooth=0.0202 laplacian=0.0486 beam=0.48203 homogeneity=0.0040 body=0.00000 bowel=0.00391 femur=0.00000
2026-05-22 20:11:57 [INFO] Step 35/54 Loss=8.2195 mse=0.1155 v_opt=0.02800 v_mand=0.00450 ptv=0.0516 ptv_max=0.00015 ring=0.00026 smooth=0.0062 laplacian=0.0138 beam=0.17532 homogeneity=0.0025 body=0.00000 bowel=0.00000 femur=0.00000
2026-05-22 20:12:00 [INFO] Step 40/54 Loss=14.6702 mse=0.4449 v_opt=0.05330 v_mand=0.01146 ptv=0.0999 ptv_max=0.00118 ring=0.00190 smooth=0.0192 laplacian=0.0439 beam=0.03939 homogeneity=0.0059 body=0.00000 bowel=0.02152 femur=0.00000
2026-05-22 20:12:04 [INFO] Step 45/54 Loss=16.2355 mse=0.2841 v_opt=0.08628 v_mand=0.02496 ptv=0.0393 ptv_max=0.00039 ring=0.00019 smooth=0.0304 laplacian=0.0746 beam=0.23254 homogeneity=0.0032 body=0.00000 bowel=0.06461 femur=0.00084
2026-05-22 20:12:07 [INFO] Step 50/54 Loss=7.4999 mse=0.1149 v_opt=0.02493 v_mand=0.00190 ptv=0.0421 ptv_max=0.00024 ring=0.00001 smooth=0.0088 laplacian=0.0204 beam=0.15350 homogeneity=0.0037 body=0.00000 bowel=0.00000 femur=0.00026
2026-05-22 20:12:10 [INFO] Step 54/54 Loss=4.7905 mse=0.0171 v_opt=0.00000 v_mand=0.00000 ptv=0.0000 ptv_max=0.00000 ring=0.00000 smooth=0.0026 laplacian=0.0059 beam=0.17328 homogeneity=0.0000 body=0.00000 bowel=0.00000 femur=0.00000
2026-05-22 20:12:10 [INFO] Running validation at epoch 168...
2026-05-22 20:12:39 [INFO] Epoch 168 Summary: Train=10.2322 Val=0.0066 (MSE=0.0066)
          Metrics: PTV_D95=58.00Gy Bladder=24.90Gy Rectum=28.93Gy
          Metrics: Ring=47.11Gy Dmax=1173.52Gy BG=17.16Gy
2026-05-22 20:12:39 [INFO] [CLINICAL] Saved best model Score=42.127 PTV_D95=58.00Gy Bladder=24.90Gy Rectum=28.93Gy
2026-05-22 20:12:39 [INFO] Epoch 169/300 [FULL PHYSICS] ramp=1.000 lr=4.12e-05
2026-05-22 20:12:45 [INFO] Step 5/54 Loss=4.6388 mse=0.1244 v_opt=0.00003 v_mand=0.00000 ptv=0.0545 ptv_max=0.00014 ring=0.00000 smooth=0.0099 laplacian=0.0237 beam=0.03116 homogeneity=0.0027 body=0.00000 bowel=0.00000 femur=0.00000
2026-05-22 20:12:48 [INFO] Step 10/54 Loss=2.7528 mse=0.0641 v_opt=0.00031 v_mand=0.00000 ptv=0.0715 ptv_max=0.00003 ring=0.00000 smooth=0.0053 laplacian=0.0114 beam=0.01271 homogeneity=0.0025 body=0.00000 bowel=0.00000 femur=0.00000
2026-05-22 20:12:51 [INFO] Step 15/54 Loss=13.2065 mse=0.2101 v_opt=0.07459 v_mand=0.02211 ptv=0.0371 ptv_max=0.00099 ring=0.00001 smooth=0.0396 laplacian=0.0991 beam=0.21902 homogeneity=0.0056 body=0.00000 bowel=0.00388 femur=0.00000
2026-05-22 20:12:54 [INFO] Step 20/54 Loss=6.1452 mse=0.1959 v_opt=0.00184 v_mand=0.00000 ptv=0.0471 ptv_max=0.00038 ring=0.00000 smooth=0.0028 laplacian=0.0049 beam=0.02428 homogeneity=0.0042 body=0.00000 bowel=0.00000 femur=0.00000
2026-05-22 20:13:00 [INFO] Step 25/54 Loss=14.6739 mse=0.4707 v_opt=0.01008 v_mand=0.00005 ptv=0.0435 ptv_max=0.00161 ring=0.00246 smooth=0.0278 laplacian=0.0590 beam=0.05853 homogeneity=0.0062 body=0.00000 bowel=0.00000 femur=0.02617
2026-05-22 20:13:03 [INFO] Step 30/54 Loss=4.8400 mse=0.1200 v_opt=0.02299 v_mand=0.00135 ptv=0.0588 ptv_max=0.00015 ring=0.00000 smooth=0.0073 laplacian=0.0162 beam=0.03871 homogeneity=0.0030 body=0.00000 bowel=0.00000 femur=0.00000
2026-05-22 20:13:05 [INFO] Step 35/54 Loss=13.4366 mse=0.1422 v_opt=0.00000 v_mand=0.00000 ptv=0.0423 ptv_max=0.00240 ring=0.00013 smooth=0.0165 laplacian=0.0389 beam=0.35004 homogeneity=0.0068 body=0.00000 bowel=0.00000 femur=0.00000
2026-05-22 20:13:08 [INFO] Step 40/54 Loss=10.3665 mse=0.1424 v_opt=0.00803 v_mand=0.00006 ptv=0.0931 ptv_max=0.00035 ring=0.00001 smooth=0.0092 laplacian=0.0201 beam=0.19944 homogeneity=0.0112 body=0.00000 bowel=0.03241 femur=0.00000
2026-05-22 20:13:14 [INFO] Step 45/54 Loss=2.9462 mse=0.0488 v_opt=0.00573 v_mand=0.00000 ptv=0.0750 ptv_max=0.00004 ring=0.00000 smooth=0.0042 laplacian=0.0080 beam=0.03419 homogeneity=0.0030 body=0.00000 bowel=0.00000 femur=0.00000
2026-05-22 20:13:17 [INFO] Step 50/54 Loss=38.4367 mse=0.6233 v_opt=0.00728 v_mand=0.00005 ptv=0.0610 ptv_max=0.01551 ring=0.00875 smooth=0.0826 laplacian=0.1495 beam=0.73762 homogeneity=0.0198 body=0.00000 bowel=0.00673 femur=0.00000
2026-05-22 20:13:19 [INFO] Step 54/54 Loss=11.3883 mse=0.1481 v_opt=0.03921 v_mand=0.00687 ptv=0.0397 ptv_max=0.00073 ring=0.00000 smooth=0.0130 laplacian=0.0315 beam=0.25909 homogeneity=0.0054 body=0.00000 bowel=0.00000 femur=0.00000
2026-05-22 20:13:19 [INFO] Running validation at epoch 169...
2026-05-22 20:13:49 [INFO] Epoch 169 Summary: Train=10.7778 Val=0.0065 (MSE=0.0065)
          Metrics: PTV_D95=55.98Gy Bladder=27.85Gy Rectum=28.50Gy
          Metrics: Ring=45.70Gy Dmax=1329.69Gy BG=16.77Gy
2026-05-22 20:13:49 [INFO] Epoch 170/300 [FULL PHYSICS] ramp=1.000 lr=4.07e-05
2026-05-22 20:13:55 [INFO] Step 5/54 Loss=15.2187 mse=0.4174 v_opt=0.02160 v_mand=0.00033 ptv=0.0473 ptv_max=0.00052 ring=0.00036 smooth=0.0720 laplacian=0.1748 beam=0.12597 homogeneity=0.0030 body=0.00000 bowel=0.00000 femur=0.00110
2026-05-22 20:13:58 [INFO] Step 10/54 Loss=12.3172 mse=0.2421 v_opt=0.01533 v_mand=0.00001 ptv=0.0526 ptv_max=0.00020 ring=0.00002 smooth=0.0232 laplacian=0.0566 beam=0.21243 homogeneity=0.0025 body=0.00000 bowel=0.00067 femur=0.00000
2026-05-22 20:14:01 [INFO] Step 15/54 Loss=20.7941 mse=0.5480 v_opt=0.01375 v_mand=0.00025 ptv=0.0285 ptv_max=0.00498 ring=0.00175 smooth=0.0213 laplacian=0.0440 beam=0.19729 homogeneity=0.0124 body=0.00000 bowel=0.01366 femur=0.03697
2026-05-22 20:14:04 [INFO] Step 20/54 Loss=7.0009 mse=0.1500 v_opt=0.00528 v_mand=0.00027 ptv=0.0452 ptv_max=0.00021 ring=0.00000 smooth=0.0061 laplacian=0.0136 beam=0.10439 homogeneity=0.0030 body=0.00000 bowel=0.00000 femur=0.00000
2026-05-22 20:14:10 [INFO] Step 25/54 Loss=16.7320 mse=0.4675 v_opt=0.06843 v_mand=0.01119 ptv=0.0519 ptv_max=0.00137 ring=0.00290 smooth=0.0261 laplacian=0.0592 beam=0.12097 homogeneity=0.0059 body=0.00000 bowel=0.00000 femur=0.01162
2026-05-22 20:14:13 [INFO] Step 30/54 Loss=10.8403 mse=0.0674 v_opt=0.00306 v_mand=0.00002 ptv=0.0764 ptv_max=0.00077 ring=0.00000 smooth=0.0071 laplacian=0.0161 beam=0.32055 homogeneity=0.0083 body=0.00000 bowel=0.00000 femur=0.00000
2026-05-22 20:14:16 [INFO] Step 35/54 Loss=2.8554 mse=0.0689 v_opt=0.00002 v_mand=0.00000 ptv=0.0594 ptv_max=0.00007 ring=0.00000 smooth=0.0035 laplacian=0.0074 beam=0.01761 homogeneity=0.0024 body=0.00000 bowel=0.00000 femur=0.00000
2026-05-22 20:14:19 [INFO] Step 40/54 Loss=32.4915 mse=0.0408 v_opt=0.69022 v_mand=0.47569 ptv=0.1660 ptv_max=0.00034 ring=0.00000 smooth=0.0066 laplacian=0.0158 beam=0.17027 homogeneity=0.0127 body=0.00000 bowel=0.00000 femur=0.00000
2026-05-22 20:14:23 [INFO] Step 45/54 Loss=7.7594 mse=0.1077 v_opt=0.01211 v_mand=0.00038 ptv=0.0542 ptv_max=0.00016 ring=0.00000 smooth=0.0061 laplacian=0.0128 beam=0.16466 homogeneity=0.0029 body=0.00000 bowel=0.01416 femur=0.00000
2026-05-22 20:14:27 [INFO] Step 50/54 Loss=2.1672 mse=0.0470 v_opt=0.00330 v_mand=0.00019 ptv=0.0453 ptv_max=0.00020 ring=0.00000 smooth=0.0058 laplacian=0.0126 beam=0.01422 homogeneity=0.0034 body=0.00000 bowel=0.00000 femur=0.00000
2026-05-22 20:14:29 [INFO] Step 54/54 Loss=7.7787 mse=0.0955 v_opt=0.02651 v_mand=0.00391 ptv=0.0460 ptv_max=0.00020 ring=0.00001 smooth=0.0087 laplacian=0.0200 beam=0.17914 homogeneity=0.0033 body=0.00000 bowel=0.00000 femur=0.00000
2026-05-22 20:14:29 [INFO] Running validation at epoch 170...
2026-05-22 20:14:58 [INFO] Epoch 170 Summary: Train=10.5922 Val=0.0064 (MSE=0.0064)
          Metrics: PTV_D95=56.65Gy Bladder=27.41Gy Rectum=28.95Gy
          Metrics: Ring=46.38Gy Dmax=1011.81Gy BG=16.97Gy
2026-05-22 20:14:58 [INFO] [PHYSICS] Saved best model val_loss=0.0064
2026-05-22 20:14:58 [INFO] Epoch 171/300 [FULL PHYSICS] ramp=1.000 lr=4.02e-05
2026-05-22 20:15:04 [INFO] Step 5/54 Loss=19.6942 mse=0.3008 v_opt=0.00026 v_mand=0.00000 ptv=0.0565 ptv_max=0.00033 ring=0.00000 smooth=0.0194 laplacian=0.0482 beam=0.36983 homogeneity=0.0036 body=0.00000 bowel=0.13211 femur=0.00000
2026-05-22 20:15:07 [INFO] Step 10/54 Loss=6.3284 mse=0.0558 v_opt=0.00009 v_mand=0.00000 ptv=0.1027 ptv_max=0.00000 ring=0.00000 smooth=0.0049 laplacian=0.0105 beam=0.15116 homogeneity=0.0035 body=0.00000 bowel=0.00000 femur=0.00000
2026-05-22 20:15:10 [INFO] Step 15/54 Loss=24.4748 mse=0.3904 v_opt=0.00245 v_mand=0.00000 ptv=0.0602 ptv_max=0.00138 ring=0.00092 smooth=0.0573 laplacian=0.1329 beam=0.52173 homogeneity=0.0061 body=0.00000 bowel=0.00000 femur=0.00000
2026-05-22 20:15:13 [INFO] Step 20/54 Loss=7.8172 mse=0.0895 v_opt=0.04183 v_mand=0.00900 ptv=0.0309 ptv_max=0.00061 ring=0.00001 smooth=0.0084 laplacian=0.0200 beam=0.17790 homogeneity=0.0045 body=0.00000 bowel=0.00000 femur=0.00000
2026-05-22 20:15:17 [INFO] Step 25/54 Loss=6.7554 mse=0.1567 v_opt=0.02296 v_mand=0.00251 ptv=0.0243 ptv_max=0.00231 ring=0.00007 smooth=0.0112 laplacian=0.0259 beam=0.07093 homogeneity=0.0082 body=0.00000 bowel=0.00000 femur=0.00000
2026-05-22 20:15:23 [INFO] Step 30/54 Loss=17.4092 mse=0.4372 v_opt=0.04765 v_mand=0.00441 ptv=0.0639 ptv_max=0.00229 ring=0.00308 smooth=0.1185 laplacian=0.2782 beam=0.11768 homogeneity=0.0077 body=0.00000 bowel=0.00000 femur=0.05286
2026-05-22 20:15:26 [INFO] Step 35/54 Loss=14.5305 mse=0.1905 v_opt=0.00156 v_mand=0.00000 ptv=0.0464 ptv_max=0.00004 ring=0.00000 smooth=0.0111 laplacian=0.0272 beam=0.36469 homogeneity=0.0015 body=0.00000 bowel=0.00000 femur=0.00000
2026-05-22 20:15:29 [INFO] Step 40/54 Loss=11.7820 mse=0.2995 v_opt=0.00001 v_mand=0.00000 ptv=0.0566 ptv_max=0.00006 ring=0.00000 smooth=0.0065 laplacian=0.0145 beam=0.14403 homogeneity=0.0020 body=0.00000 bowel=0.00000 femur=0.00000
2026-05-22 20:15:31 [INFO] Step 45/54 Loss=6.1436 mse=0.0922 v_opt=0.00646 v_mand=0.00032 ptv=0.0245 ptv_max=0.00064 ring=0.00000 smooth=0.0057 laplacian=0.0128 beam=0.13248 homogeneity=0.0044 body=0.00000 bowel=0.00000 femur=0.00000
2026-05-22 20:15:37 [INFO] Step 50/54 Loss=16.1398 mse=0.2737 v_opt=0.01760 v_mand=0.00346 ptv=0.0386 ptv_max=0.00095 ring=0.00100 smooth=0.0315 laplacian=0.0758 beam=0.31098 homogeneity=0.0050 body=0.00000 bowel=0.01741 femur=0.00000
2026-05-22 20:15:39 [INFO] Step 54/54 Loss=4.5035 mse=0.1096 v_opt=0.01977 v_mand=0.00086 ptv=0.0864 ptv_max=0.00003 ring=0.00001 smooth=0.0086 laplacian=0.0203 beam=0.02572 homogeneity=0.0030 body=0.00000 bowel=0.00000 femur=0.00000
2026-05-22 20:15:39 [INFO] Running validation at epoch 171...
2026-05-22 20:16:08 [INFO] Epoch 171 Summary: Train=10.8514 Val=0.0064 (MSE=0.0064)
          Metrics: PTV_D95=53.96Gy Bladder=28.28Gy Rectum=29.40Gy
          Metrics: Ring=45.06Gy Dmax=1122.84Gy BG=17.09Gy
2026-05-22 20:16:08 [INFO] Epoch 172/300 [FULL PHYSICS] ramp=1.000 lr=3.97e-05
2026-05-22 20:16:14 [INFO] Step 5/54 Loss=5.4100 mse=0.0766 v_opt=0.01552 v_mand=0.00022 ptv=0.0964 ptv_max=0.00003 ring=0.00000 smooth=0.0069 laplacian=0.0145 beam=0.09277 homogeneity=0.0043 body=0.00000 bowel=0.00000 femur=0.00000
2026-05-22 20:16:17 [INFO] Step 10/54 Loss=3.0408 mse=0.0632 v_opt=0.00000 v_mand=0.00000 ptv=0.0756 ptv_max=0.00006 ring=0.00000 smooth=0.0038 laplacian=0.0072 beam=0.02384 homogeneity=0.0029 body=0.00000 bowel=0.00000 femur=0.00000
2026-05-22 20:16:20 [INFO] Step 15/54 Loss=12.9031 mse=0.1547 v_opt=0.01077 v_mand=0.00000 ptv=0.0133 ptv_max=0.00180 ring=0.00000 smooth=0.0081 laplacian=0.0194 beam=0.33410 homogeneity=0.0077 body=0.00000 bowel=0.00000 femur=0.00000
2026-05-22 20:16:23 [INFO] Step 20/54 Loss=5.1169 mse=0.0678 v_opt=0.00699 v_mand=0.00013 ptv=0.0365 ptv_max=0.00050 ring=0.00000 smooth=0.0040 laplacian=0.0078 beam=0.10345 homogeneity=0.0041 body=0.00000 bowel=0.01651 femur=0.00000
2026-05-22 20:16:29 [INFO] Step 25/54 Loss=7.5453 mse=0.1274 v_opt=0.02436 v_mand=0.00229 ptv=0.0484 ptv_max=0.00013 ring=0.00000 smooth=0.0051 laplacian=0.0105 beam=0.14326 homogeneity=0.0027 body=0.00000 bowel=0.00000 femur=0.00000
2026-05-22 20:16:32 [INFO] Step 30/54 Loss=9.3079 mse=0.1056 v_opt=0.00298 v_mand=0.00000 ptv=0.0644 ptv_max=0.00006 ring=0.00000 smooth=0.0059 laplacian=0.0129 beam=0.23519 homogeneity=0.0029 body=0.00000 bowel=0.00000 femur=0.00000
2026-05-22 20:16:35 [INFO] Step 35/54 Loss=6.7969 mse=0.2251 v_opt=0.00048 v_mand=0.00000 ptv=0.0830 ptv_max=0.00002 ring=0.00000 smooth=0.0034 laplacian=0.0071 beam=0.00982 homogeneity=0.0025 body=0.00000 bowel=0.00000 femur=0.00000
2026-05-22 20:16:38 [INFO] Step 40/54 Loss=6.5780 mse=0.1517 v_opt=0.01130 v_mand=0.00051 ptv=0.0468 ptv_max=0.00014 ring=0.00000 smooth=0.0136 laplacian=0.0320 beam=0.08073 homogeneity=0.0028 body=0.00000 bowel=0.00000 femur=0.00000
2026-05-22 20:16:42 [INFO] Step 45/54 Loss=8.2576 mse=0.0708 v_opt=0.00211 v_mand=0.00005 ptv=0.0524 ptv_max=0.00036 ring=0.00000 smooth=0.0072 laplacian=0.0167 beam=0.22767 homogeneity=0.0060 body=0.00000 bowel=0.00000 femur=0.00000
2026-05-22 20:16:46 [INFO] Step 50/54 Loss=5.1896 mse=0.0486 v_opt=0.02769 v_mand=0.00291 ptv=0.0694 ptv_max=0.00005 ring=0.00000 smooth=0.0033 laplacian=0.0066 beam=0.11028 homogeneity=0.0032 body=0.00000 bowel=0.01433 femur=0.00000
2026-05-22 20:16:48 [INFO] Step 54/54 Loss=3.2132 mse=0.0599 v_opt=0.00532 v_mand=0.00077 ptv=0.0678 ptv_max=0.00005 ring=0.00000 smooth=0.0041 laplacian=0.0078 beam=0.03530 homogeneity=0.0027 body=0.00000 bowel=0.00000 femur=0.00000
2026-05-22 20:16:48 [INFO] Running validation at epoch 172...
2026-05-22 20:17:18 [INFO] Epoch 172 Summary: Train=8.8324 Val=0.0064 (MSE=0.0064)
          Metrics: PTV_D95=55.06Gy Bladder=27.17Gy Rectum=29.11Gy
          Metrics: Ring=44.88Gy Dmax=1475.74Gy BG=16.70Gy
2026-05-22 20:17:18 [INFO] [PHYSICS] Saved best model val_loss=0.0064
2026-05-22 20:17:18 [INFO] Epoch 173/300 [FULL PHYSICS] ramp=1.000 lr=3.92e-05
2026-05-22 20:17:23 [INFO] Step 5/54 Loss=4.3217 mse=0.0494 v_opt=0.00235 v_mand=0.00020 ptv=0.0608 ptv_max=0.00005 ring=0.00000 smooth=0.0033 laplacian=0.0068 beam=0.09453 homogeneity=0.0028 body=0.00000 bowel=0.00000 femur=0.00000
2026-05-22 20:17:27 [INFO] Step 10/54 Loss=10.7376 mse=0.1940 v_opt=0.00384 v_mand=0.00121 ptv=0.0518 ptv_max=0.00012 ring=0.00000 smooth=0.0108 laplacian=0.0232 beam=0.20409 homogeneity=0.0027 body=0.00000 bowel=0.00000 femur=0.00000
2026-05-22 20:17:30 [INFO] Step 15/54 Loss=7.4319 mse=0.2053 v_opt=0.01415 v_mand=0.00044 ptv=0.0545 ptv_max=0.00014 ring=0.00126 smooth=0.0567 laplacian=0.1357 beam=0.03461 homogeneity=0.0031 body=0.00000 bowel=0.00000 femur=0.00000
2026-05-22 20:17:33 [INFO] Step 20/54 Loss=45.3644 mse=0.1057 v_opt=0.91975 v_mand=0.65565 ptv=0.0340 ptv_max=0.00262 ring=0.00000 smooth=0.0112 laplacian=0.0275 beam=0.28267 homogeneity=0.0076 body=0.00000 bowel=0.00000 femur=0.00000
2026-05-22 20:17:36 [INFO] Step 25/54 Loss=10.7695 mse=0.1000 v_opt=0.00616 v_mand=0.00000 ptv=0.0800 ptv_max=0.00002 ring=0.00000 smooth=0.0110 laplacian=0.0255 beam=0.29054 homogeneity=0.0026 body=0.00000 bowel=0.00000 femur=0.00000
2026-05-22 20:17:41 [INFO] Step 30/54 Loss=11.2584 mse=0.3003 v_opt=0.00603 v_mand=0.00018 ptv=0.0474 ptv_max=0.00008 ring=0.00000 smooth=0.0096 laplacian=0.0218 beam=0.12373 homogeneity=0.0016 body=0.00000 bowel=0.00000 femur=0.00000
2026-05-22 20:17:43 [INFO] Step 35/54 Loss=10.7280 mse=0.3660 v_opt=0.01293 v_mand=0.00009 ptv=0.0353 ptv_max=0.00113 ring=0.00078 smooth=0.0194 laplacian=0.0431 beam=0.02719 homogeneity=0.0049 body=0.00000 bowel=0.00000 femur=0.00018
2026-05-22 20:17:46 [INFO] Step 40/54 Loss=15.1775 mse=0.3089 v_opt=0.02180 v_mand=0.00236 ptv=0.0195 ptv_max=0.00213 ring=0.00025 smooth=0.0168 laplacian=0.0399 beam=0.25514 homogeneity=0.0084 body=0.00000 bowel=0.00074 femur=0.00000
2026-05-22 20:17:50 [INFO] Step 45/54 Loss=7.0357 mse=0.0933 v_opt=0.02831 v_mand=0.00201 ptv=0.0367 ptv_max=0.00053 ring=0.00000 smooth=0.0037 laplacian=0.0079 beam=0.14938 homogeneity=0.0048 body=0.00000 bowel=0.01506 femur=0.00000
2026-05-22 20:17:54 [INFO] Step 50/54 Loss=10.5752 mse=0.3388 v_opt=0.04715 v_mand=0.00522 ptv=0.0479 ptv_max=0.00210 ring=0.00111 smooth=0.0153 laplacian=0.0335 beam=0.02396 homogeneity=0.0079 body=0.00000 bowel=0.00000 femur=0.00000
2026-05-22 20:17:57 [INFO] Step 54/54 Loss=6.9734 mse=0.2092 v_opt=0.01863 v_mand=0.00089 ptv=0.0338 ptv_max=0.00148 ring=0.00044 smooth=0.0093 laplacian=0.0214 beam=0.03370 homogeneity=0.0069 body=0.00000 bowel=0.00000 femur=0.00000
2026-05-22 20:17:57 [INFO] Running validation at epoch 173...
2026-05-22 20:18:26 [INFO] Epoch 173 Summary: Train=10.8593 Val=0.0062 (MSE=0.0062)
          Metrics: PTV_D95=54.65Gy Bladder=27.86Gy Rectum=29.71Gy
          Metrics: Ring=45.11Gy Dmax=1117.33Gy BG=16.61Gy
2026-05-22 20:18:26 [INFO] [PHYSICS] Saved best model val_loss=0.0062
2026-05-22 20:18:26 [INFO] Epoch 174/300 [FULL PHYSICS] ramp=1.000 lr=3.87e-05
2026-05-22 20:18:33 [INFO] Step 5/54 Loss=12.5364 mse=0.2127 v_opt=0.02580 v_mand=0.00366 ptv=0.0586 ptv_max=0.00013 ring=0.00004 smooth=0.0123 laplacian=0.0286 beam=0.24488 homogeneity=0.0029 body=0.00000 bowel=0.00281 femur=0.00000
2026-05-22 20:18:36 [INFO] Step 10/54 Loss=21.9291 mse=0.2266 v_opt=0.00723 v_mand=0.00000 ptv=0.0907 ptv_max=0.00002 ring=0.00001 smooth=0.0740 laplacian=0.1880 beam=0.57063 homogeneity=0.0030 body=0.00000 bowel=0.00000 femur=0.00000
2026-05-22 20:18:39 [INFO] Step 15/54 Loss=4.1530 mse=0.0737 v_opt=0.00006 v_mand=0.00000 ptv=0.1635 ptv_max=0.00009 ring=0.00002 smooth=0.0115 laplacian=0.0255 beam=0.00970 homogeneity=0.0140 body=0.00000 bowel=0.00000 femur=0.00000
2026-05-22 20:18:42 [INFO] Step 20/54 Loss=2.5475 mse=0.0505 v_opt=0.00911 v_mand=0.00075 ptv=0.0815 ptv_max=0.00005 ring=0.00000 smooth=0.0058 laplacian=0.0129 beam=0.01093 homogeneity=0.0032 body=0.00000 bowel=0.00000 femur=0.00000
2026-05-22 20:18:48 [INFO] Step 25/54 Loss=10.6806 mse=0.1042 v_opt=0.02074 v_mand=0.00104 ptv=0.0499 ptv_max=0.00088 ring=0.00000 smooth=0.0053 laplacian=0.0116 beam=0.27606 homogeneity=0.0068 body=0.00000 bowel=0.01675 femur=0.00000
2026-05-22 20:18:51 [INFO] Step 30/54 Loss=2.9902 mse=0.0722 v_opt=0.00307 v_mand=0.00000 ptv=0.0439 ptv_max=0.00023 ring=0.00000 smooth=0.0046 laplacian=0.0092 beam=0.02420 homogeneity=0.0025 body=0.00000 bowel=0.00000 femur=0.00000
2026-05-22 20:18:54 [INFO] Step 35/54 Loss=14.2563 mse=0.1873 v_opt=0.02706 v_mand=0.00156 ptv=0.0400 ptv_max=0.00014 ring=0.00000 smooth=0.0140 laplacian=0.0344 beam=0.35165 homogeneity=0.0021 body=0.00000 bowel=0.00000 femur=0.00000
2026-05-22 20:18:56 [INFO] Step 40/54 Loss=8.9183 mse=0.1687 v_opt=0.01291 v_mand=0.00004 ptv=0.0557 ptv_max=0.00005 ring=0.00000 smooth=0.0087 laplacian=0.0204 beam=0.15847 homogeneity=0.0018 body=0.00000 bowel=0.00000 femur=0.00000
2026-05-22 20:19:01 [INFO] Step 45/54 Loss=4.5217 mse=0.1115 v_opt=0.00025 v_mand=0.00000 ptv=0.0632 ptv_max=0.00022 ring=0.00000 smooth=0.0118 laplacian=0.0276 beam=0.03315 homogeneity=0.0045 body=0.00000 bowel=0.00000 femur=0.00000
2026-05-22 20:19:04 [INFO] Step 50/54 Loss=5.9240 mse=0.0927 v_opt=0.00276 v_mand=0.00000 ptv=0.0432 ptv_max=0.00017 ring=0.00000 smooth=0.0058 laplacian=0.0125 beam=0.12056 homogeneity=0.0031 body=0.00000 bowel=0.00000 femur=0.00000
2026-05-22 20:19:06 [INFO] Step 54/54 Loss=2.1442 mse=0.0567 v_opt=0.00416 v_mand=0.00197 ptv=0.0214 ptv_max=0.00106 ring=0.00000 smooth=0.0043 laplacian=0.0103 beam=0.00336 homogeneity=0.0054 body=0.00000 bowel=0.00000 femur=0.00000
2026-05-22 20:19:06 [INFO] Running validation at epoch 174...
2026-05-22 20:19:36 [INFO] Epoch 174 Summary: Train=9.9489 Val=0.0065 (MSE=0.0065)
          Metrics: PTV_D95=58.30Gy Bladder=27.92Gy Rectum=31.22Gy
          Metrics: Ring=47.71Gy Dmax=1314.39Gy BG=17.02Gy
2026-05-22 20:19:36 [INFO] Epoch 175/300 [FULL PHYSICS] ramp=1.000 lr=3.82e-05
2026-05-22 20:19:42 [INFO] Step 5/54 Loss=9.1254 mse=0.2995 v_opt=0.03489 v_mand=0.00230 ptv=0.0528 ptv_max=0.00094 ring=0.00094 smooth=0.0136 laplacian=0.0311 beam=0.01895 homogeneity=0.0043 body=0.00000 bowel=0.00000 femur=0.00423
2026-05-22 20:19:45 [INFO] Step 10/54 Loss=8.0773 mse=0.1142 v_opt=0.00230 v_mand=0.00000 ptv=0.0672 ptv_max=0.00004 ring=0.00000 smooth=0.0056 laplacian=0.0122 beam=0.17742 homogeneity=0.0019 body=0.00000 bowel=0.00000 femur=0.00000
2026-05-22 20:19:48 [INFO] Step 15/54 Loss=6.1679 mse=0.0374 v_opt=0.00016 v_mand=0.00000 ptv=0.0840 ptv_max=0.00000 ring=0.00000 smooth=0.0037 laplacian=0.0077 beam=0.17239 homogeneity=0.0020 body=0.00000 bowel=0.00000 femur=0.00000
2026-05-22 20:19:51 [INFO] Step 20/54 Loss=3.3098 mse=0.0648 v_opt=0.00000 v_mand=0.00000 ptv=0.0611 ptv_max=0.00023 ring=0.00000 smooth=0.0029 laplacian=0.0063 beam=0.03768 homogeneity=0.0035 body=0.00000 bowel=0.00000 femur=0.00000
2026-05-22 20:19:56 [INFO] Step 25/54 Loss=11.1599 mse=0.3174 v_opt=0.05680 v_mand=0.01454 ptv=0.0483 ptv_max=0.00278 ring=0.00843 smooth=0.0242 laplacian=0.0573 beam=0.01533 homogeneity=0.0094 body=0.00000 bowel=0.03039 femur=0.00194
2026-05-22 20:19:59 [INFO] Step 30/54 Loss=6.2297 mse=0.1313 v_opt=0.00232 v_mand=0.00045 ptv=0.0348 ptv_max=0.00033 ring=0.00000 smooth=0.0073 laplacian=0.0162 beam=0.09477 homogeneity=0.0032 body=0.00000 bowel=0.00000 femur=0.00000
2026-05-22 20:20:02 [INFO] Step 35/54 Loss=14.0409 mse=0.1615 v_opt=0.01717 v_mand=0.00078 ptv=0.0667 ptv_max=0.00024 ring=0.00004 smooth=0.0108 laplacian=0.0252 beam=0.35999 homogeneity=0.0044 body=0.00000 bowel=0.00014 femur=0.00000
2026-05-22 20:20:05 [INFO] Step 40/54 Loss=9.9895 mse=0.1394 v_opt=0.02987 v_mand=0.00215 ptv=0.0582 ptv_max=0.00011 ring=0.00000 smooth=0.0227 laplacian=0.0571 beam=0.21509 homogeneity=0.0026 body=0.00000 bowel=0.00004 femur=0.00000
2026-05-22 20:20:10 [INFO] Step 45/54 Loss=9.8345 mse=0.1139 v_opt=0.03953 v_mand=0.00544 ptv=0.0692 ptv_max=0.00010 ring=0.00000 smooth=0.0055 laplacian=0.0122 beam=0.23219 homogeneity=0.0029 body=0.00000 bowel=0.00000 femur=0.00000
2026-05-22 20:20:13 [INFO] Step 50/54 Loss=4.1718 mse=0.0786 v_opt=0.00246 v_mand=0.00000 ptv=0.0810 ptv_max=0.00002 ring=0.00000 smooth=0.0039 laplacian=0.0083 beam=0.05165 homogeneity=0.0025 body=0.00000 bowel=0.00004 femur=0.00000
2026-05-22 20:20:15 [INFO] Step 54/54 Loss=6.7145 mse=0.1443 v_opt=0.00055 v_mand=0.00000 ptv=0.0717 ptv_max=0.00008 ring=0.00002 smooth=0.0064 laplacian=0.0134 beam=0.08985 homogeneity=0.0028 body=0.00000 bowel=0.00000 femur=0.00000
2026-05-22 20:20:15 [INFO] Running validation at epoch 175...
2026-05-22 20:20:45 [INFO] Epoch 175 Summary: Train=8.9560 Val=0.0066 (MSE=0.0066)
          Metrics: PTV_D95=56.25Gy Bladder=26.77Gy Rectum=28.03Gy
          Metrics: Ring=46.65Gy Dmax=1105.94Gy BG=17.04Gy
2026-05-22 20:20:45 [INFO] Epoch 176/300 [FULL PHYSICS] ramp=1.000 lr=3.77e-05
2026-05-22 20:20:51 [INFO] Step 5/54 Loss=1.4090 mse=0.0106 v_opt=0.00000 v_mand=0.00000 ptv=0.0701 ptv_max=0.00077 ring=0.00000 smooth=0.0023 laplacian=0.0051 beam=0.00635 homogeneity=0.0071 body=0.00000 bowel=0.00000 femur=0.00000
2026-05-22 20:20:54 [INFO] Step 10/54 Loss=5.5928 mse=0.1684 v_opt=0.00011 v_mand=0.00000 ptv=0.0385 ptv_max=0.00027 ring=0.00000 smooth=0.0075 laplacian=0.0171 beam=0.03198 homogeneity=0.0033 body=0.00000 bowel=0.00000 femur=0.00000
2026-05-22 20:20:57 [INFO] Step 15/54 Loss=13.9844 mse=0.3935 v_opt=0.01210 v_mand=0.00000 ptv=0.0648 ptv_max=0.00042 ring=0.00100 smooth=0.0160 laplacian=0.0360 beam=0.09690 homogeneity=0.0037 body=0.00000 bowel=0.04698 femur=0.00013
2026-05-22 20:21:00 [INFO] Step 20/54 Loss=19.9357 mse=0.4068 v_opt=0.02178 v_mand=0.00098 ptv=0.0277 ptv_max=0.00111 ring=0.00007 smooth=0.0332 laplacian=0.0828 beam=0.34375 homogeneity=0.0057 body=0.00000 bowel=0.00302 femur=0.00260
2026-05-22 20:21:05 [INFO] Step 25/54 Loss=2.8846 mse=0.0695 v_opt=0.00361 v_mand=0.00019 ptv=0.0667 ptv_max=0.00007 ring=0.00000 smooth=0.0046 laplacian=0.0101 beam=0.01390 homogeneity=0.0026 body=0.00000 bowel=0.00000 femur=0.00000
2026-05-22 20:21:08 [INFO] Step 30/54 Loss=10.4866 mse=0.1792 v_opt=0.02278 v_mand=0.00258 ptv=0.0329 ptv_max=0.00066 ring=0.00013 smooth=0.0342 laplacian=0.0853 beam=0.19411 homogeneity=0.0044 body=0.00000 bowel=0.00000 femur=0.00000
2026-05-22 20:21:11 [INFO] Step 35/54 Loss=6.8166 mse=0.1576 v_opt=0.00924 v_mand=0.00030 ptv=0.0393 ptv_max=0.00042 ring=0.00006 smooth=0.0076 laplacian=0.0173 beam=0.08840 homogeneity=0.0040 body=0.00000 bowel=0.00000 femur=0.00000
2026-05-22 20:21:14 [INFO] Step 40/54 Loss=6.6461 mse=0.0280 v_opt=0.00000 v_mand=0.00000 ptv=0.0657 ptv_max=0.00438 ring=0.00001 smooth=0.0041 laplacian=0.0098 beam=0.17117 homogeneity=0.0149 body=0.00000 bowel=0.00000 femur=0.00000
2026-05-22 20:21:18 [INFO] Step 45/54 Loss=6.4121 mse=0.0723 v_opt=0.00001 v_mand=0.00000 ptv=0.0803 ptv_max=0.00005 ring=0.00000 smooth=0.0038 laplacian=0.0075 beam=0.14755 homogeneity=0.0032 body=0.00000 bowel=0.00000 femur=0.00000
2026-05-22 20:21:22 [INFO] Step 50/54 Loss=8.1529 mse=0.0994 v_opt=0.01327 v_mand=0.00000 ptv=0.0765 ptv_max=0.00012 ring=0.00000 smooth=0.0085 laplacian=0.0188 beam=0.18745 homogeneity=0.0035 body=0.00000 bowel=0.00000 femur=0.00000
2026-05-22 20:21:25 [INFO] Step 54/54 Loss=2.8340 mse=0.0480 v_opt=0.00262 v_mand=0.00000 ptv=0.0805 ptv_max=0.00010 ring=0.00000 smooth=0.0038 laplacian=0.0072 beam=0.02792 homogeneity=0.0035 body=0.00000 bowel=0.00000 femur=0.00000
2026-05-22 20:21:25 [INFO] Running validation at epoch 176...
2026-05-22 20:21:54 [INFO] Epoch 176 Summary: Train=9.2760 Val=0.0065 (MSE=0.0065)
          Metrics: PTV_D95=54.45Gy Bladder=25.20Gy Rectum=29.52Gy
          Metrics: Ring=44.87Gy Dmax=1134.44Gy BG=16.86Gy
2026-05-22 20:21:54 [INFO] Epoch 177/300 [FULL PHYSICS] ramp=1.000 lr=3.72e-05
2026-05-22 20:22:01 [INFO] Step 5/54 Loss=12.0065 mse=0.3183 v_opt=0.03136 v_mand=0.00220 ptv=0.0681 ptv_max=0.00032 ring=0.00039 smooth=0.0239 laplacian=0.0542 beam=0.07239 homogeneity=0.0031 body=0.00000 bowel=0.06513 femur=0.00000
2026-05-22 20:22:04 [INFO] Step 10/54 Loss=10.0109 mse=0.2601 v_opt=0.00872 v_mand=0.00048 ptv=0.0299 ptv_max=0.00037 ring=0.00000 smooth=0.0156 laplacian=0.0385 beam=0.11348 homogeneity=0.0034 body=0.00000 bowel=0.00000 femur=0.00000
2026-05-22 20:22:06 [INFO] Step 15/54 Loss=4.9401 mse=0.0692 v_opt=0.00972 v_mand=0.00000 ptv=0.0467 ptv_max=0.00022 ring=0.00000 smooth=0.0047 laplacian=0.0097 beam=0.10298 homogeneity=0.0032 body=0.00000 bowel=0.00000 femur=0.00000
2026-05-22 20:22:09 [INFO] Step 20/54 Loss=9.9780 mse=0.1113 v_opt=0.00320 v_mand=0.00000 ptv=0.0417 ptv_max=0.00025 ring=0.00000 smooth=0.0045 laplacian=0.0096 beam=0.26463 homogeneity=0.0033 body=0.00000 bowel=0.00000 femur=0.00000
2026-05-22 20:22:15 [INFO] Step 25/54 Loss=4.9179 mse=0.1297 v_opt=0.00294 v_mand=0.00000 ptv=0.0786 ptv_max=0.00002 ring=0.00000 smooth=0.0064 laplacian=0.0151 beam=0.03020 homogeneity=0.0022 body=0.00000 bowel=0.00000 femur=0.00000
2026-05-22 20:22:18 [INFO] Step 30/54 Loss=4.6185 mse=0.1136 v_opt=0.02474 v_mand=0.00203 ptv=0.0706 ptv_max=0.00005 ring=0.00001 smooth=0.0107 laplacian=0.0257 beam=0.02881 homogeneity=0.0027 body=0.00000 bowel=0.00000 femur=0.00000
2026-05-22 20:22:20 [INFO] Step 35/54 Loss=16.9492 mse=0.2819 v_opt=0.00342 v_mand=0.00130 ptv=0.0298 ptv_max=0.00258 ring=0.01667 smooth=0.0470 laplacian=0.1159 beam=0.31231 homogeneity=0.0094 body=0.00000 bowel=0.01817 femur=0.00000
2026-05-22 20:22:23 [INFO] Step 40/54 Loss=16.4233 mse=0.4042 v_opt=0.00287 v_mand=0.00000 ptv=0.1006 ptv_max=0.00062 ring=0.00401 smooth=0.0548 laplacian=0.1211 beam=0.17397 homogeneity=0.0072 body=0.00000 bowel=0.00000 femur=0.00000
2026-05-22 20:22:29 [INFO] Step 45/54 Loss=5.0694 mse=0.0359 v_opt=0.00263 v_mand=0.00002 ptv=0.0993 ptv_max=0.00022 ring=0.00000 smooth=0.0033 laplacian=0.0067 beam=0.09840 homogeneity=0.0107 body=0.00000 bowel=0.02847 femur=0.00000
2026-05-22 20:22:31 [INFO] Step 50/54 Loss=12.8565 mse=0.3794 v_opt=0.00154 v_mand=0.00008 ptv=0.0486 ptv_max=0.00080 ring=0.00105 smooth=0.0163 laplacian=0.0371 beam=0.09762 homogeneity=0.0050 body=0.00000 bowel=0.00000 femur=0.00000
2026-05-22 20:22:34 [INFO] Step 54/54 Loss=5.6334 mse=0.0537 v_opt=0.01654 v_mand=0.00222 ptv=0.0452 ptv_max=0.00061 ring=0.00001 smooth=0.0064 laplacian=0.0144 beam=0.13606 homogeneity=0.0061 body=0.00000 bowel=0.00000 femur=0.00000
2026-05-22 20:22:34 [INFO] Running validation at epoch 177...
2026-05-22 20:23:03 [INFO] Epoch 177 Summary: Train=10.5682 Val=0.0063 (MSE=0.0063)
          Metrics: PTV_D95=57.13Gy Bladder=25.79Gy Rectum=30.19Gy
          Metrics: Ring=47.54Gy Dmax=1212.45Gy BG=16.79Gy
2026-05-22 20:23:03 [INFO] Epoch 178/300 [FULL PHYSICS] ramp=1.000 lr=3.67e-05
2026-05-22 20:23:10 [INFO] Step 5/54 Loss=7.1851 mse=0.1277 v_opt=0.01620 v_mand=0.00000 ptv=0.0388 ptv_max=0.00017 ring=0.00000 smooth=0.0064 laplacian=0.0151 beam=0.13678 homogeneity=0.0023 body=0.00000 bowel=0.00000 femur=0.00000
2026-05-22 20:23:13 [INFO] Step 10/54 Loss=2.7718 mse=0.0517 v_opt=0.00219 v_mand=0.00004 ptv=0.0761 ptv_max=0.00005 ring=0.00001 smooth=0.0042 laplacian=0.0094 beam=0.02369 homogeneity=0.0031 body=0.00000 bowel=0.00000 femur=0.00000
2026-05-22 20:23:15 [INFO] Step 15/54 Loss=4.7568 mse=0.0576 v_opt=0.00651 v_mand=0.00000 ptv=0.0517 ptv_max=0.00017 ring=0.00000 smooth=0.0044 laplacian=0.0096 beam=0.10595 homogeneity=0.0031 body=0.00000 bowel=0.00000 femur=0.00000
2026-05-22 20:23:18 [INFO] Step 20/54 Loss=11.3437 mse=0.1664 v_opt=0.03290 v_mand=0.00494 ptv=0.0448 ptv_max=0.00045 ring=0.00001 smooth=0.0094 laplacian=0.0215 beam=0.24608 homogeneity=0.0043 body=0.00000 bowel=0.00000 femur=0.00000
2026-05-22 20:23:24 [INFO] Step 25/54 Loss=2.9876 mse=0.0654 v_opt=0.00069 v_mand=0.00000 ptv=0.0939 ptv_max=0.00009 ring=0.00000 smooth=0.0020 laplacian=0.0033 beam=0.00235 homogeneity=0.0050 body=0.00000 bowel=0.01474 femur=0.00000
2026-05-22 20:23:27 [INFO] Step 30/54 Loss=13.3607 mse=0.1091 v_opt=0.00284 v_mand=0.00000 ptv=0.0735 ptv_max=0.00001 ring=0.00000 smooth=0.0402 laplacian=0.0993 beam=0.37260 homogeneity=0.0020 body=0.00000 bowel=0.00000 femur=0.00000
2026-05-22 20:23:30 [INFO] Step 35/54 Loss=3.8066 mse=0.0821 v_opt=0.00179 v_mand=0.00000 ptv=0.0729 ptv_max=0.00004 ring=0.00000 smooth=0.0065 laplacian=0.0137 beam=0.03538 homogeneity=0.0028 body=0.00000 bowel=0.00000 femur=0.00000
2026-05-22 20:23:33 [INFO] Step 40/54 Loss=12.8004 mse=0.1002 v_opt=0.00178 v_mand=0.00000 ptv=0.0990 ptv_max=0.00015 ring=0.00001 smooth=0.0270 laplacian=0.0636 beam=0.34966 homogeneity=0.0097 body=0.00000 bowel=0.00000 femur=0.00000
2026-05-22 20:23:38 [INFO] Step 45/54 Loss=20.3372 mse=0.3123 v_opt=0.00172 v_mand=0.00000 ptv=0.0211 ptv_max=0.00091 ring=0.00001 smooth=0.0280 laplacian=0.0670 beam=0.46868 homogeneity=0.0050 body=0.00000 bowel=0.00000 femur=0.00000
2026-05-22 20:23:41 [INFO] Step 50/54 Loss=5.4152 mse=0.1076 v_opt=0.00005 v_mand=0.00000 ptv=0.0467 ptv_max=0.00016 ring=0.00000 smooth=0.0053 laplacian=0.0108 beam=0.08508 homogeneity=0.0023 body=0.00000 bowel=0.00000 femur=0.00000
2026-05-22 20:23:43 [INFO] Step 54/54 Loss=9.4508 mse=0.0707 v_opt=0.00000 v_mand=0.00000 ptv=0.0675 ptv_max=0.00076 ring=0.00000 smooth=0.0106 laplacian=0.0250 beam=0.26561 homogeneity=0.0059 body=0.00000 bowel=0.00000 femur=0.00000
2026-05-22 20:23:43 [INFO] Running validation at epoch 178...
2026-05-22 20:24:12 [INFO] Epoch 178 Summary: Train=9.4613 Val=0.0062 (MSE=0.0062)
          Metrics: PTV_D95=56.49Gy Bladder=28.77Gy Rectum=29.92Gy
          Metrics: Ring=47.18Gy Dmax=1108.45Gy BG=16.70Gy
2026-05-22 20:24:12 [INFO] Epoch 179/300 [FULL PHYSICS] ramp=1.000 lr=3.62e-05
2026-05-22 20:24:18 [INFO] Step 5/54 Loss=5.3245 mse=0.1581 v_opt=0.03132 v_mand=0.00570 ptv=0.0517 ptv_max=0.00011 ring=0.00000 smooth=0.0110 laplacian=0.0268 beam=0.01198 homogeneity=0.0021 body=0.00000 bowel=0.00029 femur=0.00000
2026-05-22 20:24:21 [INFO] Step 10/54 Loss=9.9802 mse=0.1457 v_opt=0.01391 v_mand=0.00020 ptv=0.0440 ptv_max=0.00018 ring=0.00000 smooth=0.0072 laplacian=0.0169 beam=0.22754 homogeneity=0.0026 body=0.00000 bowel=0.00000 femur=0.00000
2026-05-22 20:24:24 [INFO] Step 15/54 Loss=10.4876 mse=0.3213 v_opt=0.05087 v_mand=0.00903 ptv=0.0503 ptv_max=0.00093 ring=0.00043 smooth=0.0099 laplacian=0.0239 beam=0.01847 homogeneity=0.0048 body=0.00000 bowel=0.03769 femur=0.00000
2026-05-22 20:24:27 [INFO] Step 20/54 Loss=4.4072 mse=0.0660 v_opt=0.00025 v_mand=0.00000 ptv=0.0683 ptv_max=0.00014 ring=0.00000 smooth=0.0026 laplacian=0.0044 beam=0.07806 homogeneity=0.0038 body=0.00000 bowel=0.00000 femur=0.00000
2026-05-22 20:24:32 [INFO] Step 25/54 Loss=7.6979 mse=0.2275 v_opt=0.00432 v_mand=0.00000 ptv=0.1017 ptv_max=0.00023 ring=0.00074 smooth=0.0245 laplacian=0.0625 beam=0.01759 homogeneity=0.0050 body=0.00000 bowel=0.00000 femur=0.00623
2026-05-22 20:24:36 [INFO] Step 30/54 Loss=7.8478 mse=0.0975 v_opt=0.00029 v_mand=0.00000 ptv=0.0516 ptv_max=0.00014 ring=0.00000 smooth=0.0062 laplacian=0.0137 beam=0.18982 homogeneity=0.0026 body=0.00000 bowel=0.00000 femur=0.00000
2026-05-22 20:24:39 [INFO] Step 35/54 Loss=3.2829 mse=0.0845 v_opt=0.00708 v_mand=0.00040 ptv=0.0488 ptv_max=0.00022 ring=0.00000 smooth=0.0073 laplacian=0.0157 beam=0.01888 homogeneity=0.0029 body=0.00000 bowel=0.00000 femur=0.00000
2026-05-22 20:24:42 [INFO] Step 40/54 Loss=6.6070 mse=0.0601 v_opt=0.05320 v_mand=0.00501 ptv=0.0581 ptv_max=0.00020 ring=0.00000 smooth=0.0052 laplacian=0.0113 beam=0.15923 homogeneity=0.0046 body=0.00000 bowel=0.00000 femur=0.00000
2026-05-22 20:24:45 [INFO] Step 45/54 Loss=2.4211 mse=0.0705 v_opt=0.00230 v_mand=0.00004 ptv=0.0514 ptv_max=0.00035 ring=0.00000 smooth=0.0027 laplacian=0.0049 beam=0.00000 homogeneity=0.0029 body=0.00000 bowel=0.00000 femur=0.00000
2026-05-22 20:24:50 [INFO] Step 50/54 Loss=4.8418 mse=0.0829 v_opt=0.00030 v_mand=0.00000 ptv=0.1247 ptv_max=0.00019 ring=0.00002 smooth=0.0123 laplacian=0.0273 beam=0.04442 homogeneity=0.0118 body=0.00000 bowel=0.00000 femur=0.00000
2026-05-22 20:24:52 [INFO] Step 54/54 Loss=6.3424 mse=0.0823 v_opt=0.01763 v_mand=0.00051 ptv=0.0687 ptv_max=0.00015 ring=0.00000 smooth=0.0058 laplacian=0.0138 beam=0.13347 homogeneity=0.0038 body=0.00000 bowel=0.00183 femur=0.00000
2026-05-22 20:24:52 [INFO] Running validation at epoch 179...
2026-05-22 20:25:21 [INFO] Epoch 179 Summary: Train=8.8984 Val=0.0062 (MSE=0.0062)
          Metrics: PTV_D95=56.71Gy Bladder=26.91Gy Rectum=26.04Gy
          Metrics: Ring=45.77Gy Dmax=1217.86Gy BG=16.54Gy
2026-05-22 20:25:21 [INFO] [PHYSICS] Saved best model val_loss=0.0062
2026-05-22 20:25:21 [INFO] Epoch 180/300 [FULL PHYSICS] ramp=1.000 lr=3.57e-05
2026-05-22 20:25:27 [INFO] Step 5/54 Loss=15.4980 mse=0.2691 v_opt=0.00442 v_mand=0.00009 ptv=0.0311 ptv_max=0.00124 ring=0.00003 smooth=0.0109 laplacian=0.0254 beam=0.31081 homogeneity=0.0058 body=0.00000 bowel=0.01561 femur=0.00013
2026-05-22 20:25:31 [INFO] Step 10/54 Loss=4.6090 mse=0.0506 v_opt=0.01004 v_mand=0.00036 ptv=0.0551 ptv_max=0.00007 ring=0.00000 smooth=0.0034 laplacian=0.0072 beam=0.10614 homogeneity=0.0025 body=0.00000 bowel=0.00000 femur=0.00000
2026-05-22 20:25:34 [INFO] Step 15/54 Loss=11.7005 mse=0.0657 v_opt=0.11809 v_mand=0.03747 ptv=0.0485 ptv_max=0.00010 ring=0.00000 smooth=0.0044 laplacian=0.0100 beam=0.29399 homogeneity=0.0022 body=0.00000 bowel=0.00000 femur=0.00000
2026-05-22 20:25:37 [INFO] Step 20/54 Loss=11.8468 mse=0.1706 v_opt=0.00900 v_mand=0.00000 ptv=0.0646 ptv_max=0.00007 ring=0.00000 smooth=0.0174 laplacian=0.0417 beam=0.26558 homogeneity=0.0022 body=0.00000 bowel=0.00000 femur=0.00000
2026-05-22 20:25:42 [INFO] Step 25/54 Loss=7.7021 mse=0.0595 v_opt=0.00000 v_mand=0.00000 ptv=0.0413 ptv_max=0.00012 ring=0.00000 smooth=0.0042 laplacian=0.0091 beam=0.22769 homogeneity=0.0021 body=0.00000 bowel=0.00000 femur=0.00000
2026-05-22 20:25:45 [INFO] Step 30/54 Loss=12.0398 mse=0.3742 v_opt=0.02071 v_mand=0.00088 ptv=0.0784 ptv_max=0.00030 ring=0.00363 smooth=0.0166 laplacian=0.0384 beam=0.05545 homogeneity=0.0054 body=0.00000 bowel=0.00000 femur=0.00140
2026-05-22 20:25:49 [INFO] Step 35/54 Loss=4.1390 mse=0.0706 v_opt=0.00830 v_mand=0.00029 ptv=0.0572 ptv_max=0.00013 ring=0.00000 smooth=0.0034 laplacian=0.0064 beam=0.06615 homogeneity=0.0032 body=0.00000 bowel=0.00000 femur=0.00000
2026-05-22 20:25:51 [INFO] Step 40/54 Loss=2.0047 mse=0.0334 v_opt=0.00141 v_mand=0.00000 ptv=0.0721 ptv_max=0.00022 ring=0.00000 smooth=0.0025 laplacian=0.0047 beam=0.01171 homogeneity=0.0047 body=0.00000 bowel=0.00000 femur=0.00000
2026-05-22 20:25:56 [INFO] Step 45/54 Loss=5.6954 mse=0.0740 v_opt=0.02139 v_mand=0.00113 ptv=0.0600 ptv_max=0.00011 ring=0.00000 smooth=0.0055 laplacian=0.0092 beam=0.11283 homogeneity=0.0030 body=0.00000 bowel=0.01311 femur=0.00000
2026-05-22 20:25:59 [INFO] Step 50/54 Loss=7.3324 mse=0.0660 v_opt=0.00403 v_mand=0.00074 ptv=0.0699 ptv_max=0.00035 ring=0.00000 smooth=0.0043 laplacian=0.0092 beam=0.19020 homogeneity=0.0040 body=0.00000 bowel=0.00000 femur=0.00000
2026-05-22 20:26:01 [INFO] Step 54/54 Loss=3.3372 mse=0.0631 v_opt=0.00342 v_mand=0.00023 ptv=0.0381 ptv_max=0.00014 ring=0.00000 smooth=0.0046 laplacian=0.0096 beam=0.04977 homogeneity=0.0021 body=0.00000 bowel=0.00000 femur=0.00000
2026-05-22 20:26:01 [INFO] Running validation at epoch 180...
2026-05-22 20:26:30 [INFO] Epoch 180 Summary: Train=9.2214 Val=0.0062 (MSE=0.0062)
          Metrics: PTV_D95=56.98Gy Bladder=28.44Gy Rectum=31.54Gy
          Metrics: Ring=46.59Gy Dmax=1241.03Gy BG=16.56Gy
2026-05-22 20:26:30 [INFO] [PHYSICS] Saved best model val_loss=0.0062
2026-05-22 20:26:30 [INFO] Epoch 181/300 [FULL PHYSICS] ramp=1.000 lr=3.52e-05
2026-05-22 20:26:37 [INFO] Step 5/54 Loss=13.9590 mse=0.2252 v_opt=0.03421 v_mand=0.00334 ptv=0.0431 ptv_max=0.00041 ring=0.00001 smooth=0.0135 laplacian=0.0339 beam=0.29069 homogeneity=0.0034 body=0.00000 bowel=0.00553 femur=0.00000
2026-05-22 20:26:40 [INFO] Step 10/54 Loss=25.5943 mse=0.5372 v_opt=0.00011 v_mand=0.00000 ptv=0.0996 ptv_max=0.00107 ring=0.00200 smooth=0.2163 laplacian=0.4239 beam=0.33594 homogeneity=0.0121 body=0.00000 bowel=0.00000 femur=0.00000
2026-05-22 20:26:43 [INFO] Step 15/54 Loss=3.5392 mse=0.0902 v_opt=0.00058 v_mand=0.00000 ptv=0.0656 ptv_max=0.00002 ring=0.00000 smooth=0.0087 laplacian=0.0195 beam=0.01912 homogeneity=0.0020 body=0.00000 bowel=0.00000 femur=0.00000
2026-05-22 20:26:46 [INFO] Step 20/54 Loss=16.1155 mse=0.1851 v_opt=0.00755 v_mand=0.00000 ptv=0.0356 ptv_max=0.00017 ring=0.00000 smooth=0.0307 laplacian=0.0777 beam=0.42475 homogeneity=0.0027 body=0.00000 bowel=0.00000 femur=0.00000
2026-05-22 20:26:52 [INFO] Step 25/54 Loss=5.4850 mse=0.0651 v_opt=0.00099 v_mand=0.00000 ptv=0.0655 ptv_max=0.00019 ring=0.00000 smooth=0.0035 laplacian=0.0074 beam=0.12163 homogeneity=0.0046 body=0.00000 bowel=0.00000 femur=0.00000
2026-05-22 20:26:54 [INFO] Step 30/54 Loss=8.0775 mse=0.1375 v_opt=0.02086 v_mand=0.00022 ptv=0.1152 ptv_max=0.00013 ring=0.00004 smooth=0.0157 laplacian=0.0357 beam=0.11787 homogeneity=0.0137 body=0.00000 bowel=0.00000 femur=0.00000
2026-05-22 20:26:57 [INFO] Step 35/54 Loss=6.6955 mse=0.1766 v_opt=0.02097 v_mand=0.00154 ptv=0.0362 ptv_max=0.00047 ring=0.00014 smooth=0.0116 laplacian=0.0276 beam=0.06035 homogeneity=0.0033 body=0.00000 bowel=0.00000 femur=0.00000
2026-05-22 20:27:01 [INFO] Step 40/54 Loss=8.4469 mse=0.0939 v_opt=0.00206 v_mand=0.00000 ptv=0.0580 ptv_max=0.00021 ring=0.00000 smooth=0.0050 laplacian=0.0109 beam=0.21451 homogeneity=0.0031 body=0.00000 bowel=0.00000 femur=0.00000
2026-05-22 20:27:06 [INFO] Step 45/54 Loss=8.7522 mse=0.0883 v_opt=0.06575 v_mand=0.01067 ptv=0.0631 ptv_max=0.00011 ring=0.00000 smooth=0.0049 laplacian=0.0107 beam=0.20527 homogeneity=0.0021 body=0.00000 bowel=0.00000 femur=0.00000
2026-05-22 20:27:08 [INFO] Step 50/54 Loss=5.8555 mse=0.1056 v_opt=0.00047 v_mand=0.00000 ptv=0.0545 ptv_max=0.00009 ring=0.00000 smooth=0.0062 laplacian=0.0128 beam=0.10144 homogeneity=0.0024 body=0.00000 bowel=0.00000 femur=0.00000
2026-05-22 20:27:10 [INFO] Step 54/54 Loss=18.7120 mse=0.2342 v_opt=0.01156 v_mand=0.00005 ptv=0.0413 ptv_max=0.00006 ring=0.00000 smooth=0.0864 laplacian=0.2090 beam=0.44995 homogeneity=0.0015 body=0.00000 bowel=0.00000 femur=0.00000
2026-05-22 20:27:10 [INFO] Running validation at epoch 181...
2026-05-22 20:27:40 [INFO] Epoch 181 Summary: Train=7.8990 Val=0.0061 (MSE=0.0061)
          Metrics: PTV_D95=56.94Gy Bladder=28.92Gy Rectum=29.60Gy
          Metrics: Ring=47.12Gy Dmax=1505.77Gy BG=16.34Gy
2026-05-22 20:27:40 [INFO] [PHYSICS] Saved best model val_loss=0.0061
2026-05-22 20:27:40 [INFO] Epoch 182/300 [FULL PHYSICS] ramp=1.000 lr=3.47e-05
2026-05-22 20:27:46 [INFO] Step 5/54 Loss=16.2444 mse=0.3937 v_opt=0.05419 v_mand=0.01121 ptv=0.0839 ptv_max=0.00297 ring=0.04220 smooth=0.0626 laplacian=0.1506 beam=0.10618 homogeneity=0.0099 body=0.00000 bowel=0.00969 femur=0.00016
2026-05-22 20:27:49 [INFO] Step 10/54 Loss=6.8343 mse=0.2100 v_opt=0.00052 v_mand=0.00000 ptv=0.0626 ptv_max=0.00031 ring=0.00016 smooth=0.0322 laplacian=0.0803 beam=0.01603 homogeneity=0.0037 body=0.00000 bowel=0.00000 femur=0.00000
2026-05-22 20:27:52 [INFO] Step 15/54 Loss=12.2356 mse=0.1287 v_opt=0.03165 v_mand=0.00400 ptv=0.0453 ptv_max=0.00057 ring=0.00000 smooth=0.0113 laplacian=0.0275 beam=0.31835 homogeneity=0.0054 body=0.00000 bowel=0.00000 femur=0.00000
2026-05-22 20:27:55 [INFO] Step 20/54 Loss=3.3968 mse=0.0424 v_opt=0.00605 v_mand=0.00000 ptv=0.0684 ptv_max=0.00003 ring=0.00000 smooth=0.0028 laplacian=0.0060 beam=0.06255 homogeneity=0.0020 body=0.00000 bowel=0.00000 femur=0.00000
2026-05-22 20:28:00 [INFO] Step 25/54 Loss=13.0488 mse=0.4005 v_opt=0.04816 v_mand=0.00867 ptv=0.0409 ptv_max=0.00295 ring=0.00111 smooth=0.0163 laplacian=0.0362 beam=0.04634 homogeneity=0.0101 body=0.00000 bowel=0.00531 femur=0.00006
2026-05-22 20:28:04 [INFO] Step 30/54 Loss=7.0983 mse=0.0839 v_opt=0.01142 v_mand=0.00000 ptv=0.0738 ptv_max=0.00007 ring=0.00000 smooth=0.0045 laplacian=0.0094 beam=0.15679 homogeneity=0.0040 body=0.00000 bowel=0.01199 femur=0.00000
2026-05-22 20:28:07 [INFO] Step 35/54 Loss=19.6865 mse=0.2973 v_opt=0.04575 v_mand=0.00484 ptv=0.0127 ptv_max=0.00248 ring=0.00002 smooth=0.0270 laplacian=0.0680 beam=0.43521 homogeneity=0.0087 body=0.00000 bowel=0.00000 femur=0.00000
2026-05-22 20:28:10 [INFO] Step 40/54 Loss=2.9047 mse=0.0544 v_opt=0.00562 v_mand=0.00002 ptv=0.0812 ptv_max=0.00111 ring=0.00002 smooth=0.0034 laplacian=0.0061 beam=0.01333 homogeneity=0.0093 body=0.00000 bowel=0.00000 femur=0.00000
2026-05-22 20:28:14 [INFO] Step 45/54 Loss=4.6300 mse=0.0460 v_opt=0.00000 v_mand=0.00000 ptv=0.0000 ptv_max=0.00000 ring=0.00000 smooth=0.0051 laplacian=0.0115 beam=0.13672 homogeneity=0.0000 body=0.00000 bowel=0.00000 femur=0.00000
2026-05-22 20:28:18 [INFO] Step 50/54 Loss=9.0776 mse=0.0915 v_opt=0.01628 v_mand=0.00000 ptv=0.0931 ptv_max=0.00001 ring=0.00001 smooth=0.0124 laplacian=0.0306 beam=0.22435 homogeneity=0.0025 body=0.00000 bowel=0.00000 femur=0.00000
2026-05-22 20:28:20 [INFO] Step 54/54 Loss=4.7824 mse=0.0259 v_opt=0.00000 v_mand=0.00000 ptv=0.0000 ptv_max=0.00000 ring=0.00000 smooth=0.0060 laplacian=0.0144 beam=0.16224 homogeneity=0.0000 body=0.00000 bowel=0.00000 femur=0.00000
2026-05-22 20:28:20 [INFO] Running validation at epoch 182...
2026-05-22 20:28:49 [INFO] Epoch 182 Summary: Train=7.7506 Val=0.0061 (MSE=0.0061)
          Metrics: PTV_D95=53.32Gy Bladder=26.42Gy Rectum=30.00Gy
          Metrics: Ring=43.92Gy Dmax=1341.01Gy BG=15.83Gy
2026-05-22 20:28:49 [INFO] Epoch 183/300 [FULL PHYSICS] ramp=1.000 lr=3.42e-05
2026-05-22 20:28:56 [INFO] Step 5/54 Loss=2.4365 mse=0.0305 v_opt=0.00001 v_mand=0.00000 ptv=0.1021 ptv_max=0.00002 ring=0.00000 smooth=0.0021 laplacian=0.0043 beam=0.02146 homogeneity=0.0045 body=0.00000 bowel=0.00000 femur=0.00000
2026-05-22 20:28:59 [INFO] Step 10/54 Loss=6.2582 mse=0.1537 v_opt=0.00729 v_mand=0.00042 ptv=0.0327 ptv_max=0.00039 ring=0.00000 smooth=0.0096 laplacian=0.0220 beam=0.07204 homogeneity=0.0037 body=0.00000 bowel=0.00000 femur=0.00000
2026-05-22 20:29:02 [INFO] Step 15/54 Loss=17.6756 mse=0.4421 v_opt=0.02886 v_mand=0.00312 ptv=0.0442 ptv_max=0.00145 ring=0.00174 smooth=0.0159 laplacian=0.0339 beam=0.19172 homogeneity=0.0060 body=0.00000 bowel=0.04176 femur=0.00000
2026-05-22 20:29:05 [INFO] Step 20/54 Loss=3.3648 mse=0.0202 v_opt=0.00628 v_mand=0.00295 ptv=0.0226 ptv_max=0.00075 ring=0.00000 smooth=0.0017 laplacian=0.0034 beam=0.08995 homogeneity=0.0047 body=0.00000 bowel=0.00000 femur=0.00000
2026-05-22 20:29:10 [INFO] Step 25/54 Loss=4.2992 mse=0.1147 v_opt=0.00106 v_mand=0.00000 ptv=0.0676 ptv_max=0.00009 ring=0.00001 smooth=0.0053 laplacian=0.0113 beam=0.02532 homogeneity=0.0022 body=0.00000 bowel=0.00000 femur=0.00000
2026-05-22 20:29:13 [INFO] Step 30/54 Loss=13.7262 mse=0.3178 v_opt=0.01501 v_mand=0.00078 ptv=0.0272 ptv_max=0.00024 ring=0.00000 smooth=0.0083 laplacian=0.0187 beam=0.20979 homogeneity=0.0029 body=0.00000 bowel=0.00000 femur=0.00000
2026-05-22 20:29:16 [INFO] Step 35/54 Loss=17.6711 mse=0.3419 v_opt=0.02628 v_mand=0.00180 ptv=0.0429 ptv_max=0.00045 ring=0.00069 smooth=0.0375 laplacian=0.0925 beam=0.29704 homogeneity=0.0033 body=0.00000 bowel=0.01260 femur=0.02938
2026-05-22 20:29:19 [INFO] Step 40/54 Loss=9.2569 mse=0.0395 v_opt=0.00000 v_mand=0.00000 ptv=0.2692 ptv_max=0.00073 ring=0.00000 smooth=0.0066 laplacian=0.0159 beam=0.19323 homogeneity=0.0276 body=0.00000 bowel=0.00000 femur=0.00000
2026-05-22 20:29:24 [INFO] Step 45/54 Loss=2.5504 mse=0.0425 v_opt=0.00432 v_mand=0.00000 ptv=0.0397 ptv_max=0.00017 ring=0.00000 smooth=0.0044 laplacian=0.0093 beam=0.03790 homogeneity=0.0029 body=0.00000 bowel=0.00000 femur=0.00000
2026-05-22 20:29:27 [INFO] Step 50/54 Loss=8.5868 mse=0.0655 v_opt=0.00564 v_mand=0.00004 ptv=0.0814 ptv_max=0.00006 ring=0.00001 smooth=0.0095 laplacian=0.0222 beam=0.23642 homogeneity=0.0041 body=0.00000 bowel=0.00000 femur=0.00000
2026-05-22 20:29:29 [INFO] Step 54/54 Loss=20.1756 mse=0.4333 v_opt=0.00545 v_mand=0.00000 ptv=0.0428 ptv_max=0.00062 ring=0.00008 smooth=0.0629 laplacian=0.1616 beam=0.30613 homogeneity=0.0042 body=0.00000 bowel=0.01179 femur=0.00246
2026-05-22 20:29:29 [INFO] Running validation at epoch 183...
2026-05-22 20:29:59 [INFO] Epoch 183 Summary: Train=9.1801 Val=0.0058 (MSE=0.0058)
          Metrics: PTV_D95=56.33Gy Bladder=25.49Gy Rectum=29.47Gy
          Metrics: Ring=45.52Gy Dmax=1393.72Gy BG=15.87Gy
2026-05-22 20:29:59 [INFO] [PHYSICS] Saved best model val_loss=0.0058
2026-05-22 20:29:59 [INFO] Epoch 184/300 [FULL PHYSICS] ramp=1.000 lr=3.37e-05
2026-05-22 20:30:06 [INFO] Step 5/54 Loss=4.4964 mse=0.0941 v_opt=0.00000 v_mand=0.00000 ptv=0.0622 ptv_max=0.00017 ring=0.00000 smooth=0.0055 laplacian=0.0121 beam=0.05296 homogeneity=0.0053 body=0.00000 bowel=0.00000 femur=0.00000
2026-05-22 20:30:08 [INFO] Step 10/54 Loss=2.9200 mse=0.0656 v_opt=0.00022 v_mand=0.00000 ptv=0.0605 ptv_max=0.00012 ring=0.00000 smooth=0.0041 laplacian=0.0080 beam=0.02206 homogeneity=0.0030 body=0.00000 bowel=0.00000 femur=0.00000
2026-05-22 20:30:11 [INFO] Step 15/54 Loss=3.7773 mse=0.0042 v_opt=0.00000 v_mand=0.00000 ptv=0.2657 ptv_max=0.00007 ring=0.00000 smooth=0.0011 laplacian=0.0027 beam=0.01964 homogeneity=0.0250 body=0.00000 bowel=0.00000 femur=0.00000
2026-05-22 20:30:14 [INFO] Step 20/54 Loss=5.7740 mse=0.0386 v_opt=0.01485 v_mand=0.00138 ptv=0.0698 ptv_max=0.00005 ring=0.00000 smooth=0.0044 laplacian=0.0098 beam=0.15111 homogeneity=0.0027 body=0.00000 bowel=0.00805 femur=0.00000
2026-05-22 20:30:20 [INFO] Step 25/54 Loss=2.2376 mse=0.0518 v_opt=0.00765 v_mand=0.00008 ptv=0.0698 ptv_max=0.00003 ring=0.00000 smooth=0.0046 laplacian=0.0092 beam=0.00522 homogeneity=0.0020 body=0.00000 bowel=0.00000 femur=0.00000
2026-05-22 20:30:23 [INFO] Step 30/54 Loss=12.3222 mse=0.0830 v_opt=0.00000 v_mand=0.00000 ptv=0.0000 ptv_max=0.00000 ring=0.00000 smooth=0.0096 laplacian=0.0235 beam=0.40482 homogeneity=0.0000 body=0.00000 bowel=0.00000 femur=0.00000
2026-05-22 20:30:26 [INFO] Step 35/54 Loss=4.2089 mse=0.1240 v_opt=0.00822 v_mand=0.00002 ptv=0.0621 ptv_max=0.00010 ring=0.00002 smooth=0.0106 laplacian=0.0248 beam=0.01052 homogeneity=0.0029 body=0.00000 bowel=0.00000 femur=0.00000
2026-05-22 20:30:29 [INFO] Step 40/54 Loss=11.4266 mse=0.1528 v_opt=0.01809 v_mand=0.00056 ptv=0.0388 ptv_max=0.00042 ring=0.00000 smooth=0.0127 laplacian=0.0317 beam=0.27359 homogeneity=0.0040 body=0.00000 bowel=0.00000 femur=0.00000
2026-05-22 20:30:34 [INFO] Step 45/54 Loss=19.1076 mse=0.4001 v_opt=0.00885 v_mand=0.00000 ptv=0.0494 ptv_max=0.00091 ring=0.00085 smooth=0.0091 laplacian=0.0193 beam=0.31143 homogeneity=0.0049 body=0.00000 bowel=0.03038 femur=0.00000
2026-05-22 20:30:37 [INFO] Step 50/54 Loss=7.9275 mse=0.1249 v_opt=0.01381 v_mand=0.00007 ptv=0.1019 ptv_max=0.00009 ring=0.00001 smooth=0.0135 laplacian=0.0309 beam=0.13453 homogeneity=0.0105 body=0.00000 bowel=0.00000 femur=0.00000
2026-05-22 20:30:39 [INFO] Step 54/54 Loss=10.1620 mse=0.1580 v_opt=0.03177 v_mand=0.00493 ptv=0.0394 ptv_max=0.00038 ring=0.00002 smooth=0.0108 laplacian=0.0247 beam=0.20483 homogeneity=0.0043 body=0.00000 bowel=0.00733 femur=0.00000
2026-05-22 20:30:39 [INFO] Running validation at epoch 184...
2026-05-22 20:31:09 [INFO] Epoch 184 Summary: Train=8.9702 Val=0.0060 (MSE=0.0060)
          Metrics: PTV_D95=58.16Gy Bladder=28.84Gy Rectum=29.80Gy
          Metrics: Ring=46.94Gy Dmax=1243.04Gy BG=15.92Gy
2026-05-22 20:31:09 [INFO] Epoch 185/300 [FULL PHYSICS] ramp=1.000 lr=3.32e-05
2026-05-22 20:31:15 [INFO] Step 5/54 Loss=6.3324 mse=0.0987 v_opt=0.00392 v_mand=0.00000 ptv=0.0433 ptv_max=0.00011 ring=0.00000 smooth=0.0070 laplacian=0.0163 beam=0.13064 homogeneity=0.0027 body=0.00000 bowel=0.00000 femur=0.00000
2026-05-22 20:31:18 [INFO] Step 10/54 Loss=5.5814 mse=0.0478 v_opt=0.00141 v_mand=0.00008 ptv=0.0521 ptv_max=0.00009 ring=0.00000 smooth=0.0060 laplacian=0.0135 beam=0.14872 homogeneity=0.0026 body=0.00000 bowel=0.00000 femur=0.00000
2026-05-22 20:31:21 [INFO] Step 15/54 Loss=4.5517 mse=0.0981 v_opt=0.00017 v_mand=0.00000 ptv=0.0549 ptv_max=0.00010 ring=0.00001 smooth=0.0073 laplacian=0.0151 beam=0.05598 homogeneity=0.0025 body=0.00000 bowel=0.00000 femur=0.00000
2026-05-22 20:31:24 [INFO] Step 20/54 Loss=2.6816 mse=0.0703 v_opt=0.00031 v_mand=0.00000 ptv=0.0670 ptv_max=0.00011 ring=0.00000 smooth=0.0029 laplacian=0.0047 beam=0.00562 homogeneity=0.0035 body=0.00000 bowel=0.00000 femur=0.00000
2026-05-22 20:31:29 [INFO] Step 25/54 Loss=14.3926 mse=0.1865 v_opt=0.00000 v_mand=0.00000 ptv=0.0280 ptv_max=0.00037 ring=0.00000 smooth=0.0101 laplacian=0.0241 beam=0.36802 homogeneity=0.0032 body=0.00000 bowel=0.00000 femur=0.00000
2026-05-22 20:31:32 [INFO] Step 30/54 Loss=19.9515 mse=0.2899 v_opt=0.00051 v_mand=0.00000 ptv=0.0334 ptv_max=0.00018 ring=0.00000 smooth=0.0162 laplacian=0.0398 beam=0.48330 homogeneity=0.0023 body=0.00000 bowel=0.00000 femur=0.00000
2026-05-22 20:31:35 [INFO] Step 35/54 Loss=2.6261 mse=0.0726 v_opt=0.01737 v_mand=0.00068 ptv=0.0411 ptv_max=0.00022 ring=0.00000 smooth=0.0040 laplacian=0.0087 beam=0.00788 homogeneity=0.0027 body=0.00000 bowel=0.00000 femur=0.00000
2026-05-22 20:31:38 [INFO] Step 40/54 Loss=9.9732 mse=0.1719 v_opt=0.01701 v_mand=0.00000 ptv=0.0388 ptv_max=0.00031 ring=0.00001 smooth=0.0105 laplacian=0.0250 beam=0.20078 homogeneity=0.0026 body=0.00000 bowel=0.00001 femur=0.00000
2026-05-22 20:31:42 [INFO] Step 45/54 Loss=15.8084 mse=0.1316 v_opt=0.02566 v_mand=0.00199 ptv=0.0749 ptv_max=0.00005 ring=0.00000 smooth=0.0564 laplacian=0.1391 beam=0.43213 homogeneity=0.0029 body=0.00000 bowel=0.00000 femur=0.00000
2026-05-22 20:31:47 [INFO] Step 50/54 Loss=5.6748 mse=0.1502 v_opt=0.00002 v_mand=0.00000 ptv=0.0575 ptv_max=0.00008 ring=0.00118 smooth=0.0127 laplacian=0.0307 beam=0.04439 homogeneity=0.0019 body=0.00000 bowel=0.00000 femur=0.00000
2026-05-22 20:31:49 [INFO] Step 54/54 Loss=10.8695 mse=0.1202 v_opt=0.00284 v_mand=0.00044 ptv=0.0479 ptv_max=0.00017 ring=0.00000 smooth=0.0095 laplacian=0.0241 beam=0.28592 homogeneity=0.0027 body=0.00000 bowel=0.00000 femur=0.00000
2026-05-22 20:31:49 [INFO] Running validation at epoch 185...
2026-05-22 20:32:18 [INFO] Epoch 185 Summary: Train=9.9014 Val=0.0058 (MSE=0.0058)
          Metrics: PTV_D95=57.19Gy Bladder=25.78Gy Rectum=28.00Gy
          Metrics: Ring=45.90Gy Dmax=1313.76Gy BG=15.93Gy
2026-05-22 20:32:18 [INFO] Epoch 186/300 [FULL PHYSICS] ramp=1.000 lr=3.28e-05
2026-05-22 20:32:24 [INFO] Step 5/54 Loss=10.2495 mse=0.2006 v_opt=0.00000 v_mand=0.00000 ptv=0.0477 ptv_max=0.00032 ring=0.00001 smooth=0.0108 laplacian=0.0247 beam=0.17990 homogeneity=0.0038 body=0.00000 bowel=0.00001 femur=0.00000
2026-05-22 20:32:27 [INFO] Step 10/54 Loss=8.3556 mse=0.0882 v_opt=0.00000 v_mand=0.00000 ptv=0.0952 ptv_max=0.00002 ring=0.00000 smooth=0.0059 laplacian=0.0129 beam=0.20124 homogeneity=0.0047 body=0.00000 bowel=0.00000 femur=0.00000
2026-05-22 20:32:30 [INFO] Step 15/54 Loss=4.8133 mse=0.0735 v_opt=0.00380 v_mand=0.00082 ptv=0.0535 ptv_max=0.00509 ring=0.00016 smooth=0.0046 laplacian=0.0097 beam=0.05402 homogeneity=0.0111 body=0.00000 bowel=0.00000 femur=0.00000
2026-05-22 20:32:33 [INFO] Step 20/54 Loss=4.7022 mse=0.1007 v_opt=0.00054 v_mand=0.00000 ptv=0.0527 ptv_max=0.00020 ring=0.00001 smooth=0.0104 laplacian=0.0232 beam=0.05657 homogeneity=0.0043 body=0.00000 bowel=0.00000 femur=0.00000
2026-05-22 20:32:38 [INFO] Step 25/54 Loss=5.2431 mse=0.0450 v_opt=0.00007 v_mand=0.00000 ptv=0.1260 ptv_max=0.00010 ring=0.00003 smooth=0.0084 laplacian=0.0188 beam=0.10073 homogeneity=0.0111 body=0.00000 bowel=0.00000 femur=0.00000
2026-05-22 20:32:41 [INFO] Step 30/54 Loss=13.5753 mse=0.1918 v_opt=0.01395 v_mand=0.00000 ptv=0.0189 ptv_max=0.00106 ring=0.00000 smooth=0.0084 laplacian=0.0197 beam=0.32719 homogeneity=0.0059 body=0.00000 bowel=0.00000 femur=0.00000
2026-05-22 20:32:44 [INFO] Step 35/54 Loss=11.3105 mse=0.0286 v_opt=0.21828 v_mand=0.11068 ptv=0.0808 ptv_max=0.00007 ring=0.00000 smooth=0.0046 laplacian=0.0106 beam=0.12258 homogeneity=0.0033 body=0.00000 bowel=0.04122 femur=0.00000
2026-05-22 20:32:47 [INFO] Step 40/54 Loss=7.0245 mse=0.0721 v_opt=0.00763 v_mand=0.00000 ptv=0.0950 ptv_max=0.00005 ring=0.00001 smooth=0.0058 laplacian=0.0125 beam=0.16458 homogeneity=0.0033 body=0.00000 bowel=0.00000 femur=0.00000
2026-05-22 20:32:53 [INFO] Step 45/54 Loss=3.7699 mse=0.0635 v_opt=0.00635 v_mand=0.00001 ptv=0.0788 ptv_max=0.00003 ring=0.00000 smooth=0.0044 laplacian=0.0097 beam=0.05120 homogeneity=0.0021 body=0.00000 bowel=0.00000 femur=0.00000
2026-05-22 20:32:56 [INFO] Step 50/54 Loss=10.9436 mse=0.2390 v_opt=0.05834 v_mand=0.01534 ptv=0.0454 ptv_max=0.00133 ring=0.00086 smooth=0.0201 laplacian=0.0486 beam=0.12165 homogeneity=0.0058 body=0.00000 bowel=0.00000 femur=0.00000
2026-05-22 20:32:58 [INFO] Step 54/54 Loss=8.8577 mse=0.0618 v_opt=0.00023 v_mand=0.00000 ptv=0.0510 ptv_max=0.00019 ring=0.00000 smooth=0.0053 laplacian=0.0118 beam=0.25252 homogeneity=0.0034 body=0.00000 bowel=0.02190 femur=0.00000
2026-05-22 20:32:58 [INFO] Running validation at epoch 186...
2026-05-22 20:33:27 [INFO] Epoch 186 Summary: Train=9.3923 Val=0.0061 (MSE=0.0061)
          Metrics: PTV_D95=58.13Gy Bladder=26.16Gy Rectum=30.50Gy
          Metrics: Ring=46.75Gy Dmax=1190.00Gy BG=16.04Gy
2026-05-22 20:33:27 [INFO] Epoch 187/300 [FULL PHYSICS] ramp=1.000 lr=3.23e-05
2026-05-22 20:33:33 [INFO] Step 5/54 Loss=11.3560 mse=0.3585 v_opt=0.02298 v_mand=0.00113 ptv=0.0536 ptv_max=0.00043 ring=0.00024 smooth=0.0078 laplacian=0.0160 beam=0.04556 homogeneity=0.0040 body=0.00000 bowel=0.01077 femur=0.02198
2026-05-22 20:33:36 [INFO] Step 10/54 Loss=5.9319 mse=0.1702 v_opt=0.00003 v_mand=0.00000 ptv=0.0609 ptv_max=0.00008 ring=0.00000 smooth=0.0035 laplacian=0.0065 beam=0.03855 homogeneity=0.0028 body=0.00000 bowel=0.00000 femur=0.00000
2026-05-22 20:33:39 [INFO] Step 15/54 Loss=12.2864 mse=0.2305 v_opt=0.02175 v_mand=0.00193 ptv=0.0393 ptv_max=0.00018 ring=0.00001 smooth=0.0095 laplacian=0.0222 beam=0.23171 homogeneity=0.0024 body=0.00000 bowel=0.00011 femur=0.00000
2026-05-22 20:33:42 [INFO] Step 20/54 Loss=10.1217 mse=0.2974 v_opt=0.02438 v_mand=0.00156 ptv=0.0489 ptv_max=0.00146 ring=0.00094 smooth=0.0688 laplacian=0.1729 beam=0.00633 homogeneity=0.0066 body=0.00000 bowel=0.04103 femur=0.00000
2026-05-22 20:33:47 [INFO] Step 25/54 Loss=10.4959 mse=0.0964 v_opt=0.00000 v_mand=0.00000 ptv=0.0668 ptv_max=0.00038 ring=0.00000 smooth=0.0147 laplacian=0.0357 beam=0.28399 homogeneity=0.0035 body=0.00000 bowel=0.00000 femur=0.00000
2026-05-22 20:33:51 [INFO] Step 30/54 Loss=15.5380 mse=0.3343 v_opt=0.07582 v_mand=0.01821 ptv=0.0463 ptv_max=0.00090 ring=0.00101 smooth=0.0222 laplacian=0.0526 beam=0.18405 homogeneity=0.0039 body=0.00000 bowel=0.03596 femur=0.00000
2026-05-22 20:33:54 [INFO] Step 35/54 Loss=5.2067 mse=0.0507 v_opt=0.00053 v_mand=0.00000 ptv=0.0339 ptv_max=0.00060 ring=0.00000 smooth=0.0040 laplacian=0.0087 beam=0.13488 homogeneity=0.0044 body=0.00000 bowel=0.00000 femur=0.00000
2026-05-22 20:33:57 [INFO] Step 40/54 Loss=2.7152 mse=0.0655 v_opt=0.00910 v_mand=0.00047 ptv=0.0694 ptv_max=0.00007 ring=0.00000 smooth=0.0036 laplacian=0.0067 beam=0.00880 homogeneity=0.0032 body=0.00000 bowel=0.00079 femur=0.00000
2026-05-22 20:34:02 [INFO] Step 45/54 Loss=2.7233 mse=0.0736 v_opt=0.00323 v_mand=0.00046 ptv=0.0591 ptv_max=0.00010 ring=0.00000 smooth=0.0039 laplacian=0.0080 beam=0.00601 homogeneity=0.0027 body=0.00000 bowel=0.00000 femur=0.00000
2026-05-22 20:34:05 [INFO] Step 50/54 Loss=6.1185 mse=0.1082 v_opt=0.00005 v_mand=0.00000 ptv=0.0655 ptv_max=0.00005 ring=0.00000 smooth=0.0087 laplacian=0.0198 beam=0.10397 homogeneity=0.0022 body=0.00000 bowel=0.00000 femur=0.00000
2026-05-22 20:34:07 [INFO] Step 54/54 Loss=8.0330 mse=0.0912 v_opt=0.01304 v_mand=0.00063 ptv=0.0670 ptv_max=0.00016 ring=0.00000 smooth=0.0072 laplacian=0.0159 beam=0.19350 homogeneity=0.0038 body=0.00000 bowel=0.00000 femur=0.00000
2026-05-22 20:34:07 [INFO] Running validation at epoch 187...
2026-05-22 20:34:36 [INFO] Epoch 187 Summary: Train=7.8072 Val=0.0056 (MSE=0.0056)
          Metrics: PTV_D95=56.49Gy Bladder=27.32Gy Rectum=30.28Gy
          Metrics: Ring=45.88Gy Dmax=1253.78Gy BG=15.72Gy
2026-05-22 20:34:36 [INFO] [PHYSICS] Saved best model val_loss=0.0056
2026-05-22 20:34:36 [INFO] Epoch 188/300 [FULL PHYSICS] ramp=1.000 lr=3.18e-05
2026-05-22 20:34:42 [INFO] Step 5/54 Loss=10.4627 mse=0.3252 v_opt=0.00002 v_mand=0.00000 ptv=0.0946 ptv_max=0.00182 ring=0.00522 smooth=0.0294 laplacian=0.0725 beam=0.01622 homogeneity=0.0119 body=0.00000 bowel=0.00000 femur=0.00000
2026-05-22 20:34:45 [INFO] Step 10/54 Loss=3.0798 mse=0.0674 v_opt=0.00084 v_mand=0.00000 ptv=0.0765 ptv_max=0.00003 ring=0.00000 smooth=0.0039 laplacian=0.0078 beam=0.02083 homogeneity=0.0029 body=0.00000 bowel=0.00000 femur=0.00000
2026-05-22 20:34:49 [INFO] Step 15/54 Loss=2.3719 mse=0.0282 v_opt=0.00000 v_mand=0.00000 ptv=0.0818 ptv_max=0.00001 ring=0.00000 smooth=0.0018 laplacian=0.0039 beam=0.02328 homogeneity=0.0030 body=0.00000 bowel=0.01219 femur=0.00000
2026-05-22 20:34:52 [INFO] Step 20/54 Loss=7.1015 mse=0.0965 v_opt=0.00000 v_mand=0.00000 ptv=0.0514 ptv_max=0.00008 ring=0.00003 smooth=0.0063 laplacian=0.0135 beam=0.16161 homogeneity=0.0024 body=0.00000 bowel=0.00000 femur=0.00000
2026-05-22 20:34:57 [INFO] Step 25/54 Loss=2.6505 mse=0.0555 v_opt=0.00091 v_mand=0.00000 ptv=0.0492 ptv_max=0.00027 ring=0.00000 smooth=0.0036 laplacian=0.0077 beam=0.02473 homogeneity=0.0035 body=0.00000 bowel=0.00000 femur=0.00000
2026-05-22 20:35:00 [INFO] Step 30/54 Loss=22.3630 mse=0.4265 v_opt=0.00000 v_mand=0.00000 ptv=0.0330 ptv_max=0.00287 ring=0.00095 smooth=0.0440 laplacian=0.0929 beam=0.34186 homogeneity=0.0079 body=0.00000 bowel=0.11426 femur=0.00000
2026-05-22 20:35:03 [INFO] Step 35/54 Loss=3.3320 mse=0.0399 v_opt=0.00132 v_mand=0.00000 ptv=0.0700 ptv_max=0.00006 ring=0.00000 smooth=0.0038 laplacian=0.0083 beam=0.05969 homogeneity=0.0042 body=0.00000 bowel=0.00000 femur=0.00000
2026-05-22 20:35:06 [INFO] Step 40/54 Loss=9.5797 mse=0.2429 v_opt=0.01602 v_mand=0.00027 ptv=0.0348 ptv_max=0.00018 ring=0.00000 smooth=0.0085 laplacian=0.0184 beam=0.11749 homogeneity=0.0025 body=0.00000 bowel=0.00000 femur=0.00000
2026-05-22 20:35:12 [INFO] Step 45/54 Loss=10.1732 mse=0.1841 v_opt=0.00267 v_mand=0.00000 ptv=0.0599 ptv_max=0.00005 ring=0.00000 smooth=0.0101 laplacian=0.0229 beam=0.19180 homogeneity=0.0020 body=0.00000 bowel=0.00000 femur=0.00000
2026-05-22 20:35:14 [INFO] Step 50/54 Loss=7.2299 mse=0.1007 v_opt=0.00008 v_mand=0.00000 ptv=0.0588 ptv_max=0.00007 ring=0.00000 smooth=0.0054 laplacian=0.0117 beam=0.16027 homogeneity=0.0022 body=0.00000 bowel=0.00000 femur=0.00000
2026-05-22 20:35:17 [INFO] Step 54/54 Loss=4.2298 mse=0.1013 v_opt=0.00000 v_mand=0.00000 ptv=0.0437 ptv_max=0.00027 ring=0.00000 smooth=0.0063 laplacian=0.0129 beam=0.04320 homogeneity=0.0035 body=0.00000 bowel=0.00000 femur=0.00000
2026-05-22 20:35:17 [INFO] Running validation at epoch 188...
2026-05-22 20:35:46 [INFO] Epoch 188 Summary: Train=8.5815 Val=0.0060 (MSE=0.0060)
          Metrics: PTV_D95=55.54Gy Bladder=26.74Gy Rectum=28.44Gy
          Metrics: Ring=46.24Gy Dmax=1255.92Gy BG=16.15Gy
2026-05-22 20:35:46 [INFO] Epoch 189/300 [FULL PHYSICS] ramp=1.000 lr=3.13e-05
2026-05-22 20:35:53 [INFO] Step 5/54 Loss=14.1675 mse=0.2333 v_opt=0.00660 v_mand=0.00017 ptv=0.0465 ptv_max=0.00071 ring=0.00189 smooth=0.0285 laplacian=0.0650 beam=0.28902 homogeneity=0.0051 body=0.00000 bowel=0.00218 femur=0.00000
2026-05-22 20:35:56 [INFO] Step 10/54 Loss=5.3203 mse=0.0229 v_opt=0.00000 v_mand=0.00000 ptv=0.0000 ptv_max=0.00000 ring=0.00000 smooth=0.0057 laplacian=0.0134 beam=0.18696 homogeneity=0.0000 body=0.00000 bowel=0.00000 femur=0.00000
2026-05-22 20:35:59 [INFO] Step 15/54 Loss=21.4721 mse=0.2527 v_opt=0.01433 v_mand=0.00013 ptv=0.0784 ptv_max=0.00007 ring=0.00000 smooth=0.1942 laplacian=0.4699 beam=0.46893 homogeneity=0.0029 body=0.00000 bowel=0.00000 femur=0.00000
2026-05-22 20:36:02 [INFO] Step 20/54 Loss=3.4442 mse=0.0700 v_opt=0.00629 v_mand=0.00000 ptv=0.1184 ptv_max=0.00004 ring=0.00000 smooth=0.0073 laplacian=0.0151 beam=0.00859 homogeneity=0.0097 body=0.00000 bowel=0.00000 femur=0.00000
2026-05-22 20:36:07 [INFO] Step 25/54 Loss=5.1422 mse=0.1055 v_opt=0.01400 v_mand=0.00024 ptv=0.0378 ptv_max=0.00028 ring=0.00000 smooth=0.0052 laplacian=0.0109 beam=0.07209 homogeneity=0.0032 body=0.00000 bowel=0.00791 femur=0.00000
2026-05-22 20:36:09 [INFO] Step 30/54 Loss=8.1535 mse=0.0981 v_opt=0.00090 v_mand=0.00000 ptv=0.0526 ptv_max=0.00021 ring=0.00001 smooth=0.0060 laplacian=0.0131 beam=0.20073 homogeneity=0.0027 body=0.00000 bowel=0.00000 femur=0.00000
2026-05-22 20:36:13 [INFO] Step 35/54 Loss=2.6630 mse=0.0046 v_opt=0.00000 v_mand=0.00000 ptv=0.0000 ptv_max=0.00000 ring=0.00000 smooth=0.0022 laplacian=0.0053 beam=0.10077 homogeneity=0.0000 body=0.00000 bowel=0.00000 femur=0.00000
2026-05-22 20:36:16 [INFO] Step 40/54 Loss=16.0411 mse=0.1806 v_opt=0.01368 v_mand=0.00027 ptv=0.0565 ptv_max=0.00020 ring=0.00000 smooth=0.0114 laplacian=0.0262 beam=0.42778 homogeneity=0.0027 body=0.00000 bowel=0.00000 femur=0.00000
2026-05-22 20:36:20 [INFO] Step 45/54 Loss=5.5991 mse=0.0807 v_opt=0.00072 v_mand=0.00000 ptv=0.0707 ptv_max=0.00015 ring=0.00000 smooth=0.0057 laplacian=0.0132 beam=0.10662 homogeneity=0.0056 body=0.00000 bowel=0.00000 femur=0.00000
2026-05-22 20:36:23 [INFO] Step 50/54 Loss=4.5281 mse=0.0653 v_opt=0.00447 v_mand=0.00000 ptv=0.0685 ptv_max=0.00006 ring=0.00000 smooth=0.0080 laplacian=0.0174 beam=0.08203 homogeneity=0.0023 body=0.00000 bowel=0.00000 femur=0.00000
2026-05-22 20:36:26 [INFO] Step 54/54 Loss=12.6939 mse=0.1937 v_opt=0.04292 v_mand=0.00400 ptv=0.0288 ptv_max=0.00188 ring=0.00006 smooth=0.0131 laplacian=0.0324 beam=0.26711 homogeneity=0.0071 body=0.00000 bowel=0.00000 femur=0.00000
2026-05-22 20:36:26 [INFO] Running validation at epoch 189...
2026-05-22 20:36:55 [INFO] Epoch 189 Summary: Train=7.7687 Val=0.0056 (MSE=0.0056)
          Metrics: PTV_D95=56.22Gy Bladder=27.75Gy Rectum=30.31Gy
          Metrics: Ring=45.67Gy Dmax=1400.81Gy BG=15.48Gy
2026-05-22 20:36:55 [INFO] [PHYSICS] Saved best model val_loss=0.0056
2026-05-22 20:36:55 [INFO] Epoch 190/300 [FULL PHYSICS] ramp=1.000 lr=3.08e-05
2026-05-22 20:37:01 [INFO] Step 5/54 Loss=10.3222 mse=0.2158 v_opt=0.01030 v_mand=0.00000 ptv=0.0517 ptv_max=0.00012 ring=0.00004 smooth=0.0139 laplacian=0.0318 beam=0.16632 homogeneity=0.0020 body=0.00000 bowel=0.00001 femur=0.00000
2026-05-22 20:37:04 [INFO] Step 10/54 Loss=8.8337 mse=0.1269 v_opt=0.00463 v_mand=0.00000 ptv=0.0770 ptv_max=0.00004 ring=0.00004 smooth=0.0085 laplacian=0.0199 beam=0.18805 homogeneity=0.0034 body=0.00000 bowel=0.00000 femur=0.00000
2026-05-22 20:37:07 [INFO] Step 15/54 Loss=9.4032 mse=0.1345 v_opt=0.00957 v_mand=0.00011 ptv=0.0719 ptv_max=0.00003 ring=0.00000 smooth=0.0094 laplacian=0.0215 beam=0.20514 homogeneity=0.0023 body=0.00000 bowel=0.00000 femur=0.00000
2026-05-22 20:37:10 [INFO] Step 20/54 Loss=11.8210 mse=0.1339 v_opt=0.00451 v_mand=0.00000 ptv=0.0252 ptv_max=0.00040 ring=0.00000 smooth=0.0081 laplacian=0.0195 beam=0.31898 homogeneity=0.0037 body=0.00000 bowel=0.00000 femur=0.00000
2026-05-22 20:37:15 [INFO] Step 25/54 Loss=15.7908 mse=0.2040 v_opt=0.00538 v_mand=0.00000 ptv=0.0234 ptv_max=0.00043 ring=0.00000 smooth=0.0096 laplacian=0.0234 beam=0.40720 homogeneity=0.0037 body=0.00000 bowel=0.00000 femur=0.00000
2026-05-22 20:37:19 [INFO] Step 30/54 Loss=13.3827 mse=0.1478 v_opt=0.03994 v_mand=0.00382 ptv=0.0577 ptv_max=0.00016 ring=0.00000 smooth=0.0070 laplacian=0.0162 beam=0.34680 homogeneity=0.0029 body=0.00000 bowel=0.00000 femur=0.00000
2026-05-22 20:37:21 [INFO] Step 35/54 Loss=5.5023 mse=0.0931 v_opt=0.01068 v_mand=0.00010 ptv=0.0572 ptv_max=0.00005 ring=0.00000 smooth=0.0052 laplacian=0.0117 beam=0.09899 homogeneity=0.0015 body=0.00000 bowel=0.00000 femur=0.00000
2026-05-22 20:37:24 [INFO] Step 40/54 Loss=9.8687 mse=0.2897 v_opt=0.06820 v_mand=0.01355 ptv=0.0451 ptv_max=0.00206 ring=0.00070 smooth=0.0214 laplacian=0.0482 beam=0.01995 homogeneity=0.0075 body=0.00000 bowel=0.00870 femur=0.00000
2026-05-22 20:37:30 [INFO] Step 45/54 Loss=1.9851 mse=0.0264 v_opt=0.00044 v_mand=0.00000 ptv=0.0725 ptv_max=0.00002 ring=0.00000 smooth=0.0015 laplacian=0.0029 beam=0.02122 homogeneity=0.0025 body=0.00000 bowel=0.00000 femur=0.00000
2026-05-22 20:37:32 [INFO] Step 50/54 Loss=10.3290 mse=0.1226 v_opt=0.00160 v_mand=0.00000 ptv=0.0275 ptv_max=0.00041 ring=0.00000 smooth=0.0057 laplacian=0.0128 beam=0.27108 homogeneity=0.0039 body=0.00000 bowel=0.00000 femur=0.00000
2026-05-22 20:37:34 [INFO] Step 54/54 Loss=6.2541 mse=0.1748 v_opt=0.00056 v_mand=0.00000 ptv=0.0499 ptv_max=0.00008 ring=0.00000 smooth=0.0082 laplacian=0.0198 beam=0.04891 homogeneity=0.0021 body=0.00000 bowel=0.00000 femur=0.00000
2026-05-22 20:37:35 [INFO] Running validation at epoch 190...
2026-05-22 20:38:04 [INFO] Epoch 190 Summary: Train=10.3775 Val=0.0055 (MSE=0.0055)
          Metrics: PTV_D95=56.83Gy Bladder=27.65Gy Rectum=31.27Gy
          Metrics: Ring=46.12Gy Dmax=1337.37Gy BG=15.29Gy
2026-05-22 20:38:04 [INFO] [PHYSICS] Saved best model val_loss=0.0055
2026-05-22 20:38:04 [INFO] Epoch 191/300 [FULL PHYSICS] ramp=1.000 lr=3.04e-05
2026-05-22 20:38:11 [INFO] Step 5/54 Loss=6.9036 mse=0.1172 v_opt=0.01576 v_mand=0.00044 ptv=0.0456 ptv_max=0.00016 ring=0.00000 smooth=0.0100 laplacian=0.0237 beam=0.13025 homogeneity=0.0027 body=0.00000 bowel=0.00000 femur=0.00000
2026-05-22 20:38:14 [INFO] Step 10/54 Loss=17.9820 mse=0.4256 v_opt=0.00452 v_mand=0.00000 ptv=0.0627 ptv_max=0.00025 ring=0.00054 smooth=0.0463 laplacian=0.1085 beam=0.24070 homogeneity=0.0027 body=0.00000 bowel=0.00000 femur=0.00006
2026-05-22 20:38:16 [INFO] Step 15/54 Loss=1.9925 mse=0.0437 v_opt=0.00267 v_mand=0.00006 ptv=0.0567 ptv_max=0.00022 ring=0.00000 smooth=0.0023 laplacian=0.0045 beam=0.00778 homogeneity=0.0037 body=0.00000 bowel=0.00000 femur=0.00000
2026-05-22 20:38:20 [INFO] Step 20/54 Loss=11.6311 mse=0.1854 v_opt=0.00405 v_mand=0.00000 ptv=0.0554 ptv_max=0.00009 ring=0.00000 smooth=0.0093 laplacian=0.0222 beam=0.25044 homogeneity=0.0020 body=0.00000 bowel=0.00000 femur=0.00000
2026-05-22 20:38:24 [INFO] Step 25/54 Loss=6.7909 mse=0.0716 v_opt=0.00274 v_mand=0.00105 ptv=0.0180 ptv_max=0.00173 ring=0.00000 smooth=0.0057 laplacian=0.0128 beam=0.17168 homogeneity=0.0071 body=0.00000 bowel=0.00000 femur=0.00000
2026-05-22 20:38:27 [INFO] Step 30/54 Loss=3.7496 mse=0.0810 v_opt=0.00341 v_mand=0.00000 ptv=0.0542 ptv_max=0.00013 ring=0.00000 smooth=0.0045 laplacian=0.0091 beam=0.04235 homogeneity=0.0024 body=0.00000 bowel=0.00000 femur=0.00000
2026-05-22 20:38:30 [INFO] Step 35/54 Loss=21.2232 mse=0.3050 v_opt=0.01834 v_mand=0.00126 ptv=0.0428 ptv_max=0.00025 ring=0.00000 smooth=0.0194 laplacian=0.0496 beam=0.50859 homogeneity=0.0025 body=0.00000 bowel=0.00000 femur=0.00000
2026-05-22 20:38:33 [INFO] Step 40/54 Loss=11.1474 mse=0.1411 v_opt=0.01130 v_mand=0.00029 ptv=0.0469 ptv_max=0.00013 ring=0.00001 smooth=0.0173 laplacian=0.0414 beam=0.27276 homogeneity=0.0025 body=0.00000 bowel=0.00000 femur=0.00000
2026-05-22 20:38:38 [INFO] Step 45/54 Loss=6.1719 mse=0.1917 v_opt=0.00405 v_mand=0.00027 ptv=0.0486 ptv_max=0.00030 ring=0.00012 smooth=0.0195 laplacian=0.0480 beam=0.01969 homogeneity=0.0037 body=0.00000 bowel=0.00000 femur=0.00000
2026-05-22 20:38:42 [INFO] Step 50/54 Loss=17.1627 mse=0.2319 v_opt=0.03623 v_mand=0.00403 ptv=0.0190 ptv_max=0.00162 ring=0.00004 smooth=0.0377 laplacian=0.0927 beam=0.39356 homogeneity=0.0072 body=0.00000 bowel=0.00000 femur=0.01736
2026-05-22 20:38:44 [INFO] Step 54/54 Loss=3.3458 mse=0.0359 v_opt=0.01057 v_mand=0.00004 ptv=0.0453 ptv_max=0.00011 ring=0.00000 smooth=0.0033 laplacian=0.0070 beam=0.07477 homogeneity=0.0024 body=0.00000 bowel=0.00000 femur=0.00000
2026-05-22 20:38:44 [INFO] Running validation at epoch 191...
2026-05-22 20:39:14 [INFO] Epoch 191 Summary: Train=9.5892 Val=0.0055 (MSE=0.0055)
          Metrics: PTV_D95=57.36Gy Bladder=28.27Gy Rectum=30.73Gy
          Metrics: Ring=46.32Gy Dmax=1183.69Gy BG=15.31Gy
2026-05-22 20:39:14 [INFO] [PHYSICS] Saved best model val_loss=0.0055
2026-05-22 20:39:14 [INFO] Epoch 192/300 [FULL PHYSICS] ramp=1.000 lr=2.99e-05
2026-05-22 20:39:20 [INFO] Step 5/54 Loss=13.5048 mse=0.1085 v_opt=0.01701 v_mand=0.00074 ptv=0.0724 ptv_max=0.00005 ring=0.00000 smooth=0.0591 laplacian=0.1468 beam=0.36512 homogeneity=0.0034 body=0.00000 bowel=0.00000 femur=0.00000
2026-05-22 20:39:22 [INFO] Step 10/54 Loss=5.0476 mse=0.1149 v_opt=0.00012 v_mand=0.00000 ptv=0.0747 ptv_max=0.00006 ring=0.00002 smooth=0.0100 laplacian=0.0228 beam=0.04920 homogeneity=0.0032 body=0.00000 bowel=0.00000 femur=0.00000
2026-05-22 20:39:26 [INFO] Step 15/54 Loss=11.5223 mse=0.2998 v_opt=0.02664 v_mand=0.00341 ptv=0.0555 ptv_max=0.00055 ring=0.00090 smooth=0.0198 laplacian=0.0481 beam=0.10467 homogeneity=0.0032 body=0.00000 bowel=0.00813 femur=0.00901
2026-05-22 20:39:29 [INFO] Step 20/54 Loss=20.7238 mse=0.4577 v_opt=0.02060 v_mand=0.00211 ptv=0.0239 ptv_max=0.00348 ring=0.00137 smooth=0.0141 laplacian=0.0305 beam=0.29477 homogeneity=0.0107 body=0.00000 bowel=0.00000 femur=0.06041
2026-05-22 20:39:34 [INFO] Step 25/54 Loss=7.4659 mse=0.0601 v_opt=0.00031 v_mand=0.00000 ptv=0.0708 ptv_max=0.00004 ring=0.00000 smooth=0.0045 laplacian=0.0098 beam=0.20544 homogeneity=0.0030 body=0.00000 bowel=0.00000 femur=0.00000
2026-05-22 20:39:36 [INFO] Step 30/54 Loss=11.6363 mse=0.1012 v_opt=0.06670 v_mand=0.01492 ptv=0.0472 ptv_max=0.00032 ring=0.00000 smooth=0.0065 laplacian=0.0146 beam=0.30226 homogeneity=0.0036 body=0.00000 bowel=0.00000 femur=0.00000
2026-05-22 20:39:39 [INFO] Step 35/54 Loss=4.5104 mse=0.0662 v_opt=0.00175 v_mand=0.00015 ptv=0.0398 ptv_max=0.00048 ring=0.00000 smooth=0.0033 laplacian=0.0060 beam=0.09028 homogeneity=0.0042 body=0.00000 bowel=0.00000 femur=0.00000
2026-05-22 20:39:42 [INFO] Step 40/54 Loss=12.3628 mse=0.1314 v_opt=0.00674 v_mand=0.00000 ptv=0.0361 ptv_max=0.00012 ring=0.00000 smooth=0.0098 laplacian=0.0238 beam=0.34067 homogeneity=0.0020 body=0.00000 bowel=0.00000 femur=0.00000
2026-05-22 20:39:48 [INFO] Step 45/54 Loss=54.0915 mse=0.1104 v_opt=0.59987 v_mand=0.43038 ptv=0.0743 ptv_max=0.00017 ring=0.00000 smooth=0.0127 laplacian=0.0318 beam=0.29505 homogeneity=0.0039 body=0.00000 bowel=1.34785 femur=0.00000
2026-05-22 20:39:51 [INFO] Step 50/54 Loss=2.5865 mse=0.0543 v_opt=0.00203 v_mand=0.00000 ptv=0.0656 ptv_max=0.00001 ring=0.00000 smooth=0.0036 laplacian=0.0082 beam=0.01973 homogeneity=0.0015 body=0.00000 bowel=0.00000 femur=0.00000
2026-05-22 20:39:53 [INFO] Step 54/54 Loss=21.9696 mse=0.4857 v_opt=0.06572 v_mand=0.01217 ptv=0.0454 ptv_max=0.00054 ring=0.00057 smooth=0.0286 laplacian=0.0626 beam=0.30239 homogeneity=0.0036 body=0.00000 bowel=0.03784 femur=0.00027
2026-05-22 20:39:53 [INFO] Running validation at epoch 192...
2026-05-22 20:40:23 [INFO] Epoch 192 Summary: Train=10.0628 Val=0.0054 (MSE=0.0054)
          Metrics: PTV_D95=56.58Gy Bladder=27.36Gy Rectum=30.54Gy
          Metrics: Ring=45.91Gy Dmax=1185.10Gy BG=15.34Gy
2026-05-22 20:40:23 [INFO] [PHYSICS] Saved best model val_loss=0.0054
2026-05-22 20:40:23 [INFO] Epoch 193/300 [FULL PHYSICS] ramp=1.000 lr=2.94e-05
2026-05-22 20:40:29 [INFO] Step 5/54 Loss=13.3146 mse=0.1036 v_opt=0.00000 v_mand=0.00000 ptv=0.0806 ptv_max=0.00005 ring=0.00000 smooth=0.0169 laplacian=0.0407 beam=0.38501 homogeneity=0.0033 body=0.00000 bowel=0.00000 femur=0.00000
2026-05-22 20:40:32 [INFO] Step 10/54 Loss=4.1847 mse=0.0917 v_opt=0.00171 v_mand=0.00000 ptv=0.1004 ptv_max=0.00013 ring=0.00003 smooth=0.0111 laplacian=0.0239 beam=0.02017 homogeneity=0.0098 body=0.00000 bowel=0.00220 femur=0.00000
2026-05-22 20:40:35 [INFO] Step 15/54 Loss=7.2479 mse=0.1922 v_opt=0.01066 v_mand=0.00012 ptv=0.0513 ptv_max=0.00021 ring=0.00040 smooth=0.0342 laplacian=0.0829 beam=0.05444 homogeneity=0.0028 body=0.00000 bowel=0.00000 femur=0.00000
2026-05-22 20:40:38 [INFO] Step 20/54 Loss=10.7766 mse=0.1373 v_opt=0.00317 v_mand=0.00006 ptv=0.0612 ptv_max=0.00006 ring=0.00003 smooth=0.0129 laplacian=0.0306 beam=0.25985 homogeneity=0.0025 body=0.00000 bowel=0.00000 femur=0.00000
2026-05-22 20:40:44 [INFO] Step 25/54 Loss=3.5898 mse=0.0636 v_opt=0.00226 v_mand=0.00000 ptv=0.0574 ptv_max=0.00014 ring=0.00000 smooth=0.0039 laplacian=0.0082 beam=0.05186 homogeneity=0.0029 body=0.00000 bowel=0.00000 femur=0.00000
2026-05-22 20:40:46 [INFO] Step 30/54 Loss=11.6822 mse=0.3694 v_opt=0.00506 v_mand=0.00119 ptv=0.0439 ptv_max=0.00580 ring=0.01778 smooth=0.0330 laplacian=0.0736 beam=0.00569 homogeneity=0.0129 body=0.00000 bowel=0.00000 femur=0.00000
2026-05-22 20:40:49 [INFO] Step 35/54 Loss=28.7165 mse=0.3794 v_opt=0.06816 v_mand=0.02031 ptv=0.0600 ptv_max=0.00365 ring=0.00168 smooth=0.1784 laplacian=0.4265 beam=0.56701 homogeneity=0.0080 body=0.00000 bowel=0.01736 femur=0.00000
2026-05-22 20:40:52 [INFO] Step 40/54 Loss=5.0502 mse=0.0979 v_opt=0.00312 v_mand=0.00000 ptv=0.0558 ptv_max=0.00007 ring=0.00000 smooth=0.0055 laplacian=0.0125 beam=0.06489 homogeneity=0.0020 body=0.00000 bowel=0.01977 femur=0.00000
2026-05-22 20:40:58 [INFO] Step 45/54 Loss=9.2615 mse=0.1432 v_opt=0.01915 v_mand=0.00008 ptv=0.0421 ptv_max=0.00013 ring=0.00000 smooth=0.0083 laplacian=0.0194 beam=0.20205 homogeneity=0.0021 body=0.00000 bowel=0.00000 femur=0.00000
2026-05-22 20:41:01 [INFO] Step 50/54 Loss=62.9764 mse=0.0187 v_opt=1.37451 v_mand=1.12170 ptv=0.1308 ptv_max=0.00130 ring=0.00000 smooth=0.0025 laplacian=0.0058 beam=0.07388 homogeneity=0.0147 body=0.00000 bowel=0.00000 femur=0.00000
2026-05-22 20:41:03 [INFO] Step 54/54 Loss=4.3013 mse=0.0347 v_opt=0.02749 v_mand=0.00250 ptv=0.0657 ptv_max=0.00005 ring=0.00000 smooth=0.0027 laplacian=0.0052 beam=0.10041 homogeneity=0.0025 body=0.00000 bowel=0.00000 femur=0.00000
2026-05-22 20:41:03 [INFO] Running validation at epoch 193...
2026-05-22 20:41:32 [INFO] Epoch 193 Summary: Train=8.7856 Val=0.0059 (MSE=0.0059)
          Metrics: PTV_D95=55.01Gy Bladder=26.02Gy Rectum=29.23Gy
          Metrics: Ring=44.94Gy Dmax=1424.66Gy BG=15.23Gy
2026-05-22 20:41:32 [INFO] Epoch 194/300 [FULL PHYSICS] ramp=1.000 lr=2.90e-05
2026-05-22 20:41:39 [INFO] Step 5/54 Loss=2.6103 mse=0.0468 v_opt=0.00005 v_mand=0.00000 ptv=0.1014 ptv_max=0.00003 ring=0.00000 smooth=0.0023 laplacian=0.0038 beam=0.01240 homogeneity=0.0045 body=0.00000 bowel=0.00000 femur=0.00000
2026-05-22 20:41:41 [INFO] Step 10/54 Loss=11.1777 mse=0.1811 v_opt=0.01235 v_mand=0.00004 ptv=0.0569 ptv_max=0.00008 ring=0.00000 smooth=0.0070 laplacian=0.0158 beam=0.23637 homogeneity=0.0024 body=0.00000 bowel=0.00000 femur=0.00000
2026-05-22 20:41:45 [INFO] Step 15/54 Loss=8.5948 mse=0.2897 v_opt=0.00004 v_mand=0.00000 ptv=0.0379 ptv_max=0.00046 ring=0.00000 smooth=0.0087 laplacian=0.0213 beam=0.02875 homogeneity=0.0035 body=0.00000 bowel=0.00000 femur=0.00000
2026-05-22 20:41:47 [INFO] Step 20/54 Loss=16.8397 mse=0.3117 v_opt=0.04890 v_mand=0.01123 ptv=0.0220 ptv_max=0.00111 ring=0.00001 smooth=0.0173 laplacian=0.0412 beam=0.30529 homogeneity=0.0058 body=0.00000 bowel=0.00000 femur=0.00316
2026-05-22 20:41:51 [INFO] Step 25/54 Loss=3.1060 mse=0.0808 v_opt=0.00117 v_mand=0.00000 ptv=0.0425 ptv_max=0.00017 ring=0.00000 smooth=0.0046 laplacian=0.0090 beam=0.02129 homogeneity=0.0025 body=0.00000 bowel=0.00000 femur=0.00000
2026-05-22 20:41:56 [INFO] Step 30/54 Loss=3.6201 mse=0.0231 v_opt=0.00178 v_mand=0.00000 ptv=0.0478 ptv_max=0.00026 ring=0.00000 smooth=0.0024 laplacian=0.0048 beam=0.09763 homogeneity=0.0028 body=0.00000 bowel=0.00000 femur=0.00000
2026-05-22 20:41:59 [INFO] Step 35/54 Loss=7.1793 mse=0.0695 v_opt=0.01489 v_mand=0.00075 ptv=0.0787 ptv_max=0.00004 ring=0.00000 smooth=0.0062 laplacian=0.0135 beam=0.17818 homogeneity=0.0027 body=0.00000 bowel=0.00000 femur=0.00000
2026-05-22 20:42:02 [INFO] Step 40/54 Loss=22.2632 mse=0.3313 v_opt=0.03349 v_mand=0.00184 ptv=0.0750 ptv_max=0.00001 ring=0.00000 smooth=0.0209 laplacian=0.0507 beam=0.51061 homogeneity=0.0015 body=0.00000 bowel=0.00000 femur=0.00000
2026-05-22 20:42:05 [INFO] Step 45/54 Loss=5.5028 mse=0.0876 v_opt=0.00307 v_mand=0.00000 ptv=0.0548 ptv_max=0.00027 ring=0.00000 smooth=0.0055 laplacian=0.0123 beam=0.10289 homogeneity=0.0040 body=0.00000 bowel=0.00000 femur=0.00000
2026-05-22 20:42:10 [INFO] Step 50/54 Loss=12.5457 mse=0.3100 v_opt=0.00423 v_mand=0.00026 ptv=0.0416 ptv_max=0.00276 ring=0.00088 smooth=0.0188 laplacian=0.0393 beam=0.13968 homogeneity=0.0094 body=0.00000 bowel=0.00000 femur=0.00361
2026-05-22 20:42:12 [INFO] Step 54/54 Loss=3.3224 mse=0.0176 v_opt=0.00000 v_mand=0.00000 ptv=0.0000 ptv_max=0.00000 ring=0.00000 smooth=0.0049 laplacian=0.0122 beam=0.11265 homogeneity=0.0000 body=0.00000 bowel=0.00000 femur=0.00000
2026-05-22 20:42:12 [INFO] Running validation at epoch 194...
2026-05-22 20:42:41 [INFO] Epoch 194 Summary: Train=9.0017 Val=0.0054 (MSE=0.0054)
          Metrics: PTV_D95=56.87Gy Bladder=26.73Gy Rectum=28.43Gy
          Metrics: Ring=45.88Gy Dmax=1505.28Gy BG=14.93Gy
2026-05-22 20:42:41 [INFO] Epoch 195/300 [FULL PHYSICS] ramp=1.000 lr=2.85e-05
2026-05-22 20:42:47 [INFO] Step 5/54 Loss=5.8580 mse=0.1716 v_opt=0.00381 v_mand=0.00007 ptv=0.0372 ptv_max=0.00081 ring=0.00005 smooth=0.0162 laplacian=0.0384 beam=0.03065 homogeneity=0.0044 body=0.00000 bowel=0.00000 femur=0.00000
2026-05-22 20:42:51 [INFO] Step 10/54 Loss=4.9833 mse=0.0300 v_opt=0.00067 v_mand=0.00000 ptv=0.0640 ptv_max=0.00002 ring=0.00000 smooth=0.0035 laplacian=0.0075 beam=0.14072 homogeneity=0.0016 body=0.00000 bowel=0.00000 femur=0.00000
2026-05-22 20:42:54 [INFO] Step 15/54 Loss=15.7163 mse=0.2044 v_opt=0.00507 v_mand=0.00000 ptv=0.0198 ptv_max=0.00095 ring=0.00000 smooth=0.0113 laplacian=0.0291 beam=0.39963 homogeneity=0.0054 body=0.00000 bowel=0.00000 femur=0.00000
2026-05-22 20:42:56 [INFO] Step 20/54 Loss=25.6216 mse=0.3390 v_opt=0.01409 v_mand=0.00024 ptv=0.0350 ptv_max=0.00014 ring=0.00001 smooth=0.2734 laplacian=0.7024 beam=0.51620 homogeneity=0.0022 body=0.00000 bowel=0.00000 femur=0.00000
2026-05-22 20:43:01 [INFO] Step 25/54 Loss=7.6476 mse=0.1236 v_opt=0.02139 v_mand=0.00087 ptv=0.0469 ptv_max=0.00010 ring=0.00000 smooth=0.0101 laplacian=0.0233 beam=0.15282 homogeneity=0.0020 body=0.00000 bowel=0.00000 femur=0.00000
2026-05-22 20:43:04 [INFO] Step 30/54 Loss=4.9659 mse=0.0622 v_opt=0.00810 v_mand=0.00100 ptv=0.0335 ptv_max=0.00034 ring=0.00000 smooth=0.0063 laplacian=0.0144 beam=0.11264 homogeneity=0.0032 body=0.00000 bowel=0.00000 femur=0.00000
2026-05-22 20:43:07 [INFO] Step 35/54 Loss=12.0445 mse=0.0827 v_opt=0.00829 v_mand=0.00011 ptv=0.0793 ptv_max=0.00005 ring=0.00000 smooth=0.0156 laplacian=0.0372 beam=0.35534 homogeneity=0.0035 body=0.00000 bowel=0.00000 femur=0.00000
2026-05-22 20:43:10 [INFO] Step 40/54 Loss=10.4215 mse=0.3104 v_opt=0.01246 v_mand=0.00000 ptv=0.0582 ptv_max=0.00025 ring=0.00001 smooth=0.0319 laplacian=0.0775 beam=0.05876 homogeneity=0.0026 body=0.00000 bowel=0.00511 femur=0.00000
2026-05-22 20:43:15 [INFO] Step 45/54 Loss=7.6751 mse=0.0847 v_opt=0.00756 v_mand=0.00025 ptv=0.0378 ptv_max=0.00071 ring=0.00000 smooth=0.0075 laplacian=0.0181 beam=0.19396 homogeneity=0.0049 body=0.00000 bowel=0.00000 femur=0.00000
2026-05-22 20:43:19 [INFO] Step 50/54 Loss=3.1600 mse=0.0350 v_opt=0.00000 v_mand=0.00000 ptv=0.0688 ptv_max=0.00006 ring=0.00000 smooth=0.0045 laplacian=0.0095 beam=0.05919 homogeneity=0.0029 body=0.00000 bowel=0.00000 femur=0.00000
2026-05-22 20:43:21 [INFO] Step 54/54 Loss=9.6004 mse=0.3108 v_opt=0.01532 v_mand=0.00075 ptv=0.0664 ptv_max=0.00155 ring=0.00230 smooth=0.0168 laplacian=0.0353 beam=0.01720 homogeneity=0.0054 body=0.00000 bowel=0.00665 femur=0.00000
2026-05-22 20:43:21 [INFO] Running validation at epoch 195...
2026-05-22 20:43:50 [INFO] Epoch 195 Summary: Train=9.5364 Val=0.0053 (MSE=0.0053)
          Metrics: PTV_D95=56.42Gy Bladder=27.59Gy Rectum=28.78Gy
          Metrics: Ring=46.10Gy Dmax=1412.07Gy BG=14.93Gy
2026-05-22 20:43:50 [INFO] [PHYSICS] Saved best model val_loss=0.0053
2026-05-22 20:43:50 [INFO] Epoch 196/300 [FULL PHYSICS] ramp=1.000 lr=2.80e-05
2026-05-22 20:43:56 [INFO] Step 5/54 Loss=8.6792 mse=0.2363 v_opt=0.00966 v_mand=0.00000 ptv=0.0862 ptv_max=0.00007 ring=0.00022 smooth=0.0873 laplacian=0.2084 beam=0.02734 homogeneity=0.0031 body=0.00000 bowel=0.00000 femur=0.00000
2026-05-22 20:43:59 [INFO] Step 10/54 Loss=2.3328 mse=0.0439 v_opt=0.00108 v_mand=0.00003 ptv=0.0383 ptv_max=0.00123 ring=0.00000 smooth=0.0018 laplacian=0.0033 beam=0.02150 homogeneity=0.0054 body=0.00000 bowel=0.00000 femur=0.00000
2026-05-22 20:44:03 [INFO] Step 15/54 Loss=23.1003 mse=0.3809 v_opt=0.30004 v_mand=0.13419 ptv=0.0197 ptv_max=0.00294 ring=0.00078 smooth=0.0114 laplacian=0.0251 beam=0.20014 homogeneity=0.0090 body=0.00000 bowel=0.01980 femur=0.00000
2026-05-22 20:44:05 [INFO] Step 20/54 Loss=4.6614 mse=0.0514 v_opt=0.00091 v_mand=0.00000 ptv=0.0759 ptv_max=0.00003 ring=0.00000 smooth=0.0032 laplacian=0.0066 beam=0.10087 homogeneity=0.0027 body=0.00000 bowel=0.00000 femur=0.00000
2026-05-22 20:44:10 [INFO] Step 25/54 Loss=9.1254 mse=0.0728 v_opt=0.00000 v_mand=0.00000 ptv=0.0000 ptv_max=0.00000 ring=0.00000 smooth=0.0095 laplacian=0.0233 beam=0.28721 homogeneity=0.0000 body=0.00000 bowel=0.00000 femur=0.00000
2026-05-22 20:44:13 [INFO] Step 30/54 Loss=8.7198 mse=0.0863 v_opt=0.00023 v_mand=0.00000 ptv=0.0595 ptv_max=0.00012 ring=0.00000 smooth=0.0071 laplacian=0.0163 beam=0.23155 homogeneity=0.0035 body=0.00000 bowel=0.00000 femur=0.00000
2026-05-22 20:44:17 [INFO] Step 35/54 Loss=5.6731 mse=0.1443 v_opt=0.00118 v_mand=0.00000 ptv=0.0423 ptv_max=0.00032 ring=0.00002 smooth=0.0094 laplacian=0.0212 beam=0.05556 homogeneity=0.0043 body=0.00000 bowel=0.00000 femur=0.00000
2026-05-22 20:44:20 [INFO] Step 40/54 Loss=4.3648 mse=0.1085 v_opt=0.00044 v_mand=0.00000 ptv=0.0829 ptv_max=0.00003 ring=0.00000 smooth=0.0048 laplacian=0.0103 beam=0.02776 homogeneity=0.0034 body=0.00000 bowel=0.00000 femur=0.00000
2026-05-22 20:44:25 [INFO] Step 45/54 Loss=3.2280 mse=0.0624 v_opt=0.00723 v_mand=0.00000 ptv=0.0709 ptv_max=0.00002 ring=0.00000 smooth=0.0069 laplacian=0.0144 beam=0.03269 homogeneity=0.0022 body=0.00000 bowel=0.00000 femur=0.00000
2026-05-22 20:44:27 [INFO] Step 50/54 Loss=16.7263 mse=0.2442 v_opt=0.00848 v_mand=0.00000 ptv=0.0255 ptv_max=0.00035 ring=0.00000 smooth=0.0100 laplacian=0.0246 beam=0.40393 homogeneity=0.0034 body=0.00000 bowel=0.00000 femur=0.00000
2026-05-22 20:44:30 [INFO] Step 54/54 Loss=6.7330 mse=0.1023 v_opt=0.00012 v_mand=0.00000 ptv=0.0451 ptv_max=0.00026 ring=0.00000 smooth=0.0157 laplacian=0.0373 beam=0.13703 homogeneity=0.0029 body=0.00000 bowel=0.00000 femur=0.00000
2026-05-22 20:44:30 [INFO] Running validation at epoch 196...
2026-05-22 20:44:59 [INFO] Epoch 196 Summary: Train=9.8079 Val=0.0054 (MSE=0.0054)
          Metrics: PTV_D95=54.71Gy Bladder=27.92Gy Rectum=27.69Gy
          Metrics: Ring=44.87Gy Dmax=1302.70Gy BG=15.33Gy
2026-05-22 20:44:59 [INFO] Epoch 197/300 [FULL PHYSICS] ramp=1.000 lr=2.76e-05
2026-05-22 20:45:05 [INFO] Step 5/54 Loss=11.7263 mse=0.3488 v_opt=0.03942 v_mand=0.00815 ptv=0.0642 ptv_max=0.00014 ring=0.00008 smooth=0.0240 laplacian=0.0533 beam=0.05745 homogeneity=0.0025 body=0.00000 bowel=0.00067 femur=0.00671
2026-05-22 20:45:08 [INFO] Step 10/54 Loss=6.4159 mse=0.0443 v_opt=0.00222 v_mand=0.00000 ptv=0.0428 ptv_max=0.00019 ring=0.00000 smooth=0.0053 laplacian=0.0112 beam=0.18940 homogeneity=0.0026 body=0.00000 bowel=0.00000 femur=0.00000
2026-05-22 20:45:11 [INFO] Step 15/54 Loss=4.8678 mse=0.0737 v_opt=0.00001 v_mand=0.00000 ptv=0.0366 ptv_max=0.00029 ring=0.00001 smooth=0.0042 laplacian=0.0097 beam=0.09606 homogeneity=0.0032 body=0.00000 bowel=0.00649 femur=0.00000
2026-05-22 20:45:14 [INFO] Step 20/54 Loss=3.4660 mse=0.0879 v_opt=0.00736 v_mand=0.00020 ptv=0.0494 ptv_max=0.00022 ring=0.00000 smooth=0.0033 laplacian=0.0067 beam=0.02463 homogeneity=0.0033 body=0.00000 bowel=0.00000 femur=0.00000
2026-05-22 20:45:19 [INFO] Step 25/54 Loss=6.2308 mse=0.0765 v_opt=0.00182 v_mand=0.00000 ptv=0.0500 ptv_max=0.00012 ring=0.00000 smooth=0.0071 laplacian=0.0165 beam=0.14657 homogeneity=0.0021 body=0.00000 bowel=0.00000 femur=0.00000
2026-05-22 20:45:23 [INFO] Step 30/54 Loss=14.1652 mse=0.2095 v_opt=0.00538 v_mand=0.00000 ptv=0.0489 ptv_max=0.00013 ring=0.00001 smooth=0.0096 laplacian=0.0224 beam=0.32845 homogeneity=0.0026 body=0.00000 bowel=0.00154 femur=0.00000
2026-05-22 20:45:26 [INFO] Step 35/54 Loss=3.3301 mse=0.0346 v_opt=0.00477 v_mand=0.00083 ptv=0.0502 ptv_max=0.00050 ring=0.00000 smooth=0.0016 laplacian=0.0030 beam=0.06837 homogeneity=0.0055 body=0.00000 bowel=0.00000 femur=0.00000
2026-05-22 20:45:28 [INFO] Step 40/54 Loss=12.1073 mse=0.3259 v_opt=0.01399 v_mand=0.00023 ptv=0.1055 ptv_max=0.00240 ring=0.00346 smooth=0.0206 laplacian=0.0482 beam=0.07575 homogeneity=0.0134 body=0.00000 bowel=0.00000 femur=0.00289
2026-05-22 20:45:34 [INFO] Step 45/54 Loss=14.1867 mse=0.1943 v_opt=0.03190 v_mand=0.00131 ptv=0.0590 ptv_max=0.00025 ring=0.00001 smooth=0.0230 laplacian=0.0548 beam=0.32819 homogeneity=0.0035 body=0.00000 bowel=0.00000 femur=0.00000
2026-05-22 20:45:37 [INFO] Step 50/54 Loss=5.2380 mse=0.0343 v_opt=0.00818 v_mand=0.00000 ptv=0.0799 ptv_max=0.00003 ring=0.00000 smooth=0.0029 laplacian=0.0058 beam=0.13874 homogeneity=0.0029 body=0.00000 bowel=0.00000 femur=0.00000
2026-05-22 20:45:39 [INFO] Step 54/54 Loss=8.1222 mse=0.1939 v_opt=0.03041 v_mand=0.00220 ptv=0.0576 ptv_max=0.00010 ring=0.00004 smooth=0.0083 laplacian=0.0190 beam=0.09471 homogeneity=0.0021 body=0.00000 bowel=0.00000 femur=0.00000
2026-05-22 20:45:39 [INFO] Running validation at epoch 197...
2026-05-22 20:46:09 [INFO] Epoch 197 Summary: Train=8.2253 Val=0.0053 (MSE=0.0053)
          Metrics: PTV_D95=55.65Gy Bladder=26.43Gy Rectum=31.00Gy
          Metrics: Ring=45.50Gy Dmax=1370.38Gy BG=14.97Gy
2026-05-22 20:46:09 [INFO] [PHYSICS] Saved best model val_loss=0.0053
2026-05-22 20:46:09 [INFO] Epoch 198/300 [FULL PHYSICS] ramp=1.000 lr=2.71e-05
2026-05-22 20:46:14 [INFO] Step 5/54 Loss=3.1000 mse=0.0555 v_opt=0.03376 v_mand=0.00407 ptv=0.0498 ptv_max=0.00017 ring=0.00000 smooth=0.0026 laplacian=0.0041 beam=0.03332 homogeneity=0.0031 body=0.00000 bowel=0.00000 femur=0.00000
2026-05-22 20:46:17 [INFO] Step 10/54 Loss=7.7221 mse=0.0803 v_opt=0.00290 v_mand=0.00096 ptv=0.0429 ptv_max=0.00024 ring=0.00000 smooth=0.0058 laplacian=0.0126 beam=0.20250 homogeneity=0.0032 body=0.00000 bowel=0.00000 femur=0.00000
2026-05-22 20:46:21 [INFO] Step 15/54 Loss=9.9395 mse=0.1562 v_opt=0.00384 v_mand=0.00010 ptv=0.0431 ptv_max=0.00022 ring=0.00000 smooth=0.0117 laplacian=0.0288 beam=0.21377 homogeneity=0.0029 body=0.00000 bowel=0.00000 femur=0.00000
2026-05-22 20:46:23 [INFO] Step 20/54 Loss=9.0005 mse=0.1154 v_opt=0.00472 v_mand=0.00001 ptv=0.0611 ptv_max=0.00004 ring=0.00000 smooth=0.0080 laplacian=0.0187 beam=0.21390 homogeneity=0.0020 body=0.00000 bowel=0.00000 femur=0.00000
2026-05-22 20:46:28 [INFO] Step 25/54 Loss=4.7346 mse=0.0381 v_opt=0.03774 v_mand=0.00517 ptv=0.0401 ptv_max=0.00062 ring=0.00000 smooth=0.0036 laplacian=0.0075 beam=0.11201 homogeneity=0.0057 body=0.00000 bowel=0.00000 femur=0.00000
2026-05-22 20:46:31 [INFO] Step 30/54 Loss=10.4142 mse=0.1147 v_opt=0.04451 v_mand=0.01068 ptv=0.0375 ptv_max=0.00071 ring=0.00003 smooth=0.0149 laplacian=0.0357 beam=0.24525 homogeneity=0.0059 body=0.00000 bowel=0.00000 femur=0.00000
2026-05-22 20:46:34 [INFO] Step 35/54 Loss=3.6378 mse=0.0828 v_opt=0.00833 v_mand=0.00000 ptv=0.0604 ptv_max=0.00060 ring=0.00012 smooth=0.0106 laplacian=0.0284 beam=0.02523 homogeneity=0.0037 body=0.00000 bowel=0.00000 femur=0.00000
2026-05-22 20:46:37 [INFO] Step 40/54 Loss=14.7849 mse=0.1607 v_opt=0.05462 v_mand=0.01134 ptv=0.0542 ptv_max=0.00025 ring=0.00000 smooth=0.0148 laplacian=0.0364 beam=0.36999 homogeneity=0.0033 body=0.00000 bowel=0.00000 femur=0.00000
2026-05-22 20:46:41 [INFO] Step 45/54 Loss=11.9053 mse=0.2582 v_opt=0.02733 v_mand=0.00327 ptv=0.0358 ptv_max=0.00175 ring=0.00015 smooth=0.0143 laplacian=0.0331 beam=0.15458 homogeneity=0.0068 body=0.00000 bowel=0.02865 femur=0.00000
2026-05-22 20:46:46 [INFO] Step 50/54 Loss=5.1075 mse=0.0852 v_opt=0.00000 v_mand=0.00000 ptv=0.0329 ptv_max=0.00022 ring=0.00001 smooth=0.0067 laplacian=0.0157 beam=0.09902 homogeneity=0.0028 body=0.00000 bowel=0.00000 femur=0.00000
2026-05-22 20:46:48 [INFO] Step 54/54 Loss=4.7976 mse=0.0935 v_opt=0.00983 v_mand=0.00044 ptv=0.0661 ptv_max=0.00011 ring=0.00001 smooth=0.0084 laplacian=0.0183 beam=0.06239 homogeneity=0.0040 body=0.00000 bowel=0.00000 femur=0.00000
2026-05-22 20:46:48 [INFO] Running validation at epoch 198...
2026-05-22 20:47:18 [INFO] Epoch 198 Summary: Train=7.4935 Val=0.0053 (MSE=0.0053)
          Metrics: PTV_D95=56.38Gy Bladder=27.57Gy Rectum=30.21Gy
          Metrics: Ring=45.57Gy Dmax=1404.87Gy BG=15.14Gy
2026-05-22 20:47:18 [INFO] [PHYSICS] Saved best model val_loss=0.0053
2026-05-22 20:47:18 [INFO] Epoch 199/300 [FULL PHYSICS] ramp=1.000 lr=2.67e-05
2026-05-22 20:47:24 [INFO] Step 5/54 Loss=2.2905 mse=0.0501 v_opt=0.00018 v_mand=0.00000 ptv=0.0648 ptv_max=0.00108 ring=0.00001 smooth=0.0040 laplacian=0.0081 beam=0.00323 homogeneity=0.0051 body=0.00000 bowel=0.00000 femur=0.00000
2026-05-22 20:47:27 [INFO] Step 10/54 Loss=22.7106 mse=0.4511 v_opt=0.13974 v_mand=0.04286 ptv=0.0562 ptv_max=0.00045 ring=0.00045 smooth=0.0421 laplacian=0.1032 beam=0.29722 homogeneity=0.0036 body=0.00000 bowel=0.01706 femur=0.00579
2026-05-22 20:47:30 [INFO] Step 15/54 Loss=5.3210 mse=0.0649 v_opt=0.00002 v_mand=0.00000 ptv=0.0777 ptv_max=0.00007 ring=0.00000 smooth=0.0031 laplacian=0.0062 beam=0.11215 homogeneity=0.0036 body=0.00000 bowel=0.00000 femur=0.00000
2026-05-22 20:47:33 [INFO] Step 20/54 Loss=19.3983 mse=0.3297 v_opt=0.05098 v_mand=0.00597 ptv=0.0543 ptv_max=0.00695 ring=0.00276 smooth=0.0769 laplacian=0.1812 beam=0.29534 homogeneity=0.0137 body=0.00000 bowel=0.02462 femur=0.01178
2026-05-22 20:47:39 [INFO] Step 25/54 Loss=17.0633 mse=0.2831 v_opt=0.00031 v_mand=0.00000 ptv=0.0336 ptv_max=0.00114 ring=0.00041 smooth=0.0159 laplacian=0.0372 beam=0.36110 homogeneity=0.0052 body=0.00000 bowel=0.00923 femur=0.00000
2026-05-22 20:47:42 [INFO] Step 30/54 Loss=5.7191 mse=0.0960 v_opt=0.01054 v_mand=0.00008 ptv=0.0477 ptv_max=0.00010 ring=0.00000 smooth=0.0050 laplacian=0.0103 beam=0.10796 homogeneity=0.0024 body=0.00000 bowel=0.00007 femur=0.00000
2026-05-22 20:47:44 [INFO] Step 35/54 Loss=18.0062 mse=0.2571 v_opt=0.00791 v_mand=0.00000 ptv=0.0195 ptv_max=0.00092 ring=0.00000 smooth=0.0352 laplacian=0.0888 beam=0.42592 homogeneity=0.0051 body=0.00000 bowel=0.00000 femur=0.00000
2026-05-22 20:47:47 [INFO] Step 40/54 Loss=5.8277 mse=0.1350 v_opt=0.00194 v_mand=0.00000 ptv=0.0566 ptv_max=0.00005 ring=0.00001 smooth=0.0058 laplacian=0.0125 beam=0.07066 homogeneity=0.0020 body=0.00000 bowel=0.00000 femur=0.00000
2026-05-22 20:47:53 [INFO] Step 45/54 Loss=10.7452 mse=0.2122 v_opt=0.02375 v_mand=0.00077 ptv=0.0625 ptv_max=0.00026 ring=0.00003 smooth=0.0401 laplacian=0.1014 beam=0.16278 homogeneity=0.0037 body=0.00000 bowel=0.00000 femur=0.00000
2026-05-22 20:47:55 [INFO] Step 50/54 Loss=3.4544 mse=0.0802 v_opt=0.00185 v_mand=0.00009 ptv=0.0354 ptv_max=0.00027 ring=0.00000 smooth=0.0035 laplacian=0.0076 beam=0.03778 homogeneity=0.0030 body=0.00000 bowel=0.00000 femur=0.00000
2026-05-22 20:47:58 [INFO] Step 54/54 Loss=8.4616 mse=0.1198 v_opt=0.00332 v_mand=0.00006 ptv=0.0540 ptv_max=0.00054 ring=0.00001 smooth=0.0098 laplacian=0.0231 beam=0.18471 homogeneity=0.0046 body=0.00000 bowel=0.00000 femur=0.00000
2026-05-22 20:47:58 [INFO] Running validation at epoch 199...
2026-05-22 20:48:28 [INFO] Epoch 199 Summary: Train=8.9622 Val=0.0053 (MSE=0.0053)
          Metrics: PTV_D95=57.74Gy Bladder=27.08Gy Rectum=29.22Gy
          Metrics: Ring=46.49Gy Dmax=1455.41Gy BG=14.96Gy
2026-05-22 20:48:28 [INFO] Epoch 200/300 [FULL PHYSICS] ramp=1.000 lr=2.62e-05
2026-05-22 20:48:33 [INFO] Step 5/54 Loss=4.9717 mse=0.1347 v_opt=0.01562 v_mand=0.00085 ptv=0.0487 ptv_max=0.00021 ring=0.00000 smooth=0.0058 laplacian=0.0129 beam=0.03448 homogeneity=0.0034 body=0.00000 bowel=0.00077 femur=0.00000
2026-05-22 20:48:36 [INFO] Step 10/54 Loss=6.8524 mse=0.2054 v_opt=0.00584 v_mand=0.00000 ptv=0.0457 ptv_max=0.00016 ring=0.00001 smooth=0.0056 laplacian=0.0128 beam=0.04443 homogeneity=0.0023 body=0.00000 bowel=0.00000 femur=0.00000
2026-05-22 20:48:39 [INFO] Step 15/54 Loss=4.7408 mse=0.0749 v_opt=0.00863 v_mand=0.00000 ptv=0.0727 ptv_max=0.00003 ring=0.00000 smooth=0.0045 laplacian=0.0093 beam=0.08105 homogeneity=0.0022 body=0.00000 bowel=0.00000 femur=0.00000
2026-05-22 20:48:42 [INFO] Step 20/54 Loss=11.5613 mse=0.0338 v_opt=0.00000 v_mand=0.00000 ptv=0.6467 ptv_max=0.00000 ring=0.00000 smooth=0.0032 laplacian=0.0070 beam=0.10333 homogeneity=0.0814 body=0.00000 bowel=0.00000 femur=0.00000
2026-05-22 20:48:47 [INFO] Step 25/54 Loss=18.8331 mse=0.4572 v_opt=0.00125 v_mand=0.00000 ptv=0.0474 ptv_max=0.00266 ring=0.00509 smooth=0.0225 laplacian=0.0489 beam=0.19140 homogeneity=0.0085 body=0.00000 bowel=0.08191 femur=0.00000
2026-05-22 20:48:50 [INFO] Step 30/54 Loss=6.4158 mse=0.2072 v_opt=0.00193 v_mand=0.00004 ptv=0.0408 ptv_max=0.00054 ring=0.00004 smooth=0.0256 laplacian=0.0643 beam=0.01286 homogeneity=0.0036 body=0.00000 bowel=0.00000 femur=0.00000
2026-05-22 20:48:53 [INFO] Step 35/54 Loss=9.8832 mse=0.0833 v_opt=0.00000 v_mand=0.00000 ptv=0.0000 ptv_max=0.00000 ring=0.00000 smooth=0.0211 laplacian=0.0516 beam=0.30088 homogeneity=0.0000 body=0.00000 bowel=0.00000 femur=0.00000
2026-05-22 20:48:56 [INFO] Step 40/54 Loss=4.2437 mse=0.0717 v_opt=0.00822 v_mand=0.00022 ptv=0.0555 ptv_max=0.00007 ring=0.00000 smooth=0.0035 laplacian=0.0074 beam=0.07114 homogeneity=0.0019 body=0.00000 bowel=0.00000 femur=0.00000
2026-05-22 20:49:01 [INFO] Step 45/54 Loss=2.6391 mse=0.0559 v_opt=0.00294 v_mand=0.00000 ptv=0.0764 ptv_max=0.00004 ring=0.00000 smooth=0.0038 laplacian=0.0074 beam=0.01488 homogeneity=0.0027 body=0.00000 bowel=0.00000 femur=0.00000
2026-05-22 20:49:05 [INFO] Step 50/54 Loss=10.6702 mse=0.2538 v_opt=0.03800 v_mand=0.00896 ptv=0.0226 ptv_max=0.00180 ring=0.00011 smooth=0.0166 laplacian=0.0405 beam=0.11802 homogeneity=0.0067 body=0.00000 bowel=0.00000 femur=0.00000
2026-05-22 20:49:07 [INFO] Step 54/54 Loss=3.1239 mse=0.0708 v_opt=0.00075 v_mand=0.00000 ptv=0.0569 ptv_max=0.00007 ring=0.00000 smooth=0.0043 laplacian=0.0090 beam=0.02746 homogeneity=0.0018 body=0.00000 bowel=0.00000 femur=0.00000
2026-05-22 20:49:07 [INFO] Running validation at epoch 200...
2026-05-22 20:49:37 [INFO] Epoch 200 Summary: Train=8.7470 Val=0.0053 (MSE=0.0053)
          Metrics: PTV_D95=56.67Gy Bladder=25.64Gy Rectum=30.52Gy
          Metrics: Ring=46.08Gy Dmax=1449.20Gy BG=14.89Gy
2026-05-22 20:49:37 [INFO] Epoch 201/300 [FULL PHYSICS] ramp=1.000 lr=2.57e-05
2026-05-22 20:49:43 [INFO] Step 5/54 Loss=5.7093 mse=0.1326 v_opt=0.00427 v_mand=0.00009 ptv=0.0545 ptv_max=0.00012 ring=0.00000 smooth=0.0067 laplacian=0.0144 beam=0.06690 homogeneity=0.0033 body=0.00000 bowel=0.00000 femur=0.00000
2026-05-22 20:49:46 [INFO] Step 10/54 Loss=20.1904 mse=0.2736 v_opt=0.00000 v_mand=0.00000 ptv=0.0000 ptv_max=0.00000 ring=0.00000 smooth=0.1695 laplacian=0.4010 beam=0.44708 homogeneity=0.0000 body=0.00000 bowel=0.00000 femur=0.00000
2026-05-22 20:49:49 [INFO] Step 15/54 Loss=4.3027 mse=0.0357 v_opt=0.00000 v_mand=0.00000 ptv=0.0699 ptv_max=0.00045 ring=0.00001 smooth=0.0042 laplacian=0.0094 beam=0.10038 homogeneity=0.0041 body=0.00000 bowel=0.00000 femur=0.00000
2026-05-22 20:49:52 [INFO] Step 20/54 Loss=5.1717 mse=0.0522 v_opt=0.00376 v_mand=0.00039 ptv=0.0573 ptv_max=0.00012 ring=0.00000 smooth=0.0035 laplacian=0.0069 beam=0.12567 homogeneity=0.0034 body=0.00000 bowel=0.00000 femur=0.00000
2026-05-22 20:49:56 [INFO] Step 25/54 Loss=6.2467 mse=0.1469 v_opt=0.00179 v_mand=0.00000 ptv=0.0572 ptv_max=0.00012 ring=0.00001 smooth=0.0191 laplacian=0.0476 beam=0.06709 homogeneity=0.0024 body=0.00000 bowel=0.00000 femur=0.00000
2026-05-22 20:50:00 [INFO] Step 30/54 Loss=5.7752 mse=0.0875 v_opt=0.01945 v_mand=0.00138 ptv=0.0706 ptv_max=0.00029 ring=0.00005 smooth=0.0113 laplacian=0.0283 beam=0.09965 homogeneity=0.0042 body=0.00000 bowel=0.00000 femur=0.00000
2026-05-22 20:50:03 [INFO] Step 35/54 Loss=5.7284 mse=0.0602 v_opt=0.01180 v_mand=0.00072 ptv=0.0459 ptv_max=0.00014 ring=0.00000 smooth=0.0046 laplacian=0.0094 beam=0.14271 homogeneity=0.0032 body=0.00000 bowel=0.00000 femur=0.00000
2026-05-22 20:50:06 [INFO] Step 40/54 Loss=2.8091 mse=0.0783 v_opt=0.00609 v_mand=0.00000 ptv=0.0681 ptv_max=0.00004 ring=0.00000 smooth=0.0049 laplacian=0.0104 beam=0.00184 homogeneity=0.0024 body=0.00000 bowel=0.00000 femur=0.00000
2026-05-22 20:50:10 [INFO] Step 45/54 Loss=17.7926 mse=0.3617 v_opt=0.01497 v_mand=0.00000 ptv=0.0719 ptv_max=0.00030 ring=0.00103 smooth=0.0170 laplacian=0.0367 beam=0.27757 homogeneity=0.0031 body=0.00000 bowel=0.04924 femur=0.00000
2026-05-22 20:50:14 [INFO] Step 50/54 Loss=3.1820 mse=0.0562 v_opt=0.00372 v_mand=0.00000 ptv=0.0765 ptv_max=0.00003 ring=0.00000 smooth=0.0027 laplacian=0.0049 beam=0.03693 homogeneity=0.0025 body=0.00000 bowel=0.00000 femur=0.00000
2026-05-22 20:50:16 [INFO] Step 54/54 Loss=5.2278 mse=0.0750 v_opt=0.01781 v_mand=0.00070 ptv=0.0408 ptv_max=0.00014 ring=0.00000 smooth=0.0061 laplacian=0.0140 beam=0.10916 homogeneity=0.0023 body=0.00000 bowel=0.00000 femur=0.00000
2026-05-22 20:50:16 [INFO] Running validation at epoch 201...
2026-05-22 20:50:45 [INFO] Epoch 201 Summary: Train=8.8277 Val=0.0053 (MSE=0.0053)
          Metrics: PTV_D95=57.78Gy Bladder=26.29Gy Rectum=29.93Gy
          Metrics: Ring=46.61Gy Dmax=1376.75Gy BG=14.98Gy
2026-05-22 20:50:45 [INFO] [PHYSICS] Saved best model val_loss=0.0053
2026-05-22 20:50:45 [INFO] Epoch 202/300 [FULL PHYSICS] ramp=1.000 lr=2.53e-05
2026-05-22 20:50:51 [INFO] Step 5/54 Loss=4.0108 mse=0.0241 v_opt=0.02118 v_mand=0.00087 ptv=0.0621 ptv_max=0.00047 ring=0.00000 smooth=0.0041 laplacian=0.0102 beam=0.09973 homogeneity=0.0041 body=0.00000 bowel=0.00000 femur=0.00000
2026-05-22 20:50:55 [INFO] Step 10/54 Loss=10.1640 mse=0.3416 v_opt=0.00510 v_mand=0.00063 ptv=0.0192 ptv_max=0.00077 ring=0.00000 smooth=0.0239 laplacian=0.0564 beam=0.03492 homogeneity=0.0048 body=0.00000 bowel=0.00000 femur=0.00000
2026-05-22 20:50:58 [INFO] Step 15/54 Loss=4.6531 mse=0.0508 v_opt=0.00689 v_mand=0.00000 ptv=0.0838 ptv_max=0.00007 ring=0.00000 smooth=0.0041 laplacian=0.0085 beam=0.09552 homogeneity=0.0043 body=0.00000 bowel=0.00000 femur=0.00000
2026-05-22 20:51:01 [INFO] Step 20/54 Loss=6.5573 mse=0.1399 v_opt=0.01445 v_mand=0.00022 ptv=0.0542 ptv_max=0.00020 ring=0.00002 smooth=0.0078 laplacian=0.0175 beam=0.09130 homogeneity=0.0036 body=0.00000 bowel=0.00000 femur=0.00000
2026-05-22 20:51:05 [INFO] Step 25/54 Loss=7.7205 mse=0.0388 v_opt=0.08655 v_mand=0.01911 ptv=0.0509 ptv_max=0.00017 ring=0.00000 smooth=0.0059 laplacian=0.0133 beam=0.19810 homogeneity=0.0031 body=0.00000 bowel=0.00000 femur=0.00000
2026-05-22 20:51:09 [INFO] Step 30/54 Loss=3.7694 mse=0.1106 v_opt=0.00000 v_mand=0.00000 ptv=0.0589 ptv_max=0.00023 ring=0.00010 smooth=0.0147 laplacian=0.0352 beam=0.00453 homogeneity=0.0038 body=0.00000 bowel=0.00000 femur=0.00000
2026-05-22 20:51:12 [INFO] Step 35/54 Loss=4.9873 mse=0.1611 v_opt=0.00939 v_mand=0.00037 ptv=0.0487 ptv_max=0.00069 ring=0.00008 smooth=0.0108 laplacian=0.0247 beam=0.00395 homogeneity=0.0049 body=0.00000 bowel=0.00000 femur=0.00000
2026-05-22 20:51:15 [INFO] Step 40/54 Loss=8.4400 mse=0.1087 v_opt=0.00182 v_mand=0.00000 ptv=0.0497 ptv_max=0.00028 ring=0.00000 smooth=0.0167 laplacian=0.0431 beam=0.19469 homogeneity=0.0040 body=0.00000 bowel=0.00000 femur=0.00000
2026-05-22 20:51:19 [INFO] Step 45/54 Loss=2.7224 mse=0.0706 v_opt=0.00000 v_mand=0.00000 ptv=0.0748 ptv_max=0.00017 ring=0.00000 smooth=0.0049 laplacian=0.0104 beam=0.00000 homogeneity=0.0063 body=0.00000 bowel=0.00000 femur=0.00000
2026-05-22 20:51:23 [INFO] Step 50/54 Loss=4.9912 mse=0.0218 v_opt=0.00000 v_mand=0.00000 ptv=0.0000 ptv_max=0.00000 ring=0.00000 smooth=0.0029 laplacian=0.0065 beam=0.17640 homogeneity=0.0000 body=0.00000 bowel=0.00000 femur=0.00000
2026-05-22 20:51:25 [INFO] Step 54/54 Loss=8.7894 mse=0.0863 v_opt=0.00137 v_mand=0.00000 ptv=0.0783 ptv_max=0.00004 ring=0.00000 smooth=0.0070 laplacian=0.0156 beam=0.22027 homogeneity=0.0035 body=0.00000 bowel=0.01171 femur=0.00000
2026-05-22 20:51:25 [INFO] Running validation at epoch 202...
2026-05-22 20:51:54 [INFO] Epoch 202 Summary: Train=7.8641 Val=0.0052 (MSE=0.0052)
          Metrics: PTV_D95=55.05Gy Bladder=26.48Gy Rectum=30.60Gy
          Metrics: Ring=44.69Gy Dmax=1416.17Gy BG=14.48Gy
2026-05-22 20:51:55 [INFO] [PHYSICS] Saved best model val_loss=0.0052
2026-05-22 20:51:55 [INFO] Epoch 203/300 [FULL PHYSICS] ramp=1.000 lr=2.49e-05
2026-05-22 20:52:00 [INFO] Step 5/54 Loss=3.0380 mse=0.0430 v_opt=0.00287 v_mand=0.00000 ptv=0.0769 ptv_max=0.00007 ring=0.00001 smooth=0.0050 laplacian=0.0116 beam=0.04194 homogeneity=0.0033 body=0.00000 bowel=0.00000 femur=0.00000
2026-05-22 20:52:03 [INFO] Step 10/54 Loss=12.0785 mse=0.4114 v_opt=0.03101 v_mand=0.00366 ptv=0.0586 ptv_max=0.00071 ring=0.00068 smooth=0.0205 laplacian=0.0455 beam=0.01694 homogeneity=0.0036 body=0.00000 bowel=0.00000 femur=0.01026
2026-05-22 20:52:06 [INFO] Step 15/54 Loss=3.8551 mse=0.0383 v_opt=0.02238 v_mand=0.00136 ptv=0.0486 ptv_max=0.00018 ring=0.00000 smooth=0.0019 laplacian=0.0035 beam=0.08745 homogeneity=0.0033 body=0.00000 bowel=0.00000 femur=0.00000
2026-05-22 20:52:09 [INFO] Step 20/54 Loss=11.8069 mse=0.1866 v_opt=0.01297 v_mand=0.00022 ptv=0.0363 ptv_max=0.00072 ring=0.00025 smooth=0.0282 laplacian=0.0682 beam=0.24650 homogeneity=0.0049 body=0.00000 bowel=0.00000 femur=0.00000
2026-05-22 20:52:15 [INFO] Step 25/54 Loss=7.3789 mse=0.1148 v_opt=0.00065 v_mand=0.00000 ptv=0.0496 ptv_max=0.00012 ring=0.00000 smooth=0.0095 laplacian=0.0221 beam=0.15327 homogeneity=0.0022 body=0.00000 bowel=0.00000 femur=0.00000
2026-05-22 20:52:18 [INFO] Step 30/54 Loss=11.0941 mse=0.0827 v_opt=0.00000 v_mand=0.00000 ptv=0.1209 ptv_max=0.00001 ring=0.00000 smooth=0.0100 laplacian=0.0252 beam=0.30304 homogeneity=0.0053 body=0.00000 bowel=0.00000 femur=0.00000
2026-05-22 20:52:21 [INFO] Step 35/54 Loss=5.1055 mse=0.1096 v_opt=0.00021 v_mand=0.00000 ptv=0.0720 ptv_max=0.00002 ring=0.00000 smooth=0.0064 laplacian=0.0138 beam=0.06079 homogeneity=0.0023 body=0.00000 bowel=0.00000 femur=0.00000
2026-05-22 20:52:24 [INFO] Step 40/54 Loss=3.6916 mse=0.0709 v_opt=0.00007 v_mand=0.00000 ptv=0.0718 ptv_max=0.00006 ring=0.00000 smooth=0.0095 laplacian=0.0209 beam=0.04054 homogeneity=0.0032 body=0.00000 bowel=0.00000 femur=0.00000
2026-05-22 20:52:30 [INFO] Step 45/54 Loss=6.6341 mse=0.0865 v_opt=0.01055 v_mand=0.00012 ptv=0.0537 ptv_max=0.00006 ring=0.00008 smooth=0.0055 laplacian=0.0128 beam=0.15144 homogeneity=0.0021 body=0.00000 bowel=0.00000 femur=0.00000
2026-05-22 20:52:33 [INFO] Step 50/54 Loss=6.8534 mse=0.1129 v_opt=0.02177 v_mand=0.00040 ptv=0.0739 ptv_max=0.00026 ring=0.00000 smooth=0.0075 laplacian=0.0162 beam=0.11666 homogeneity=0.0092 body=0.00000 bowel=0.00000 femur=0.00000
2026-05-22 20:52:35 [INFO] Step 54/54 Loss=6.0983 mse=0.0611 v_opt=0.00724 v_mand=0.00001 ptv=0.0329 ptv_max=0.00031 ring=0.00000 smooth=0.0072 laplacian=0.0162 beam=0.16114 homogeneity=0.0033 body=0.00000 bowel=0.00000 femur=0.00000
2026-05-22 20:52:35 [INFO] Running validation at epoch 203...
2026-05-22 20:53:04 [INFO] Epoch 203 Summary: Train=7.6319 Val=0.0055 (MSE=0.0055)
          Metrics: PTV_D95=56.54Gy Bladder=27.21Gy Rectum=31.44Gy
          Metrics: Ring=46.81Gy Dmax=1480.72Gy BG=15.27Gy
2026-05-22 20:53:04 [INFO] Epoch 204/300 [FULL PHYSICS] ramp=1.000 lr=2.44e-05
2026-05-22 20:53:10 [INFO] Step 5/54 Loss=5.0620 mse=0.0602 v_opt=0.00029 v_mand=0.00000 ptv=0.0542 ptv_max=0.00022 ring=0.00000 smooth=0.0026 laplacian=0.0050 beam=0.11562 homogeneity=0.0031 body=0.00000 bowel=0.00000 femur=0.00000
2026-05-22 20:53:13 [INFO] Step 10/54 Loss=4.3196 mse=0.0444 v_opt=0.01310 v_mand=0.00009 ptv=0.1059 ptv_max=0.00002 ring=0.00000 smooth=0.0026 laplacian=0.0048 beam=0.07416 homogeneity=0.0044 body=0.00000 bowel=0.00998 femur=0.00000
2026-05-22 20:53:17 [INFO] Step 15/54 Loss=14.0606 mse=0.1914 v_opt=0.00319 v_mand=0.00000 ptv=0.0298 ptv_max=0.00021 ring=0.00000 smooth=0.0107 laplacian=0.0259 beam=0.34966 homogeneity=0.0029 body=0.00000 bowel=0.00000 femur=0.00000
2026-05-22 20:53:19 [INFO] Step 20/54 Loss=8.5272 mse=0.1117 v_opt=0.00398 v_mand=0.00018 ptv=0.0392 ptv_max=0.00031 ring=0.00000 smooth=0.0063 laplacian=0.0140 beam=0.20534 homogeneity=0.0035 body=0.00000 bowel=0.00000 femur=0.00000
2026-05-22 20:53:25 [INFO] Step 25/54 Loss=5.5852 mse=0.0454 v_opt=0.01889 v_mand=0.00129 ptv=0.0721 ptv_max=0.00060 ring=0.00000 smooth=0.0075 laplacian=0.0141 beam=0.13184 homogeneity=0.0081 body=0.00000 bowel=0.00000 femur=0.00000
2026-05-22 20:53:28 [INFO] Step 30/54 Loss=6.8442 mse=0.1827 v_opt=0.01027 v_mand=0.00012 ptv=0.0362 ptv_max=0.00026 ring=0.00005 smooth=0.0069 laplacian=0.0152 beam=0.06794 homogeneity=0.0034 body=0.00000 bowel=0.00000 femur=0.00000
2026-05-22 20:53:31 [INFO] Step 35/54 Loss=3.8540 mse=0.0771 v_opt=0.00954 v_mand=0.00001 ptv=0.0864 ptv_max=0.00009 ring=0.00000 smooth=0.0036 laplacian=0.0066 beam=0.03022 homogeneity=0.0058 body=0.00000 bowel=0.00808 femur=0.00000
2026-05-22 20:53:34 [INFO] Step 40/54 Loss=5.4640 mse=0.0809 v_opt=0.01311 v_mand=0.00030 ptv=0.0476 ptv_max=0.00008 ring=0.00000 smooth=0.0056 laplacian=0.0117 beam=0.11203 homogeneity=0.0023 body=0.00000 bowel=0.00000 femur=0.00000
2026-05-22 20:53:40 [INFO] Step 45/54 Loss=4.7402 mse=0.0573 v_opt=0.00546 v_mand=0.00000 ptv=0.0661 ptv_max=0.00006 ring=0.00000 smooth=0.0034 laplacian=0.0068 beam=0.10168 homogeneity=0.0024 body=0.00000 bowel=0.00000 femur=0.00000
2026-05-22 20:53:42 [INFO] Step 50/54 Loss=20.8577 mse=0.3283 v_opt=0.00710 v_mand=0.00000 ptv=0.0185 ptv_max=0.00085 ring=0.00001 smooth=0.0169 laplacian=0.0406 beam=0.48015 homogeneity=0.0051 body=0.00000 bowel=0.00000 femur=0.00000
2026-05-22 20:53:45 [INFO] Step 54/54 Loss=6.8550 mse=0.0898 v_opt=0.01095 v_mand=0.00000 ptv=0.0509 ptv_max=0.00011 ring=0.00000 smooth=0.0071 laplacian=0.0159 beam=0.15704 homogeneity=0.0025 body=0.00000 bowel=0.00000 femur=0.00000
2026-05-22 20:53:45 [INFO] Running validation at epoch 204...
2026-05-22 20:54:14 [INFO] Epoch 204 Summary: Train=8.7885 Val=0.0056 (MSE=0.0056)
          Metrics: PTV_D95=57.48Gy Bladder=28.11Gy Rectum=30.37Gy
          Metrics: Ring=47.65Gy Dmax=1198.65Gy BG=15.46Gy
2026-05-22 20:54:14 [INFO] Epoch 205/300 [FULL PHYSICS] ramp=1.000 lr=2.40e-05
2026-05-22 20:54:21 [INFO] Step 5/54 Loss=12.4596 mse=0.3455 v_opt=0.00631 v_mand=0.00000 ptv=0.0572 ptv_max=0.00027 ring=0.00021 smooth=0.0122 laplacian=0.0275 beam=0.11771 homogeneity=0.0027 body=0.00000 bowel=0.00317 femur=0.00000
2026-05-22 20:54:23 [INFO] Step 10/54 Loss=16.8149 mse=0.2887 v_opt=0.03912 v_mand=0.00338 ptv=0.0404 ptv_max=0.00044 ring=0.00001 smooth=0.0261 laplacian=0.0669 beam=0.33538 homogeneity=0.0037 body=0.00000 bowel=0.00407 femur=0.00000
2026-05-22 20:54:26 [INFO] Step 15/54 Loss=5.2314 mse=0.0772 v_opt=0.02193 v_mand=0.00018 ptv=0.0510 ptv_max=0.00038 ring=0.00000 smooth=0.0051 laplacian=0.0121 beam=0.09989 homogeneity=0.0059 body=0.00000 bowel=0.00000 femur=0.00000
2026-05-22 20:54:29 [INFO] Step 20/54 Loss=7.0862 mse=0.1420 v_opt=0.01036 v_mand=0.00008 ptv=0.0337 ptv_max=0.00028 ring=0.00000 smooth=0.0058 laplacian=0.0125 beam=0.12009 homogeneity=0.0032 body=0.00000 bowel=0.00000 femur=0.00000
2026-05-22 20:54:35 [INFO] Step 25/54 Loss=1.9345 mse=0.0030 v_opt=0.00000 v_mand=0.00000 ptv=0.0000 ptv_max=0.00000 ring=0.00000 smooth=0.0041 laplacian=0.0106 beam=0.07213 homogeneity=0.0000 body=0.00000 bowel=0.00000 femur=0.00000
2026-05-22 20:54:38 [INFO] Step 30/54 Loss=20.4478 mse=0.2973 v_opt=0.01259 v_mand=0.00015 ptv=0.0248 ptv_max=0.00053 ring=0.00000 smooth=0.0247 laplacian=0.0625 beam=0.48963 homogeneity=0.0038 body=0.00000 bowel=0.00000 femur=0.00000
2026-05-22 20:54:41 [INFO] Step 35/54 Loss=6.7331 mse=0.1315 v_opt=0.02340 v_mand=0.00189 ptv=0.0465 ptv_max=0.00021 ring=0.00004 smooth=0.0104 laplacian=0.0236 beam=0.10502 homogeneity=0.0027 body=0.00000 bowel=0.00000 femur=0.00000
2026-05-22 20:54:43 [INFO] Step 40/54 Loss=13.2398 mse=0.3197 v_opt=0.05202 v_mand=0.00997 ptv=0.0257 ptv_max=0.00118 ring=0.00012 smooth=0.0130 laplacian=0.0289 beam=0.14428 homogeneity=0.0050 body=0.00000 bowel=0.01953 femur=0.00505
2026-05-22 20:54:49 [INFO] Step 45/54 Loss=4.2835 mse=0.0966 v_opt=0.00010 v_mand=0.00000 ptv=0.0792 ptv_max=0.00004 ring=0.00000 smooth=0.0059 laplacian=0.0131 beam=0.03734 homogeneity=0.0033 body=0.00000 bowel=0.00000 femur=0.00000
2026-05-22 20:54:51 [INFO] Step 50/54 Loss=19.3415 mse=0.3408 v_opt=0.00595 v_mand=0.00016 ptv=0.0440 ptv_max=0.00039 ring=0.00035 smooth=0.0164 laplacian=0.0390 beam=0.39306 homogeneity=0.0029 body=0.00000 bowel=0.01358 femur=0.00000
2026-05-22 20:54:53 [INFO] Step 54/54 Loss=6.3209 mse=0.0848 v_opt=0.00770 v_mand=0.00084 ptv=0.0487 ptv_max=0.00017 ring=0.00000 smooth=0.0064 laplacian=0.0138 beam=0.13988 homogeneity=0.0030 body=0.00000 bowel=0.00000 femur=0.00000
2026-05-22 20:54:53 [INFO] Running validation at epoch 205...
2026-05-22 20:55:23 [INFO] Epoch 205 Summary: Train=8.8872 Val=0.0053 (MSE=0.0053)
          Metrics: PTV_D95=58.33Gy Bladder=26.68Gy Rectum=31.09Gy
          Metrics: Ring=47.47Gy Dmax=1349.58Gy BG=14.98Gy
2026-05-22 20:55:23 [INFO] Epoch 206/300 [FULL PHYSICS] ramp=1.000 lr=2.35e-05
2026-05-22 20:55:29 [INFO] Step 5/54 Loss=9.4756 mse=0.3234 v_opt=0.02833 v_mand=0.00218 ptv=0.0331 ptv_max=0.00129 ring=0.00077 smooth=0.0115 laplacian=0.0257 beam=0.01611 homogeneity=0.0054 body=0.00000 bowel=0.00000 femur=0.00382
2026-05-22 20:55:32 [INFO] Step 10/54 Loss=8.1786 mse=0.1310 v_opt=0.02920 v_mand=0.00350 ptv=0.0360 ptv_max=0.00037 ring=0.00000 smooth=0.0092 laplacian=0.0209 beam=0.16283 homogeneity=0.0036 body=0.00000 bowel=0.00000 femur=0.00000
2026-05-22 20:55:35 [INFO] Step 15/54 Loss=11.1338 mse=0.0771 v_opt=0.00000 v_mand=0.00000 ptv=0.0867 ptv_max=0.00001 ring=0.00000 smooth=0.0138 laplacian=0.0328 beam=0.32427 homogeneity=0.0026 body=0.00000 bowel=0.00000 femur=0.00000
2026-05-22 20:55:38 [INFO] Step 20/54 Loss=11.1659 mse=0.2157 v_opt=0.04978 v_mand=0.01192 ptv=0.0492 ptv_max=0.00041 ring=0.00005 smooth=0.0220 laplacian=0.0496 beam=0.16380 homogeneity=0.0038 body=0.00000 bowel=0.00548 femur=0.00000
2026-05-22 20:55:44 [INFO] Step 25/54 Loss=3.5739 mse=0.0238 v_opt=0.00522 v_mand=0.00002 ptv=0.0922 ptv_max=0.00002 ring=0.00000 smooth=0.0016 laplacian=0.0030 beam=0.07705 homogeneity=0.0042 body=0.00000 bowel=0.00094 femur=0.00000
2026-05-22 20:55:47 [INFO] Step 30/54 Loss=4.6058 mse=0.0962 v_opt=0.00254 v_mand=0.00000 ptv=0.0738 ptv_max=0.00005 ring=0.00017 smooth=0.0062 laplacian=0.0146 beam=0.05256 homogeneity=0.0028 body=0.00000 bowel=0.00000 femur=0.00000
2026-05-22 20:55:50 [INFO] Step 35/54 Loss=2.7232 mse=0.0643 v_opt=0.00108 v_mand=0.00000 ptv=0.0445 ptv_max=0.00020 ring=0.00000 smooth=0.0035 laplacian=0.0065 beam=0.02138 homogeneity=0.0035 body=0.00000 bowel=0.00000 femur=0.00000
2026-05-22 20:55:52 [INFO] Step 40/54 Loss=7.4472 mse=0.0779 v_opt=0.00236 v_mand=0.00002 ptv=0.0512 ptv_max=0.00012 ring=0.00000 smooth=0.0085 laplacian=0.0196 beam=0.19188 homogeneity=0.0029 body=0.00000 bowel=0.00019 femur=0.00000
2026-05-22 20:55:57 [INFO] Step 45/54 Loss=10.3982 mse=0.3240 v_opt=0.01021 v_mand=0.00013 ptv=0.0492 ptv_max=0.00082 ring=0.00020 smooth=0.0125 laplacian=0.0292 beam=0.05554 homogeneity=0.0044 body=0.00000 bowel=0.00114 femur=0.00000
2026-05-22 20:56:00 [INFO] Step 50/54 Loss=2.6209 mse=0.0696 v_opt=0.00026 v_mand=0.00000 ptv=0.0683 ptv_max=0.00011 ring=0.00000 smooth=0.0043 laplacian=0.0080 beam=0.00272 homogeneity=0.0034 body=0.00000 bowel=0.00000 femur=0.00000
2026-05-22 20:56:03 [INFO] Step 54/54 Loss=3.7376 mse=0.0267 v_opt=0.00000 v_mand=0.00000 ptv=0.0838 ptv_max=0.00002 ring=0.00000 smooth=0.0030 laplacian=0.0063 beam=0.08520 homogeneity=0.0032 body=0.00000 bowel=0.00000 femur=0.00000
2026-05-22 20:56:03 [INFO] Running validation at epoch 206...
2026-05-22 20:56:32 [INFO] Epoch 206 Summary: Train=7.7545 Val=0.0051 (MSE=0.0051)
          Metrics: PTV_D95=56.80Gy Bladder=27.10Gy Rectum=30.03Gy
          Metrics: Ring=45.94Gy Dmax=1274.87Gy BG=14.53Gy
2026-05-22 20:56:32 [INFO] [PHYSICS] Saved best model val_loss=0.0051
2026-05-22 20:56:32 [INFO] Epoch 207/300 [FULL PHYSICS] ramp=1.000 lr=2.31e-05
2026-05-22 20:56:38 [INFO] Step 5/54 Loss=2.7176 mse=0.0769 v_opt=0.00436 v_mand=0.00000 ptv=0.0560 ptv_max=0.00009 ring=0.00000 smooth=0.0075 laplacian=0.0156 beam=0.00318 homogeneity=0.0024 body=0.00000 bowel=0.00000 femur=0.00000
2026-05-22 20:56:41 [INFO] Step 10/54 Loss=14.1323 mse=0.3038 v_opt=0.01696 v_mand=0.00031 ptv=0.0349 ptv_max=0.00034 ring=0.00001 smooth=0.0074 laplacian=0.0160 beam=0.23654 homogeneity=0.0029 body=0.00000 bowel=0.00196 femur=0.00000
2026-05-22 20:56:44 [INFO] Step 15/54 Loss=21.8480 mse=0.2805 v_opt=0.00444 v_mand=0.00048 ptv=0.0505 ptv_max=0.00076 ring=0.00039 smooth=0.0179 laplacian=0.0401 beam=0.55485 homogeneity=0.0043 body=0.00000 bowel=0.00000 femur=0.00000
2026-05-22 20:56:47 [INFO] Step 20/54 Loss=4.2979 mse=0.0940 v_opt=0.00458 v_mand=0.00000 ptv=0.0626 ptv_max=0.00002 ring=0.00000 smooth=0.0040 laplacian=0.0080 beam=0.04927 homogeneity=0.0018 body=0.00000 bowel=0.00000 femur=0.00000
2026-05-22 20:56:53 [INFO] Step 25/54 Loss=1.9607 mse=0.0404 v_opt=0.00288 v_mand=0.00000 ptv=0.0549 ptv_max=0.00009 ring=0.00000 smooth=0.0033 laplacian=0.0072 beam=0.01173 homogeneity=0.0024 body=0.00000 bowel=0.00000 femur=0.00000
2026-05-22 20:56:55 [INFO] Step 30/54 Loss=25.0850 mse=0.3785 v_opt=0.02607 v_mand=0.00183 ptv=0.0369 ptv_max=0.00107 ring=0.00037 smooth=0.0179 laplacian=0.0364 beam=0.58615 homogeneity=0.0045 body=0.00000 bowel=0.00000 femur=0.00003
2026-05-22 20:56:58 [INFO] Step 35/54 Loss=16.0612 mse=0.1350 v_opt=0.00053 v_mand=0.00001 ptv=0.0585 ptv_max=0.00046 ring=0.00000 smooth=0.0449 laplacian=0.1091 beam=0.45456 homogeneity=0.0039 body=0.00000 bowel=0.00000 femur=0.00000
2026-05-22 20:57:01 [INFO] Step 40/54 Loss=5.0839 mse=0.0594 v_opt=0.01760 v_mand=0.00007 ptv=0.0517 ptv_max=0.00013 ring=0.00000 smooth=0.0041 laplacian=0.0088 beam=0.11567 homogeneity=0.0039 body=0.00000 bowel=0.00039 femur=0.00000
2026-05-22 20:57:06 [INFO] Step 45/54 Loss=2.1982 mse=0.0389 v_opt=0.00676 v_mand=0.00002 ptv=0.0819 ptv_max=0.00005 ring=0.00000 smooth=0.0025 laplacian=0.0047 beam=0.01163 homogeneity=0.0035 body=0.00000 bowel=0.00000 femur=0.00000
2026-05-22 20:57:09 [INFO] Step 50/54 Loss=8.3862 mse=0.1695 v_opt=0.01677 v_mand=0.00001 ptv=0.0277 ptv_max=0.00067 ring=0.00024 smooth=0.0111 laplacian=0.0257 beam=0.13956 homogeneity=0.0046 body=0.00000 bowel=0.00000 femur=0.00137
2026-05-22 20:57:11 [INFO] Step 54/54 Loss=3.2488 mse=0.0922 v_opt=0.00987 v_mand=0.00018 ptv=0.0652 ptv_max=0.00006 ring=0.00001 smooth=0.0063 laplacian=0.0137 beam=0.00538 homogeneity=0.0023 body=0.00000 bowel=0.00000 femur=0.00000
2026-05-22 20:57:11 [INFO] Running validation at epoch 207...
2026-05-22 20:57:41 [INFO] Epoch 207 Summary: Train=9.1344 Val=0.0049 (MSE=0.0049)
          Metrics: PTV_D95=57.05Gy Bladder=27.27Gy Rectum=30.94Gy
          Metrics: Ring=45.65Gy Dmax=1439.83Gy BG=14.18Gy
2026-05-22 20:57:41 [INFO] [PHYSICS] Saved best model val_loss=0.0049
2026-05-22 20:57:41 [INFO] Epoch 208/300 [FULL PHYSICS] ramp=1.000 lr=2.27e-05
2026-05-22 20:57:48 [INFO] Step 5/54 Loss=5.0047 mse=0.1331 v_opt=0.02124 v_mand=0.00137 ptv=0.0761 ptv_max=0.00029 ring=0.00020 smooth=0.0193 laplacian=0.0466 beam=0.01660 homogeneity=0.0046 body=0.00000 bowel=0.00000 femur=0.00000
2026-05-22 20:57:51 [INFO] Step 10/54 Loss=16.1078 mse=0.4586 v_opt=0.02599 v_mand=0.00179 ptv=0.0382 ptv_max=0.00114 ring=0.00119 smooth=0.0141 laplacian=0.0290 beam=0.14566 homogeneity=0.0045 body=0.00000 bowel=0.00268 femur=0.00001
2026-05-22 20:57:54 [INFO] Step 15/54 Loss=9.5860 mse=0.1383 v_opt=0.01089 v_mand=0.00011 ptv=0.0540 ptv_max=0.00008 ring=0.00000 smooth=0.0094 laplacian=0.0211 beam=0.21559 homogeneity=0.0022 body=0.00000 bowel=0.00000 femur=0.00000
2026-05-22 20:57:56 [INFO] Step 20/54 Loss=14.3848 mse=0.1829 v_opt=0.00062 v_mand=0.00000 ptv=0.0225 ptv_max=0.00055 ring=0.00000 smooth=0.0166 laplacian=0.0409 beam=0.36806 homogeneity=0.0040 body=0.00000 bowel=0.00000 femur=0.00000
2026-05-22 20:58:02 [INFO] Step 25/54 Loss=6.1043 mse=0.1014 v_opt=0.01923 v_mand=0.00062 ptv=0.0600 ptv_max=0.00006 ring=0.00000 smooth=0.0068 laplacian=0.0150 beam=0.11066 homogeneity=0.0022 body=0.00000 bowel=0.00000 femur=0.00000
2026-05-22 20:58:05 [INFO] Step 30/54 Loss=3.4337 mse=0.0337 v_opt=0.01276 v_mand=0.00064 ptv=0.0563 ptv_max=0.00012 ring=0.00000 smooth=0.0027 laplacian=0.0056 beam=0.07417 homogeneity=0.0033 body=0.00000 bowel=0.00000 femur=0.00000
2026-05-22 20:58:08 [INFO] Step 35/54 Loss=8.3615 mse=0.1529 v_opt=0.03800 v_mand=0.00497 ptv=0.0329 ptv_max=0.00059 ring=0.00009 smooth=0.0145 laplacian=0.0338 beam=0.14051 homogeneity=0.0050 body=0.00000 bowel=0.00000 femur=0.00000
2026-05-22 20:58:10 [INFO] Step 40/54 Loss=2.6452 mse=0.0642 v_opt=0.00840 v_mand=0.00004 ptv=0.0535 ptv_max=0.00010 ring=0.00000 smooth=0.0029 laplacian=0.0050 beam=0.01584 homogeneity=0.0024 body=0.00000 bowel=0.00000 femur=0.00000
2026-05-22 20:58:16 [INFO] Step 45/54 Loss=4.3121 mse=0.0706 v_opt=0.00687 v_mand=0.00031 ptv=0.0548 ptv_max=0.00012 ring=0.00000 smooth=0.0036 laplacian=0.0068 beam=0.07438 homogeneity=0.0028 body=0.00000 bowel=0.00000 femur=0.00000
2026-05-22 20:58:18 [INFO] Step 50/54 Loss=6.2284 mse=0.0799 v_opt=0.01611 v_mand=0.00133 ptv=0.0541 ptv_max=0.00007 ring=0.00000 smooth=0.0047 laplacian=0.0094 beam=0.13916 homogeneity=0.0024 body=0.00000 bowel=0.00000 femur=0.00000
2026-05-22 20:58:21 [INFO] Step 54/54 Loss=8.7486 mse=0.1202 v_opt=0.01697 v_mand=0.00079 ptv=0.0525 ptv_max=0.00009 ring=0.00001 smooth=0.0119 laplacian=0.0276 beam=0.19770 homogeneity=0.0020 body=0.00000 bowel=0.00000 femur=0.00000
2026-05-22 20:58:21 [INFO] Running validation at epoch 208...
2026-05-22 20:58:51 [INFO] Epoch 208 Summary: Train=7.8860 Val=0.0051 (MSE=0.0051)
          Metrics: PTV_D95=55.70Gy Bladder=26.53Gy Rectum=29.98Gy
          Metrics: Ring=45.02Gy Dmax=1377.51Gy BG=14.31Gy
2026-05-22 20:58:51 [INFO] Epoch 209/300 [FULL PHYSICS] ramp=1.000 lr=2.22e-05
2026-05-22 20:58:57 [INFO] Step 5/54 Loss=2.1920 mse=0.0551 v_opt=0.00174 v_mand=0.00000 ptv=0.0656 ptv_max=0.00003 ring=0.00000 smooth=0.0047 laplacian=0.0098 beam=0.00240 homogeneity=0.0019 body=0.00000 bowel=0.00000 femur=0.00000
2026-05-22 20:59:00 [INFO] Step 10/54 Loss=4.5676 mse=0.0326 v_opt=0.00000 v_mand=0.00000 ptv=0.0378 ptv_max=0.00045 ring=0.00000 smooth=0.0050 laplacian=0.0109 beam=0.12731 homogeneity=0.0033 body=0.00000 bowel=0.00000 femur=0.00000
2026-05-22 20:59:03 [INFO] Step 15/54 Loss=3.2795 mse=0.0614 v_opt=0.00833 v_mand=0.00002 ptv=0.0609 ptv_max=0.00011 ring=0.00000 smooth=0.0029 laplacian=0.0046 beam=0.02641 homogeneity=0.0040 body=0.00000 bowel=0.02225 femur=0.00000
2026-05-22 20:59:06 [INFO] Step 20/54 Loss=3.4493 mse=0.0870 v_opt=0.00987 v_mand=0.00006 ptv=0.0672 ptv_max=0.00005 ring=0.00001 smooth=0.0055 laplacian=0.0118 beam=0.01813 homogeneity=0.0027 body=0.00000 bowel=0.00000 femur=0.00000
2026-05-22 20:59:11 [INFO] Step 25/54 Loss=15.7971 mse=0.1848 v_opt=0.00754 v_mand=0.00000 ptv=0.0630 ptv_max=0.00006 ring=0.00000 smooth=0.0211 laplacian=0.0524 beam=0.40768 homogeneity=0.0024 body=0.00000 bowel=0.00000 femur=0.00000
2026-05-22 20:59:14 [INFO] Step 30/54 Loss=3.6401 mse=0.0098 v_opt=0.00000 v_mand=0.00000 ptv=0.0000 ptv_max=0.00000 ring=0.00000 smooth=0.0031 laplacian=0.0072 beam=0.13429 homogeneity=0.0000 body=0.00000 bowel=0.00000 femur=0.00000
2026-05-22 20:59:17 [INFO] Step 35/54 Loss=4.4172 mse=0.0727 v_opt=0.01811 v_mand=0.00243 ptv=0.0539 ptv_max=0.00010 ring=0.00001 smooth=0.0050 laplacian=0.0114 beam=0.07127 homogeneity=0.0022 body=0.00000 bowel=0.00000 femur=0.00000
2026-05-22 20:59:20 [INFO] Step 40/54 Loss=2.7471 mse=0.0686 v_opt=0.00225 v_mand=0.00043 ptv=0.0493 ptv_max=0.00009 ring=0.00000 smooth=0.0046 laplacian=0.0095 beam=0.01619 homogeneity=0.0022 body=0.00000 bowel=0.00000 femur=0.00000
2026-05-22 20:59:26 [INFO] Step 45/54 Loss=8.0037 mse=0.0656 v_opt=0.01430 v_mand=0.00149 ptv=0.0434 ptv_max=0.00014 ring=0.00000 smooth=0.0066 laplacian=0.0148 beam=0.22689 homogeneity=0.0027 body=0.00000 bowel=0.00000 femur=0.00000
2026-05-22 20:59:29 [INFO] Step 50/54 Loss=7.0981 mse=0.0981 v_opt=0.00610 v_mand=0.00000 ptv=0.0648 ptv_max=0.00021 ring=0.00003 smooth=0.0084 laplacian=0.0192 beam=0.15093 homogeneity=0.0039 body=0.00000 bowel=0.00000 femur=0.00000
2026-05-22 20:59:31 [INFO] Step 54/54 Loss=7.9799 mse=0.1082 v_opt=0.01812 v_mand=0.00082 ptv=0.0456 ptv_max=0.00026 ring=0.00001 smooth=0.0074 laplacian=0.0167 beam=0.18085 homogeneity=0.0045 body=0.00000 bowel=0.00000 femur=0.00000
2026-05-22 20:59:31 [INFO] Running validation at epoch 209...
2026-05-22 21:00:00 [INFO] Epoch 209 Summary: Train=8.7879 Val=0.0050 (MSE=0.0050)
          Metrics: PTV_D95=56.12Gy Bladder=26.89Gy Rectum=30.09Gy
          Metrics: Ring=45.54Gy Dmax=1456.90Gy BG=14.38Gy
2026-05-22 21:00:00 [INFO] Epoch 210/300 [FULL PHYSICS] ramp=1.000 lr=2.18e-05
2026-05-22 21:00:06 [INFO] Step 5/54 Loss=8.8110 mse=0.1637 v_opt=0.00454 v_mand=0.00000 ptv=0.0640 ptv_max=0.00018 ring=0.00005 smooth=0.0130 laplacian=0.0309 beam=0.15243 homogeneity=0.0031 body=0.00000 bowel=0.00000 femur=0.00000
2026-05-22 21:00:09 [INFO] Step 10/54 Loss=3.0208 mse=0.0438 v_opt=0.01550 v_mand=0.00032 ptv=0.0716 ptv_max=0.00011 ring=0.00001 smooth=0.0025 laplacian=0.0048 beam=0.04204 homogeneity=0.0034 body=0.00000 bowel=0.00000 femur=0.00000
2026-05-22 21:00:12 [INFO] Step 15/54 Loss=7.9437 mse=0.1291 v_opt=0.00306 v_mand=0.00000 ptv=0.0559 ptv_max=0.00008 ring=0.00000 smooth=0.0072 laplacian=0.0167 beam=0.16048 homogeneity=0.0018 body=0.00000 bowel=0.00000 femur=0.00000
2026-05-22 21:00:15 [INFO] Step 20/54 Loss=28.7765 mse=0.5877 v_opt=0.00390 v_mand=0.00000 ptv=0.0817 ptv_max=0.00038 ring=0.00127 smooth=0.1562 laplacian=0.3574 beam=0.39865 homogeneity=0.0039 body=0.00000 bowel=0.07976 femur=0.00000
2026-05-22 21:00:20 [INFO] Step 25/54 Loss=2.7857 mse=0.0523 v_opt=0.00000 v_mand=0.00000 ptv=0.0689 ptv_max=0.00005 ring=0.00000 smooth=0.0056 laplacian=0.0127 beam=0.02674 homogeneity=0.0023 body=0.00000 bowel=0.00000 femur=0.00000
2026-05-22 21:00:23 [INFO] Step 30/54 Loss=11.8397 mse=0.1748 v_opt=0.04230 v_mand=0.00470 ptv=0.0499 ptv_max=0.00017 ring=0.00002 smooth=0.0145 laplacian=0.0314 beam=0.25575 homogeneity=0.0030 body=0.00000 bowel=0.00000 femur=0.00000
2026-05-22 21:00:26 [INFO] Step 35/54 Loss=9.9462 mse=0.0900 v_opt=0.00166 v_mand=0.00000 ptv=0.0186 ptv_max=0.00059 ring=0.00000 smooth=0.0066 laplacian=0.0149 beam=0.28992 homogeneity=0.0045 body=0.00000 bowel=0.00000 femur=0.00000
2026-05-22 21:00:30 [INFO] Step 40/54 Loss=2.0784 mse=0.0445 v_opt=0.00130 v_mand=0.00000 ptv=0.0764 ptv_max=0.00003 ring=0.00000 smooth=0.0051 laplacian=0.0105 beam=0.00318 homogeneity=0.0029 body=0.00000 bowel=0.00000 femur=0.00000
2026-05-22 21:00:34 [INFO] Step 45/54 Loss=4.4191 mse=0.0567 v_opt=0.00128 v_mand=0.00000 ptv=0.0419 ptv_max=0.00008 ring=0.00000 smooth=0.0051 laplacian=0.0114 beam=0.09872 homogeneity=0.0019 body=0.00000 bowel=0.00000 femur=0.00000
2026-05-22 21:00:37 [INFO] Step 50/54 Loss=5.4422 mse=0.1602 v_opt=0.00960 v_mand=0.00000 ptv=0.0563 ptv_max=0.00012 ring=0.00006 smooth=0.0074 laplacian=0.0156 beam=0.02752 homogeneity=0.0031 body=0.00000 bowel=0.00000 femur=0.00000
2026-05-22 21:00:40 [INFO] Step 54/54 Loss=4.5499 mse=0.1239 v_opt=0.01460 v_mand=0.00022 ptv=0.0686 ptv_max=0.00021 ring=0.00001 smooth=0.0086 laplacian=0.0179 beam=0.01806 homogeneity=0.0063 body=0.00000 bowel=0.00121 femur=0.00000
2026-05-22 21:00:40 [INFO] Running validation at epoch 210...
2026-05-22 21:01:09 [INFO] Epoch 210 Summary: Train=7.1425 Val=0.0050 (MSE=0.0050)
          Metrics: PTV_D95=58.04Gy Bladder=27.75Gy Rectum=30.50Gy
          Metrics: Ring=46.61Gy Dmax=1230.56Gy BG=14.43Gy
2026-05-22 21:01:09 [INFO] Epoch 211/300 [FULL PHYSICS] ramp=1.000 lr=2.14e-05
2026-05-22 21:01:16 [INFO] Step 5/54 Loss=4.7376 mse=0.0358 v_opt=0.00141 v_mand=0.00000 ptv=0.0477 ptv_max=0.00020 ring=0.00000 smooth=0.0032 laplacian=0.0072 beam=0.12890 homogeneity=0.0036 body=0.00000 bowel=0.00000 femur=0.00000
2026-05-22 21:01:19 [INFO] Step 10/54 Loss=8.1589 mse=0.1478 v_opt=0.01977 v_mand=0.00099 ptv=0.0635 ptv_max=0.00021 ring=0.00014 smooth=0.0149 laplacian=0.0346 beam=0.13783 homogeneity=0.0037 body=0.00000 bowel=0.00000 femur=0.00000
2026-05-22 21:01:21 [INFO] Step 15/54 Loss=5.4630 mse=0.1023 v_opt=0.00677 v_mand=0.00031 ptv=0.0389 ptv_max=0.00023 ring=0.00000 smooth=0.0062 laplacian=0.0135 beam=0.09276 homogeneity=0.0030 body=0.00000 bowel=0.00000 femur=0.00000
2026-05-22 21:01:25 [INFO] Step 20/54 Loss=4.4943 mse=0.0494 v_opt=0.00297 v_mand=0.00000 ptv=0.0557 ptv_max=0.00011 ring=0.00000 smooth=0.0050 laplacian=0.0108 beam=0.10257 homogeneity=0.0028 body=0.00000 bowel=0.00000 femur=0.00000
2026-05-22 21:01:31 [INFO] Step 25/54 Loss=6.8964 mse=0.1192 v_opt=0.00699 v_mand=0.00004 ptv=0.0448 ptv_max=0.00019 ring=0.00000 smooth=0.0069 laplacian=0.0158 beam=0.13133 homogeneity=0.0028 body=0.00000 bowel=0.00000 femur=0.00000
2026-05-22 21:01:33 [INFO] Step 30/54 Loss=3.6460 mse=0.0884 v_opt=0.00604 v_mand=0.00000 ptv=0.0492 ptv_max=0.00017 ring=0.00001 smooth=0.0077 laplacian=0.0179 beam=0.02967 homogeneity=0.0034 body=0.00000 bowel=0.00000 femur=0.00000
2026-05-22 21:01:36 [INFO] Step 35/54 Loss=18.0286 mse=0.2438 v_opt=0.00000 v_mand=0.00000 ptv=0.0000 ptv_max=0.00000 ring=0.00051 smooth=0.2227 laplacian=0.5224 beam=0.36368 homogeneity=0.0000 body=0.00000 bowel=0.00000 femur=0.00000
2026-05-22 21:01:39 [INFO] Step 40/54 Loss=5.3167 mse=0.0497 v_opt=0.01168 v_mand=0.00000 ptv=0.0342 ptv_max=0.00020 ring=0.00001 smooth=0.0022 laplacian=0.0046 beam=0.14417 homogeneity=0.0025 body=0.00000 bowel=0.00000 femur=0.00000
2026-05-22 21:01:45 [INFO] Step 45/54 Loss=4.3670 mse=0.0640 v_opt=0.03320 v_mand=0.00387 ptv=0.0734 ptv_max=0.00005 ring=0.00000 smooth=0.0030 laplacian=0.0054 beam=0.06193 homogeneity=0.0022 body=0.00000 bowel=0.00955 femur=0.00000
2026-05-22 21:01:47 [INFO] Step 50/54 Loss=4.6161 mse=0.0615 v_opt=0.01938 v_mand=0.00078 ptv=0.0680 ptv_max=0.00002 ring=0.00000 smooth=0.0038 laplacian=0.0076 beam=0.08937 homogeneity=0.0020 body=0.00000 bowel=0.00000 femur=0.00000
2026-05-22 21:01:50 [INFO] Step 54/54 Loss=4.0175 mse=0.0781 v_opt=0.01717 v_mand=0.00547 ptv=0.0670 ptv_max=0.00004 ring=0.00000 smooth=0.0043 laplacian=0.0097 beam=0.03991 homogeneity=0.0015 body=0.00000 bowel=0.00000 femur=0.00000
2026-05-22 21:01:50 [INFO] Running validation at epoch 211...
2026-05-22 21:02:19 [INFO] Epoch 211 Summary: Train=7.5284 Val=0.0051 (MSE=0.0051)
          Metrics: PTV_D95=57.70Gy Bladder=26.13Gy Rectum=29.63Gy
          Metrics: Ring=46.41Gy Dmax=1319.34Gy BG=14.39Gy
2026-05-22 21:02:19 [INFO] Epoch 212/300 [FULL PHYSICS] ramp=1.000 lr=2.10e-05
2026-05-22 21:02:25 [INFO] Step 5/54 Loss=7.9316 mse=0.1482 v_opt=0.03006 v_mand=0.00155 ptv=0.0323 ptv_max=0.00052 ring=0.00009 smooth=0.0079 laplacian=0.0173 beam=0.13821 homogeneity=0.0041 body=0.00000 bowel=0.00366 femur=0.00001
2026-05-22 21:02:28 [INFO] Step 10/54 Loss=6.1489 mse=0.1226 v_opt=0.00519 v_mand=0.00000 ptv=0.0565 ptv_max=0.00009 ring=0.00000 smooth=0.0077 laplacian=0.0170 beam=0.09356 homogeneity=0.0031 body=0.00000 bowel=0.00000 femur=0.00000
2026-05-22 21:02:31 [INFO] Step 15/54 Loss=4.6605 mse=0.0845 v_opt=0.00018 v_mand=0.00000 ptv=0.0551 ptv_max=0.00007 ring=0.00000 smooth=0.0051 laplacian=0.0104 beam=0.07512 homogeneity=0.0025 body=0.00000 bowel=0.00000 femur=0.00000
2026-05-22 21:02:34 [INFO] Step 20/54 Loss=8.3895 mse=0.1829 v_opt=0.00111 v_mand=0.00000 ptv=0.0256 ptv_max=0.00083 ring=0.00029 smooth=0.0140 laplacian=0.0331 beam=0.12588 homogeneity=0.0052 body=0.00000 bowel=0.00000 femur=0.00000
2026-05-22 21:02:39 [INFO] Step 25/54 Loss=19.1363 mse=0.4348 v_opt=0.01120 v_mand=0.00000 ptv=0.0579 ptv_max=0.00029 ring=0.00045 smooth=0.0273 laplacian=0.0624 beam=0.27654 homogeneity=0.0030 body=0.00000 bowel=0.02014 femur=0.00000
2026-05-22 21:02:42 [INFO] Step 30/54 Loss=4.6029 mse=0.0320 v_opt=0.00655 v_mand=0.00000 ptv=0.0826 ptv_max=0.00001 ring=0.00000 smooth=0.0036 laplacian=0.0077 beam=0.11462 homogeneity=0.0028 body=0.00000 bowel=0.00000 femur=0.00000
2026-05-22 21:02:45 [INFO] Step 35/54 Loss=2.8233 mse=0.0286 v_opt=0.01821 v_mand=0.00083 ptv=0.0581 ptv_max=0.00004 ring=0.00000 smooth=0.0024 laplacian=0.0050 beam=0.05495 homogeneity=0.0021 body=0.00000 bowel=0.00000 femur=0.00000
2026-05-22 21:02:48 [INFO] Step 40/54 Loss=5.4095 mse=0.0758 v_opt=0.00110 v_mand=0.00001 ptv=0.0256 ptv_max=0.00037 ring=0.00000 smooth=0.0044 laplacian=0.0097 beam=0.12288 homogeneity=0.0038 body=0.00000 bowel=0.00000 femur=0.00000
2026-05-22 21:02:53 [INFO] Step 45/54 Loss=12.5421 mse=0.2802 v_opt=0.05006 v_mand=0.00641 ptv=0.0278 ptv_max=0.00081 ring=0.00017 smooth=0.0134 laplacian=0.0319 beam=0.17009 homogeneity=0.0047 body=0.00000 bowel=0.01306 femur=0.00000
2026-05-22 21:02:57 [INFO] Step 50/54 Loss=4.9279 mse=0.0459 v_opt=0.05683 v_mand=0.01292 ptv=0.0448 ptv_max=0.00035 ring=0.00000 smooth=0.0025 laplacian=0.0051 beam=0.09570 homogeneity=0.0050 body=0.00000 bowel=0.00000 femur=0.00000
2026-05-22 21:02:59 [INFO] Step 54/54 Loss=5.0423 mse=0.1166 v_opt=0.00332 v_mand=0.00000 ptv=0.0544 ptv_max=0.00005 ring=0.00000 smooth=0.0090 laplacian=0.0203 beam=0.05681 homogeneity=0.0019 body=0.00000 bowel=0.00000 femur=0.00000
2026-05-22 21:02:59 [INFO] Running validation at epoch 212...
2026-05-22 21:03:29 [INFO] Epoch 212 Summary: Train=8.8094 Val=0.0047 (MSE=0.0047)
          Metrics: PTV_D95=55.67Gy Bladder=26.39Gy Rectum=29.70Gy
          Metrics: Ring=44.98Gy Dmax=1391.67Gy BG=14.04Gy
2026-05-22 21:03:29 [INFO] [PHYSICS] Saved best model val_loss=0.0047
2026-05-22 21:03:29 [INFO] Epoch 213/300 [FULL PHYSICS] ramp=1.000 lr=2.06e-05
2026-05-22 21:03:35 [INFO] Step 5/54 Loss=10.6276 mse=0.3118 v_opt=0.01546 v_mand=0.00059 ptv=0.0685 ptv_max=0.00031 ring=0.00151 smooth=0.0124 laplacian=0.0281 beam=0.06670 homogeneity=0.0028 body=0.00000 bowel=0.00895 femur=0.00076
2026-05-22 21:03:38 [INFO] Step 10/54 Loss=5.3325 mse=0.0646 v_opt=0.00698 v_mand=0.00000 ptv=0.0723 ptv_max=0.00001 ring=0.00000 smooth=0.0042 laplacian=0.0096 beam=0.11578 homogeneity=0.0017 body=0.00000 bowel=0.00000 femur=0.00000
2026-05-22 21:03:41 [INFO] Step 15/54 Loss=6.4155 mse=0.1784 v_opt=0.00288 v_mand=0.00000 ptv=0.0443 ptv_max=0.00019 ring=0.00001 smooth=0.0234 laplacian=0.0573 beam=0.04477 homogeneity=0.0024 body=0.00000 bowel=0.00000 femur=0.00000
2026-05-22 21:03:44 [INFO] Step 20/54 Loss=3.8563 mse=0.1070 v_opt=0.00017 v_mand=0.00000 ptv=0.0580 ptv_max=0.00049 ring=0.00004 smooth=0.0062 laplacian=0.0142 beam=0.01222 homogeneity=0.0072 body=0.00000 bowel=0.00000 femur=0.00000
2026-05-22 21:03:49 [INFO] Step 25/54 Loss=16.8217 mse=0.2074 v_opt=0.00000 v_mand=0.00000 ptv=0.0294 ptv_max=0.00091 ring=0.00000 smooth=0.0446 laplacian=0.1109 beam=0.42035 homogeneity=0.0050 body=0.00000 bowel=0.00000 femur=0.00000
2026-05-22 21:03:52 [INFO] Step 30/54 Loss=7.1270 mse=0.0839 v_opt=0.01059 v_mand=0.00021 ptv=0.0775 ptv_max=0.00009 ring=0.00000 smooth=0.0074 laplacian=0.0168 beam=0.16126 homogeneity=0.0044 body=0.00000 bowel=0.00000 femur=0.00000
2026-05-22 21:03:55 [INFO] Step 35/54 Loss=9.3932 mse=0.1146 v_opt=0.02324 v_mand=0.00047 ptv=0.0505 ptv_max=0.00029 ring=0.00001 smooth=0.0086 laplacian=0.0217 beam=0.22870 homogeneity=0.0038 body=0.00000 bowel=0.00000 femur=0.00000
2026-05-22 21:03:58 [INFO] Step 40/54 Loss=8.9337 mse=0.1604 v_opt=0.00494 v_mand=0.00000 ptv=0.0455 ptv_max=0.00011 ring=0.00000 smooth=0.0376 laplacian=0.0954 beam=0.15528 homogeneity=0.0023 body=0.00000 bowel=0.00000 femur=0.00000
2026-05-22 21:04:03 [INFO] Step 45/54 Loss=4.2625 mse=0.0461 v_opt=0.00084 v_mand=0.00000 ptv=0.0748 ptv_max=0.00002 ring=0.00000 smooth=0.0031 laplacian=0.0069 beam=0.09136 homogeneity=0.0019 body=0.00000 bowel=0.00000 femur=0.00000
2026-05-22 21:04:06 [INFO] Step 50/54 Loss=3.9991 mse=0.1009 v_opt=0.01584 v_mand=0.00133 ptv=0.0415 ptv_max=0.00022 ring=0.00000 smooth=0.0059 laplacian=0.0117 beam=0.03232 homogeneity=0.0029 body=0.00000 bowel=0.00000 femur=0.00000
2026-05-22 21:04:08 [INFO] Step 54/54 Loss=7.6982 mse=0.0900 v_opt=0.00261 v_mand=0.00008 ptv=0.0490 ptv_max=0.00019 ring=0.00000 smooth=0.0065 laplacian=0.0144 beam=0.19132 homogeneity=0.0029 body=0.00000 bowel=0.00000 femur=0.00000
2026-05-22 21:04:08 [INFO] Running validation at epoch 213...
2026-05-22 21:04:38 [INFO] Epoch 213 Summary: Train=7.6632 Val=0.0050 (MSE=0.0050)
          Metrics: PTV_D95=57.97Gy Bladder=26.45Gy Rectum=28.62Gy
          Metrics: Ring=45.92Gy Dmax=1234.58Gy BG=14.11Gy
2026-05-22 21:04:38 [INFO] [CLINICAL] Saved best model Score=41.898 PTV_D95=57.97Gy Bladder=26.45Gy Rectum=28.62Gy
2026-05-22 21:04:38 [INFO] Epoch 214/300 [FULL PHYSICS] ramp=1.000 lr=2.02e-05
2026-05-22 21:04:44 [INFO] Step 5/54 Loss=4.5178 mse=0.1002 v_opt=0.00050 v_mand=0.00000 ptv=0.0990 ptv_max=0.00024 ring=0.00001 smooth=0.0113 laplacian=0.0245 beam=0.02467 homogeneity=0.0117 body=0.00000 bowel=0.00000 femur=0.00000
2026-05-22 21:04:47 [INFO] Step 10/54 Loss=9.9388 mse=0.1561 v_opt=0.02604 v_mand=0.00282 ptv=0.0276 ptv_max=0.00120 ring=0.00003 smooth=0.0210 laplacian=0.0507 beam=0.19979 homogeneity=0.0058 body=0.00000 bowel=0.00000 femur=0.00000
2026-05-22 21:04:50 [INFO] Step 15/54 Loss=3.8411 mse=0.0621 v_opt=0.00795 v_mand=0.00105 ptv=0.0746 ptv_max=0.00005 ring=0.00000 smooth=0.0059 laplacian=0.0127 beam=0.05339 homogeneity=0.0032 body=0.00000 bowel=0.00000 femur=0.00000
2026-05-22 21:04:53 [INFO] Step 20/54 Loss=2.3984 mse=0.0070 v_opt=0.00000 v_mand=0.00000 ptv=0.0000 ptv_max=0.00000 ring=0.00000 smooth=0.0015 laplacian=0.0033 beam=0.08822 homogeneity=0.0000 body=0.00000 bowel=0.00000 femur=0.00000
2026-05-22 21:04:58 [INFO] Step 25/54 Loss=3.7830 mse=0.1048 v_opt=0.02117 v_mand=0.00167 ptv=0.0577 ptv_max=0.00007 ring=0.00001 smooth=0.0083 laplacian=0.0190 beam=0.01191 homogeneity=0.0024 body=0.00000 bowel=0.00000 femur=0.00000
2026-05-22 21:05:02 [INFO] Step 30/54 Loss=13.7345 mse=0.4283 v_opt=0.01445 v_mand=0.00011 ptv=0.0470 ptv_max=0.00246 ring=0.00344 smooth=0.0176 laplacian=0.0345 beam=0.05835 homogeneity=0.0078 body=0.00000 bowel=0.00000 femur=0.02966
2026-05-22 21:05:05 [INFO] Step 35/54 Loss=2.8790 mse=0.0718 v_opt=0.00712 v_mand=0.00011 ptv=0.0815 ptv_max=0.00003 ring=0.00000 smooth=0.0066 laplacian=0.0133 beam=0.00394 homogeneity=0.0037 body=0.00000 bowel=0.00000 femur=0.00000
2026-05-22 21:05:07 [INFO] Step 40/54 Loss=17.3113 mse=0.2039 v_opt=0.00612 v_mand=0.00047 ptv=0.0600 ptv_max=0.00037 ring=0.00001 smooth=0.0440 laplacian=0.0973 beam=0.43628 homogeneity=0.0042 body=0.00000 bowel=0.00000 femur=0.00000
2026-05-22 21:05:12 [INFO] Step 45/54 Loss=35.2833 mse=0.3541 v_opt=0.49230 v_mand=0.34002 ptv=0.0194 ptv_max=0.00296 ring=0.00038 smooth=0.0186 laplacian=0.0432 beam=0.25463 homogeneity=0.0095 body=0.00000 bowel=0.06735 femur=0.00000
2026-05-22 21:05:15 [INFO] Step 50/54 Loss=6.9438 mse=0.1262 v_opt=0.00851 v_mand=0.00000 ptv=0.0426 ptv_max=0.00021 ring=0.00000 smooth=0.0059 laplacian=0.0133 beam=0.12684 homogeneity=0.0035 body=0.00000 bowel=0.00000 femur=0.00000
2026-05-22 21:05:17 [INFO] Step 54/54 Loss=4.7704 mse=0.0306 v_opt=0.00997 v_mand=0.00000 ptv=0.1079 ptv_max=0.00025 ring=0.00000 smooth=0.0032 laplacian=0.0065 beam=0.10420 homogeneity=0.0114 body=0.00000 bowel=0.00000 femur=0.00000
2026-05-22 21:05:18 [INFO] Running validation at epoch 214...
2026-05-22 21:05:47 [INFO] Epoch 214 Summary: Train=9.2013 Val=0.0049 (MSE=0.0049)
          Metrics: PTV_D95=58.18Gy Bladder=27.09Gy Rectum=30.75Gy
          Metrics: Ring=46.53Gy Dmax=1324.86Gy BG=14.17Gy
2026-05-22 21:05:47 [INFO] Epoch 215/300 [FULL PHYSICS] ramp=1.000 lr=1.98e-05
2026-05-22 21:05:53 [INFO] Step 5/54 Loss=3.9801 mse=0.0360 v_opt=0.01586 v_mand=0.00124 ptv=0.0626 ptv_max=0.00005 ring=0.00000 smooth=0.0040 laplacian=0.0092 beam=0.08917 homogeneity=0.0021 body=0.00000 bowel=0.00204 femur=0.00000
2026-05-22 21:05:57 [INFO] Step 10/54 Loss=6.5243 mse=0.0387 v_opt=0.00658 v_mand=0.00018 ptv=0.0704 ptv_max=0.00004 ring=0.00000 smooth=0.0042 laplacian=0.0087 beam=0.18907 homogeneity=0.0024 body=0.00000 bowel=0.00000 femur=0.00000
2026-05-22 21:06:00 [INFO] Step 15/54 Loss=2.1513 mse=0.0476 v_opt=0.00552 v_mand=0.00077 ptv=0.0743 ptv_max=0.00003 ring=0.00000 smooth=0.0029 laplacian=0.0048 beam=0.00342 homogeneity=0.0025 body=0.00000 bowel=0.00000 femur=0.00000
2026-05-22 21:06:03 [INFO] Step 20/54 Loss=8.2489 mse=0.0924 v_opt=0.00062 v_mand=0.00000 ptv=0.0723 ptv_max=0.00005 ring=0.00000 smooth=0.0062 laplacian=0.0136 beam=0.20300 homogeneity=0.0029 body=0.00000 bowel=0.00000 femur=0.00000
2026-05-22 21:06:08 [INFO] Step 25/54 Loss=3.3949 mse=0.0941 v_opt=0.00019 v_mand=0.00000 ptv=0.0584 ptv_max=0.00010 ring=0.00000 smooth=0.0020 laplacian=0.0036 beam=0.01490 homogeneity=0.0025 body=0.00000 bowel=0.00000 femur=0.00000
2026-05-22 21:06:11 [INFO] Step 30/54 Loss=7.2038 mse=0.0906 v_opt=0.00645 v_mand=0.00000 ptv=0.0585 ptv_max=0.00002 ring=0.00000 smooth=0.0061 laplacian=0.0141 beam=0.16928 homogeneity=0.0015 body=0.00000 bowel=0.00000 femur=0.00000
2026-05-22 21:06:14 [INFO] Step 35/54 Loss=12.4979 mse=0.1068 v_opt=0.01320 v_mand=0.00081 ptv=0.0485 ptv_max=0.00008 ring=0.00000 smooth=0.0197 laplacian=0.0470 beam=0.35878 homogeneity=0.0019 body=0.00000 bowel=0.00000 femur=0.00000
2026-05-22 21:06:17 [INFO] Step 40/54 Loss=5.9493 mse=0.0603 v_opt=0.00040 v_mand=0.00000 ptv=0.0416 ptv_max=0.00031 ring=0.00000 smooth=0.0043 laplacian=0.0094 beam=0.15462 homogeneity=0.0031 body=0.00000 bowel=0.00000 femur=0.00000
2026-05-22 21:06:22 [INFO] Step 45/54 Loss=3.5329 mse=0.0344 v_opt=0.00236 v_mand=0.00002 ptv=0.0607 ptv_max=0.00004 ring=0.00000 smooth=0.0034 laplacian=0.0072 beam=0.07899 homogeneity=0.0020 body=0.00000 bowel=0.00000 femur=0.00000
2026-05-22 21:06:24 [INFO] Step 50/54 Loss=10.7270 mse=0.0474 v_opt=0.00000 v_mand=0.00000 ptv=0.3136 ptv_max=0.00000 ring=0.00000 smooth=0.0159 laplacian=0.0394 beam=0.22410 homogeneity=0.0296 body=0.00000 bowel=0.00000 femur=0.00000
2026-05-22 21:06:26 [INFO] Step 54/54 Loss=16.7871 mse=0.2395 v_opt=0.01906 v_mand=0.00108 ptv=0.0209 ptv_max=0.00055 ring=0.00000 smooth=0.0193 laplacian=0.0474 beam=0.40313 homogeneity=0.0041 body=0.00000 bowel=0.00000 femur=0.00000
2026-05-22 21:06:26 [INFO] Running validation at epoch 215...
2026-05-22 21:06:56 [INFO] Epoch 215 Summary: Train=9.1610 Val=0.0051 (MSE=0.0051)
          Metrics: PTV_D95=56.34Gy Bladder=26.61Gy Rectum=29.45Gy
          Metrics: Ring=45.26Gy Dmax=1332.05Gy BG=14.13Gy
2026-05-22 21:06:56 [INFO] Epoch 216/300 [FULL PHYSICS] ramp=1.000 lr=1.93e-05
2026-05-22 21:07:02 [INFO] Step 5/54 Loss=14.5656 mse=0.1827 v_opt=0.00369 v_mand=0.00000 ptv=0.0247 ptv_max=0.00042 ring=0.00000 smooth=0.0102 laplacian=0.0254 beam=0.37887 homogeneity=0.0036 body=0.00000 bowel=0.00000 femur=0.00000
2026-05-22 21:07:05 [INFO] Step 10/54 Loss=4.9790 mse=0.0415 v_opt=0.00042 v_mand=0.00000 ptv=0.0225 ptv_max=0.00056 ring=0.00000 smooth=0.0028 laplacian=0.0055 beam=0.14065 homogeneity=0.0043 body=0.00000 bowel=0.00000 femur=0.00000
2026-05-22 21:07:08 [INFO] Step 15/54 Loss=5.6765 mse=0.0594 v_opt=0.00362 v_mand=0.00000 ptv=0.0579 ptv_max=0.00005 ring=0.00000 smooth=0.0037 laplacian=0.0080 beam=0.11887 homogeneity=0.0022 body=0.00000 bowel=0.03592 femur=0.00000
2026-05-22 21:07:11 [INFO] Step 20/54 Loss=15.0233 mse=0.2101 v_opt=0.00052 v_mand=0.00000 ptv=0.0701 ptv_max=0.00002 ring=0.00000 smooth=0.0185 laplacian=0.0461 beam=0.35135 homogeneity=0.0017 body=0.00000 bowel=0.00000 femur=0.00000
2026-05-22 21:07:17 [INFO] Step 25/54 Loss=12.3271 mse=0.2009 v_opt=0.03158 v_mand=0.00426 ptv=0.0396 ptv_max=0.00035 ring=0.00000 smooth=0.0299 laplacian=0.0796 beam=0.24313 homogeneity=0.0037 body=0.00000 bowel=0.00000 femur=0.00000
2026-05-22 21:07:20 [INFO] Step 30/54 Loss=3.4655 mse=0.0725 v_opt=0.00000 v_mand=0.00000 ptv=0.0457 ptv_max=0.00040 ring=0.00000 smooth=0.0030 laplacian=0.0060 beam=0.04153 homogeneity=0.0033 body=0.00000 bowel=0.00000 femur=0.00000
2026-05-22 21:07:22 [INFO] Step 35/54 Loss=5.6492 mse=0.0589 v_opt=0.00624 v_mand=0.00023 ptv=0.0606 ptv_max=0.00006 ring=0.00000 smooth=0.0044 laplacian=0.0090 beam=0.13757 homogeneity=0.0025 body=0.00000 bowel=0.00000 femur=0.00000
2026-05-22 21:07:25 [INFO] Step 40/54 Loss=25.0334 mse=0.4194 v_opt=0.01661 v_mand=0.00016 ptv=0.0455 ptv_max=0.00063 ring=0.00040 smooth=0.0187 laplacian=0.0431 beam=0.54236 homogeneity=0.0037 body=0.00000 bowel=0.00560 femur=0.00000
2026-05-22 21:07:30 [INFO] Step 45/54 Loss=4.8955 mse=0.0880 v_opt=0.01281 v_mand=0.00036 ptv=0.0678 ptv_max=0.00011 ring=0.00002 smooth=0.0076 laplacian=0.0166 beam=0.07130 homogeneity=0.0042 body=0.00000 bowel=0.00000 femur=0.00000
2026-05-22 21:07:33 [INFO] Step 50/54 Loss=5.1084 mse=0.0853 v_opt=0.00739 v_mand=0.00000 ptv=0.0575 ptv_max=0.00004 ring=0.00000 smooth=0.0073 laplacian=0.0158 beam=0.09038 homogeneity=0.0017 body=0.00000 bowel=0.00000 femur=0.00000
2026-05-22 21:07:36 [INFO] Step 54/54 Loss=6.9824 mse=0.1338 v_opt=0.00605 v_mand=0.00000 ptv=0.0541 ptv_max=0.00011 ring=0.00000 smooth=0.0216 laplacian=0.0525 beam=0.10904 homogeneity=0.0028 body=0.00000 bowel=0.00000 femur=0.00000
2026-05-22 21:07:36 [INFO] Running validation at epoch 216...
2026-05-22 21:08:05 [INFO] Epoch 216 Summary: Train=9.0473 Val=0.0049 (MSE=0.0049)
          Metrics: PTV_D95=55.91Gy Bladder=27.56Gy Rectum=30.47Gy
          Metrics: Ring=45.43Gy Dmax=1382.84Gy BG=14.31Gy
2026-05-22 21:08:05 [INFO] Epoch 217/300 [FULL PHYSICS] ramp=1.000 lr=1.89e-05
2026-05-22 21:08:11 [INFO] Step 5/54 Loss=5.1640 mse=0.0104 v_opt=0.00000 v_mand=0.00000 ptv=0.1378 ptv_max=0.00008 ring=0.00000 smooth=0.0020 laplacian=0.0043 beam=0.13278 homogeneity=0.0085 body=0.00000 bowel=0.00000 femur=0.00000
2026-05-22 21:08:14 [INFO] Step 10/54 Loss=4.0034 mse=0.0886 v_opt=0.02581 v_mand=0.00163 ptv=0.0703 ptv_max=0.00008 ring=0.00001 smooth=0.0092 laplacian=0.0201 beam=0.03019 homogeneity=0.0038 body=0.00000 bowel=0.00000 femur=0.00000
2026-05-22 21:08:17 [INFO] Step 15/54 Loss=22.3926 mse=0.4188 v_opt=0.03170 v_mand=0.00336 ptv=0.0519 ptv_max=0.00170 ring=0.00184 smooth=0.0506 laplacian=0.1082 beam=0.39813 homogeneity=0.0062 body=0.00000 bowel=0.01481 femur=0.00000
2026-05-22 21:08:20 [INFO] Step 20/54 Loss=9.7800 mse=0.1750 v_opt=0.02005 v_mand=0.00090 ptv=0.0355 ptv_max=0.00042 ring=0.00001 smooth=0.0081 laplacian=0.0191 beam=0.18904 homogeneity=0.0037 body=0.00000 bowel=0.00000 femur=0.00000
2026-05-22 21:08:25 [INFO] Step 25/54 Loss=3.8366 mse=0.0853 v_opt=0.00074 v_mand=0.00000 ptv=0.0451 ptv_max=0.00013 ring=0.00000 smooth=0.0054 laplacian=0.0115 beam=0.04495 homogeneity=0.0023 body=0.00000 bowel=0.00000 femur=0.00000
2026-05-22 21:08:28 [INFO] Step 30/54 Loss=4.3257 mse=0.0134 v_opt=0.00000 v_mand=0.00000 ptv=0.0000 ptv_max=0.00000 ring=0.00000 smooth=0.0038 laplacian=0.0090 beam=0.15770 homogeneity=0.0000 body=0.00000 bowel=0.00000 femur=0.00000
2026-05-22 21:08:31 [INFO] Step 35/54 Loss=13.2640 mse=0.2567 v_opt=0.00055 v_mand=0.00000 ptv=0.0830 ptv_max=0.00045 ring=0.00033 smooth=0.0204 laplacian=0.0479 beam=0.21178 homogeneity=0.0046 body=0.00000 bowel=0.00508 femur=0.02200
2026-05-22 21:08:35 [INFO] Step 40/54 Loss=2.9277 mse=0.0214 v_opt=0.00201 v_mand=0.00009 ptv=0.0504 ptv_max=0.00011 ring=0.00000 smooth=0.0018 laplacian=0.0035 beam=0.07191 homogeneity=0.0024 body=0.00000 bowel=0.00000 femur=0.00000
2026-05-22 21:08:40 [INFO] Step 45/54 Loss=4.3620 mse=0.0477 v_opt=0.00385 v_mand=0.00005 ptv=0.0664 ptv_max=0.00024 ring=0.00000 smooth=0.0053 laplacian=0.0117 beam=0.09153 homogeneity=0.0054 body=0.00000 bowel=0.00000 femur=0.00000
2026-05-22 21:08:43 [INFO] Step 50/54 Loss=4.7780 mse=0.0961 v_opt=0.00000 v_mand=0.00000 ptv=0.0429 ptv_max=0.00013 ring=0.00000 smooth=0.0086 laplacian=0.0183 beam=0.07124 homogeneity=0.0023 body=0.00000 bowel=0.00000 femur=0.00000
2026-05-22 21:08:45 [INFO] Step 54/54 Loss=4.4429 mse=0.0269 v_opt=0.00429 v_mand=0.00036 ptv=0.0157 ptv_max=0.00093 ring=0.00000 smooth=0.0014 laplacian=0.0028 beam=0.13275 homogeneity=0.0057 body=0.00000 bowel=0.00000 femur=0.00000
2026-05-22 21:08:46 [INFO] Running validation at epoch 217...
2026-05-22 21:09:15 [INFO] Epoch 217 Summary: Train=9.0375 Val=0.0046 (MSE=0.0046)
          Metrics: PTV_D95=56.88Gy Bladder=26.95Gy Rectum=30.25Gy
          Metrics: Ring=45.27Gy Dmax=1487.21Gy BG=13.70Gy
2026-05-22 21:09:15 [INFO] [PHYSICS] Saved best model val_loss=0.0046
2026-05-22 21:09:15 [INFO] Epoch 218/300 [FULL PHYSICS] ramp=1.000 lr=1.85e-05
2026-05-22 21:09:21 [INFO] Step 5/54 Loss=11.7467 mse=0.3405 v_opt=0.04143 v_mand=0.00906 ptv=0.0481 ptv_max=0.00030 ring=0.00013 smooth=0.0099 laplacian=0.0223 beam=0.06513 homogeneity=0.0026 body=0.00000 bowel=0.02459 femur=0.00003
2026-05-22 21:09:24 [INFO] Step 10/54 Loss=15.1254 mse=0.2356 v_opt=0.02678 v_mand=0.00233 ptv=0.0369 ptv_max=0.00031 ring=0.00000 smooth=0.0178 laplacian=0.0449 beam=0.33380 homogeneity=0.0031 body=0.00000 bowel=0.00000 femur=0.00000
2026-05-22 21:09:27 [INFO] Step 15/54 Loss=1.7770 mse=0.0296 v_opt=0.00878 v_mand=0.00004 ptv=0.0834 ptv_max=0.00002 ring=0.00000 smooth=0.0024 laplacian=0.0047 beam=0.00348 homogeneity=0.0034 body=0.00000 bowel=0.00000 femur=0.00000
2026-05-22 21:09:30 [INFO] Step 20/54 Loss=7.6836 mse=0.1124 v_opt=0.00244 v_mand=0.00000 ptv=0.0390 ptv_max=0.00034 ring=0.00001 smooth=0.0054 laplacian=0.0118 beam=0.17172 homogeneity=0.0035 body=0.00000 bowel=0.00000 femur=0.00000
2026-05-22 21:09:36 [INFO] Step 25/54 Loss=9.4348 mse=0.1040 v_opt=0.00003 v_mand=0.00000 ptv=0.0344 ptv_max=0.00034 ring=0.00000 smooth=0.0068 laplacian=0.0163 beam=0.25152 homogeneity=0.0032 body=0.00000 bowel=0.00000 femur=0.00000
2026-05-22 21:09:39 [INFO] Step 30/54 Loss=4.1535 mse=0.0939 v_opt=0.00022 v_mand=0.00000 ptv=0.0509 ptv_max=0.00007 ring=0.00000 smooth=0.0039 laplacian=0.0074 beam=0.04816 homogeneity=0.0020 body=0.00000 bowel=0.00000 femur=0.00000
2026-05-22 21:09:42 [INFO] Step 35/54 Loss=3.6309 mse=0.0902 v_opt=0.00098 v_mand=0.00000 ptv=0.0470 ptv_max=0.00014 ring=0.00000 smooth=0.0078 laplacian=0.0174 beam=0.02980 homogeneity=0.0021 body=0.00000 bowel=0.00000 femur=0.00000
2026-05-22 21:09:45 [INFO] Step 40/54 Loss=10.3479 mse=0.1821 v_opt=0.00817 v_mand=0.00007 ptv=0.0367 ptv_max=0.00029 ring=0.00006 smooth=0.0148 laplacian=0.0356 beam=0.20345 homogeneity=0.0042 body=0.00000 bowel=0.00000 femur=0.00000
2026-05-22 21:09:50 [INFO] Step 45/54 Loss=3.9990 mse=0.1106 v_opt=0.00859 v_mand=0.00025 ptv=0.0544 ptv_max=0.00011 ring=0.00001 smooth=0.0072 laplacian=0.0160 beam=0.02030 homogeneity=0.0025 body=0.00000 bowel=0.00000 femur=0.00000
2026-05-22 21:09:53 [INFO] Step 50/54 Loss=6.3355 mse=0.1335 v_opt=0.00842 v_mand=0.00015 ptv=0.0549 ptv_max=0.00008 ring=0.00000 smooth=0.0072 laplacian=0.0167 beam=0.08720 homogeneity=0.0029 body=0.00000 bowel=0.00559 femur=0.00000
2026-05-22 21:09:55 [INFO] Step 54/54 Loss=15.0132 mse=0.2530 v_opt=0.00128 v_mand=0.00000 ptv=0.0502 ptv_max=0.00032 ring=0.00000 smooth=0.0117 laplacian=0.0262 beam=0.31744 homogeneity=0.0029 body=0.00000 bowel=0.00000 femur=0.00000
2026-05-22 21:09:55 [INFO] Running validation at epoch 218...
2026-05-22 21:10:24 [INFO] Epoch 218 Summary: Train=10.7682 Val=0.0047 (MSE=0.0047)
          Metrics: PTV_D95=56.62Gy Bladder=26.30Gy Rectum=30.51Gy
          Metrics: Ring=45.50Gy Dmax=1499.67Gy BG=13.66Gy
2026-05-22 21:10:24 [INFO] Epoch 219/300 [FULL PHYSICS] ramp=1.000 lr=1.82e-05
2026-05-22 21:10:30 [INFO] Step 5/54 Loss=27.4836 mse=0.4522 v_opt=0.02518 v_mand=0.00222 ptv=0.0337 ptv_max=0.00167 ring=0.00093 smooth=0.0312 laplacian=0.0686 beam=0.59434 homogeneity=0.0054 body=0.00000 bowel=0.00000 femur=0.00759
2026-05-22 21:10:33 [INFO] Step 10/54 Loss=7.2102 mse=0.0655 v_opt=0.00373 v_mand=0.00000 ptv=0.0536 ptv_max=0.00009 ring=0.00000 smooth=0.0048 laplacian=0.0104 beam=0.19662 homogeneity=0.0022 body=0.00000 bowel=0.00000 femur=0.00000
2026-05-22 21:10:36 [INFO] Step 15/54 Loss=6.6122 mse=0.0357 v_opt=0.00306 v_mand=0.00000 ptv=0.1022 ptv_max=0.00032 ring=0.00000 smooth=0.0030 laplacian=0.0066 beam=0.17783 homogeneity=0.0080 body=0.00000 bowel=0.00000 femur=0.00000
2026-05-22 21:10:40 [INFO] Step 20/54 Loss=8.0017 mse=0.0659 v_opt=0.01649 v_mand=0.00033 ptv=0.0525 ptv_max=0.00013 ring=0.00000 smooth=0.0038 laplacian=0.0075 beam=0.11078 homogeneity=0.0032 body=0.00000 bowel=0.19230 femur=0.00000
2026-05-22 21:10:45 [INFO] Step 25/54 Loss=5.6223 mse=0.1602 v_opt=0.00137 v_mand=0.00000 ptv=0.0620 ptv_max=0.00002 ring=0.00000 smooth=0.0216 laplacian=0.0483 beam=0.02801 homogeneity=0.0014 body=0.00000 bowel=0.00000 femur=0.00000
2026-05-22 21:10:48 [INFO] Step 30/54 Loss=3.8324 mse=0.0317 v_opt=0.00000 v_mand=0.00000 ptv=0.0904 ptv_max=0.00004 ring=0.00000 smooth=0.0031 laplacian=0.0066 beam=0.08132 homogeneity=0.0031 body=0.00000 bowel=0.00000 femur=0.00000
2026-05-22 21:10:51 [INFO] Step 35/54 Loss=14.8723 mse=0.2355 v_opt=0.01141 v_mand=0.00007 ptv=0.0499 ptv_max=0.00059 ring=0.00009 smooth=0.0206 laplacian=0.0504 beam=0.31567 homogeneity=0.0041 body=0.00000 bowel=0.00811 femur=0.00000
2026-05-22 21:10:53 [INFO] Step 40/54 Loss=3.3846 mse=0.0553 v_opt=0.00076 v_mand=0.00000 ptv=0.0474 ptv_max=0.00007 ring=0.00000 smooth=0.0052 laplacian=0.0112 beam=0.05662 homogeneity=0.0019 body=0.00000 bowel=0.00000 femur=0.00000
2026-05-22 21:10:58 [INFO] Step 45/54 Loss=3.3754 mse=0.0753 v_opt=0.01499 v_mand=0.00083 ptv=0.0689 ptv_max=0.00010 ring=0.00001 smooth=0.0079 laplacian=0.0177 beam=0.02126 homogeneity=0.0045 body=0.00000 bowel=0.00000 femur=0.00000
2026-05-22 21:11:02 [INFO] Step 50/54 Loss=6.1022 mse=0.1354 v_opt=0.01388 v_mand=0.00000 ptv=0.0402 ptv_max=0.00025 ring=0.00006 smooth=0.0151 laplacian=0.0372 beam=0.07953 homogeneity=0.0029 body=0.00000 bowel=0.00001 femur=0.00000
2026-05-22 21:11:04 [INFO] Step 54/54 Loss=13.6373 mse=0.1593 v_opt=0.00239 v_mand=0.00000 ptv=0.0189 ptv_max=0.00081 ring=0.00000 smooth=0.0217 laplacian=0.0560 beam=0.35744 homogeneity=0.0051 body=0.00000 bowel=0.00000 femur=0.00000
2026-05-22 21:11:04 [INFO] Running validation at epoch 219...
2026-05-22 21:11:33 [INFO] Epoch 219 Summary: Train=8.5263 Val=0.0046 (MSE=0.0046)
          Metrics: PTV_D95=55.90Gy Bladder=26.34Gy Rectum=29.90Gy
          Metrics: Ring=44.91Gy Dmax=1612.10Gy BG=13.77Gy
2026-05-22 21:11:33 [INFO] Epoch 220/300 [FULL PHYSICS] ramp=1.000 lr=1.78e-05
2026-05-22 21:11:39 [INFO] Step 5/54 Loss=2.6154 mse=0.0583 v_opt=0.00604 v_mand=0.00008 ptv=0.0829 ptv_max=0.00002 ring=0.00000 smooth=0.0026 laplacian=0.0041 beam=0.00643 homogeneity=0.0034 body=0.00000 bowel=0.00400 femur=0.00000
2026-05-22 21:11:42 [INFO] Step 10/54 Loss=2.6805 mse=0.0687 v_opt=0.00311 v_mand=0.00000 ptv=0.0708 ptv_max=0.00004 ring=0.00000 smooth=0.0072 laplacian=0.0156 beam=0.00402 homogeneity=0.0029 body=0.00000 bowel=0.00000 femur=0.00000
2026-05-22 21:11:46 [INFO] Step 15/54 Loss=2.9055 mse=0.0706 v_opt=0.00134 v_mand=0.00000 ptv=0.0656 ptv_max=0.00031 ring=0.00000 smooth=0.0029 laplacian=0.0063 beam=0.00840 homogeneity=0.0029 body=0.00000 bowel=0.00883 femur=0.00000
2026-05-22 21:11:49 [INFO] Step 20/54 Loss=5.5283 mse=0.1615 v_opt=0.01639 v_mand=0.00006 ptv=0.0635 ptv_max=0.00007 ring=0.00012 smooth=0.0068 laplacian=0.0152 beam=0.02732 homogeneity=0.0021 body=0.00000 bowel=0.00000 femur=0.00000
2026-05-22 21:11:53 [INFO] Step 25/54 Loss=16.5049 mse=0.4150 v_opt=0.01670 v_mand=0.00001 ptv=0.0446 ptv_max=0.00046 ring=0.00019 smooth=0.0183 laplacian=0.0422 beam=0.18443 homogeneity=0.0029 body=0.00000 bowel=0.04527 femur=0.00000
2026-05-22 21:11:57 [INFO] Step 30/54 Loss=17.4039 mse=0.2142 v_opt=0.00427 v_mand=0.00000 ptv=0.0559 ptv_max=0.00005 ring=0.00001 smooth=0.0374 laplacian=0.0923 beam=0.43765 homogeneity=0.0017 body=0.00000 bowel=0.00000 femur=0.00000
2026-05-22 21:12:00 [INFO] Step 35/54 Loss=5.1957 mse=0.0396 v_opt=0.00071 v_mand=0.00000 ptv=0.0652 ptv_max=0.00015 ring=0.00000 smooth=0.0032 laplacian=0.0062 beam=0.13667 homogeneity=0.0040 body=0.00000 bowel=0.00000 femur=0.00000
2026-05-22 21:12:03 [INFO] Step 40/54 Loss=12.3325 mse=0.3403 v_opt=0.00717 v_mand=0.00000 ptv=0.0304 ptv_max=0.00093 ring=0.00015 smooth=0.0764 laplacian=0.1923 beam=0.07048 homogeneity=0.0049 body=0.00000 bowel=0.03108 femur=0.00017
2026-05-22 21:12:07 [INFO] Step 45/54 Loss=4.9332 mse=0.0992 v_opt=0.01263 v_mand=0.00041 ptv=0.0471 ptv_max=0.00016 ring=0.00000 smooth=0.0051 laplacian=0.0102 beam=0.07081 homogeneity=0.0032 body=0.00000 bowel=0.00155 femur=0.00000
2026-05-22 21:12:11 [INFO] Step 50/54 Loss=5.9183 mse=0.0321 v_opt=0.00260 v_mand=0.00000 ptv=0.1129 ptv_max=0.00000 ring=0.00000 smooth=0.0039 laplacian=0.0085 beam=0.15422 homogeneity=0.0039 body=0.00000 bowel=0.00000 femur=0.00000
2026-05-22 21:12:13 [INFO] Step 54/54 Loss=24.3800 mse=0.0317 v_opt=0.58207 v_mand=0.38419 ptv=0.0820 ptv_max=0.00001 ring=0.00000 smooth=0.0052 laplacian=0.0127 beam=0.09097 homogeneity=0.0025 body=0.00000 bowel=0.00000 femur=0.00000
2026-05-22 21:12:13 [INFO] Running validation at epoch 220...
2026-05-22 21:12:42 [INFO] Epoch 220 Summary: Train=9.2861 Val=0.0048 (MSE=0.0048)
          Metrics: PTV_D95=55.27Gy Bladder=25.95Gy Rectum=29.20Gy
          Metrics: Ring=44.69Gy Dmax=1418.18Gy BG=13.77Gy
2026-05-22 21:12:42 [INFO] Epoch 221/300 [FULL PHYSICS] ramp=1.000 lr=1.74e-05
2026-05-22 21:12:49 [INFO] Step 5/54 Loss=18.8012 mse=0.3998 v_opt=0.00014 v_mand=0.00000 ptv=0.0426 ptv_max=0.00108 ring=0.00065 smooth=0.0326 laplacian=0.0746 beam=0.30765 homogeneity=0.0045 body=0.00000 bowel=0.00142 femur=0.00000
2026-05-22 21:12:52 [INFO] Step 10/54 Loss=10.0024 mse=0.0701 v_opt=0.00000 v_mand=0.00000 ptv=0.0419 ptv_max=0.00063 ring=0.00000 smooth=0.0083 laplacian=0.0196 beam=0.30147 homogeneity=0.0047 body=0.00000 bowel=0.00000 femur=0.00000
2026-05-22 21:12:55 [INFO] Step 15/54 Loss=5.8800 mse=0.1598 v_opt=0.01091 v_mand=0.00006 ptv=0.0742 ptv_max=0.00042 ring=0.00027 smooth=0.0192 laplacian=0.0466 beam=0.02802 homogeneity=0.0050 body=0.00000 bowel=0.00000 femur=0.00000
2026-05-22 21:12:57 [INFO] Step 20/54 Loss=2.0105 mse=0.0446 v_opt=0.00045 v_mand=0.00000 ptv=0.0575 ptv_max=0.00011 ring=0.00000 smooth=0.0024 laplacian=0.0043 beam=0.00926 homogeneity=0.0025 body=0.00000 bowel=0.00000 femur=0.00000
2026-05-22 21:13:03 [INFO] Step 25/54 Loss=12.9484 mse=0.1878 v_opt=0.05145 v_mand=0.00782 ptv=0.0484 ptv_max=0.00019 ring=0.00001 smooth=0.0159 laplacian=0.0386 beam=0.27085 homogeneity=0.0029 body=0.00000 bowel=0.01389 femur=0.00000
2026-05-22 21:13:05 [INFO] Step 30/54 Loss=5.7105 mse=0.0669 v_opt=0.01144 v_mand=0.00000 ptv=0.0563 ptv_max=0.00004 ring=0.00000 smooth=0.0050 laplacian=0.0107 beam=0.13382 homogeneity=0.0021 body=0.00000 bowel=0.00000 femur=0.00000
2026-05-22 21:13:09 [INFO] Step 35/54 Loss=2.1262 mse=0.0575 v_opt=0.00020 v_mand=0.00000 ptv=0.0501 ptv_max=0.00011 ring=0.00000 smooth=0.0022 laplacian=0.0038 beam=0.00370 homogeneity=0.0028 body=0.00000 bowel=0.00000 femur=0.00000
2026-05-22 21:13:12 [INFO] Step 40/54 Loss=14.0478 mse=0.1930 v_opt=0.01019 v_mand=0.00000 ptv=0.0315 ptv_max=0.00031 ring=0.00000 smooth=0.0102 laplacian=0.0248 beam=0.34566 homogeneity=0.0032 body=0.00000 bowel=0.00000 femur=0.00000
2026-05-22 21:13:17 [INFO] Step 45/54 Loss=6.3485 mse=0.1607 v_opt=0.00912 v_mand=0.00008 ptv=0.0394 ptv_max=0.00019 ring=0.00000 smooth=0.0056 laplacian=0.0107 beam=0.07023 homogeneity=0.0026 body=0.00000 bowel=0.00140 femur=0.00000
2026-05-22 21:13:20 [INFO] Step 50/54 Loss=13.6984 mse=0.1742 v_opt=0.02865 v_mand=0.00125 ptv=0.0147 ptv_max=0.00154 ring=0.00000 smooth=0.0244 laplacian=0.0604 beam=0.33541 homogeneity=0.0068 body=0.00000 bowel=0.00000 femur=0.00000
2026-05-22 21:13:22 [INFO] Step 54/54 Loss=12.0393 mse=0.1443 v_opt=0.00410 v_mand=0.00000 ptv=0.0650 ptv_max=0.00005 ring=0.00002 smooth=0.0183 laplacian=0.0442 beam=0.29908 homogeneity=0.0025 body=0.00000 bowel=0.00000 femur=0.00000
2026-05-22 21:13:22 [INFO] Running validation at epoch 221...
2026-05-22 21:13:52 [INFO] Epoch 221 Summary: Train=7.3871 Val=0.0047 (MSE=0.0047)
          Metrics: PTV_D95=55.87Gy Bladder=26.92Gy Rectum=30.67Gy
          Metrics: Ring=45.54Gy Dmax=1564.25Gy BG=13.67Gy
2026-05-22 21:13:52 [INFO] Epoch 222/300 [FULL PHYSICS] ramp=1.000 lr=1.70e-05
2026-05-22 21:13:58 [INFO] Step 5/54 Loss=5.6036 mse=0.0379 v_opt=0.00000 v_mand=0.00000 ptv=0.0589 ptv_max=0.00030 ring=0.00000 smooth=0.0061 laplacian=0.0138 beam=0.15473 homogeneity=0.0039 body=0.00000 bowel=0.00000 femur=0.00000
2026-05-22 21:14:01 [INFO] Step 10/54 Loss=4.4165 mse=0.0312 v_opt=0.00312 v_mand=0.00000 ptv=0.0657 ptv_max=0.00004 ring=0.00000 smooth=0.0020 laplacian=0.0036 beam=0.11609 homogeneity=0.0023 body=0.00000 bowel=0.00000 femur=0.00000
2026-05-22 21:14:04 [INFO] Step 15/54 Loss=3.2716 mse=0.0063 v_opt=0.03115 v_mand=0.00486 ptv=0.0574 ptv_max=0.00543 ring=0.00004 smooth=0.0008 laplacian=0.0017 beam=0.04444 homogeneity=0.0149 body=0.00000 bowel=0.00000 femur=0.00000
2026-05-22 21:14:07 [INFO] Step 20/54 Loss=8.7607 mse=0.0852 v_opt=0.00523 v_mand=0.00003 ptv=0.0664 ptv_max=0.00002 ring=0.00001 smooth=0.0130 laplacian=0.0305 beam=0.22988 homogeneity=0.0020 body=0.00000 bowel=0.00000 femur=0.00000
2026-05-22 21:14:12 [INFO] Step 25/54 Loss=6.2436 mse=0.1943 v_opt=0.00190 v_mand=0.00022 ptv=0.0682 ptv_max=0.00021 ring=0.00011 smooth=0.0128 laplacian=0.0301 beam=0.01675 homogeneity=0.0036 body=0.00000 bowel=0.00000 femur=0.00000
2026-05-22 21:14:15 [INFO] Step 30/54 Loss=8.8822 mse=0.0807 v_opt=0.03728 v_mand=0.00633 ptv=0.0366 ptv_max=0.00036 ring=0.00000 smooth=0.0129 laplacian=0.0330 beam=0.23151 homogeneity=0.0044 body=0.00000 bowel=0.00000 femur=0.00000
2026-05-22 21:14:18 [INFO] Step 35/54 Loss=2.8313 mse=0.0780 v_opt=0.00784 v_mand=0.00009 ptv=0.0620 ptv_max=0.00008 ring=0.00001 smooth=0.0038 laplacian=0.0080 beam=0.00582 homogeneity=0.0020 body=0.00000 bowel=0.00000 femur=0.00000
2026-05-22 21:14:21 [INFO] Step 40/54 Loss=8.9218 mse=0.0869 v_opt=0.00074 v_mand=0.00000 ptv=0.0348 ptv_max=0.00009 ring=0.00000 smooth=0.0065 laplacian=0.0158 beam=0.25060 homogeneity=0.0019 body=0.00000 bowel=0.00000 femur=0.00000
2026-05-22 21:14:27 [INFO] Step 45/54 Loss=2.5542 mse=0.0565 v_opt=0.00442 v_mand=0.00000 ptv=0.0805 ptv_max=0.00017 ring=0.00000 smooth=0.0035 laplacian=0.0069 beam=0.00358 homogeneity=0.0075 body=0.00000 bowel=0.00160 femur=0.00000
2026-05-22 21:14:30 [INFO] Step 50/54 Loss=5.2936 mse=0.1052 v_opt=0.01231 v_mand=0.00006 ptv=0.0565 ptv_max=0.00021 ring=0.00013 smooth=0.0103 laplacian=0.0240 beam=0.07341 homogeneity=0.0037 body=0.00000 bowel=0.00000 femur=0.00000
2026-05-22 21:14:32 [INFO] Step 54/54 Loss=22.8181 mse=0.4381 v_opt=0.12011 v_mand=0.03080 ptv=0.0121 ptv_max=0.00576 ring=0.00382 smooth=0.0156 laplacian=0.0325 beam=0.27239 homogeneity=0.0141 body=0.00000 bowel=0.09732 femur=0.03139
2026-05-22 21:14:32 [INFO] Running validation at epoch 222...
2026-05-22 21:15:02 [INFO] Epoch 222 Summary: Train=7.9552 Val=0.0047 (MSE=0.0047)
          Metrics: PTV_D95=55.86Gy Bladder=27.13Gy Rectum=30.96Gy
          Metrics: Ring=44.99Gy Dmax=1427.35Gy BG=13.50Gy
2026-05-22 21:15:02 [INFO] Epoch 223/300 [FULL PHYSICS] ramp=1.000 lr=1.66e-05
2026-05-22 21:15:08 [INFO] Step 5/54 Loss=5.4263 mse=0.1157 v_opt=0.00269 v_mand=0.00000 ptv=0.0544 ptv_max=0.00006 ring=0.00000 smooth=0.0039 laplacian=0.0077 beam=0.07578 homogeneity=0.0019 body=0.00000 bowel=0.00000 femur=0.00000
2026-05-22 21:15:11 [INFO] Step 10/54 Loss=12.5787 mse=0.1618 v_opt=0.04168 v_mand=0.00365 ptv=0.0375 ptv_max=0.00121 ring=0.00001 smooth=0.0164 laplacian=0.0389 beam=0.29359 homogeneity=0.0067 body=0.00000 bowel=0.00000 femur=0.00269
2026-05-22 21:15:14 [INFO] Step 15/54 Loss=2.5917 mse=0.0566 v_opt=0.00000 v_mand=0.00000 ptv=0.0588 ptv_max=0.00006 ring=0.00000 smooth=0.0040 laplacian=0.0074 beam=0.01988 homogeneity=0.0021 body=0.00000 bowel=0.00000 femur=0.00000
2026-05-22 21:15:17 [INFO] Step 20/54 Loss=3.5851 mse=0.1018 v_opt=0.01580 v_mand=0.00060 ptv=0.0509 ptv_max=0.00031 ring=0.00001 smooth=0.0069 laplacian=0.0145 beam=0.01023 homogeneity=0.0043 body=0.00000 bowel=0.00000 femur=0.00000
2026-05-22 21:15:22 [INFO] Step 25/54 Loss=5.8763 mse=0.1160 v_opt=0.00160 v_mand=0.00000 ptv=0.0611 ptv_max=0.00043 ring=0.00000 smooth=0.0081 laplacian=0.0189 beam=0.08174 homogeneity=0.0076 body=0.00000 bowel=0.00000 femur=0.00000
2026-05-22 21:15:25 [INFO] Step 30/54 Loss=16.9324 mse=0.1933 v_opt=0.00742 v_mand=0.00105 ptv=0.0480 ptv_max=0.00018 ring=0.00001 smooth=0.0333 laplacian=0.0823 beam=0.44128 homogeneity=0.0024 body=0.00000 bowel=0.00000 femur=0.00000
2026-05-22 21:15:28 [INFO] Step 35/54 Loss=4.0740 mse=0.0448 v_opt=0.00411 v_mand=0.00011 ptv=0.0418 ptv_max=0.00007 ring=0.00000 smooth=0.0037 laplacian=0.0077 beam=0.09728 homogeneity=0.0019 body=0.00000 bowel=0.00000 femur=0.00000
2026-05-22 21:15:31 [INFO] Step 40/54 Loss=110.3270 mse=0.1296 v_opt=2.09757 v_mand=1.79193 ptv=0.1127 ptv_max=0.00020 ring=0.00000 smooth=0.0376 laplacian=0.0922 beam=0.45952 homogeneity=0.0076 body=0.00000 bowel=0.00000 femur=0.00000
2026-05-22 21:15:35 [INFO] Step 45/54 Loss=5.3260 mse=0.0758 v_opt=0.03931 v_mand=0.00451 ptv=0.0423 ptv_max=0.00025 ring=0.00000 smooth=0.0051 laplacian=0.0122 beam=0.09326 homogeneity=0.0035 body=0.00000 bowel=0.01308 femur=0.00000
2026-05-22 21:15:38 [INFO] Step 50/54 Loss=8.1228 mse=0.0938 v_opt=0.00533 v_mand=0.00005 ptv=0.0628 ptv_max=0.00009 ring=0.00000 smooth=0.0061 laplacian=0.0139 beam=0.19948 homogeneity=0.0030 body=0.00000 bowel=0.00000 femur=0.00000
2026-05-22 21:15:41 [INFO] Step 54/54 Loss=6.3628 mse=0.0765 v_opt=0.00065 v_mand=0.00000 ptv=0.0505 ptv_max=0.00024 ring=0.00000 smooth=0.0059 laplacian=0.0128 beam=0.15034 homogeneity=0.0040 body=0.00000 bowel=0.00000 femur=0.00000
2026-05-22 21:15:41 [INFO] Running validation at epoch 223...
2026-05-22 21:16:10 [INFO] Epoch 223 Summary: Train=9.6366 Val=0.0047 (MSE=0.0047)
          Metrics: PTV_D95=55.29Gy Bladder=25.73Gy Rectum=29.35Gy
          Metrics: Ring=44.35Gy Dmax=1437.48Gy BG=13.64Gy
2026-05-22 21:16:10 [INFO] Epoch 224/300 [FULL PHYSICS] ramp=1.000 lr=1.62e-05
2026-05-22 21:16:17 [INFO] Step 5/54 Loss=5.3779 mse=0.0860 v_opt=0.00018 v_mand=0.00000 ptv=0.0572 ptv_max=0.00013 ring=0.00000 smooth=0.0050 laplacian=0.0111 beam=0.10055 homogeneity=0.0031 body=0.00000 bowel=0.00000 femur=0.00000
2026-05-22 21:16:20 [INFO] Step 10/54 Loss=2.4054 mse=0.0599 v_opt=0.02388 v_mand=0.00367 ptv=0.0491 ptv_max=0.00021 ring=0.00000 smooth=0.0033 laplacian=0.0059 beam=0.00224 homogeneity=0.0033 body=0.00000 bowel=0.00000 femur=0.00000
2026-05-22 21:16:23 [INFO] Step 15/54 Loss=1.8733 mse=0.0387 v_opt=0.00723 v_mand=0.00059 ptv=0.0489 ptv_max=0.00008 ring=0.00000 smooth=0.0026 laplacian=0.0052 beam=0.01157 homogeneity=0.0022 body=0.00000 bowel=0.00000 femur=0.00000
2026-05-22 21:16:26 [INFO] Step 20/54 Loss=2.7503 mse=0.0780 v_opt=0.00459 v_mand=0.00002 ptv=0.0716 ptv_max=0.00002 ring=0.00000 smooth=0.0025 laplacian=0.0038 beam=0.00000 homogeneity=0.0025 body=0.00000 bowel=0.00000 femur=0.00000
2026-05-22 21:16:31 [INFO] Step 25/54 Loss=10.6785 mse=0.1952 v_opt=0.02466 v_mand=0.00199 ptv=0.0581 ptv_max=0.00008 ring=0.00000 smooth=0.0080 laplacian=0.0176 beam=0.19506 homogeneity=0.0021 body=0.00000 bowel=0.00278 femur=0.00000
2026-05-22 21:16:34 [INFO] Step 30/54 Loss=4.2510 mse=0.1099 v_opt=0.01389 v_mand=0.00003 ptv=0.0950 ptv_max=0.00013 ring=0.00018 smooth=0.0138 laplacian=0.0322 beam=0.00972 homogeneity=0.0043 body=0.00000 bowel=0.00000 femur=0.00000
2026-05-22 21:16:37 [INFO] Step 35/54 Loss=11.1778 mse=0.1360 v_opt=0.00027 v_mand=0.00000 ptv=0.0373 ptv_max=0.00015 ring=0.00000 smooth=0.0054 laplacian=0.0120 beam=0.29081 homogeneity=0.0023 body=0.00000 bowel=0.00000 femur=0.00000
2026-05-22 21:16:39 [INFO] Step 40/54 Loss=3.0409 mse=0.0589 v_opt=0.00000 v_mand=0.00000 ptv=0.0713 ptv_max=0.00003 ring=0.00000 smooth=0.0033 laplacian=0.0062 beam=0.03078 homogeneity=0.0023 body=0.00000 bowel=0.00000 femur=0.00000
2026-05-22 21:16:45 [INFO] Step 45/54 Loss=9.0641 mse=0.1212 v_opt=0.00307 v_mand=0.00017 ptv=0.0485 ptv_max=0.00017 ring=0.00000 smooth=0.0062 laplacian=0.0132 beam=0.21540 homogeneity=0.0026 body=0.00000 bowel=0.00000 femur=0.00000
2026-05-22 21:16:48 [INFO] Step 50/54 Loss=4.7224 mse=0.1409 v_opt=0.00895 v_mand=0.00002 ptv=0.0457 ptv_max=0.00024 ring=0.00003 smooth=0.0090 laplacian=0.0196 beam=0.02070 homogeneity=0.0031 body=0.00000 bowel=0.00000 femur=0.00000
2026-05-22 21:16:50 [INFO] Step 54/54 Loss=14.9385 mse=0.3950 v_opt=0.05109 v_mand=0.00703 ptv=0.0225 ptv_max=0.00150 ring=0.00019 smooth=0.0229 laplacian=0.0564 beam=0.14365 homogeneity=0.0060 body=0.00000 bowel=0.00025 femur=0.01375
2026-05-22 21:16:50 [INFO] Running validation at epoch 224...
2026-05-22 21:17:20 [INFO] Epoch 224 Summary: Train=7.1767 Val=0.0047 (MSE=0.0047)
          Metrics: PTV_D95=58.10Gy Bladder=26.76Gy Rectum=31.78Gy
          Metrics: Ring=46.48Gy Dmax=1550.83Gy BG=13.88Gy
2026-05-22 21:17:20 [INFO] Epoch 225/300 [FULL PHYSICS] ramp=1.000 lr=1.59e-05
2026-05-22 21:17:26 [INFO] Step 5/54 Loss=8.7766 mse=0.1102 v_opt=0.02104 v_mand=0.00021 ptv=0.0485 ptv_max=0.00017 ring=0.00000 smooth=0.0045 laplacian=0.0093 beam=0.21407 homogeneity=0.0027 body=0.00000 bowel=0.00000 femur=0.00000
2026-05-22 21:17:29 [INFO] Step 10/54 Loss=13.9754 mse=0.1281 v_opt=0.00181 v_mand=0.00000 ptv=0.0797 ptv_max=0.00019 ring=0.00000 smooth=0.0674 laplacian=0.1748 beam=0.34601 homogeneity=0.0027 body=0.00000 bowel=0.01986 femur=0.00000
2026-05-22 21:17:32 [INFO] Step 15/54 Loss=3.4758 mse=0.0601 v_opt=0.01065 v_mand=0.00007 ptv=0.0856 ptv_max=0.00004 ring=0.00000 smooth=0.0052 laplacian=0.0103 beam=0.03787 homogeneity=0.0042 body=0.00000 bowel=0.00000 femur=0.00000
2026-05-22 21:17:35 [INFO] Step 20/54 Loss=6.8983 mse=0.1061 v_opt=0.00200 v_mand=0.00000 ptv=0.0767 ptv_max=0.00001 ring=0.00004 smooth=0.0072 laplacian=0.0161 beam=0.13408 homogeneity=0.0017 body=0.00000 bowel=0.00000 femur=0.00000
2026-05-22 21:17:39 [INFO] Step 25/54 Loss=11.6069 mse=0.1051 v_opt=0.10038 v_mand=0.02983 ptv=0.0282 ptv_max=0.00024 ring=0.00000 smooth=0.0055 laplacian=0.0134 beam=0.27348 homogeneity=0.0029 body=0.00000 bowel=0.00000 femur=0.00000
2026-05-22 21:17:43 [INFO] Step 30/54 Loss=5.2173 mse=0.0840 v_opt=0.01290 v_mand=0.00003 ptv=0.0805 ptv_max=0.00030 ring=0.00003 smooth=0.0099 laplacian=0.0229 beam=0.08188 homogeneity=0.0034 body=0.00000 bowel=0.00000 femur=0.00000
2026-05-22 21:17:46 [INFO] Step 35/54 Loss=13.9371 mse=0.1281 v_opt=0.00273 v_mand=0.00023 ptv=0.0344 ptv_max=0.00070 ring=0.00000 smooth=0.0128 laplacian=0.0308 beam=0.40047 homogeneity=0.0045 body=0.00000 bowel=0.00000 femur=0.00000
2026-05-22 21:17:49 [INFO] Step 40/54 Loss=5.7394 mse=0.0836 v_opt=0.00055 v_mand=0.00000 ptv=0.0548 ptv_max=0.00008 ring=0.00000 smooth=0.0045 laplacian=0.0094 beam=0.11973 homogeneity=0.0021 body=0.00000 bowel=0.00000 femur=0.00000
2026-05-22 21:17:52 [INFO] Step 45/54 Loss=2.0570 mse=0.0330 v_opt=0.00341 v_mand=0.00000 ptv=0.0976 ptv_max=0.00015 ring=0.00000 smooth=0.0030 laplacian=0.0056 beam=0.00211 homogeneity=0.0071 body=0.00000 bowel=0.00000 femur=0.00000
2026-05-22 21:17:58 [INFO] Step 50/54 Loss=12.7993 mse=0.2537 v_opt=0.01591 v_mand=0.00046 ptv=0.0511 ptv_max=0.00028 ring=0.00025 smooth=0.0381 laplacian=0.0889 beam=0.21226 homogeneity=0.0028 body=0.00000 bowel=0.00000 femur=0.00000
2026-05-22 21:18:00 [INFO] Step 54/54 Loss=28.8714 mse=0.0791 v_opt=0.72105 v_mand=0.49466 ptv=0.0633 ptv_max=0.00005 ring=0.00000 smooth=0.0030 laplacian=0.0052 beam=0.00000 homogeneity=0.0025 body=0.00000 bowel=0.00000 femur=0.00000
2026-05-22 21:18:00 [INFO] Running validation at epoch 225...
2026-05-22 21:18:30 [INFO] Epoch 225 Summary: Train=8.4342 Val=0.0047 (MSE=0.0047)
          Metrics: PTV_D95=56.33Gy Bladder=26.99Gy Rectum=30.36Gy
          Metrics: Ring=45.68Gy Dmax=1601.46Gy BG=13.60Gy
2026-05-22 21:18:30 [INFO] Epoch 226/300 [FULL PHYSICS] ramp=1.000 lr=1.55e-05
2026-05-22 21:18:35 [INFO] Step 5/54 Loss=18.5146 mse=0.3297 v_opt=0.01350 v_mand=0.00000 ptv=0.0823 ptv_max=0.00241 ring=0.01078 smooth=0.0302 laplacian=0.0756 beam=0.32991 homogeneity=0.0118 body=0.00000 bowel=0.00039 femur=0.00000
2026-05-22 21:18:39 [INFO] Step 10/54 Loss=4.9146 mse=0.0526 v_opt=0.02041 v_mand=0.00072 ptv=0.0434 ptv_max=0.00028 ring=0.00000 smooth=0.0037 laplacian=0.0069 beam=0.11758 homogeneity=0.0034 body=0.00000 bowel=0.00000 femur=0.00000
2026-05-22 21:18:42 [INFO] Step 15/54 Loss=8.4030 mse=0.2726 v_opt=0.00915 v_mand=0.00000 ptv=0.0625 ptv_max=0.00019 ring=0.00010 smooth=0.0102 laplacian=0.0215 beam=0.01639 homogeneity=0.0028 body=0.00000 bowel=0.02208 femur=0.00000
2026-05-22 21:18:45 [INFO] Step 20/54 Loss=11.2168 mse=0.2342 v_opt=0.00667 v_mand=0.00000 ptv=0.0359 ptv_max=0.00157 ring=0.00035 smooth=0.0392 laplacian=0.0953 beam=0.15928 homogeneity=0.0065 body=0.00000 bowel=0.00816 femur=0.00000
2026-05-22 21:18:50 [INFO] Step 25/54 Loss=2.5377 mse=0.0380 v_opt=0.01449 v_mand=0.00000 ptv=0.0789 ptv_max=0.00002 ring=0.00000 smooth=0.0045 laplacian=0.0096 beam=0.02640 homogeneity=0.0027 body=0.00000 bowel=0.00000 femur=0.00000
2026-05-22 21:18:53 [INFO] Step 30/54 Loss=13.0521 mse=0.1676 v_opt=0.00424 v_mand=0.00000 ptv=0.0221 ptv_max=0.00049 ring=0.00000 smooth=0.0071 laplacian=0.0166 beam=0.33551 homogeneity=0.0040 body=0.00000 bowel=0.00000 femur=0.00000
2026-05-22 21:18:56 [INFO] Step 35/54 Loss=3.3883 mse=0.0841 v_opt=0.01325 v_mand=0.00000 ptv=0.0491 ptv_max=0.00009 ring=0.00000 smooth=0.0059 laplacian=0.0128 beam=0.02566 homogeneity=0.0022 body=0.00000 bowel=0.00000 femur=0.00000
2026-05-22 21:18:59 [INFO] Step 40/54 Loss=12.4837 mse=0.1408 v_opt=0.02625 v_mand=0.00101 ptv=0.0291 ptv_max=0.00025 ring=0.00000 smooth=0.0153 laplacian=0.0386 beam=0.33068 homogeneity=0.0028 body=0.00000 bowel=0.00000 femur=0.00000
2026-05-22 21:19:04 [INFO] Step 45/54 Loss=2.3686 mse=0.0602 v_opt=0.00501 v_mand=0.00009 ptv=0.0634 ptv_max=0.00005 ring=0.00000 smooth=0.0030 laplacian=0.0052 beam=0.00515 homogeneity=0.0025 body=0.00000 bowel=0.00000 femur=0.00000
2026-05-22 21:19:07 [INFO] Step 50/54 Loss=10.7564 mse=0.1901 v_opt=0.02184 v_mand=0.00134 ptv=0.0651 ptv_max=0.00013 ring=0.00000 smooth=0.0175 laplacian=0.0407 beam=0.19288 homogeneity=0.0032 body=0.00000 bowel=0.00770 femur=0.00000
2026-05-22 21:19:09 [INFO] Step 54/54 Loss=7.8266 mse=0.1173 v_opt=0.01434 v_mand=0.00029 ptv=0.0590 ptv_max=0.00006 ring=0.00000 smooth=0.0086 laplacian=0.0200 beam=0.16336 homogeneity=0.0030 body=0.00000 bowel=0.00000 femur=0.00000
2026-05-22 21:19:09 [INFO] Running validation at epoch 226...
2026-05-22 21:19:39 [INFO] Epoch 226 Summary: Train=8.3637 Val=0.0046 (MSE=0.0046)
          Metrics: PTV_D95=55.99Gy Bladder=26.43Gy Rectum=28.71Gy
          Metrics: Ring=45.04Gy Dmax=1474.50Gy BG=13.67Gy
2026-05-22 21:19:39 [INFO] [PHYSICS] Saved best model val_loss=0.0046
2026-05-22 21:19:39 [INFO] Epoch 227/300 [FULL PHYSICS] ramp=1.000 lr=1.51e-05
2026-05-22 21:19:45 [INFO] Step 5/54 Loss=6.2543 mse=0.0390 v_opt=0.00858 v_mand=0.00009 ptv=0.0718 ptv_max=0.00008 ring=0.00000 smooth=0.0034 laplacian=0.0068 beam=0.17670 homogeneity=0.0037 body=0.00000 bowel=0.00000 femur=0.00000
2026-05-22 21:19:48 [INFO] Step 10/54 Loss=4.3311 mse=0.0312 v_opt=0.00487 v_mand=0.00178 ptv=0.0317 ptv_max=0.00051 ring=0.00000 smooth=0.0053 laplacian=0.0130 beam=0.11617 homogeneity=0.0042 body=0.00000 bowel=0.00000 femur=0.00000
2026-05-22 21:19:51 [INFO] Step 15/54 Loss=6.5129 mse=0.1621 v_opt=0.00844 v_mand=0.00001 ptv=0.0529 ptv_max=0.00015 ring=0.00002 smooth=0.0074 laplacian=0.0153 beam=0.06961 homogeneity=0.0034 body=0.00000 bowel=0.00000 femur=0.00000
2026-05-22 21:19:54 [INFO] Step 20/54 Loss=2.8060 mse=0.0663 v_opt=0.00320 v_mand=0.00002 ptv=0.0596 ptv_max=0.00007 ring=0.00001 smooth=0.0054 laplacian=0.0116 beam=0.01695 homogeneity=0.0024 body=0.00000 bowel=0.00000 femur=0.00000
2026-05-22 21:19:59 [INFO] Step 25/54 Loss=3.9024 mse=0.1003 v_opt=0.00281 v_mand=0.00000 ptv=0.0522 ptv_max=0.00006 ring=0.00000 smooth=0.0039 laplacian=0.0076 beam=0.03116 homogeneity=0.0019 body=0.00000 bowel=0.00000 femur=0.00000
2026-05-22 21:20:02 [INFO] Step 30/54 Loss=11.7809 mse=0.1768 v_opt=0.02300 v_mand=0.00229 ptv=0.0330 ptv_max=0.00113 ring=0.00005 smooth=0.0207 laplacian=0.0481 beam=0.22922 homogeneity=0.0064 body=0.00000 bowel=0.03860 femur=0.00000
2026-05-22 21:20:05 [INFO] Step 35/54 Loss=12.1650 mse=0.1680 v_opt=0.02519 v_mand=0.00079 ptv=0.0245 ptv_max=0.00046 ring=0.00000 smooth=0.0063 laplacian=0.0148 beam=0.29631 homogeneity=0.0037 body=0.00000 bowel=0.00000 femur=0.00000
2026-05-22 21:20:08 [INFO] Step 40/54 Loss=3.7696 mse=0.0269 v_opt=0.01509 v_mand=0.00123 ptv=0.0599 ptv_max=0.00013 ring=0.00000 smooth=0.0018 laplacian=0.0033 beam=0.09207 homogeneity=0.0033 body=0.00000 bowel=0.00000 femur=0.00000
2026-05-22 21:20:13 [INFO] Step 45/54 Loss=2.8267 mse=0.0635 v_opt=0.00925 v_mand=0.00038 ptv=0.0546 ptv_max=0.00011 ring=0.00000 smooth=0.0027 laplacian=0.0050 beam=0.02249 homogeneity=0.0025 body=0.00000 bowel=0.00000 femur=0.00000
2026-05-22 21:20:16 [INFO] Step 50/54 Loss=5.0110 mse=0.0581 v_opt=0.01110 v_mand=0.00033 ptv=0.0709 ptv_max=0.00006 ring=0.00000 smooth=0.0036 laplacian=0.0070 beam=0.10823 homogeneity=0.0025 body=0.00000 bowel=0.00039 femur=0.00000
2026-05-22 21:20:19 [INFO] Step 54/54 Loss=11.3677 mse=0.1605 v_opt=0.00353 v_mand=0.00002 ptv=0.0574 ptv_max=0.00010 ring=0.00003 smooth=0.0117 laplacian=0.0279 beam=0.26199 homogeneity=0.0028 body=0.00000 bowel=0.00000 femur=0.00000
2026-05-22 21:20:19 [INFO] Running validation at epoch 227...
2026-05-22 21:20:48 [INFO] Epoch 227 Summary: Train=7.9826 Val=0.0046 (MSE=0.0046)
          Metrics: PTV_D95=56.03Gy Bladder=26.40Gy Rectum=30.02Gy
          Metrics: Ring=45.58Gy Dmax=1497.49Gy BG=13.52Gy
2026-05-22 21:20:48 [INFO] [PHYSICS] Saved best model val_loss=0.0046
2026-05-22 21:20:48 [INFO] Epoch 228/300 [FULL PHYSICS] ramp=1.000 lr=1.48e-05
2026-05-22 21:20:55 [INFO] Step 5/54 Loss=2.6355 mse=0.0680 v_opt=0.00004 v_mand=0.00000 ptv=0.0837 ptv_max=0.00005 ring=0.00000 smooth=0.0020 laplacian=0.0025 beam=0.00044 homogeneity=0.0032 body=0.00000 bowel=0.00000 femur=0.00000
2026-05-22 21:20:58 [INFO] Step 10/54 Loss=13.1341 mse=0.1958 v_opt=0.02497 v_mand=0.00213 ptv=0.0430 ptv_max=0.00026 ring=0.00000 smooth=0.0207 laplacian=0.0518 beam=0.28851 homogeneity=0.0032 body=0.00000 bowel=0.00367 femur=0.00000
2026-05-22 21:21:01 [INFO] Step 15/54 Loss=7.9599 mse=0.1326 v_opt=0.02801 v_mand=0.00056 ptv=0.0557 ptv_max=0.00056 ring=0.00003 smooth=0.0169 laplacian=0.0425 beam=0.14439 homogeneity=0.0040 body=0.00000 bowel=0.00000 femur=0.00000
2026-05-22 21:21:04 [INFO] Step 20/54 Loss=5.1876 mse=0.0922 v_opt=0.00803 v_mand=0.00000 ptv=0.0487 ptv_max=0.00010 ring=0.00000 smooth=0.0064 laplacian=0.0149 beam=0.08968 homogeneity=0.0021 body=0.00000 bowel=0.00000 femur=0.00000
2026-05-22 21:21:09 [INFO] Step 25/54 Loss=6.2198 mse=0.1262 v_opt=0.05029 v_mand=0.00728 ptv=0.0568 ptv_max=0.00008 ring=0.00004 smooth=0.0032 laplacian=0.0070 beam=0.07739 homogeneity=0.0017 body=0.00000 bowel=0.00100 femur=0.00000
2026-05-22 21:21:12 [INFO] Step 30/54 Loss=15.1053 mse=0.2623 v_opt=0.01510 v_mand=0.00049 ptv=0.0423 ptv_max=0.00050 ring=0.00009 smooth=0.0225 laplacian=0.0535 beam=0.30436 homogeneity=0.0042 body=0.00000 bowel=0.00085 femur=0.00000
2026-05-22 21:21:15 [INFO] Step 35/54 Loss=11.1358 mse=0.1997 v_opt=0.04276 v_mand=0.00330 ptv=0.0307 ptv_max=0.00082 ring=0.00022 smooth=0.0086 laplacian=0.0185 beam=0.21059 homogeneity=0.0044 body=0.00000 bowel=0.00000 femur=0.00052
2026-05-22 21:21:18 [INFO] Step 40/54 Loss=12.7748 mse=0.1552 v_opt=0.02851 v_mand=0.00132 ptv=0.0395 ptv_max=0.00019 ring=0.00000 smooth=0.0154 laplacian=0.0376 beam=0.32376 homogeneity=0.0026 body=0.00000 bowel=0.00000 femur=0.00000
2026-05-22 21:21:22 [INFO] Step 45/54 Loss=11.6974 mse=0.2646 v_opt=0.00044 v_mand=0.00000 ptv=0.0413 ptv_max=0.00038 ring=0.00000 smooth=0.0182 laplacian=0.0437 beam=0.17275 homogeneity=0.0028 body=0.00000 bowel=0.00000 femur=0.00000
2026-05-22 21:21:26 [INFO] Step 50/54 Loss=17.4192 mse=0.3813 v_opt=0.00000 v_mand=0.00000 ptv=0.0975 ptv_max=0.00070 ring=0.00095 smooth=0.0496 laplacian=0.1064 beam=0.22552 homogeneity=0.0059 body=0.00000 bowel=0.03026 femur=0.00000
2026-05-22 21:21:28 [INFO] Step 54/54 Loss=2.8405 mse=0.0639 v_opt=0.00065 v_mand=0.00003 ptv=0.0316 ptv_max=0.00027 ring=0.00000 smooth=0.0031 laplacian=0.0061 beam=0.03162 homogeneity=0.0029 body=0.00000 bowel=0.00000 femur=0.00000
2026-05-22 21:21:28 [INFO] Running validation at epoch 228...
2026-05-22 21:21:57 [INFO] Epoch 228 Summary: Train=7.9127 Val=0.0045 (MSE=0.0045)
          Metrics: PTV_D95=57.10Gy Bladder=25.68Gy Rectum=29.76Gy
          Metrics: Ring=45.59Gy Dmax=1608.47Gy BG=13.57Gy
2026-05-22 21:21:57 [INFO] [PHYSICS] Saved best model val_loss=0.0045
2026-05-22 21:21:57 [INFO] Epoch 229/300 [FULL PHYSICS] ramp=1.000 lr=1.44e-05
2026-05-22 21:22:04 [INFO] Step 5/54 Loss=10.1805 mse=0.3063 v_opt=0.00463 v_mand=0.00002 ptv=0.0583 ptv_max=0.00063 ring=0.00031 smooth=0.0628 laplacian=0.1590 beam=0.03298 homogeneity=0.0035 body=0.00000 bowel=0.00000 femur=0.00784
2026-05-22 21:22:07 [INFO] Step 10/54 Loss=7.9688 mse=0.0711 v_opt=0.00063 v_mand=0.00000 ptv=0.0604 ptv_max=0.00012 ring=0.00000 smooth=0.0073 laplacian=0.0163 beam=0.21730 homogeneity=0.0024 body=0.00000 bowel=0.00000 femur=0.00000
2026-05-22 21:22:09 [INFO] Step 15/54 Loss=2.8969 mse=0.0645 v_opt=0.00136 v_mand=0.00000 ptv=0.0507 ptv_max=0.00009 ring=0.00000 smooth=0.0031 laplacian=0.0057 beam=0.02749 homogeneity=0.0021 body=0.00000 bowel=0.00000 femur=0.00000
2026-05-22 21:22:12 [INFO] Step 20/54 Loss=8.4064 mse=0.2779 v_opt=0.00078 v_mand=0.00000 ptv=0.0526 ptv_max=0.00008 ring=0.00000 smooth=0.0045 laplacian=0.0097 beam=0.03322 homogeneity=0.0018 body=0.00000 bowel=0.00000 femur=0.00000
2026-05-22 21:22:18 [INFO] Step 25/54 Loss=7.0032 mse=0.1073 v_opt=0.01828 v_mand=0.00025 ptv=0.0501 ptv_max=0.00016 ring=0.00000 smooth=0.0057 laplacian=0.0127 beam=0.14381 homogeneity=0.0026 body=0.00000 bowel=0.00200 femur=0.00000
2026-05-22 21:22:21 [INFO] Step 30/54 Loss=1.7835 mse=0.0523 v_opt=0.00172 v_mand=0.00036 ptv=0.0344 ptv_max=0.00025 ring=0.00000 smooth=0.0012 laplacian=0.0019 beam=0.00024 homogeneity=0.0028 body=0.00000 bowel=0.00000 femur=0.00000
2026-05-22 21:22:24 [INFO] Step 35/54 Loss=3.6393 mse=0.0690 v_opt=0.00086 v_mand=0.00006 ptv=0.0401 ptv_max=0.00035 ring=0.00000 smooth=0.0017 laplacian=0.0032 beam=0.05484 homogeneity=0.0034 body=0.00000 bowel=0.00000 femur=0.00000
2026-05-22 21:22:26 [INFO] Step 40/54 Loss=9.8968 mse=0.0936 v_opt=0.00445 v_mand=0.00003 ptv=0.0939 ptv_max=0.00013 ring=0.00005 smooth=0.0143 laplacian=0.0330 beam=0.24858 homogeneity=0.0096 body=0.00000 bowel=0.00000 femur=0.00000
2026-05-22 21:22:32 [INFO] Step 45/54 Loss=11.6204 mse=0.1894 v_opt=0.01914 v_mand=0.00041 ptv=0.0541 ptv_max=0.00018 ring=0.00000 smooth=0.0080 laplacian=0.0189 beam=0.24408 homogeneity=0.0028 body=0.00000 bowel=0.00000 femur=0.00000
2026-05-22 21:22:35 [INFO] Step 50/54 Loss=8.3011 mse=0.1356 v_opt=0.00788 v_mand=0.00001 ptv=0.0608 ptv_max=0.00008 ring=0.00003 smooth=0.0108 laplacian=0.0242 beam=0.16308 homogeneity=0.0033 body=0.00000 bowel=0.00000 femur=0.00000
2026-05-22 21:22:37 [INFO] Step 54/54 Loss=3.3031 mse=0.0893 v_opt=0.00381 v_mand=0.00000 ptv=0.0672 ptv_max=0.00009 ring=0.00007 smooth=0.0034 laplacian=0.0076 beam=0.01154 homogeneity=0.0022 body=0.00000 bowel=0.00000 femur=0.00000
2026-05-22 21:22:38 [INFO] Running validation at epoch 229...
2026-05-22 21:23:07 [INFO] Epoch 229 Summary: Train=11.1076 Val=0.0045 (MSE=0.0045)
          Metrics: PTV_D95=56.14Gy Bladder=26.17Gy Rectum=29.08Gy
          Metrics: Ring=44.72Gy Dmax=1418.56Gy BG=13.37Gy
2026-05-22 21:23:07 [INFO] [PHYSICS] Saved best model val_loss=0.0045
2026-05-22 21:23:07 [INFO] Epoch 230/300 [FULL PHYSICS] ramp=1.000 lr=1.41e-05
2026-05-22 21:23:13 [INFO] Step 5/54 Loss=13.2145 mse=0.1498 v_opt=0.00000 v_mand=0.00000 ptv=0.0279 ptv_max=0.00042 ring=0.00000 smooth=0.0081 laplacian=0.0196 beam=0.35800 homogeneity=0.0035 body=0.00000 bowel=0.00000 femur=0.00000
2026-05-22 21:23:16 [INFO] Step 10/54 Loss=7.0055 mse=0.1914 v_opt=0.01477 v_mand=0.00040 ptv=0.0581 ptv_max=0.00004 ring=0.00000 smooth=0.0083 laplacian=0.0184 beam=0.05798 homogeneity=0.0017 body=0.00000 bowel=0.00000 femur=0.00000
2026-05-22 21:23:19 [INFO] Step 15/54 Loss=21.6989 mse=0.3740 v_opt=0.01968 v_mand=0.00131 ptv=0.0346 ptv_max=0.00141 ring=0.00261 smooth=0.0639 laplacian=0.1463 beam=0.42993 homogeneity=0.0053 body=0.00000 bowel=0.00000 femur=0.00000
2026-05-22 21:23:22 [INFO] Step 20/54 Loss=7.2999 mse=0.0683 v_opt=0.00000 v_mand=0.00000 ptv=0.0626 ptv_max=0.00008 ring=0.00000 smooth=0.0056 laplacian=0.0126 beam=0.19334 homogeneity=0.0026 body=0.00000 bowel=0.00000 femur=0.00000
2026-05-22 21:23:28 [INFO] Step 25/54 Loss=8.1804 mse=0.1173 v_opt=0.00471 v_mand=0.00000 ptv=0.0538 ptv_max=0.00015 ring=0.00000 smooth=0.0071 laplacian=0.0168 beam=0.18141 homogeneity=0.0026 body=0.00000 bowel=0.00000 femur=0.00000
2026-05-22 21:23:31 [INFO] Step 30/54 Loss=4.6747 mse=0.1319 v_opt=0.01209 v_mand=0.00025 ptv=0.0566 ptv_max=0.00054 ring=0.00009 smooth=0.0180 laplacian=0.0468 beam=0.01011 homogeneity=0.0040 body=0.00000 bowel=0.00715 femur=0.00000
2026-05-22 21:23:34 [INFO] Step 35/54 Loss=8.2573 mse=0.1018 v_opt=0.00373 v_mand=0.00000 ptv=0.0589 ptv_max=0.00006 ring=0.00001 smooth=0.0075 laplacian=0.0171 beam=0.19851 homogeneity=0.0026 body=0.00000 bowel=0.00000 femur=0.00000
2026-05-22 21:23:37 [INFO] Step 40/54 Loss=8.1182 mse=0.1253 v_opt=0.01869 v_mand=0.00068 ptv=0.0956 ptv_max=0.00026 ring=0.00019 smooth=0.0151 laplacian=0.0355 beam=0.13787 homogeneity=0.0138 body=0.00000 bowel=0.00000 femur=0.00000
2026-05-22 21:23:42 [INFO] Step 45/54 Loss=2.5150 mse=0.0641 v_opt=0.00009 v_mand=0.00000 ptv=0.0521 ptv_max=0.00018 ring=0.00000 smooth=0.0032 laplacian=0.0065 beam=0.01073 homogeneity=0.0030 body=0.00000 bowel=0.00000 femur=0.00000
2026-05-22 21:23:45 [INFO] Step 50/54 Loss=5.7381 mse=0.0490 v_opt=0.00394 v_mand=0.00000 ptv=0.0655 ptv_max=0.00005 ring=0.00001 smooth=0.0066 laplacian=0.0150 beam=0.14870 homogeneity=0.0022 body=0.00000 bowel=0.00000 femur=0.00000
2026-05-22 21:23:47 [INFO] Step 54/54 Loss=17.2216 mse=0.3950 v_opt=0.05519 v_mand=0.00896 ptv=0.0674 ptv_max=0.00276 ring=0.00430 smooth=0.0831 laplacian=0.1965 beam=0.17442 homogeneity=0.0089 body=0.00000 bowel=0.00000 femur=0.00340
2026-05-22 21:23:47 [INFO] Running validation at epoch 230...
2026-05-22 21:24:17 [INFO] Epoch 230 Summary: Train=9.5478 Val=0.0046 (MSE=0.0046)
          Metrics: PTV_D95=56.25Gy Bladder=26.64Gy Rectum=30.19Gy
          Metrics: Ring=45.83Gy Dmax=1477.11Gy BG=13.60Gy
2026-05-22 21:24:17 [INFO] Epoch 231/300 [FULL PHYSICS] ramp=1.000 lr=1.37e-05
2026-05-22 21:24:22 [INFO] Step 5/54 Loss=10.3518 mse=0.1834 v_opt=0.01551 v_mand=0.00031 ptv=0.0550 ptv_max=0.00009 ring=0.00000 smooth=0.0050 laplacian=0.0095 beam=0.20227 homogeneity=0.0024 body=0.00000 bowel=0.00000 femur=0.00000
2026-05-22 21:24:26 [INFO] Step 10/54 Loss=14.5006 mse=0.3682 v_opt=0.05352 v_mand=0.00773 ptv=0.0836 ptv_max=0.00032 ring=0.00053 smooth=0.0120 laplacian=0.0253 beam=0.09772 homogeneity=0.0044 body=0.00000 bowel=0.00330 femur=0.11920
2026-05-22 21:24:29 [INFO] Step 15/54 Loss=4.7290 mse=0.0834 v_opt=0.00708 v_mand=0.00016 ptv=0.0521 ptv_max=0.00006 ring=0.00000 smooth=0.0039 laplacian=0.0078 beam=0.08052 homogeneity=0.0018 body=0.00000 bowel=0.00000 femur=0.00000
2026-05-22 21:24:32 [INFO] Step 20/54 Loss=4.6853 mse=0.0696 v_opt=0.00698 v_mand=0.00016 ptv=0.0668 ptv_max=0.00004 ring=0.00000 smooth=0.0037 laplacian=0.0070 beam=0.08662 homogeneity=0.0023 body=0.00000 bowel=0.00000 femur=0.00000
2026-05-22 21:24:36 [INFO] Step 25/54 Loss=4.9345 mse=0.1024 v_opt=0.00026 v_mand=0.00000 ptv=0.0638 ptv_max=0.00006 ring=0.00001 smooth=0.0077 laplacian=0.0168 beam=0.06350 homogeneity=0.0024 body=0.00000 bowel=0.00000 femur=0.00000
2026-05-22 21:24:40 [INFO] Step 30/54 Loss=8.8269 mse=0.1017 v_opt=0.01382 v_mand=0.00007 ptv=0.0748 ptv_max=0.00033 ring=0.00039 smooth=0.0128 laplacian=0.0305 beam=0.20775 homogeneity=0.0045 body=0.00000 bowel=0.00000 femur=0.00000
2026-05-22 21:24:43 [INFO] Step 35/54 Loss=7.7806 mse=0.1125 v_opt=0.01048 v_mand=0.00015 ptv=0.0886 ptv_max=0.00026 ring=0.00002 smooth=0.0090 laplacian=0.0195 beam=0.13204 homogeneity=0.0103 body=0.00000 bowel=0.02677 femur=0.00000
2026-05-22 21:24:46 [INFO] Step 40/54 Loss=3.8415 mse=0.1123 v_opt=0.00997 v_mand=0.00002 ptv=0.0585 ptv_max=0.00012 ring=0.00000 smooth=0.0028 laplacian=0.0049 beam=0.01333 homogeneity=0.0024 body=0.00000 bowel=0.00000 femur=0.00000
2026-05-22 21:24:50 [INFO] Step 45/54 Loss=3.7540 mse=0.0345 v_opt=0.00324 v_mand=0.00008 ptv=0.0562 ptv_max=0.00005 ring=0.00000 smooth=0.0050 laplacian=0.0110 beam=0.08841 homogeneity=0.0020 body=0.00000 bowel=0.00000 femur=0.00000
2026-05-22 21:24:54 [INFO] Step 50/54 Loss=6.1409 mse=0.1168 v_opt=0.00458 v_mand=0.00000 ptv=0.0615 ptv_max=0.00005 ring=0.00005 smooth=0.0071 laplacian=0.0153 beam=0.09871 homogeneity=0.0020 body=0.00000 bowel=0.00000 femur=0.00000
2026-05-22 21:24:56 [INFO] Step 54/54 Loss=4.1787 mse=0.0462 v_opt=0.00073 v_mand=0.00000 ptv=0.0689 ptv_max=0.00006 ring=0.00000 smooth=0.0065 laplacian=0.0142 beam=0.08756 homogeneity=0.0028 body=0.00000 bowel=0.00000 femur=0.00000
2026-05-22 21:24:56 [INFO] Running validation at epoch 231...
2026-05-22 21:25:26 [INFO] Epoch 231 Summary: Train=7.4418 Val=0.0045 (MSE=0.0045)
          Metrics: PTV_D95=57.92Gy Bladder=26.83Gy Rectum=30.71Gy
          Metrics: Ring=46.45Gy Dmax=1420.51Gy BG=13.48Gy
2026-05-22 21:25:26 [INFO] Epoch 232/300 [FULL PHYSICS] ramp=1.000 lr=1.34e-05
2026-05-22 21:25:32 [INFO] Step 5/54 Loss=7.1884 mse=0.0365 v_opt=0.17291 v_mand=0.06922 ptv=0.0670 ptv_max=0.00013 ring=0.00000 smooth=0.0039 laplacian=0.0093 beam=0.06614 homogeneity=0.0039 body=0.00000 bowel=0.00000 femur=0.00000
2026-05-22 21:25:35 [INFO] Step 10/54 Loss=2.2004 mse=0.0468 v_opt=0.00080 v_mand=0.00000 ptv=0.0362 ptv_max=0.00019 ring=0.00000 smooth=0.0029 laplacian=0.0059 beam=0.02213 homogeneity=0.0026 body=0.00000 bowel=0.00000 femur=0.00000
2026-05-22 21:25:38 [INFO] Step 15/54 Loss=5.5648 mse=0.1228 v_opt=0.00431 v_mand=0.00000 ptv=0.0436 ptv_max=0.00009 ring=0.00000 smooth=0.0084 laplacian=0.0190 beam=0.07576 homogeneity=0.0019 body=0.00000 bowel=0.00000 femur=0.00000
2026-05-22 21:25:41 [INFO] Step 20/54 Loss=9.1174 mse=0.1233 v_opt=0.00436 v_mand=0.00000 ptv=0.0556 ptv_max=0.00005 ring=0.00000 smooth=0.0073 laplacian=0.0171 beam=0.21328 homogeneity=0.0019 body=0.00000 bowel=0.00000 femur=0.00000
2026-05-22 21:25:45 [INFO] Step 25/54 Loss=2.4632 mse=0.0349 v_opt=0.00395 v_mand=0.00000 ptv=0.0917 ptv_max=0.00001 ring=0.00000 smooth=0.0028 laplacian=0.0058 beam=0.02315 homogeneity=0.0028 body=0.00000 bowel=0.00000 femur=0.00000
2026-05-22 21:25:49 [INFO] Step 30/54 Loss=6.6683 mse=0.1484 v_opt=0.00311 v_mand=0.00002 ptv=0.0620 ptv_max=0.00006 ring=0.00002 smooth=0.0112 laplacian=0.0256 beam=0.08537 homogeneity=0.0025 body=0.00000 bowel=0.00000 femur=0.00000
2026-05-22 21:25:52 [INFO] Step 35/54 Loss=15.7690 mse=0.2923 v_opt=0.02349 v_mand=0.00257 ptv=0.0347 ptv_max=0.00114 ring=0.00009 smooth=0.0206 laplacian=0.0473 beam=0.26870 homogeneity=0.0052 body=0.00000 bowel=0.04594 femur=0.00000
2026-05-22 21:25:55 [INFO] Step 40/54 Loss=10.9155 mse=0.2508 v_opt=0.00786 v_mand=0.00000 ptv=0.0333 ptv_max=0.00044 ring=0.00000 smooth=0.0096 laplacian=0.0234 beam=0.16136 homogeneity=0.0035 body=0.00000 bowel=0.00000 femur=0.00000
2026-05-22 21:25:59 [INFO] Step 45/54 Loss=2.5910 mse=0.0718 v_opt=0.00311 v_mand=0.00008 ptv=0.0530 ptv_max=0.00012 ring=0.00000 smooth=0.0033 laplacian=0.0069 beam=0.00593 homogeneity=0.0025 body=0.00000 bowel=0.00000 femur=0.00000
2026-05-22 21:26:03 [INFO] Step 50/54 Loss=3.2458 mse=0.0839 v_opt=0.00604 v_mand=0.00003 ptv=0.0612 ptv_max=0.00002 ring=0.00000 smooth=0.0073 laplacian=0.0162 beam=0.01576 homogeneity=0.0019 body=0.00000 bowel=0.00000 femur=0.00000
2026-05-22 21:26:05 [INFO] Step 54/54 Loss=4.0669 mse=0.0260 v_opt=0.00325 v_mand=0.00000 ptv=0.0785 ptv_max=0.00001 ring=0.00000 smooth=0.0028 laplacian=0.0057 beam=0.10185 homogeneity=0.0024 body=0.00000 bowel=0.00000 femur=0.00000
2026-05-22 21:26:05 [INFO] Running validation at epoch 232...
2026-05-22 21:26:34 [INFO] Epoch 232 Summary: Train=8.9824 Val=0.0044 (MSE=0.0044)
          Metrics: PTV_D95=54.70Gy Bladder=25.81Gy Rectum=30.88Gy
          Metrics: Ring=44.32Gy Dmax=1705.72Gy BG=13.09Gy
2026-05-22 21:26:34 [INFO] [PHYSICS] Saved best model val_loss=0.0044
2026-05-22 21:26:34 [INFO] Epoch 233/300 [FULL PHYSICS] ramp=1.000 lr=1.30e-05
2026-05-22 21:26:41 [INFO] Step 5/54 Loss=3.7179 mse=0.0505 v_opt=0.00706 v_mand=0.00019 ptv=0.0789 ptv_max=0.00001 ring=0.00000 smooth=0.0036 laplacian=0.0066 beam=0.06233 homogeneity=0.0023 body=0.00000 bowel=0.00000 femur=0.00000
2026-05-22 21:26:44 [INFO] Step 10/54 Loss=5.2752 mse=0.0584 v_opt=0.02667 v_mand=0.00230 ptv=0.0831 ptv_max=0.00002 ring=0.00000 smooth=0.0034 laplacian=0.0072 beam=0.10789 homogeneity=0.0038 body=0.00000 bowel=0.00000 femur=0.00000
2026-05-22 21:26:47 [INFO] Step 15/54 Loss=6.3636 mse=0.0663 v_opt=0.02951 v_mand=0.00114 ptv=0.0580 ptv_max=0.00008 ring=0.00000 smooth=0.0043 laplacian=0.0093 beam=0.15571 homogeneity=0.0027 body=0.00000 bowel=0.00000 femur=0.00000
2026-05-22 21:26:50 [INFO] Step 20/54 Loss=8.5571 mse=0.1256 v_opt=0.03019 v_mand=0.00149 ptv=0.0509 ptv_max=0.00012 ring=0.00001 smooth=0.0121 laplacian=0.0281 beam=0.18169 homogeneity=0.0030 body=0.00000 bowel=0.00000 femur=0.00000
2026-05-22 21:26:55 [INFO] Step 25/54 Loss=5.0299 mse=0.0884 v_opt=0.01034 v_mand=0.00057 ptv=0.0392 ptv_max=0.00026 ring=0.00000 smooth=0.0083 laplacian=0.0190 beam=0.08700 homogeneity=0.0031 body=0.00000 bowel=0.00000 femur=0.00000
2026-05-22 21:26:57 [INFO] Step 30/54 Loss=4.5985 mse=0.0439 v_opt=0.00211 v_mand=0.00004 ptv=0.0415 ptv_max=0.00035 ring=0.00000 smooth=0.0036 laplacian=0.0084 beam=0.11603 homogeneity=0.0041 body=0.00000 bowel=0.00000 femur=0.00000
2026-05-22 21:27:01 [INFO] Step 35/54 Loss=4.1463 mse=0.0500 v_opt=0.00028 v_mand=0.00000 ptv=0.0454 ptv_max=0.00012 ring=0.00000 smooth=0.0028 laplacian=0.0053 beam=0.09377 homogeneity=0.0025 body=0.00000 bowel=0.00000 femur=0.00000
2026-05-22 21:27:04 [INFO] Step 40/54 Loss=4.1946 mse=0.0302 v_opt=0.00000 v_mand=0.00000 ptv=0.0667 ptv_max=0.00002 ring=0.00000 smooth=0.0054 laplacian=0.0128 beam=0.10666 homogeneity=0.0017 body=0.00000 bowel=0.00000 femur=0.00000
2026-05-22 21:27:10 [INFO] Step 45/54 Loss=3.7150 mse=0.1159 v_opt=0.00178 v_mand=0.00000 ptv=0.0597 ptv_max=0.00012 ring=0.00000 smooth=0.0063 laplacian=0.0141 beam=0.00319 homogeneity=0.0022 body=0.00000 bowel=0.00000 femur=0.00000
2026-05-22 21:27:13 [INFO] Step 50/54 Loss=5.9193 mse=0.1940 v_opt=0.00057 v_mand=0.00000 ptv=0.0383 ptv_max=0.00008 ring=0.00000 smooth=0.0063 laplacian=0.0143 beam=0.02225 homogeneity=0.0019 body=0.00000 bowel=0.00000 femur=0.00000
2026-05-22 21:27:15 [INFO] Step 54/54 Loss=5.7253 mse=0.0484 v_opt=0.00203 v_mand=0.00000 ptv=0.0581 ptv_max=0.00014 ring=0.00000 smooth=0.0042 laplacian=0.0090 beam=0.15220 homogeneity=0.0028 body=0.00000 bowel=0.00000 femur=0.00000
2026-05-22 21:27:15 [INFO] Running validation at epoch 233...
2026-05-22 21:27:44 [INFO] Epoch 233 Summary: Train=8.4078 Val=0.0046 (MSE=0.0046)
          Metrics: PTV_D95=56.27Gy Bladder=27.57Gy Rectum=30.41Gy
          Metrics: Ring=45.86Gy Dmax=1607.44Gy BG=13.41Gy
2026-05-22 21:27:44 [INFO] Epoch 234/300 [FULL PHYSICS] ramp=1.000 lr=1.27e-05
2026-05-22 21:27:50 [INFO] Step 5/54 Loss=10.9268 mse=0.2308 v_opt=0.04837 v_mand=0.01154 ptv=0.0389 ptv_max=0.00033 ring=0.00001 smooth=0.0170 laplacian=0.0428 beam=0.14960 homogeneity=0.0037 body=0.00000 bowel=0.00000 femur=0.00000
2026-05-22 21:27:53 [INFO] Step 10/54 Loss=7.6201 mse=0.2095 v_opt=0.01550 v_mand=0.00257 ptv=0.0466 ptv_max=0.00275 ring=0.00717 smooth=0.0716 laplacian=0.1906 beam=0.00142 homogeneity=0.0088 body=0.00000 bowel=0.00000 femur=0.00000
2026-05-22 21:27:56 [INFO] Step 15/54 Loss=3.0100 mse=0.0425 v_opt=0.00853 v_mand=0.00010 ptv=0.0585 ptv_max=0.00008 ring=0.00002 smooth=0.0037 laplacian=0.0077 beam=0.04911 homogeneity=0.0028 body=0.00000 bowel=0.00000 femur=0.00000
2026-05-22 21:27:59 [INFO] Step 20/54 Loss=5.4170 mse=0.1119 v_opt=0.00596 v_mand=0.00000 ptv=0.0414 ptv_max=0.00011 ring=0.00000 smooth=0.0097 laplacian=0.0253 beam=0.07996 homogeneity=0.0021 body=0.00000 bowel=0.00000 femur=0.00000
2026-05-22 21:28:03 [INFO] Step 25/54 Loss=2.7610 mse=0.0505 v_opt=0.00075 v_mand=0.00000 ptv=0.0698 ptv_max=0.00003 ring=0.00000 smooth=0.0027 laplacian=0.0046 beam=0.02845 homogeneity=0.0029 body=0.00000 bowel=0.00000 femur=0.00000
2026-05-22 21:28:07 [INFO] Step 30/54 Loss=11.6588 mse=0.1056 v_opt=0.00111 v_mand=0.00000 ptv=0.0541 ptv_max=0.00005 ring=0.00000 smooth=0.0162 laplacian=0.0396 beam=0.32862 homogeneity=0.0020 body=0.00000 bowel=0.00000 femur=0.00000
2026-05-22 21:28:10 [INFO] Step 35/54 Loss=8.6541 mse=0.0915 v_opt=0.00981 v_mand=0.00024 ptv=0.0490 ptv_max=0.00019 ring=0.00000 smooth=0.0074 laplacian=0.0167 beam=0.22623 homogeneity=0.0035 body=0.00000 bowel=0.00000 femur=0.00000
2026-05-22 21:28:13 [INFO] Step 40/54 Loss=3.3732 mse=0.0369 v_opt=0.00254 v_mand=0.00001 ptv=0.0438 ptv_max=0.00021 ring=0.00000 smooth=0.0025 laplacian=0.0052 beam=0.07524 homogeneity=0.0034 body=0.00000 bowel=0.00000 femur=0.00000
2026-05-22 21:28:17 [INFO] Step 45/54 Loss=12.7854 mse=0.2024 v_opt=0.01990 v_mand=0.00029 ptv=0.0443 ptv_max=0.00036 ring=0.00001 smooth=0.0161 laplacian=0.0366 beam=0.27646 homogeneity=0.0031 body=0.00000 bowel=0.00000 femur=0.00000
2026-05-22 21:28:21 [INFO] Step 50/54 Loss=10.5691 mse=0.0079 v_opt=0.25501 v_mand=0.14996 ptv=0.1110 ptv_max=0.00008 ring=0.00000 smooth=0.0011 laplacian=0.0023 beam=0.04448 homogeneity=0.0058 body=0.00000 bowel=0.00000 femur=0.00000
2026-05-22 21:28:24 [INFO] Step 54/54 Loss=2.4683 mse=0.0523 v_opt=0.00009 v_mand=0.00000 ptv=0.0877 ptv_max=0.00008 ring=0.00001 smooth=0.0034 laplacian=0.0067 beam=0.00410 homogeneity=0.0067 body=0.00000 bowel=0.00000 femur=0.00000
2026-05-22 21:28:24 [INFO] Running validation at epoch 234...
2026-05-22 21:28:53 [INFO] Epoch 234 Summary: Train=9.4398 Val=0.0044 (MSE=0.0044)
          Metrics: PTV_D95=55.68Gy Bladder=26.44Gy Rectum=29.59Gy
          Metrics: Ring=44.49Gy Dmax=1435.71Gy BG=13.17Gy
2026-05-22 21:28:53 [INFO] [PHYSICS] Saved best model val_loss=0.0044
2026-05-22 21:28:53 [INFO] Epoch 235/300 [FULL PHYSICS] ramp=1.000 lr=1.24e-05
2026-05-22 21:28:59 [INFO] Step 5/54 Loss=7.1612 mse=0.1106 v_opt=0.01369 v_mand=0.00005 ptv=0.0423 ptv_max=0.00023 ring=0.00000 smooth=0.0095 laplacian=0.0216 beam=0.14842 homogeneity=0.0041 body=0.00000 bowel=0.00000 femur=0.00000
2026-05-22 21:29:03 [INFO] Step 10/54 Loss=7.3765 mse=0.1250 v_opt=0.00395 v_mand=0.00000 ptv=0.0464 ptv_max=0.00014 ring=0.00001 smooth=0.0079 laplacian=0.0168 beam=0.14426 homogeneity=0.0029 body=0.00000 bowel=0.00000 femur=0.00000
2026-05-22 21:29:06 [INFO] Step 15/54 Loss=2.5544 mse=0.0635 v_opt=0.00199 v_mand=0.00000 ptv=0.0644 ptv_max=0.00002 ring=0.00000 smooth=0.0030 laplacian=0.0066 beam=0.00954 homogeneity=0.0020 body=0.00000 bowel=0.00000 femur=0.00000
2026-05-22 21:29:09 [INFO] Step 20/54 Loss=2.5121 mse=0.0691 v_opt=0.01846 v_mand=0.00112 ptv=0.0565 ptv_max=0.00011 ring=0.00000 smooth=0.0026 laplacian=0.0042 beam=0.00167 homogeneity=0.0021 body=0.00000 bowel=0.00014 femur=0.00000
2026-05-22 21:29:14 [INFO] Step 25/54 Loss=22.6471 mse=0.4561 v_opt=0.01070 v_mand=0.00002 ptv=0.0446 ptv_max=0.00079 ring=0.00043 smooth=0.0160 laplacian=0.0337 beam=0.37939 homogeneity=0.0037 body=0.00000 bowel=0.06070 femur=0.00000
2026-05-22 21:29:17 [INFO] Step 30/54 Loss=2.8427 mse=0.0605 v_opt=0.00090 v_mand=0.00001 ptv=0.0496 ptv_max=0.00009 ring=0.00000 smooth=0.0037 laplacian=0.0071 beam=0.02952 homogeneity=0.0021 body=0.00000 bowel=0.00000 femur=0.00000
2026-05-22 21:29:20 [INFO] Step 35/54 Loss=3.7926 mse=0.0265 v_opt=0.00015 v_mand=0.00000 ptv=0.0219 ptv_max=0.00054 ring=0.00000 smooth=0.0019 laplacian=0.0035 beam=0.10899 homogeneity=0.0042 body=0.00000 bowel=0.00000 femur=0.00000
2026-05-22 21:29:23 [INFO] Step 40/54 Loss=7.5613 mse=0.1861 v_opt=0.01211 v_mand=0.00002 ptv=0.0449 ptv_max=0.00015 ring=0.00000 smooth=0.0187 laplacian=0.0452 beam=0.08487 homogeneity=0.0022 body=0.00000 bowel=0.00009 femur=0.00000
2026-05-22 21:29:28 [INFO] Step 45/54 Loss=26.4922 mse=0.5088 v_opt=0.02013 v_mand=0.00012 ptv=0.0431 ptv_max=0.00178 ring=0.00100 smooth=0.0842 laplacian=0.1907 beam=0.39315 homogeneity=0.0061 body=0.00000 bowel=0.13498 femur=0.00000
2026-05-22 21:29:31 [INFO] Step 50/54 Loss=10.0196 mse=0.1282 v_opt=0.00918 v_mand=0.00000 ptv=0.0217 ptv_max=0.00038 ring=0.00000 smooth=0.0117 laplacian=0.0285 beam=0.25165 homogeneity=0.0038 body=0.00000 bowel=0.00000 femur=0.00000
2026-05-22 21:29:33 [INFO] Step 54/54 Loss=3.0553 mse=0.0810 v_opt=0.00310 v_mand=0.00000 ptv=0.0546 ptv_max=0.00008 ring=0.00000 smooth=0.0027 laplacian=0.0049 beam=0.01603 homogeneity=0.0019 body=0.00000 bowel=0.00000 femur=0.00000
2026-05-22 21:29:33 [INFO] Running validation at epoch 235...
2026-05-22 21:30:03 [INFO] Epoch 235 Summary: Train=8.1242 Val=0.0044 (MSE=0.0044)
          Metrics: PTV_D95=56.81Gy Bladder=26.75Gy Rectum=31.09Gy
          Metrics: Ring=45.84Gy Dmax=1417.47Gy BG=13.31Gy
2026-05-22 21:30:03 [INFO] Epoch 236/300 [FULL PHYSICS] ramp=1.000 lr=1.20e-05
2026-05-22 21:30:09 [INFO] Step 5/54 Loss=10.7063 mse=0.3285 v_opt=0.01033 v_mand=0.00020 ptv=0.0690 ptv_max=0.00248 ring=0.00378 smooth=0.0366 laplacian=0.0859 beam=0.02612 homogeneity=0.0089 body=0.00000 bowel=0.00305 femur=0.00016
2026-05-22 21:30:12 [INFO] Step 10/54 Loss=3.6396 mse=0.1068 v_opt=0.01770 v_mand=0.00085 ptv=0.0560 ptv_max=0.00008 ring=0.00000 smooth=0.0061 laplacian=0.0138 beam=0.00822 homogeneity=0.0020 body=0.00000 bowel=0.00000 femur=0.00000
2026-05-22 21:30:16 [INFO] Step 15/54 Loss=6.8444 mse=0.2142 v_opt=0.04456 v_mand=0.00372 ptv=0.0343 ptv_max=0.00040 ring=0.00010 smooth=0.0090 laplacian=0.0205 beam=0.02495 homogeneity=0.0036 body=0.00000 bowel=0.00000 femur=0.00000
2026-05-22 21:30:18 [INFO] Step 20/54 Loss=2.1483 mse=0.0391 v_opt=0.01030 v_mand=0.00000 ptv=0.0729 ptv_max=0.00002 ring=0.00000 smooth=0.0024 laplacian=0.0047 beam=0.01429 homogeneity=0.0018 body=0.00000 bowel=0.00000 femur=0.00000
2026-05-22 21:30:22 [INFO] Step 25/54 Loss=5.5557 mse=0.0666 v_opt=0.01055 v_mand=0.00015 ptv=0.0621 ptv_max=0.00012 ring=0.00001 smooth=0.0072 laplacian=0.0158 beam=0.12253 homogeneity=0.0037 body=0.00000 bowel=0.00000 femur=0.00000
2026-05-22 21:30:26 [INFO] Step 30/54 Loss=11.9103 mse=0.3651 v_opt=0.02095 v_mand=0.00064 ptv=0.0596 ptv_max=0.00026 ring=0.00155 smooth=0.0176 laplacian=0.0398 beam=0.07084 homogeneity=0.0032 body=0.00000 bowel=0.00000 femur=0.00011
2026-05-22 21:30:29 [INFO] Step 35/54 Loss=4.2559 mse=0.0568 v_opt=0.00250 v_mand=0.00011 ptv=0.0541 ptv_max=0.00007 ring=0.00000 smooth=0.0039 laplacian=0.0079 beam=0.08744 homogeneity=0.0022 body=0.00000 bowel=0.00000 femur=0.00000
2026-05-22 21:30:32 [INFO] Step 40/54 Loss=20.4926 mse=0.2613 v_opt=0.00702 v_mand=0.00000 ptv=0.0385 ptv_max=0.00023 ring=0.00000 smooth=0.0684 laplacian=0.1699 beam=0.50236 homogeneity=0.0025 body=0.00000 bowel=0.00000 femur=0.00000
2026-05-22 21:30:35 [INFO] Step 45/54 Loss=2.1333 mse=0.0546 v_opt=0.00887 v_mand=0.00067 ptv=0.0580 ptv_max=0.00006 ring=0.00000 smooth=0.0027 laplacian=0.0045 beam=0.00205 homogeneity=0.0025 body=0.00000 bowel=0.00000 femur=0.00000
2026-05-22 21:30:41 [INFO] Step 50/54 Loss=13.7186 mse=0.2807 v_opt=0.01867 v_mand=0.00070 ptv=0.0341 ptv_max=0.00160 ring=0.00083 smooth=0.0219 laplacian=0.0515 beam=0.22146 homogeneity=0.0062 body=0.00000 bowel=0.00636 femur=0.00006
2026-05-22 21:30:43 [INFO] Step 54/54 Loss=2.6670 mse=0.0607 v_opt=0.01530 v_mand=0.00102 ptv=0.0671 ptv_max=0.00007 ring=0.00000 smooth=0.0053 laplacian=0.0101 beam=0.01017 homogeneity=0.0039 body=0.00000 bowel=0.00000 femur=0.00000
2026-05-22 21:30:43 [INFO] Running validation at epoch 236...
2026-05-22 21:31:12 [INFO] Epoch 236 Summary: Train=9.4241 Val=0.0044 (MSE=0.0044)
          Metrics: PTV_D95=56.49Gy Bladder=26.24Gy Rectum=29.89Gy
          Metrics: Ring=45.18Gy Dmax=1387.22Gy BG=13.24Gy
2026-05-22 21:31:12 [INFO] [PHYSICS] Saved best model val_loss=0.0044
2026-05-22 21:31:12 [INFO] Epoch 237/300 [FULL PHYSICS] ramp=1.000 lr=1.17e-05
2026-05-22 21:31:18 [INFO] Step 5/54 Loss=4.7675 mse=0.0807 v_opt=0.00294 v_mand=0.00000 ptv=0.0542 ptv_max=0.00009 ring=0.00000 smooth=0.0044 laplacian=0.0096 beam=0.08386 homogeneity=0.0020 body=0.00000 bowel=0.00000 femur=0.00000
2026-05-22 21:31:22 [INFO] Step 10/54 Loss=3.3841 mse=0.0267 v_opt=0.00167 v_mand=0.00001 ptv=0.0658 ptv_max=0.00005 ring=0.00000 smooth=0.0019 laplacian=0.0038 beam=0.07913 homogeneity=0.0024 body=0.00000 bowel=0.00000 femur=0.00000
2026-05-22 21:31:24 [INFO] Step 15/54 Loss=3.0416 mse=0.0392 v_opt=0.00447 v_mand=0.00001 ptv=0.0464 ptv_max=0.00008 ring=0.00000 smooth=0.0025 laplacian=0.0050 beam=0.06028 homogeneity=0.0021 body=0.00000 bowel=0.00000 femur=0.00000
2026-05-22 21:31:27 [INFO] Step 20/54 Loss=6.1883 mse=0.1020 v_opt=0.00226 v_mand=0.00000 ptv=0.0457 ptv_max=0.00011 ring=0.00000 smooth=0.0063 laplacian=0.0142 beam=0.12154 homogeneity=0.0022 body=0.00000 bowel=0.00000 femur=0.00000
2026-05-22 21:31:32 [INFO] Step 25/54 Loss=2.9504 mse=0.0260 v_opt=0.00504 v_mand=0.00067 ptv=0.0416 ptv_max=0.00020 ring=0.00000 smooth=0.0033 laplacian=0.0068 beam=0.06880 homogeneity=0.0028 body=0.00000 bowel=0.00000 femur=0.00000
2026-05-22 21:31:35 [INFO] Step 30/54 Loss=3.0702 mse=0.0605 v_opt=0.00087 v_mand=0.00000 ptv=0.0758 ptv_max=0.00004 ring=0.00001 smooth=0.0038 laplacian=0.0084 beam=0.02833 homogeneity=0.0019 body=0.00000 bowel=0.00000 femur=0.00000
2026-05-22 21:31:39 [INFO] Step 35/54 Loss=1.9854 mse=0.0470 v_opt=0.00018 v_mand=0.00000 ptv=0.0660 ptv_max=0.00004 ring=0.00000 smooth=0.0024 laplacian=0.0041 beam=0.00301 homogeneity=0.0022 body=0.00000 bowel=0.00000 femur=0.00000
2026-05-22 21:31:42 [INFO] Step 40/54 Loss=2.7103 mse=0.0541 v_opt=0.00078 v_mand=0.00000 ptv=0.0568 ptv_max=0.00007 ring=0.00000 smooth=0.0034 laplacian=0.0060 beam=0.02796 homogeneity=0.0022 body=0.00000 bowel=0.00000 femur=0.00000
2026-05-22 21:31:45 [INFO] Step 45/54 Loss=3.7318 mse=0.0493 v_opt=0.00413 v_mand=0.00000 ptv=0.1048 ptv_max=0.00026 ring=0.00000 smooth=0.0042 laplacian=0.0084 beam=0.04417 homogeneity=0.0126 body=0.00000 bowel=0.00000 femur=0.00000
2026-05-22 21:31:49 [INFO] Step 50/54 Loss=9.3401 mse=0.3026 v_opt=0.00028 v_mand=0.00000 ptv=0.0518 ptv_max=0.00015 ring=0.00000 smooth=0.0185 laplacian=0.0478 beam=0.03718 homogeneity=0.0024 body=0.00000 bowel=0.00000 femur=0.00000
2026-05-22 21:31:52 [INFO] Step 54/54 Loss=7.3470 mse=0.1593 v_opt=0.01360 v_mand=0.00004 ptv=0.0553 ptv_max=0.00010 ring=0.00013 smooth=0.0130 laplacian=0.0292 beam=0.10208 homogeneity=0.0027 body=0.00000 bowel=0.00000 femur=0.00000
2026-05-22 21:31:52 [INFO] Running validation at epoch 237...
2026-05-22 21:32:21 [INFO] Epoch 237 Summary: Train=6.2975 Val=0.0043 (MSE=0.0043)
          Metrics: PTV_D95=56.21Gy Bladder=25.83Gy Rectum=30.31Gy
          Metrics: Ring=44.40Gy Dmax=1434.32Gy BG=12.93Gy
2026-05-22 21:32:21 [INFO] [PHYSICS] Saved best model val_loss=0.0043
2026-05-22 21:32:21 [INFO] Epoch 238/300 [FULL PHYSICS] ramp=1.000 lr=1.14e-05
2026-05-22 21:32:27 [INFO] Step 5/54 Loss=11.9685 mse=0.2101 v_opt=0.03118 v_mand=0.00359 ptv=0.0562 ptv_max=0.00141 ring=0.00026 smooth=0.0179 laplacian=0.0440 beam=0.20149 homogeneity=0.0108 body=0.00000 bowel=0.01359 femur=0.00000
2026-05-22 21:32:31 [INFO] Step 10/54 Loss=10.6482 mse=0.1168 v_opt=0.02979 v_mand=0.00221 ptv=0.0203 ptv_max=0.00110 ring=0.00000 smooth=0.0090 laplacian=0.0220 beam=0.27782 homogeneity=0.0064 body=0.00000 bowel=0.00000 femur=0.00000
2026-05-22 21:32:34 [INFO] Step 15/54 Loss=6.9288 mse=0.0937 v_opt=0.01902 v_mand=0.00102 ptv=0.0464 ptv_max=0.00019 ring=0.00000 smooth=0.0060 laplacian=0.0135 beam=0.15456 homogeneity=0.0033 body=0.00000 bowel=0.00000 femur=0.00000
2026-05-22 21:32:36 [INFO] Step 20/54 Loss=9.6524 mse=0.2900 v_opt=0.03714 v_mand=0.00629 ptv=0.0843 ptv_max=0.00038 ring=0.00046 smooth=0.0274 laplacian=0.0672 beam=0.01256 homogeneity=0.0041 body=0.00000 bowel=0.02320 femur=0.00000
2026-05-22 21:32:41 [INFO] Step 25/54 Loss=3.9589 mse=0.1078 v_opt=0.00001 v_mand=0.00000 ptv=0.0758 ptv_max=0.00007 ring=0.00001 smooth=0.0090 laplacian=0.0215 beam=0.01324 homogeneity=0.0024 body=0.00000 bowel=0.00000 femur=0.00000
2026-05-22 21:32:45 [INFO] Step 30/54 Loss=7.1638 mse=0.1288 v_opt=0.01293 v_mand=0.00019 ptv=0.0644 ptv_max=0.00006 ring=0.00000 smooth=0.0124 laplacian=0.0278 beam=0.12168 homogeneity=0.0031 body=0.00000 bowel=0.00000 femur=0.00000
2026-05-22 21:32:48 [INFO] Step 35/54 Loss=4.2973 mse=0.0580 v_opt=0.00951 v_mand=0.00027 ptv=0.0390 ptv_max=0.00026 ring=0.00000 smooth=0.0033 laplacian=0.0064 beam=0.09153 homogeneity=0.0031 body=0.00000 bowel=0.00000 femur=0.00000
2026-05-22 21:32:51 [INFO] Step 40/54 Loss=3.1867 mse=0.0426 v_opt=0.00137 v_mand=0.00000 ptv=0.0529 ptv_max=0.00008 ring=0.00000 smooth=0.0041 laplacian=0.0090 beam=0.05972 homogeneity=0.0018 body=0.00000 bowel=0.00000 femur=0.00000
2026-05-22 21:32:55 [INFO] Step 45/54 Loss=4.8661 mse=0.1260 v_opt=0.00937 v_mand=0.00006 ptv=0.0599 ptv_max=0.00004 ring=0.00000 smooth=0.0038 laplacian=0.0077 beam=0.04044 homogeneity=0.0018 body=0.00000 bowel=0.00000 femur=0.00000
2026-05-22 21:32:59 [INFO] Step 50/54 Loss=5.6996 mse=0.0751 v_opt=0.00045 v_mand=0.00000 ptv=0.0877 ptv_max=0.00003 ring=0.00000 smooth=0.0039 laplacian=0.0081 beam=0.11331 homogeneity=0.0031 body=0.00000 bowel=0.00000 femur=0.00000
2026-05-22 21:33:01 [INFO] Step 54/54 Loss=20.6538 mse=0.4365 v_opt=0.01926 v_mand=0.00107 ptv=0.0462 ptv_max=0.00156 ring=0.00218 smooth=0.0143 laplacian=0.0295 beam=0.28804 homogeneity=0.0054 body=0.00000 bowel=0.09664 femur=0.00000
2026-05-22 21:33:01 [INFO] Running validation at epoch 238...
2026-05-22 21:33:31 [INFO] Epoch 238 Summary: Train=6.9421 Val=0.0044 (MSE=0.0044)
          Metrics: PTV_D95=56.86Gy Bladder=26.69Gy Rectum=30.39Gy
          Metrics: Ring=45.78Gy Dmax=1399.04Gy BG=13.14Gy
2026-05-22 21:33:31 [INFO] Epoch 239/300 [FULL PHYSICS] ramp=1.000 lr=1.11e-05
2026-05-22 21:33:37 [INFO] Step 5/54 Loss=22.9270 mse=0.3739 v_opt=0.00000 v_mand=0.00000 ptv=0.0579 ptv_max=0.00133 ring=0.00028 smooth=0.2071 laplacian=0.5128 beam=0.39708 homogeneity=0.0049 body=0.00000 bowel=0.00000 femur=0.00000
2026-05-22 21:33:40 [INFO] Step 10/54 Loss=5.9530 mse=0.1582 v_opt=0.01535 v_mand=0.00027 ptv=0.0531 ptv_max=0.00009 ring=0.00001 smooth=0.0069 laplacian=0.0144 beam=0.05125 homogeneity=0.0025 body=0.00000 bowel=0.00000 femur=0.00000
2026-05-22 21:33:43 [INFO] Step 15/54 Loss=12.6733 mse=0.0466 v_opt=0.20302 v_mand=0.10993 ptv=0.0771 ptv_max=0.00021 ring=0.00000 smooth=0.0064 laplacian=0.0150 beam=0.18377 homogeneity=0.0064 body=0.00000 bowel=0.00000 femur=0.00000
2026-05-22 21:33:46 [INFO] Step 20/54 Loss=10.0885 mse=0.0697 v_opt=0.00530 v_mand=0.00000 ptv=0.0823 ptv_max=0.00002 ring=0.00000 smooth=0.0061 laplacian=0.0137 beam=0.29461 homogeneity=0.0035 body=0.00000 bowel=0.00000 femur=0.00000
2026-05-22 21:33:52 [INFO] Step 25/54 Loss=8.5622 mse=0.1992 v_opt=0.03689 v_mand=0.00373 ptv=0.0490 ptv_max=0.00033 ring=0.00019 smooth=0.0169 laplacian=0.0393 beam=0.10015 homogeneity=0.0031 body=0.00000 bowel=0.00000 femur=0.00000
2026-05-22 21:33:55 [INFO] Step 30/54 Loss=5.1593 mse=0.1569 v_opt=0.01333 v_mand=0.00019 ptv=0.0432 ptv_max=0.00043 ring=0.00004 smooth=0.0044 laplacian=0.0087 beam=0.02346 homogeneity=0.0032 body=0.00000 bowel=0.00038 femur=0.00000
2026-05-22 21:33:57 [INFO] Step 35/54 Loss=18.1143 mse=0.3913 v_opt=0.03654 v_mand=0.00484 ptv=0.0489 ptv_max=0.00265 ring=0.00222 smooth=0.0206 laplacian=0.0461 beam=0.26435 homogeneity=0.0076 body=0.00000 bowel=0.00000 femur=0.00850
2026-05-22 21:34:00 [INFO] Step 40/54 Loss=8.2500 mse=0.1353 v_opt=0.00259 v_mand=0.00000 ptv=0.0488 ptv_max=0.00008 ring=0.00002 smooth=0.0118 laplacian=0.0272 beam=0.16678 homogeneity=0.0023 body=0.00000 bowel=0.00000 femur=0.00000
2026-05-22 21:34:06 [INFO] Step 45/54 Loss=7.0163 mse=0.0601 v_opt=0.00000 v_mand=0.00000 ptv=0.0322 ptv_max=0.00024 ring=0.00000 smooth=0.0030 laplacian=0.0060 beam=0.20240 homogeneity=0.0031 body=0.00000 bowel=0.00000 femur=0.00000
2026-05-22 21:34:09 [INFO] Step 50/54 Loss=5.4631 mse=0.0940 v_opt=0.00513 v_mand=0.00000 ptv=0.0602 ptv_max=0.00040 ring=0.00001 smooth=0.0069 laplacian=0.0168 beam=0.09191 homogeneity=0.0026 body=0.00000 bowel=0.00000 femur=0.00000
2026-05-22 21:34:11 [INFO] Step 54/54 Loss=14.3796 mse=0.1983 v_opt=0.00798 v_mand=0.00004 ptv=0.0274 ptv_max=0.00043 ring=0.00000 smooth=0.0313 laplacian=0.0810 beam=0.34228 homogeneity=0.0037 body=0.00000 bowel=0.00000 femur=0.00000
2026-05-22 21:34:11 [INFO] Running validation at epoch 239...
2026-05-22 21:34:40 [INFO] Epoch 239 Summary: Train=8.5882 Val=0.0044 (MSE=0.0044)
          Metrics: PTV_D95=55.96Gy Bladder=25.44Gy Rectum=29.55Gy
          Metrics: Ring=44.73Gy Dmax=1492.93Gy BG=13.09Gy
2026-05-22 21:34:40 [INFO] Epoch 240/300 [FULL PHYSICS] ramp=1.000 lr=1.08e-05
2026-05-22 21:34:46 [INFO] Step 5/54 Loss=3.0089 mse=0.0387 v_opt=0.00000 v_mand=0.00000 ptv=0.0418 ptv_max=0.00076 ring=0.00001 smooth=0.0016 laplacian=0.0028 beam=0.05590 homogeneity=0.0049 body=0.00000 bowel=0.00000 femur=0.00000
2026-05-22 21:34:50 [INFO] Step 10/54 Loss=4.5797 mse=0.1323 v_opt=0.00042 v_mand=0.00000 ptv=0.0444 ptv_max=0.00020 ring=0.00018 smooth=0.0097 laplacian=0.0225 beam=0.02439 homogeneity=0.0031 body=0.00000 bowel=0.00000 femur=0.00000
2026-05-22 21:34:53 [INFO] Step 15/54 Loss=12.1955 mse=0.3198 v_opt=0.02967 v_mand=0.00113 ptv=0.0176 ptv_max=0.00082 ring=0.00000 smooth=0.0175 laplacian=0.0429 beam=0.13802 homogeneity=0.0051 body=0.00000 bowel=0.00000 femur=0.00000
2026-05-22 21:34:56 [INFO] Step 20/54 Loss=10.3529 mse=0.2073 v_opt=0.00122 v_mand=0.00000 ptv=0.0321 ptv_max=0.00042 ring=0.00000 smooth=0.0059 laplacian=0.0132 beam=0.18538 homogeneity=0.0038 body=0.00000 bowel=0.00000 femur=0.00000
2026-05-22 21:35:01 [INFO] Step 25/54 Loss=3.6646 mse=0.0621 v_opt=0.00013 v_mand=0.00000 ptv=0.0559 ptv_max=0.00012 ring=0.00000 smooth=0.0025 laplacian=0.0039 beam=0.05830 homogeneity=0.0027 body=0.00000 bowel=0.00000 femur=0.00000
2026-05-22 21:35:04 [INFO] Step 30/54 Loss=33.2816 mse=0.4867 v_opt=0.07593 v_mand=0.01868 ptv=0.0396 ptv_max=0.00175 ring=0.00290 smooth=0.0316 laplacian=0.0722 beam=0.28690 homogeneity=0.0056 body=0.00000 bowel=0.00000 femur=1.16516
2026-05-22 21:35:07 [INFO] Step 35/54 Loss=3.4920 mse=0.0592 v_opt=0.00538 v_mand=0.00018 ptv=0.0396 ptv_max=0.00015 ring=0.00000 smooth=0.0037 laplacian=0.0085 beam=0.05915 homogeneity=0.0025 body=0.00000 bowel=0.00000 femur=0.00000
2026-05-22 21:35:10 [INFO] Step 40/54 Loss=2.3314 mse=0.0539 v_opt=0.00325 v_mand=0.00047 ptv=0.0495 ptv_max=0.00050 ring=0.00001 smooth=0.0030 laplacian=0.0059 beam=0.01113 homogeneity=0.0036 body=0.00000 bowel=0.00000 femur=0.00000
2026-05-22 21:35:15 [INFO] Step 45/54 Loss=4.8753 mse=0.0993 v_opt=0.00000 v_mand=0.00000 ptv=0.0465 ptv_max=0.00012 ring=0.00002 smooth=0.0050 laplacian=0.0113 beam=0.07189 homogeneity=0.0026 body=0.00000 bowel=0.00000 femur=0.00000
2026-05-22 21:35:18 [INFO] Step 50/54 Loss=27.9826 mse=0.6540 v_opt=0.03193 v_mand=0.00392 ptv=0.0469 ptv_max=0.00236 ring=0.00136 smooth=0.0687 laplacian=0.1551 beam=0.34305 homogeneity=0.0075 body=0.00000 bowel=0.00976 femur=0.08118
2026-05-22 21:35:20 [INFO] Step 54/54 Loss=10.5713 mse=0.1856 v_opt=0.01379 v_mand=0.00021 ptv=0.0425 ptv_max=0.00016 ring=0.00000 smooth=0.0265 laplacian=0.0647 beam=0.20196 homogeneity=0.0023 body=0.00000 bowel=0.00000 femur=0.00000
2026-05-22 21:35:20 [INFO] Running validation at epoch 240...
2026-05-22 21:35:50 [INFO] Epoch 240 Summary: Train=8.5339 Val=0.0044 (MSE=0.0044)
          Metrics: PTV_D95=56.02Gy Bladder=26.41Gy Rectum=29.56Gy
          Metrics: Ring=45.08Gy Dmax=1454.22Gy BG=13.16Gy
2026-05-22 21:35:50 [INFO] Epoch 241/300 [FULL PHYSICS] ramp=1.000 lr=1.05e-05
2026-05-22 21:35:56 [INFO] Step 5/54 Loss=8.1065 mse=0.1021 v_opt=0.00461 v_mand=0.00003 ptv=0.0579 ptv_max=0.00006 ring=0.00000 smooth=0.0077 laplacian=0.0174 beam=0.19265 homogeneity=0.0022 body=0.00000 bowel=0.00000 femur=0.00000
2026-05-22 21:35:59 [INFO] Step 10/54 Loss=7.3801 mse=0.1943 v_opt=0.03194 v_mand=0.00443 ptv=0.0654 ptv_max=0.00013 ring=0.00000 smooth=0.0096 laplacian=0.0225 beam=0.05259 homogeneity=0.0031 body=0.00000 bowel=0.00442 femur=0.00000
2026-05-22 21:36:02 [INFO] Step 15/54 Loss=2.2119 mse=0.0520 v_opt=0.00054 v_mand=0.00000 ptv=0.0652 ptv_max=0.00003 ring=0.00000 smooth=0.0038 laplacian=0.0073 beam=0.00693 homogeneity=0.0020 body=0.00000 bowel=0.00000 femur=0.00000
2026-05-22 21:36:04 [INFO] Step 20/54 Loss=5.0785 mse=0.1262 v_opt=0.01824 v_mand=0.00038 ptv=0.0565 ptv_max=0.00010 ring=0.00004 smooth=0.0089 laplacian=0.0205 beam=0.04506 homogeneity=0.0025 body=0.00000 bowel=0.00000 femur=0.00000
2026-05-22 21:36:10 [INFO] Step 25/54 Loss=1.8688 mse=0.0438 v_opt=0.00077 v_mand=0.00000 ptv=0.0427 ptv_max=0.00016 ring=0.00000 smooth=0.0023 laplacian=0.0043 beam=0.00940 homogeneity=0.0031 body=0.00000 bowel=0.00000 femur=0.00000
2026-05-22 21:36:13 [INFO] Step 30/54 Loss=15.9829 mse=0.4017 v_opt=0.00000 v_mand=0.00000 ptv=0.0243 ptv_max=0.00412 ring=0.00234 smooth=0.0489 laplacian=0.1174 beam=0.14825 homogeneity=0.0103 body=0.00000 bowel=0.03305 femur=0.00000
2026-05-22 21:36:16 [INFO] Step 35/54 Loss=9.7371 mse=0.1132 v_opt=0.00007 v_mand=0.00000 ptv=0.0226 ptv_max=0.00069 ring=0.00000 smooth=0.0058 laplacian=0.0133 beam=0.25665 homogeneity=0.0044 body=0.00000 bowel=0.00000 femur=0.00000
2026-05-22 21:36:19 [INFO] Step 40/54 Loss=2.2201 mse=0.0425 v_opt=0.00549 v_mand=0.00011 ptv=0.0635 ptv_max=0.00010 ring=0.00000 smooth=0.0022 laplacian=0.0039 beam=0.01610 homogeneity=0.0033 body=0.00000 bowel=0.00000 femur=0.00000
2026-05-22 21:36:25 [INFO] Step 45/54 Loss=25.2384 mse=0.3633 v_opt=0.00016 v_mand=0.00000 ptv=0.0686 ptv_max=0.00026 ring=0.00014 smooth=0.0128 laplacian=0.0286 beam=0.54788 homogeneity=0.0027 body=0.00000 bowel=0.10145 femur=0.00000
2026-05-22 21:36:27 [INFO] Step 50/54 Loss=5.5646 mse=0.0802 v_opt=0.00598 v_mand=0.00116 ptv=0.0535 ptv_max=0.00010 ring=0.00000 smooth=0.0071 laplacian=0.0156 beam=0.11205 homogeneity=0.0026 body=0.00000 bowel=0.00000 femur=0.00000
2026-05-22 21:36:29 [INFO] Step 54/54 Loss=3.3565 mse=0.0238 v_opt=0.00058 v_mand=0.00000 ptv=0.0394 ptv_max=0.00072 ring=0.00000 smooth=0.0015 laplacian=0.0024 beam=0.08445 homogeneity=0.0066 body=0.00000 bowel=0.00000 femur=0.00000
2026-05-22 21:36:30 [INFO] Running validation at epoch 241...
2026-05-22 21:36:59 [INFO] Epoch 241 Summary: Train=7.6954 Val=0.0044 (MSE=0.0044)
          Metrics: PTV_D95=56.09Gy Bladder=25.34Gy Rectum=30.36Gy
          Metrics: Ring=45.06Gy Dmax=1533.82Gy BG=13.24Gy
2026-05-22 21:36:59 [INFO] Epoch 242/300 [FULL PHYSICS] ramp=1.000 lr=1.02e-05
2026-05-22 21:37:05 [INFO] Step 5/54 Loss=3.3735 mse=0.0755 v_opt=0.00940 v_mand=0.00076 ptv=0.0524 ptv_max=0.00011 ring=0.00000 smooth=0.0048 laplacian=0.0095 beam=0.03100 homogeneity=0.0032 body=0.00000 bowel=0.00000 femur=0.00000
2026-05-22 21:37:08 [INFO] Step 10/54 Loss=4.2353 mse=0.0414 v_opt=0.00121 v_mand=0.00000 ptv=0.0666 ptv_max=0.00005 ring=0.00000 smooth=0.0052 laplacian=0.0121 beam=0.09598 homogeneity=0.0029 body=0.00000 bowel=0.00001 femur=0.00000
2026-05-22 21:37:11 [INFO] Step 15/54 Loss=6.7764 mse=0.1001 v_opt=0.00307 v_mand=0.00009 ptv=0.0392 ptv_max=0.00013 ring=0.00000 smooth=0.0057 laplacian=0.0124 beam=0.14940 homogeneity=0.0025 body=0.00000 bowel=0.00000 femur=0.00000
2026-05-22 21:37:14 [INFO] Step 20/54 Loss=4.5581 mse=0.0761 v_opt=0.00212 v_mand=0.00000 ptv=0.0572 ptv_max=0.00002 ring=0.00000 smooth=0.0056 laplacian=0.0126 beam=0.07853 homogeneity=0.0022 body=0.00000 bowel=0.00000 femur=0.00000
2026-05-22 21:37:18 [INFO] Step 25/54 Loss=3.5106 mse=0.0446 v_opt=0.00244 v_mand=0.00001 ptv=0.0438 ptv_max=0.00017 ring=0.00000 smooth=0.0033 laplacian=0.0066 beam=0.07335 homogeneity=0.0028 body=0.00000 bowel=0.00000 femur=0.00000
2026-05-22 21:37:23 [INFO] Step 30/54 Loss=6.1900 mse=0.0960 v_opt=0.01677 v_mand=0.00014 ptv=0.0432 ptv_max=0.00023 ring=0.00000 smooth=0.0054 laplacian=0.0123 beam=0.12601 homogeneity=0.0033 body=0.00000 bowel=0.00000 femur=0.00000
2026-05-22 21:37:26 [INFO] Step 35/54 Loss=14.7489 mse=0.2905 v_opt=0.01801 v_mand=0.00095 ptv=0.0582 ptv_max=0.00077 ring=0.00684 smooth=0.0865 laplacian=0.2175 beam=0.21361 homogeneity=0.0044 body=0.00000 bowel=0.00000 femur=0.00000
2026-05-22 21:37:29 [INFO] Step 40/54 Loss=4.9504 mse=0.0681 v_opt=0.00297 v_mand=0.00000 ptv=0.0605 ptv_max=0.00003 ring=0.00000 smooth=0.0031 laplacian=0.0060 beam=0.10257 homogeneity=0.0017 body=0.00000 bowel=0.00000 femur=0.00000
2026-05-22 21:37:32 [INFO] Step 45/54 Loss=24.3702 mse=0.3980 v_opt=0.00585 v_mand=0.00000 ptv=0.0672 ptv_max=0.00014 ring=0.00053 smooth=0.0583 laplacian=0.1352 beam=0.51655 homogeneity=0.0030 body=0.00000 bowel=0.00000 femur=0.00000
2026-05-22 21:37:36 [INFO] Step 50/54 Loss=11.2157 mse=0.1722 v_opt=0.00029 v_mand=0.00000 ptv=0.0600 ptv_max=0.00005 ring=0.00001 smooth=0.0115 laplacian=0.0262 beam=0.24438 homogeneity=0.0025 body=0.00000 bowel=0.00000 femur=0.00000
2026-05-22 21:37:39 [INFO] Step 54/54 Loss=3.9944 mse=0.0935 v_opt=0.01314 v_mand=0.00005 ptv=0.0469 ptv_max=0.00007 ring=0.00000 smooth=0.0083 laplacian=0.0173 beam=0.04057 homogeneity=0.0020 body=0.00000 bowel=0.00000 femur=0.00000
2026-05-22 21:37:39 [INFO] Running validation at epoch 242...
2026-05-22 21:38:08 [INFO] Epoch 242 Summary: Train=8.1737 Val=0.0045 (MSE=0.0045)
          Metrics: PTV_D95=57.28Gy Bladder=26.53Gy Rectum=29.92Gy
          Metrics: Ring=46.01Gy Dmax=1464.89Gy BG=13.23Gy
2026-05-22 21:38:08 [INFO] Epoch 243/300 [FULL PHYSICS] ramp=1.000 lr=9.85e-06
2026-05-22 21:38:14 [INFO] Step 5/54 Loss=15.1322 mse=0.1868 v_opt=0.01271 v_mand=0.00016 ptv=0.0203 ptv_max=0.00081 ring=0.00000 smooth=0.0127 laplacian=0.0305 beam=0.39374 homogeneity=0.0048 body=0.00000 bowel=0.00000 femur=0.00000
2026-05-22 21:38:17 [INFO] Step 10/54 Loss=10.6814 mse=0.1731 v_opt=0.00822 v_mand=0.00031 ptv=0.0350 ptv_max=0.00026 ring=0.00002 smooth=0.0068 laplacian=0.0152 beam=0.23169 homogeneity=0.0028 body=0.00000 bowel=0.00000 femur=0.00000
2026-05-22 21:38:20 [INFO] Step 15/54 Loss=6.6458 mse=0.1807 v_opt=0.00778 v_mand=0.00029 ptv=0.0439 ptv_max=0.00020 ring=0.00003 smooth=0.0100 laplacian=0.0221 beam=0.05772 homogeneity=0.0033 body=0.00000 bowel=0.00000 femur=0.00000
2026-05-22 21:38:23 [INFO] Step 20/54 Loss=6.8723 mse=0.2041 v_opt=0.01756 v_mand=0.00095 ptv=0.0379 ptv_max=0.00046 ring=0.00002 smooth=0.0198 laplacian=0.0460 beam=0.03706 homogeneity=0.0032 body=0.00000 bowel=0.00000 femur=0.00000
2026-05-22 21:38:28 [INFO] Step 25/54 Loss=4.7179 mse=0.0376 v_opt=0.01446 v_mand=0.00039 ptv=0.0552 ptv_max=0.00009 ring=0.00000 smooth=0.0038 laplacian=0.0087 beam=0.12248 homogeneity=0.0028 body=0.00000 bowel=0.00000 femur=0.00000
2026-05-22 21:38:32 [INFO] Step 30/54 Loss=2.5912 mse=0.0479 v_opt=0.00367 v_mand=0.00000 ptv=0.0533 ptv_max=0.00006 ring=0.00000 smooth=0.0043 laplacian=0.0095 beam=0.02957 homogeneity=0.0026 body=0.00000 bowel=0.00000 femur=0.00000
2026-05-22 21:38:35 [INFO] Step 35/54 Loss=2.7487 mse=0.0332 v_opt=0.00249 v_mand=0.00000 ptv=0.0563 ptv_max=0.00003 ring=0.00000 smooth=0.0032 laplacian=0.0065 beam=0.05118 homogeneity=0.0016 body=0.00000 bowel=0.00000 femur=0.00000
2026-05-22 21:38:38 [INFO] Step 40/54 Loss=9.0324 mse=0.1088 v_opt=0.00085 v_mand=0.00000 ptv=0.0323 ptv_max=0.00012 ring=0.00000 smooth=0.0053 laplacian=0.0120 beam=0.23429 homogeneity=0.0023 body=0.00000 bowel=0.00000 femur=0.00000
2026-05-22 21:38:42 [INFO] Step 45/54 Loss=4.3217 mse=0.1211 v_opt=0.01145 v_mand=0.00007 ptv=0.0521 ptv_max=0.00010 ring=0.00002 smooth=0.0047 laplacian=0.0096 beam=0.02509 homogeneity=0.0026 body=0.00000 bowel=0.00000 femur=0.00000
2026-05-22 21:38:46 [INFO] Step 50/54 Loss=2.3245 mse=0.0662 v_opt=0.00298 v_mand=0.00021 ptv=0.0467 ptv_max=0.00032 ring=0.00000 smooth=0.0040 laplacian=0.0071 beam=0.00082 homogeneity=0.0040 body=0.00000 bowel=0.00000 femur=0.00000
2026-05-22 21:38:48 [INFO] Step 54/54 Loss=21.6773 mse=0.4237 v_opt=0.04316 v_mand=0.00663 ptv=0.0453 ptv_max=0.00078 ring=0.00082 smooth=0.0103 laplacian=0.0188 beam=0.39336 homogeneity=0.0043 body=0.00000 bowel=0.00009 femur=0.00566
2026-05-22 21:38:48 [INFO] Running validation at epoch 243...
2026-05-22 21:39:18 [INFO] Epoch 243 Summary: Train=8.0393 Val=0.0044 (MSE=0.0044)
          Metrics: PTV_D95=57.27Gy Bladder=26.84Gy Rectum=30.64Gy
          Metrics: Ring=45.96Gy Dmax=1556.78Gy BG=13.35Gy
2026-05-22 21:39:18 [INFO] Epoch 244/300 [FULL PHYSICS] ramp=1.000 lr=9.56e-06
2026-05-22 21:39:24 [INFO] Step 5/54 Loss=7.9964 mse=0.1460 v_opt=0.00522 v_mand=0.00000 ptv=0.0493 ptv_max=0.00019 ring=0.00000 smooth=0.0102 laplacian=0.0238 beam=0.14536 homogeneity=0.0025 body=0.00000 bowel=0.00000 femur=0.00000
2026-05-22 21:39:27 [INFO] Step 10/54 Loss=3.9971 mse=0.1188 v_opt=0.01142 v_mand=0.00009 ptv=0.0558 ptv_max=0.00004 ring=0.00000 smooth=0.0087 laplacian=0.0201 beam=0.01153 homogeneity=0.0018 body=0.00000 bowel=0.00000 femur=0.00000
2026-05-22 21:39:30 [INFO] Step 15/54 Loss=12.1365 mse=0.1448 v_opt=0.00544 v_mand=0.00000 ptv=0.0266 ptv_max=0.00035 ring=0.00000 smooth=0.0102 laplacian=0.0251 beam=0.31946 homogeneity=0.0033 body=0.00000 bowel=0.00000 femur=0.00000
2026-05-22 21:39:33 [INFO] Step 20/54 Loss=2.9945 mse=0.0844 v_opt=0.00011 v_mand=0.00000 ptv=0.0580 ptv_max=0.00010 ring=0.00002 smooth=0.0055 laplacian=0.0118 beam=0.00660 homogeneity=0.0030 body=0.00000 bowel=0.00000 femur=0.00000
2026-05-22 21:39:38 [INFO] Step 25/54 Loss=3.5400 mse=0.0290 v_opt=0.00073 v_mand=0.00000 ptv=0.0605 ptv_max=0.00003 ring=0.00000 smooth=0.0027 laplacian=0.0053 beam=0.08550 homogeneity=0.0018 body=0.00000 bowel=0.00000 femur=0.00000
2026-05-22 21:39:41 [INFO] Step 30/54 Loss=4.5772 mse=0.1411 v_opt=0.01505 v_mand=0.00033 ptv=0.0338 ptv_max=0.00055 ring=0.00020 smooth=0.0094 laplacian=0.0233 beam=0.01483 homogeneity=0.0042 body=0.00000 bowel=0.00000 femur=0.00000
2026-05-22 21:39:44 [INFO] Step 35/54 Loss=3.5888 mse=0.0766 v_opt=0.00551 v_mand=0.00014 ptv=0.0805 ptv_max=0.00035 ring=0.00001 smooth=0.0079 laplacian=0.0164 beam=0.01640 homogeneity=0.0110 body=0.00000 bowel=0.00518 femur=0.00000
2026-05-22 21:39:47 [INFO] Step 40/54 Loss=9.5298 mse=0.0795 v_opt=0.01046 v_mand=0.00002 ptv=0.0542 ptv_max=0.00032 ring=0.00000 smooth=0.0092 laplacian=0.0225 beam=0.26801 homogeneity=0.0054 body=0.00000 bowel=0.00000 femur=0.00000
2026-05-22 21:39:51 [INFO] Step 45/54 Loss=24.6342 mse=0.5183 v_opt=0.00050 v_mand=0.00000 ptv=0.1148 ptv_max=0.00090 ring=0.00249 smooth=0.1626 laplacian=0.3783 beam=0.29119 homogeneity=0.0080 body=0.00000 bowel=0.05747 femur=0.00000
2026-05-22 21:39:55 [INFO] Step 50/54 Loss=3.2138 mse=0.0936 v_opt=0.02374 v_mand=0.00008 ptv=0.0600 ptv_max=0.00008 ring=0.00003 smooth=0.0067 laplacian=0.0147 beam=0.00316 homogeneity=0.0025 body=0.00000 bowel=0.00000 femur=0.00000
2026-05-22 21:39:58 [INFO] Step 54/54 Loss=2.5621 mse=0.0500 v_opt=0.00709 v_mand=0.00001 ptv=0.0660 ptv_max=0.00003 ring=0.00000 smooth=0.0036 laplacian=0.0066 beam=0.02211 homogeneity=0.0022 body=0.00000 bowel=0.00000 femur=0.00000
2026-05-22 21:39:58 [INFO] Running validation at epoch 244...
2026-05-22 21:40:27 [INFO] Epoch 244 Summary: Train=6.5262 Val=0.0044 (MSE=0.0044)
          Metrics: PTV_D95=55.34Gy Bladder=26.85Gy Rectum=30.32Gy
          Metrics: Ring=44.82Gy Dmax=1610.87Gy BG=13.12Gy
2026-05-22 21:40:27 [INFO] Epoch 245/300 [FULL PHYSICS] ramp=1.000 lr=9.27e-06
2026-05-22 21:40:33 [INFO] Step 5/54 Loss=16.6420 mse=0.3827 v_opt=0.03445 v_mand=0.00327 ptv=0.0351 ptv_max=0.00154 ring=0.00076 smooth=0.0339 laplacian=0.0818 beam=0.19802 homogeneity=0.0057 body=0.00000 bowel=0.04806 femur=0.00202
2026-05-22 21:40:36 [INFO] Step 10/54 Loss=3.4980 mse=0.0425 v_opt=0.00631 v_mand=0.00000 ptv=0.0526 ptv_max=0.00003 ring=0.00000 smooth=0.0040 laplacian=0.0091 beam=0.07256 homogeneity=0.0014 body=0.00000 bowel=0.00000 femur=0.00000
2026-05-22 21:40:40 [INFO] Step 15/54 Loss=14.0695 mse=0.1589 v_opt=0.00000 v_mand=0.00000 ptv=0.0657 ptv_max=0.00019 ring=0.00000 smooth=0.0141 laplacian=0.0349 beam=0.36647 homogeneity=0.0031 body=0.00000 bowel=0.00000 femur=0.00000
2026-05-22 21:40:43 [INFO] Step 20/54 Loss=10.4522 mse=0.0330 v_opt=0.21208 v_mand=0.12908 ptv=0.0474 ptv_max=0.00026 ring=0.00000 smooth=0.0035 laplacian=0.0081 beam=0.08541 homogeneity=0.0029 body=0.00000 bowel=0.00000 femur=0.00000
2026-05-22 21:40:48 [INFO] Step 25/54 Loss=3.7625 mse=0.0492 v_opt=0.00176 v_mand=0.00000 ptv=0.0429 ptv_max=0.00018 ring=0.00000 smooth=0.0037 laplacian=0.0076 beam=0.07881 homogeneity=0.0030 body=0.00000 bowel=0.00000 femur=0.00000
2026-05-22 21:40:51 [INFO] Step 30/54 Loss=3.2653 mse=0.0335 v_opt=0.00358 v_mand=0.00052 ptv=0.0355 ptv_max=0.00011 ring=0.00000 smooth=0.0032 laplacian=0.0070 beam=0.07752 homogeneity=0.0024 body=0.00000 bowel=0.00000 femur=0.00000
2026-05-22 21:40:54 [INFO] Step 35/54 Loss=5.8132 mse=0.0477 v_opt=0.00000 v_mand=0.00000 ptv=0.0000 ptv_max=0.00000 ring=0.00000 smooth=0.0055 laplacian=0.0126 beam=0.18205 homogeneity=0.0000 body=0.00000 bowel=0.00000 femur=0.00000
2026-05-22 21:40:57 [INFO] Step 40/54 Loss=4.1083 mse=0.0668 v_opt=0.02165 v_mand=0.00105 ptv=0.0461 ptv_max=0.00014 ring=0.00000 smooth=0.0074 laplacian=0.0160 beam=0.06878 homogeneity=0.0027 body=0.00000 bowel=0.00000 femur=0.00000
2026-05-22 21:41:03 [INFO] Step 45/54 Loss=6.6529 mse=0.0748 v_opt=0.00077 v_mand=0.00000 ptv=0.0670 ptv_max=0.00005 ring=0.00000 smooth=0.0046 laplacian=0.0099 beam=0.15992 homogeneity=0.0027 body=0.00000 bowel=0.00000 femur=0.00000
2026-05-22 21:41:05 [INFO] Step 50/54 Loss=13.1653 mse=0.3156 v_opt=0.04219 v_mand=0.00604 ptv=0.0347 ptv_max=0.00074 ring=0.00012 smooth=0.0189 laplacian=0.0447 beam=0.15171 homogeneity=0.0043 body=0.00000 bowel=0.02047 femur=0.00000
2026-05-22 21:41:08 [INFO] Step 54/54 Loss=8.3625 mse=0.1222 v_opt=0.01398 v_mand=0.00043 ptv=0.0464 ptv_max=0.00012 ring=0.00000 smooth=0.0123 laplacian=0.0293 beam=0.18261 homogeneity=0.0026 body=0.00000 bowel=0.00000 femur=0.00000
2026-05-22 21:41:08 [INFO] Running validation at epoch 245...
2026-05-22 21:41:37 [INFO] Epoch 245 Summary: Train=7.1583 Val=0.0044 (MSE=0.0044)
          Metrics: PTV_D95=56.51Gy Bladder=26.06Gy Rectum=30.62Gy
          Metrics: Ring=45.63Gy Dmax=1568.21Gy BG=13.23Gy
2026-05-22 21:41:37 [INFO] Epoch 246/300 [FULL PHYSICS] ramp=1.000 lr=8.99e-06
2026-05-22 21:41:43 [INFO] Step 5/54 Loss=3.4759 mse=0.0844 v_opt=0.00156 v_mand=0.00000 ptv=0.0536 ptv_max=0.00004 ring=0.00000 smooth=0.0042 laplacian=0.0080 beam=0.02986 homogeneity=0.0015 body=0.00000 bowel=0.00000 femur=0.00000
2026-05-22 21:41:45 [INFO] Step 10/54 Loss=2.5263 mse=0.0343 v_opt=0.01038 v_mand=0.00030 ptv=0.0550 ptv_max=0.00005 ring=0.00000 smooth=0.0020 laplacian=0.0039 beam=0.04046 homogeneity=0.0021 body=0.00000 bowel=0.00000 femur=0.00000
2026-05-22 21:41:49 [INFO] Step 15/54 Loss=3.9103 mse=0.1033 v_opt=0.00070 v_mand=0.00000 ptv=0.0606 ptv_max=0.00014 ring=0.00004 smooth=0.0078 laplacian=0.0169 beam=0.02176 homogeneity=0.0031 body=0.00000 bowel=0.00000 femur=0.00000
2026-05-22 21:41:52 [INFO] Step 20/54 Loss=19.4393 mse=0.2680 v_opt=0.05664 v_mand=0.00775 ptv=0.0480 ptv_max=0.00030 ring=0.00000 smooth=0.0421 laplacian=0.1128 beam=0.44165 homogeneity=0.0033 body=0.00000 bowel=0.00000 femur=0.00000
2026-05-22 21:41:57 [INFO] Step 25/54 Loss=1.8943 mse=0.0445 v_opt=0.00063 v_mand=0.00001 ptv=0.0624 ptv_max=0.00006 ring=0.00000 smooth=0.0026 laplacian=0.0046 beam=0.00284 homogeneity=0.0025 body=0.00000 bowel=0.00000 femur=0.00000
2026-05-22 21:42:00 [INFO] Step 30/54 Loss=3.7061 mse=0.0701 v_opt=0.00765 v_mand=0.00000 ptv=0.0711 ptv_max=0.00005 ring=0.00000 smooth=0.0052 laplacian=0.0102 beam=0.04336 homogeneity=0.0040 body=0.00000 bowel=0.00000 femur=0.00000
2026-05-22 21:42:03 [INFO] Step 35/54 Loss=9.4555 mse=0.3151 v_opt=0.01720 v_mand=0.00001 ptv=0.0702 ptv_max=0.00045 ring=0.00241 smooth=0.0173 laplacian=0.0373 beam=0.01467 homogeneity=0.0039 body=0.00000 bowel=0.00538 femur=0.00067
2026-05-22 21:42:06 [INFO] Step 40/54 Loss=1.8298 mse=0.0382 v_opt=0.00232 v_mand=0.00000 ptv=0.0493 ptv_max=0.00006 ring=0.00000 smooth=0.0031 laplacian=0.0065 beam=0.01179 homogeneity=0.0018 body=0.00000 bowel=0.00000 femur=0.00000
2026-05-22 21:42:11 [INFO] Step 45/54 Loss=4.4465 mse=0.1120 v_opt=0.00694 v_mand=0.00009 ptv=0.0474 ptv_max=0.00008 ring=0.00000 smooth=0.0044 laplacian=0.0089 beam=0.04213 homogeneity=0.0020 body=0.00000 bowel=0.00000 femur=0.00000
2026-05-22 21:42:13 [INFO] Step 50/54 Loss=23.3858 mse=0.4337 v_opt=0.01667 v_mand=0.00042 ptv=0.0366 ptv_max=0.00274 ring=0.00190 smooth=0.0353 laplacian=0.0761 beam=0.44271 homogeneity=0.0099 body=0.00000 bowel=0.00000 femur=0.00000
2026-05-22 21:42:15 [INFO] Step 54/54 Loss=4.4891 mse=0.1266 v_opt=0.02603 v_mand=0.00146 ptv=0.0464 ptv_max=0.00022 ring=0.00000 smooth=0.0075 laplacian=0.0168 beam=0.02172 homogeneity=0.0033 body=0.00000 bowel=0.00000 femur=0.00000
2026-05-22 21:42:15 [INFO] Running validation at epoch 246...
2026-05-22 21:42:45 [INFO] Epoch 246 Summary: Train=8.0938 Val=0.0043 (MSE=0.0043)
          Metrics: PTV_D95=58.00Gy Bladder=27.33Gy Rectum=30.86Gy
          Metrics: Ring=46.14Gy Dmax=1543.57Gy BG=13.08Gy
2026-05-22 21:42:45 [INFO] Epoch 247/300 [FULL PHYSICS] ramp=1.000 lr=8.71e-06
2026-05-22 21:42:51 [INFO] Step 5/54 Loss=9.7065 mse=0.1635 v_opt=0.02512 v_mand=0.00112 ptv=0.0481 ptv_max=0.00011 ring=0.00001 smooth=0.0121 laplacian=0.0293 beam=0.19225 homogeneity=0.0026 body=0.00000 bowel=0.00000 femur=0.00000
2026-05-22 21:42:54 [INFO] Step 10/54 Loss=6.2849 mse=0.1005 v_opt=0.00145 v_mand=0.00000 ptv=0.0599 ptv_max=0.00007 ring=0.00000 smooth=0.0021 laplacian=0.0041 beam=0.12346 homogeneity=0.0025 body=0.00000 bowel=0.00000 femur=0.00000
2026-05-22 21:42:57 [INFO] Step 15/54 Loss=2.2375 mse=0.0491 v_opt=0.00000 v_mand=0.00000 ptv=0.0915 ptv_max=0.00009 ring=0.00000 smooth=0.0018 laplacian=0.0023 beam=0.00028 homogeneity=0.0031 body=0.00000 bowel=0.00000 femur=0.00000
2026-05-22 21:43:00 [INFO] Step 20/54 Loss=5.7480 mse=0.1460 v_opt=0.00093 v_mand=0.00000 ptv=0.0425 ptv_max=0.00013 ring=0.00000 smooth=0.0078 laplacian=0.0179 beam=0.06053 homogeneity=0.0021 body=0.00000 bowel=0.00000 femur=0.00000
2026-05-22 21:43:06 [INFO] Step 25/54 Loss=2.1773 mse=0.0326 v_opt=0.00561 v_mand=0.00002 ptv=0.0642 ptv_max=0.00003 ring=0.00000 smooth=0.0030 laplacian=0.0062 beam=0.02519 homogeneity=0.0020 body=0.00000 bowel=0.00000 femur=0.00000
2026-05-22 21:43:09 [INFO] Step 30/54 Loss=2.3069 mse=0.0538 v_opt=0.00076 v_mand=0.00000 ptv=0.0605 ptv_max=0.00005 ring=0.00000 smooth=0.0030 laplacian=0.0053 beam=0.01127 homogeneity=0.0018 body=0.00000 bowel=0.00000 femur=0.00000
2026-05-22 21:43:11 [INFO] Step 35/54 Loss=5.4458 mse=0.0690 v_opt=0.00073 v_mand=0.00000 ptv=0.0718 ptv_max=0.00012 ring=0.00000 smooth=0.0048 laplacian=0.0102 beam=0.11309 homogeneity=0.0051 body=0.00000 bowel=0.00000 femur=0.00000
2026-05-22 21:43:14 [INFO] Step 40/54 Loss=4.2410 mse=0.0535 v_opt=0.00007 v_mand=0.00000 ptv=0.0547 ptv_max=0.00010 ring=0.00000 smooth=0.0033 laplacian=0.0062 beam=0.09059 homogeneity=0.0021 body=0.00000 bowel=0.00000 femur=0.00000
2026-05-22 21:43:20 [INFO] Step 45/54 Loss=6.9333 mse=0.0811 v_opt=0.04926 v_mand=0.00953 ptv=0.0430 ptv_max=0.00014 ring=0.00000 smooth=0.0045 laplacian=0.0097 beam=0.15072 homogeneity=0.0029 body=0.00000 bowel=0.00000 femur=0.00000
2026-05-22 21:43:23 [INFO] Step 50/54 Loss=3.2956 mse=0.0201 v_opt=0.00468 v_mand=0.00146 ptv=0.0351 ptv_max=0.00053 ring=0.00000 smooth=0.0025 laplacian=0.0052 beam=0.08686 homogeneity=0.0040 body=0.00000 bowel=0.00000 femur=0.00000
2026-05-22 21:43:25 [INFO] Step 54/54 Loss=7.6383 mse=0.1651 v_opt=0.01866 v_mand=0.00090 ptv=0.0419 ptv_max=0.00014 ring=0.00001 smooth=0.0083 laplacian=0.0185 beam=0.11350 homogeneity=0.0025 body=0.00000 bowel=0.00000 femur=0.00000
2026-05-22 21:43:25 [INFO] Running validation at epoch 247...
2026-05-22 21:43:54 [INFO] Epoch 247 Summary: Train=8.5956 Val=0.0044 (MSE=0.0044)
          Metrics: PTV_D95=56.87Gy Bladder=27.07Gy Rectum=31.29Gy
          Metrics: Ring=45.94Gy Dmax=1556.84Gy BG=13.18Gy
2026-05-22 21:43:54 [INFO] Epoch 248/300 [FULL PHYSICS] ramp=1.000 lr=8.43e-06
2026-05-22 21:44:01 [INFO] Step 5/54 Loss=8.7883 mse=0.1876 v_opt=0.03641 v_mand=0.00347 ptv=0.0439 ptv_max=0.00019 ring=0.00014 smooth=0.0156 laplacian=0.0365 beam=0.12472 homogeneity=0.0032 body=0.00000 bowel=0.00000 femur=0.00000
2026-05-22 21:44:04 [INFO] Step 10/54 Loss=2.2346 mse=0.0519 v_opt=0.00789 v_mand=0.00016 ptv=0.0754 ptv_max=0.00004 ring=0.00000 smooth=0.0022 laplacian=0.0033 beam=0.00302 homogeneity=0.0030 body=0.00000 bowel=0.00000 femur=0.00000
2026-05-22 21:44:07 [INFO] Step 15/54 Loss=9.5816 mse=0.1212 v_opt=0.02209 v_mand=0.00104 ptv=0.0422 ptv_max=0.00033 ring=0.00000 smooth=0.0154 laplacian=0.0378 beam=0.22798 homogeneity=0.0040 body=0.00000 bowel=0.00000 femur=0.00000
2026-05-22 21:44:10 [INFO] Step 20/54 Loss=4.0007 mse=0.0285 v_opt=0.01081 v_mand=0.00003 ptv=0.0972 ptv_max=0.00002 ring=0.00000 smooth=0.0017 laplacian=0.0027 beam=0.07473 homogeneity=0.0040 body=0.00000 bowel=0.02189 femur=0.00000
2026-05-22 21:44:14 [INFO] Step 25/54 Loss=13.6287 mse=0.1713 v_opt=0.00637 v_mand=0.00000 ptv=0.0272 ptv_max=0.00065 ring=0.00000 smooth=0.0142 laplacian=0.0340 beam=0.34743 homogeneity=0.0047 body=0.00000 bowel=0.00000 femur=0.00000
2026-05-22 21:44:18 [INFO] Step 30/54 Loss=13.9658 mse=0.2963 v_opt=0.00439 v_mand=0.00000 ptv=0.0432 ptv_max=0.00024 ring=0.00000 smooth=0.0096 laplacian=0.0229 beam=0.23616 homogeneity=0.0026 body=0.00000 bowel=0.00000 femur=0.00000
2026-05-22 21:44:20 [INFO] Step 35/54 Loss=5.9575 mse=0.1406 v_opt=0.01331 v_mand=0.00080 ptv=0.0443 ptv_max=0.00014 ring=0.00000 smooth=0.0080 laplacian=0.0172 beam=0.07062 homogeneity=0.0026 body=0.00000 bowel=0.00000 femur=0.00000
2026-05-22 21:44:24 [INFO] Step 40/54 Loss=3.8637 mse=0.0575 v_opt=0.00959 v_mand=0.00001 ptv=0.0457 ptv_max=0.00015 ring=0.00000 smooth=0.0036 laplacian=0.0070 beam=0.07345 homogeneity=0.0025 body=0.00000 bowel=0.00000 femur=0.00000
2026-05-22 21:44:28 [INFO] Step 45/54 Loss=2.4829 mse=0.0453 v_opt=0.00518 v_mand=0.00012 ptv=0.0780 ptv_max=0.00007 ring=0.00000 smooth=0.0037 laplacian=0.0080 beam=0.01640 homogeneity=0.0045 body=0.00000 bowel=0.00000 femur=0.00000
2026-05-22 21:44:31 [INFO] Step 50/54 Loss=6.1731 mse=0.0593 v_opt=0.00240 v_mand=0.00000 ptv=0.0217 ptv_max=0.00041 ring=0.00000 smooth=0.0039 laplacian=0.0090 beam=0.17115 homogeneity=0.0039 body=0.00000 bowel=0.00000 femur=0.00000
2026-05-22 21:44:34 [INFO] Step 54/54 Loss=2.6864 mse=0.0784 v_opt=0.00086 v_mand=0.00007 ptv=0.0547 ptv_max=0.00016 ring=0.00000 smooth=0.0034 laplacian=0.0058 beam=0.00266 homogeneity=0.0026 body=0.00000 bowel=0.00000 femur=0.00000
2026-05-22 21:44:34 [INFO] Running validation at epoch 248...
2026-05-22 21:45:03 [INFO] Epoch 248 Summary: Train=7.6256 Val=0.0044 (MSE=0.0044)
          Metrics: PTV_D95=56.97Gy Bladder=26.95Gy Rectum=31.02Gy
          Metrics: Ring=45.97Gy Dmax=1548.56Gy BG=13.34Gy
2026-05-22 21:45:03 [INFO] Epoch 249/300 [FULL PHYSICS] ramp=1.000 lr=8.16e-06
2026-05-22 21:45:09 [INFO] Step 5/54 Loss=3.5625 mse=0.0333 v_opt=0.01726 v_mand=0.00100 ptv=0.0563 ptv_max=0.00011 ring=0.00000 smooth=0.0028 laplacian=0.0055 beam=0.07886 homogeneity=0.0032 body=0.00000 bowel=0.00000 femur=0.00000
2026-05-22 21:45:13 [INFO] Step 10/54 Loss=6.1038 mse=0.1828 v_opt=0.01010 v_mand=0.00066 ptv=0.0383 ptv_max=0.00035 ring=0.00000 smooth=0.0192 laplacian=0.0488 beam=0.02882 homogeneity=0.0032 body=0.00000 bowel=0.00000 femur=0.00000
2026-05-22 21:45:16 [INFO] Step 15/54 Loss=14.8626 mse=0.1875 v_opt=0.00270 v_mand=0.00000 ptv=0.0212 ptv_max=0.00051 ring=0.00000 smooth=0.0094 laplacian=0.0229 beam=0.38711 homogeneity=0.0041 body=0.00000 bowel=0.00000 femur=0.00000
2026-05-22 21:45:19 [INFO] Step 20/54 Loss=9.9285 mse=0.1722 v_opt=0.00393 v_mand=0.00000 ptv=0.0437 ptv_max=0.00016 ring=0.00017 smooth=0.0108 laplacian=0.0241 beam=0.19846 homogeneity=0.0030 body=0.00000 bowel=0.00000 femur=0.00000
2026-05-22 21:45:22 [INFO] Step 25/54 Loss=4.0594 mse=0.0619 v_opt=0.00076 v_mand=0.00000 ptv=0.0822 ptv_max=0.00009 ring=0.00000 smooth=0.0046 laplacian=0.0106 beam=0.05998 homogeneity=0.0059 body=0.00000 bowel=0.00000 femur=0.00000
2026-05-22 21:45:28 [INFO] Step 30/54 Loss=9.8940 mse=0.0894 v_opt=0.00018 v_mand=0.00000 ptv=0.0629 ptv_max=0.00004 ring=0.00000 smooth=0.0176 laplacian=0.0416 beam=0.27017 homogeneity=0.0021 body=0.00000 bowel=0.00000 femur=0.00000
2026-05-22 21:45:30 [INFO] Step 35/54 Loss=2.2430 mse=0.0474 v_opt=0.02062 v_mand=0.00005 ptv=0.0869 ptv_max=0.00002 ring=0.00000 smooth=0.0042 laplacian=0.0085 beam=0.00141 homogeneity=0.0030 body=0.00000 bowel=0.00000 femur=0.00000
2026-05-22 21:45:33 [INFO] Step 40/54 Loss=5.0557 mse=0.0445 v_opt=0.02433 v_mand=0.00215 ptv=0.0721 ptv_max=0.00004 ring=0.00000 smooth=0.0048 laplacian=0.0105 beam=0.11723 homogeneity=0.0036 body=0.00000 bowel=0.00000 femur=0.00000
2026-05-22 21:45:36 [INFO] Step 45/54 Loss=8.1992 mse=0.2030 v_opt=0.01421 v_mand=0.00078 ptv=0.0434 ptv_max=0.00020 ring=0.00000 smooth=0.0069 laplacian=0.0155 beam=0.09745 homogeneity=0.0036 body=0.00000 bowel=0.00000 femur=0.00000
2026-05-22 21:45:41 [INFO] Step 50/54 Loss=11.3344 mse=0.1831 v_opt=0.00098 v_mand=0.00000 ptv=0.0521 ptv_max=0.00019 ring=0.00004 smooth=0.0102 laplacian=0.0237 beam=0.24107 homogeneity=0.0025 body=0.00000 bowel=0.00000 femur=0.00000
2026-05-22 21:45:44 [INFO] Step 54/54 Loss=16.6464 mse=0.2378 v_opt=0.04896 v_mand=0.00489 ptv=0.0514 ptv_max=0.00044 ring=0.00004 smooth=0.0356 laplacian=0.0817 beam=0.37040 homogeneity=0.0038 body=0.00000 bowel=0.00000 femur=0.00000
2026-05-22 21:45:44 [INFO] Running validation at epoch 249...
2026-05-22 21:46:13 [INFO] Epoch 249 Summary: Train=8.6320 Val=0.0043 (MSE=0.0043)
          Metrics: PTV_D95=57.34Gy Bladder=27.22Gy Rectum=30.27Gy
          Metrics: Ring=45.64Gy Dmax=1453.23Gy BG=13.14Gy
2026-05-22 21:46:13 [INFO] Epoch 250/300 [FULL PHYSICS] ramp=1.000 lr=7.89e-06
2026-05-22 21:46:19 [INFO] Step 5/54 Loss=2.8375 mse=0.0807 v_opt=0.00483 v_mand=0.00010 ptv=0.0615 ptv_max=0.00005 ring=0.00001 smooth=0.0062 laplacian=0.0133 beam=0.00272 homogeneity=0.0021 body=0.00000 bowel=0.00000 femur=0.00000
2026-05-22 21:46:22 [INFO] Step 10/54 Loss=14.1208 mse=0.1588 v_opt=0.01138 v_mand=0.00001 ptv=0.0408 ptv_max=0.00026 ring=0.00001 smooth=0.0588 laplacian=0.1497 beam=0.35199 homogeneity=0.0037 body=0.00000 bowel=0.00000 femur=0.00000
2026-05-22 21:46:25 [INFO] Step 15/54 Loss=9.3807 mse=0.1496 v_opt=0.00253 v_mand=0.00000 ptv=0.0502 ptv_max=0.00011 ring=0.00000 smooth=0.0088 laplacian=0.0211 beam=0.19858 homogeneity=0.0020 body=0.00000 bowel=0.00000 femur=0.00000
2026-05-22 21:46:28 [INFO] Step 20/54 Loss=6.5166 mse=0.1102 v_opt=0.01749 v_mand=0.00053 ptv=0.0514 ptv_max=0.00009 ring=0.00000 smooth=0.0087 laplacian=0.0184 beam=0.12097 homogeneity=0.0024 body=0.00000 bowel=0.00000 femur=0.00000
2026-05-22 21:46:33 [INFO] Step 25/54 Loss=7.3219 mse=0.0723 v_opt=0.00189 v_mand=0.00000 ptv=0.0972 ptv_max=0.00002 ring=0.00000 smooth=0.0068 laplacian=0.0161 beam=0.17307 homogeneity=0.0053 body=0.00000 bowel=0.00115 femur=0.00000
2026-05-22 21:46:37 [INFO] Step 30/54 Loss=2.5022 mse=0.0083 v_opt=0.00000 v_mand=0.00000 ptv=0.0000 ptv_max=0.00000 ring=0.00000 smooth=0.0012 laplacian=0.0027 beam=0.09118 homogeneity=0.0000 body=0.00000 bowel=0.00000 femur=0.00000
2026-05-22 21:46:40 [INFO] Step 35/54 Loss=7.1153 mse=0.0518 v_opt=0.00000 v_mand=0.00000 ptv=0.0470 ptv_max=0.00041 ring=0.00000 smooth=0.0034 laplacian=0.0072 beam=0.20735 homogeneity=0.0033 body=0.00000 bowel=0.00000 femur=0.00000
2026-05-22 21:46:43 [INFO] Step 40/54 Loss=3.6388 mse=0.0359 v_opt=0.01222 v_mand=0.00102 ptv=0.0767 ptv_max=0.00005 ring=0.00000 smooth=0.0015 laplacian=0.0023 beam=0.07247 homogeneity=0.0034 body=0.00000 bowel=0.00000 femur=0.00000
2026-05-22 21:46:46 [INFO] Step 45/54 Loss=11.3579 mse=0.3339 v_opt=0.03403 v_mand=0.00423 ptv=0.0492 ptv_max=0.00041 ring=0.00017 smooth=0.0203 laplacian=0.0489 beam=0.06823 homogeneity=0.0030 body=0.00000 bowel=0.00457 femur=0.00752
2026-05-22 21:46:50 [INFO] Step 50/54 Loss=17.1064 mse=0.1534 v_opt=0.00008 v_mand=0.00000 ptv=0.0603 ptv_max=0.00063 ring=0.00000 smooth=0.0199 laplacian=0.0498 beam=0.48709 homogeneity=0.0064 body=0.00000 bowel=0.00000 femur=0.00000
2026-05-22 21:46:53 [INFO] Step 54/54 Loss=4.8151 mse=0.0450 v_opt=0.00831 v_mand=0.00005 ptv=0.0515 ptv_max=0.00012 ring=0.00000 smooth=0.0037 laplacian=0.0081 beam=0.12115 homogeneity=0.0033 body=0.00000 bowel=0.00000 femur=0.00000
2026-05-22 21:46:53 [INFO] Running validation at epoch 250...
2026-05-22 21:47:22 [INFO] Epoch 250 Summary: Train=8.0946 Val=0.0043 (MSE=0.0043)
          Metrics: PTV_D95=56.20Gy Bladder=26.64Gy Rectum=30.38Gy
          Metrics: Ring=45.08Gy Dmax=1508.03Gy BG=12.98Gy
2026-05-22 21:47:22 [INFO] [PHYSICS] Saved best model val_loss=0.0043
2026-05-22 21:47:22 [INFO] Epoch 251/300 [FULL PHYSICS] ramp=1.000 lr=7.63e-06
2026-05-22 21:47:28 [INFO] Step 5/54 Loss=2.6959 mse=0.0711 v_opt=0.00000 v_mand=0.00000 ptv=0.0830 ptv_max=0.00007 ring=0.00000 smooth=0.0018 laplacian=0.0022 beam=0.00015 homogeneity=0.0030 body=0.00000 bowel=0.00000 femur=0.00000
2026-05-22 21:47:31 [INFO] Step 10/54 Loss=11.2898 mse=0.3642 v_opt=0.00526 v_mand=0.00000 ptv=0.0599 ptv_max=0.00040 ring=0.00039 smooth=0.0098 laplacian=0.0182 beam=0.05011 homogeneity=0.0032 body=0.00000 bowel=0.00620 femur=0.00000
2026-05-22 21:47:35 [INFO] Step 15/54 Loss=2.7415 mse=0.0320 v_opt=0.00618 v_mand=0.00000 ptv=0.0478 ptv_max=0.00004 ring=0.00000 smooth=0.0032 laplacian=0.0072 beam=0.05499 homogeneity=0.0016 body=0.00000 bowel=0.00000 femur=0.00000
2026-05-22 21:47:38 [INFO] Step 20/54 Loss=8.6641 mse=0.0462 v_opt=0.03069 v_mand=0.00474 ptv=0.1250 ptv_max=0.00004 ring=0.00000 smooth=0.0072 laplacian=0.0173 beam=0.22805 homogeneity=0.0079 body=0.00000 bowel=0.00000 femur=0.00000
2026-05-22 21:47:43 [INFO] Step 25/54 Loss=14.5405 mse=0.1917 v_opt=0.02391 v_mand=0.00136 ptv=0.0337 ptv_max=0.00059 ring=0.00002 smooth=0.0124 laplacian=0.0312 beam=0.35870 homogeneity=0.0036 body=0.00000 bowel=0.00000 femur=0.00000
2026-05-22 21:47:46 [INFO] Step 30/54 Loss=5.2548 mse=0.0367 v_opt=0.00672 v_mand=0.00000 ptv=0.0564 ptv_max=0.00005 ring=0.00000 smooth=0.0036 laplacian=0.0079 beam=0.14694 homogeneity=0.0019 body=0.00000 bowel=0.00000 femur=0.00000
2026-05-22 21:47:49 [INFO] Step 35/54 Loss=11.8780 mse=0.1186 v_opt=0.00973 v_mand=0.00019 ptv=0.0498 ptv_max=0.00022 ring=0.00001 smooth=0.0254 laplacian=0.0615 beam=0.31746 homogeneity=0.0042 body=0.00000 bowel=0.00000 femur=0.00000
2026-05-22 21:47:52 [INFO] Step 40/54 Loss=3.2805 mse=0.0423 v_opt=0.00000 v_mand=0.00000 ptv=0.0355 ptv_max=0.00066 ring=0.00000 smooth=0.0035 laplacian=0.0076 beam=0.06582 homogeneity=0.0041 body=0.00000 bowel=0.00000 femur=0.00000
2026-05-22 21:47:57 [INFO] Step 45/54 Loss=3.1742 mse=0.0657 v_opt=0.00650 v_mand=0.00032 ptv=0.0539 ptv_max=0.00008 ring=0.00000 smooth=0.0036 laplacian=0.0070 beam=0.03456 homogeneity=0.0025 body=0.00000 bowel=0.00000 femur=0.00000
2026-05-22 21:48:00 [INFO] Step 50/54 Loss=6.5747 mse=0.1034 v_opt=0.01302 v_mand=0.00020 ptv=0.0505 ptv_max=0.00010 ring=0.00000 smooth=0.0093 laplacian=0.0215 beam=0.13094 homogeneity=0.0023 body=0.00000 bowel=0.00000 femur=0.00000
2026-05-22 21:48:03 [INFO] Step 54/54 Loss=16.9654 mse=0.3275 v_opt=0.02757 v_mand=0.00054 ptv=0.0477 ptv_max=0.00101 ring=0.00086 smooth=0.0131 laplacian=0.0278 beam=0.29412 homogeneity=0.0052 body=0.00000 bowel=0.02936 femur=0.00057
2026-05-22 21:48:03 [INFO] Running validation at epoch 251...
2026-05-22 21:48:32 [INFO] Epoch 251 Summary: Train=7.6744 Val=0.0043 (MSE=0.0043)
          Metrics: PTV_D95=55.53Gy Bladder=26.39Gy Rectum=29.93Gy
          Metrics: Ring=44.56Gy Dmax=1434.67Gy BG=12.94Gy
2026-05-22 21:48:32 [INFO] Epoch 252/300 [FULL PHYSICS] ramp=1.000 lr=7.37e-06
2026-05-22 21:48:38 [INFO] Step 5/54 Loss=12.9106 mse=0.2314 v_opt=0.01622 v_mand=0.00026 ptv=0.0503 ptv_max=0.00018 ring=0.00000 smooth=0.0460 laplacian=0.1188 beam=0.23427 homogeneity=0.0026 body=0.00000 bowel=0.00000 femur=0.00000
2026-05-22 21:48:42 [INFO] Step 10/54 Loss=12.8461 mse=0.1724 v_opt=0.01569 v_mand=0.00043 ptv=0.0516 ptv_max=0.00021 ring=0.00000 smooth=0.0328 laplacian=0.0767 beam=0.29822 homogeneity=0.0032 body=0.00000 bowel=0.00000 femur=0.00000
2026-05-22 21:48:45 [INFO] Step 15/54 Loss=27.7193 mse=0.4281 v_opt=0.01561 v_mand=0.00024 ptv=0.0366 ptv_max=0.00040 ring=0.00006 smooth=0.0266 laplacian=0.0630 beam=0.64439 homogeneity=0.0030 body=0.00000 bowel=0.00221 femur=0.00000
2026-05-22 21:48:47 [INFO] Step 20/54 Loss=6.4267 mse=0.1080 v_opt=0.00324 v_mand=0.00003 ptv=0.0900 ptv_max=0.00027 ring=0.00008 smooth=0.0114 laplacian=0.0253 beam=0.09520 homogeneity=0.0107 body=0.00000 bowel=0.00295 femur=0.00000
2026-05-22 21:48:53 [INFO] Step 25/54 Loss=15.2751 mse=0.3701 v_opt=0.02109 v_mand=0.00002 ptv=0.0500 ptv_max=0.00339 ring=0.00204 smooth=0.0174 laplacian=0.0380 beam=0.14367 homogeneity=0.0137 body=0.00000 bowel=0.05771 femur=0.00000
2026-05-22 21:48:56 [INFO] Step 30/54 Loss=15.8578 mse=0.2110 v_opt=0.02617 v_mand=0.00119 ptv=0.0196 ptv_max=0.00096 ring=0.00000 smooth=0.0115 laplacian=0.0279 beam=0.39472 homogeneity=0.0056 body=0.00000 bowel=0.00000 femur=0.00000
2026-05-22 21:48:59 [INFO] Step 35/54 Loss=17.1314 mse=0.4023 v_opt=0.08159 v_mand=0.02570 ptv=0.0241 ptv_max=0.00556 ring=0.00380 smooth=0.0150 laplacian=0.0252 beam=0.14813 homogeneity=0.0133 body=0.00000 bowel=0.01499 femur=0.01582
2026-05-22 21:49:02 [INFO] Step 40/54 Loss=8.3059 mse=0.0707 v_opt=0.01207 v_mand=0.00027 ptv=0.0437 ptv_max=0.00009 ring=0.00000 smooth=0.0069 laplacian=0.0158 beam=0.23687 homogeneity=0.0021 body=0.00000 bowel=0.00000 femur=0.00000
2026-05-22 21:49:07 [INFO] Step 45/54 Loss=4.8994 mse=0.1486 v_opt=0.00703 v_mand=0.00000 ptv=0.0503 ptv_max=0.00006 ring=0.00000 smooth=0.0034 laplacian=0.0070 beam=0.02358 homogeneity=0.0016 body=0.00000 bowel=0.00000 femur=0.00000
2026-05-22 21:49:10 [INFO] Step 50/54 Loss=5.2026 mse=0.0420 v_opt=0.00609 v_mand=0.00000 ptv=0.0770 ptv_max=0.00004 ring=0.00000 smooth=0.0053 laplacian=0.0110 beam=0.12843 homogeneity=0.0046 body=0.00000 bowel=0.00000 femur=0.00000
2026-05-22 21:49:12 [INFO] Step 54/54 Loss=2.0972 mse=0.0536 v_opt=0.00056 v_mand=0.00000 ptv=0.0621 ptv_max=0.00007 ring=0.00000 smooth=0.0036 laplacian=0.0068 beam=0.00087 homogeneity=0.0032 body=0.00000 bowel=0.00000 femur=0.00000
2026-05-22 21:49:12 [INFO] Running validation at epoch 252...
2026-05-22 21:49:42 [INFO] Epoch 252 Summary: Train=7.5981 Val=0.0042 (MSE=0.0042)
          Metrics: PTV_D95=56.44Gy Bladder=27.30Gy Rectum=31.00Gy
          Metrics: Ring=45.19Gy Dmax=1559.60Gy BG=13.02Gy
2026-05-22 21:49:42 [INFO] [PHYSICS] Saved best model val_loss=0.0042
2026-05-22 21:49:42 [INFO] Epoch 253/300 [FULL PHYSICS] ramp=1.000 lr=7.12e-06
2026-05-22 21:49:48 [INFO] Step 5/54 Loss=13.9141 mse=0.2617 v_opt=0.03714 v_mand=0.00813 ptv=0.0286 ptv_max=0.00119 ring=0.00006 smooth=0.0165 laplacian=0.0377 beam=0.22509 homogeneity=0.0059 body=0.00000 bowel=0.03170 femur=0.00000
2026-05-22 21:49:51 [INFO] Step 10/54 Loss=3.5155 mse=0.0867 v_opt=0.00417 v_mand=0.00000 ptv=0.0519 ptv_max=0.00011 ring=0.00000 smooth=0.0069 laplacian=0.0154 beam=0.02643 homogeneity=0.0030 body=0.00000 bowel=0.00000 femur=0.00000
2026-05-22 21:49:54 [INFO] Step 15/54 Loss=4.8780 mse=0.0725 v_opt=0.01218 v_mand=0.00018 ptv=0.0527 ptv_max=0.00007 ring=0.00000 smooth=0.0058 laplacian=0.0127 beam=0.09513 homogeneity=0.0023 body=0.00000 bowel=0.00000 femur=0.00000
2026-05-22 21:49:57 [INFO] Step 20/54 Loss=4.7490 mse=0.1268 v_opt=0.00856 v_mand=0.00000 ptv=0.0453 ptv_max=0.00019 ring=0.00001 smooth=0.0106 laplacian=0.0254 beam=0.03552 homogeneity=0.0027 body=0.00000 bowel=0.00000 femur=0.00000
2026-05-22 21:50:02 [INFO] Step 25/54 Loss=21.2002 mse=0.3909 v_opt=0.00334 v_mand=0.00000 ptv=0.0769 ptv_max=0.00066 ring=0.01682 smooth=0.0459 laplacian=0.1053 beam=0.37490 homogeneity=0.0041 body=0.00000 bowel=0.01827 femur=0.00000
2026-05-22 21:50:05 [INFO] Step 30/54 Loss=22.7809 mse=0.4335 v_opt=0.04871 v_mand=0.00573 ptv=0.0407 ptv_max=0.00072 ring=0.00023 smooth=0.0242 laplacian=0.0543 beam=0.36631 homogeneity=0.0049 body=0.00000 bowel=0.09946 femur=0.00000
2026-05-22 21:50:08 [INFO] Step 35/54 Loss=1.4705 mse=0.0238 v_opt=0.00022 v_mand=0.00000 ptv=0.0461 ptv_max=0.00021 ring=0.00001 smooth=0.0019 laplacian=0.0037 beam=0.01203 homogeneity=0.0031 body=0.00000 bowel=0.00000 femur=0.00000
2026-05-22 21:50:11 [INFO] Step 40/54 Loss=7.0424 mse=0.0850 v_opt=0.00732 v_mand=0.00004 ptv=0.0644 ptv_max=0.00009 ring=0.00000 smooth=0.0053 laplacian=0.0112 beam=0.16472 homogeneity=0.0026 body=0.00000 bowel=0.00074 femur=0.00000
2026-05-22 21:50:17 [INFO] Step 45/54 Loss=7.4134 mse=0.0689 v_opt=0.03567 v_mand=0.00759 ptv=0.0452 ptv_max=0.00037 ring=0.00000 smooth=0.0054 laplacian=0.0122 beam=0.18352 homogeneity=0.0040 body=0.00000 bowel=0.00000 femur=0.00000
2026-05-22 21:50:20 [INFO] Step 50/54 Loss=2.2063 mse=0.0614 v_opt=0.00230 v_mand=0.00000 ptv=0.0481 ptv_max=0.00019 ring=0.00000 smooth=0.0046 laplacian=0.0086 beam=0.00176 homogeneity=0.0032 body=0.00000 bowel=0.00000 femur=0.00000
2026-05-22 21:50:23 [INFO] Step 54/54 Loss=3.0476 mse=0.0376 v_opt=0.01624 v_mand=0.00146 ptv=0.0538 ptv_max=0.00020 ring=0.00000 smooth=0.0030 laplacian=0.0063 beam=0.05302 homogeneity=0.0037 body=0.00000 bowel=0.00000 femur=0.00000
2026-05-22 21:50:23 [INFO] Running validation at epoch 253...
2026-05-22 21:50:52 [INFO] Epoch 253 Summary: Train=7.5446 Val=0.0042 (MSE=0.0042)
          Metrics: PTV_D95=56.12Gy Bladder=26.39Gy Rectum=30.08Gy
          Metrics: Ring=44.91Gy Dmax=1506.62Gy BG=12.97Gy
2026-05-22 21:50:52 [INFO] Epoch 254/300 [FULL PHYSICS] ramp=1.000 lr=6.88e-06
2026-05-22 21:50:58 [INFO] Step 5/54 Loss=3.5981 mse=0.0614 v_opt=0.00326 v_mand=0.00000 ptv=0.0617 ptv_max=0.00003 ring=0.00000 smooth=0.0032 laplacian=0.0062 beam=0.05443 homogeneity=0.0020 body=0.00000 bowel=0.00000 femur=0.00000
2026-05-22 21:51:02 [INFO] Step 10/54 Loss=5.5286 mse=0.0681 v_opt=0.00444 v_mand=0.00004 ptv=0.1011 ptv_max=0.00013 ring=0.00000 smooth=0.0076 laplacian=0.0164 beam=0.09892 homogeneity=0.0106 body=0.00000 bowel=0.00068 femur=0.00000
2026-05-22 21:51:04 [INFO] Step 15/54 Loss=2.2810 mse=0.0398 v_opt=0.00364 v_mand=0.00000 ptv=0.0742 ptv_max=0.00011 ring=0.00000 smooth=0.0026 laplacian=0.0051 beam=0.01556 homogeneity=0.0052 body=0.00000 bowel=0.00000 femur=0.00000
2026-05-22 21:51:07 [INFO] Step 20/54 Loss=7.0410 mse=0.0794 v_opt=0.02458 v_mand=0.00059 ptv=0.0296 ptv_max=0.00039 ring=0.00000 smooth=0.0057 laplacian=0.0140 beam=0.17864 homogeneity=0.0041 body=0.00000 bowel=0.00000 femur=0.00000
2026-05-22 21:51:13 [INFO] Step 25/54 Loss=5.3636 mse=0.0752 v_opt=0.02129 v_mand=0.00073 ptv=0.0448 ptv_max=0.00023 ring=0.00000 smooth=0.0059 laplacian=0.0127 beam=0.11128 homogeneity=0.0035 body=0.00000 bowel=0.00000 femur=0.00000
2026-05-22 21:51:15 [INFO] Step 30/54 Loss=10.2822 mse=0.1287 v_opt=0.00934 v_mand=0.00000 ptv=0.0179 ptv_max=0.00051 ring=0.00000 smooth=0.0059 laplacian=0.0134 beam=0.26515 homogeneity=0.0044 body=0.00000 bowel=0.00000 femur=0.00000
2026-05-22 21:51:18 [INFO] Step 35/54 Loss=17.9379 mse=0.3161 v_opt=0.00343 v_mand=0.00000 ptv=0.0436 ptv_max=0.00124 ring=0.00089 smooth=0.0761 laplacian=0.1877 beam=0.32615 homogeneity=0.0047 body=0.00000 bowel=0.00869 femur=0.00000
2026-05-22 21:51:21 [INFO] Step 40/54 Loss=7.9112 mse=0.1424 v_opt=0.02882 v_mand=0.00068 ptv=0.0532 ptv_max=0.00006 ring=0.00000 smooth=0.0103 laplacian=0.0237 beam=0.14194 homogeneity=0.0021 body=0.00000 bowel=0.00000 femur=0.00000
2026-05-22 21:51:26 [INFO] Step 45/54 Loss=2.6447 mse=0.0658 v_opt=0.00235 v_mand=0.00000 ptv=0.0756 ptv_max=0.00003 ring=0.00000 smooth=0.0031 laplacian=0.0056 beam=0.00606 homogeneity=0.0026 body=0.00000 bowel=0.00000 femur=0.00000
2026-05-22 21:51:29 [INFO] Step 50/54 Loss=4.4657 mse=0.1249 v_opt=0.01191 v_mand=0.00008 ptv=0.0593 ptv_max=0.00013 ring=0.00002 smooth=0.0072 laplacian=0.0164 beam=0.02217 homogeneity=0.0030 body=0.00000 bowel=0.00000 femur=0.00000
2026-05-22 21:51:31 [INFO] Step 54/54 Loss=8.9746 mse=0.1501 v_opt=0.00698 v_mand=0.00000 ptv=0.0597 ptv_max=0.00004 ring=0.00000 smooth=0.0053 laplacian=0.0107 beam=0.18045 homogeneity=0.0017 body=0.00000 bowel=0.00000 femur=0.00000
2026-05-22 21:51:31 [INFO] Running validation at epoch 254...
2026-05-22 21:52:01 [INFO] Epoch 254 Summary: Train=7.7125 Val=0.0043 (MSE=0.0043)
          Metrics: PTV_D95=56.42Gy Bladder=26.73Gy Rectum=30.39Gy
          Metrics: Ring=45.59Gy Dmax=1517.66Gy BG=13.06Gy
2026-05-22 21:52:01 [INFO] Epoch 255/300 [FULL PHYSICS] ramp=1.000 lr=6.63e-06
2026-05-22 21:52:07 [INFO] Step 5/54 Loss=5.9239 mse=0.0692 v_opt=0.02512 v_mand=0.00170 ptv=0.0516 ptv_max=0.00016 ring=0.00001 smooth=0.0078 laplacian=0.0185 beam=0.13377 homogeneity=0.0038 body=0.00000 bowel=0.00000 femur=0.00000
2026-05-22 21:52:10 [INFO] Step 10/54 Loss=3.7017 mse=0.0317 v_opt=0.00216 v_mand=0.00008 ptv=0.1015 ptv_max=0.00009 ring=0.00000 smooth=0.0034 laplacian=0.0070 beam=0.06244 homogeneity=0.0096 body=0.00000 bowel=0.00551 femur=0.00000
2026-05-22 21:52:12 [INFO] Step 15/54 Loss=4.5635 mse=0.1194 v_opt=0.01355 v_mand=0.00034 ptv=0.0437 ptv_max=0.00014 ring=0.00001 smooth=0.0063 laplacian=0.0137 beam=0.03817 homogeneity=0.0024 body=0.00000 bowel=0.00000 femur=0.00000
2026-05-22 21:52:15 [INFO] Step 20/54 Loss=4.3541 mse=0.0449 v_opt=0.00100 v_mand=0.00014 ptv=0.0278 ptv_max=0.00059 ring=0.00000 smooth=0.0015 laplacian=0.0030 beam=0.11030 homogeneity=0.0041 body=0.00000 bowel=0.00000 femur=0.00000
2026-05-22 21:52:22 [INFO] Step 25/54 Loss=3.4173 mse=0.0302 v_opt=0.00188 v_mand=0.00000 ptv=0.0620 ptv_max=0.00006 ring=0.00000 smooth=0.0023 laplacian=0.0044 beam=0.07811 homogeneity=0.0026 body=0.00000 bowel=0.00000 femur=0.00000
2026-05-22 21:52:24 [INFO] Step 30/54 Loss=10.5711 mse=0.1245 v_opt=0.01851 v_mand=0.00062 ptv=0.0362 ptv_max=0.00024 ring=0.00000 smooth=0.0177 laplacian=0.0442 beam=0.26793 homogeneity=0.0029 body=0.00000 bowel=0.00000 femur=0.00000
2026-05-22 21:52:27 [INFO] Step 35/54 Loss=2.5455 mse=0.0311 v_opt=0.00005 v_mand=0.00000 ptv=0.0617 ptv_max=0.00005 ring=0.00000 smooth=0.0013 laplacian=0.0021 beam=0.04387 homogeneity=0.0017 body=0.00000 bowel=0.00000 femur=0.00000
2026-05-22 21:52:30 [INFO] Step 40/54 Loss=8.0532 mse=0.1947 v_opt=0.03602 v_mand=0.00196 ptv=0.0644 ptv_max=0.00036 ring=0.00010 smooth=0.0091 laplacian=0.0201 beam=0.08503 homogeneity=0.0037 body=0.00000 bowel=0.00000 femur=0.00098
2026-05-22 21:52:36 [INFO] Step 45/54 Loss=5.4168 mse=0.0510 v_opt=0.00682 v_mand=0.00092 ptv=0.0492 ptv_max=0.00022 ring=0.00000 smooth=0.0032 laplacian=0.0061 beam=0.13754 homogeneity=0.0034 body=0.00000 bowel=0.00123 femur=0.00000
2026-05-22 21:52:39 [INFO] Step 50/54 Loss=9.3884 mse=0.2172 v_opt=0.00245 v_mand=0.00000 ptv=0.0300 ptv_max=0.00021 ring=0.00000 smooth=0.0075 laplacian=0.0165 beam=0.13896 homogeneity=0.0030 body=0.00000 bowel=0.00000 femur=0.00000
2026-05-22 21:52:41 [INFO] Step 54/54 Loss=5.1254 mse=0.1060 v_opt=0.00486 v_mand=0.00000 ptv=0.0533 ptv_max=0.00014 ring=0.00000 smooth=0.0040 laplacian=0.0085 beam=0.07280 homogeneity=0.0022 body=0.00000 bowel=0.00000 femur=0.00000
2026-05-22 21:52:41 [INFO] Running validation at epoch 255...
2026-05-22 21:53:10 [INFO] Epoch 255 Summary: Train=6.6420 Val=0.0042 (MSE=0.0042)
          Metrics: PTV_D95=56.49Gy Bladder=26.73Gy Rectum=29.88Gy
          Metrics: Ring=45.04Gy Dmax=1551.44Gy BG=12.82Gy
2026-05-22 21:53:10 [INFO] [PHYSICS] Saved best model val_loss=0.0042
2026-05-22 21:53:10 [INFO] Epoch 256/300 [FULL PHYSICS] ramp=1.000 lr=6.40e-06
2026-05-22 21:53:16 [INFO] Step 5/54 Loss=12.1286 mse=0.1442 v_opt=0.01336 v_mand=0.00024 ptv=0.0221 ptv_max=0.00043 ring=0.00000 smooth=0.0140 laplacian=0.0343 beam=0.31758 homogeneity=0.0037 body=0.00000 bowel=0.00000 femur=0.00000
2026-05-22 21:53:19 [INFO] Step 10/54 Loss=3.2307 mse=0.0424 v_opt=0.02110 v_mand=0.00110 ptv=0.0439 ptv_max=0.00011 ring=0.00000 smooth=0.0026 laplacian=0.0056 beam=0.06137 homogeneity=0.0026 body=0.00000 bowel=0.00000 femur=0.00000
2026-05-22 21:53:22 [INFO] Step 15/54 Loss=10.0572 mse=0.1296 v_opt=0.01698 v_mand=0.00033 ptv=0.0684 ptv_max=0.00008 ring=0.00005 smooth=0.0152 laplacian=0.0352 beam=0.23306 homogeneity=0.0026 body=0.00000 bowel=0.00000 femur=0.00000
2026-05-22 21:53:25 [INFO] Step 20/54 Loss=4.7646 mse=0.0606 v_opt=0.00094 v_mand=0.00008 ptv=0.0541 ptv_max=0.00013 ring=0.00000 smooth=0.0029 laplacian=0.0054 beam=0.10388 homogeneity=0.0027 body=0.00000 bowel=0.00000 femur=0.00000
2026-05-22 21:53:31 [INFO] Step 25/54 Loss=9.8147 mse=0.1639 v_opt=0.01143 v_mand=0.00004 ptv=0.0433 ptv_max=0.00020 ring=0.00006 smooth=0.0066 laplacian=0.0141 beam=0.20364 homogeneity=0.0030 body=0.00000 bowel=0.00000 femur=0.00000
2026-05-22 21:53:34 [INFO] Step 30/54 Loss=3.4744 mse=0.0298 v_opt=0.01908 v_mand=0.00022 ptv=0.0481 ptv_max=0.00011 ring=0.00000 smooth=0.0018 laplacian=0.0030 beam=0.08472 homogeneity=0.0025 body=0.00000 bowel=0.00000 femur=0.00000
2026-05-22 21:53:37 [INFO] Step 35/54 Loss=15.8502 mse=0.2617 v_opt=0.00909 v_mand=0.00000 ptv=0.0377 ptv_max=0.00043 ring=0.00000 smooth=0.0130 laplacian=0.0314 beam=0.34437 homogeneity=0.0035 body=0.00000 bowel=0.00000 femur=0.00000
2026-05-22 21:53:40 [INFO] Step 40/54 Loss=3.8441 mse=0.0363 v_opt=0.00858 v_mand=0.00019 ptv=0.0517 ptv_max=0.00008 ring=0.00000 smooth=0.0040 laplacian=0.0087 beam=0.09171 homogeneity=0.0021 body=0.00000 bowel=0.00000 femur=0.00000
2026-05-22 21:53:45 [INFO] Step 45/54 Loss=6.4755 mse=0.0748 v_opt=0.02361 v_mand=0.00161 ptv=0.0487 ptv_max=0.00004 ring=0.00001 smooth=0.0064 laplacian=0.0144 beam=0.15507 homogeneity=0.0015 body=0.00000 bowel=0.00000 femur=0.00000
2026-05-22 21:53:48 [INFO] Step 50/54 Loss=3.6683 mse=0.0331 v_opt=0.00486 v_mand=0.00000 ptv=0.0534 ptv_max=0.00014 ring=0.00000 smooth=0.0053 laplacian=0.0112 beam=0.08578 homogeneity=0.0035 body=0.00000 bowel=0.00000 femur=0.00000
2026-05-22 21:53:51 [INFO] Step 54/54 Loss=6.2812 mse=0.1437 v_opt=0.02281 v_mand=0.00163 ptv=0.0602 ptv_max=0.00012 ring=0.00005 smooth=0.0070 laplacian=0.0161 beam=0.07206 homogeneity=0.0025 body=0.00000 bowel=0.00029 femur=0.00000
2026-05-22 21:53:51 [INFO] Running validation at epoch 256...
2026-05-22 21:54:20 [INFO] Epoch 256 Summary: Train=7.7203 Val=0.0042 (MSE=0.0042)
          Metrics: PTV_D95=56.24Gy Bladder=26.67Gy Rectum=30.59Gy
          Metrics: Ring=45.36Gy Dmax=1576.67Gy BG=12.91Gy
2026-05-22 21:54:20 [INFO] Epoch 257/300 [FULL PHYSICS] ramp=1.000 lr=6.16e-06
2026-05-22 21:54:26 [INFO] Step 5/54 Loss=6.1224 mse=0.0515 v_opt=0.00967 v_mand=0.00019 ptv=0.0677 ptv_max=0.00003 ring=0.00000 smooth=0.0043 laplacian=0.0087 beam=0.16119 homogeneity=0.0023 body=0.00000 bowel=0.00000 femur=0.00000
2026-05-22 21:54:29 [INFO] Step 10/54 Loss=5.5284 mse=0.0794 v_opt=0.00198 v_mand=0.00000 ptv=0.0527 ptv_max=0.00007 ring=0.00000 smooth=0.0051 laplacian=0.0110 beam=0.11601 homogeneity=0.0021 body=0.00000 bowel=0.00000 femur=0.00000
2026-05-22 21:54:32 [INFO] Step 15/54 Loss=6.0297 mse=0.1286 v_opt=0.00028 v_mand=0.00000 ptv=0.0500 ptv_max=0.00004 ring=0.00004 smooth=0.0073 laplacian=0.0162 beam=0.08758 homogeneity=0.0015 body=0.00000 bowel=0.00000 femur=0.00000
2026-05-22 21:54:35 [INFO] Step 20/54 Loss=2.2615 mse=0.0282 v_opt=0.00134 v_mand=0.00001 ptv=0.0520 ptv_max=0.00011 ring=0.00000 smooth=0.0023 laplacian=0.0048 beam=0.03763 homogeneity=0.0026 body=0.00000 bowel=0.00000 femur=0.00000
2026-05-22 21:54:40 [INFO] Step 25/54 Loss=5.0973 mse=0.0317 v_opt=0.03697 v_mand=0.00645 ptv=0.0465 ptv_max=0.00028 ring=0.00000 smooth=0.0043 laplacian=0.0095 beam=0.13038 homogeneity=0.0045 body=0.00000 bowel=0.00000 femur=0.00000
2026-05-22 21:54:43 [INFO] Step 30/54 Loss=4.0602 mse=0.0856 v_opt=0.00950 v_mand=0.00185 ptv=0.0415 ptv_max=0.00014 ring=0.00000 smooth=0.0050 laplacian=0.0096 beam=0.05069 homogeneity=0.0026 body=0.00000 bowel=0.00000 femur=0.00000
2026-05-22 21:54:46 [INFO] Step 35/54 Loss=4.3638 mse=0.0910 v_opt=0.00215 v_mand=0.00000 ptv=0.1083 ptv_max=0.00028 ring=0.00013 smooth=0.0110 laplacian=0.0253 beam=0.02072 homogeneity=0.0129 body=0.00000 bowel=0.00287 femur=0.00000
2026-05-22 21:54:49 [INFO] Step 40/54 Loss=5.7501 mse=0.0313 v_opt=0.00004 v_mand=0.00000 ptv=0.0236 ptv_max=0.00034 ring=0.00000 smooth=0.0012 laplacian=0.0023 beam=0.18391 homogeneity=0.0034 body=0.00000 bowel=0.00000 femur=0.00000
2026-05-22 21:54:54 [INFO] Step 45/54 Loss=3.2194 mse=0.0876 v_opt=0.00484 v_mand=0.00011 ptv=0.0622 ptv_max=0.00021 ring=0.00008 smooth=0.0074 laplacian=0.0173 beam=0.00746 homogeneity=0.0039 body=0.00000 bowel=0.00000 femur=0.00000
2026-05-22 21:54:58 [INFO] Step 50/54 Loss=28.9024 mse=0.6171 v_opt=0.01582 v_mand=0.00028 ptv=0.0317 ptv_max=0.00143 ring=0.00068 smooth=0.5068 laplacian=1.3058 beam=0.22882 homogeneity=0.0056 body=0.00000 bowel=0.00133 femur=0.00000
2026-05-22 21:55:00 [INFO] Step 54/54 Loss=20.2870 mse=0.3509 v_opt=0.07649 v_mand=0.03118 ptv=0.0277 ptv_max=0.00126 ring=0.00065 smooth=0.0132 laplacian=0.0307 beam=0.35337 homogeneity=0.0053 body=0.00000 bowel=0.01466 femur=0.00000
2026-05-22 21:55:00 [INFO] Running validation at epoch 257...
2026-05-22 21:55:29 [INFO] Epoch 257 Summary: Train=7.8147 Val=0.0043 (MSE=0.0043)
          Metrics: PTV_D95=56.91Gy Bladder=26.99Gy Rectum=30.37Gy
          Metrics: Ring=45.66Gy Dmax=1505.21Gy BG=12.86Gy
2026-05-22 21:55:29 [INFO] Epoch 258/300 [FULL PHYSICS] ramp=1.000 lr=5.93e-06
2026-05-22 21:55:35 [INFO] Step 5/54 Loss=15.6590 mse=0.2055 v_opt=0.00461 v_mand=0.00000 ptv=0.0224 ptv_max=0.00047 ring=0.00000 smooth=0.0118 laplacian=0.0283 beam=0.39957 homogeneity=0.0038 body=0.00000 bowel=0.00000 femur=0.00000
2026-05-22 21:55:38 [INFO] Step 10/54 Loss=7.1391 mse=0.1579 v_opt=0.01616 v_mand=0.00020 ptv=0.0434 ptv_max=0.00016 ring=0.00003 smooth=0.0068 laplacian=0.0150 beam=0.10229 homogeneity=0.0026 body=0.00000 bowel=0.00000 femur=0.00000
2026-05-22 21:55:41 [INFO] Step 15/54 Loss=14.1312 mse=0.3938 v_opt=0.05570 v_mand=0.01700 ptv=0.0320 ptv_max=0.00100 ring=0.00010 smooth=0.0840 laplacian=0.2114 beam=0.06225 homogeneity=0.0044 body=0.00000 bowel=0.00457 femur=0.00000
2026-05-22 21:55:44 [INFO] Step 20/54 Loss=3.3151 mse=0.0570 v_opt=0.00575 v_mand=0.00005 ptv=0.0582 ptv_max=0.00007 ring=0.00000 smooth=0.0048 laplacian=0.0100 beam=0.04734 homogeneity=0.0023 body=0.00000 bowel=0.00000 femur=0.00000
2026-05-22 21:55:49 [INFO] Step 25/54 Loss=8.3198 mse=0.1823 v_opt=0.02295 v_mand=0.00254 ptv=0.0503 ptv_max=0.00016 ring=0.00002 smooth=0.0058 laplacian=0.0117 beam=0.11064 homogeneity=0.0023 body=0.00000 bowel=0.01243 femur=0.00000
2026-05-22 21:55:52 [INFO] Step 30/54 Loss=4.7034 mse=0.1370 v_opt=0.03217 v_mand=0.00424 ptv=0.0579 ptv_max=0.00015 ring=0.00003 smooth=0.0035 laplacian=0.0075 beam=0.01247 homogeneity=0.0024 body=0.00000 bowel=0.00000 femur=0.00000
2026-05-22 21:55:56 [INFO] Step 35/54 Loss=4.1127 mse=0.0249 v_opt=0.00471 v_mand=0.00001 ptv=0.0681 ptv_max=0.00004 ring=0.00000 smooth=0.0034 laplacian=0.0073 beam=0.10862 homogeneity=0.0019 body=0.00000 bowel=0.00000 femur=0.00000
2026-05-22 21:55:59 [INFO] Step 40/54 Loss=5.0730 mse=0.1183 v_opt=0.00441 v_mand=0.00000 ptv=0.0422 ptv_max=0.00011 ring=0.00000 smooth=0.0065 laplacian=0.0143 beam=0.06208 homogeneity=0.0019 body=0.00000 bowel=0.00000 femur=0.00000
2026-05-22 21:56:04 [INFO] Step 45/54 Loss=17.9392 mse=0.1972 v_opt=0.00095 v_mand=0.00000 ptv=0.0578 ptv_max=0.00022 ring=0.00000 smooth=0.0872 laplacian=0.2157 beam=0.44649 homogeneity=0.0034 body=0.00000 bowel=0.00000 femur=0.00000
2026-05-22 21:56:07 [INFO] Step 50/54 Loss=8.1535 mse=0.2108 v_opt=0.02458 v_mand=0.00197 ptv=0.0517 ptv_max=0.00074 ring=0.00017 smooth=0.0217 laplacian=0.0507 beam=0.06887 homogeneity=0.0053 body=0.00000 bowel=0.00000 femur=0.00000
2026-05-22 21:56:09 [INFO] Step 54/54 Loss=7.2823 mse=0.0464 v_opt=0.00174 v_mand=0.00005 ptv=0.0516 ptv_max=0.00014 ring=0.00000 smooth=0.0094 laplacian=0.0218 beam=0.21661 homogeneity=0.0023 body=0.00000 bowel=0.00000 femur=0.00000
2026-05-22 21:56:09 [INFO] Running validation at epoch 258...
2026-05-22 21:56:38 [INFO] Epoch 258 Summary: Train=7.5426 Val=0.0043 (MSE=0.0043)
          Metrics: PTV_D95=56.57Gy Bladder=26.70Gy Rectum=30.26Gy
          Metrics: Ring=45.62Gy Dmax=1496.84Gy BG=12.91Gy
2026-05-22 21:56:38 [INFO] Epoch 259/300 [FULL PHYSICS] ramp=1.000 lr=5.71e-06
2026-05-22 21:56:44 [INFO] Step 5/54 Loss=5.3891 mse=0.0724 v_opt=0.01147 v_mand=0.00009 ptv=0.0552 ptv_max=0.00009 ring=0.00000 smooth=0.0046 laplacian=0.0098 beam=0.11509 homogeneity=0.0028 body=0.00000 bowel=0.00000 femur=0.00000
2026-05-22 21:56:48 [INFO] Step 10/54 Loss=15.2108 mse=0.2108 v_opt=0.01631 v_mand=0.00000 ptv=0.0304 ptv_max=0.00019 ring=0.00000 smooth=0.0087 laplacian=0.0206 beam=0.37652 homogeneity=0.0025 body=0.00000 bowel=0.00000 femur=0.00000
2026-05-22 21:56:50 [INFO] Step 15/54 Loss=5.5270 mse=0.0813 v_opt=0.01110 v_mand=0.00002 ptv=0.0572 ptv_max=0.00009 ring=0.00000 smooth=0.0061 laplacian=0.0136 beam=0.10963 homogeneity=0.0035 body=0.00000 bowel=0.00008 femur=0.00000
2026-05-22 21:56:53 [INFO] Step 20/54 Loss=2.8002 mse=0.0707 v_opt=0.01734 v_mand=0.00054 ptv=0.0592 ptv_max=0.00010 ring=0.00001 smooth=0.0043 laplacian=0.0094 beam=0.01090 homogeneity=0.0021 body=0.00000 bowel=0.00000 femur=0.00000
2026-05-22 21:56:58 [INFO] Step 25/54 Loss=6.5801 mse=0.0865 v_opt=0.00956 v_mand=0.00008 ptv=0.0459 ptv_max=0.00014 ring=0.00000 smooth=0.0054 laplacian=0.0124 beam=0.15198 homogeneity=0.0024 body=0.00000 bowel=0.00000 femur=0.00000
2026-05-22 21:57:02 [INFO] Step 30/54 Loss=11.2873 mse=0.3668 v_opt=0.01025 v_mand=0.00023 ptv=0.0646 ptv_max=0.00219 ring=0.00217 smooth=0.0590 laplacian=0.1266 beam=0.00857 homogeneity=0.0084 body=0.00000 bowel=0.00000 femur=0.00053
2026-05-22 21:57:05 [INFO] Step 35/54 Loss=3.1913 mse=0.0593 v_opt=0.00217 v_mand=0.00000 ptv=0.0541 ptv_max=0.00008 ring=0.00000 smooth=0.0033 laplacian=0.0064 beam=0.04299 homogeneity=0.0022 body=0.00000 bowel=0.00000 femur=0.00000
2026-05-22 21:57:07 [INFO] Step 40/54 Loss=5.5863 mse=0.0853 v_opt=0.00630 v_mand=0.00000 ptv=0.0464 ptv_max=0.00019 ring=0.00000 smooth=0.0084 laplacian=0.0207 beam=0.11080 homogeneity=0.0032 body=0.00000 bowel=0.00000 femur=0.00000
2026-05-22 21:57:13 [INFO] Step 45/54 Loss=6.4843 mse=0.0780 v_opt=0.02117 v_mand=0.00018 ptv=0.0659 ptv_max=0.00005 ring=0.00006 smooth=0.0086 laplacian=0.0200 beam=0.14643 homogeneity=0.0022 body=0.00000 bowel=0.00000 femur=0.00000
2026-05-22 21:57:16 [INFO] Step 50/54 Loss=3.1886 mse=0.0816 v_opt=0.00033 v_mand=0.00000 ptv=0.0524 ptv_max=0.00006 ring=0.00000 smooth=0.0042 laplacian=0.0090 beam=0.02127 homogeneity=0.0017 body=0.00000 bowel=0.00000 femur=0.00000
2026-05-22 21:57:18 [INFO] Step 54/54 Loss=13.2158 mse=0.2089 v_opt=0.00474 v_mand=0.00000 ptv=0.0584 ptv_max=0.00012 ring=0.00003 smooth=0.0326 laplacian=0.0799 beam=0.27342 homogeneity=0.0024 body=0.00000 bowel=0.00437 femur=0.00000
2026-05-22 21:57:18 [INFO] Running validation at epoch 259...
2026-05-22 21:57:48 [INFO] Epoch 259 Summary: Train=7.4794 Val=0.0042 (MSE=0.0042)
          Metrics: PTV_D95=56.57Gy Bladder=26.43Gy Rectum=30.86Gy
          Metrics: Ring=45.34Gy Dmax=1592.40Gy BG=12.78Gy
2026-05-22 21:57:48 [INFO] Epoch 260/300 [FULL PHYSICS] ramp=1.000 lr=5.49e-06
2026-05-22 21:57:54 [INFO] Step 5/54 Loss=19.5413 mse=0.4125 v_opt=0.03812 v_mand=0.00239 ptv=0.0418 ptv_max=0.00053 ring=0.00016 smooth=0.0167 laplacian=0.0373 beam=0.29234 homogeneity=0.0035 body=0.00000 bowel=0.06343 femur=0.00000
2026-05-22 21:57:57 [INFO] Step 10/54 Loss=3.2191 mse=0.0753 v_opt=0.01207 v_mand=0.00014 ptv=0.0613 ptv_max=0.00008 ring=0.00000 smooth=0.0053 laplacian=0.0109 beam=0.02289 homogeneity=0.0024 body=0.00000 bowel=0.00000 femur=0.00000
2026-05-22 21:58:00 [INFO] Step 15/54 Loss=2.2950 mse=0.0612 v_opt=0.00000 v_mand=0.00000 ptv=0.0551 ptv_max=0.00006 ring=0.00000 smooth=0.0039 laplacian=0.0077 beam=0.00491 homogeneity=0.0020 body=0.00000 bowel=0.00000 femur=0.00000
2026-05-22 21:58:03 [INFO] Step 20/54 Loss=6.5104 mse=0.0305 v_opt=0.02900 v_mand=0.00291 ptv=0.0559 ptv_max=0.00012 ring=0.00000 smooth=0.0028 laplacian=0.0054 beam=0.07142 homogeneity=0.0033 body=0.00000 bowel=0.20568 femur=0.00000
2026-05-22 21:58:09 [INFO] Step 25/54 Loss=9.1452 mse=0.1404 v_opt=0.00371 v_mand=0.00000 ptv=0.0525 ptv_max=0.00007 ring=0.00000 smooth=0.0081 laplacian=0.0184 beam=0.19806 homogeneity=0.0020 body=0.00000 bowel=0.00000 femur=0.00000
2026-05-22 21:58:12 [INFO] Step 30/54 Loss=2.0072 mse=0.0434 v_opt=0.00044 v_mand=0.00000 ptv=0.0783 ptv_max=0.00007 ring=0.00000 smooth=0.0013 laplacian=0.0020 beam=0.00113 homogeneity=0.0044 body=0.00000 bowel=0.00000 femur=0.00000
2026-05-22 21:58:15 [INFO] Step 35/54 Loss=3.4637 mse=0.0915 v_opt=0.00411 v_mand=0.00000 ptv=0.0649 ptv_max=0.00004 ring=0.00000 smooth=0.0067 laplacian=0.0145 beam=0.01541 homogeneity=0.0025 body=0.00000 bowel=0.00000 femur=0.00000
2026-05-22 21:58:18 [INFO] Step 40/54 Loss=8.1936 mse=0.2553 v_opt=0.01597 v_mand=0.00108 ptv=0.0579 ptv_max=0.00148 ring=0.00191 smooth=0.0185 laplacian=0.0400 beam=0.01235 homogeneity=0.0056 body=0.00000 bowel=0.01708 femur=0.00000
2026-05-22 21:58:23 [INFO] Step 45/54 Loss=7.6413 mse=0.1213 v_opt=0.03276 v_mand=0.00306 ptv=0.0572 ptv_max=0.00025 ring=0.00028 smooth=0.0158 laplacian=0.0358 beam=0.13968 homogeneity=0.0045 body=0.00000 bowel=0.00000 femur=0.00000
2026-05-22 21:58:26 [INFO] Step 50/54 Loss=23.3624 mse=0.3716 v_opt=0.00000 v_mand=0.00000 ptv=0.0318 ptv_max=0.00390 ring=0.00172 smooth=0.0151 laplacian=0.0310 beam=0.51010 homogeneity=0.0101 body=0.00000 bowel=0.00112 femur=0.00000
2026-05-22 21:58:28 [INFO] Step 54/54 Loss=12.7177 mse=0.2487 v_opt=0.01004 v_mand=0.00007 ptv=0.0243 ptv_max=0.00163 ring=0.00027 smooth=0.0171 laplacian=0.0403 beam=0.22408 homogeneity=0.0065 body=0.00000 bowel=0.00000 femur=0.00361
2026-05-22 21:58:28 [INFO] Running validation at epoch 260...
2026-05-22 21:58:58 [INFO] Epoch 260 Summary: Train=7.4236 Val=0.0042 (MSE=0.0042)
          Metrics: PTV_D95=56.65Gy Bladder=26.07Gy Rectum=30.04Gy
          Metrics: Ring=45.41Gy Dmax=1545.41Gy BG=12.96Gy
2026-05-22 21:58:58 [INFO] Epoch 261/300 [FULL PHYSICS] ramp=1.000 lr=5.28e-06
2026-05-22 21:59:04 [INFO] Step 5/54 Loss=3.2976 mse=0.0677 v_opt=0.00238 v_mand=0.00000 ptv=0.0602 ptv_max=0.00003 ring=0.00000 smooth=0.0047 laplacian=0.0090 beam=0.03629 homogeneity=0.0018 body=0.00000 bowel=0.00000 femur=0.00000
2026-05-22 21:59:07 [INFO] Step 10/54 Loss=1.9915 mse=0.0272 v_opt=0.01154 v_mand=0.00037 ptv=0.0806 ptv_max=0.00001 ring=0.00000 smooth=0.0017 laplacian=0.0028 beam=0.01566 homogeneity=0.0027 body=0.00000 bowel=0.00000 femur=0.00000
2026-05-22 21:59:10 [INFO] Step 15/54 Loss=15.1626 mse=0.4839 v_opt=0.02976 v_mand=0.00235 ptv=0.0398 ptv_max=0.00097 ring=0.00057 smooth=0.0113 laplacian=0.0235 beam=0.06720 homogeneity=0.0046 body=0.00000 bowel=0.02332 femur=0.00839
2026-05-22 21:59:13 [INFO] Step 20/54 Loss=11.1536 mse=0.2702 v_opt=0.03444 v_mand=0.00588 ptv=0.0258 ptv_max=0.00069 ring=0.00002 smooth=0.0090 laplacian=0.0191 beam=0.13941 homogeneity=0.0043 body=0.00000 bowel=0.00000 femur=0.00000
2026-05-22 21:59:18 [INFO] Step 25/54 Loss=2.3644 mse=0.0614 v_opt=0.01743 v_mand=0.00125 ptv=0.0561 ptv_max=0.00016 ring=0.00000 smooth=0.0038 laplacian=0.0071 beam=0.00151 homogeneity=0.0036 body=0.00000 bowel=0.00000 femur=0.00000
2026-05-22 21:59:21 [INFO] Step 30/54 Loss=4.8655 mse=0.0707 v_opt=0.01386 v_mand=0.00033 ptv=0.0503 ptv_max=0.00015 ring=0.00001 smooth=0.0067 laplacian=0.0144 beam=0.09518 homogeneity=0.0036 body=0.00000 bowel=0.00000 femur=0.00000
2026-05-22 21:59:23 [INFO] Step 35/54 Loss=5.8065 mse=0.1078 v_opt=0.01166 v_mand=0.00021 ptv=0.0516 ptv_max=0.00007 ring=0.00000 smooth=0.0064 laplacian=0.0139 beam=0.09739 homogeneity=0.0020 body=0.00000 bowel=0.00000 femur=0.00000
2026-05-22 21:59:26 [INFO] Step 40/54 Loss=4.8548 mse=0.0547 v_opt=0.00083 v_mand=0.00000 ptv=0.0546 ptv_max=0.00011 ring=0.00000 smooth=0.0038 laplacian=0.0080 beam=0.11365 homogeneity=0.0018 body=0.00000 bowel=0.00000 femur=0.00000
2026-05-22 21:59:32 [INFO] Step 45/54 Loss=5.6887 mse=0.1233 v_opt=0.00130 v_mand=0.00000 ptv=0.0758 ptv_max=0.00018 ring=0.00001 smooth=0.0055 laplacian=0.0118 beam=0.06439 homogeneity=0.0072 body=0.00000 bowel=0.00000 femur=0.00000
2026-05-22 21:59:35 [INFO] Step 50/54 Loss=2.9303 mse=0.0621 v_opt=0.01408 v_mand=0.00054 ptv=0.0521 ptv_max=0.00010 ring=0.00001 smooth=0.0040 laplacian=0.0085 beam=0.02756 homogeneity=0.0025 body=0.00000 bowel=0.00000 femur=0.00000
2026-05-22 21:59:37 [INFO] Step 54/54 Loss=3.0758 mse=0.0768 v_opt=0.00154 v_mand=0.00000 ptv=0.0591 ptv_max=0.00009 ring=0.00001 smooth=0.0092 laplacian=0.0205 beam=0.01515 homogeneity=0.0029 body=0.00000 bowel=0.00000 femur=0.00000
2026-05-22 21:59:37 [INFO] Running validation at epoch 261...
2026-05-22 22:00:07 [INFO] Epoch 261 Summary: Train=7.4058 Val=0.0042 (MSE=0.0042)
          Metrics: PTV_D95=55.65Gy Bladder=26.63Gy Rectum=30.43Gy
          Metrics: Ring=45.06Gy Dmax=1555.19Gy BG=12.90Gy
2026-05-22 22:00:07 [INFO] Epoch 262/300 [FULL PHYSICS] ramp=1.000 lr=5.07e-06
2026-05-22 22:00:13 [INFO] Step 5/54 Loss=9.4930 mse=0.1944 v_opt=0.03735 v_mand=0.00224 ptv=0.0507 ptv_max=0.00012 ring=0.00001 smooth=0.0148 laplacian=0.0347 beam=0.14683 homogeneity=0.0025 body=0.00000 bowel=0.00080 femur=0.00000
2026-05-22 22:00:16 [INFO] Step 10/54 Loss=14.4359 mse=0.1941 v_opt=0.01339 v_mand=0.00017 ptv=0.0417 ptv_max=0.00027 ring=0.00000 smooth=0.0174 laplacian=0.0425 beam=0.35223 homogeneity=0.0027 body=0.00000 bowel=0.00000 femur=0.00000
2026-05-22 22:00:19 [INFO] Step 15/54 Loss=2.9149 mse=0.0712 v_opt=0.00038 v_mand=0.00000 ptv=0.0465 ptv_max=0.00013 ring=0.00000 smooth=0.0030 laplacian=0.0053 beam=0.02280 homogeneity=0.0025 body=0.00000 bowel=0.00000 femur=0.00000
2026-05-22 22:00:22 [INFO] Step 20/54 Loss=4.7431 mse=0.0858 v_opt=0.01646 v_mand=0.00047 ptv=0.0592 ptv_max=0.00036 ring=0.00024 smooth=0.0081 laplacian=0.0187 beam=0.06814 homogeneity=0.0043 body=0.00000 bowel=0.00000 femur=0.00000
2026-05-22 22:00:27 [INFO] Step 25/54 Loss=3.1840 mse=0.0955 v_opt=0.01052 v_mand=0.00080 ptv=0.0496 ptv_max=0.00010 ring=0.00000 smooth=0.0068 laplacian=0.0148 beam=0.00410 homogeneity=0.0020 body=0.00000 bowel=0.00000 femur=0.00000
2026-05-22 22:00:30 [INFO] Step 30/54 Loss=4.2670 mse=0.0769 v_opt=0.01753 v_mand=0.00099 ptv=0.0582 ptv_max=0.00005 ring=0.00000 smooth=0.0042 laplacian=0.0085 beam=0.05625 homogeneity=0.0025 body=0.00000 bowel=0.01105 femur=0.00000
2026-05-22 22:00:33 [INFO] Step 35/54 Loss=7.2421 mse=0.1112 v_opt=0.01118 v_mand=0.00016 ptv=0.0576 ptv_max=0.00009 ring=0.00000 smooth=0.0081 laplacian=0.0185 beam=0.14768 homogeneity=0.0025 body=0.00000 bowel=0.00000 femur=0.00000
2026-05-22 22:00:36 [INFO] Step 40/54 Loss=5.0235 mse=0.0718 v_opt=0.00594 v_mand=0.00001 ptv=0.0938 ptv_max=0.00017 ring=0.00001 smooth=0.0060 laplacian=0.0124 beam=0.06106 homogeneity=0.0101 body=0.00000 bowel=0.03030 femur=0.00000
2026-05-22 22:00:42 [INFO] Step 45/54 Loss=2.3598 mse=0.0294 v_opt=0.00082 v_mand=0.00000 ptv=0.0546 ptv_max=0.00004 ring=0.00000 smooth=0.0025 laplacian=0.0052 beam=0.04012 homogeneity=0.0021 body=0.00000 bowel=0.00000 femur=0.00000
2026-05-22 22:00:44 [INFO] Step 50/54 Loss=11.9503 mse=0.1540 v_opt=0.00919 v_mand=0.00000 ptv=0.0371 ptv_max=0.00027 ring=0.00000 smooth=0.0317 laplacian=0.0869 beam=0.28565 homogeneity=0.0031 body=0.00000 bowel=0.00000 femur=0.00000
2026-05-22 22:00:47 [INFO] Step 54/54 Loss=12.0496 mse=0.1984 v_opt=0.02051 v_mand=0.00025 ptv=0.0489 ptv_max=0.00017 ring=0.00002 smooth=0.0070 laplacian=0.0144 beam=0.25363 homogeneity=0.0025 body=0.00000 bowel=0.00345 femur=0.00000
2026-05-22 22:00:47 [INFO] Running validation at epoch 262...
2026-05-22 22:01:17 [INFO] Epoch 262 Summary: Train=6.9447 Val=0.0042 (MSE=0.0042)
          Metrics: PTV_D95=56.47Gy Bladder=26.17Gy Rectum=30.01Gy
          Metrics: Ring=45.36Gy Dmax=1534.40Gy BG=12.87Gy
2026-05-22 22:01:17 [INFO] Epoch 263/300 [FULL PHYSICS] ramp=1.000 lr=4.87e-06
2026-05-22 22:01:23 [INFO] Step 5/54 Loss=3.8450 mse=0.0658 v_opt=0.00443 v_mand=0.00000 ptv=0.0631 ptv_max=0.00004 ring=0.00000 smooth=0.0038 laplacian=0.0072 beam=0.05836 homogeneity=0.0027 body=0.00000 bowel=0.00000 femur=0.00000
2026-05-22 22:01:26 [INFO] Step 10/54 Loss=4.1818 mse=0.0464 v_opt=0.00365 v_mand=0.00000 ptv=0.0647 ptv_max=0.00007 ring=0.00000 smooth=0.0030 laplacian=0.0057 beam=0.09056 homogeneity=0.0031 body=0.00000 bowel=0.00003 femur=0.00000
2026-05-22 22:01:28 [INFO] Step 15/54 Loss=6.8019 mse=0.1403 v_opt=0.00582 v_mand=0.00000 ptv=0.0419 ptv_max=0.00013 ring=0.00000 smooth=0.0089 laplacian=0.0204 beam=0.10734 homogeneity=0.0025 body=0.00000 bowel=0.00000 femur=0.00000
2026-05-22 22:01:32 [INFO] Step 20/54 Loss=6.9131 mse=0.0620 v_opt=0.00032 v_mand=0.00000 ptv=0.0217 ptv_max=0.00053 ring=0.00000 smooth=0.0024 laplacian=0.0050 beam=0.19823 homogeneity=0.0042 body=0.00000 bowel=0.00000 femur=0.00000
2026-05-22 22:01:37 [INFO] Step 25/54 Loss=25.5756 mse=0.3538 v_opt=0.00052 v_mand=0.00000 ptv=0.0490 ptv_max=0.00041 ring=0.00021 smooth=0.0140 laplacian=0.0309 beam=0.57275 homogeneity=0.0032 body=0.00000 bowel=0.10820 femur=0.00000
2026-05-22 22:01:41 [INFO] Step 30/54 Loss=3.3727 mse=0.1038 v_opt=0.00097 v_mand=0.00000 ptv=0.0514 ptv_max=0.00014 ring=0.00010 smooth=0.0067 laplacian=0.0148 beam=0.00419 homogeneity=0.0027 body=0.00000 bowel=0.00000 femur=0.00000
2026-05-22 22:01:43 [INFO] Step 35/54 Loss=3.0880 mse=0.0373 v_opt=0.00817 v_mand=0.00008 ptv=0.0640 ptv_max=0.00004 ring=0.00000 smooth=0.0021 laplacian=0.0039 beam=0.05616 homogeneity=0.0030 body=0.00000 bowel=0.00027 femur=0.00000
2026-05-22 22:01:46 [INFO] Step 40/54 Loss=13.3377 mse=0.1560 v_opt=0.04695 v_mand=0.00928 ptv=0.0359 ptv_max=0.00084 ring=0.00000 smooth=0.0143 laplacian=0.0343 beam=0.32436 homogeneity=0.0050 body=0.00000 bowel=0.00000 femur=0.00000
2026-05-22 22:01:52 [INFO] Step 45/54 Loss=2.4664 mse=0.0492 v_opt=0.00373 v_mand=0.00000 ptv=0.0626 ptv_max=0.00007 ring=0.00000 smooth=0.0026 laplacian=0.0043 beam=0.02024 homogeneity=0.0030 body=0.00000 bowel=0.00000 femur=0.00000
2026-05-22 22:01:54 [INFO] Step 50/54 Loss=6.7108 mse=0.0719 v_opt=0.00102 v_mand=0.00000 ptv=0.0209 ptv_max=0.00065 ring=0.00000 smooth=0.0052 laplacian=0.0115 beam=0.17783 homogeneity=0.0048 body=0.00000 bowel=0.00000 femur=0.00000
2026-05-22 22:01:57 [INFO] Step 54/54 Loss=3.6063 mse=0.0346 v_opt=0.00706 v_mand=0.00011 ptv=0.0622 ptv_max=0.00004 ring=0.00000 smooth=0.0028 laplacian=0.0058 beam=0.08069 homogeneity=0.0023 body=0.00000 bowel=0.00000 femur=0.00000
2026-05-22 22:01:57 [INFO] Running validation at epoch 263...
2026-05-22 22:02:26 [INFO] Epoch 263 Summary: Train=6.7321 Val=0.0042 (MSE=0.0042)
          Metrics: PTV_D95=57.28Gy Bladder=26.90Gy Rectum=30.26Gy
          Metrics: Ring=46.23Gy Dmax=1545.21Gy BG=12.94Gy
2026-05-22 22:02:26 [INFO] Epoch 264/300 [FULL PHYSICS] ramp=1.000 lr=4.67e-06
2026-05-22 22:02:32 [INFO] Step 5/54 Loss=7.5363 mse=0.0643 v_opt=0.01066 v_mand=0.00000 ptv=0.0354 ptv_max=0.00034 ring=0.00000 smooth=0.0046 laplacian=0.0110 beam=0.21131 homogeneity=0.0035 body=0.00000 bowel=0.00611 femur=0.00000
2026-05-22 22:02:35 [INFO] Step 10/54 Loss=4.3708 mse=0.0675 v_opt=0.00832 v_mand=0.00018 ptv=0.0395 ptv_max=0.00008 ring=0.00000 smooth=0.0057 laplacian=0.0123 beam=0.08588 homogeneity=0.0018 body=0.00000 bowel=0.00000 femur=0.00000
2026-05-22 22:02:39 [INFO] Step 15/54 Loss=5.2555 mse=0.0385 v_opt=0.05168 v_mand=0.01142 ptv=0.0721 ptv_max=0.00004 ring=0.00000 smooth=0.0019 laplacian=0.0034 beam=0.11294 homogeneity=0.0024 body=0.00000 bowel=0.00005 femur=0.00000
2026-05-22 22:02:41 [INFO] Step 20/54 Loss=5.6407 mse=0.0757 v_opt=0.02899 v_mand=0.00145 ptv=0.0507 ptv_max=0.00008 ring=0.00000 smooth=0.0063 laplacian=0.0144 beam=0.11924 homogeneity=0.0020 body=0.00000 bowel=0.00000 femur=0.00000
2026-05-22 22:02:46 [INFO] Step 25/54 Loss=6.6548 mse=0.0759 v_opt=0.00755 v_mand=0.00000 ptv=0.0612 ptv_max=0.00005 ring=0.00000 smooth=0.0040 laplacian=0.0084 beam=0.16126 homogeneity=0.0023 body=0.00000 bowel=0.00000 femur=0.00000
2026-05-22 22:02:49 [INFO] Step 30/54 Loss=4.6618 mse=0.1112 v_opt=0.01115 v_mand=0.00002 ptv=0.0649 ptv_max=0.00007 ring=0.00000 smooth=0.0055 laplacian=0.0120 beam=0.04360 homogeneity=0.0022 body=0.00000 bowel=0.00000 femur=0.00000
2026-05-22 22:02:53 [INFO] Step 35/54 Loss=4.7806 mse=0.0670 v_opt=0.01338 v_mand=0.00000 ptv=0.0786 ptv_max=0.00015 ring=0.00005 smooth=0.0083 laplacian=0.0194 beam=0.08351 homogeneity=0.0039 body=0.00000 bowel=0.00000 femur=0.00000
2026-05-22 22:02:55 [INFO] Step 40/54 Loss=4.0673 mse=0.0560 v_opt=0.02229 v_mand=0.00089 ptv=0.0543 ptv_max=0.00019 ring=0.00000 smooth=0.0040 laplacian=0.0085 beam=0.07592 homogeneity=0.0031 body=0.00000 bowel=0.00000 femur=0.00000
2026-05-22 22:03:01 [INFO] Step 45/54 Loss=7.6769 mse=0.1461 v_opt=0.01982 v_mand=0.00074 ptv=0.0805 ptv_max=0.00027 ring=0.00003 smooth=0.0140 laplacian=0.0323 beam=0.10850 homogeneity=0.0107 body=0.00000 bowel=0.00000 femur=0.00000
2026-05-22 22:03:04 [INFO] Step 50/54 Loss=2.3018 mse=0.0515 v_opt=0.00810 v_mand=0.00002 ptv=0.0565 ptv_max=0.00010 ring=0.00000 smooth=0.0028 laplacian=0.0046 beam=0.01336 homogeneity=0.0029 body=0.00000 bowel=0.00000 femur=0.00000
2026-05-22 22:03:07 [INFO] Step 54/54 Loss=3.8499 mse=0.0528 v_opt=0.00124 v_mand=0.00000 ptv=0.0549 ptv_max=0.00005 ring=0.00000 smooth=0.0039 laplacian=0.0088 beam=0.07548 homogeneity=0.0018 body=0.00000 bowel=0.00000 femur=0.00000
2026-05-22 22:03:07 [INFO] Running validation at epoch 264...
2026-05-22 22:03:36 [INFO] Epoch 264 Summary: Train=6.6206 Val=0.0042 (MSE=0.0042)
          Metrics: PTV_D95=56.67Gy Bladder=26.45Gy Rectum=30.05Gy
          Metrics: Ring=45.88Gy Dmax=1585.55Gy BG=13.00Gy
2026-05-22 22:03:36 [INFO] Epoch 265/300 [FULL PHYSICS] ramp=1.000 lr=4.48e-06
2026-05-22 22:03:42 [INFO] Step 5/54 Loss=2.2648 mse=0.0495 v_opt=0.01481 v_mand=0.00059 ptv=0.0811 ptv_max=0.00004 ring=0.00000 smooth=0.0036 laplacian=0.0062 beam=0.00145 homogeneity=0.0041 body=0.00000 bowel=0.00000 femur=0.00000
2026-05-22 22:03:45 [INFO] Step 10/54 Loss=5.8293 mse=0.0808 v_opt=0.01540 v_mand=0.00029 ptv=0.0661 ptv_max=0.00005 ring=0.00000 smooth=0.0044 laplacian=0.0091 beam=0.11973 homogeneity=0.0026 body=0.00000 bowel=0.00000 femur=0.00000
2026-05-22 22:03:48 [INFO] Step 15/54 Loss=2.4832 mse=0.0576 v_opt=0.00476 v_mand=0.00000 ptv=0.0835 ptv_max=0.00005 ring=0.00000 smooth=0.0032 laplacian=0.0050 beam=0.00199 homogeneity=0.0056 body=0.00000 bowel=0.00000 femur=0.00000
2026-05-22 22:03:51 [INFO] Step 20/54 Loss=2.1569 mse=0.0443 v_opt=0.00022 v_mand=0.00000 ptv=0.0672 ptv_max=0.00013 ring=0.00000 smooth=0.0032 laplacian=0.0060 beam=0.01007 homogeneity=0.0036 body=0.00000 bowel=0.00000 femur=0.00000
2026-05-22 22:03:56 [INFO] Step 25/54 Loss=3.1583 mse=0.0836 v_opt=0.01238 v_mand=0.00061 ptv=0.0577 ptv_max=0.00004 ring=0.00000 smooth=0.0046 laplacian=0.0094 beam=0.01328 homogeneity=0.0023 body=0.00000 bowel=0.00000 femur=0.00000
2026-05-22 22:04:00 [INFO] Step 30/54 Loss=9.7749 mse=0.1449 v_opt=0.00644 v_mand=0.00000 ptv=0.0358 ptv_max=0.00040 ring=0.00000 smooth=0.0128 laplacian=0.0304 beam=0.21937 homogeneity=0.0036 body=0.00000 bowel=0.00000 femur=0.00000
2026-05-22 22:04:03 [INFO] Step 35/54 Loss=6.0653 mse=0.0826 v_opt=0.01554 v_mand=0.00032 ptv=0.0449 ptv_max=0.00012 ring=0.00000 smooth=0.0062 laplacian=0.0135 beam=0.13454 homogeneity=0.0025 body=0.00000 bowel=0.00000 femur=0.00000
2026-05-22 22:04:06 [INFO] Step 40/54 Loss=2.2724 mse=0.0606 v_opt=0.01334 v_mand=0.00059 ptv=0.0572 ptv_max=0.00005 ring=0.00000 smooth=0.0026 laplacian=0.0040 beam=0.00151 homogeneity=0.0025 body=0.00000 bowel=0.00067 femur=0.00000
2026-05-22 22:04:10 [INFO] Step 45/54 Loss=2.2892 mse=0.0535 v_opt=0.00493 v_mand=0.00005 ptv=0.0564 ptv_max=0.00006 ring=0.00000 smooth=0.0032 laplacian=0.0055 beam=0.01168 homogeneity=0.0022 body=0.00000 bowel=0.00000 femur=0.00000
2026-05-22 22:04:14 [INFO] Step 50/54 Loss=3.1305 mse=0.0883 v_opt=0.02274 v_mand=0.00125 ptv=0.0557 ptv_max=0.00010 ring=0.00001 smooth=0.0055 laplacian=0.0117 beam=0.00476 homogeneity=0.0030 body=0.00000 bowel=0.00000 femur=0.00000
2026-05-22 22:04:16 [INFO] Step 54/54 Loss=2.4640 mse=0.0726 v_opt=0.00716 v_mand=0.00001 ptv=0.0479 ptv_max=0.00015 ring=0.00002 smooth=0.0038 laplacian=0.0078 beam=0.00136 homogeneity=0.0028 body=0.00000 bowel=0.00000 femur=0.00000
2026-05-22 22:04:16 [INFO] Running validation at epoch 265...
2026-05-22 22:04:45 [INFO] Epoch 265 Summary: Train=6.8875 Val=0.0042 (MSE=0.0042)
          Metrics: PTV_D95=57.25Gy Bladder=27.28Gy Rectum=30.84Gy
          Metrics: Ring=46.10Gy Dmax=1594.38Gy BG=12.87Gy
2026-05-22 22:04:45 [INFO] Epoch 266/300 [FULL PHYSICS] ramp=1.000 lr=4.29e-06
2026-05-22 22:04:52 [INFO] Step 5/54 Loss=5.4591 mse=0.1503 v_opt=0.00866 v_mand=0.00032 ptv=0.0515 ptv_max=0.00018 ring=0.00000 smooth=0.0307 laplacian=0.0763 beam=0.02657 homogeneity=0.0025 body=0.00000 bowel=0.00000 femur=0.00000
2026-05-22 22:04:55 [INFO] Step 10/54 Loss=5.9271 mse=0.1406 v_opt=0.00331 v_mand=0.00032 ptv=0.0364 ptv_max=0.00011 ring=0.00000 smooth=0.0037 laplacian=0.0078 beam=0.07703 homogeneity=0.0021 body=0.00000 bowel=0.00000 femur=0.00000
2026-05-22 22:04:58 [INFO] Step 15/54 Loss=4.5578 mse=0.0305 v_opt=0.05512 v_mand=0.01287 ptv=0.0773 ptv_max=0.00010 ring=0.00000 smooth=0.0022 laplacian=0.0042 beam=0.08543 homogeneity=0.0048 body=0.00000 bowel=0.00000 femur=0.00000
2026-05-22 22:05:01 [INFO] Step 20/54 Loss=5.8201 mse=0.0678 v_opt=0.00000 v_mand=0.00000 ptv=0.0654 ptv_max=0.00003 ring=0.00001 smooth=0.0079 laplacian=0.0179 beam=0.13330 homogeneity=0.0019 body=0.00000 bowel=0.00000 femur=0.00000
2026-05-22 22:05:06 [INFO] Step 25/54 Loss=2.9439 mse=0.0796 v_opt=0.00870 v_mand=0.00000 ptv=0.0728 ptv_max=0.00009 ring=0.00002 smooth=0.0092 laplacian=0.0205 beam=0.00091 homogeneity=0.0030 body=0.00000 bowel=0.00000 femur=0.00000
2026-05-22 22:05:09 [INFO] Step 30/54 Loss=14.7001 mse=0.1246 v_opt=0.00126 v_mand=0.00000 ptv=0.0680 ptv_max=0.00003 ring=0.00000 smooth=0.0692 laplacian=0.1783 beam=0.39561 homogeneity=0.0024 body=0.00000 bowel=0.00000 femur=0.00000
2026-05-22 22:05:12 [INFO] Step 35/54 Loss=2.4177 mse=0.0602 v_opt=0.00416 v_mand=0.00001 ptv=0.0640 ptv_max=0.00003 ring=0.00000 smooth=0.0020 laplacian=0.0043 beam=0.00815 homogeneity=0.0016 body=0.00000 bowel=0.00000 femur=0.00000
2026-05-22 22:05:15 [INFO] Step 40/54 Loss=15.3606 mse=0.1573 v_opt=0.00404 v_mand=0.00026 ptv=0.0509 ptv_max=0.00011 ring=0.00001 smooth=0.0255 laplacian=0.0620 beam=0.41943 homogeneity=0.0030 body=0.00000 bowel=0.00000 femur=0.00000
2026-05-22 22:05:19 [INFO] Step 45/54 Loss=3.5914 mse=0.0890 v_opt=0.00428 v_mand=0.00000 ptv=0.0515 ptv_max=0.00016 ring=0.00002 smooth=0.0062 laplacian=0.0147 beam=0.02723 homogeneity=0.0029 body=0.00000 bowel=0.00000 femur=0.00000
2026-05-22 22:05:23 [INFO] Step 50/54 Loss=11.4563 mse=0.1695 v_opt=0.02247 v_mand=0.00066 ptv=0.0446 ptv_max=0.00028 ring=0.00000 smooth=0.0137 laplacian=0.0330 beam=0.25404 homogeneity=0.0029 body=0.00000 bowel=0.00000 femur=0.00651
2026-05-22 22:05:25 [INFO] Step 54/54 Loss=4.3472 mse=0.1059 v_opt=0.01779 v_mand=0.00069 ptv=0.0417 ptv_max=0.00015 ring=0.00000 smooth=0.0076 laplacian=0.0166 beam=0.04172 homogeneity=0.0028 body=0.00000 bowel=0.00000 femur=0.00000
2026-05-22 22:05:25 [INFO] Running validation at epoch 266...
2026-05-22 22:05:55 [INFO] Epoch 266 Summary: Train=6.8910 Val=0.0042 (MSE=0.0042)
          Metrics: PTV_D95=57.75Gy Bladder=27.19Gy Rectum=30.27Gy
          Metrics: Ring=46.48Gy Dmax=1600.30Gy BG=13.04Gy
2026-05-22 22:05:55 [INFO] Epoch 267/300 [FULL PHYSICS] ramp=1.000 lr=4.10e-06
2026-05-22 22:06:01 [INFO] Step 5/54 Loss=2.4529 mse=0.0555 v_opt=0.00346 v_mand=0.00005 ptv=0.0600 ptv_max=0.00015 ring=0.00001 smooth=0.0054 laplacian=0.0122 beam=0.01179 homogeneity=0.0035 body=0.00000 bowel=0.00000 femur=0.00000
2026-05-22 22:06:04 [INFO] Step 10/54 Loss=1.8710 mse=0.0482 v_opt=0.00063 v_mand=0.00000 ptv=0.0590 ptv_max=0.00005 ring=0.00000 smooth=0.0021 laplacian=0.0034 beam=0.00052 homogeneity=0.0018 body=0.00000 bowel=0.00000 femur=0.00000
2026-05-22 22:06:07 [INFO] Step 15/54 Loss=4.6319 mse=0.0166 v_opt=0.00000 v_mand=0.00000 ptv=0.0793 ptv_max=0.00016 ring=0.00000 smooth=0.0032 laplacian=0.0074 beam=0.13034 homogeneity=0.0050 body=0.00000 bowel=0.00000 femur=0.00000
2026-05-22 22:06:10 [INFO] Step 20/54 Loss=20.6044 mse=0.3279 v_opt=0.03442 v_mand=0.00635 ptv=0.0361 ptv_max=0.00056 ring=0.00017 smooth=0.0584 laplacian=0.1425 beam=0.42007 homogeneity=0.0033 body=0.00000 bowel=0.00949 femur=0.00907
2026-05-22 22:06:16 [INFO] Step 25/54 Loss=7.1566 mse=0.1831 v_opt=0.00937 v_mand=0.00000 ptv=0.0535 ptv_max=0.00010 ring=0.00000 smooth=0.0122 laplacian=0.0305 beam=0.07237 homogeneity=0.0019 body=0.00000 bowel=0.00000 femur=0.00000
2026-05-22 22:06:19 [INFO] Step 30/54 Loss=3.9378 mse=0.0357 v_opt=0.01907 v_mand=0.00062 ptv=0.0507 ptv_max=0.00009 ring=0.00000 smooth=0.0032 laplacian=0.0069 beam=0.09445 homogeneity=0.0029 body=0.00000 bowel=0.00000 femur=0.00000
2026-05-22 22:06:22 [INFO] Step 35/54 Loss=4.3934 mse=0.0534 v_opt=0.00446 v_mand=0.00001 ptv=0.0608 ptv_max=0.00004 ring=0.00000 smooth=0.0041 laplacian=0.0088 beam=0.09398 homogeneity=0.0019 body=0.00000 bowel=0.00000 femur=0.00000
2026-05-22 22:06:25 [INFO] Step 40/54 Loss=10.3878 mse=0.3073 v_opt=0.00513 v_mand=0.00000 ptv=0.0609 ptv_max=0.00050 ring=0.00013 smooth=0.0078 laplacian=0.0161 beam=0.04621 homogeneity=0.0033 body=0.00000 bowel=0.04674 femur=0.00000
2026-05-22 22:06:30 [INFO] Step 45/54 Loss=19.0354 mse=0.5230 v_opt=0.03268 v_mand=0.00397 ptv=0.0781 ptv_max=0.00245 ring=0.00701 smooth=0.0519 laplacian=0.1172 beam=0.12774 homogeneity=0.0096 body=0.00000 bowel=0.02057 femur=0.01106
2026-05-22 22:06:33 [INFO] Step 50/54 Loss=2.4866 mse=0.0597 v_opt=0.00442 v_mand=0.00012 ptv=0.0515 ptv_max=0.00007 ring=0.00000 smooth=0.0039 laplacian=0.0071 beam=0.01502 homogeneity=0.0019 body=0.00000 bowel=0.00000 femur=0.00000
2026-05-22 22:06:35 [INFO] Step 54/54 Loss=12.7446 mse=0.2780 v_opt=0.03368 v_mand=0.00273 ptv=0.0595 ptv_max=0.00161 ring=0.00068 smooth=0.0690 laplacian=0.1602 beam=0.14754 homogeneity=0.0074 body=0.00000 bowel=0.00000 femur=0.00385
2026-05-22 22:06:35 [INFO] Running validation at epoch 267...
2026-05-22 22:07:05 [INFO] Epoch 267 Summary: Train=8.8958 Val=0.0041 (MSE=0.0041)
          Metrics: PTV_D95=56.83Gy Bladder=26.93Gy Rectum=30.37Gy
          Metrics: Ring=45.68Gy Dmax=1577.00Gy BG=12.90Gy
2026-05-22 22:07:05 [INFO] [PHYSICS] Saved best model val_loss=0.0041
2026-05-22 22:07:05 [INFO] Epoch 268/300 [FULL PHYSICS] ramp=1.000 lr=3.93e-06
2026-05-22 22:07:11 [INFO] Step 5/54 Loss=3.3784 mse=0.0627 v_opt=0.00379 v_mand=0.00000 ptv=0.0576 ptv_max=0.00006 ring=0.00000 smooth=0.0031 laplacian=0.0056 beam=0.04557 homogeneity=0.0024 body=0.00000 bowel=0.00000 femur=0.00000
2026-05-22 22:07:14 [INFO] Step 10/54 Loss=12.9662 mse=0.1129 v_opt=0.01014 v_mand=0.00030 ptv=0.0575 ptv_max=0.00004 ring=0.00000 smooth=0.0111 laplacian=0.0255 beam=0.37387 homogeneity=0.0020 body=0.00000 bowel=0.00000 femur=0.00000
2026-05-22 22:07:17 [INFO] Step 15/54 Loss=51.6164 mse=0.0199 v_opt=1.21001 v_mand=0.91545 ptv=0.0550 ptv_max=0.00025 ring=0.00000 smooth=0.0027 laplacian=0.0056 beam=0.08941 homogeneity=0.0036 body=0.00000 bowel=0.00000 femur=0.00000
2026-05-22 22:07:20 [INFO] Step 20/54 Loss=3.2063 mse=0.0249 v_opt=0.00039 v_mand=0.00000 ptv=0.0327 ptv_max=0.00022 ring=0.00000 smooth=0.0021 laplacian=0.0041 beam=0.08573 homogeneity=0.0029 body=0.00000 bowel=0.00000 femur=0.00000
2026-05-22 22:07:25 [INFO] Step 25/54 Loss=30.4609 mse=0.5738 v_opt=0.06038 v_mand=0.01088 ptv=0.0383 ptv_max=0.00107 ring=0.00023 smooth=0.0245 laplacian=0.0572 beam=0.55193 homogeneity=0.0047 body=0.00000 bowel=0.04611 femur=0.00096
2026-05-22 22:07:27 [INFO] Step 30/54 Loss=3.0000 mse=0.0473 v_opt=0.00588 v_mand=0.00020 ptv=0.0579 ptv_max=0.00004 ring=0.00000 smooth=0.0029 laplacian=0.0049 beam=0.04561 homogeneity=0.0021 body=0.00000 bowel=0.00000 femur=0.00000
2026-05-22 22:07:31 [INFO] Step 35/54 Loss=2.5409 mse=0.0524 v_opt=0.00364 v_mand=0.00003 ptv=0.0746 ptv_max=0.00021 ring=0.00000 smooth=0.0026 laplacian=0.0044 beam=0.01092 homogeneity=0.0074 body=0.00000 bowel=0.00000 femur=0.00000
2026-05-22 22:07:34 [INFO] Step 40/54 Loss=8.8452 mse=0.1830 v_opt=0.05461 v_mand=0.00674 ptv=0.0501 ptv_max=0.00033 ring=0.00015 smooth=0.0173 laplacian=0.0408 beam=0.11439 homogeneity=0.0034 body=0.00000 bowel=0.00828 femur=0.00000
2026-05-22 22:07:38 [INFO] Step 45/54 Loss=1.9326 mse=0.0506 v_opt=0.00005 v_mand=0.00000 ptv=0.0547 ptv_max=0.00007 ring=0.00000 smooth=0.0023 laplacian=0.0041 beam=0.00196 homogeneity=0.0019 body=0.00000 bowel=0.00000 femur=0.00000
2026-05-22 22:07:41 [INFO] Step 50/54 Loss=2.1526 mse=0.0542 v_opt=0.00038 v_mand=0.00000 ptv=0.0602 ptv_max=0.00006 ring=0.00000 smooth=0.0032 laplacian=0.0062 beam=0.00445 homogeneity=0.0020 body=0.00000 bowel=0.00000 femur=0.00000
2026-05-22 22:07:44 [INFO] Step 54/54 Loss=13.6195 mse=0.3821 v_opt=0.02061 v_mand=0.00187 ptv=0.0618 ptv_max=0.00048 ring=0.00063 smooth=0.0352 laplacian=0.0843 beam=0.10440 homogeneity=0.0036 body=0.00000 bowel=0.00629 femur=0.00000
2026-05-22 22:07:44 [INFO] Running validation at epoch 268...
2026-05-22 22:08:13 [INFO] Epoch 268 Summary: Train=8.0619 Val=0.0042 (MSE=0.0042)
          Metrics: PTV_D95=56.80Gy Bladder=26.99Gy Rectum=30.22Gy
          Metrics: Ring=45.96Gy Dmax=1567.27Gy BG=12.93Gy
2026-05-22 22:08:13 [INFO] Epoch 269/300 [FULL PHYSICS] ramp=1.000 lr=3.75e-06
2026-05-22 22:08:19 [INFO] Step 5/54 Loss=3.1036 mse=0.0572 v_opt=0.00254 v_mand=0.00014 ptv=0.1101 ptv_max=0.00012 ring=0.00000 smooth=0.0063 laplacian=0.0128 beam=0.00967 homogeneity=0.0099 body=0.00000 bowel=0.00211 femur=0.00000
2026-05-22 22:08:22 [INFO] Step 10/54 Loss=6.5894 mse=0.0692 v_opt=0.00000 v_mand=0.00000 ptv=0.0264 ptv_max=0.00024 ring=0.00000 smooth=0.0048 laplacian=0.0102 beam=0.17764 homogeneity=0.0031 body=0.00000 bowel=0.00000 femur=0.00000
2026-05-22 22:08:25 [INFO] Step 15/54 Loss=15.4119 mse=0.3082 v_opt=0.00945 v_mand=0.00007 ptv=0.0328 ptv_max=0.00154 ring=0.00085 smooth=0.0256 laplacian=0.0608 beam=0.24594 homogeneity=0.0061 body=0.00000 bowel=0.03407 femur=0.00000
2026-05-22 22:08:28 [INFO] Step 20/54 Loss=12.1672 mse=0.1808 v_opt=0.01163 v_mand=0.00002 ptv=0.0400 ptv_max=0.00021 ring=0.00000 smooth=0.0216 laplacian=0.0526 beam=0.27402 homogeneity=0.0029 body=0.00000 bowel=0.00000 femur=0.00000
2026-05-22 22:08:33 [INFO] Step 25/54 Loss=8.4232 mse=0.2386 v_opt=0.00183 v_mand=0.00000 ptv=0.0353 ptv_max=0.00202 ring=0.00049 smooth=0.0192 laplacian=0.0428 beam=0.05687 homogeneity=0.0068 body=0.00000 bowel=0.00000 femur=0.00000
2026-05-22 22:08:36 [INFO] Step 30/54 Loss=27.3967 mse=0.5407 v_opt=0.00971 v_mand=0.00035 ptv=0.0338 ptv_max=0.00116 ring=0.00074 smooth=0.0287 laplacian=0.0624 beam=0.48778 homogeneity=0.0049 body=0.00000 bowel=0.04568 femur=0.00000
2026-05-22 22:08:40 [INFO] Step 35/54 Loss=1.8920 mse=0.0421 v_opt=0.00570 v_mand=0.00019 ptv=0.0466 ptv_max=0.00014 ring=0.00000 smooth=0.0021 laplacian=0.0034 beam=0.01071 homogeneity=0.0023 body=0.00000 bowel=0.00000 femur=0.00000
2026-05-22 22:08:42 [INFO] Step 40/54 Loss=12.5480 mse=0.0373 v_opt=0.20158 v_mand=0.11392 ptv=0.0285 ptv_max=0.00044 ring=0.00000 smooth=0.0048 laplacian=0.0115 beam=0.20117 homogeneity=0.0037 body=0.00000 bowel=0.00000 femur=0.00000
2026-05-22 22:08:46 [INFO] Step 45/54 Loss=4.6854 mse=0.0618 v_opt=0.01489 v_mand=0.00039 ptv=0.0501 ptv_max=0.00015 ring=0.00000 smooth=0.0030 laplacian=0.0058 beam=0.09919 homogeneity=0.0027 body=0.00000 bowel=0.00000 femur=0.00000
2026-05-22 22:08:49 [INFO] Step 50/54 Loss=5.1300 mse=0.1184 v_opt=0.00239 v_mand=0.00000 ptv=0.0687 ptv_max=0.00007 ring=0.00005 smooth=0.0066 laplacian=0.0150 beam=0.05348 homogeneity=0.0024 body=0.00000 bowel=0.00000 femur=0.00000
2026-05-22 22:08:52 [INFO] Step 54/54 Loss=10.1094 mse=0.2373 v_opt=0.00544 v_mand=0.00021 ptv=0.0328 ptv_max=0.00014 ring=0.00000 smooth=0.0099 laplacian=0.0230 beam=0.14545 homogeneity=0.0023 body=0.00000 bowel=0.00000 femur=0.00000
2026-05-22 22:08:52 [INFO] Running validation at epoch 269...
2026-05-22 22:09:21 [INFO] Epoch 269 Summary: Train=7.8636 Val=0.0042 (MSE=0.0042)
          Metrics: PTV_D95=56.98Gy Bladder=26.55Gy Rectum=31.00Gy
          Metrics: Ring=45.89Gy Dmax=1573.97Gy BG=12.88Gy
2026-05-22 22:09:21 [INFO] Epoch 270/300 [FULL PHYSICS] ramp=1.000 lr=3.59e-06
2026-05-22 22:09:28 [INFO] Step 5/54 Loss=4.0443 mse=0.1103 v_opt=0.00859 v_mand=0.00017 ptv=0.0544 ptv_max=0.00015 ring=0.00006 smooth=0.0065 laplacian=0.0140 beam=0.02232 homogeneity=0.0030 body=0.00000 bowel=0.00000 femur=0.00000
2026-05-22 22:09:30 [INFO] Step 10/54 Loss=3.9989 mse=0.1097 v_opt=0.01266 v_mand=0.00019 ptv=0.0552 ptv_max=0.00006 ring=0.00005 smooth=0.0051 laplacian=0.0110 beam=0.02222 homogeneity=0.0021 body=0.00000 bowel=0.00000 femur=0.00000
2026-05-22 22:09:33 [INFO] Step 15/54 Loss=2.0976 mse=0.0468 v_opt=0.00343 v_mand=0.00005 ptv=0.0616 ptv_max=0.00007 ring=0.00000 smooth=0.0031 laplacian=0.0052 beam=0.00850 homogeneity=0.0025 body=0.00000 bowel=0.00000 femur=0.00000
2026-05-22 22:09:36 [INFO] Step 20/54 Loss=2.2491 mse=0.0414 v_opt=0.02087 v_mand=0.00310 ptv=0.0504 ptv_max=0.00057 ring=0.00000 smooth=0.0024 laplacian=0.0039 beam=0.01276 homogeneity=0.0044 body=0.00000 bowel=0.00000 femur=0.00000
2026-05-22 22:09:42 [INFO] Step 25/54 Loss=3.8133 mse=0.0350 v_opt=0.00295 v_mand=0.00000 ptv=0.0682 ptv_max=0.00001 ring=0.00000 smooth=0.0026 laplacian=0.0053 beam=0.08744 homogeneity=0.0017 body=0.00000 bowel=0.00000 femur=0.00000
2026-05-22 22:09:45 [INFO] Step 30/54 Loss=14.1314 mse=0.2207 v_opt=0.00608 v_mand=0.00000 ptv=0.0568 ptv_max=0.00019 ring=0.00946 smooth=0.0180 laplacian=0.0350 beam=0.30350 homogeneity=0.0032 body=0.00000 bowel=0.00135 femur=0.00000
2026-05-22 22:09:48 [INFO] Step 35/54 Loss=18.2062 mse=0.1744 v_opt=0.04895 v_mand=0.00739 ptv=0.0234 ptv_max=0.00057 ring=0.00000 smooth=0.0198 laplacian=0.0492 beam=0.50860 homogeneity=0.0039 body=0.00000 bowel=0.00000 femur=0.00000
2026-05-22 22:09:51 [INFO] Step 40/54 Loss=11.2491 mse=0.0998 v_opt=0.01647 v_mand=0.00000 ptv=0.1160 ptv_max=0.00012 ring=0.00003 smooth=0.0108 laplacian=0.0241 beam=0.28599 homogeneity=0.0131 body=0.00000 bowel=0.00000 femur=0.00000
2026-05-22 22:09:56 [INFO] Step 45/54 Loss=12.8746 mse=0.2216 v_opt=0.00110 v_mand=0.00003 ptv=0.0511 ptv_max=0.00048 ring=0.00025 smooth=0.0807 laplacian=0.2042 beam=0.22154 homogeneity=0.0047 body=0.00000 bowel=0.00057 femur=0.00000
2026-05-22 22:09:59 [INFO] Step 50/54 Loss=12.5953 mse=0.1424 v_opt=0.00780 v_mand=0.00000 ptv=0.0547 ptv_max=0.00009 ring=0.00000 smooth=0.0077 laplacian=0.0178 beam=0.33269 homogeneity=0.0022 body=0.00000 bowel=0.00000 femur=0.00000
2026-05-22 22:10:01 [INFO] Step 54/54 Loss=2.2411 mse=0.0606 v_opt=0.01546 v_mand=0.00000 ptv=0.0450 ptv_max=0.00031 ring=0.00000 smooth=0.0040 laplacian=0.0078 beam=0.00326 homogeneity=0.0037 body=0.00000 bowel=0.00000 femur=0.00000
2026-05-22 22:10:01 [INFO] Running validation at epoch 270...
2026-05-22 22:10:31 [INFO] Epoch 270 Summary: Train=7.9116 Val=0.0041 (MSE=0.0041)
          Metrics: PTV_D95=56.93Gy Bladder=27.35Gy Rectum=30.54Gy
          Metrics: Ring=45.80Gy Dmax=1575.85Gy BG=12.86Gy
2026-05-22 22:10:31 [INFO] [PHYSICS] Saved best model val_loss=0.0041
2026-05-22 22:10:31 [INFO] Epoch 271/300 [FULL PHYSICS] ramp=1.000 lr=3.42e-06
2026-05-22 22:10:37 [INFO] Step 5/54 Loss=7.3848 mse=0.1657 v_opt=0.02450 v_mand=0.00256 ptv=0.0442 ptv_max=0.00043 ring=0.00005 smooth=0.0158 laplacian=0.0382 beam=0.09166 homogeneity=0.0029 body=0.00000 bowel=0.00000 femur=0.00012
2026-05-22 22:10:40 [INFO] Step 10/54 Loss=4.0818 mse=0.1002 v_opt=0.00070 v_mand=0.00004 ptv=0.0320 ptv_max=0.00084 ring=0.00004 smooth=0.0034 laplacian=0.0072 beam=0.04064 homogeneity=0.0036 body=0.00000 bowel=0.00000 femur=0.00000
2026-05-22 22:10:43 [INFO] Step 15/54 Loss=6.5583 mse=0.0779 v_opt=0.00000 v_mand=0.00000 ptv=0.0536 ptv_max=0.00010 ring=0.00001 smooth=0.0058 laplacian=0.0131 beam=0.15786 homogeneity=0.0022 body=0.00000 bowel=0.00000 femur=0.00000
2026-05-22 22:10:46 [INFO] Step 20/54 Loss=10.7375 mse=0.1553 v_opt=0.03264 v_mand=0.00378 ptv=0.0422 ptv_max=0.00049 ring=0.00000 smooth=0.0125 laplacian=0.0318 beam=0.23353 homogeneity=0.0047 body=0.00000 bowel=0.00000 femur=0.00000
2026-05-22 22:10:51 [INFO] Step 25/54 Loss=6.6905 mse=0.0710 v_opt=0.01481 v_mand=0.00005 ptv=0.0365 ptv_max=0.00034 ring=0.00000 smooth=0.0063 laplacian=0.0151 beam=0.17190 homogeneity=0.0044 body=0.00000 bowel=0.00000 femur=0.00000
2026-05-22 22:10:54 [INFO] Step 30/54 Loss=6.6846 mse=0.1084 v_opt=0.00000 v_mand=0.00000 ptv=0.0586 ptv_max=0.00055 ring=0.00000 smooth=0.0112 laplacian=0.0266 beam=0.12224 homogeneity=0.0053 body=0.00000 bowel=0.00000 femur=0.00000
2026-05-22 22:10:57 [INFO] Step 35/54 Loss=3.4693 mse=0.0828 v_opt=0.00682 v_mand=0.00001 ptv=0.0753 ptv_max=0.00026 ring=0.00005 smooth=0.0062 laplacian=0.0125 beam=0.01557 homogeneity=0.0067 body=0.00000 bowel=0.00000 femur=0.00000
2026-05-22 22:11:00 [INFO] Step 40/54 Loss=3.9911 mse=0.0324 v_opt=0.00032 v_mand=0.00000 ptv=0.0554 ptv_max=0.00006 ring=0.00000 smooth=0.0028 laplacian=0.0058 beam=0.10188 homogeneity=0.0019 body=0.00000 bowel=0.00000 femur=0.00000
2026-05-22 22:11:05 [INFO] Step 45/54 Loss=5.4067 mse=0.1618 v_opt=0.00669 v_mand=0.00000 ptv=0.0700 ptv_max=0.00007 ring=0.00000 smooth=0.0145 laplacian=0.0359 beam=0.01596 homogeneity=0.0022 body=0.00000 bowel=0.00000 femur=0.00000
2026-05-22 22:11:09 [INFO] Step 50/54 Loss=5.4931 mse=0.0859 v_opt=0.00570 v_mand=0.00000 ptv=0.0636 ptv_max=0.00009 ring=0.00000 smooth=0.0068 laplacian=0.0149 beam=0.10136 homogeneity=0.0034 body=0.00000 bowel=0.00000 femur=0.00000
2026-05-22 22:11:11 [INFO] Step 54/54 Loss=9.7232 mse=0.0866 v_opt=0.00094 v_mand=0.00000 ptv=0.0705 ptv_max=0.00003 ring=0.00002 smooth=0.0109 laplacian=0.0265 beam=0.26602 homogeneity=0.0026 body=0.00000 bowel=0.00000 femur=0.00000
2026-05-22 22:11:11 [INFO] Running validation at epoch 271...
2026-05-22 22:11:40 [INFO] Epoch 271 Summary: Train=8.0630 Val=0.0041 (MSE=0.0041)
          Metrics: PTV_D95=56.58Gy Bladder=26.53Gy Rectum=30.19Gy
          Metrics: Ring=45.37Gy Dmax=1594.76Gy BG=12.78Gy
2026-05-22 22:11:40 [INFO] [PHYSICS] Saved best model val_loss=0.0041
2026-05-22 22:11:40 [INFO] Epoch 272/300 [FULL PHYSICS] ramp=1.000 lr=3.27e-06
2026-05-22 22:11:46 [INFO] Step 5/54 Loss=3.6607 mse=0.1049 v_opt=0.00066 v_mand=0.00000 ptv=0.0545 ptv_max=0.00003 ring=0.00000 smooth=0.0035 laplacian=0.0071 beam=0.01673 homogeneity=0.0015 body=0.00000 bowel=0.00000 femur=0.00000
2026-05-22 22:11:50 [INFO] Step 10/54 Loss=3.0686 mse=0.0485 v_opt=0.00558 v_mand=0.00016 ptv=0.0494 ptv_max=0.00006 ring=0.00000 smooth=0.0046 laplacian=0.0097 beam=0.04975 homogeneity=0.0019 body=0.00000 bowel=0.00000 femur=0.00000
2026-05-22 22:11:52 [INFO] Step 15/54 Loss=2.9594 mse=0.0728 v_opt=0.00000 v_mand=0.00000 ptv=0.0570 ptv_max=0.00013 ring=0.00001 smooth=0.0061 laplacian=0.0128 beam=0.01688 homogeneity=0.0029 body=0.00000 bowel=0.00000 femur=0.00000
2026-05-22 22:11:56 [INFO] Step 20/54 Loss=4.1348 mse=0.1039 v_opt=0.00104 v_mand=0.00000 ptv=0.0758 ptv_max=0.00032 ring=0.00038 smooth=0.0047 laplacian=0.0106 beam=0.02155 homogeneity=0.0063 body=0.00000 bowel=0.00000 femur=0.00000
2026-05-22 22:12:01 [INFO] Step 25/54 Loss=2.4866 mse=0.0540 v_opt=0.00954 v_mand=0.00023 ptv=0.0589 ptv_max=0.00006 ring=0.00000 smooth=0.0036 laplacian=0.0066 beam=0.01683 homogeneity=0.0026 body=0.00000 bowel=0.00000 femur=0.00000
2026-05-22 22:12:04 [INFO] Step 30/54 Loss=5.3441 mse=0.1094 v_opt=0.00004 v_mand=0.00000 ptv=0.0486 ptv_max=0.00005 ring=0.00001 smooth=0.0050 laplacian=0.0102 beam=0.08109 homogeneity=0.0016 body=0.00000 bowel=0.00000 femur=0.00000
2026-05-22 22:12:07 [INFO] Step 35/54 Loss=10.4415 mse=0.1997 v_opt=0.01020 v_mand=0.00004 ptv=0.0505 ptv_max=0.00026 ring=0.00022 smooth=0.0133 laplacian=0.0315 beam=0.18309 homogeneity=0.0037 body=0.00000 bowel=0.00385 femur=0.00000
2026-05-22 22:12:10 [INFO] Step 40/54 Loss=2.5133 mse=0.0605 v_opt=0.00489 v_mand=0.00000 ptv=0.0506 ptv_max=0.00006 ring=0.00000 smooth=0.0028 laplacian=0.0053 beam=0.01644 homogeneity=0.0018 body=0.00000 bowel=0.00000 femur=0.00000
2026-05-22 22:12:16 [INFO] Step 45/54 Loss=14.6541 mse=0.2956 v_opt=0.01613 v_mand=0.00003 ptv=0.0623 ptv_max=0.00020 ring=0.00016 smooth=0.0697 laplacian=0.1663 beam=0.22495 homogeneity=0.0024 body=0.00000 bowel=0.00000 femur=0.00031
2026-05-22 22:12:18 [INFO] Step 50/54 Loss=10.5689 mse=0.1386 v_opt=0.00000 v_mand=0.00000 ptv=0.0302 ptv_max=0.00056 ring=0.00000 smooth=0.0085 laplacian=0.0198 beam=0.26056 homogeneity=0.0048 body=0.00000 bowel=0.00000 femur=0.00000
2026-05-22 22:12:21 [INFO] Step 54/54 Loss=4.9412 mse=0.1139 v_opt=0.06551 v_mand=0.01231 ptv=0.0383 ptv_max=0.00025 ring=0.00000 smooth=0.0064 laplacian=0.0142 beam=0.03161 homogeneity=0.0029 body=0.00000 bowel=0.00000 femur=0.00000
2026-05-22 22:12:21 [INFO] Running validation at epoch 272...
2026-05-22 22:12:50 [INFO] Epoch 272 Summary: Train=7.2403 Val=0.0041 (MSE=0.0041)
          Metrics: PTV_D95=57.17Gy Bladder=27.23Gy Rectum=30.82Gy
          Metrics: Ring=45.90Gy Dmax=1604.40Gy BG=12.83Gy
2026-05-22 22:12:50 [INFO] Epoch 273/300 [FULL PHYSICS] ramp=1.000 lr=3.11e-06
2026-05-22 22:12:57 [INFO] Step 5/54 Loss=4.8989 mse=0.0788 v_opt=0.01257 v_mand=0.00008 ptv=0.0770 ptv_max=0.00003 ring=0.00000 smooth=0.0045 laplacian=0.0092 beam=0.08097 homogeneity=0.0026 body=0.00000 bowel=0.00000 femur=0.00000
2026-05-22 22:13:00 [INFO] Step 10/54 Loss=10.0105 mse=0.1926 v_opt=0.00756 v_mand=0.00000 ptv=0.0455 ptv_max=0.00014 ring=0.00000 smooth=0.0075 laplacian=0.0169 beam=0.18263 homogeneity=0.0023 body=0.00000 bowel=0.00000 femur=0.00000
2026-05-22 22:13:03 [INFO] Step 15/54 Loss=9.0363 mse=0.2149 v_opt=0.02985 v_mand=0.00513 ptv=0.0445 ptv_max=0.00035 ring=0.00000 smooth=0.0099 laplacian=0.0220 beam=0.09504 homogeneity=0.0035 body=0.00000 bowel=0.01881 femur=0.00000
2026-05-22 22:13:06 [INFO] Step 20/54 Loss=6.9671 mse=0.0442 v_opt=0.01662 v_mand=0.00045 ptv=0.0705 ptv_max=0.00005 ring=0.00000 smooth=0.0031 laplacian=0.0061 beam=0.14870 homogeneity=0.0032 body=0.00000 bowel=0.08538 femur=0.00000
2026-05-22 22:13:11 [INFO] Step 25/54 Loss=4.7812 mse=0.0488 v_opt=0.00555 v_mand=0.00000 ptv=0.0713 ptv_max=0.00006 ring=0.00000 smooth=0.0032 laplacian=0.0058 beam=0.09946 homogeneity=0.0042 body=0.00000 bowel=0.01510 femur=0.00000
2026-05-22 22:13:14 [INFO] Step 30/54 Loss=34.4570 mse=0.7136 v_opt=0.05056 v_mand=0.01179 ptv=0.0354 ptv_max=0.00176 ring=0.00260 smooth=0.0753 laplacian=0.1665 beam=0.54029 homogeneity=0.0062 body=0.00000 bowel=0.04862 femur=0.00000
2026-05-22 22:13:18 [INFO] Step 35/54 Loss=21.6700 mse=0.3526 v_opt=0.02744 v_mand=0.00297 ptv=0.0854 ptv_max=0.00036 ring=0.00034 smooth=0.0506 laplacian=0.1193 beam=0.41996 homogeneity=0.0045 body=0.00000 bowel=0.03356 femur=0.00000
2026-05-22 22:13:21 [INFO] Step 40/54 Loss=3.7081 mse=0.1034 v_opt=0.01174 v_mand=0.00013 ptv=0.0675 ptv_max=0.00007 ring=0.00001 smooth=0.0085 laplacian=0.0208 beam=0.00650 homogeneity=0.0030 body=0.00000 bowel=0.00479 femur=0.00000
2026-05-22 22:13:24 [INFO] Step 45/54 Loss=3.5078 mse=0.0883 v_opt=0.00458 v_mand=0.00003 ptv=0.0599 ptv_max=0.00008 ring=0.00000 smooth=0.0039 laplacian=0.0075 beam=0.02361 homogeneity=0.0023 body=0.00000 bowel=0.00000 femur=0.00000
2026-05-22 22:13:28 [INFO] Step 50/54 Loss=3.7851 mse=0.0295 v_opt=0.02381 v_mand=0.00135 ptv=0.0786 ptv_max=0.00019 ring=0.00000 smooth=0.0030 laplacian=0.0061 beam=0.07874 homogeneity=0.0058 body=0.00000 bowel=0.00000 femur=0.00000
2026-05-22 22:13:31 [INFO] Step 54/54 Loss=4.3252 mse=0.1298 v_opt=0.00461 v_mand=0.00000 ptv=0.0582 ptv_max=0.00004 ring=0.00000 smooth=0.0031 laplacian=0.0056 beam=0.01658 homogeneity=0.0019 body=0.00000 bowel=0.00000 femur=0.00000
2026-05-22 22:13:31 [INFO] Running validation at epoch 273...
2026-05-22 22:14:00 [INFO] Epoch 273 Summary: Train=8.5584 Val=0.0041 (MSE=0.0041)
          Metrics: PTV_D95=56.98Gy Bladder=26.64Gy Rectum=30.33Gy
          Metrics: Ring=45.62Gy Dmax=1585.53Gy BG=12.81Gy
2026-05-22 22:14:00 [INFO] Epoch 274/300 [FULL PHYSICS] ramp=1.000 lr=2.97e-06
2026-05-22 22:14:07 [INFO] Step 5/54 Loss=11.9869 mse=0.3101 v_opt=0.00189 v_mand=0.00000 ptv=0.0502 ptv_max=0.00218 ring=0.00067 smooth=0.0348 laplacian=0.0808 beam=0.11144 homogeneity=0.0083 body=0.00000 bowel=0.00000 femur=0.00000
2026-05-22 22:14:09 [INFO] Step 10/54 Loss=18.8765 mse=0.1743 v_opt=0.00260 v_mand=0.00001 ptv=0.0633 ptv_max=0.00004 ring=0.00000 smooth=0.2932 laplacian=0.7602 beam=0.38936 homogeneity=0.0023 body=0.00000 bowel=0.00000 femur=0.00000
2026-05-22 22:14:12 [INFO] Step 15/54 Loss=2.3605 mse=0.0042 v_opt=0.00000 v_mand=0.00000 ptv=0.0000 ptv_max=0.00000 ring=0.00000 smooth=0.0017 laplacian=0.0040 beam=0.08937 homogeneity=0.0000 body=0.00000 bowel=0.00000 femur=0.00000
2026-05-22 22:14:15 [INFO] Step 20/54 Loss=8.4269 mse=0.0950 v_opt=0.00019 v_mand=0.00000 ptv=0.0251 ptv_max=0.00035 ring=0.00000 smooth=0.0042 laplacian=0.0091 beam=0.22494 homogeneity=0.0037 body=0.00000 bowel=0.00000 femur=0.00000
2026-05-22 22:14:21 [INFO] Step 25/54 Loss=2.4927 mse=0.0424 v_opt=0.00848 v_mand=0.00006 ptv=0.0638 ptv_max=0.00012 ring=0.00001 smooth=0.0033 laplacian=0.0071 beam=0.02655 homogeneity=0.0027 body=0.00000 bowel=0.00000 femur=0.00000
2026-05-22 22:14:24 [INFO] Step 30/54 Loss=7.2646 mse=0.1235 v_opt=0.02514 v_mand=0.00017 ptv=0.0513 ptv_max=0.00033 ring=0.00003 smooth=0.0376 laplacian=0.1036 beam=0.11586 homogeneity=0.0043 body=0.00000 bowel=0.00113 femur=0.00000
2026-05-22 22:14:27 [INFO] Step 35/54 Loss=2.2582 mse=0.0598 v_opt=0.00360 v_mand=0.00000 ptv=0.0598 ptv_max=0.00006 ring=0.00000 smooth=0.0041 laplacian=0.0077 beam=0.00183 homogeneity=0.0030 body=0.00000 bowel=0.00000 femur=0.00000
2026-05-22 22:14:30 [INFO] Step 40/54 Loss=44.2950 mse=0.0095 v_opt=0.97556 v_mand=0.75580 ptv=0.1653 ptv_max=0.00039 ring=0.00000 smooth=0.0018 laplacian=0.0039 beam=0.09269 homogeneity=0.0133 body=0.00000 bowel=0.00000 femur=0.00000
2026-05-22 22:14:35 [INFO] Step 45/54 Loss=18.9348 mse=0.4468 v_opt=0.03213 v_mand=0.00248 ptv=0.0448 ptv_max=0.00050 ring=0.00033 smooth=0.0110 laplacian=0.0203 beam=0.27350 homogeneity=0.0031 body=0.00000 bowel=0.00244 femur=0.00000
2026-05-22 22:14:38 [INFO] Step 50/54 Loss=4.0270 mse=0.0573 v_opt=0.00000 v_mand=0.00000 ptv=0.0472 ptv_max=0.00004 ring=0.00000 smooth=0.0059 laplacian=0.0139 beam=0.07996 homogeneity=0.0022 body=0.00000 bowel=0.00000 femur=0.00000
2026-05-22 22:14:40 [INFO] Step 54/54 Loss=5.0796 mse=0.0736 v_opt=0.00163 v_mand=0.00024 ptv=0.0483 ptv_max=0.00010 ring=0.00000 smooth=0.0041 laplacian=0.0083 beam=0.10551 homogeneity=0.0021 body=0.00000 bowel=0.00000 femur=0.00000
2026-05-22 22:14:41 [INFO] Running validation at epoch 274...
2026-05-22 22:15:10 [INFO] Epoch 274 Summary: Train=7.9203 Val=0.0041 (MSE=0.0041)
          Metrics: PTV_D95=57.05Gy Bladder=26.94Gy Rectum=30.40Gy
          Metrics: Ring=45.50Gy Dmax=1561.63Gy BG=12.66Gy
2026-05-22 22:15:10 [INFO] [PHYSICS] Saved best model val_loss=0.0041
2026-05-22 22:15:10 [INFO] Epoch 275/300 [FULL PHYSICS] ramp=1.000 lr=2.82e-06
2026-05-22 22:15:16 [INFO] Step 5/54 Loss=15.4517 mse=0.3481 v_opt=0.01253 v_mand=0.00341 ptv=0.0420 ptv_max=0.00090 ring=0.00034 smooth=0.0144 laplacian=0.0290 beam=0.20394 homogeneity=0.0054 body=0.00000 bowel=0.04185 femur=0.00000
2026-05-22 22:15:19 [INFO] Step 10/54 Loss=9.9526 mse=0.1150 v_opt=0.03391 v_mand=0.00184 ptv=0.0839 ptv_max=0.00040 ring=0.00032 smooth=0.0160 laplacian=0.0388 beam=0.22306 homogeneity=0.0114 body=0.00000 bowel=0.00000 femur=0.00000
2026-05-22 22:15:22 [INFO] Step 15/54 Loss=4.0225 mse=0.1219 v_opt=0.00752 v_mand=0.00000 ptv=0.0496 ptv_max=0.00008 ring=0.00000 smooth=0.0029 laplacian=0.0052 beam=0.01542 homogeneity=0.0019 body=0.00000 bowel=0.00000 femur=0.00000
2026-05-22 22:15:25 [INFO] Step 20/54 Loss=2.7044 mse=0.0683 v_opt=0.01191 v_mand=0.00074 ptv=0.0528 ptv_max=0.00005 ring=0.00000 smooth=0.0033 laplacian=0.0063 beam=0.01278 homogeneity=0.0023 body=0.00000 bowel=0.00000 femur=0.00000
2026-05-22 22:15:31 [INFO] Step 25/54 Loss=9.1559 mse=0.2103 v_opt=0.00000 v_mand=0.00000 ptv=0.0471 ptv_max=0.00012 ring=0.00000 smooth=0.0063 laplacian=0.0139 beam=0.13160 homogeneity=0.0021 body=0.00000 bowel=0.00000 femur=0.00000
2026-05-22 22:15:34 [INFO] Step 30/54 Loss=7.7254 mse=0.0463 v_opt=0.00012 v_mand=0.00000 ptv=0.0471 ptv_max=0.00012 ring=0.00000 smooth=0.0057 laplacian=0.0129 beam=0.23865 homogeneity=0.0022 body=0.00000 bowel=0.00000 femur=0.00000
2026-05-22 22:15:36 [INFO] Step 35/54 Loss=1.8500 mse=0.0521 v_opt=0.00029 v_mand=0.00000 ptv=0.0390 ptv_max=0.00038 ring=0.00000 smooth=0.0020 laplacian=0.0034 beam=0.00027 homogeneity=0.0037 body=0.00000 bowel=0.00000 femur=0.00000
2026-05-22 22:15:40 [INFO] Step 40/54 Loss=6.4813 mse=0.0755 v_opt=0.00117 v_mand=0.00000 ptv=0.0508 ptv_max=0.00010 ring=0.00000 smooth=0.0051 laplacian=0.0113 beam=0.15835 homogeneity=0.0025 body=0.00000 bowel=0.00000 femur=0.00000
2026-05-22 22:15:44 [INFO] Step 45/54 Loss=11.8215 mse=0.1387 v_opt=0.01627 v_mand=0.00009 ptv=0.0227 ptv_max=0.00041 ring=0.00000 smooth=0.0079 laplacian=0.0186 beam=0.31408 homogeneity=0.0037 body=0.00000 bowel=0.00000 femur=0.00000
2026-05-22 22:15:47 [INFO] Step 50/54 Loss=12.6791 mse=0.2711 v_opt=0.01079 v_mand=0.00000 ptv=0.0312 ptv_max=0.00067 ring=0.00004 smooth=0.0161 laplacian=0.0375 beam=0.20594 homogeneity=0.0040 body=0.00000 bowel=0.00231 femur=0.00000
2026-05-22 22:15:49 [INFO] Step 54/54 Loss=17.3800 mse=0.4326 v_opt=0.02986 v_mand=0.00420 ptv=0.0268 ptv_max=0.00154 ring=0.00060 smooth=0.0138 laplacian=0.0286 beam=0.20976 homogeneity=0.0058 body=0.00000 bowel=0.00057 femur=0.02625
2026-05-22 22:15:49 [INFO] Running validation at epoch 275...
2026-05-22 22:16:19 [INFO] Epoch 275 Summary: Train=8.3071 Val=0.0041 (MSE=0.0041)
          Metrics: PTV_D95=56.95Gy Bladder=27.05Gy Rectum=30.19Gy
          Metrics: Ring=45.65Gy Dmax=1549.09Gy BG=12.83Gy
2026-05-22 22:16:19 [INFO] Epoch 276/300 [FULL PHYSICS] ramp=1.000 lr=2.69e-06
2026-05-22 22:16:25 [INFO] Step 5/54 Loss=6.4134 mse=0.1143 v_opt=0.00738 v_mand=0.00000 ptv=0.0995 ptv_max=0.00005 ring=0.00000 smooth=0.0086 laplacian=0.0186 beam=0.09046 homogeneity=0.0088 body=0.00000 bowel=0.00000 femur=0.00000
2026-05-22 22:16:28 [INFO] Step 10/54 Loss=2.6071 mse=0.0703 v_opt=0.01037 v_mand=0.00042 ptv=0.0585 ptv_max=0.00013 ring=0.00000 smooth=0.0039 laplacian=0.0073 beam=0.00406 homogeneity=0.0031 body=0.00000 bowel=0.00000 femur=0.00000
2026-05-22 22:16:31 [INFO] Step 15/54 Loss=3.8147 mse=0.0816 v_opt=0.00925 v_mand=0.00015 ptv=0.0525 ptv_max=0.00006 ring=0.00000 smooth=0.0040 laplacian=0.0074 beam=0.04520 homogeneity=0.0021 body=0.00000 bowel=0.00000 femur=0.00000
2026-05-22 22:16:34 [INFO] Step 20/54 Loss=3.7994 mse=0.0909 v_opt=0.00171 v_mand=0.00000 ptv=0.0472 ptv_max=0.00014 ring=0.00000 smooth=0.0073 laplacian=0.0165 beam=0.03572 homogeneity=0.0024 body=0.00000 bowel=0.00000 femur=0.00000
2026-05-22 22:16:38 [INFO] Step 25/54 Loss=12.5438 mse=0.3249 v_opt=0.02240 v_mand=0.00032 ptv=0.0457 ptv_max=0.00039 ring=0.00027 smooth=0.0317 laplacian=0.0781 beam=0.13420 homogeneity=0.0032 body=0.00000 bowel=0.00000 femur=0.00000
2026-05-22 22:16:42 [INFO] Step 30/54 Loss=2.4500 mse=0.0652 v_opt=0.00027 v_mand=0.00000 ptv=0.0599 ptv_max=0.00006 ring=0.00000 smooth=0.0051 laplacian=0.0105 beam=0.00422 homogeneity=0.0025 body=0.00000 bowel=0.00000 femur=0.00000
2026-05-22 22:16:45 [INFO] Step 35/54 Loss=3.3587 mse=0.0269 v_opt=0.00023 v_mand=0.00000 ptv=0.0558 ptv_max=0.00010 ring=0.00000 smooth=0.0023 laplacian=0.0048 beam=0.08068 homogeneity=0.0035 body=0.00000 bowel=0.00000 femur=0.00000
2026-05-22 22:16:48 [INFO] Step 40/54 Loss=2.4654 mse=0.0519 v_opt=0.00004 v_mand=0.00000 ptv=0.0667 ptv_max=0.00007 ring=0.00000 smooth=0.0039 laplacian=0.0084 beam=0.01637 homogeneity=0.0018 body=0.00000 bowel=0.00000 femur=0.00000
2026-05-22 22:16:52 [INFO] Step 45/54 Loss=7.1951 mse=0.1654 v_opt=0.00359 v_mand=0.00035 ptv=0.0348 ptv_max=0.00019 ring=0.00000 smooth=0.0055 laplacian=0.0126 beam=0.10131 homogeneity=0.0028 body=0.00000 bowel=0.00000 femur=0.00000
2026-05-22 22:16:56 [INFO] Step 50/54 Loss=4.5526 mse=0.0423 v_opt=0.00649 v_mand=0.00019 ptv=0.0510 ptv_max=0.00011 ring=0.00000 smooth=0.0037 laplacian=0.0077 beam=0.10891 homogeneity=0.0029 body=0.00000 bowel=0.00826 femur=0.00000
2026-05-22 22:16:58 [INFO] Step 54/54 Loss=16.7174 mse=0.2423 v_opt=0.00422 v_mand=0.00000 ptv=0.0303 ptv_max=0.00065 ring=0.00006 smooth=0.0236 laplacian=0.0586 beam=0.39424 homogeneity=0.0038 body=0.00000 bowel=0.00000 femur=0.00000
2026-05-22 22:16:58 [INFO] Running validation at epoch 276...
2026-05-22 22:17:28 [INFO] Epoch 276 Summary: Train=6.3818 Val=0.0041 (MSE=0.0041)
          Metrics: PTV_D95=57.16Gy Bladder=26.80Gy Rectum=30.00Gy
          Metrics: Ring=45.65Gy Dmax=1557.13Gy BG=12.75Gy
2026-05-22 22:17:28 [INFO] [PHYSICS] Saved best model val_loss=0.0041
2026-05-22 22:17:28 [INFO] Epoch 277/300 [FULL PHYSICS] ramp=1.000 lr=2.56e-06
2026-05-22 22:17:34 [INFO] Step 5/54 Loss=11.3268 mse=0.3809 v_opt=0.01537 v_mand=0.00014 ptv=0.0508 ptv_max=0.00058 ring=0.00025 smooth=0.0151 laplacian=0.0317 beam=0.03477 homogeneity=0.0037 body=0.00000 bowel=0.00336 femur=0.00016
2026-05-22 22:17:37 [INFO] Step 10/54 Loss=14.4398 mse=0.1748 v_opt=0.00433 v_mand=0.00000 ptv=0.0544 ptv_max=0.00026 ring=0.00005 smooth=0.0183 laplacian=0.0457 beam=0.36717 homogeneity=0.0025 body=0.00000 bowel=0.00000 femur=0.00000
2026-05-22 22:17:40 [INFO] Step 15/54 Loss=5.3516 mse=0.0429 v_opt=0.00043 v_mand=0.00000 ptv=0.0193 ptv_max=0.00060 ring=0.00000 smooth=0.0031 laplacian=0.0064 beam=0.15480 homogeneity=0.0045 body=0.00000 bowel=0.00000 femur=0.00000
2026-05-22 22:17:43 [INFO] Step 20/54 Loss=4.2154 mse=0.0813 v_opt=0.00986 v_mand=0.00035 ptv=0.0510 ptv_max=0.00027 ring=0.00017 smooth=0.0084 laplacian=0.0204 beam=0.05650 homogeneity=0.0035 body=0.00000 bowel=0.00000 femur=0.00000
2026-05-22 22:17:48 [INFO] Step 25/54 Loss=8.8692 mse=0.1907 v_opt=0.02469 v_mand=0.00162 ptv=0.0400 ptv_max=0.00029 ring=0.00004 smooth=0.0500 laplacian=0.1257 beam=0.11186 homogeneity=0.0027 body=0.00000 bowel=0.00000 femur=0.00000
2026-05-22 22:17:51 [INFO] Step 30/54 Loss=4.0223 mse=0.1120 v_opt=0.00323 v_mand=0.00000 ptv=0.0752 ptv_max=0.00011 ring=0.00000 smooth=0.0054 laplacian=0.0119 beam=0.01032 homogeneity=0.0062 body=0.00000 bowel=0.00000 femur=0.00000
2026-05-22 22:17:55 [INFO] Step 35/54 Loss=12.0306 mse=0.3091 v_opt=0.07910 v_mand=0.01431 ptv=0.0751 ptv_max=0.00053 ring=0.00091 smooth=0.0110 laplacian=0.0222 beam=0.08268 homogeneity=0.0043 body=0.00000 bowel=0.00557 femur=0.02259
2026-05-22 22:17:58 [INFO] Step 40/54 Loss=7.2260 mse=0.0959 v_opt=0.01402 v_mand=0.00008 ptv=0.0625 ptv_max=0.00005 ring=0.00001 smooth=0.0071 laplacian=0.0154 beam=0.16067 homogeneity=0.0031 body=0.00000 bowel=0.00000 femur=0.00000
2026-05-22 22:18:01 [INFO] Step 45/54 Loss=43.1458 mse=0.9910 v_opt=0.03764 v_mand=0.00693 ptv=0.0495 ptv_max=0.00354 ring=0.00468 smooth=0.4971 laplacian=1.1769 beam=0.39949 homogeneity=0.0093 body=0.00000 bowel=0.01982 femur=0.00000
2026-05-22 22:18:05 [INFO] Step 50/54 Loss=3.7429 mse=0.0326 v_opt=0.00505 v_mand=0.00000 ptv=0.0521 ptv_max=0.00023 ring=0.00000 smooth=0.0037 laplacian=0.0080 beam=0.08960 homogeneity=0.0039 body=0.00000 bowel=0.00000 femur=0.00000
2026-05-22 22:18:08 [INFO] Step 54/54 Loss=5.6376 mse=0.1312 v_opt=0.00068 v_mand=0.00000 ptv=0.0718 ptv_max=0.00012 ring=0.00001 smooth=0.0152 laplacian=0.0360 beam=0.05361 homogeneity=0.0042 body=0.00000 bowel=0.00000 femur=0.00000
2026-05-22 22:18:08 [INFO] Running validation at epoch 277...
2026-05-22 22:18:37 [INFO] Epoch 277 Summary: Train=9.6621 Val=0.0041 (MSE=0.0041)
          Metrics: PTV_D95=56.86Gy Bladder=27.06Gy Rectum=30.38Gy
          Metrics: Ring=45.60Gy Dmax=1601.41Gy BG=12.74Gy
2026-05-22 22:18:37 [INFO] [PHYSICS] Saved best model val_loss=0.0041
2026-05-22 22:18:37 [INFO] Epoch 278/300 [FULL PHYSICS] ramp=1.000 lr=2.43e-06
2026-05-22 22:18:43 [INFO] Step 5/54 Loss=5.4426 mse=0.0434 v_opt=0.00145 v_mand=0.00000 ptv=0.0510 ptv_max=0.00014 ring=0.00000 smooth=0.0050 laplacian=0.0111 beam=0.14872 homogeneity=0.0022 body=0.00000 bowel=0.00000 femur=0.00000
2026-05-22 22:18:47 [INFO] Step 10/54 Loss=31.6210 mse=0.6171 v_opt=0.03403 v_mand=0.00262 ptv=0.0334 ptv_max=0.00175 ring=0.00109 smooth=0.0427 laplacian=0.1005 beam=0.55802 homogeneity=0.0063 body=0.00000 bowel=0.04981 femur=0.00122
2026-05-22 22:18:49 [INFO] Step 15/54 Loss=10.8352 mse=0.2657 v_opt=0.00438 v_mand=0.00000 ptv=0.0452 ptv_max=0.00067 ring=0.00260 smooth=0.0201 laplacian=0.0466 beam=0.12294 homogeneity=0.0036 body=0.00000 bowel=0.01291 femur=0.00000
2026-05-22 22:18:52 [INFO] Step 20/54 Loss=5.3256 mse=0.1589 v_opt=0.01400 v_mand=0.00033 ptv=0.0340 ptv_max=0.00246 ring=0.00032 smooth=0.0097 laplacian=0.0242 beam=0.01301 homogeneity=0.0070 body=0.00000 bowel=0.00000 femur=0.00000
2026-05-22 22:18:57 [INFO] Step 25/54 Loss=3.4513 mse=0.0336 v_opt=0.00132 v_mand=0.00014 ptv=0.0506 ptv_max=0.00030 ring=0.00000 smooth=0.0026 laplacian=0.0052 beam=0.07773 homogeneity=0.0039 body=0.00000 bowel=0.00000 femur=0.00000
2026-05-22 22:19:00 [INFO] Step 30/54 Loss=3.1621 mse=0.0704 v_opt=0.00539 v_mand=0.00000 ptv=0.0580 ptv_max=0.00006 ring=0.00000 smooth=0.0030 laplacian=0.0051 beam=0.02892 homogeneity=0.0025 body=0.00000 bowel=0.00000 femur=0.00000
2026-05-22 22:19:03 [INFO] Step 35/54 Loss=3.1456 mse=0.0429 v_opt=0.01217 v_mand=0.00075 ptv=0.0518 ptv_max=0.00007 ring=0.00000 smooth=0.0031 laplacian=0.0067 beam=0.05625 homogeneity=0.0020 body=0.00000 bowel=0.00000 femur=0.00000
2026-05-22 22:19:06 [INFO] Step 40/54 Loss=4.3267 mse=0.1181 v_opt=0.00069 v_mand=0.00000 ptv=0.0783 ptv_max=0.00021 ring=0.00012 smooth=0.0056 laplacian=0.0121 beam=0.01456 homogeneity=0.0064 body=0.00000 bowel=0.00000 femur=0.00000
2026-05-22 22:19:11 [INFO] Step 45/54 Loss=17.1155 mse=0.3692 v_opt=0.00341 v_mand=0.00000 ptv=0.0476 ptv_max=0.00090 ring=0.00086 smooth=0.0250 laplacian=0.0599 beam=0.26087 homogeneity=0.0037 body=0.00000 bowel=0.02231 femur=0.00000
2026-05-22 22:19:14 [INFO] Step 50/54 Loss=4.6042 mse=0.0258 v_opt=0.00000 v_mand=0.00000 ptv=0.0277 ptv_max=0.00044 ring=0.00000 smooth=0.0022 laplacian=0.0048 beam=0.14068 homogeneity=0.0037 body=0.00000 bowel=0.00000 femur=0.00000
2026-05-22 22:19:16 [INFO] Step 54/54 Loss=13.7549 mse=0.3639 v_opt=0.02058 v_mand=0.00165 ptv=0.0483 ptv_max=0.00086 ring=0.00440 smooth=0.0133 laplacian=0.0275 beam=0.14387 homogeneity=0.0041 body=0.00000 bowel=0.00173 femur=0.00000
2026-05-22 22:19:16 [INFO] Running validation at epoch 278...
2026-05-22 22:19:46 [INFO] Epoch 278 Summary: Train=8.6468 Val=0.0042 (MSE=0.0042)
          Metrics: PTV_D95=57.11Gy Bladder=27.17Gy Rectum=30.22Gy
          Metrics: Ring=46.06Gy Dmax=1582.46Gy BG=12.85Gy
2026-05-22 22:19:46 [INFO] Epoch 279/300 [FULL PHYSICS] ramp=1.000 lr=2.31e-06
2026-05-22 22:19:52 [INFO] Step 5/54 Loss=3.0814 mse=0.0472 v_opt=0.00992 v_mand=0.00040 ptv=0.0656 ptv_max=0.00009 ring=0.00000 smooth=0.0022 laplacian=0.0037 beam=0.04487 homogeneity=0.0024 body=0.00000 bowel=0.00000 femur=0.00000
2026-05-22 22:19:55 [INFO] Step 10/54 Loss=4.2910 mse=0.0707 v_opt=0.00946 v_mand=0.00000 ptv=0.0662 ptv_max=0.00003 ring=0.00000 smooth=0.0030 laplacian=0.0063 beam=0.07102 homogeneity=0.0015 body=0.00000 bowel=0.00000 femur=0.00000
2026-05-22 22:19:58 [INFO] Step 15/54 Loss=18.2897 mse=0.3743 v_opt=0.03932 v_mand=0.00365 ptv=0.0337 ptv_max=0.00063 ring=0.00020 smooth=0.0212 laplacian=0.0504 beam=0.30000 homogeneity=0.0039 body=0.00000 bowel=0.02550 femur=0.00000
2026-05-22 22:20:01 [INFO] Step 20/54 Loss=3.7770 mse=0.1110 v_opt=0.00649 v_mand=0.00000 ptv=0.0615 ptv_max=0.00008 ring=0.00007 smooth=0.0085 laplacian=0.0192 beam=0.00861 homogeneity=0.0021 body=0.00000 bowel=0.00000 femur=0.00000
2026-05-22 22:20:06 [INFO] Step 25/54 Loss=2.3046 mse=0.0613 v_opt=0.00008 v_mand=0.00000 ptv=0.0562 ptv_max=0.00004 ring=0.00000 smooth=0.0022 laplacian=0.0036 beam=0.00604 homogeneity=0.0017 body=0.00000 bowel=0.00000 femur=0.00000
2026-05-22 22:20:09 [INFO] Step 30/54 Loss=9.7636 mse=0.1193 v_opt=0.00530 v_mand=0.00000 ptv=0.0263 ptv_max=0.00034 ring=0.00000 smooth=0.0066 laplacian=0.0153 beam=0.25192 homogeneity=0.0037 body=0.00000 bowel=0.00000 femur=0.00000
2026-05-22 22:20:13 [INFO] Step 35/54 Loss=2.4783 mse=0.0646 v_opt=0.00038 v_mand=0.00000 ptv=0.0766 ptv_max=0.00002 ring=0.00000 smooth=0.0039 laplacian=0.0079 beam=0.00000 homogeneity=0.0025 body=0.00000 bowel=0.00000 femur=0.00000
2026-05-22 22:20:16 [INFO] Step 40/54 Loss=4.9635 mse=0.0823 v_opt=0.02569 v_mand=0.00184 ptv=0.0522 ptv_max=0.00024 ring=0.00000 smooth=0.0053 laplacian=0.0125 beam=0.08306 homogeneity=0.0030 body=0.00000 bowel=0.00000 femur=0.00000
2026-05-22 22:20:20 [INFO] Step 45/54 Loss=4.2306 mse=0.0396 v_opt=0.01584 v_mand=0.00017 ptv=0.0647 ptv_max=0.00007 ring=0.00000 smooth=0.0027 laplacian=0.0048 beam=0.09844 homogeneity=0.0027 body=0.00000 bowel=0.00001 femur=0.00000
2026-05-22 22:20:23 [INFO] Step 50/54 Loss=3.5547 mse=0.0368 v_opt=0.00015 v_mand=0.00000 ptv=0.0649 ptv_max=0.00003 ring=0.00000 smooth=0.0020 laplacian=0.0036 beam=0.07695 homogeneity=0.0019 body=0.00000 bowel=0.00000 femur=0.00000
2026-05-22 22:20:25 [INFO] Step 54/54 Loss=19.6413 mse=0.4108 v_opt=0.01404 v_mand=0.00007 ptv=0.0474 ptv_max=0.00093 ring=0.00103 smooth=0.0207 laplacian=0.0453 beam=0.28292 homogeneity=0.0044 body=0.00000 bowel=0.08679 femur=0.00000
2026-05-22 22:20:25 [INFO] Running validation at epoch 279...
2026-05-22 22:20:55 [INFO] Epoch 279 Summary: Train=7.3854 Val=0.0041 (MSE=0.0041)
          Metrics: PTV_D95=57.06Gy Bladder=26.87Gy Rectum=30.10Gy
          Metrics: Ring=45.85Gy Dmax=1571.98Gy BG=12.78Gy
2026-05-22 22:20:55 [INFO] Epoch 280/300 [FULL PHYSICS] ramp=1.000 lr=2.19e-06
2026-05-22 22:21:01 [INFO] Step 5/54 Loss=3.2680 mse=0.0403 v_opt=0.01583 v_mand=0.00113 ptv=0.0667 ptv_max=0.00004 ring=0.00000 smooth=0.0027 laplacian=0.0043 beam=0.05694 homogeneity=0.0025 body=0.00000 bowel=0.00000 femur=0.00000
2026-05-22 22:21:04 [INFO] Step 10/54 Loss=3.5409 mse=0.0345 v_opt=0.00001 v_mand=0.00000 ptv=0.0495 ptv_max=0.00009 ring=0.00000 smooth=0.0023 laplacian=0.0043 beam=0.08405 homogeneity=0.0022 body=0.00000 bowel=0.00000 femur=0.00000
2026-05-22 22:21:07 [INFO] Step 15/54 Loss=5.7295 mse=0.0900 v_opt=0.00163 v_mand=0.00000 ptv=0.0494 ptv_max=0.00012 ring=0.00001 smooth=0.0062 laplacian=0.0138 beam=0.11328 homogeneity=0.0028 body=0.00000 bowel=0.00000 femur=0.00000
2026-05-22 22:21:10 [INFO] Step 20/54 Loss=3.3728 mse=0.1104 v_opt=0.00246 v_mand=0.00000 ptv=0.0528 ptv_max=0.00007 ring=0.00000 smooth=0.0033 laplacian=0.0064 beam=0.00000 homogeneity=0.0017 body=0.00000 bowel=0.00000 femur=0.00000
2026-05-22 22:21:16 [INFO] Step 25/54 Loss=14.6864 mse=0.1802 v_opt=0.00000 v_mand=0.00000 ptv=0.0462 ptv_max=0.00149 ring=0.00001 smooth=0.0469 laplacian=0.1162 beam=0.34900 homogeneity=0.0072 body=0.00000 bowel=0.00000 femur=0.00000
2026-05-22 22:21:19 [INFO] Step 30/54 Loss=3.2623 mse=0.0401 v_opt=0.00442 v_mand=0.00000 ptv=0.0703 ptv_max=0.00002 ring=0.00000 smooth=0.0025 laplacian=0.0048 beam=0.05887 homogeneity=0.0023 body=0.00000 bowel=0.00000 femur=0.00000
2026-05-22 22:21:22 [INFO] Step 35/54 Loss=2.3761 mse=0.0632 v_opt=0.00630 v_mand=0.00000 ptv=0.0531 ptv_max=0.00005 ring=0.00000 smooth=0.0053 laplacian=0.0115 beam=0.00570 homogeneity=0.0020 body=0.00000 bowel=0.00000 femur=0.00000
2026-05-22 22:21:24 [INFO] Step 40/54 Loss=4.5915 mse=0.0629 v_opt=0.00099 v_mand=0.00010 ptv=0.0388 ptv_max=0.00013 ring=0.00000 smooth=0.0035 laplacian=0.0077 beam=0.10078 homogeneity=0.0021 body=0.00000 bowel=0.00000 femur=0.00000
2026-05-22 22:21:29 [INFO] Step 45/54 Loss=4.9164 mse=0.1480 v_opt=0.01677 v_mand=0.00034 ptv=0.0555 ptv_max=0.00085 ring=0.00015 smooth=0.0090 laplacian=0.0206 beam=0.01068 homogeneity=0.0051 body=0.00000 bowel=0.00000 femur=0.00000
2026-05-22 22:21:33 [INFO] Step 50/54 Loss=7.4778 mse=0.1402 v_opt=0.00234 v_mand=0.00000 ptv=0.0558 ptv_max=0.00020 ring=0.00001 smooth=0.0091 laplacian=0.0215 beam=0.12625 homogeneity=0.0054 body=0.00000 bowel=0.00000 femur=0.00000
2026-05-22 22:21:35 [INFO] Step 54/54 Loss=4.3574 mse=0.0428 v_opt=0.00000 v_mand=0.00000 ptv=0.0606 ptv_max=0.00005 ring=0.00000 smooth=0.0032 laplacian=0.0069 beam=0.10339 homogeneity=0.0025 body=0.00000 bowel=0.00000 femur=0.00000
2026-05-22 22:21:35 [INFO] Running validation at epoch 280...
2026-05-22 22:22:04 [INFO] Epoch 280 Summary: Train=7.7901 Val=0.0041 (MSE=0.0041)
          Metrics: PTV_D95=56.88Gy Bladder=26.66Gy Rectum=30.05Gy
          Metrics: Ring=45.51Gy Dmax=1568.48Gy BG=12.71Gy
2026-05-22 22:22:04 [INFO] [PHYSICS] Saved best model val_loss=0.0041
2026-05-22 22:22:04 [INFO] Epoch 281/300 [FULL PHYSICS] ramp=1.000 lr=2.08e-06
2026-05-22 22:22:10 [INFO] Step 5/54 Loss=11.5877 mse=0.1333 v_opt=0.00220 v_mand=0.00003 ptv=0.0344 ptv_max=0.00006 ring=0.00000 smooth=0.0115 laplacian=0.0275 beam=0.30836 homogeneity=0.0019 body=0.00000 bowel=0.00000 femur=0.00000
2026-05-22 22:22:13 [INFO] Step 10/54 Loss=4.6210 mse=0.0729 v_opt=0.00447 v_mand=0.00017 ptv=0.0473 ptv_max=0.00009 ring=0.00000 smooth=0.0044 laplacian=0.0087 beam=0.08813 homogeneity=0.0021 body=0.00000 bowel=0.00000 femur=0.00000
2026-05-22 22:22:17 [INFO] Step 15/54 Loss=4.1228 mse=0.0702 v_opt=0.00802 v_mand=0.00002 ptv=0.0572 ptv_max=0.00007 ring=0.00000 smooth=0.0057 laplacian=0.0121 beam=0.06564 homogeneity=0.0030 body=0.00000 bowel=0.00000 femur=0.00000
2026-05-22 22:22:20 [INFO] Step 20/54 Loss=6.9936 mse=0.0749 v_opt=0.00000 v_mand=0.00000 ptv=0.0240 ptv_max=0.00034 ring=0.00000 smooth=0.0043 laplacian=0.0089 beam=0.18851 homogeneity=0.0035 body=0.00000 bowel=0.00000 femur=0.00000
2026-05-22 22:22:25 [INFO] Step 25/54 Loss=7.2946 mse=0.0889 v_opt=0.00431 v_mand=0.00000 ptv=0.0491 ptv_max=0.00014 ring=0.00000 smooth=0.0061 laplacian=0.0133 beam=0.17663 homogeneity=0.0032 body=0.00000 bowel=0.00000 femur=0.00000
2026-05-22 22:22:28 [INFO] Step 30/54 Loss=5.0164 mse=0.0677 v_opt=0.01902 v_mand=0.00060 ptv=0.0465 ptv_max=0.00011 ring=0.00000 smooth=0.0063 laplacian=0.0132 beam=0.10607 homogeneity=0.0025 body=0.00000 bowel=0.00000 femur=0.00000
2026-05-22 22:22:31 [INFO] Step 35/54 Loss=6.0118 mse=0.1150 v_opt=0.00439 v_mand=0.00000 ptv=0.0468 ptv_max=0.00007 ring=0.00000 smooth=0.0063 laplacian=0.0140 beam=0.10140 homogeneity=0.0018 body=0.00000 bowel=0.00000 femur=0.00000
2026-05-22 22:22:34 [INFO] Step 40/54 Loss=2.2536 mse=0.0263 v_opt=0.00189 v_mand=0.00000 ptv=0.0366 ptv_max=0.00021 ring=0.00000 smooth=0.0029 laplacian=0.0052 beam=0.04413 homogeneity=0.0031 body=0.00000 bowel=0.00000 femur=0.00000
2026-05-22 22:22:38 [INFO] Step 45/54 Loss=3.9515 mse=0.1133 v_opt=0.00522 v_mand=0.00000 ptv=0.0820 ptv_max=0.00007 ring=0.00001 smooth=0.0048 laplacian=0.0102 beam=0.00397 homogeneity=0.0061 body=0.00000 bowel=0.00000 femur=0.00000
2026-05-22 22:22:42 [INFO] Step 50/54 Loss=10.5596 mse=0.3079 v_opt=0.03616 v_mand=0.00295 ptv=0.0774 ptv_max=0.00020 ring=0.00030 smooth=0.0539 laplacian=0.1362 beam=0.03980 homogeneity=0.0037 body=0.00000 bowel=0.00000 femur=0.00306
2026-05-22 22:22:44 [INFO] Step 54/54 Loss=3.7955 mse=0.0816 v_opt=0.01209 v_mand=0.00040 ptv=0.0586 ptv_max=0.00004 ring=0.00000 smooth=0.0048 laplacian=0.0095 beam=0.04093 homogeneity=0.0022 body=0.00000 bowel=0.00000 femur=0.00000
2026-05-22 22:22:44 [INFO] Running validation at epoch 281...
2026-05-22 22:23:14 [INFO] Epoch 281 Summary: Train=7.3586 Val=0.0041 (MSE=0.0041)
          Metrics: PTV_D95=56.88Gy Bladder=27.32Gy Rectum=30.38Gy
          Metrics: Ring=45.56Gy Dmax=1590.10Gy BG=12.72Gy
2026-05-22 22:23:14 [INFO] [PHYSICS] Saved best model val_loss=0.0041
2026-05-22 22:23:14 [INFO] Epoch 282/300 [FULL PHYSICS] ramp=1.000 lr=1.98e-06
2026-05-22 22:23:20 [INFO] Step 5/54 Loss=24.1796 mse=0.4180 v_opt=0.05301 v_mand=0.00669 ptv=0.0495 ptv_max=0.00076 ring=0.00055 smooth=0.0237 laplacian=0.0519 beam=0.48770 homogeneity=0.0040 body=0.00000 bowel=0.00203 femur=0.00850
2026-05-22 22:23:23 [INFO] Step 10/54 Loss=2.7724 mse=0.0727 v_opt=0.00157 v_mand=0.00002 ptv=0.0445 ptv_max=0.00022 ring=0.00000 smooth=0.0021 laplacian=0.0031 beam=0.01585 homogeneity=0.0029 body=0.00000 bowel=0.00000 femur=0.00000
2026-05-22 22:23:26 [INFO] Step 15/54 Loss=1.1883 mse=0.0157 v_opt=0.00061 v_mand=0.00000 ptv=0.0500 ptv_max=0.00016 ring=0.00000 smooth=0.0012 laplacian=0.0022 beam=0.00812 homogeneity=0.0027 body=0.00000 bowel=0.00000 femur=0.00000
2026-05-22 22:23:29 [INFO] Step 20/54 Loss=8.9987 mse=0.1640 v_opt=0.03218 v_mand=0.00138 ptv=0.0453 ptv_max=0.00013 ring=0.00001 smooth=0.0117 laplacian=0.0285 beam=0.16370 homogeneity=0.0022 body=0.00000 bowel=0.00000 femur=0.00000
2026-05-22 22:23:34 [INFO] Step 25/54 Loss=4.3901 mse=0.0883 v_opt=0.01063 v_mand=0.00011 ptv=0.0564 ptv_max=0.00004 ring=0.00000 smooth=0.0080 laplacian=0.0180 beam=0.05799 homogeneity=0.0019 body=0.00000 bowel=0.00000 femur=0.00000
2026-05-22 22:23:37 [INFO] Step 30/54 Loss=19.5381 mse=0.3774 v_opt=0.02062 v_mand=0.00142 ptv=0.0219 ptv_max=0.00142 ring=0.00005 smooth=0.0226 laplacian=0.0535 beam=0.36533 homogeneity=0.0063 body=0.00000 bowel=0.00019 femur=0.00041
2026-05-22 22:23:40 [INFO] Step 35/54 Loss=9.3051 mse=0.2634 v_opt=0.02576 v_mand=0.00125 ptv=0.0462 ptv_max=0.00065 ring=0.00068 smooth=0.0217 laplacian=0.0543 beam=0.06666 homogeneity=0.0038 body=0.00000 bowel=0.00008 femur=0.00000
2026-05-22 22:23:43 [INFO] Step 40/54 Loss=4.3950 mse=0.1035 v_opt=0.00883 v_mand=0.00012 ptv=0.0442 ptv_max=0.00015 ring=0.00000 smooth=0.0045 laplacian=0.0089 beam=0.04894 homogeneity=0.0023 body=0.00000 bowel=0.00000 femur=0.00000
2026-05-22 22:23:48 [INFO] Step 45/54 Loss=10.9368 mse=0.2877 v_opt=0.05290 v_mand=0.01545 ptv=0.0451 ptv_max=0.00181 ring=0.00611 smooth=0.0163 laplacian=0.0351 beam=0.04006 homogeneity=0.0064 body=0.00000 bowel=0.04777 femur=0.00130
2026-05-22 22:23:52 [INFO] Step 50/54 Loss=15.5930 mse=0.2162 v_opt=0.00437 v_mand=0.00000 ptv=0.0236 ptv_max=0.00034 ring=0.00000 smooth=0.0095 laplacian=0.0227 beam=0.38800 homogeneity=0.0034 body=0.00000 bowel=0.00000 femur=0.00000
2026-05-22 22:23:54 [INFO] Step 54/54 Loss=10.7794 mse=0.1330 v_opt=0.00378 v_mand=0.00000 ptv=0.0516 ptv_max=0.00011 ring=0.00000 smooth=0.0144 laplacian=0.0358 beam=0.26698 homogeneity=0.0023 body=0.00000 bowel=0.00000 femur=0.00000
2026-05-22 22:23:54 [INFO] Running validation at epoch 282...
2026-05-22 22:24:24 [INFO] Epoch 282 Summary: Train=7.9379 Val=0.0042 (MSE=0.0042)
          Metrics: PTV_D95=57.35Gy Bladder=27.51Gy Rectum=30.62Gy
          Metrics: Ring=46.15Gy Dmax=1605.64Gy BG=12.82Gy
2026-05-22 22:24:24 [INFO] Epoch 283/300 [FULL PHYSICS] ramp=1.000 lr=1.88e-06
2026-05-22 22:24:30 [INFO] Step 5/54 Loss=5.4006 mse=0.0593 v_opt=0.00147 v_mand=0.00000 ptv=0.0511 ptv_max=0.00015 ring=0.00000 smooth=0.0032 laplacian=0.0066 beam=0.13188 homogeneity=0.0025 body=0.00000 bowel=0.00000 femur=0.00000
2026-05-22 22:24:33 [INFO] Step 10/54 Loss=4.3734 mse=0.0709 v_opt=0.00572 v_mand=0.00000 ptv=0.0588 ptv_max=0.00007 ring=0.00000 smooth=0.0033 laplacian=0.0063 beam=0.07635 homogeneity=0.0024 body=0.00000 bowel=0.00000 femur=0.00000
2026-05-22 22:24:36 [INFO] Step 15/54 Loss=2.7236 mse=0.0856 v_opt=0.00423 v_mand=0.00000 ptv=0.0479 ptv_max=0.00010 ring=0.00000 smooth=0.0038 laplacian=0.0077 beam=0.00000 homogeneity=0.0019 body=0.00000 bowel=0.00000 femur=0.00000
2026-05-22 22:24:39 [INFO] Step 20/54 Loss=3.2842 mse=0.0639 v_opt=0.01299 v_mand=0.00040 ptv=0.0572 ptv_max=0.00022 ring=0.00000 smooth=0.0052 laplacian=0.0115 beam=0.03518 homogeneity=0.0047 body=0.00000 bowel=0.00000 femur=0.00000
2026-05-22 22:24:44 [INFO] Step 25/54 Loss=17.4630 mse=0.3562 v_opt=0.06587 v_mand=0.00928 ptv=0.0405 ptv_max=0.00302 ring=0.00172 smooth=0.0316 laplacian=0.0702 beam=0.22252 homogeneity=0.0089 body=0.00000 bowel=0.01407 femur=0.07435
2026-05-22 22:24:47 [INFO] Step 30/54 Loss=9.7552 mse=0.1146 v_opt=0.00013 v_mand=0.00000 ptv=0.0231 ptv_max=0.00033 ring=0.00000 smooth=0.0055 laplacian=0.0121 beam=0.25893 homogeneity=0.0035 body=0.00000 bowel=0.00000 femur=0.00000
2026-05-22 22:24:50 [INFO] Step 35/54 Loss=3.8730 mse=0.0869 v_opt=0.00164 v_mand=0.00000 ptv=0.0690 ptv_max=0.00003 ring=0.00000 smooth=0.0062 laplacian=0.0138 beam=0.03543 homogeneity=0.0021 body=0.00000 bowel=0.00000 femur=0.00000
2026-05-22 22:24:53 [INFO] Step 40/54 Loss=10.6347 mse=0.1306 v_opt=0.00804 v_mand=0.00000 ptv=0.0213 ptv_max=0.00034 ring=0.00000 smooth=0.0065 laplacian=0.0150 beam=0.27747 homogeneity=0.0036 body=0.00000 bowel=0.00000 femur=0.00000
2026-05-22 22:24:58 [INFO] Step 45/54 Loss=4.9781 mse=0.0352 v_opt=0.00633 v_mand=0.00006 ptv=0.0603 ptv_max=0.00012 ring=0.00000 smooth=0.0025 laplacian=0.0052 beam=0.13534 homogeneity=0.0024 body=0.00000 bowel=0.00000 femur=0.00000
2026-05-22 22:25:00 [INFO] Step 50/54 Loss=9.6865 mse=0.0653 v_opt=0.00303 v_mand=0.00025 ptv=0.0482 ptv_max=0.00017 ring=0.00000 smooth=0.0093 laplacian=0.0221 beam=0.29412 homogeneity=0.0027 body=0.00000 bowel=0.00000 femur=0.00000
2026-05-22 22:25:03 [INFO] Step 54/54 Loss=2.4517 mse=0.0683 v_opt=0.00697 v_mand=0.00002 ptv=0.0583 ptv_max=0.00004 ring=0.00000 smooth=0.0042 laplacian=0.0085 beam=0.00210 homogeneity=0.0020 body=0.00000 bowel=0.00000 femur=0.00000
2026-05-22 22:25:03 [INFO] Running validation at epoch 283...
2026-05-22 22:25:32 [INFO] Epoch 283 Summary: Train=8.0566 Val=0.0041 (MSE=0.0041)
          Metrics: PTV_D95=56.92Gy Bladder=27.13Gy Rectum=30.73Gy
          Metrics: Ring=45.70Gy Dmax=1590.71Gy BG=12.72Gy
2026-05-22 22:25:32 [INFO] Epoch 284/300 [FULL PHYSICS] ramp=1.000 lr=1.78e-06
2026-05-22 22:25:38 [INFO] Step 5/54 Loss=4.9702 mse=0.0481 v_opt=0.00929 v_mand=0.00000 ptv=0.0539 ptv_max=0.00008 ring=0.00000 smooth=0.0062 laplacian=0.0153 beam=0.10008 homogeneity=0.0025 body=0.00000 bowel=0.03755 femur=0.00000
2026-05-22 22:25:42 [INFO] Step 10/54 Loss=9.3698 mse=0.1495 v_opt=0.01127 v_mand=0.00001 ptv=0.0517 ptv_max=0.00012 ring=0.00000 smooth=0.0198 laplacian=0.0497 beam=0.19060 homogeneity=0.0021 body=0.00000 bowel=0.00000 femur=0.00000
2026-05-22 22:25:45 [INFO] Step 15/54 Loss=3.1275 mse=0.0607 v_opt=0.01229 v_mand=0.00077 ptv=0.0503 ptv_max=0.00010 ring=0.00000 smooth=0.0038 laplacian=0.0069 beam=0.03777 homogeneity=0.0023 body=0.00000 bowel=0.00000 femur=0.00000
2026-05-22 22:25:48 [INFO] Step 20/54 Loss=6.6022 mse=0.0638 v_opt=0.00007 v_mand=0.00000 ptv=0.0217 ptv_max=0.00048 ring=0.00000 smooth=0.0024 laplacian=0.0047 beam=0.18449 homogeneity=0.0040 body=0.00000 bowel=0.00000 femur=0.00000
2026-05-22 22:25:52 [INFO] Step 25/54 Loss=2.2444 mse=0.0507 v_opt=0.00431 v_mand=0.00042 ptv=0.0611 ptv_max=0.00005 ring=0.00000 smooth=0.0030 laplacian=0.0055 beam=0.01007 homogeneity=0.0023 body=0.00000 bowel=0.00000 femur=0.00000
2026-05-22 22:25:56 [INFO] Step 30/54 Loss=4.3291 mse=0.0915 v_opt=0.00031 v_mand=0.00000 ptv=0.0572 ptv_max=0.00004 ring=0.00000 smooth=0.0062 laplacian=0.0149 beam=0.05379 homogeneity=0.0019 body=0.00000 bowel=0.00000 femur=0.00000
2026-05-22 22:25:58 [INFO] Step 35/54 Loss=3.2619 mse=0.0052 v_opt=0.00000 v_mand=0.00000 ptv=0.0000 ptv_max=0.00000 ring=0.00000 smooth=0.0014 laplacian=0.0031 beam=0.12459 homogeneity=0.0000 body=0.00000 bowel=0.00000 femur=0.00000
2026-05-22 22:26:01 [INFO] Step 40/54 Loss=16.4180 mse=0.1950 v_opt=0.06733 v_mand=0.01119 ptv=0.0442 ptv_max=0.00063 ring=0.00003 smooth=0.0345 laplacian=0.0837 beam=0.39102 homogeneity=0.0042 body=0.00000 bowel=0.00001 femur=0.00000
2026-05-22 22:26:06 [INFO] Step 45/54 Loss=1.7401 mse=0.0034 v_opt=0.00000 v_mand=0.00000 ptv=0.0000 ptv_max=0.00000 ring=0.00000 smooth=0.0045 laplacian=0.0111 beam=0.06380 homogeneity=0.0000 body=0.00000 bowel=0.00000 femur=0.00000
2026-05-22 22:26:09 [INFO] Step 50/54 Loss=7.7443 mse=0.1439 v_opt=0.00002 v_mand=0.00000 ptv=0.0739 ptv_max=0.00015 ring=0.00011 smooth=0.0136 laplacian=0.0314 beam=0.12506 homogeneity=0.0043 body=0.00000 bowel=0.00000 femur=0.00000
2026-05-22 22:26:12 [INFO] Step 54/54 Loss=4.6650 mse=0.0421 v_opt=0.00000 v_mand=0.00000 ptv=0.0815 ptv_max=0.00001 ring=0.00001 smooth=0.0040 laplacian=0.0089 beam=0.10846 homogeneity=0.0018 body=0.00000 bowel=0.00000 femur=0.00000
2026-05-22 22:26:12 [INFO] Running validation at epoch 284...
2026-05-22 22:26:41 [INFO] Epoch 284 Summary: Train=7.4377 Val=0.0041 (MSE=0.0041)
          Metrics: PTV_D95=56.58Gy Bladder=26.82Gy Rectum=30.33Gy
          Metrics: Ring=45.27Gy Dmax=1571.77Gy BG=12.64Gy
2026-05-22 22:26:41 [INFO] [PHYSICS] Saved best model val_loss=0.0041
2026-05-22 22:26:41 [INFO] Epoch 285/300 [FULL PHYSICS] ramp=1.000 lr=1.69e-06
2026-05-22 22:26:47 [INFO] Step 5/54 Loss=3.0181 mse=0.0264 v_opt=0.00574 v_mand=0.00009 ptv=0.0638 ptv_max=0.00002 ring=0.00000 smooth=0.0023 laplacian=0.0044 beam=0.06545 homogeneity=0.0020 body=0.00000 bowel=0.00000 femur=0.00000
2026-05-22 22:26:50 [INFO] Step 10/54 Loss=8.8925 mse=0.2433 v_opt=0.01405 v_mand=0.00028 ptv=0.0527 ptv_max=0.00032 ring=0.00001 smooth=0.0359 laplacian=0.0929 beam=0.06535 homogeneity=0.0029 body=0.00000 bowel=0.00005 femur=0.00000
2026-05-22 22:26:53 [INFO] Step 15/54 Loss=13.2997 mse=0.1820 v_opt=0.01243 v_mand=0.00000 ptv=0.0284 ptv_max=0.00049 ring=0.00000 smooth=0.0152 laplacian=0.0362 beam=0.32352 homogeneity=0.0042 body=0.00000 bowel=0.00000 femur=0.00000
2026-05-22 22:26:56 [INFO] Step 20/54 Loss=3.8646 mse=0.0380 v_opt=0.02191 v_mand=0.00164 ptv=0.0469 ptv_max=0.00023 ring=0.00000 smooth=0.0027 laplacian=0.0055 beam=0.08713 homogeneity=0.0039 body=0.00000 bowel=0.00000 femur=0.00000
2026-05-22 22:27:02 [INFO] Step 25/54 Loss=16.6665 mse=0.1931 v_opt=0.00382 v_mand=0.00000 ptv=0.0479 ptv_max=0.00010 ring=0.00002 smooth=0.0351 laplacian=0.0833 beam=0.43364 homogeneity=0.0021 body=0.00000 bowel=0.00000 femur=0.00000
2026-05-22 22:27:05 [INFO] Step 30/54 Loss=3.9609 mse=0.0466 v_opt=0.00965 v_mand=0.00062 ptv=0.0539 ptv_max=0.00022 ring=0.00000 smooth=0.0039 laplacian=0.0080 beam=0.08149 homogeneity=0.0045 body=0.00000 bowel=0.00000 femur=0.00000
2026-05-22 22:27:08 [INFO] Step 35/54 Loss=3.3673 mse=0.0231 v_opt=0.00000 v_mand=0.00000 ptv=0.0504 ptv_max=0.00034 ring=0.00000 smooth=0.0067 laplacian=0.0166 beam=0.08281 homogeneity=0.0038 body=0.00000 bowel=0.00000 femur=0.00000
2026-05-22 22:27:11 [INFO] Step 40/54 Loss=18.8007 mse=0.1879 v_opt=0.04291 v_mand=0.00443 ptv=0.0409 ptv_max=0.00042 ring=0.00003 smooth=0.0165 laplacian=0.0422 beam=0.52151 homogeneity=0.0028 body=0.00000 bowel=0.00000 femur=0.00000
2026-05-22 22:27:16 [INFO] Step 45/54 Loss=1.9134 mse=0.0464 v_opt=0.00095 v_mand=0.00009 ptv=0.0615 ptv_max=0.00017 ring=0.00000 smooth=0.0021 laplacian=0.0036 beam=0.00086 homogeneity=0.0032 body=0.00000 bowel=0.00000 femur=0.00000
2026-05-22 22:27:18 [INFO] Step 50/54 Loss=1.8077 mse=0.0455 v_opt=0.00286 v_mand=0.00007 ptv=0.0464 ptv_max=0.00030 ring=0.00000 smooth=0.0022 laplacian=0.0035 beam=0.00265 homogeneity=0.0033 body=0.00000 bowel=0.00000 femur=0.00000
2026-05-22 22:27:21 [INFO] Step 54/54 Loss=14.8797 mse=0.2379 v_opt=0.00653 v_mand=0.00001 ptv=0.0446 ptv_max=0.00072 ring=0.00002 smooth=0.0162 laplacian=0.0379 beam=0.29738 homogeneity=0.0041 body=0.00000 bowel=0.04288 femur=0.00000
2026-05-22 22:27:21 [INFO] Running validation at epoch 285...
2026-05-22 22:27:51 [INFO] Epoch 285 Summary: Train=7.2916 Val=0.0041 (MSE=0.0041)
          Metrics: PTV_D95=57.16Gy Bladder=27.15Gy Rectum=30.40Gy
          Metrics: Ring=45.80Gy Dmax=1547.87Gy BG=12.76Gy
2026-05-22 22:27:51 [INFO] Epoch 286/300 [FULL PHYSICS] ramp=1.000 lr=1.61e-06
2026-05-22 22:27:57 [INFO] Step 5/54 Loss=3.4370 mse=0.0277 v_opt=0.00072 v_mand=0.00000 ptv=0.0471 ptv_max=0.00016 ring=0.00000 smooth=0.0025 laplacian=0.0055 beam=0.08686 homogeneity=0.0024 body=0.00000 bowel=0.00000 femur=0.00000
2026-05-22 22:28:00 [INFO] Step 10/54 Loss=2.9464 mse=0.0535 v_opt=0.00623 v_mand=0.00000 ptv=0.0662 ptv_max=0.00006 ring=0.00000 smooth=0.0044 laplacian=0.0101 beam=0.03280 homogeneity=0.0025 body=0.00000 bowel=0.00000 femur=0.00000
2026-05-22 22:28:03 [INFO] Step 15/54 Loss=2.1361 mse=0.0433 v_opt=0.00049 v_mand=0.00000 ptv=0.0562 ptv_max=0.00028 ring=0.00001 smooth=0.0026 laplacian=0.0049 beam=0.01448 homogeneity=0.0029 body=0.00000 bowel=0.00000 femur=0.00000
2026-05-22 22:28:06 [INFO] Step 20/54 Loss=22.3259 mse=0.3990 v_opt=0.02498 v_mand=0.00065 ptv=0.0679 ptv_max=0.00023 ring=0.00040 smooth=0.0388 laplacian=0.0894 beam=0.42978 homogeneity=0.0030 body=0.00000 bowel=0.01717 femur=0.00000
2026-05-22 22:28:11 [INFO] Step 25/54 Loss=8.8307 mse=0.1015 v_opt=0.00021 v_mand=0.00000 ptv=0.0265 ptv_max=0.00021 ring=0.00000 smooth=0.0069 laplacian=0.0154 beam=0.23414 homogeneity=0.0029 body=0.00000 bowel=0.00000 femur=0.00000
2026-05-22 22:28:14 [INFO] Step 30/54 Loss=6.2378 mse=0.0759 v_opt=0.01714 v_mand=0.00089 ptv=0.0624 ptv_max=0.00007 ring=0.00000 smooth=0.0068 laplacian=0.0151 beam=0.13923 homogeneity=0.0031 body=0.00000 bowel=0.00000 femur=0.00000
2026-05-22 22:28:17 [INFO] Step 35/54 Loss=6.1352 mse=0.0815 v_opt=0.01181 v_mand=0.00034 ptv=0.0505 ptv_max=0.00016 ring=0.00001 smooth=0.0081 laplacian=0.0182 beam=0.13390 homogeneity=0.0041 body=0.00000 bowel=0.00000 femur=0.00000
2026-05-22 22:28:20 [INFO] Step 40/54 Loss=3.3777 mse=0.0969 v_opt=0.00100 v_mand=0.00000 ptv=0.0476 ptv_max=0.00008 ring=0.00001 smooth=0.0082 laplacian=0.0191 beam=0.01295 homogeneity=0.0019 body=0.00000 bowel=0.00000 femur=0.00000
2026-05-22 22:28:25 [INFO] Step 45/54 Loss=5.1705 mse=0.1176 v_opt=0.00471 v_mand=0.00000 ptv=0.0598 ptv_max=0.00014 ring=0.00006 smooth=0.0112 laplacian=0.0269 beam=0.05535 homogeneity=0.0036 body=0.00000 bowel=0.00000 femur=0.00000
2026-05-22 22:28:29 [INFO] Step 50/54 Loss=8.8484 mse=0.1513 v_opt=0.00531 v_mand=0.00000 ptv=0.0274 ptv_max=0.00050 ring=0.00004 smooth=0.0116 laplacian=0.0277 beam=0.17909 homogeneity=0.0039 body=0.00000 bowel=0.00000 femur=0.00000
2026-05-22 22:28:31 [INFO] Step 54/54 Loss=4.3475 mse=0.0728 v_opt=0.00391 v_mand=0.00000 ptv=0.0515 ptv_max=0.00034 ring=0.00002 smooth=0.0046 laplacian=0.0095 beam=0.07284 homogeneity=0.0040 body=0.00000 bowel=0.00000 femur=0.00000
2026-05-22 22:28:31 [INFO] Running validation at epoch 286...
2026-05-22 22:29:00 [INFO] Epoch 286 Summary: Train=8.5214 Val=0.0042 (MSE=0.0042)
          Metrics: PTV_D95=57.48Gy Bladder=27.10Gy Rectum=30.54Gy
          Metrics: Ring=46.13Gy Dmax=1549.92Gy BG=12.80Gy
2026-05-22 22:29:00 [INFO] Epoch 287/300 [FULL PHYSICS] ramp=1.000 lr=1.53e-06
2026-05-22 22:29:07 [INFO] Step 5/54 Loss=14.7966 mse=0.3056 v_opt=0.00873 v_mand=0.00000 ptv=0.0350 ptv_max=0.00026 ring=0.00000 smooth=0.0106 laplacian=0.0250 beam=0.26218 homogeneity=0.0030 body=0.00000 bowel=0.00000 femur=0.00000
2026-05-22 22:29:10 [INFO] Step 10/54 Loss=5.2766 mse=0.1065 v_opt=0.00418 v_mand=0.00000 ptv=0.0424 ptv_max=0.00021 ring=0.00000 smooth=0.0056 laplacian=0.0121 beam=0.08130 homogeneity=0.0026 body=0.00000 bowel=0.00000 femur=0.00000
2026-05-22 22:29:13 [INFO] Step 15/54 Loss=3.0330 mse=0.0730 v_opt=0.00850 v_mand=0.00000 ptv=0.0458 ptv_max=0.00010 ring=0.00000 smooth=0.0055 laplacian=0.0108 beam=0.02456 homogeneity=0.0023 body=0.00000 bowel=0.00000 femur=0.00000
2026-05-22 22:29:16 [INFO] Step 20/54 Loss=3.0851 mse=0.0445 v_opt=0.00056 v_mand=0.00000 ptv=0.0547 ptv_max=0.00010 ring=0.00000 smooth=0.0026 laplacian=0.0048 beam=0.05330 homogeneity=0.0025 body=0.00000 bowel=0.00000 femur=0.00000
2026-05-22 22:29:21 [INFO] Step 25/54 Loss=5.5661 mse=0.1090 v_opt=0.01822 v_mand=0.00068 ptv=0.0393 ptv_max=0.00013 ring=0.00000 smooth=0.0057 laplacian=0.0125 beam=0.08951 homogeneity=0.0026 body=0.00000 bowel=0.00000 femur=0.00000
2026-05-22 22:29:24 [INFO] Step 30/54 Loss=4.7111 mse=0.0977 v_opt=0.00403 v_mand=0.00000 ptv=0.0466 ptv_max=0.00014 ring=0.00016 smooth=0.0037 laplacian=0.0072 beam=0.06724 homogeneity=0.0025 body=0.00000 bowel=0.00000 femur=0.00000
2026-05-22 22:29:27 [INFO] Step 35/54 Loss=4.5116 mse=0.1171 v_opt=0.01750 v_mand=0.00077 ptv=0.0493 ptv_max=0.00023 ring=0.00000 smooth=0.0045 laplacian=0.0099 beam=0.03450 homogeneity=0.0033 body=0.00000 bowel=0.00000 femur=0.00000
2026-05-22 22:29:30 [INFO] Step 40/54 Loss=6.7456 mse=0.1109 v_opt=0.00000 v_mand=0.00000 ptv=0.0740 ptv_max=0.00023 ring=0.00070 smooth=0.0228 laplacian=0.0557 beam=0.11215 homogeneity=0.0042 body=0.00000 bowel=0.00000 femur=0.00000
2026-05-22 22:29:35 [INFO] Step 45/54 Loss=2.1796 mse=0.0051 v_opt=0.00000 v_mand=0.00000 ptv=0.0000 ptv_max=0.00000 ring=0.00000 smooth=0.0012 laplacian=0.0027 beam=0.08147 homogeneity=0.0000 body=0.00000 bowel=0.00000 femur=0.00000
2026-05-22 22:29:38 [INFO] Step 50/54 Loss=12.4996 mse=0.1406 v_opt=0.02490 v_mand=0.00214 ptv=0.0562 ptv_max=0.00033 ring=0.00000 smooth=0.0154 laplacian=0.0345 beam=0.31766 homogeneity=0.0044 body=0.00000 bowel=0.00000 femur=0.00000
2026-05-22 22:29:40 [INFO] Step 54/54 Loss=13.5686 mse=0.1808 v_opt=0.01768 v_mand=0.00052 ptv=0.0217 ptv_max=0.00044 ring=0.00000 smooth=0.0105 laplacian=0.0255 beam=0.33958 homogeneity=0.0038 body=0.00000 bowel=0.00000 femur=0.00000
2026-05-22 22:29:40 [INFO] Running validation at epoch 287...
2026-05-22 22:30:09 [INFO] Epoch 287 Summary: Train=7.5020 Val=0.0041 (MSE=0.0041)
          Metrics: PTV_D95=57.07Gy Bladder=27.01Gy Rectum=30.57Gy
          Metrics: Ring=45.76Gy Dmax=1570.11Gy BG=12.75Gy
2026-05-22 22:30:09 [INFO] Epoch 288/300 [FULL PHYSICS] ramp=1.000 lr=1.46e-06
2026-05-22 22:30:16 [INFO] Step 5/54 Loss=8.8411 mse=0.1032 v_opt=0.00492 v_mand=0.00003 ptv=0.0458 ptv_max=0.00014 ring=0.00000 smooth=0.0064 laplacian=0.0146 beam=0.22582 homogeneity=0.0023 body=0.00000 bowel=0.00000 femur=0.00000
2026-05-22 22:30:18 [INFO] Step 10/54 Loss=8.9638 mse=0.1607 v_opt=0.00943 v_mand=0.00017 ptv=0.0426 ptv_max=0.00010 ring=0.00001 smooth=0.0069 laplacian=0.0148 beam=0.17412 homogeneity=0.0022 body=0.00000 bowel=0.00000 femur=0.00000
2026-05-22 22:30:21 [INFO] Step 15/54 Loss=3.3617 mse=0.0857 v_opt=0.01347 v_mand=0.00021 ptv=0.0752 ptv_max=0.00007 ring=0.00001 smooth=0.0083 laplacian=0.0184 beam=0.00971 homogeneity=0.0038 body=0.00000 bowel=0.00000 femur=0.00000
2026-05-22 22:30:24 [INFO] Step 20/54 Loss=3.0287 mse=0.0366 v_opt=0.00216 v_mand=0.00000 ptv=0.0525 ptv_max=0.00006 ring=0.00001 smooth=0.0026 laplacian=0.0049 beam=0.06024 homogeneity=0.0021 body=0.00000 bowel=0.00000 femur=0.00000
2026-05-22 22:30:30 [INFO] Step 25/54 Loss=4.8559 mse=0.0934 v_opt=0.01672 v_mand=0.00000 ptv=0.0375 ptv_max=0.00011 ring=0.00000 smooth=0.0079 laplacian=0.0175 beam=0.07815 homogeneity=0.0023 body=0.00000 bowel=0.00000 femur=0.00000
2026-05-22 22:30:33 [INFO] Step 30/54 Loss=4.7151 mse=0.0629 v_opt=0.00331 v_mand=0.00000 ptv=0.0490 ptv_max=0.00007 ring=0.00000 smooth=0.0041 laplacian=0.0082 beam=0.10194 homogeneity=0.0020 body=0.00000 bowel=0.00000 femur=0.00000
2026-05-22 22:30:36 [INFO] Step 35/54 Loss=25.8603 mse=0.4424 v_opt=0.00000 v_mand=0.00000 ptv=0.0632 ptv_max=0.00045 ring=0.00048 smooth=0.1373 laplacian=0.3060 beam=0.49469 homogeneity=0.0030 body=0.00000 bowel=0.00000 femur=0.00000
2026-05-22 22:30:38 [INFO] Step 40/54 Loss=4.1472 mse=0.0792 v_opt=0.00412 v_mand=0.00000 ptv=0.0573 ptv_max=0.00007 ring=0.00000 smooth=0.0054 laplacian=0.0112 beam=0.05804 homogeneity=0.0031 body=0.00000 bowel=0.00000 femur=0.00000
2026-05-22 22:30:44 [INFO] Step 45/54 Loss=5.0446 mse=0.0499 v_opt=0.00523 v_mand=0.00013 ptv=0.1249 ptv_max=0.00061 ring=0.00005 smooth=0.0075 laplacian=0.0168 beam=0.07995 homogeneity=0.0175 body=0.00000 bowel=0.00000 femur=0.00000
2026-05-22 22:30:46 [INFO] Step 50/54 Loss=15.1706 mse=0.2796 v_opt=0.02903 v_mand=0.00080 ptv=0.0430 ptv_max=0.00059 ring=0.00004 smooth=0.0483 laplacian=0.1256 beam=0.27086 homogeneity=0.0048 body=0.00000 bowel=0.00125 femur=0.00000
2026-05-22 22:30:49 [INFO] Step 54/54 Loss=3.6091 mse=0.1021 v_opt=0.00928 v_mand=0.00001 ptv=0.0633 ptv_max=0.00005 ring=0.00000 smooth=0.0089 laplacian=0.0210 beam=0.00951 homogeneity=0.0022 body=0.00000 bowel=0.00000 femur=0.00000
2026-05-22 22:30:49 [INFO] Running validation at epoch 288...
2026-05-22 22:31:18 [INFO] Epoch 288 Summary: Train=8.8436 Val=0.0041 (MSE=0.0041)
          Metrics: PTV_D95=56.90Gy Bladder=27.11Gy Rectum=30.87Gy
          Metrics: Ring=45.67Gy Dmax=1578.09Gy BG=12.71Gy
2026-05-22 22:31:18 [INFO] Epoch 289/300 [FULL PHYSICS] ramp=1.000 lr=1.39e-06
2026-05-22 22:31:23 [INFO] Step 5/54 Loss=3.2282 mse=0.0206 v_opt=0.00000 v_mand=0.00000 ptv=0.0253 ptv_max=0.00074 ring=0.00000 smooth=0.0016 laplacian=0.0030 beam=0.08954 homogeneity=0.0047 body=0.00000 bowel=0.00000 femur=0.00000
2026-05-22 22:31:27 [INFO] Step 10/54 Loss=2.9279 mse=0.0217 v_opt=0.00728 v_mand=0.00000 ptv=0.0375 ptv_max=0.00038 ring=0.00000 smooth=0.0013 laplacian=0.0020 beam=0.07353 homogeneity=0.0045 body=0.00000 bowel=0.00000 femur=0.00000
2026-05-22 22:31:30 [INFO] Step 15/54 Loss=4.8544 mse=0.0581 v_opt=0.01646 v_mand=0.00042 ptv=0.0486 ptv_max=0.00009 ring=0.00000 smooth=0.0065 laplacian=0.0156 beam=0.10631 homogeneity=0.0023 body=0.00000 bowel=0.00400 femur=0.00000
2026-05-22 22:31:33 [INFO] Step 20/54 Loss=7.0671 mse=0.0915 v_opt=0.03089 v_mand=0.00456 ptv=0.0443 ptv_max=0.00015 ring=0.00000 smooth=0.0069 laplacian=0.0172 beam=0.15486 homogeneity=0.0024 body=0.00000 bowel=0.00070 femur=0.00000
2026-05-22 22:31:36 [INFO] Step 25/54 Loss=24.2404 mse=0.4764 v_opt=0.03363 v_mand=0.00496 ptv=0.0298 ptv_max=0.00121 ring=0.00019 smooth=0.1072 laplacian=0.2629 beam=0.38281 homogeneity=0.0053 body=0.00000 bowel=0.02469 femur=0.00658
2026-05-22 22:31:41 [INFO] Step 30/54 Loss=14.2922 mse=0.2002 v_opt=0.00982 v_mand=0.00000 ptv=0.0239 ptv_max=0.00036 ring=0.00000 smooth=0.0084 laplacian=0.0202 beam=0.35183 homogeneity=0.0035 body=0.00000 bowel=0.00000 femur=0.00000
2026-05-22 22:31:44 [INFO] Step 35/54 Loss=7.7831 mse=0.0751 v_opt=0.00820 v_mand=0.00000 ptv=0.0585 ptv_max=0.00011 ring=0.00001 smooth=0.0079 laplacian=0.0187 beam=0.20504 homogeneity=0.0030 body=0.00000 bowel=0.00000 femur=0.00000
2026-05-22 22:31:48 [INFO] Step 40/54 Loss=3.3760 mse=0.0584 v_opt=0.00347 v_mand=0.00000 ptv=0.1363 ptv_max=0.00007 ring=0.00000 smooth=0.0062 laplacian=0.0128 beam=0.00659 homogeneity=0.0150 body=0.00000 bowel=0.00000 femur=0.00000
2026-05-22 22:31:51 [INFO] Step 45/54 Loss=9.9717 mse=0.1614 v_opt=0.06927 v_mand=0.01327 ptv=0.0338 ptv_max=0.00050 ring=0.00011 smooth=0.0233 laplacian=0.0554 beam=0.17292 homogeneity=0.0048 body=0.00000 bowel=0.00000 femur=0.00000
2026-05-22 22:31:56 [INFO] Step 50/54 Loss=1.6070 mse=0.0196 v_opt=0.00130 v_mand=0.00000 ptv=0.0681 ptv_max=0.00005 ring=0.00000 smooth=0.0021 laplacian=0.0041 beam=0.01415 homogeneity=0.0025 body=0.00000 bowel=0.00000 femur=0.00000
2026-05-22 22:31:58 [INFO] Step 54/54 Loss=2.3919 mse=0.0637 v_opt=0.00646 v_mand=0.00005 ptv=0.0708 ptv_max=0.00003 ring=0.00000 smooth=0.0023 laplacian=0.0032 beam=0.00016 homogeneity=0.0024 body=0.00000 bowel=0.00000 femur=0.00000
2026-05-22 22:31:58 [INFO] Running validation at epoch 289...
2026-05-22 22:32:28 [INFO] Epoch 289 Summary: Train=6.6353 Val=0.0041 (MSE=0.0041)
          Metrics: PTV_D95=56.75Gy Bladder=26.97Gy Rectum=30.58Gy
          Metrics: Ring=45.60Gy Dmax=1562.85Gy BG=12.76Gy
2026-05-22 22:32:28 [INFO] Epoch 290/300 [FULL PHYSICS] ramp=1.000 lr=1.33e-06
2026-05-22 22:32:34 [INFO] Step 5/54 Loss=4.9755 mse=0.1517 v_opt=0.00025 v_mand=0.00000 ptv=0.0527 ptv_max=0.00006 ring=0.00000 smooth=0.0021 laplacian=0.0035 beam=0.02365 homogeneity=0.0018 body=0.00000 bowel=0.00000 femur=0.00000
2026-05-22 22:32:37 [INFO] Step 10/54 Loss=2.4512 mse=0.0666 v_opt=0.00014 v_mand=0.00000 ptv=0.0702 ptv_max=0.00003 ring=0.00000 smooth=0.0029 laplacian=0.0046 beam=0.00018 homogeneity=0.0025 body=0.00000 bowel=0.00000 femur=0.00000
2026-05-22 22:32:40 [INFO] Step 15/54 Loss=10.2872 mse=0.3263 v_opt=0.02165 v_mand=0.00013 ptv=0.0659 ptv_max=0.00018 ring=0.00015 smooth=0.0089 laplacian=0.0169 beam=0.04913 homogeneity=0.0025 body=0.00000 bowel=0.00000 femur=0.00194
2026-05-22 22:32:43 [INFO] Step 20/54 Loss=15.8041 mse=0.2181 v_opt=0.00690 v_mand=0.00000 ptv=0.0294 ptv_max=0.00025 ring=0.00000 smooth=0.0129 laplacian=0.0316 beam=0.39126 homogeneity=0.0027 body=0.00000 bowel=0.00000 femur=0.00000
2026-05-22 22:32:48 [INFO] Step 25/54 Loss=5.4910 mse=0.0854 v_opt=0.02878 v_mand=0.00208 ptv=0.0379 ptv_max=0.00017 ring=0.00000 smooth=0.0058 laplacian=0.0133 beam=0.10656 homogeneity=0.0026 body=0.00000 bowel=0.00000 femur=0.00000
2026-05-22 22:32:52 [INFO] Step 30/54 Loss=7.0087 mse=0.0170 v_opt=0.00000 v_mand=0.00000 ptv=0.0601 ptv_max=0.00130 ring=0.00000 smooth=0.0066 laplacian=0.0168 beam=0.14849 homogeneity=0.0070 body=0.00000 bowel=0.12301 femur=0.00000
2026-05-22 22:32:55 [INFO] Step 35/54 Loss=47.2401 mse=1.2126 v_opt=0.01397 v_mand=0.00146 ptv=0.0470 ptv_max=0.00420 ring=0.00740 smooth=0.6168 laplacian=1.4992 beam=0.27986 homogeneity=0.0104 body=0.00000 bowel=0.01972 femur=0.00000
2026-05-22 22:32:57 [INFO] Step 40/54 Loss=8.5937 mse=0.1692 v_opt=0.00094 v_mand=0.00000 ptv=0.0752 ptv_max=0.00254 ring=0.00061 smooth=0.0113 laplacian=0.0263 beam=0.11670 homogeneity=0.0080 body=0.00000 bowel=0.00000 femur=0.00000
2026-05-22 22:33:02 [INFO] Step 45/54 Loss=3.5073 mse=0.0524 v_opt=0.00892 v_mand=0.00000 ptv=0.0518 ptv_max=0.00013 ring=0.00000 smooth=0.0027 laplacian=0.0054 beam=0.06229 homogeneity=0.0027 body=0.00000 bowel=0.00000 femur=0.00000
2026-05-22 22:33:05 [INFO] Step 50/54 Loss=7.4512 mse=0.0728 v_opt=0.00379 v_mand=0.00000 ptv=0.0231 ptv_max=0.00044 ring=0.00000 smooth=0.0053 laplacian=0.0125 beam=0.20727 homogeneity=0.0038 body=0.00000 bowel=0.00000 femur=0.00000
2026-05-22 22:33:07 [INFO] Step 54/54 Loss=2.3940 mse=0.0618 v_opt=0.00926 v_mand=0.00016 ptv=0.0702 ptv_max=0.00003 ring=0.00000 smooth=0.0024 laplacian=0.0035 beam=0.00075 homogeneity=0.0026 body=0.00000 bowel=0.00163 femur=0.00000
2026-05-22 22:33:08 [INFO] Running validation at epoch 290...
2026-05-22 22:33:37 [INFO] Epoch 290 Summary: Train=8.2013 Val=0.0041 (MSE=0.0041)
          Metrics: PTV_D95=56.97Gy Bladder=26.72Gy Rectum=30.30Gy
          Metrics: Ring=45.61Gy Dmax=1553.39Gy BG=12.81Gy
2026-05-22 22:33:37 [INFO] Epoch 291/300 [FULL PHYSICS] ramp=1.000 lr=1.27e-06
2026-05-22 22:33:43 [INFO] Step 5/54 Loss=2.2453 mse=0.0545 v_opt=0.00575 v_mand=0.00000 ptv=0.0658 ptv_max=0.00003 ring=0.00000 smooth=0.0030 laplacian=0.0055 beam=0.00536 homogeneity=0.0022 body=0.00000 bowel=0.00000 femur=0.00000
2026-05-22 22:33:46 [INFO] Step 10/54 Loss=5.9055 mse=0.1138 v_opt=0.01663 v_mand=0.00006 ptv=0.0488 ptv_max=0.00012 ring=0.00000 smooth=0.0061 laplacian=0.0132 beam=0.09550 homogeneity=0.0030 body=0.00000 bowel=0.00000 femur=0.00000
2026-05-22 22:33:49 [INFO] Step 15/54 Loss=2.3257 mse=0.0571 v_opt=0.00002 v_mand=0.00000 ptv=0.0552 ptv_max=0.00012 ring=0.00000 smooth=0.0049 laplacian=0.0097 beam=0.00863 homogeneity=0.0030 body=0.00000 bowel=0.00000 femur=0.00000
2026-05-22 22:33:52 [INFO] Step 20/54 Loss=4.1177 mse=0.0844 v_opt=0.00552 v_mand=0.00019 ptv=0.0436 ptv_max=0.00008 ring=0.00000 smooth=0.0076 laplacian=0.0164 beam=0.05632 homogeneity=0.0020 body=0.00000 bowel=0.00000 femur=0.00000
2026-05-22 22:33:58 [INFO] Step 25/54 Loss=2.4618 mse=0.0662 v_opt=0.00000 v_mand=0.00000 ptv=0.0585 ptv_max=0.00004 ring=0.00000 smooth=0.0054 laplacian=0.0109 beam=0.00479 homogeneity=0.0018 body=0.00000 bowel=0.00000 femur=0.00000
2026-05-22 22:34:00 [INFO] Step 30/54 Loss=7.9536 mse=0.1296 v_opt=0.00216 v_mand=0.00000 ptv=0.0422 ptv_max=0.00013 ring=0.00000 smooth=0.0085 laplacian=0.0193 beam=0.16472 homogeneity=0.0022 body=0.00000 bowel=0.00000 femur=0.00000
2026-05-22 22:34:03 [INFO] Step 35/54 Loss=12.9835 mse=0.1609 v_opt=0.00176 v_mand=0.00000 ptv=0.0239 ptv_max=0.00055 ring=0.00000 smooth=0.0141 laplacian=0.0372 beam=0.33427 homogeneity=0.0040 body=0.00000 bowel=0.00000 femur=0.00000
2026-05-22 22:34:06 [INFO] Step 40/54 Loss=15.7359 mse=0.3950 v_opt=0.03131 v_mand=0.00327 ptv=0.0488 ptv_max=0.00201 ring=0.00279 smooth=0.0253 laplacian=0.0548 beam=0.16153 homogeneity=0.0067 body=0.00000 bowel=0.02196 femur=0.00025
2026-05-22 22:34:12 [INFO] Step 45/54 Loss=2.6140 mse=0.0376 v_opt=0.01408 v_mand=0.00025 ptv=0.0501 ptv_max=0.00005 ring=0.00000 smooth=0.0029 laplacian=0.0061 beam=0.04212 homogeneity=0.0019 body=0.00000 bowel=0.00000 femur=0.00000
2026-05-22 22:34:14 [INFO] Step 50/54 Loss=10.3450 mse=0.1304 v_opt=0.00194 v_mand=0.00002 ptv=0.0528 ptv_max=0.00012 ring=0.00000 smooth=0.0134 laplacian=0.0305 beam=0.25285 homogeneity=0.0023 body=0.00000 bowel=0.00000 femur=0.00000
2026-05-22 22:34:17 [INFO] Step 54/54 Loss=1.9651 mse=0.0493 v_opt=0.00069 v_mand=0.00003 ptv=0.0584 ptv_max=0.00003 ring=0.00000 smooth=0.0028 laplacian=0.0043 beam=0.00343 homogeneity=0.0016 body=0.00000 bowel=0.00000 femur=0.00000
2026-05-22 22:34:17 [INFO] Running validation at epoch 291...
2026-05-22 22:34:46 [INFO] Epoch 291 Summary: Train=7.3312 Val=0.0041 (MSE=0.0041)
          Metrics: PTV_D95=56.71Gy Bladder=26.64Gy Rectum=30.29Gy
          Metrics: Ring=45.41Gy Dmax=1556.20Gy BG=12.79Gy
2026-05-22 22:34:46 [INFO] Epoch 292/300 [FULL PHYSICS] ramp=1.000 lr=1.22e-06
2026-05-22 22:34:53 [INFO] Step 5/54 Loss=3.8196 mse=0.0407 v_opt=0.00038 v_mand=0.00000 ptv=0.1236 ptv_max=0.00012 ring=0.00002 smooth=0.0045 laplacian=0.0094 beam=0.05088 homogeneity=0.0112 body=0.00000 bowel=0.00000 femur=0.00000
2026-05-22 22:34:56 [INFO] Step 10/54 Loss=13.6101 mse=0.1639 v_opt=0.02207 v_mand=0.00073 ptv=0.0186 ptv_max=0.00070 ring=0.00000 smooth=0.0082 laplacian=0.0191 beam=0.35771 homogeneity=0.0047 body=0.00000 bowel=0.00000 femur=0.00000
2026-05-22 22:34:59 [INFO] Step 15/54 Loss=1.9435 mse=0.0308 v_opt=0.02306 v_mand=0.00323 ptv=0.0579 ptv_max=0.00008 ring=0.00000 smooth=0.0026 laplacian=0.0052 beam=0.01167 homogeneity=0.0027 body=0.00000 bowel=0.00000 femur=0.00000
2026-05-22 22:35:02 [INFO] Step 20/54 Loss=4.1435 mse=0.1139 v_opt=0.00193 v_mand=0.00000 ptv=0.0704 ptv_max=0.00006 ring=0.00001 smooth=0.0067 laplacian=0.0151 beam=0.01755 homogeneity=0.0030 body=0.00000 bowel=0.00000 femur=0.00000
2026-05-22 22:35:07 [INFO] Step 25/54 Loss=5.5196 mse=0.0435 v_opt=0.00575 v_mand=0.00030 ptv=0.0476 ptv_max=0.00027 ring=0.00000 smooth=0.0045 laplacian=0.0106 beam=0.14978 homogeneity=0.0044 body=0.00000 bowel=0.00000 femur=0.00000
2026-05-22 22:35:10 [INFO] Step 30/54 Loss=18.0355 mse=0.1955 v_opt=0.00349 v_mand=0.00000 ptv=0.0539 ptv_max=0.00007 ring=0.00000 smooth=0.0244 laplacian=0.0595 beam=0.48910 homogeneity=0.0021 body=0.00000 bowel=0.00000 femur=0.00000
2026-05-22 22:35:13 [INFO] Step 35/54 Loss=2.1147 mse=0.0528 v_opt=0.00000 v_mand=0.00000 ptv=0.0512 ptv_max=0.00012 ring=0.00000 smooth=0.0031 laplacian=0.0054 beam=0.00754 homogeneity=0.0022 body=0.00000 bowel=0.00000 femur=0.00000
2026-05-22 22:35:16 [INFO] Step 40/54 Loss=6.4416 mse=0.1600 v_opt=0.02683 v_mand=0.00101 ptv=0.0524 ptv_max=0.00020 ring=0.00002 smooth=0.0290 laplacian=0.0742 beam=0.05316 homogeneity=0.0027 body=0.00000 bowel=0.00000 femur=0.00000
2026-05-22 22:35:21 [INFO] Step 45/54 Loss=5.3674 mse=0.0898 v_opt=0.01124 v_mand=0.00107 ptv=0.0440 ptv_max=0.00009 ring=0.00000 smooth=0.0069 laplacian=0.0153 beam=0.09846 homogeneity=0.0023 body=0.00000 bowel=0.00000 femur=0.00000
2026-05-22 22:35:24 [INFO] Step 50/54 Loss=1.9393 mse=0.0475 v_opt=0.00231 v_mand=0.00001 ptv=0.0519 ptv_max=0.00009 ring=0.00000 smooth=0.0034 laplacian=0.0065 beam=0.00517 homogeneity=0.0025 body=0.00000 bowel=0.00000 femur=0.00000
2026-05-22 22:35:26 [INFO] Step 54/54 Loss=3.9663 mse=0.0884 v_opt=0.00063 v_mand=0.00000 ptv=0.0593 ptv_max=0.00009 ring=0.00000 smooth=0.0062 laplacian=0.0134 beam=0.04091 homogeneity=0.0027 body=0.00000 bowel=0.00000 femur=0.00000
2026-05-22 22:35:26 [INFO] Running validation at epoch 292...
2026-05-22 22:35:56 [INFO] Epoch 292 Summary: Train=7.0075 Val=0.0041 (MSE=0.0041)
          Metrics: PTV_D95=57.12Gy Bladder=27.10Gy Rectum=30.39Gy
          Metrics: Ring=45.80Gy Dmax=1556.20Gy BG=12.78Gy
2026-05-22 22:35:56 [INFO] Epoch 293/300 [FULL PHYSICS] ramp=1.000 lr=1.17e-06
2026-05-22 22:36:02 [INFO] Step 5/54 Loss=2.2274 mse=0.0601 v_opt=0.00005 v_mand=0.00000 ptv=0.0603 ptv_max=0.00006 ring=0.00000 smooth=0.0036 laplacian=0.0064 beam=0.00107 homogeneity=0.0024 body=0.00000 bowel=0.00000 femur=0.00000
2026-05-22 22:36:05 [INFO] Step 10/54 Loss=7.3042 mse=0.0741 v_opt=0.01865 v_mand=0.00041 ptv=0.0623 ptv_max=0.00011 ring=0.00001 smooth=0.0092 laplacian=0.0219 beam=0.18230 homogeneity=0.0039 body=0.00000 bowel=0.00000 femur=0.00000
2026-05-22 22:36:09 [INFO] Step 15/54 Loss=4.0634 mse=0.0668 v_opt=0.00406 v_mand=0.00005 ptv=0.0662 ptv_max=0.00008 ring=0.00002 smooth=0.0064 laplacian=0.0151 beam=0.06268 homogeneity=0.0029 body=0.00000 bowel=0.00000 femur=0.00000
2026-05-22 22:36:12 [INFO] Step 20/54 Loss=2.7703 mse=0.0762 v_opt=0.00770 v_mand=0.00010 ptv=0.0612 ptv_max=0.00006 ring=0.00000 smooth=0.0039 laplacian=0.0078 beam=0.00547 homogeneity=0.0023 body=0.00000 bowel=0.00000 femur=0.00000
2026-05-22 22:36:16 [INFO] Step 25/54 Loss=11.6216 mse=0.1480 v_opt=0.01427 v_mand=0.00016 ptv=0.0335 ptv_max=0.00052 ring=0.00000 smooth=0.0057 laplacian=0.0132 beam=0.29258 homogeneity=0.0044 body=0.00000 bowel=0.00000 femur=0.00000
2026-05-22 22:36:20 [INFO] Step 30/54 Loss=5.7249 mse=0.1368 v_opt=0.01190 v_mand=0.00001 ptv=0.0589 ptv_max=0.00012 ring=0.00002 smooth=0.0069 laplacian=0.0144 beam=0.06131 homogeneity=0.0031 body=0.00000 bowel=0.00000 femur=0.00000
2026-05-22 22:36:23 [INFO] Step 35/54 Loss=10.1841 mse=0.3032 v_opt=0.01447 v_mand=0.00038 ptv=0.0342 ptv_max=0.00232 ring=0.00042 smooth=0.0504 laplacian=0.1280 beam=0.04078 homogeneity=0.0066 body=0.00000 bowel=0.00000 femur=0.00190
2026-05-22 22:36:26 [INFO] Step 40/54 Loss=3.0343 mse=0.0664 v_opt=0.00141 v_mand=0.00000 ptv=0.0996 ptv_max=0.00012 ring=0.00002 smooth=0.0081 laplacian=0.0172 beam=0.00283 homogeneity=0.0092 body=0.00000 bowel=0.00052 femur=0.00000
2026-05-22 22:36:30 [INFO] Step 45/54 Loss=6.0979 mse=0.0850 v_opt=0.01154 v_mand=0.00026 ptv=0.0449 ptv_max=0.00008 ring=0.00000 smooth=0.0058 laplacian=0.0128 beam=0.13447 homogeneity=0.0022 body=0.00000 bowel=0.00000 femur=0.00000
2026-05-22 22:36:34 [INFO] Step 50/54 Loss=4.0511 mse=0.0563 v_opt=0.00005 v_mand=0.00000 ptv=0.0591 ptv_max=0.00006 ring=0.00000 smooth=0.0036 laplacian=0.0072 beam=0.07856 homogeneity=0.0021 body=0.00000 bowel=0.00000 femur=0.00000
2026-05-22 22:36:36 [INFO] Step 54/54 Loss=5.4264 mse=0.0549 v_opt=0.00192 v_mand=0.00000 ptv=0.0495 ptv_max=0.00004 ring=0.00000 smooth=0.0039 laplacian=0.0082 beam=0.13892 homogeneity=0.0016 body=0.00000 bowel=0.00000 femur=0.00000
2026-05-22 22:36:36 [INFO] Running validation at epoch 293...
2026-05-22 22:37:06 [INFO] Epoch 293 Summary: Train=7.1249 Val=0.0041 (MSE=0.0041)
          Metrics: PTV_D95=56.68Gy Bladder=26.93Gy Rectum=30.33Gy
          Metrics: Ring=45.49Gy Dmax=1562.54Gy BG=12.74Gy
2026-05-22 22:37:06 [INFO] Epoch 294/300 [FULL PHYSICS] ramp=1.000 lr=1.13e-06
2026-05-22 22:37:12 [INFO] Step 5/54 Loss=3.6504 mse=0.1051 v_opt=0.00124 v_mand=0.00000 ptv=0.0507 ptv_max=0.00005 ring=0.00000 smooth=0.0058 laplacian=0.0126 beam=0.01622 homogeneity=0.0016 body=0.00000 bowel=0.00000 femur=0.00000
2026-05-22 22:37:16 [INFO] Step 10/54 Loss=4.4881 mse=0.0450 v_opt=0.00218 v_mand=0.00010 ptv=0.0563 ptv_max=0.00010 ring=0.00000 smooth=0.0028 laplacian=0.0054 beam=0.10791 homogeneity=0.0024 body=0.00000 bowel=0.00000 femur=0.00000
2026-05-22 22:37:19 [INFO] Step 15/54 Loss=3.0898 mse=0.0460 v_opt=0.00338 v_mand=0.00012 ptv=0.0352 ptv_max=0.00012 ring=0.00000 smooth=0.0040 laplacian=0.0084 beam=0.05871 homogeneity=0.0022 body=0.00000 bowel=0.00000 femur=0.00000
2026-05-22 22:37:21 [INFO] Step 20/54 Loss=18.7037 mse=0.3366 v_opt=0.01000 v_mand=0.00000 ptv=0.0552 ptv_max=0.00057 ring=0.00144 smooth=0.0414 laplacian=0.0916 beam=0.32490 homogeneity=0.0034 body=0.00000 bowel=0.06133 femur=0.00000
2026-05-22 22:37:27 [INFO] Step 25/54 Loss=3.8471 mse=0.0551 v_opt=0.00014 v_mand=0.00000 ptv=0.0457 ptv_max=0.00010 ring=0.00000 smooth=0.0034 laplacian=0.0073 beam=0.07635 homogeneity=0.0023 body=0.00000 bowel=0.00000 femur=0.00000
2026-05-22 22:37:30 [INFO] Step 30/54 Loss=9.5840 mse=0.0991 v_opt=0.00045 v_mand=0.00000 ptv=0.0272 ptv_max=0.00033 ring=0.00000 smooth=0.0061 laplacian=0.0143 beam=0.26576 homogeneity=0.0032 body=0.00000 bowel=0.00000 femur=0.00000
2026-05-22 22:37:33 [INFO] Step 35/54 Loss=10.3586 mse=0.1777 v_opt=0.02206 v_mand=0.00062 ptv=0.0462 ptv_max=0.00017 ring=0.00000 smooth=0.0148 laplacian=0.0369 beam=0.20446 homogeneity=0.0022 body=0.00000 bowel=0.00000 femur=0.00000
2026-05-22 22:37:35 [INFO] Step 40/54 Loss=15.9459 mse=0.3491 v_opt=0.00052 v_mand=0.00000 ptv=0.0568 ptv_max=0.00074 ring=0.00332 smooth=0.0327 laplacian=0.0770 beam=0.21808 homogeneity=0.0035 body=0.00000 bowel=0.03658 femur=0.00000
2026-05-22 22:37:41 [INFO] Step 45/54 Loss=3.7754 mse=0.0946 v_opt=0.00260 v_mand=0.00001 ptv=0.0478 ptv_max=0.00009 ring=0.00000 smooth=0.0062 laplacian=0.0138 beam=0.03215 homogeneity=0.0017 body=0.00000 bowel=0.00000 femur=0.00000
2026-05-22 22:37:44 [INFO] Step 50/54 Loss=9.0506 mse=0.1368 v_opt=0.02308 v_mand=0.00051 ptv=0.0361 ptv_max=0.00023 ring=0.00000 smooth=0.0076 laplacian=0.0182 beam=0.19997 homogeneity=0.0032 body=0.00000 bowel=0.00000 femur=0.00000
2026-05-22 22:37:46 [INFO] Step 54/54 Loss=13.2850 mse=0.1801 v_opt=0.00457 v_mand=0.00000 ptv=0.0273 ptv_max=0.00027 ring=0.00000 smooth=0.0067 laplacian=0.0153 beam=0.33271 homogeneity=0.0030 body=0.00000 bowel=0.00000 femur=0.00000
2026-05-22 22:37:46 [INFO] Running validation at epoch 294...
2026-05-22 22:38:15 [INFO] Epoch 294 Summary: Train=7.2826 Val=0.0041 (MSE=0.0041)
          Metrics: PTV_D95=56.85Gy Bladder=26.99Gy Rectum=30.24Gy
          Metrics: Ring=45.64Gy Dmax=1562.70Gy BG=12.81Gy
2026-05-22 22:38:15 [INFO] Epoch 295/300 [FULL PHYSICS] ramp=1.000 lr=1.10e-06
2026-05-22 22:38:22 [INFO] Step 5/54 Loss=4.2309 mse=0.0343 v_opt=0.00008 v_mand=0.00000 ptv=0.0782 ptv_max=0.00005 ring=0.00001 smooth=0.0037 laplacian=0.0085 beam=0.09914 homogeneity=0.0029 body=0.00000 bowel=0.00000 femur=0.00000
2026-05-22 22:38:24 [INFO] Step 10/54 Loss=2.8786 mse=0.0489 v_opt=0.00095 v_mand=0.00000 ptv=0.0553 ptv_max=0.00008 ring=0.00000 smooth=0.0025 laplacian=0.0044 beam=0.04099 homogeneity=0.0021 body=0.00000 bowel=0.00000 femur=0.00000
2026-05-22 22:38:27 [INFO] Step 15/54 Loss=2.6329 mse=0.0574 v_opt=0.00001 v_mand=0.00000 ptv=0.0688 ptv_max=0.00003 ring=0.00000 smooth=0.0042 laplacian=0.0087 beam=0.01648 homogeneity=0.0023 body=0.00000 bowel=0.00000 femur=0.00000
2026-05-22 22:38:30 [INFO] Step 20/54 Loss=3.7433 mse=0.0322 v_opt=0.00236 v_mand=0.00000 ptv=0.0761 ptv_max=0.00003 ring=0.00000 smooth=0.0051 laplacian=0.0115 beam=0.08218 homogeneity=0.0026 body=0.00000 bowel=0.00000 femur=0.00000
2026-05-22 22:38:36 [INFO] Step 25/54 Loss=2.9103 mse=0.0856 v_opt=0.00216 v_mand=0.00000 ptv=0.0630 ptv_max=0.00004 ring=0.00000 smooth=0.0066 laplacian=0.0142 beam=0.00000 homogeneity=0.0026 body=0.00000 bowel=0.00000 femur=0.00000
2026-05-22 22:38:39 [INFO] Step 30/54 Loss=1.3730 mse=0.0281 v_opt=0.00093 v_mand=0.00000 ptv=0.0570 ptv_max=0.00005 ring=0.00000 smooth=0.0016 laplacian=0.0028 beam=0.00144 homogeneity=0.0019 body=0.00000 bowel=0.00000 femur=0.00000
2026-05-22 22:38:42 [INFO] Step 35/54 Loss=3.6514 mse=0.0429 v_opt=0.01353 v_mand=0.00007 ptv=0.0654 ptv_max=0.00004 ring=0.00000 smooth=0.0028 laplacian=0.0059 beam=0.07174 homogeneity=0.0031 body=0.00000 bowel=0.00000 femur=0.00000
2026-05-22 22:38:45 [INFO] Step 40/54 Loss=11.5200 mse=0.3416 v_opt=0.01382 v_mand=0.00043 ptv=0.0558 ptv_max=0.00133 ring=0.00176 smooth=0.0161 laplacian=0.0322 beam=0.07472 homogeneity=0.0051 body=0.00000 bowel=0.00000 femur=0.00000
2026-05-22 22:38:50 [INFO] Step 45/54 Loss=33.2709 mse=0.6582 v_opt=0.01196 v_mand=0.00007 ptv=0.0838 ptv_max=0.00101 ring=0.00338 smooth=0.1672 laplacian=0.3752 beam=0.52070 homogeneity=0.0060 body=0.00000 bowel=0.03583 femur=0.00293
2026-05-22 22:38:53 [INFO] Step 50/54 Loss=3.4697 mse=0.0914 v_opt=0.00103 v_mand=0.00000 ptv=0.0636 ptv_max=0.00010 ring=0.00001 smooth=0.0071 laplacian=0.0158 beam=0.01515 homogeneity=0.0033 body=0.00000 bowel=0.00000 femur=0.00000
2026-05-22 22:38:55 [INFO] Step 54/54 Loss=7.9807 mse=0.1381 v_opt=0.03146 v_mand=0.00172 ptv=0.0559 ptv_max=0.00012 ring=0.00002 smooth=0.0108 laplacian=0.0253 beam=0.14448 homogeneity=0.0027 body=0.00000 bowel=0.00000 femur=0.00000
2026-05-22 22:38:55 [INFO] Running validation at epoch 295...
2026-05-22 22:39:24 [INFO] Epoch 295 Summary: Train=8.7269 Val=0.0041 (MSE=0.0041)
          Metrics: PTV_D95=57.20Gy Bladder=27.12Gy Rectum=30.52Gy
          Metrics: Ring=45.76Gy Dmax=1552.96Gy BG=12.77Gy
2026-05-22 22:39:24 [INFO] Epoch 296/300 [FULL PHYSICS] ramp=1.000 lr=1.07e-06
2026-05-22 22:39:31 [INFO] Step 5/54 Loss=20.8863 mse=0.3475 v_opt=0.01323 v_mand=0.00013 ptv=0.0768 ptv_max=0.00118 ring=0.00294 smooth=0.0495 laplacian=0.1255 beam=0.41319 homogeneity=0.0057 body=0.00000 bowel=0.00381 femur=0.00000
2026-05-22 22:39:34 [INFO] Step 10/54 Loss=2.7768 mse=0.0319 v_opt=0.00082 v_mand=0.00000 ptv=0.0577 ptv_max=0.00004 ring=0.00000 smooth=0.0018 laplacian=0.0032 beam=0.05372 homogeneity=0.0018 body=0.00000 bowel=0.00000 femur=0.00000
2026-05-22 22:39:36 [INFO] Step 15/54 Loss=3.3528 mse=0.0737 v_opt=0.00496 v_mand=0.00003 ptv=0.0961 ptv_max=0.00014 ring=0.00001 smooth=0.0076 laplacian=0.0157 beam=0.00707 homogeneity=0.0098 body=0.00000 bowel=0.00391 femur=0.00000
2026-05-22 22:39:39 [INFO] Step 20/54 Loss=3.5586 mse=0.1030 v_opt=0.00363 v_mand=0.00000 ptv=0.0635 ptv_max=0.00005 ring=0.00000 smooth=0.0072 laplacian=0.0159 beam=0.00808 homogeneity=0.0022 body=0.00000 bowel=0.00000 femur=0.00000
2026-05-22 22:39:46 [INFO] Step 25/54 Loss=26.3879 mse=0.3421 v_opt=0.12677 v_mand=0.03246 ptv=0.0744 ptv_max=0.00088 ring=0.00117 smooth=0.0300 laplacian=0.0712 beam=0.53551 homogeneity=0.0053 body=0.00000 bowel=0.07914 femur=0.00000
2026-05-22 22:39:49 [INFO] Step 30/54 Loss=2.8198 mse=0.0724 v_opt=0.00023 v_mand=0.00000 ptv=0.0575 ptv_max=0.00009 ring=0.00001 smooth=0.0051 laplacian=0.0108 beam=0.01246 homogeneity=0.0025 body=0.00000 bowel=0.00000 femur=0.00000
2026-05-22 22:39:51 [INFO] Step 35/54 Loss=10.9403 mse=0.3358 v_opt=0.01828 v_mand=0.00081 ptv=0.0372 ptv_max=0.00095 ring=0.00039 smooth=0.0171 laplacian=0.0393 beam=0.05677 homogeneity=0.0044 body=0.00000 bowel=0.01515 femur=0.00000
2026-05-22 22:39:54 [INFO] Step 40/54 Loss=3.7518 mse=0.0423 v_opt=0.00000 v_mand=0.00000 ptv=0.0658 ptv_max=0.00005 ring=0.00001 smooth=0.0030 laplacian=0.0065 beam=0.07794 homogeneity=0.0023 body=0.00000 bowel=0.00000 femur=0.00000
2026-05-22 22:39:59 [INFO] Step 45/54 Loss=4.6795 mse=0.0683 v_opt=0.00961 v_mand=0.00002 ptv=0.0532 ptv_max=0.00009 ring=0.00000 smooth=0.0055 laplacian=0.0122 beam=0.09155 homogeneity=0.0026 body=0.00000 bowel=0.00000 femur=0.00000
2026-05-22 22:40:02 [INFO] Step 50/54 Loss=1.7531 mse=0.0323 v_opt=0.00069 v_mand=0.00000 ptv=0.0590 ptv_max=0.00016 ring=0.00001 smooth=0.0023 laplacian=0.0043 beam=0.01019 homogeneity=0.0026 body=0.00000 bowel=0.00000 femur=0.00000
2026-05-22 22:40:05 [INFO] Step 54/54 Loss=2.4750 mse=0.0596 v_opt=0.01783 v_mand=0.00059 ptv=0.0687 ptv_max=0.00008 ring=0.00000 smooth=0.0053 laplacian=0.0103 beam=0.00342 homogeneity=0.0039 body=0.00000 bowel=0.00000 femur=0.00000
2026-05-22 22:40:05 [INFO] Running validation at epoch 296...
2026-05-22 22:40:34 [INFO] Epoch 296 Summary: Train=7.1126 Val=0.0041 (MSE=0.0041)
          Metrics: PTV_D95=56.88Gy Bladder=27.02Gy Rectum=30.47Gy
          Metrics: Ring=45.46Gy Dmax=1572.18Gy BG=12.66Gy
2026-05-22 22:40:34 [INFO] [PHYSICS] Saved best model val_loss=0.0041
2026-05-22 22:40:34 [INFO] Epoch 297/300 [FULL PHYSICS] ramp=1.000 lr=1.04e-06
2026-05-22 22:40:40 [INFO] Step 5/54 Loss=7.9606 mse=0.2078 v_opt=0.00951 v_mand=0.00014 ptv=0.0319 ptv_max=0.00016 ring=0.00000 smooth=0.0094 laplacian=0.0226 beam=0.08910 homogeneity=0.0024 body=0.00000 bowel=0.00000 femur=0.00000
2026-05-22 22:40:43 [INFO] Step 10/54 Loss=5.2462 mse=0.1699 v_opt=0.00008 v_mand=0.00000 ptv=0.0580 ptv_max=0.00009 ring=0.00000 smooth=0.0021 laplacian=0.0035 beam=0.01329 homogeneity=0.0026 body=0.00000 bowel=0.00000 femur=0.00000
2026-05-22 22:40:46 [INFO] Step 15/54 Loss=3.0154 mse=0.0271 v_opt=0.00467 v_mand=0.00000 ptv=0.0608 ptv_max=0.00006 ring=0.00000 smooth=0.0016 laplacian=0.0025 beam=0.06595 homogeneity=0.0025 body=0.00000 bowel=0.00000 femur=0.00000
2026-05-22 22:40:49 [INFO] Step 20/54 Loss=8.6970 mse=0.2177 v_opt=0.00191 v_mand=0.00003 ptv=0.0351 ptv_max=0.00018 ring=0.00008 smooth=0.0143 laplacian=0.0334 beam=0.10554 homogeneity=0.0025 body=0.00000 bowel=0.00000 femur=0.00000
2026-05-22 22:40:53 [INFO] Step 25/54 Loss=2.9723 mse=0.0458 v_opt=0.00314 v_mand=0.00000 ptv=0.0499 ptv_max=0.00006 ring=0.00000 smooth=0.0054 laplacian=0.0122 beam=0.04851 homogeneity=0.0017 body=0.00000 bowel=0.00000 femur=0.00000
2026-05-22 22:40:56 [INFO] Step 30/54 Loss=3.8514 mse=0.0430 v_opt=0.00577 v_mand=0.00004 ptv=0.0921 ptv_max=0.00019 ring=0.00001 smooth=0.0040 laplacian=0.0085 beam=0.05045 homogeneity=0.0101 body=0.00000 bowel=0.02021 femur=0.00000
2026-05-22 22:41:00 [INFO] Step 35/54 Loss=6.1381 mse=0.0877 v_opt=0.01300 v_mand=0.00049 ptv=0.0447 ptv_max=0.00012 ring=0.00000 smooth=0.0061 laplacian=0.0134 beam=0.13248 homogeneity=0.0023 body=0.00000 bowel=0.00000 femur=0.00000
2026-05-22 22:41:03 [INFO] Step 40/54 Loss=16.4045 mse=0.4116 v_opt=0.02044 v_mand=0.00151 ptv=0.0305 ptv_max=0.00092 ring=0.00040 smooth=0.0124 laplacian=0.0273 beam=0.20894 homogeneity=0.0045 body=0.00000 bowel=0.00387 femur=0.00283
2026-05-22 22:41:07 [INFO] Step 45/54 Loss=3.5767 mse=0.0468 v_opt=0.00083 v_mand=0.00002 ptv=0.0495 ptv_max=0.00036 ring=0.00001 smooth=0.0026 laplacian=0.0047 beam=0.07060 homogeneity=0.0032 body=0.00000 bowel=0.00000 femur=0.00000
2026-05-22 22:41:10 [INFO] Step 50/54 Loss=9.1557 mse=0.2670 v_opt=0.00000 v_mand=0.00000 ptv=0.0862 ptv_max=0.00044 ring=0.00287 smooth=0.0585 laplacian=0.1422 beam=0.02539 homogeneity=0.0053 body=0.00000 bowel=0.00000 femur=0.00000
2026-05-22 22:41:13 [INFO] Step 54/54 Loss=7.4198 mse=0.1444 v_opt=0.02303 v_mand=0.00125 ptv=0.0522 ptv_max=0.00015 ring=0.00005 smooth=0.0072 laplacian=0.0154 beam=0.12059 homogeneity=0.0028 body=0.00000 bowel=0.00000 femur=0.00000
2026-05-22 22:41:13 [INFO] Running validation at epoch 297...
2026-05-22 22:41:42 [INFO] Epoch 297 Summary: Train=6.4395 Val=0.0041 (MSE=0.0041)
          Metrics: PTV_D95=57.00Gy Bladder=27.08Gy Rectum=30.50Gy
          Metrics: Ring=45.48Gy Dmax=1579.95Gy BG=12.64Gy
2026-05-22 22:41:42 [INFO] Epoch 298/300 [FULL PHYSICS] ramp=1.000 lr=1.02e-06
2026-05-22 22:41:49 [INFO] Step 5/54 Loss=4.7966 mse=0.1617 v_opt=0.00066 v_mand=0.00002 ptv=0.0373 ptv_max=0.00011 ring=0.00000 smooth=0.0056 laplacian=0.0132 beam=0.00993 homogeneity=0.0021 body=0.00000 bowel=0.00000 femur=0.00000
2026-05-22 22:41:52 [INFO] Step 10/54 Loss=2.9374 mse=0.0491 v_opt=0.01264 v_mand=0.00000 ptv=0.0481 ptv_max=0.00015 ring=0.00001 smooth=0.0028 laplacian=0.0060 beam=0.04365 homogeneity=0.0028 body=0.00000 bowel=0.00000 femur=0.00000
2026-05-22 22:41:55 [INFO] Step 15/54 Loss=1.8030 mse=0.0439 v_opt=0.00221 v_mand=0.00044 ptv=0.0278 ptv_max=0.00079 ring=0.00000 smooth=0.0013 laplacian=0.0022 beam=0.00708 homogeneity=0.0047 body=0.00000 bowel=0.00000 femur=0.00000
2026-05-22 22:41:58 [INFO] Step 20/54 Loss=28.2847 mse=0.3897 v_opt=0.00093 v_mand=0.00000 ptv=0.0541 ptv_max=0.00184 ring=0.00056 smooth=0.1186 laplacian=0.2822 beam=0.62863 homogeneity=0.0043 body=0.00000 bowel=0.02546 femur=0.00000
2026-05-22 22:42:03 [INFO] Step 25/54 Loss=25.0218 mse=0.4030 v_opt=0.03540 v_mand=0.00510 ptv=0.0280 ptv_max=0.00101 ring=0.00003 smooth=0.0731 laplacian=0.1811 beam=0.52446 homogeneity=0.0049 body=0.00000 bowel=0.00000 femur=0.00000
2026-05-22 22:42:07 [INFO] Step 30/54 Loss=4.6465 mse=0.1196 v_opt=0.00498 v_mand=0.00004 ptv=0.0476 ptv_max=0.00011 ring=0.00003 smooth=0.0057 laplacian=0.0126 beam=0.04157 homogeneity=0.0022 body=0.00000 bowel=0.00000 femur=0.00000
2026-05-22 22:42:10 [INFO] Step 35/54 Loss=4.6920 mse=0.0459 v_opt=0.01165 v_mand=0.00032 ptv=0.0620 ptv_max=0.00005 ring=0.00000 smooth=0.0027 laplacian=0.0052 beam=0.10647 homogeneity=0.0022 body=0.00000 bowel=0.00946 femur=0.00000
2026-05-22 22:42:12 [INFO] Step 40/54 Loss=5.6313 mse=0.0570 v_opt=0.00000 v_mand=0.00000 ptv=0.0532 ptv_max=0.00010 ring=0.00001 smooth=0.0042 laplacian=0.0094 beam=0.14256 homogeneity=0.0022 body=0.00000 bowel=0.00000 femur=0.00000
2026-05-22 22:42:17 [INFO] Step 45/54 Loss=3.5785 mse=0.0334 v_opt=0.00101 v_mand=0.00000 ptv=0.0501 ptv_max=0.00008 ring=0.00000 smooth=0.0029 laplacian=0.0060 beam=0.08595 homogeneity=0.0023 body=0.00000 bowel=0.00000 femur=0.00000
2026-05-22 22:42:21 [INFO] Step 50/54 Loss=1.9903 mse=0.0042 v_opt=0.00000 v_mand=0.00000 ptv=0.0000 ptv_max=0.00000 ring=0.00000 smooth=0.0011 laplacian=0.0024 beam=0.07491 homogeneity=0.0000 body=0.00000 bowel=0.00000 femur=0.00000
2026-05-22 22:42:23 [INFO] Step 54/54 Loss=2.8624 mse=0.0336 v_opt=0.00012 v_mand=0.00000 ptv=0.0627 ptv_max=0.00008 ring=0.00000 smooth=0.0018 laplacian=0.0031 beam=0.05245 homogeneity=0.0028 body=0.00000 bowel=0.00000 femur=0.00000
2026-05-22 22:42:23 [INFO] Running validation at epoch 298...
2026-05-22 22:42:53 [INFO] Epoch 298 Summary: Train=7.6143 Val=0.0041 (MSE=0.0041)
          Metrics: PTV_D95=57.07Gy Bladder=26.86Gy Rectum=30.41Gy
          Metrics: Ring=45.45Gy Dmax=1573.85Gy BG=12.64Gy
2026-05-22 22:42:53 [INFO] Epoch 299/300 [FULL PHYSICS] ramp=1.000 lr=1.01e-06
2026-05-22 22:42:59 [INFO] Step 5/54 Loss=5.5679 mse=0.0745 v_opt=0.01214 v_mand=0.00012 ptv=0.0493 ptv_max=0.00022 ring=0.00001 smooth=0.0096 laplacian=0.0225 beam=0.11747 homogeneity=0.0044 body=0.00000 bowel=0.00000 femur=0.00000
2026-05-22 22:43:02 [INFO] Step 10/54 Loss=5.4810 mse=0.0606 v_opt=0.00720 v_mand=0.00049 ptv=0.0576 ptv_max=0.00009 ring=0.00000 smooth=0.0033 laplacian=0.0067 beam=0.12985 homogeneity=0.0027 body=0.00000 bowel=0.00000 femur=0.00000
2026-05-22 22:43:05 [INFO] Step 15/54 Loss=5.0371 mse=0.0432 v_opt=0.00000 v_mand=0.00000 ptv=0.0299 ptv_max=0.00012 ring=0.00000 smooth=0.0040 laplacian=0.0089 beam=0.14173 homogeneity=0.0025 body=0.00000 bowel=0.00000 femur=0.00000
2026-05-22 22:43:08 [INFO] Step 20/54 Loss=6.3934 mse=0.0799 v_opt=0.01114 v_mand=0.00000 ptv=0.0379 ptv_max=0.00039 ring=0.00000 smooth=0.0066 laplacian=0.0158 beam=0.15095 homogeneity=0.0038 body=0.00000 bowel=0.00000 femur=0.00000
2026-05-22 22:43:14 [INFO] Step 25/54 Loss=2.0217 mse=0.0382 v_opt=0.00494 v_mand=0.00047 ptv=0.0501 ptv_max=0.00037 ring=0.00000 smooth=0.0024 laplacian=0.0043 beam=0.01490 homogeneity=0.0040 body=0.00000 bowel=0.00000 femur=0.00000
2026-05-22 22:43:17 [INFO] Step 30/54 Loss=11.7444 mse=0.1872 v_opt=0.00000 v_mand=0.00000 ptv=0.0520 ptv_max=0.00007 ring=0.00002 smooth=0.0216 laplacian=0.0526 beam=0.24851 homogeneity=0.0018 body=0.00000 bowel=0.00000 femur=0.00000
2026-05-22 22:43:20 [INFO] Step 35/54 Loss=8.2203 mse=0.1043 v_opt=0.01293 v_mand=0.00006 ptv=0.0638 ptv_max=0.00005 ring=0.00002 smooth=0.0068 laplacian=0.0163 beam=0.19247 homogeneity=0.0018 body=0.00000 bowel=0.00000 femur=0.00000
2026-05-22 22:43:22 [INFO] Step 40/54 Loss=12.7892 mse=0.3740 v_opt=0.03496 v_mand=0.00633 ptv=0.0476 ptv_max=0.00069 ring=0.00051 smooth=0.0201 laplacian=0.0449 beam=0.05445 homogeneity=0.0037 body=0.00000 bowel=0.05231 femur=0.00002
2026-05-22 22:43:28 [INFO] Step 45/54 Loss=20.9761 mse=0.4904 v_opt=0.06955 v_mand=0.01669 ptv=0.0763 ptv_max=0.00247 ring=0.00388 smooth=0.0989 laplacian=0.2195 beam=0.17665 homogeneity=0.0084 body=0.00000 bowel=0.05141 femur=0.00000
2026-05-22 22:43:31 [INFO] Step 50/54 Loss=12.5984 mse=0.1236 v_opt=0.00462 v_mand=0.00001 ptv=0.0481 ptv_max=0.00008 ring=0.00000 smooth=0.0179 laplacian=0.0441 beam=0.34829 homogeneity=0.0030 body=0.00000 bowel=0.00000 femur=0.00000
2026-05-22 22:43:33 [INFO] Step 54/54 Loss=5.7291 mse=0.0835 v_opt=0.01161 v_mand=0.00005 ptv=0.0367 ptv_max=0.00029 ring=0.00000 smooth=0.0060 laplacian=0.0138 beam=0.12249 homogeneity=0.0035 body=0.00000 bowel=0.00000 femur=0.00000
2026-05-22 22:43:33 [INFO] Running validation at epoch 299...
2026-05-22 22:44:03 [INFO] Epoch 299 Summary: Train=7.3711 Val=0.0041 (MSE=0.0041)
          Metrics: PTV_D95=57.10Gy Bladder=27.04Gy Rectum=30.55Gy
          Metrics: Ring=45.62Gy Dmax=1572.84Gy BG=12.68Gy
2026-05-22 22:44:03 [INFO] Epoch 300/300 [FULL PHYSICS] ramp=1.000 lr=1.00e-06
2026-05-22 22:44:09 [INFO] Step 5/54 Loss=3.6100 mse=0.0873 v_opt=0.01002 v_mand=0.00003 ptv=0.0621 ptv_max=0.00005 ring=0.00000 smooth=0.0044 laplacian=0.0088 beam=0.02741 homogeneity=0.0022 body=0.00000 bowel=0.00000 femur=0.00000
2026-05-22 22:44:13 [INFO] Step 10/54 Loss=2.4732 mse=0.0583 v_opt=0.00781 v_mand=0.00007 ptv=0.0733 ptv_max=0.00011 ring=0.00000 smooth=0.0038 laplacian=0.0066 beam=0.00323 homogeneity=0.0065 body=0.00000 bowel=0.00000 femur=0.00000
2026-05-22 22:44:15 [INFO] Step 15/54 Loss=14.6825 mse=0.1757 v_opt=0.00000 v_mand=0.00000 ptv=0.0000 ptv_max=0.00000 ring=0.00000 smooth=0.0217 laplacian=0.0553 beam=0.39971 homogeneity=0.0000 body=0.00000 bowel=0.00000 femur=0.00000
2026-05-22 22:44:18 [INFO] Step 20/54 Loss=5.9282 mse=0.0767 v_opt=0.00479 v_mand=0.00000 ptv=0.0502 ptv_max=0.00004 ring=0.00000 smooth=0.0046 laplacian=0.0106 beam=0.13615 homogeneity=0.0016 body=0.00000 bowel=0.00000 femur=0.00000
2026-05-22 22:44:23 [INFO] Step 25/54 Loss=2.1862 mse=0.0378 v_opt=0.00296 v_mand=0.00000 ptv=0.0488 ptv_max=0.00011 ring=0.00000 smooth=0.0052 laplacian=0.0117 beam=0.02479 homogeneity=0.0024 body=0.00000 bowel=0.00000 femur=0.00000
2026-05-22 22:44:26 [INFO] Step 30/54 Loss=8.1485 mse=0.1583 v_opt=0.03973 v_mand=0.00305 ptv=0.0443 ptv_max=0.00020 ring=0.00003 smooth=0.0105 laplacian=0.0251 beam=0.13188 homogeneity=0.0027 body=0.00000 bowel=0.00000 femur=0.00000
2026-05-22 22:44:29 [INFO] Step 35/54 Loss=6.2879 mse=0.0830 v_opt=0.00280 v_mand=0.00014 ptv=0.0438 ptv_max=0.00015 ring=0.00000 smooth=0.0054 laplacian=0.0115 beam=0.14538 homogeneity=0.0022 body=0.00000 bowel=0.00000 femur=0.00000
2026-05-22 22:44:31 [INFO] Step 40/54 Loss=2.0361 mse=0.0273 v_opt=0.00055 v_mand=0.00000 ptv=0.0524 ptv_max=0.00033 ring=0.00000 smooth=0.0024 laplacian=0.0048 beam=0.02711 homogeneity=0.0038 body=0.00000 bowel=0.00000 femur=0.00000
2026-05-22 22:44:37 [INFO] Step 45/54 Loss=3.9637 mse=0.1124 v_opt=0.00331 v_mand=0.00000 ptv=0.0518 ptv_max=0.00006 ring=0.00000 smooth=0.0037 laplacian=0.0075 beam=0.02164 homogeneity=0.0018 body=0.00000 bowel=0.00000 femur=0.00000
2026-05-22 22:44:40 [INFO] Step 50/54 Loss=2.5019 mse=0.0315 v_opt=0.01455 v_mand=0.00240 ptv=0.0540 ptv_max=0.00011 ring=0.00000 smooth=0.0024 laplacian=0.0045 beam=0.03727 homogeneity=0.0026 body=0.00000 bowel=0.00000 femur=0.00000
2026-05-22 22:44:42 [INFO] Step 54/54 Loss=11.3900 mse=0.3576 v_opt=0.01839 v_mand=0.00001 ptv=0.0558 ptv_max=0.00064 ring=0.00043 smooth=0.0272 laplacian=0.0606 beam=0.05352 homogeneity=0.0035 body=0.00000 bowel=0.00018 femur=0.00121
2026-05-22 22:44:42 [INFO] Running validation at epoch 300...
2026-05-22 22:45:12 [INFO] Epoch 300 Summary: Train=8.1244 Val=0.0041 (MSE=0.0041)
          Metrics: PTV_D95=56.79Gy Bladder=26.79Gy Rectum=30.35Gy
          Metrics: Ring=45.39Gy Dmax=1569.98Gy BG=12.67Gy
2026-05-22 22:45:12 [INFO] Training complete. Best val loss: 0.0041 Best clinical score: 41.8979
