15:59:23  Log file: /mnt/nvme/nvme-2TB-storage/sougata/python/Multichannel-Dose-Prediction-for-Radiotherapy-Planning/logs/train_physics_20260515_155923.log
15:59:23  Batch size=1  num_workers=4
15:59:23  Building 3D U-Net...
15:59:23  Model and dataloaders ready on cuda!
15:59:23  Epochs=100  Scheduler=CosineAnnealingWarmRestarts  AMP=ON

15:59:23  
Epoch 1/100  (lr=3.00e-04)
15:59:44    Step 5/55  Loss=65.4733  [mse=0.8970  v_opt=2.50228  v_mand=1.95041  ptv=0.2465  smooth=2.7342]
15:59:55    Step 10/55  Loss=60.3225  [mse=0.8814  v_opt=2.31299  v_mand=1.77596  ptv=0.2214  smooth=2.6903]
16:00:06    Step 15/55  Loss=33.0285  [mse=0.9758  v_opt=1.02177  v_mand=0.67321  ptv=0.4100  smooth=2.9664]
16:00:19    Step 20/55  Loss=22.9581  [mse=0.7206  v_opt=0.64876  v_mand=0.39077  ptv=0.4418  smooth=2.6787]
16:00:40    Step 25/55  Loss=16.9554  [mse=0.6431  v_opt=0.34351  v_mand=0.18892  ptv=0.4901  smooth=2.1363]
16:00:50    Step 30/55  Loss=14.3877  [mse=0.5793  v_opt=0.34481  v_mand=0.18939  ptv=0.2971  smooth=1.9856]
16:01:04    Step 35/55  Loss=14.8699  [mse=0.7141  v_opt=0.26044  v_mand=0.15306  ptv=0.3226  smooth=1.5546]
16:01:18    Step 40/55  Loss=13.3185  [mse=0.4856  v_opt=0.30231  v_mand=0.17669  ptv=0.3286  smooth=1.5399]
16:01:35    Step 45/55  Loss=12.6313  [mse=0.4994  v_opt=0.21603  v_mand=0.13874  ptv=0.3577  smooth=1.5954]
16:01:50    Step 50/55  Loss=12.5151  [mse=0.4708  v_opt=0.23537  v_mand=0.14791  ptv=0.3504  smooth=1.3424]
16:02:04    Step 55/55  Loss=12.4834  [mse=0.4328  v_opt=0.34416  v_mand=0.18872  ptv=0.2638  smooth=1.1123]
16:03:21  
Epoch 2/100  (lr=3.00e-04)
16:03:27    Step 5/55  Loss=11.3843  [mse=0.4931  v_opt=0.22393  v_mand=0.13661  ptv=0.2443  smooth=1.4744]
16:03:30    Step 10/55  Loss=10.0200  [mse=0.3848  v_opt=0.21852  v_mand=0.13661  ptv=0.2196  smooth=1.2373]
16:03:33    Step 15/55  Loss=10.1426  [mse=0.3782  v_opt=0.22959  v_mand=0.14342  ptv=0.2213  smooth=1.0292]
16:03:36    Step 20/55  Loss=9.7245  [mse=0.3774  v_opt=0.25128  v_mand=0.14764  ptv=0.1644  smooth=1.1294]
16:03:41    Step 25/55  Loss=10.8128  [mse=0.5021  v_opt=0.20141  v_mand=0.12874  ptv=0.2075  smooth=0.9549]
16:03:44    Step 30/55  Loss=9.2212  [mse=0.3218  v_opt=0.21991  v_mand=0.13893  ptv=0.2003  smooth=0.8736]
16:03:46    Step 35/55  Loss=8.7424  [mse=0.3112  v_opt=0.24975  v_mand=0.14101  ptv=0.1517  smooth=0.8878]
16:03:49    Step 40/55  Loss=9.5740  [mse=0.4348  v_opt=0.21284  v_mand=0.12942  ptv=0.1497  smooth=0.6834]
16:03:55    Step 45/55  Loss=8.9008  [mse=0.3254  v_opt=0.27219  v_mand=0.15475  ptv=0.1146  smooth=0.8795]
16:03:57    Step 50/55  Loss=8.5929  [mse=0.2580  v_opt=0.17732  v_mand=0.12647  ptv=0.2451  smooth=0.4608]
16:04:00    Step 55/55  Loss=7.8325  [mse=0.2831  v_opt=0.20064  v_mand=0.13000  ptv=0.1304  smooth=0.4648]
16:04:18  
Epoch 3/100  (lr=2.99e-04)
16:04:24    Step 5/55  Loss=7.5752  [mse=0.2764  v_opt=0.19708  v_mand=0.12919  ptv=0.1142  smooth=0.4511]
16:04:27    Step 10/55  Loss=6.6905  [mse=0.2185  v_opt=0.21392  v_mand=0.13428  ptv=0.0686  smooth=0.3442]
16:04:30    Step 15/55  Loss=5.0620  [mse=0.1912  v_opt=0.08153  v_mand=0.05009  ptv=0.1706  smooth=0.2854]
16:04:33    Step 20/55  Loss=4.6336  [mse=0.1922  v_opt=0.14782  v_mand=0.07406  ptv=0.0545  smooth=0.2028]
16:04:39    Step 25/55  Loss=4.2090  [mse=0.1964  v_opt=0.09910  v_mand=0.05100  ptv=0.0753  smooth=0.1820]
16:04:42    Step 30/55  Loss=4.8134  [mse=0.2410  v_opt=0.07364  v_mand=0.04952  ptv=0.0991  smooth=0.2731]
16:04:44    Step 35/55  Loss=4.4207  [mse=0.1707  v_opt=0.14638  v_mand=0.07241  ptv=0.0593  smooth=0.1747]
16:04:47    Step 40/55  Loss=4.0548  [mse=0.2206  v_opt=0.02532  v_mand=0.00566  ptv=0.1640  smooth=0.1717]
16:04:52    Step 45/55  Loss=2.3740  [mse=0.1803  v_opt=0.05094  v_mand=0.00758  ptv=0.0266  smooth=0.1380]
16:04:55    Step 50/55  Loss=2.3843  [mse=0.1636  v_opt=0.06767  v_mand=0.01323  ptv=0.0273  smooth=0.0981]
16:04:57    Step 55/55  Loss=5.0871  [mse=0.1664  v_opt=0.19378  v_mand=0.10572  ptv=0.0382  smooth=0.1050]
16:05:15  
Epoch 4/100  (lr=2.97e-04)
16:05:20    Step 5/55  Loss=1.9308  [mse=0.1745  v_opt=0.00000  v_mand=0.00000  ptv=0.0178  smooth=0.0766]
16:05:24    Step 10/55  Loss=2.0468  [mse=0.1524  v_opt=0.02020  v_mand=0.00177  ptv=0.0430  smooth=0.0797]
16:05:27    Step 15/55  Loss=2.1504  [mse=0.1771  v_opt=0.00588  v_mand=0.00000  ptv=0.0362  smooth=0.0648]
16:05:30    Step 20/55  Loss=6.0145  [mse=0.1262  v_opt=0.30889  v_mand=0.15795  ptv=0.0181  smooth=0.0534]
16:05:35    Step 25/55  Loss=1.8639  [mse=0.1547  v_opt=0.03042  v_mand=0.00176  ptv=0.0207  smooth=0.0520]
16:05:37    Step 30/55  Loss=2.2638  [mse=0.1774  v_opt=0.00062  v_mand=0.00001  ptv=0.0483  smooth=0.0518]
16:05:40    Step 35/55  Loss=2.4349  [mse=0.1375  v_opt=0.06411  v_mand=0.01855  ptv=0.0463  smooth=0.0456]
16:05:44    Step 40/55  Loss=1.3787  [mse=0.1164  v_opt=0.00000  v_mand=0.00000  ptv=0.0211  smooth=0.0410]
16:05:49    Step 45/55  Loss=2.1258  [mse=0.1154  v_opt=0.10703  v_mand=0.02228  ptv=0.0196  smooth=0.0489]
16:05:51    Step 50/55  Loss=2.5818  [mse=0.2434  v_opt=0.00179  v_mand=0.00000  ptv=0.0139  smooth=0.0476]
16:05:54    Step 55/55  Loss=1.4010  [mse=0.1183  v_opt=0.00507  v_mand=0.00000  ptv=0.0203  smooth=0.0435]
16:06:11  
Epoch 5/100  (lr=2.95e-04)
16:06:19    Step 5/55  Loss=1.5309  [mse=0.1273  v_opt=0.00911  v_mand=0.00000  ptv=0.0236  smooth=0.0330]
16:06:21    Step 10/55  Loss=2.3914  [mse=0.1203  v_opt=0.12695  v_mand=0.03029  ptv=0.0172  smooth=0.0562]
16:06:24    Step 15/55  Loss=2.3763  [mse=0.2207  v_opt=0.00044  v_mand=0.00000  ptv=0.0166  smooth=0.0326]
16:06:27    Step 20/55  Loss=1.1669  [mse=0.0944  v_opt=0.00000  v_mand=0.00000  ptv=0.0220  smooth=0.0272]
16:06:32    Step 25/55  Loss=1.1927  [mse=0.0979  v_opt=0.01590  v_mand=0.00058  ptv=0.0164  smooth=0.0292]
16:06:35    Step 30/55  Loss=2.0782  [mse=0.1808  v_opt=0.00377  v_mand=0.00000  ptv=0.0261  smooth=0.0261]
16:06:38    Step 35/55  Loss=1.1067  [mse=0.1006  v_opt=0.00896  v_mand=0.00003  ptv=0.0080  smooth=0.0277]
16:06:40    Step 40/55  Loss=2.9592  [mse=0.0945  v_opt=0.13768  v_mand=0.06322  ptv=0.0156  smooth=0.0273]
16:06:46    Step 45/55  Loss=1.9611  [mse=0.1781  v_opt=0.00000  v_mand=0.00000  ptv=0.0177  smooth=0.0223]
16:06:49    Step 50/55  Loss=1.8854  [mse=0.0789  v_opt=0.11334  v_mand=0.02958  ptv=0.0128  smooth=0.0231]
16:06:51    Step 55/55  Loss=1.6019  [mse=0.1011  v_opt=0.00000  v_mand=0.00000  ptv=0.0588  smooth=0.0251]
16:07:08  
Epoch 6/100  (lr=2.93e-04)
16:07:14    Step 5/55  Loss=1.1762  [mse=0.0928  v_opt=0.00364  v_mand=0.00000  ptv=0.0239  smooth=0.0207]
16:07:18    Step 10/55  Loss=3.2198  [mse=0.2559  v_opt=0.05874  v_mand=0.01503  ptv=0.0166  smooth=0.0220]
16:07:21    Step 15/55  Loss=0.9855  [mse=0.0813  v_opt=0.02863  v_mand=0.00024  ptv=0.0107  smooth=0.0198]
16:07:24    Step 20/55  Loss=0.7518  [mse=0.0634  v_opt=0.00075  v_mand=0.00000  ptv=0.0114  smooth=0.0230]
16:07:28    Step 25/55  Loss=0.8205  [mse=0.0735  v_opt=0.00116  v_mand=0.00006  ptv=0.0080  smooth=0.0230]
16:07:32    Step 30/55  Loss=1.6799  [mse=0.1554  v_opt=0.00425  v_mand=0.00000  ptv=0.0115  smooth=0.0242]
16:07:35    Step 35/55  Loss=0.9391  [mse=0.0743  v_opt=0.00024  v_mand=0.00000  ptv=0.0193  smooth=0.0235]
16:07:38    Step 40/55  Loss=0.6713  [mse=0.0585  v_opt=0.00026  v_mand=0.00000  ptv=0.0084  smooth=0.0164]
16:07:41    Step 45/55  Loss=1.1018  [mse=0.0759  v_opt=0.01321  v_mand=0.00021  ptv=0.0309  smooth=0.0153]
16:07:46    Step 50/55  Loss=1.4598  [mse=0.1335  v_opt=0.00152  v_mand=0.00000  ptv=0.0120  smooth=0.0156]
16:07:48    Step 55/55  Loss=0.7450  [mse=0.0567  v_opt=0.00077  v_mand=0.00006  ptv=0.0173  smooth=0.0232]
16:08:05  
Epoch 7/100  (lr=2.90e-04)
16:08:11    Step 5/55  Loss=0.6500  [mse=0.0559  v_opt=0.00000  v_mand=0.00000  ptv=0.0089  smooth=0.0160]
16:08:14    Step 10/55  Loss=0.6507  [mse=0.0525  v_opt=0.00055  v_mand=0.00000  ptv=0.0123  smooth=0.0162]
16:08:18    Step 15/55  Loss=0.7648  [mse=0.0472  v_opt=0.03381  v_mand=0.00535  ptv=0.0090  smooth=0.0140]
16:08:21    Step 20/55  Loss=0.6283  [mse=0.0527  v_opt=0.00022  v_mand=0.00000  ptv=0.0100  smooth=0.0140]
16:08:25    Step 25/55  Loss=0.5297  [mse=0.0416  v_opt=0.00143  v_mand=0.00000  ptv=0.0110  smooth=0.0119]
16:08:28    Step 30/55  Loss=0.5563  [mse=0.0416  v_opt=0.01210  v_mand=0.00005  ptv=0.0114  smooth=0.0129]
16:08:32    Step 35/55  Loss=0.4445  [mse=0.0356  v_opt=0.00619  v_mand=0.00000  ptv=0.0075  smooth=0.0118]
16:08:34    Step 40/55  Loss=0.7947  [mse=0.0543  v_opt=0.00000  v_mand=0.00000  ptv=0.0251  smooth=0.0128]
16:08:40    Step 45/55  Loss=0.4519  [mse=0.0369  v_opt=0.00000  v_mand=0.00000  ptv=0.0082  smooth=0.0114]
16:08:43    Step 50/55  Loss=0.4324  [mse=0.0355  v_opt=0.00017  v_mand=0.00000  ptv=0.0075  smooth=0.0121]
16:08:45    Step 55/55  Loss=1.1336  [mse=0.0989  v_opt=0.00018  v_mand=0.00000  ptv=0.0143  smooth=0.0114]
16:09:02  
Epoch 8/100  (lr=2.86e-04)
16:09:08    Step 5/55  Loss=0.5152  [mse=0.0430  v_opt=0.00000  v_mand=0.00000  ptv=0.0084  smooth=0.0120]
16:09:12    Step 10/55  Loss=1.2793  [mse=0.0363  v_opt=0.07547  v_mand=0.02671  ptv=0.0097  smooth=0.0119]
16:09:14    Step 15/55  Loss=0.5539  [mse=0.0430  v_opt=0.00119  v_mand=0.00021  ptv=0.0115  smooth=0.0112]
16:09:17    Step 20/55  Loss=0.4321  [mse=0.0339  v_opt=0.00005  v_mand=0.00000  ptv=0.0092  smooth=0.0109]
16:09:23    Step 25/55  Loss=0.4493  [mse=0.0314  v_opt=0.02028  v_mand=0.00092  ptv=0.0070  smooth=0.0107]
16:09:26    Step 30/55  Loss=0.4645  [mse=0.0369  v_opt=0.00023  v_mand=0.00000  ptv=0.0094  smooth=0.0108]
16:09:29    Step 35/55  Loss=0.9316  [mse=0.0453  v_opt=0.04790  v_mand=0.00971  ptv=0.0139  smooth=0.0126]
16:09:32    Step 40/55  Loss=0.7058  [mse=0.0394  v_opt=0.00073  v_mand=0.00005  ptv=0.0308  smooth=0.0111]
16:09:36    Step 45/55  Loss=0.4637  [mse=0.0325  v_opt=0.00979  v_mand=0.00127  ptv=0.0086  smooth=0.0117]
16:09:39    Step 50/55  Loss=0.6900  [mse=0.0377  v_opt=0.03272  v_mand=0.00518  ptv=0.0117  smooth=0.0111]
16:09:42    Step 55/55  Loss=0.5738  [mse=0.0440  v_opt=0.00405  v_mand=0.00000  ptv=0.0124  smooth=0.0118]
16:09:58  
Epoch 9/100  (lr=2.82e-04)
16:10:06    Step 5/55  Loss=0.4072  [mse=0.0288  v_opt=0.00003  v_mand=0.00000  ptv=0.0119  smooth=0.0103]
16:10:08    Step 10/55  Loss=0.5099  [mse=0.0340  v_opt=0.00156  v_mand=0.00025  ptv=0.0159  smooth=0.0109]
16:10:11    Step 15/55  Loss=1.3399  [mse=0.0254  v_opt=0.07834  v_mand=0.03236  ptv=0.0119  smooth=0.0118]
16:10:14    Step 20/55  Loss=0.4361  [mse=0.0268  v_opt=0.01046  v_mand=0.00320  ptv=0.0066  smooth=0.0108]
16:10:20    Step 25/55  Loss=0.3974  [mse=0.0273  v_opt=0.00071  v_mand=0.00000  ptv=0.0122  smooth=0.0104]
16:10:23    Step 30/55  Loss=0.3197  [mse=0.0155  v_opt=0.00176  v_mand=0.00000  ptv=0.0160  smooth=0.0100]
16:10:26    Step 35/55  Loss=0.3453  [mse=0.0274  v_opt=0.00058  v_mand=0.00000  ptv=0.0069  smooth=0.0097]
16:10:29    Step 40/55  Loss=0.2396  [mse=0.0162  v_opt=0.00006  v_mand=0.00000  ptv=0.0077  smooth=0.0104]
16:10:34    Step 45/55  Loss=0.3178  [mse=0.0180  v_opt=0.00394  v_mand=0.00173  ptv=0.0086  smooth=0.0101]
16:10:36    Step 50/55  Loss=0.3780  [mse=0.0233  v_opt=0.00027  v_mand=0.00000  ptv=0.0144  smooth=0.0110]
16:10:39    Step 55/55  Loss=0.3473  [mse=0.0232  v_opt=0.00327  v_mand=0.00010  ptv=0.0105  smooth=0.0106]
16:10:55  
Epoch 10/100  (lr=2.77e-04)
16:11:02    Step 5/55  Loss=0.3179  [mse=0.0222  v_opt=0.00508  v_mand=0.00000  ptv=0.0085  smooth=0.0096]
16:11:06    Step 10/55  Loss=0.3383  [mse=0.0168  v_opt=0.01896  v_mand=0.00142  ptv=0.0096  smooth=0.0089]
16:11:09    Step 15/55  Loss=0.3856  [mse=0.0268  v_opt=0.00417  v_mand=0.00094  ptv=0.0085  smooth=0.0097]
16:11:11    Step 20/55  Loss=0.3977  [mse=0.0235  v_opt=0.00000  v_mand=0.00000  ptv=0.0162  smooth=0.0094]
16:11:16    Step 25/55  Loss=0.3510  [mse=0.0244  v_opt=0.00102  v_mand=0.00002  ptv=0.0104  smooth=0.0083]
16:11:19    Step 30/55  Loss=0.2571  [mse=0.0153  v_opt=0.00000  v_mand=0.00000  ptv=0.0103  smooth=0.0089]
16:11:23    Step 35/55  Loss=0.2927  [mse=0.0224  v_opt=0.00000  v_mand=0.00000  ptv=0.0068  smooth=0.0087]
16:11:26    Step 40/55  Loss=0.2873  [mse=0.0206  v_opt=0.00257  v_mand=0.00002  ptv=0.0075  smooth=0.0093]
16:11:31    Step 45/55  Loss=0.3676  [mse=0.0297  v_opt=0.00000  v_mand=0.00000  ptv=0.0070  smooth=0.0112]
16:11:34    Step 50/55  Loss=0.2842  [mse=0.0207  v_opt=0.00342  v_mand=0.00003  ptv=0.0068  smooth=0.0096]
16:11:37    Step 55/55  Loss=0.9056  [mse=0.0787  v_opt=0.00895  v_mand=0.00000  ptv=0.0100  smooth=0.0082]
16:11:53  
Epoch 11/100  (lr=2.71e-04)
16:12:00    Step 5/55  Loss=0.3217  [mse=0.0170  v_opt=0.01883  v_mand=0.00137  ptv=0.0079  smooth=0.0084]
16:12:03    Step 10/55  Loss=0.7983  [mse=0.0691  v_opt=0.00000  v_mand=0.00000  ptv=0.0106  smooth=0.0081]
16:12:06    Step 15/55  Loss=0.4972  [mse=0.0362  v_opt=0.00286  v_mand=0.00042  ptv=0.0118  smooth=0.0075]
16:12:08    Step 20/55  Loss=0.3709  [mse=0.0240  v_opt=0.00342  v_mand=0.00099  ptv=0.0099  smooth=0.0112]
16:12:14    Step 25/55  Loss=0.3096  [mse=0.0228  v_opt=0.00863  v_mand=0.00000  ptv=0.0063  smooth=0.0083]
16:12:17    Step 30/55  Loss=0.2254  [mse=0.0161  v_opt=0.00006  v_mand=0.00000  ptv=0.0064  smooth=0.0077]
16:12:20    Step 35/55  Loss=1.0093  [mse=0.0952  v_opt=0.00329  v_mand=0.00000  ptv=0.0050  smooth=0.0074]
16:12:23    Step 40/55  Loss=0.2657  [mse=0.0205  v_opt=0.00087  v_mand=0.00002  ptv=0.0058  smooth=0.0074]
16:12:29    Step 45/55  Loss=0.2483  [mse=0.0175  v_opt=0.00116  v_mand=0.00016  ptv=0.0066  smooth=0.0079]
16:12:31    Step 50/55  Loss=0.2209  [mse=0.0165  v_opt=0.00106  v_mand=0.00010  ptv=0.0051  smooth=0.0071]
16:12:34    Step 55/55  Loss=0.1821  [mse=0.0120  v_opt=0.00012  v_mand=0.00000  ptv=0.0061  smooth=0.0078]
16:12:50  
Epoch 12/100  (lr=2.66e-04)
16:12:57    Step 5/55  Loss=0.2579  [mse=0.0191  v_opt=0.00000  v_mand=0.00000  ptv=0.0066  smooth=0.0074]
16:13:00    Step 10/55  Loss=0.2322  [mse=0.0165  v_opt=0.00000  v_mand=0.00000  ptv=0.0067  smooth=0.0071]
16:13:03    Step 15/55  Loss=0.2367  [mse=0.0161  v_opt=0.00043  v_mand=0.00000  ptv=0.0074  smooth=0.0068]
16:13:06    Step 20/55  Loss=0.2667  [mse=0.0160  v_opt=0.01121  v_mand=0.00000  ptv=0.0083  smooth=0.0073]
16:13:11    Step 25/55  Loss=0.2256  [mse=0.0165  v_opt=0.00016  v_mand=0.00000  ptv=0.0060  smooth=0.0074]
16:13:14    Step 30/55  Loss=0.4223  [mse=0.0167  v_opt=0.02923  v_mand=0.00503  ptv=0.0071  smooth=0.0065]
16:13:17    Step 35/55  Loss=0.2713  [mse=0.0194  v_opt=0.01020  v_mand=0.00000  ptv=0.0056  smooth=0.0081]
16:13:20    Step 40/55  Loss=0.2271  [mse=0.0169  v_opt=0.00000  v_mand=0.00000  ptv=0.0058  smooth=0.0081]
16:13:25    Step 45/55  Loss=1.3535  [mse=0.0248  v_opt=0.08722  v_mand=0.03431  ptv=0.0073  smooth=0.0064]
16:13:28    Step 50/55  Loss=0.3085  [mse=0.0199  v_opt=0.00000  v_mand=0.00000  ptv=0.0108  smooth=0.0081]
16:13:31    Step 55/55  Loss=0.3044  [mse=0.0198  v_opt=0.00000  v_mand=0.00000  ptv=0.0105  smooth=0.0086]
16:13:48  
Epoch 13/100  (lr=2.59e-04)
16:13:55    Step 5/55  Loss=0.2482  [mse=0.0190  v_opt=0.00066  v_mand=0.00001  ptv=0.0055  smooth=0.0073]
16:13:57    Step 10/55  Loss=0.2729  [mse=0.0170  v_opt=0.00890  v_mand=0.00000  ptv=0.0084  smooth=0.0104]
16:14:01    Step 15/55  Loss=0.2996  [mse=0.0221  v_opt=0.00001  v_mand=0.00000  ptv=0.0078  smooth=0.0075]
16:14:04    Step 20/55  Loss=0.1890  [mse=0.0135  v_opt=0.00012  v_mand=0.00000  ptv=0.0053  smooth=0.0078]
16:14:09    Step 25/55  Loss=0.6415  [mse=0.0589  v_opt=0.00002  v_mand=0.00000  ptv=0.0051  smooth=0.0059]
16:14:11    Step 30/55  Loss=0.2745  [mse=0.0160  v_opt=0.00171  v_mand=0.00000  ptv=0.0111  smooth=0.0064]
16:14:15    Step 35/55  Loss=0.2171  [mse=0.0145  v_opt=0.00000  v_mand=0.00000  ptv=0.0071  smooth=0.0066]
16:14:17    Step 40/55  Loss=0.2694  [mse=0.0182  v_opt=0.00000  v_mand=0.00000  ptv=0.0086  smooth=0.0061]
16:14:23    Step 45/55  Loss=0.1846  [mse=0.0125  v_opt=0.00016  v_mand=0.00000  ptv=0.0059  smooth=0.0062]
16:14:25    Step 50/55  Loss=1.3560  [mse=0.1285  v_opt=0.00026  v_mand=0.00000  ptv=0.0070  smooth=0.0067]
16:14:28    Step 55/55  Loss=0.7601  [mse=0.0700  v_opt=0.00009  v_mand=0.00000  ptv=0.0060  smooth=0.0065]
16:14:45  
Epoch 14/100  (lr=2.53e-04)
16:14:50    Step 5/55  Loss=0.2533  [mse=0.0164  v_opt=0.00120  v_mand=0.00003  ptv=0.0086  smooth=0.0066]
16:14:53    Step 10/55  Loss=0.2134  [mse=0.0161  v_opt=0.00007  v_mand=0.00000  ptv=0.0051  smooth=0.0062]
16:14:57    Step 15/55  Loss=0.3035  [mse=0.0207  v_opt=0.00001  v_mand=0.00000  ptv=0.0096  smooth=0.0076]
16:15:00    Step 20/55  Loss=0.2928  [mse=0.0184  v_opt=0.00000  v_mand=0.00000  ptv=0.0108  smooth=0.0062]
16:15:04    Step 25/55  Loss=1.0651  [mse=0.0986  v_opt=0.00703  v_mand=0.00000  ptv=0.0064  smooth=0.0060]
16:15:07    Step 30/55  Loss=0.2424  [mse=0.0169  v_opt=0.00000  v_mand=0.00000  ptv=0.0072  smooth=0.0065]
16:15:10    Step 35/55  Loss=0.1767  [mse=0.0117  v_opt=0.00005  v_mand=0.00000  ptv=0.0059  smooth=0.0062]
16:15:14    Step 40/55  Loss=0.2241  [mse=0.0153  v_opt=0.00051  v_mand=0.00000  ptv=0.0070  smooth=0.0060]
16:15:18    Step 45/55  Loss=0.1736  [mse=0.0119  v_opt=0.00035  v_mand=0.00000  ptv=0.0053  smooth=0.0065]
16:15:21    Step 50/55  Loss=0.1882  [mse=0.0130  v_opt=0.00004  v_mand=0.00000  ptv=0.0057  smooth=0.0078]
16:15:24    Step 55/55  Loss=0.5800  [mse=0.0216  v_opt=0.03749  v_mand=0.00840  ptv=0.0078  smooth=0.0068]
16:15:41  
Epoch 15/100  (lr=2.46e-04)
16:15:47    Step 5/55  Loss=0.3343  [mse=0.0241  v_opt=0.00000  v_mand=0.00000  ptv=0.0093  smooth=0.0064]
16:15:51    Step 10/55  Loss=0.2397  [mse=0.0123  v_opt=0.01452  v_mand=0.00107  ptv=0.0060  smooth=0.0064]
16:15:54    Step 15/55  Loss=0.2087  [mse=0.0157  v_opt=0.00082  v_mand=0.00000  ptv=0.0050  smooth=0.0058]
16:15:57    Step 20/55  Loss=0.2305  [mse=0.0169  v_opt=0.00017  v_mand=0.00000  ptv=0.0060  smooth=0.0057]
16:16:02    Step 25/55  Loss=0.1294  [mse=0.0083  v_opt=0.00018  v_mand=0.00000  ptv=0.0045  smooth=0.0058]
16:16:05    Step 30/55  Loss=0.2080  [mse=0.0155  v_opt=0.00072  v_mand=0.00000  ptv=0.0051  smooth=0.0081]
16:16:08    Step 35/55  Loss=0.2520  [mse=0.0142  v_opt=0.01798  v_mand=0.00112  ptv=0.0045  smooth=0.0065]
16:16:11    Step 40/55  Loss=0.1677  [mse=0.0103  v_opt=0.00000  v_mand=0.00000  ptv=0.0064  smooth=0.0063]
16:16:15    Step 45/55  Loss=0.3094  [mse=0.0103  v_opt=0.02781  v_mand=0.00361  ptv=0.0059  smooth=0.0058]
16:16:18    Step 50/55  Loss=0.2597  [mse=0.0185  v_opt=0.00000  v_mand=0.00000  ptv=0.0074  smooth=0.0056]
16:16:20    Step 55/55  Loss=0.1926  [mse=0.0141  v_opt=0.00060  v_mand=0.00000  ptv=0.0050  smooth=0.0055]
16:16:38  
Epoch 16/100  (lr=2.38e-04)
16:16:43    Step 5/55  Loss=0.2594  [mse=0.0179  v_opt=0.00034  v_mand=0.00000  ptv=0.0079  smooth=0.0054]
16:16:47    Step 10/55  Loss=0.1907  [mse=0.0132  v_opt=0.00029  v_mand=0.00000  ptv=0.0058  smooth=0.0062]
16:16:50    Step 15/55  Loss=0.2585  [mse=0.0140  v_opt=0.01666  v_mand=0.00085  ptv=0.0064  smooth=0.0059]
16:16:53    Step 20/55  Loss=0.7554  [mse=0.0694  v_opt=0.00147  v_mand=0.00034  ptv=0.0049  smooth=0.0054]
16:16:57    Step 25/55  Loss=0.1783  [mse=0.0124  v_opt=0.00085  v_mand=0.00000  ptv=0.0052  smooth=0.0053]
16:17:01    Step 30/55  Loss=0.5311  [mse=0.0476  v_opt=0.00064  v_mand=0.00000  ptv=0.0053  smooth=0.0052]
16:17:04    Step 35/55  Loss=0.1728  [mse=0.0111  v_opt=0.00003  v_mand=0.00000  ptv=0.0061  smooth=0.0052]
16:17:07    Step 40/55  Loss=0.2308  [mse=0.0137  v_opt=0.00118  v_mand=0.00019  ptv=0.0087  smooth=0.0054]
16:17:11    Step 45/55  Loss=0.1702  [mse=0.0115  v_opt=0.00000  v_mand=0.00000  ptv=0.0055  smooth=0.0057]
16:17:14    Step 50/55  Loss=0.1749  [mse=0.0116  v_opt=0.00000  v_mand=0.00000  ptv=0.0058  smooth=0.0061]
16:17:17    Step 55/55  Loss=0.2056  [mse=0.0151  v_opt=0.00080  v_mand=0.00006  ptv=0.0051  smooth=0.0056]
16:17:34  
Epoch 17/100  (lr=2.31e-04)
16:17:40    Step 5/55  Loss=0.1782  [mse=0.0113  v_opt=0.00713  v_mand=0.00000  ptv=0.0050  smooth=0.0048]
16:17:43    Step 10/55  Loss=0.6122  [mse=0.0559  v_opt=0.00074  v_mand=0.00001  ptv=0.0051  smooth=0.0050]
16:17:46    Step 15/55  Loss=0.1936  [mse=0.0123  v_opt=0.00446  v_mand=0.00000  ptv=0.0061  smooth=0.0050]
16:17:49    Step 20/55  Loss=0.2003  [mse=0.0135  v_opt=0.00012  v_mand=0.00000  ptv=0.0064  smooth=0.0053]
16:17:54    Step 25/55  Loss=0.1529  [mse=0.0097  v_opt=0.00299  v_mand=0.00000  ptv=0.0049  smooth=0.0050]
16:17:57    Step 30/55  Loss=0.1981  [mse=0.0130  v_opt=0.00001  v_mand=0.00000  ptv=0.0068  smooth=0.0054]
16:18:00    Step 35/55  Loss=0.2105  [mse=0.0154  v_opt=0.00000  v_mand=0.00000  ptv=0.0056  smooth=0.0055]
16:18:03    Step 40/55  Loss=0.2087  [mse=0.0126  v_opt=0.00406  v_mand=0.00000  ptv=0.0074  smooth=0.0050]
16:18:08    Step 45/55  Loss=0.2104  [mse=0.0129  v_opt=0.01541  v_mand=0.00007  ptv=0.0048  smooth=0.0055]
16:18:10    Step 50/55  Loss=0.2034  [mse=0.0152  v_opt=0.00000  v_mand=0.00000  ptv=0.0051  smooth=0.0061]
16:18:14    Step 55/55  Loss=0.1566  [mse=0.0108  v_opt=0.00000  v_mand=0.00000  ptv=0.0048  smooth=0.0049]
16:18:31  
Epoch 18/100  (lr=2.23e-04)
16:18:37    Step 5/55  Loss=0.1958  [mse=0.0148  v_opt=0.00017  v_mand=0.00000  ptv=0.0046  smooth=0.0048]
16:18:41    Step 10/55  Loss=0.2910  [mse=0.0190  v_opt=0.00522  v_mand=0.00135  ptv=0.0057  smooth=0.0047]
16:18:44    Step 15/55  Loss=0.2021  [mse=0.0123  v_opt=0.00742  v_mand=0.00000  ptv=0.0064  smooth=0.0047]
16:18:47    Step 20/55  Loss=0.1788  [mse=0.0123  v_opt=0.00012  v_mand=0.00000  ptv=0.0055  smooth=0.0047]
16:18:52    Step 25/55  Loss=1.1422  [mse=0.1053  v_opt=0.00000  v_mand=0.00000  ptv=0.0089  smooth=0.0057]
16:18:55    Step 30/55  Loss=0.2528  [mse=0.0169  v_opt=0.00000  v_mand=0.00000  ptv=0.0083  smooth=0.0057]
16:18:58    Step 35/55  Loss=0.2067  [mse=0.0140  v_opt=0.00054  v_mand=0.00000  ptv=0.0065  smooth=0.0060]
16:19:01    Step 40/55  Loss=0.2803  [mse=0.0217  v_opt=0.00014  v_mand=0.00000  ptv=0.0062  smooth=0.0045]
16:19:06    Step 45/55  Loss=0.1650  [mse=0.0117  v_opt=0.00004  v_mand=0.00000  ptv=0.0047  smooth=0.0048]
16:19:09    Step 50/55  Loss=0.1675  [mse=0.0106  v_opt=0.00052  v_mand=0.00000  ptv=0.0060  smooth=0.0053]
16:19:12    Step 55/55  Loss=0.1592  [mse=0.0096  v_opt=0.00003  v_mand=0.00000  ptv=0.0062  smooth=0.0060]
16:19:28  
Epoch 19/100  (lr=2.14e-04)
16:19:35    Step 5/55  Loss=0.1504  [mse=0.0089  v_opt=0.00247  v_mand=0.00045  ptv=0.0045  smooth=0.0048]
16:19:38    Step 10/55  Loss=0.1834  [mse=0.0116  v_opt=0.00000  v_mand=0.00000  ptv=0.0067  smooth=0.0047]
16:19:41    Step 15/55  Loss=0.2384  [mse=0.0160  v_opt=0.00023  v_mand=0.00000  ptv=0.0077  smooth=0.0056]
16:19:44    Step 20/55  Loss=0.1695  [mse=0.0103  v_opt=0.00003  v_mand=0.00000  ptv=0.0065  smooth=0.0050]
16:19:50    Step 25/55  Loss=0.6022  [mse=0.0540  v_opt=0.00230  v_mand=0.00050  ptv=0.0044  smooth=0.0045]
16:19:53    Step 30/55  Loss=0.1947  [mse=0.0140  v_opt=0.00000  v_mand=0.00000  ptv=0.0054  smooth=0.0044]
16:19:56    Step 35/55  Loss=0.2027  [mse=0.0145  v_opt=0.00007  v_mand=0.00000  ptv=0.0057  smooth=0.0042]
16:19:59    Step 40/55  Loss=0.1227  [mse=0.0073  v_opt=0.00000  v_mand=0.00000  ptv=0.0049  smooth=0.0050]
16:20:04    Step 45/55  Loss=0.1661  [mse=0.0115  v_opt=0.00069  v_mand=0.00004  ptv=0.0048  smooth=0.0053]
16:20:07    Step 50/55  Loss=0.1515  [mse=0.0094  v_opt=0.00027  v_mand=0.00000  ptv=0.0057  smooth=0.0044]
16:20:09    Step 55/55  Loss=0.1949  [mse=0.0134  v_opt=0.00103  v_mand=0.00006  ptv=0.0057  smooth=0.0045]
16:20:26  
Epoch 20/100  (lr=2.06e-04)
16:20:32    Step 5/55  Loss=0.1625  [mse=0.0090  v_opt=0.00096  v_mand=0.00000  ptv=0.0070  smooth=0.0056]
16:20:35    Step 10/55  Loss=0.1699  [mse=0.0121  v_opt=0.00000  v_mand=0.00000  ptv=0.0048  smooth=0.0054]
16:20:39    Step 15/55  Loss=0.1786  [mse=0.0123  v_opt=0.00015  v_mand=0.00000  ptv=0.0054  smooth=0.0047]
16:20:41    Step 20/55  Loss=0.1428  [mse=0.0099  v_opt=0.00003  v_mand=0.00000  ptv=0.0044  smooth=0.0044]
16:20:47    Step 25/55  Loss=0.1844  [mse=0.0113  v_opt=0.00000  v_mand=0.00000  ptv=0.0071  smooth=0.0046]
16:20:50    Step 30/55  Loss=0.2478  [mse=0.0147  v_opt=0.00000  v_mand=0.00000  ptv=0.0101  smooth=0.0048]
16:20:52    Step 35/55  Loss=0.1645  [mse=0.0120  v_opt=0.00035  v_mand=0.00000  ptv=0.0043  smooth=0.0041]
16:20:55    Step 40/55  Loss=0.1350  [mse=0.0092  v_opt=0.00000  v_mand=0.00000  ptv=0.0043  smooth=0.0041]
16:21:01    Step 45/55  Loss=0.1738  [mse=0.0120  v_opt=0.00000  v_mand=0.00000  ptv=0.0053  smooth=0.0042]
16:21:03    Step 50/55  Loss=0.1606  [mse=0.0108  v_opt=0.00001  v_mand=0.00000  ptv=0.0052  smooth=0.0044]
16:21:06    Step 55/55  Loss=0.2081  [mse=0.0126  v_opt=0.00034  v_mand=0.00000  ptv=0.0081  smooth=0.0042]
16:21:23  
Epoch 21/100  (lr=1.97e-04)
16:21:29    Step 5/55  Loss=0.1616  [mse=0.0098  v_opt=0.00001  v_mand=0.00000  ptv=0.0063  smooth=0.0046]
16:21:32    Step 10/55  Loss=0.1663  [mse=0.0115  v_opt=0.00003  v_mand=0.00000  ptv=0.0050  smooth=0.0050]
16:21:35    Step 15/55  Loss=0.2130  [mse=0.0095  v_opt=0.00824  v_mand=0.00222  ptv=0.0046  smooth=0.0048]
16:21:39    Step 20/55  Loss=0.6132  [mse=0.0566  v_opt=0.00015  v_mand=0.00000  ptv=0.0047  smooth=0.0054]
16:21:43    Step 25/55  Loss=0.1525  [mse=0.0095  v_opt=0.00265  v_mand=0.00000  ptv=0.0052  smooth=0.0043]
16:21:47    Step 30/55  Loss=0.1746  [mse=0.0077  v_opt=0.01737  v_mand=0.00092  ptv=0.0040  smooth=0.0042]
16:21:50    Step 35/55  Loss=0.7371  [mse=0.0689  v_opt=0.00060  v_mand=0.00002  ptv=0.0045  smooth=0.0046]
16:21:53    Step 40/55  Loss=0.7104  [mse=0.0662  v_opt=0.00000  v_mand=0.00000  ptv=0.0048  smooth=0.0047]
16:21:58    Step 45/55  Loss=0.4750  [mse=0.0428  v_opt=0.00074  v_mand=0.00000  ptv=0.0045  smooth=0.0043]
16:22:01    Step 50/55  Loss=0.1490  [mse=0.0100  v_opt=0.00126  v_mand=0.00024  ptv=0.0040  smooth=0.0052]
16:22:03    Step 55/55  Loss=0.8072  [mse=0.0762  v_opt=0.00141  v_mand=0.00000  ptv=0.0042  smooth=0.0044]
16:22:20  
Epoch 22/100  (lr=1.88e-04)
16:22:26    Step 5/55  Loss=0.1815  [mse=0.0091  v_opt=0.00000  v_mand=0.00000  ptv=0.0090  smooth=0.0050]
16:22:29    Step 10/55  Loss=0.5085  [mse=0.0445  v_opt=0.00028  v_mand=0.00000  ptv=0.0063  smooth=0.0049]
16:22:33    Step 15/55  Loss=0.2129  [mse=0.0163  v_opt=0.00000  v_mand=0.00000  ptv=0.0049  smooth=0.0038]
16:22:36    Step 20/55  Loss=0.1502  [mse=0.0090  v_opt=0.01016  v_mand=0.00000  ptv=0.0040  smooth=0.0039]
16:22:40    Step 25/55  Loss=0.1712  [mse=0.0120  v_opt=0.00000  v_mand=0.00000  ptv=0.0051  smooth=0.0041]
16:22:44    Step 30/55  Loss=0.1217  [mse=0.0075  v_opt=0.00000  v_mand=0.00000  ptv=0.0047  smooth=0.0040]
16:22:47    Step 35/55  Loss=0.1515  [mse=0.0107  v_opt=0.00002  v_mand=0.00000  ptv=0.0044  smooth=0.0039]
16:22:50    Step 40/55  Loss=0.7701  [mse=0.0695  v_opt=0.00263  v_mand=0.00096  ptv=0.0046  smooth=0.0043]
16:22:54    Step 45/55  Loss=0.1792  [mse=0.0117  v_opt=0.00000  v_mand=0.00000  ptv=0.0062  smooth=0.0043]
16:22:58    Step 50/55  Loss=0.1731  [mse=0.0114  v_opt=0.00000  v_mand=0.00000  ptv=0.0058  smooth=0.0052]
16:23:00    Step 55/55  Loss=0.1813  [mse=0.0122  v_opt=0.00000  v_mand=0.00000  ptv=0.0058  smooth=0.0044]
16:23:17  
Epoch 23/100  (lr=1.79e-04)
16:23:22    Step 5/55  Loss=0.2094  [mse=0.0131  v_opt=0.00056  v_mand=0.00001  ptv=0.0077  smooth=0.0045]
16:23:26    Step 10/55  Loss=0.1386  [mse=0.0099  v_opt=0.00000  v_mand=0.00000  ptv=0.0039  smooth=0.0042]
16:23:29    Step 15/55  Loss=0.1569  [mse=0.0108  v_opt=0.00000  v_mand=0.00000  ptv=0.0048  smooth=0.0051]
16:23:32    Step 20/55  Loss=0.1877  [mse=0.0126  v_opt=0.00025  v_mand=0.00000  ptv=0.0061  smooth=0.0040]
16:23:36    Step 25/55  Loss=0.1606  [mse=0.0110  v_opt=0.00015  v_mand=0.00000  ptv=0.0049  smooth=0.0041]
16:23:40    Step 30/55  Loss=0.1645  [mse=0.0111  v_opt=0.00000  v_mand=0.00000  ptv=0.0053  smooth=0.0041]
16:23:43    Step 35/55  Loss=0.1083  [mse=0.0068  v_opt=0.00014  v_mand=0.00000  ptv=0.0040  smooth=0.0040]
16:23:46    Step 40/55  Loss=0.1283  [mse=0.0081  v_opt=0.00019  v_mand=0.00000  ptv=0.0046  smooth=0.0037]
16:23:51    Step 45/55  Loss=0.2808  [mse=0.0144  v_opt=0.00509  v_mand=0.00247  ptv=0.0064  smooth=0.0037]
16:23:55    Step 50/55  Loss=0.1429  [mse=0.0084  v_opt=0.00323  v_mand=0.00000  ptv=0.0052  smooth=0.0040]
16:23:57    Step 55/55  Loss=0.1246  [mse=0.0077  v_opt=0.00000  v_mand=0.00000  ptv=0.0047  smooth=0.0039]
16:24:13  
Epoch 24/100  (lr=1.69e-04)
16:24:20    Step 5/55  Loss=0.1889  [mse=0.0099  v_opt=0.00030  v_mand=0.00000  ptv=0.0089  smooth=0.0037]
16:24:23    Step 10/55  Loss=0.1606  [mse=0.0108  v_opt=0.00000  v_mand=0.00000  ptv=0.0052  smooth=0.0042]
16:24:27    Step 15/55  Loss=0.5633  [mse=0.0483  v_opt=0.00000  v_mand=0.00000  ptv=0.0080  smooth=0.0040]
16:24:30    Step 20/55  Loss=0.1392  [mse=0.0080  v_opt=0.00668  v_mand=0.00000  ptv=0.0046  smooth=0.0037]
16:24:34    Step 25/55  Loss=0.1743  [mse=0.0120  v_opt=0.00000  v_mand=0.00000  ptv=0.0054  smooth=0.0038]
16:24:38    Step 30/55  Loss=0.1339  [mse=0.0086  v_opt=0.00094  v_mand=0.00000  ptv=0.0046  smooth=0.0040]
16:24:40    Step 35/55  Loss=0.1310  [mse=0.0078  v_opt=0.00131  v_mand=0.00019  ptv=0.0045  smooth=0.0051]
16:24:43    Step 40/55  Loss=0.5370  [mse=0.0493  v_opt=0.00000  v_mand=0.00000  ptv=0.0043  smooth=0.0044]
16:24:48    Step 45/55  Loss=0.1434  [mse=0.0100  v_opt=0.00005  v_mand=0.00000  ptv=0.0043  smooth=0.0046]
16:24:51    Step 50/55  Loss=0.1411  [mse=0.0094  v_opt=0.00280  v_mand=0.00000  ptv=0.0041  smooth=0.0057]
16:24:54    Step 55/55  Loss=0.1459  [mse=0.0097  v_opt=0.00000  v_mand=0.00000  ptv=0.0048  smooth=0.0040]
16:25:11  
Epoch 25/100  (lr=1.60e-04)
16:25:17    Step 5/55  Loss=0.1239  [mse=0.0083  v_opt=0.00006  v_mand=0.00000  ptv=0.0041  smooth=0.0040]
16:25:20    Step 10/55  Loss=0.1691  [mse=0.0105  v_opt=0.00093  v_mand=0.00011  ptv=0.0059  smooth=0.0047]
16:25:23    Step 15/55  Loss=0.1254  [mse=0.0079  v_opt=0.00000  v_mand=0.00000  ptv=0.0046  smooth=0.0037]
16:25:26    Step 20/55  Loss=0.1339  [mse=0.0091  v_opt=0.00034  v_mand=0.00000  ptv=0.0041  smooth=0.0038]
16:25:31    Step 25/55  Loss=0.1764  [mse=0.0112  v_opt=0.00658  v_mand=0.00000  ptv=0.0051  smooth=0.0037]
16:25:34    Step 30/55  Loss=0.1762  [mse=0.0109  v_opt=0.00000  v_mand=0.00000  ptv=0.0067  smooth=0.0035]
16:25:37    Step 35/55  Loss=0.1276  [mse=0.0075  v_opt=0.00563  v_mand=0.00000  ptv=0.0041  smooth=0.0035]
16:25:40    Step 40/55  Loss=0.6564  [mse=0.0611  v_opt=0.00018  v_mand=0.00000  ptv=0.0045  smooth=0.0037]
16:25:45    Step 45/55  Loss=0.1134  [mse=0.0070  v_opt=0.00022  v_mand=0.00000  ptv=0.0043  smooth=0.0043]
16:25:48    Step 50/55  Loss=0.1220  [mse=0.0076  v_opt=0.00073  v_mand=0.00002  ptv=0.0044  smooth=0.0038]
16:25:51    Step 55/55  Loss=0.1411  [mse=0.0086  v_opt=0.00000  v_mand=0.00000  ptv=0.0055  smooth=0.0036]
16:26:08  
Epoch 26/100  (lr=1.50e-04)
16:26:14    Step 5/55  Loss=0.1556  [mse=0.0103  v_opt=0.00000  v_mand=0.00000  ptv=0.0052  smooth=0.0036]
16:26:18    Step 10/55  Loss=0.1247  [mse=0.0077  v_opt=0.00064  v_mand=0.00000  ptv=0.0046  smooth=0.0034]
16:26:20    Step 15/55  Loss=0.5980  [mse=0.0558  v_opt=0.00005  v_mand=0.00000  ptv=0.0040  smooth=0.0039]
16:26:23    Step 20/55  Loss=0.1565  [mse=0.0115  v_opt=0.00004  v_mand=0.00000  ptv=0.0041  smooth=0.0039]
16:26:28    Step 25/55  Loss=0.1559  [mse=0.0084  v_opt=0.00921  v_mand=0.00000  ptv=0.0053  smooth=0.0037]
16:26:31    Step 30/55  Loss=0.1206  [mse=0.0069  v_opt=0.00000  v_mand=0.00000  ptv=0.0051  smooth=0.0037]
16:26:34    Step 35/55  Loss=0.1765  [mse=0.0131  v_opt=0.00000  v_mand=0.00000  ptv=0.0045  smooth=0.0041]
16:26:37    Step 40/55  Loss=0.1463  [mse=0.0101  v_opt=0.00024  v_mand=0.00000  ptv=0.0045  smooth=0.0041]
16:26:41    Step 45/55  Loss=0.7957  [mse=0.0746  v_opt=0.00019  v_mand=0.00000  ptv=0.0049  smooth=0.0036]
16:26:45    Step 50/55  Loss=0.6171  [mse=0.0561  v_opt=0.00061  v_mand=0.00000  ptv=0.0055  smooth=0.0042]
16:26:48    Step 55/55  Loss=0.1452  [mse=0.0099  v_opt=0.00000  v_mand=0.00000  ptv=0.0046  smooth=0.0039]
16:27:04  
Epoch 27/100  (lr=1.41e-04)
16:27:11    Step 5/55  Loss=0.1020  [mse=0.0059  v_opt=0.00033  v_mand=0.00000  ptv=0.0042  smooth=0.0038]
16:27:14    Step 10/55  Loss=0.5231  [mse=0.0467  v_opt=0.00146  v_mand=0.00024  ptv=0.0047  smooth=0.0037]
16:27:17    Step 15/55  Loss=0.1357  [mse=0.0085  v_opt=0.00195  v_mand=0.00000  ptv=0.0046  smooth=0.0037]
16:27:20    Step 20/55  Loss=0.1169  [mse=0.0069  v_opt=0.00005  v_mand=0.00000  ptv=0.0047  smooth=0.0037]
16:27:25    Step 25/55  Loss=0.1168  [mse=0.0069  v_opt=0.00213  v_mand=0.00000  ptv=0.0043  smooth=0.0038]
16:27:28    Step 30/55  Loss=0.1895  [mse=0.0126  v_opt=0.00000  v_mand=0.00000  ptv=0.0063  smooth=0.0044]
16:27:31    Step 35/55  Loss=0.1379  [mse=0.0074  v_opt=0.00211  v_mand=0.00000  ptv=0.0060  smooth=0.0041]
16:27:34    Step 40/55  Loss=0.1314  [mse=0.0082  v_opt=0.00055  v_mand=0.00000  ptv=0.0048  smooth=0.0038]
16:27:40    Step 45/55  Loss=0.1389  [mse=0.0095  v_opt=0.00018  v_mand=0.00000  ptv=0.0043  smooth=0.0038]
16:27:43    Step 50/55  Loss=0.1058  [mse=0.0064  v_opt=0.00000  v_mand=0.00000  ptv=0.0041  smooth=0.0037]
16:27:45    Step 55/55  Loss=0.1328  [mse=0.0080  v_opt=0.00077  v_mand=0.00004  ptv=0.0050  smooth=0.0038]
16:28:01  
Epoch 28/100  (lr=1.32e-04)
16:28:08    Step 5/55  Loss=0.1117  [mse=0.0063  v_opt=0.00000  v_mand=0.00000  ptv=0.0048  smooth=0.0036]
16:28:11    Step 10/55  Loss=0.2267  [mse=0.0147  v_opt=0.00059  v_mand=0.00000  ptv=0.0078  smooth=0.0036]
16:28:14    Step 15/55  Loss=0.1599  [mse=0.0108  v_opt=0.00000  v_mand=0.00000  ptv=0.0052  smooth=0.0036]
16:28:17    Step 20/55  Loss=0.1666  [mse=0.0122  v_opt=0.00001  v_mand=0.00000  ptv=0.0044  smooth=0.0037]
16:28:21    Step 25/55  Loss=0.1188  [mse=0.0070  v_opt=0.00006  v_mand=0.00000  ptv=0.0048  smooth=0.0036]
16:28:24    Step 30/55  Loss=0.1139  [mse=0.0071  v_opt=0.00000  v_mand=0.00000  ptv=0.0042  smooth=0.0035]
16:28:28    Step 35/55  Loss=0.1238  [mse=0.0080  v_opt=0.00012  v_mand=0.00000  ptv=0.0043  smooth=0.0041]
16:28:30    Step 40/55  Loss=0.1709  [mse=0.0113  v_opt=0.00002  v_mand=0.00000  ptv=0.0058  smooth=0.0035]
16:28:35    Step 45/55  Loss=0.1426  [mse=0.0086  v_opt=0.00000  v_mand=0.00000  ptv=0.0056  smooth=0.0039]
16:28:38    Step 50/55  Loss=0.1773  [mse=0.0109  v_opt=0.00458  v_mand=0.00009  ptv=0.0057  smooth=0.0036]
16:28:41    Step 55/55  Loss=0.1106  [mse=0.0067  v_opt=0.00013  v_mand=0.00000  ptv=0.0043  smooth=0.0035]
16:28:58  
Epoch 29/100  (lr=1.22e-04)
16:29:04    Step 5/55  Loss=0.1576  [mse=0.0101  v_opt=0.00095  v_mand=0.00000  ptv=0.0055  smooth=0.0035]
16:29:07    Step 10/55  Loss=0.1023  [mse=0.0061  v_opt=0.00181  v_mand=0.00000  ptv=0.0037  smooth=0.0035]
16:29:10    Step 15/55  Loss=0.1661  [mse=0.0112  v_opt=0.00126  v_mand=0.00000  ptv=0.0051  smooth=0.0036]
16:29:13    Step 20/55  Loss=0.1620  [mse=0.0120  v_opt=0.00000  v_mand=0.00000  ptv=0.0042  smooth=0.0034]
16:29:18    Step 25/55  Loss=0.1267  [mse=0.0074  v_opt=0.00588  v_mand=0.00000  ptv=0.0040  smooth=0.0038]
16:29:21    Step 30/55  Loss=0.1117  [mse=0.0072  v_opt=0.00000  v_mand=0.00000  ptv=0.0040  smooth=0.0033]
16:29:24    Step 35/55  Loss=0.1317  [mse=0.0093  v_opt=0.00000  v_mand=0.00000  ptv=0.0038  smooth=0.0035]
16:29:27    Step 40/55  Loss=0.1748  [mse=0.0106  v_opt=0.00184  v_mand=0.00022  ptv=0.0059  smooth=0.0035]
16:29:32    Step 45/55  Loss=0.1442  [mse=0.0090  v_opt=0.00088  v_mand=0.00001  ptv=0.0051  smooth=0.0034]
16:29:35    Step 50/55  Loss=0.1108  [mse=0.0068  v_opt=0.00000  v_mand=0.00000  ptv=0.0042  smooth=0.0040]
16:29:38    Step 55/55  Loss=0.1104  [mse=0.0069  v_opt=0.00001  v_mand=0.00000  ptv=0.0041  smooth=0.0037]
16:29:55  
Epoch 30/100  (lr=1.13e-04)
16:30:01    Step 5/55  Loss=0.1242  [mse=0.0075  v_opt=0.00005  v_mand=0.00000  ptv=0.0049  smooth=0.0038]
16:30:04    Step 10/55  Loss=0.1267  [mse=0.0079  v_opt=0.00006  v_mand=0.00000  ptv=0.0047  smooth=0.0036]
16:30:07    Step 15/55  Loss=0.1299  [mse=0.0085  v_opt=0.00022  v_mand=0.00000  ptv=0.0045  smooth=0.0032]
16:30:10    Step 20/55  Loss=0.1183  [mse=0.0078  v_opt=0.00000  v_mand=0.00000  ptv=0.0040  smooth=0.0033]
16:30:14    Step 25/55  Loss=0.6950  [mse=0.0652  v_opt=0.00031  v_mand=0.00000  ptv=0.0042  smooth=0.0035]
16:30:18    Step 30/55  Loss=0.1039  [mse=0.0065  v_opt=0.00000  v_mand=0.00000  ptv=0.0039  smooth=0.0032]
16:30:21    Step 35/55  Loss=0.1056  [mse=0.0065  v_opt=0.00033  v_mand=0.00000  ptv=0.0039  smooth=0.0034]
16:30:24    Step 40/55  Loss=0.1329  [mse=0.0089  v_opt=0.00000  v_mand=0.00000  ptv=0.0044  smooth=0.0034]
16:30:29    Step 45/55  Loss=0.1454  [mse=0.0090  v_opt=0.00043  v_mand=0.00000  ptv=0.0054  smooth=0.0036]
16:30:32    Step 50/55  Loss=0.1226  [mse=0.0075  v_opt=0.00000  v_mand=0.00000  ptv=0.0047  smooth=0.0038]
16:30:35    Step 55/55  Loss=0.1347  [mse=0.0086  v_opt=0.00000  v_mand=0.00000  ptv=0.0049  smooth=0.0037]
16:30:52  
Epoch 31/100  (lr=1.04e-04)
16:30:59    Step 5/55  Loss=0.1199  [mse=0.0075  v_opt=0.00000  v_mand=0.00000  ptv=0.0045  smooth=0.0033]
16:31:02    Step 10/55  Loss=0.5216  [mse=0.0472  v_opt=0.00153  v_mand=0.00000  ptv=0.0046  smooth=0.0036]
16:31:05    Step 15/55  Loss=0.1264  [mse=0.0084  v_opt=0.00039  v_mand=0.00000  ptv=0.0041  smooth=0.0033]
16:31:07    Step 20/55  Loss=0.1260  [mse=0.0082  v_opt=0.00006  v_mand=0.00000  ptv=0.0043  smooth=0.0032]
16:31:12    Step 25/55  Loss=0.1194  [mse=0.0075  v_opt=0.00013  v_mand=0.00000  ptv=0.0043  smooth=0.0033]
16:31:16    Step 30/55  Loss=0.1256  [mse=0.0081  v_opt=0.00000  v_mand=0.00000  ptv=0.0044  smooth=0.0032]
16:31:19    Step 35/55  Loss=0.1324  [mse=0.0085  v_opt=0.00214  v_mand=0.00004  ptv=0.0042  smooth=0.0033]
16:31:21    Step 40/55  Loss=0.1194  [mse=0.0075  v_opt=0.00075  v_mand=0.00000  ptv=0.0043  smooth=0.0034]
16:31:26    Step 45/55  Loss=0.1233  [mse=0.0065  v_opt=0.00000  v_mand=0.00000  ptv=0.0058  smooth=0.0035]
16:31:29    Step 50/55  Loss=0.1077  [mse=0.0066  v_opt=0.00133  v_mand=0.00000  ptv=0.0039  smooth=0.0038]
16:31:32    Step 55/55  Loss=0.1164  [mse=0.0071  v_opt=0.00000  v_mand=0.00000  ptv=0.0045  smooth=0.0032]
16:31:48  
Epoch 32/100  (lr=9.55e-05)
16:31:54    Step 5/55  Loss=1.0815  [mse=0.1040  v_opt=0.00000  v_mand=0.00000  ptv=0.0041  smooth=0.0033]
16:31:57    Step 10/55  Loss=0.1182  [mse=0.0068  v_opt=0.00000  v_mand=0.00000  ptv=0.0050  smooth=0.0035]
16:32:00    Step 15/55  Loss=0.1228  [mse=0.0079  v_opt=0.00028  v_mand=0.00000  ptv=0.0043  smooth=0.0035]
16:32:03    Step 20/55  Loss=0.1198  [mse=0.0064  v_opt=0.00369  v_mand=0.00028  ptv=0.0041  smooth=0.0034]
16:32:08    Step 25/55  Loss=0.1306  [mse=0.0090  v_opt=0.00010  v_mand=0.00000  ptv=0.0041  smooth=0.0033]
16:32:12    Step 30/55  Loss=0.0835  [mse=0.0045  v_opt=0.00000  v_mand=0.00000  ptv=0.0038  smooth=0.0034]
16:32:15    Step 35/55  Loss=0.1158  [mse=0.0066  v_opt=0.00000  v_mand=0.00000  ptv=0.0049  smooth=0.0036]
16:32:18    Step 40/55  Loss=0.0971  [mse=0.0055  v_opt=0.00013  v_mand=0.00000  ptv=0.0041  smooth=0.0033]
16:32:22    Step 45/55  Loss=0.1000  [mse=0.0055  v_opt=0.00040  v_mand=0.00000  ptv=0.0044  smooth=0.0033]
16:32:25    Step 50/55  Loss=0.1256  [mse=0.0074  v_opt=0.00000  v_mand=0.00000  ptv=0.0051  smooth=0.0032]
16:32:28    Step 55/55  Loss=0.1176  [mse=0.0077  v_opt=0.00001  v_mand=0.00000  ptv=0.0040  smooth=0.0031]
16:32:45  
Epoch 33/100  (lr=8.68e-05)
16:32:52    Step 5/55  Loss=0.1198  [mse=0.0076  v_opt=0.00009  v_mand=0.00000  ptv=0.0044  smooth=0.0031]
16:32:55    Step 10/55  Loss=0.8479  [mse=0.0806  v_opt=0.00000  v_mand=0.00000  ptv=0.0041  smooth=0.0032]
16:32:58    Step 15/55  Loss=0.1383  [mse=0.0084  v_opt=0.00654  v_mand=0.00001  ptv=0.0041  smooth=0.0032]
16:33:01    Step 20/55  Loss=0.6970  [mse=0.0657  v_opt=0.00000  v_mand=0.00000  ptv=0.0040  smooth=0.0031]
16:33:06    Step 25/55  Loss=0.1025  [mse=0.0057  v_opt=0.00006  v_mand=0.00000  ptv=0.0045  smooth=0.0034]
16:33:09    Step 30/55  Loss=0.1119  [mse=0.0068  v_opt=0.00000  v_mand=0.00000  ptv=0.0044  smooth=0.0032]
16:33:12    Step 35/55  Loss=0.0945  [mse=0.0053  v_opt=0.00003  v_mand=0.00000  ptv=0.0041  smooth=0.0032]
16:33:15    Step 40/55  Loss=0.0904  [mse=0.0051  v_opt=0.00000  v_mand=0.00000  ptv=0.0039  smooth=0.0033]
16:33:20    Step 45/55  Loss=0.1513  [mse=0.0102  v_opt=0.00057  v_mand=0.00002  ptv=0.0048  smooth=0.0033]
16:33:23    Step 50/55  Loss=0.0849  [mse=0.0044  v_opt=0.00000  v_mand=0.00000  ptv=0.0040  smooth=0.0031]
16:33:25    Step 55/55  Loss=0.1262  [mse=0.0080  v_opt=0.00239  v_mand=0.00000  ptv=0.0042  smooth=0.0031]
16:33:42  
Epoch 34/100  (lr=7.85e-05)
16:33:48    Step 5/55  Loss=0.1324  [mse=0.0084  v_opt=0.00000  v_mand=0.00000  ptv=0.0048  smooth=0.0032]
16:33:51    Step 10/55  Loss=1.0297  [mse=0.0989  v_opt=0.00000  v_mand=0.00000  ptv=0.0041  smooth=0.0033]
16:33:55    Step 15/55  Loss=0.0926  [mse=0.0054  v_opt=0.00000  v_mand=0.00000  ptv=0.0038  smooth=0.0031]
16:33:58    Step 20/55  Loss=0.1158  [mse=0.0068  v_opt=0.00349  v_mand=0.00000  ptv=0.0040  smooth=0.0031]
16:34:03    Step 25/55  Loss=0.1305  [mse=0.0076  v_opt=0.00000  v_mand=0.00000  ptv=0.0054  smooth=0.0037]
16:34:06    Step 30/55  Loss=0.1117  [mse=0.0067  v_opt=0.00005  v_mand=0.00000  ptv=0.0044  smooth=0.0033]
16:34:09    Step 35/55  Loss=0.1094  [mse=0.0059  v_opt=0.00502  v_mand=0.00003  ptv=0.0039  smooth=0.0031]
16:34:12    Step 40/55  Loss=0.0962  [mse=0.0058  v_opt=0.00032  v_mand=0.00000  ptv=0.0037  smooth=0.0033]
16:34:17    Step 45/55  Loss=0.4061  [mse=0.0074  v_opt=0.03732  v_mand=0.00865  ptv=0.0041  smooth=0.0031]
16:34:20    Step 50/55  Loss=0.1591  [mse=0.0108  v_opt=0.00003  v_mand=0.00000  ptv=0.0051  smooth=0.0032]
16:34:23    Step 55/55  Loss=0.6850  [mse=0.0640  v_opt=0.00000  v_mand=0.00000  ptv=0.0045  smooth=0.0032]
16:34:40  
Epoch 35/100  (lr=7.04e-05)
16:34:47    Step 5/55  Loss=0.5117  [mse=0.0471  v_opt=0.00000  v_mand=0.00000  ptv=0.0040  smooth=0.0034]
16:34:50    Step 10/55  Loss=0.1083  [mse=0.0069  v_opt=0.00044  v_mand=0.00000  ptv=0.0038  smooth=0.0032]
16:34:53    Step 15/55  Loss=0.1228  [mse=0.0077  v_opt=0.00006  v_mand=0.00000  ptv=0.0045  smooth=0.0031]
16:34:56    Step 20/55  Loss=1.0745  [mse=0.1030  v_opt=0.00000  v_mand=0.00000  ptv=0.0044  smooth=0.0033]
16:35:01    Step 25/55  Loss=0.6429  [mse=0.0604  v_opt=0.00000  v_mand=0.00000  ptv=0.0038  smooth=0.0030]
16:35:04    Step 30/55  Loss=0.1050  [mse=0.0066  v_opt=0.00000  v_mand=0.00000  ptv=0.0039  smooth=0.0031]
16:35:07    Step 35/55  Loss=0.7385  [mse=0.0697  v_opt=0.00000  v_mand=0.00000  ptv=0.0041  smooth=0.0031]
16:35:10    Step 40/55  Loss=0.0918  [mse=0.0053  v_opt=0.00000  v_mand=0.00000  ptv=0.0039  smooth=0.0034]
16:35:15    Step 45/55  Loss=0.1243  [mse=0.0079  v_opt=0.00013  v_mand=0.00000  ptv=0.0045  smooth=0.0036]
16:35:18    Step 50/55  Loss=0.1004  [mse=0.0056  v_opt=0.00000  v_mand=0.00000  ptv=0.0044  smooth=0.0031]
16:35:21    Step 55/55  Loss=0.1247  [mse=0.0077  v_opt=0.00001  v_mand=0.00000  ptv=0.0048  smooth=0.0032]
16:35:37  
Epoch 36/100  (lr=6.26e-05)
16:35:43    Step 5/55  Loss=0.1452  [mse=0.0094  v_opt=0.00448  v_mand=0.00000  ptv=0.0042  smooth=0.0031]
16:35:47    Step 10/55  Loss=0.1061  [mse=0.0062  v_opt=0.00002  v_mand=0.00000  ptv=0.0044  smooth=0.0032]
16:35:50    Step 15/55  Loss=0.0930  [mse=0.0054  v_opt=0.00000  v_mand=0.00000  ptv=0.0039  smooth=0.0032]
16:35:53    Step 20/55  Loss=0.1134  [mse=0.0067  v_opt=0.00143  v_mand=0.00000  ptv=0.0043  smooth=0.0032]
16:35:57    Step 25/55  Loss=0.1148  [mse=0.0073  v_opt=0.00012  v_mand=0.00000  ptv=0.0041  smooth=0.0030]
16:36:01    Step 30/55  Loss=0.8593  [mse=0.0813  v_opt=0.00000  v_mand=0.00000  ptv=0.0046  smooth=0.0032]
16:36:04    Step 35/55  Loss=0.1085  [mse=0.0060  v_opt=0.00000  v_mand=0.00000  ptv=0.0048  smooth=0.0031]
16:36:07    Step 40/55  Loss=0.1477  [mse=0.0090  v_opt=0.00216  v_mand=0.00016  ptv=0.0049  smooth=0.0030]
16:36:12    Step 45/55  Loss=0.1142  [mse=0.0071  v_opt=0.00000  v_mand=0.00000  ptv=0.0043  smooth=0.0031]
16:36:15    Step 50/55  Loss=0.0903  [mse=0.0048  v_opt=0.00083  v_mand=0.00008  ptv=0.0038  smooth=0.0031]
16:36:17    Step 55/55  Loss=0.1193  [mse=0.0073  v_opt=0.00010  v_mand=0.00000  ptv=0.0046  smooth=0.0031]
16:36:34  
Epoch 37/100  (lr=5.52e-05)
16:36:41    Step 5/55  Loss=0.1230  [mse=0.0068  v_opt=0.00000  v_mand=0.00000  ptv=0.0055  smooth=0.0030]
16:36:44    Step 10/55  Loss=0.1417  [mse=0.0096  v_opt=0.00040  v_mand=0.00000  ptv=0.0045  smooth=0.0030]
16:36:47    Step 15/55  Loss=0.1002  [mse=0.0057  v_opt=0.00000  v_mand=0.00000  ptv=0.0043  smooth=0.0031]
16:36:50    Step 20/55  Loss=0.1169  [mse=0.0078  v_opt=0.00024  v_mand=0.00000  ptv=0.0038  smooth=0.0031]
16:36:54    Step 25/55  Loss=0.1075  [mse=0.0062  v_opt=0.00021  v_mand=0.00000  ptv=0.0045  smooth=0.0030]
16:36:57    Step 30/55  Loss=0.8841  [mse=0.0829  v_opt=0.00000  v_mand=0.00000  ptv=0.0054  smooth=0.0032]
16:37:01    Step 35/55  Loss=0.1047  [mse=0.0060  v_opt=0.00098  v_mand=0.00000  ptv=0.0043  smooth=0.0030]
16:37:04    Step 40/55  Loss=0.1408  [mse=0.0091  v_opt=0.00000  v_mand=0.00000  ptv=0.0050  smooth=0.0031]
16:37:08    Step 45/55  Loss=0.4990  [mse=0.0458  v_opt=0.00000  v_mand=0.00000  ptv=0.0041  smooth=0.0032]
16:37:12    Step 50/55  Loss=0.1070  [mse=0.0067  v_opt=0.00032  v_mand=0.00000  ptv=0.0039  smooth=0.0031]
16:37:14    Step 55/55  Loss=0.0925  [mse=0.0049  v_opt=0.00000  v_mand=0.00000  ptv=0.0044  smooth=0.0029]
16:37:31  
Epoch 38/100  (lr=4.82e-05)
16:37:37    Step 5/55  Loss=0.1336  [mse=0.0079  v_opt=0.00530  v_mand=0.00015  ptv=0.0040  smooth=0.0034]
16:37:40    Step 10/55  Loss=0.6043  [mse=0.0560  v_opt=0.00000  v_mand=0.00000  ptv=0.0044  smooth=0.0032]
16:37:43    Step 15/55  Loss=0.7086  [mse=0.0669  v_opt=0.00015  v_mand=0.00000  ptv=0.0039  smooth=0.0033]
16:37:46    Step 20/55  Loss=0.1093  [mse=0.0071  v_opt=0.00001  v_mand=0.00000  ptv=0.0038  smooth=0.0032]
16:37:52    Step 25/55  Loss=0.0897  [mse=0.0050  v_opt=0.00009  v_mand=0.00000  ptv=0.0040  smooth=0.0030]
16:37:55    Step 30/55  Loss=0.7149  [mse=0.0662  v_opt=0.00406  v_mand=0.00000  ptv=0.0045  smooth=0.0031]
16:37:58    Step 35/55  Loss=0.4306  [mse=0.0393  v_opt=0.00000  v_mand=0.00000  ptv=0.0037  smooth=0.0031]
16:38:01    Step 40/55  Loss=0.1037  [mse=0.0064  v_opt=0.00000  v_mand=0.00000  ptv=0.0040  smooth=0.0032]
16:38:06    Step 45/55  Loss=0.1117  [mse=0.0071  v_opt=0.00000  v_mand=0.00000  ptv=0.0040  smooth=0.0032]
16:38:09    Step 50/55  Loss=0.0898  [mse=0.0050  v_opt=0.00000  v_mand=0.00000  ptv=0.0039  smooth=0.0030]
16:38:12    Step 55/55  Loss=0.1034  [mse=0.0063  v_opt=0.00111  v_mand=0.00000  ptv=0.0038  smooth=0.0033]
16:38:28  
Epoch 39/100  (lr=4.15e-05)
16:38:34    Step 5/55  Loss=0.0964  [mse=0.0057  v_opt=0.00000  v_mand=0.00000  ptv=0.0039  smooth=0.0031]
16:38:38    Step 10/55  Loss=0.0903  [mse=0.0043  v_opt=0.00477  v_mand=0.00000  ptv=0.0037  smooth=0.0032]
16:38:41    Step 15/55  Loss=0.8753  [mse=0.0835  v_opt=0.00064  v_mand=0.00000  ptv=0.0038  smooth=0.0031]
16:38:44    Step 20/55  Loss=0.1027  [mse=0.0065  v_opt=0.00036  v_mand=0.00000  ptv=0.0037  smooth=0.0029]
16:38:49    Step 25/55  Loss=0.0925  [mse=0.0045  v_opt=0.00124  v_mand=0.00007  ptv=0.0043  smooth=0.0032]
16:38:52    Step 30/55  Loss=0.1603  [mse=0.0114  v_opt=0.00000  v_mand=0.00000  ptv=0.0046  smooth=0.0029]
16:38:55    Step 35/55  Loss=0.7668  [mse=0.0728  v_opt=0.00037  v_mand=0.00000  ptv=0.0038  smooth=0.0032]
16:38:58    Step 40/55  Loss=0.1078  [mse=0.0061  v_opt=0.00007  v_mand=0.00000  ptv=0.0047  smooth=0.0032]
16:39:03    Step 45/55  Loss=0.1108  [mse=0.0068  v_opt=0.00034  v_mand=0.00000  ptv=0.0042  smooth=0.0032]
16:39:06    Step 50/55  Loss=0.1200  [mse=0.0069  v_opt=0.00187  v_mand=0.00000  ptv=0.0047  smooth=0.0029]
16:39:09    Step 55/55  Loss=0.1096  [mse=0.0064  v_opt=0.00006  v_mand=0.00000  ptv=0.0045  smooth=0.0030]
16:39:26  
Epoch 40/100  (lr=3.53e-05)
16:39:32    Step 5/55  Loss=0.1286  [mse=0.0088  v_opt=0.00038  v_mand=0.00000  ptv=0.0039  smooth=0.0032]
16:39:35    Step 10/55  Loss=0.0956  [mse=0.0051  v_opt=0.00342  v_mand=0.00000  ptv=0.0038  smooth=0.0031]
16:39:38    Step 15/55  Loss=0.5567  [mse=0.0515  v_opt=0.00000  v_mand=0.00000  ptv=0.0041  smooth=0.0031]
16:39:42    Step 20/55  Loss=0.7887  [mse=0.0742  v_opt=0.00000  v_mand=0.00000  ptv=0.0046  smooth=0.0031]
16:39:45    Step 25/55  Loss=0.1272  [mse=0.0079  v_opt=0.00003  v_mand=0.00000  ptv=0.0048  smooth=0.0032]
16:39:50    Step 30/55  Loss=0.0857  [mse=0.0047  v_opt=0.00000  v_mand=0.00000  ptv=0.0039  smooth=0.0032]
16:39:53    Step 35/55  Loss=0.1085  [mse=0.0070  v_opt=0.00006  v_mand=0.00000  ptv=0.0038  smooth=0.0030]
16:39:56    Step 40/55  Loss=0.1069  [mse=0.0063  v_opt=0.00044  v_mand=0.00000  ptv=0.0043  smooth=0.0029]
16:39:59    Step 45/55  Loss=0.1017  [mse=0.0060  v_opt=0.00160  v_mand=0.00000  ptv=0.0039  smooth=0.0030]
16:40:04    Step 50/55  Loss=0.0823  [mse=0.0043  v_opt=0.00001  v_mand=0.00000  ptv=0.0039  smooth=0.0031]
16:40:06    Step 55/55  Loss=0.0924  [mse=0.0053  v_opt=0.00000  v_mand=0.00000  ptv=0.0039  smooth=0.0031]
16:40:23  
Epoch 41/100  (lr=2.96e-05)
16:40:29    Step 5/55  Loss=0.1004  [mse=0.0052  v_opt=0.00310  v_mand=0.00001  ptv=0.0042  smooth=0.0032]
16:40:32    Step 10/55  Loss=0.1117  [mse=0.0060  v_opt=0.00000  v_mand=0.00000  ptv=0.0051  smooth=0.0031]
16:40:35    Step 15/55  Loss=0.1118  [mse=0.0065  v_opt=0.00000  v_mand=0.00000  ptv=0.0047  smooth=0.0031]
16:40:38    Step 20/55  Loss=0.0836  [mse=0.0046  v_opt=0.00005  v_mand=0.00000  ptv=0.0037  smooth=0.0032]
16:40:43    Step 25/55  Loss=0.0864  [mse=0.0046  v_opt=0.00112  v_mand=0.00000  ptv=0.0038  smooth=0.0029]
16:40:46    Step 30/55  Loss=0.0993  [mse=0.0056  v_opt=0.00150  v_mand=0.00002  ptv=0.0039  smooth=0.0032]
16:40:49    Step 35/55  Loss=0.0829  [mse=0.0045  v_opt=0.00002  v_mand=0.00000  ptv=0.0038  smooth=0.0030]
16:40:52    Step 40/55  Loss=0.1266  [mse=0.0081  v_opt=0.00046  v_mand=0.00000  ptv=0.0044  smooth=0.0029]
16:40:57    Step 45/55  Loss=0.1472  [mse=0.0092  v_opt=0.00088  v_mand=0.00001  ptv=0.0053  smooth=0.0028]
16:41:00    Step 50/55  Loss=0.1033  [mse=0.0064  v_opt=0.00000  v_mand=0.00000  ptv=0.0039  smooth=0.0030]
16:41:03    Step 55/55  Loss=0.1332  [mse=0.0085  v_opt=0.00000  v_mand=0.00000  ptv=0.0048  smooth=0.0031]
16:41:20  
Epoch 42/100  (lr=2.43e-05)
16:41:26    Step 5/55  Loss=0.1148  [mse=0.0076  v_opt=0.00029  v_mand=0.00000  ptv=0.0038  smooth=0.0033]
16:41:30    Step 10/55  Loss=0.1028  [mse=0.0058  v_opt=0.00015  v_mand=0.00000  ptv=0.0044  smooth=0.0030]
16:41:33    Step 15/55  Loss=0.1041  [mse=0.0063  v_opt=0.00053  v_mand=0.00001  ptv=0.0040  smooth=0.0032]
16:41:36    Step 20/55  Loss=0.0943  [mse=0.0055  v_opt=0.00002  v_mand=0.00000  ptv=0.0039  smooth=0.0033]
16:41:41    Step 25/55  Loss=0.0944  [mse=0.0051  v_opt=0.00000  v_mand=0.00000  ptv=0.0043  smooth=0.0032]
16:41:44    Step 30/55  Loss=0.0835  [mse=0.0046  v_opt=0.00001  v_mand=0.00000  ptv=0.0037  smooth=0.0031]
16:41:47    Step 35/55  Loss=0.0871  [mse=0.0044  v_opt=0.00081  v_mand=0.00000  ptv=0.0042  smooth=0.0031]
16:41:50    Step 40/55  Loss=0.0786  [mse=0.0041  v_opt=0.00016  v_mand=0.00000  ptv=0.0037  smooth=0.0031]
16:41:55    Step 45/55  Loss=0.0992  [mse=0.0061  v_opt=0.00007  v_mand=0.00000  ptv=0.0038  smooth=0.0031]
16:41:57    Step 50/55  Loss=0.0924  [mse=0.0053  v_opt=0.00019  v_mand=0.00000  ptv=0.0038  smooth=0.0030]
16:42:00    Step 55/55  Loss=0.0744  [mse=0.0036  v_opt=0.00000  v_mand=0.00000  ptv=0.0038  smooth=0.0031]
16:42:17  
Epoch 43/100  (lr=1.95e-05)
16:42:23    Step 5/55  Loss=0.1182  [mse=0.0073  v_opt=0.00059  v_mand=0.00000  ptv=0.0043  smooth=0.0030]
16:42:26    Step 10/55  Loss=0.0888  [mse=0.0050  v_opt=0.00043  v_mand=0.00000  ptv=0.0037  smooth=0.0031]
16:42:30    Step 15/55  Loss=0.6031  [mse=0.0557  v_opt=0.00000  v_mand=0.00000  ptv=0.0045  smooth=0.0032]
16:42:33    Step 20/55  Loss=0.1397  [mse=0.0097  v_opt=0.00028  v_mand=0.00000  ptv=0.0042  smooth=0.0030]
16:42:38    Step 25/55  Loss=0.0949  [mse=0.0057  v_opt=0.00000  v_mand=0.00000  ptv=0.0038  smooth=0.0029]
16:42:41    Step 30/55  Loss=0.1070  [mse=0.0067  v_opt=0.00007  v_mand=0.00000  ptv=0.0040  smooth=0.0031]
16:42:44    Step 35/55  Loss=0.1006  [mse=0.0060  v_opt=0.00012  v_mand=0.00000  ptv=0.0040  smooth=0.0031]
16:42:47    Step 40/55  Loss=0.8914  [mse=0.0847  v_opt=0.00000  v_mand=0.00000  ptv=0.0044  smooth=0.0032]
16:42:52    Step 45/55  Loss=0.0946  [mse=0.0053  v_opt=0.00064  v_mand=0.00000  ptv=0.0040  smooth=0.0031]
16:42:55    Step 50/55  Loss=0.0978  [mse=0.0047  v_opt=0.00636  v_mand=0.00000  ptv=0.0038  smooth=0.0029]
16:42:57    Step 55/55  Loss=0.0892  [mse=0.0051  v_opt=0.00000  v_mand=0.00000  ptv=0.0038  smooth=0.0030]
16:43:14  
Epoch 44/100  (lr=1.52e-05)
16:43:21    Step 5/55  Loss=0.0823  [mse=0.0043  v_opt=0.00000  v_mand=0.00000  ptv=0.0039  smooth=0.0030]
16:43:24    Step 10/55  Loss=0.1212  [mse=0.0072  v_opt=0.00060  v_mand=0.00002  ptv=0.0048  smooth=0.0031]
16:43:27    Step 15/55  Loss=0.1157  [mse=0.0071  v_opt=0.00005  v_mand=0.00000  ptv=0.0044  smooth=0.0031]
16:43:30    Step 20/55  Loss=0.1030  [mse=0.0054  v_opt=0.00445  v_mand=0.00001  ptv=0.0039  smooth=0.0029]
16:43:34    Step 25/55  Loss=0.0738  [mse=0.0036  v_opt=0.00000  v_mand=0.00000  ptv=0.0038  smooth=0.0030]
16:43:38    Step 30/55  Loss=0.0844  [mse=0.0044  v_opt=0.00143  v_mand=0.00000  ptv=0.0037  smooth=0.0029]
16:43:41    Step 35/55  Loss=0.6528  [mse=0.0612  v_opt=0.00000  v_mand=0.00000  ptv=0.0040  smooth=0.0030]
16:43:43    Step 40/55  Loss=0.0936  [mse=0.0045  v_opt=0.00001  v_mand=0.00000  ptv=0.0048  smooth=0.0031]
16:43:49    Step 45/55  Loss=0.0862  [mse=0.0047  v_opt=0.00002  v_mand=0.00000  ptv=0.0039  smooth=0.0030]
16:43:51    Step 50/55  Loss=0.5805  [mse=0.0539  v_opt=0.00003  v_mand=0.00000  ptv=0.0041  smooth=0.0031]
16:43:54    Step 55/55  Loss=0.1086  [mse=0.0066  v_opt=0.00002  v_mand=0.00000  ptv=0.0042  smooth=0.0030]
16:44:11  
Epoch 45/100  (lr=1.15e-05)
16:44:17    Step 5/55  Loss=0.1298  [mse=0.0088  v_opt=0.00070  v_mand=0.00001  ptv=0.0039  smooth=0.0029]
16:44:20    Step 10/55  Loss=0.1026  [mse=0.0062  v_opt=0.00049  v_mand=0.00000  ptv=0.0040  smooth=0.0030]
16:44:23    Step 15/55  Loss=0.6985  [mse=0.0657  v_opt=0.00071  v_mand=0.00003  ptv=0.0039  smooth=0.0031]
16:44:26    Step 20/55  Loss=0.1063  [mse=0.0061  v_opt=0.00039  v_mand=0.00000  ptv=0.0044  smooth=0.0031]
16:44:32    Step 25/55  Loss=0.1025  [mse=0.0058  v_opt=0.00082  v_mand=0.00000  ptv=0.0042  smooth=0.0029]
16:44:35    Step 30/55  Loss=0.1023  [mse=0.0060  v_opt=0.00000  v_mand=0.00000  ptv=0.0042  smooth=0.0032]
16:44:38    Step 35/55  Loss=0.0967  [mse=0.0054  v_opt=0.00025  v_mand=0.00000  ptv=0.0042  smooth=0.0030]
16:44:41    Step 40/55  Loss=0.8366  [mse=0.0787  v_opt=0.00003  v_mand=0.00000  ptv=0.0049  smooth=0.0032]
16:44:45    Step 45/55  Loss=0.5333  [mse=0.0493  v_opt=0.00132  v_mand=0.00000  ptv=0.0037  smooth=0.0030]
16:44:48    Step 50/55  Loss=0.0932  [mse=0.0055  v_opt=0.00029  v_mand=0.00000  ptv=0.0038  smooth=0.0030]
16:44:51    Step 55/55  Loss=0.1170  [mse=0.0078  v_opt=0.00027  v_mand=0.00000  ptv=0.0039  smooth=0.0030]
16:45:08  
Epoch 46/100  (lr=8.32e-06)
16:45:14    Step 5/55  Loss=0.1108  [mse=0.0071  v_opt=0.00009  v_mand=0.00000  ptv=0.0039  smooth=0.0030]
16:45:17    Step 10/55  Loss=0.0999  [mse=0.0062  v_opt=0.00001  v_mand=0.00000  ptv=0.0038  smooth=0.0032]
16:45:20    Step 15/55  Loss=0.0733  [mse=0.0036  v_opt=0.00000  v_mand=0.00000  ptv=0.0037  smooth=0.0028]
16:45:23    Step 20/55  Loss=0.0925  [mse=0.0052  v_opt=0.00046  v_mand=0.00000  ptv=0.0039  smooth=0.0031]
16:45:29    Step 25/55  Loss=0.1058  [mse=0.0063  v_opt=0.00000  v_mand=0.00000  ptv=0.0043  smooth=0.0030]
16:45:32    Step 30/55  Loss=0.0918  [mse=0.0048  v_opt=0.00204  v_mand=0.00000  ptv=0.0040  smooth=0.0030]
16:45:35    Step 35/55  Loss=0.0800  [mse=0.0039  v_opt=0.00003  v_mand=0.00000  ptv=0.0041  smooth=0.0030]
16:45:38    Step 40/55  Loss=0.1175  [mse=0.0075  v_opt=0.00007  v_mand=0.00000  ptv=0.0042  smooth=0.0029]
16:45:43    Step 45/55  Loss=0.1064  [mse=0.0055  v_opt=0.00455  v_mand=0.00000  ptv=0.0042  smooth=0.0029]
16:45:46    Step 50/55  Loss=0.0962  [mse=0.0056  v_opt=0.00002  v_mand=0.00000  ptv=0.0040  smooth=0.0029]
16:45:48    Step 55/55  Loss=0.0953  [mse=0.0054  v_opt=0.00089  v_mand=0.00000  ptv=0.0039  smooth=0.0031]
16:46:05  
Epoch 47/100  (lr=5.70e-06)
16:46:11    Step 5/55  Loss=0.1006  [mse=0.0060  v_opt=0.00000  v_mand=0.00000  ptv=0.0040  smooth=0.0032]
16:46:14    Step 10/55  Loss=1.1015  [mse=0.1063  v_opt=0.00000  v_mand=0.00000  ptv=0.0038  smooth=0.0029]
16:46:18    Step 15/55  Loss=0.1103  [mse=0.0067  v_opt=0.00049  v_mand=0.00000  ptv=0.0042  smooth=0.0031]
16:46:21    Step 20/55  Loss=0.6390  [mse=0.0596  v_opt=0.00000  v_mand=0.00000  ptv=0.0043  smooth=0.0028]
16:46:25    Step 25/55  Loss=0.0864  [mse=0.0038  v_opt=0.00143  v_mand=0.00018  ptv=0.0040  smooth=0.0032]
16:46:29    Step 30/55  Loss=0.1330  [mse=0.0085  v_opt=0.00025  v_mand=0.00000  ptv=0.0048  smooth=0.0030]
16:46:31    Step 35/55  Loss=0.1078  [mse=0.0067  v_opt=0.00113  v_mand=0.00000  ptv=0.0038  smooth=0.0029]
16:46:34    Step 40/55  Loss=0.1264  [mse=0.0081  v_opt=0.00074  v_mand=0.00003  ptv=0.0043  smooth=0.0029]
16:46:39    Step 45/55  Loss=0.1165  [mse=0.0070  v_opt=0.00000  v_mand=0.00000  ptv=0.0046  smooth=0.0031]
16:46:42    Step 50/55  Loss=0.0768  [mse=0.0038  v_opt=0.00000  v_mand=0.00000  ptv=0.0038  smooth=0.0031]
16:46:45    Step 55/55  Loss=0.1060  [mse=0.0057  v_opt=0.00179  v_mand=0.00000  ptv=0.0045  smooth=0.0030]
16:47:02  
Epoch 48/100  (lr=3.65e-06)
16:47:08    Step 5/55  Loss=0.1043  [mse=0.0056  v_opt=0.00218  v_mand=0.00002  ptv=0.0043  smooth=0.0029]
16:47:11    Step 10/55  Loss=0.0795  [mse=0.0041  v_opt=0.00049  v_mand=0.00000  ptv=0.0037  smooth=0.0030]
16:47:15    Step 15/55  Loss=0.1067  [mse=0.0066  v_opt=0.00107  v_mand=0.00000  ptv=0.0039  smooth=0.0029]
16:47:18    Step 20/55  Loss=0.0764  [mse=0.0039  v_opt=0.00007  v_mand=0.00000  ptv=0.0037  smooth=0.0031]
16:47:23    Step 25/55  Loss=0.1273  [mse=0.0077  v_opt=0.00174  v_mand=0.00012  ptv=0.0044  smooth=0.0030]
16:47:26    Step 30/55  Loss=1.1072  [mse=0.1068  v_opt=0.00000  v_mand=0.00000  ptv=0.0039  smooth=0.0030]
16:47:29    Step 35/55  Loss=0.0898  [mse=0.0044  v_opt=0.00000  v_mand=0.00000  ptv=0.0046  smooth=0.0030]
16:47:32    Step 40/55  Loss=0.1232  [mse=0.0076  v_opt=0.00005  v_mand=0.00000  ptv=0.0047  smooth=0.0031]
16:47:37    Step 45/55  Loss=0.0873  [mse=0.0044  v_opt=0.00091  v_mand=0.00009  ptv=0.0039  smooth=0.0030]
16:47:40    Step 50/55  Loss=0.5038  [mse=0.0461  v_opt=0.00000  v_mand=0.00000  ptv=0.0042  smooth=0.0031]
16:47:43    Step 55/55  Loss=0.1015  [mse=0.0058  v_opt=0.00002  v_mand=0.00000  ptv=0.0043  smooth=0.0029]
16:47:59  
Epoch 49/100  (lr=2.18e-06)
16:48:06    Step 5/55  Loss=0.0799  [mse=0.0041  v_opt=0.00028  v_mand=0.00000  ptv=0.0038  smooth=0.0028]
16:48:09    Step 10/55  Loss=0.0665  [mse=0.0029  v_opt=0.00002  v_mand=0.00000  ptv=0.0037  smooth=0.0028]
16:48:12    Step 15/55  Loss=0.1038  [mse=0.0065  v_opt=0.00000  v_mand=0.00000  ptv=0.0038  smooth=0.0029]
16:48:15    Step 20/55  Loss=0.0984  [mse=0.0060  v_opt=0.00020  v_mand=0.00000  ptv=0.0038  smooth=0.0029]
16:48:20    Step 25/55  Loss=0.0974  [mse=0.0054  v_opt=0.00000  v_mand=0.00000  ptv=0.0043  smooth=0.0031]
16:48:23    Step 30/55  Loss=0.1136  [mse=0.0071  v_opt=0.00235  v_mand=0.00000  ptv=0.0038  smooth=0.0031]
16:48:26    Step 35/55  Loss=0.1173  [mse=0.0072  v_opt=0.00028  v_mand=0.00000  ptv=0.0045  smooth=0.0030]
16:48:29    Step 40/55  Loss=0.0907  [mse=0.0051  v_opt=0.00014  v_mand=0.00000  ptv=0.0039  smooth=0.0030]
16:48:34    Step 45/55  Loss=0.0909  [mse=0.0050  v_opt=0.00007  v_mand=0.00000  ptv=0.0040  smooth=0.0029]
16:48:37    Step 50/55  Loss=0.0906  [mse=0.0053  v_opt=0.00009  v_mand=0.00000  ptv=0.0037  smooth=0.0031]
16:48:39    Step 55/55  Loss=0.0773  [mse=0.0040  v_opt=0.00001  v_mand=0.00000  ptv=0.0037  smooth=0.0029]
16:48:56  
Epoch 50/100  (lr=1.30e-06)
16:49:02    Step 5/55  Loss=0.0971  [mse=0.0059  v_opt=0.00044  v_mand=0.00000  ptv=0.0037  smooth=0.0031]
16:49:06    Step 10/55  Loss=0.0876  [mse=0.0048  v_opt=0.00000  v_mand=0.00000  ptv=0.0039  smooth=0.0031]
16:49:08    Step 15/55  Loss=0.0871  [mse=0.0046  v_opt=0.00017  v_mand=0.00000  ptv=0.0040  smooth=0.0029]
16:49:12    Step 20/55  Loss=0.0782  [mse=0.0039  v_opt=0.00002  v_mand=0.00000  ptv=0.0039  smooth=0.0028]
16:49:16    Step 25/55  Loss=0.0766  [mse=0.0039  v_opt=0.00005  v_mand=0.00000  ptv=0.0037  smooth=0.0031]
16:49:19    Step 30/55  Loss=0.0802  [mse=0.0038  v_opt=0.00094  v_mand=0.00000  ptv=0.0040  smooth=0.0033]
16:49:22    Step 35/55  Loss=0.0814  [mse=0.0041  v_opt=0.00000  v_mand=0.00000  ptv=0.0040  smooth=0.0028]
16:49:25    Step 40/55  Loss=0.0929  [mse=0.0056  v_opt=0.00000  v_mand=0.00000  ptv=0.0037  smooth=0.0029]
16:49:30    Step 45/55  Loss=0.7642  [mse=0.0724  v_opt=0.00053  v_mand=0.00000  ptv=0.0038  smooth=0.0032]
16:49:33    Step 50/55  Loss=0.0777  [mse=0.0040  v_opt=0.00000  v_mand=0.00000  ptv=0.0037  smooth=0.0029]
16:49:36    Step 55/55  Loss=0.0769  [mse=0.0040  v_opt=0.00000  v_mand=0.00000  ptv=0.0037  smooth=0.0030]
16:49:53  
Epoch 51/100  (lr=3.00e-04)
16:49:59    Step 5/55  Loss=1.0364  [mse=0.0865  v_opt=0.00502  v_mand=0.00000  ptv=0.0160  smooth=0.0083]
16:50:03    Step 10/55  Loss=0.3582  [mse=0.0210  v_opt=0.00000  v_mand=0.00000  ptv=0.0148  smooth=0.0046]
16:50:05    Step 15/55  Loss=0.5019  [mse=0.0154  v_opt=0.03704  v_mand=0.00809  ptv=0.0071  smooth=0.0035]
16:50:08    Step 20/55  Loss=0.1604  [mse=0.0099  v_opt=0.00000  v_mand=0.00000  ptv=0.0061  smooth=0.0041]
16:50:12    Step 25/55  Loss=0.6988  [mse=0.0648  v_opt=0.00070  v_mand=0.00003  ptv=0.0048  smooth=0.0045]
16:50:16    Step 30/55  Loss=0.1695  [mse=0.0122  v_opt=0.00000  v_mand=0.00000  ptv=0.0047  smooth=0.0039]
16:50:20    Step 35/55  Loss=0.1753  [mse=0.0098  v_opt=0.00270  v_mand=0.00058  ptv=0.0057  smooth=0.0033]
16:50:22    Step 40/55  Loss=0.2475  [mse=0.0177  v_opt=0.00000  v_mand=0.00000  ptv=0.0070  smooth=0.0037]
16:50:27    Step 45/55  Loss=0.1373  [mse=0.0085  v_opt=0.00463  v_mand=0.00009  ptv=0.0040  smooth=0.0031]
16:50:31    Step 50/55  Loss=0.1269  [mse=0.0085  v_opt=0.00006  v_mand=0.00000  ptv=0.0042  smooth=0.0035]
16:50:33    Step 55/55  Loss=0.1477  [mse=0.0094  v_opt=0.00179  v_mand=0.00000  ptv=0.0050  smooth=0.0035]
16:50:50  
Epoch 52/100  (lr=3.00e-04)
16:50:57    Step 5/55  Loss=0.2088  [mse=0.0154  v_opt=0.00000  v_mand=0.00000  ptv=0.0054  smooth=0.0030]
16:51:00    Step 10/55  Loss=0.7271  [mse=0.0680  v_opt=0.00084  v_mand=0.00003  ptv=0.0044  smooth=0.0041]
16:51:03    Step 15/55  Loss=0.2246  [mse=0.0149  v_opt=0.00016  v_mand=0.00000  ptv=0.0075  smooth=0.0042]
16:51:06    Step 20/55  Loss=0.1258  [mse=0.0083  v_opt=0.00031  v_mand=0.00000  ptv=0.0042  smooth=0.0032]
16:51:11    Step 25/55  Loss=0.1352  [mse=0.0077  v_opt=0.00002  v_mand=0.00000  ptv=0.0058  smooth=0.0041]
16:51:14    Step 30/55  Loss=0.1416  [mse=0.0078  v_opt=0.00030  v_mand=0.00000  ptv=0.0063  smooth=0.0038]
16:51:17    Step 35/55  Loss=0.3987  [mse=0.0348  v_opt=0.00201  v_mand=0.00000  ptv=0.0047  smooth=0.0034]
16:51:20    Step 40/55  Loss=0.1251  [mse=0.0081  v_opt=0.00011  v_mand=0.00000  ptv=0.0043  smooth=0.0034]
16:51:26    Step 45/55  Loss=0.1310  [mse=0.0081  v_opt=0.00000  v_mand=0.00000  ptv=0.0050  smooth=0.0034]
16:51:29    Step 50/55  Loss=0.5396  [mse=0.0488  v_opt=0.00001  v_mand=0.00000  ptv=0.0051  smooth=0.0034]
16:51:31    Step 55/55  Loss=0.1461  [mse=0.0102  v_opt=0.00005  v_mand=0.00000  ptv=0.0044  smooth=0.0033]
16:51:48  
Epoch 53/100  (lr=3.00e-04)
16:51:54    Step 5/55  Loss=0.1185  [mse=0.0070  v_opt=0.00025  v_mand=0.00000  ptv=0.0047  smooth=0.0035]
16:51:57    Step 10/55  Loss=0.1485  [mse=0.0098  v_opt=0.00011  v_mand=0.00000  ptv=0.0050  smooth=0.0038]
16:52:01    Step 15/55  Loss=0.1212  [mse=0.0076  v_opt=0.00000  v_mand=0.00000  ptv=0.0045  smooth=0.0038]
16:52:03    Step 20/55  Loss=1.0560  [mse=0.0995  v_opt=0.00000  v_mand=0.00000  ptv=0.0061  smooth=0.0055]
16:52:07    Step 25/55  Loss=0.2293  [mse=0.0156  v_opt=0.00000  v_mand=0.00000  ptv=0.0073  smooth=0.0036]
16:52:11    Step 30/55  Loss=0.1823  [mse=0.0127  v_opt=0.00091  v_mand=0.00008  ptv=0.0051  smooth=0.0030]
16:52:15    Step 35/55  Loss=0.1399  [mse=0.0089  v_opt=0.00128  v_mand=0.00000  ptv=0.0048  smooth=0.0032]
16:52:18    Step 40/55  Loss=0.6608  [mse=0.0616  v_opt=0.00000  v_mand=0.00000  ptv=0.0045  smooth=0.0033]
16:52:21    Step 45/55  Loss=0.1632  [mse=0.0087  v_opt=0.01346  v_mand=0.00026  ptv=0.0043  smooth=0.0037]
16:52:25    Step 50/55  Loss=0.6135  [mse=0.0570  v_opt=0.00034  v_mand=0.00000  ptv=0.0042  smooth=0.0035]
16:52:29    Step 55/55  Loss=0.1308  [mse=0.0070  v_opt=0.00002  v_mand=0.00000  ptv=0.0060  smooth=0.0031]
16:52:45  
Epoch 54/100  (lr=2.99e-04)
16:52:52    Step 5/55  Loss=0.1757  [mse=0.0088  v_opt=0.00000  v_mand=0.00000  ptv=0.0088  smooth=0.0039]
16:52:55    Step 10/55  Loss=0.1551  [mse=0.0091  v_opt=0.00013  v_mand=0.00000  ptv=0.0063  smooth=0.0047]
16:52:58    Step 15/55  Loss=0.1203  [mse=0.0079  v_opt=0.00012  v_mand=0.00000  ptv=0.0041  smooth=0.0037]
16:53:01    Step 20/55  Loss=0.1020  [mse=0.0058  v_opt=0.00014  v_mand=0.00000  ptv=0.0043  smooth=0.0048]
16:53:06    Step 25/55  Loss=0.1228  [mse=0.0081  v_opt=0.00000  v_mand=0.00000  ptv=0.0041  smooth=0.0041]
16:53:09    Step 30/55  Loss=0.1251  [mse=0.0076  v_opt=0.00000  v_mand=0.00000  ptv=0.0049  smooth=0.0053]
16:53:12    Step 35/55  Loss=0.1330  [mse=0.0084  v_opt=0.00255  v_mand=0.00000  ptv=0.0044  smooth=0.0046]
16:53:15    Step 40/55  Loss=0.8123  [mse=0.0769  v_opt=0.00000  v_mand=0.00000  ptv=0.0043  smooth=0.0040]
16:53:19    Step 45/55  Loss=0.1632  [mse=0.0115  v_opt=0.00006  v_mand=0.00000  ptv=0.0048  smooth=0.0037]
16:53:22    Step 50/55  Loss=0.1615  [mse=0.0107  v_opt=0.00000  v_mand=0.00000  ptv=0.0053  smooth=0.0064]
16:53:26    Step 55/55  Loss=0.1688  [mse=0.0108  v_opt=0.00000  v_mand=0.00000  ptv=0.0060  smooth=0.0045]
16:53:43  
Epoch 55/100  (lr=2.99e-04)
16:53:49    Step 5/55  Loss=0.1591  [mse=0.0070  v_opt=0.01728  v_mand=0.00059  ptv=0.0039  smooth=0.0034]
16:53:52    Step 10/55  Loss=0.1380  [mse=0.0080  v_opt=0.00049  v_mand=0.00000  ptv=0.0056  smooth=0.0046]
16:53:55    Step 15/55  Loss=0.1231  [mse=0.0078  v_opt=0.00102  v_mand=0.00013  ptv=0.0039  smooth=0.0031]
16:53:59    Step 20/55  Loss=0.8699  [mse=0.0824  v_opt=0.00159  v_mand=0.00000  ptv=0.0042  smooth=0.0035]
16:54:04    Step 25/55  Loss=0.1675  [mse=0.0125  v_opt=0.00044  v_mand=0.00000  ptv=0.0041  smooth=0.0030]
16:54:07    Step 30/55  Loss=0.1250  [mse=0.0082  v_opt=0.00000  v_mand=0.00000  ptv=0.0042  smooth=0.0032]
16:54:10    Step 35/55  Loss=0.1455  [mse=0.0094  v_opt=0.00008  v_mand=0.00000  ptv=0.0051  smooth=0.0029]
16:54:13    Step 40/55  Loss=0.1594  [mse=0.0096  v_opt=0.00000  v_mand=0.00000  ptv=0.0063  smooth=0.0029]
16:54:17    Step 45/55  Loss=0.1552  [mse=0.0086  v_opt=0.00064  v_mand=0.00002  ptv=0.0066  smooth=0.0031]
16:54:21    Step 50/55  Loss=0.2173  [mse=0.0107  v_opt=0.00000  v_mand=0.00000  ptv=0.0110  smooth=0.0054]
16:54:23    Step 55/55  Loss=0.1827  [mse=0.0119  v_opt=0.00000  v_mand=0.00000  ptv=0.0064  smooth=0.0034]
16:54:40  
Epoch 56/100  (lr=2.98e-04)
16:54:46    Step 5/55  Loss=0.2168  [mse=0.0162  v_opt=0.00026  v_mand=0.00000  ptv=0.0054  smooth=0.0028]
16:54:50    Step 10/55  Loss=0.5405  [mse=0.0120  v_opt=0.04281  v_mand=0.01143  ptv=0.0049  smooth=0.0034]
16:54:53    Step 15/55  Loss=0.1293  [mse=0.0084  v_opt=0.00001  v_mand=0.00000  ptv=0.0045  smooth=0.0034]
16:54:56    Step 20/55  Loss=0.1804  [mse=0.0094  v_opt=0.00303  v_mand=0.00106  ptv=0.0054  smooth=0.0050]
16:55:01    Step 25/55  Loss=0.1442  [mse=0.0088  v_opt=0.00300  v_mand=0.00000  ptv=0.0050  smooth=0.0033]
16:55:04    Step 30/55  Loss=0.1954  [mse=0.0130  v_opt=0.00001  v_mand=0.00000  ptv=0.0065  smooth=0.0029]
16:55:07    Step 35/55  Loss=0.1580  [mse=0.0089  v_opt=0.00201  v_mand=0.00026  ptv=0.0059  smooth=0.0035]
16:55:10    Step 40/55  Loss=0.1023  [mse=0.0049  v_opt=0.00043  v_mand=0.00000  ptv=0.0052  smooth=0.0030]
16:55:14    Step 45/55  Loss=0.1171  [mse=0.0076  v_opt=0.00000  v_mand=0.00000  ptv=0.0041  smooth=0.0038]
16:55:18    Step 50/55  Loss=0.1488  [mse=0.0094  v_opt=0.00000  v_mand=0.00000  ptv=0.0055  smooth=0.0030]
16:55:21    Step 55/55  Loss=0.1140  [mse=0.0066  v_opt=0.00000  v_mand=0.00000  ptv=0.0047  smooth=0.0034]
16:55:37  
Epoch 57/100  (lr=2.97e-04)
16:55:43    Step 5/55  Loss=0.1132  [mse=0.0055  v_opt=0.00113  v_mand=0.00004  ptv=0.0055  smooth=0.0032]
16:55:47    Step 10/55  Loss=0.1650  [mse=0.0094  v_opt=0.01311  v_mand=0.00010  ptv=0.0042  smooth=0.0031]
16:55:49    Step 15/55  Loss=0.5629  [mse=0.0488  v_opt=0.00054  v_mand=0.00001  ptv=0.0073  smooth=0.0033]
16:55:52    Step 20/55  Loss=0.1368  [mse=0.0087  v_opt=0.00000  v_mand=0.00000  ptv=0.0049  smooth=0.0027]
16:55:57    Step 25/55  Loss=0.1275  [mse=0.0077  v_opt=0.00386  v_mand=0.00000  ptv=0.0042  smooth=0.0037]
16:56:00    Step 30/55  Loss=0.0992  [mse=0.0061  v_opt=0.00000  v_mand=0.00000  ptv=0.0038  smooth=0.0034]
16:56:03    Step 35/55  Loss=0.1537  [mse=0.0088  v_opt=0.00249  v_mand=0.00000  ptv=0.0060  smooth=0.0036]
16:56:06    Step 40/55  Loss=0.1255  [mse=0.0084  v_opt=0.00048  v_mand=0.00000  ptv=0.0040  smooth=0.0029]
16:56:11    Step 45/55  Loss=0.1575  [mse=0.0070  v_opt=0.01404  v_mand=0.00032  ptv=0.0051  smooth=0.0043]
16:56:15    Step 50/55  Loss=0.1118  [mse=0.0063  v_opt=0.00000  v_mand=0.00000  ptv=0.0048  smooth=0.0068]
16:56:17    Step 55/55  Loss=0.7961  [mse=0.0753  v_opt=0.00000  v_mand=0.00000  ptv=0.0043  smooth=0.0039]
16:56:34  
Epoch 58/100  (lr=2.96e-04)
16:56:41    Step 5/55  Loss=0.1513  [mse=0.0090  v_opt=0.00000  v_mand=0.00000  ptv=0.0061  smooth=0.0030]
16:56:44    Step 10/55  Loss=0.1215  [mse=0.0083  v_opt=0.00000  v_mand=0.00000  ptv=0.0038  smooth=0.0032]
16:56:47    Step 15/55  Loss=0.1073  [mse=0.0057  v_opt=0.00359  v_mand=0.00000  ptv=0.0043  smooth=0.0035]
16:56:49    Step 20/55  Loss=0.1084  [mse=0.0069  v_opt=0.00000  v_mand=0.00000  ptv=0.0039  smooth=0.0033]
16:56:55    Step 25/55  Loss=0.1489  [mse=0.0082  v_opt=0.01153  v_mand=0.00005  ptv=0.0042  smooth=0.0028]
16:56:58    Step 30/55  Loss=0.1116  [mse=0.0073  v_opt=0.00000  v_mand=0.00000  ptv=0.0039  smooth=0.0029]
16:57:01    Step 35/55  Loss=0.1175  [mse=0.0056  v_opt=0.00018  v_mand=0.00000  ptv=0.0061  smooth=0.0033]
16:57:03    Step 40/55  Loss=0.1309  [mse=0.0061  v_opt=0.00329  v_mand=0.00048  ptv=0.0051  smooth=0.0033]
16:57:08    Step 45/55  Loss=0.0918  [mse=0.0048  v_opt=0.00289  v_mand=0.00000  ptv=0.0038  smooth=0.0030]
16:57:11    Step 50/55  Loss=0.1574  [mse=0.0098  v_opt=0.00000  v_mand=0.00000  ptv=0.0060  smooth=0.0030]
16:57:14    Step 55/55  Loss=0.1168  [mse=0.0069  v_opt=0.00000  v_mand=0.00000  ptv=0.0047  smooth=0.0028]
16:57:31  
Epoch 59/100  (lr=2.95e-04)
16:57:38    Step 5/55  Loss=0.1130  [mse=0.0060  v_opt=0.00000  v_mand=0.00000  ptv=0.0053  smooth=0.0028]
16:57:41    Step 10/55  Loss=0.1332  [mse=0.0066  v_opt=0.00000  v_mand=0.00000  ptv=0.0067  smooth=0.0030]
16:57:44    Step 15/55  Loss=0.6229  [mse=0.0566  v_opt=0.00000  v_mand=0.00000  ptv=0.0056  smooth=0.0030]
16:57:47    Step 20/55  Loss=0.9305  [mse=0.0879  v_opt=0.00048  v_mand=0.00000  ptv=0.0050  smooth=0.0029]
16:57:51    Step 25/55  Loss=0.1368  [mse=0.0089  v_opt=0.00000  v_mand=0.00000  ptv=0.0048  smooth=0.0027]
16:57:55    Step 30/55  Loss=0.5501  [mse=0.0477  v_opt=0.00484  v_mand=0.00027  ptv=0.0057  smooth=0.0029]
16:57:58    Step 35/55  Loss=0.1150  [mse=0.0058  v_opt=0.00000  v_mand=0.00000  ptv=0.0057  smooth=0.0025]
16:58:01    Step 40/55  Loss=0.2007  [mse=0.0082  v_opt=0.02067  v_mand=0.00127  ptv=0.0046  smooth=0.0037]
16:58:06    Step 45/55  Loss=0.4721  [mse=0.0420  v_opt=0.00000  v_mand=0.00000  ptv=0.0052  smooth=0.0038]
16:58:09    Step 50/55  Loss=0.1440  [mse=0.0076  v_opt=0.00400  v_mand=0.00000  ptv=0.0060  smooth=0.0035]
16:58:11    Step 55/55  Loss=0.1391  [mse=0.0086  v_opt=0.00000  v_mand=0.00000  ptv=0.0053  smooth=0.0030]
16:58:28  
Epoch 60/100  (lr=2.94e-04)
16:58:35    Step 5/55  Loss=0.1083  [mse=0.0065  v_opt=0.00085  v_mand=0.00002  ptv=0.0040  smooth=0.0026]
16:58:37    Step 10/55  Loss=0.1444  [mse=0.0093  v_opt=0.00000  v_mand=0.00000  ptv=0.0051  smooth=0.0050]
16:58:40    Step 15/55  Loss=0.1142  [mse=0.0070  v_opt=0.00005  v_mand=0.00000  ptv=0.0043  smooth=0.0050]
16:58:43    Step 20/55  Loss=0.0983  [mse=0.0046  v_opt=0.00682  v_mand=0.00000  ptv=0.0038  smooth=0.0047]
16:58:48    Step 25/55  Loss=0.0885  [mse=0.0051  v_opt=0.00000  v_mand=0.00000  ptv=0.0037  smooth=0.0033]
16:58:52    Step 30/55  Loss=0.1535  [mse=0.0080  v_opt=0.00574  v_mand=0.00079  ptv=0.0042  smooth=0.0038]
16:58:55    Step 35/55  Loss=0.1092  [mse=0.0067  v_opt=0.00071  v_mand=0.00004  ptv=0.0040  smooth=0.0036]
16:58:57    Step 40/55  Loss=0.9840  [mse=0.0939  v_opt=0.00000  v_mand=0.00000  ptv=0.0044  smooth=0.0042]
16:59:02    Step 45/55  Loss=0.4584  [mse=0.0065  v_opt=0.04106  v_mand=0.01053  ptv=0.0048  smooth=0.0033]
16:59:05    Step 50/55  Loss=0.1474  [mse=0.0103  v_opt=0.00000  v_mand=0.00000  ptv=0.0044  smooth=0.0046]
16:59:08    Step 55/55  Loss=0.1013  [mse=0.0058  v_opt=0.00000  v_mand=0.00000  ptv=0.0043  smooth=0.0044]
16:59:25  
Epoch 61/100  (lr=2.93e-04)
16:59:32    Step 5/55  Loss=0.1306  [mse=0.0076  v_opt=0.00019  v_mand=0.00000  ptv=0.0054  smooth=0.0027]
16:59:34    Step 10/55  Loss=0.1374  [mse=0.0097  v_opt=0.00000  v_mand=0.00000  ptv=0.0040  smooth=0.0030]
16:59:37    Step 15/55  Loss=0.0960  [mse=0.0059  v_opt=0.00002  v_mand=0.00000  ptv=0.0037  smooth=0.0027]
16:59:41    Step 20/55  Loss=0.1226  [mse=0.0074  v_opt=0.00000  v_mand=0.00000  ptv=0.0048  smooth=0.0031]
16:59:46    Step 25/55  Loss=0.1939  [mse=0.0055  v_opt=0.02121  v_mand=0.00208  ptv=0.0044  smooth=0.0031]
16:59:49    Step 30/55  Loss=0.1021  [mse=0.0061  v_opt=0.00007  v_mand=0.00000  ptv=0.0040  smooth=0.0037]
16:59:52    Step 35/55  Loss=0.1602  [mse=0.0102  v_opt=0.00000  v_mand=0.00000  ptv=0.0058  smooth=0.0026]
16:59:55    Step 40/55  Loss=0.1705  [mse=0.0108  v_opt=0.00004  v_mand=0.00000  ptv=0.0062  smooth=0.0029]
17:00:00    Step 45/55  Loss=0.1401  [mse=0.0093  v_opt=0.00154  v_mand=0.00012  ptv=0.0041  smooth=0.0029]
17:00:03    Step 50/55  Loss=0.0995  [mse=0.0058  v_opt=0.00000  v_mand=0.00000  ptv=0.0041  smooth=0.0035]
17:00:06    Step 55/55  Loss=0.8192  [mse=0.0756  v_opt=0.00499  v_mand=0.00000  ptv=0.0053  smooth=0.0036]
17:00:22  
Epoch 62/100  (lr=2.91e-04)
17:00:28    Step 5/55  Loss=0.1195  [mse=0.0069  v_opt=0.00000  v_mand=0.00000  ptv=0.0051  smooth=0.0029]
17:00:32    Step 10/55  Loss=0.1223  [mse=0.0084  v_opt=0.00000  v_mand=0.00000  ptv=0.0038  smooth=0.0024]
17:00:35    Step 15/55  Loss=0.1069  [mse=0.0068  v_opt=0.00000  v_mand=0.00000  ptv=0.0039  smooth=0.0026]
17:00:38    Step 20/55  Loss=0.1169  [mse=0.0077  v_opt=0.00032  v_mand=0.00000  ptv=0.0039  smooth=0.0032]
17:00:42    Step 25/55  Loss=0.1232  [mse=0.0074  v_opt=0.00000  v_mand=0.00000  ptv=0.0049  smooth=0.0031]
17:00:46    Step 30/55  Loss=0.1283  [mse=0.0085  v_opt=0.00016  v_mand=0.00000  ptv=0.0042  smooth=0.0032]
17:00:49    Step 35/55  Loss=0.1386  [mse=0.0093  v_opt=0.00072  v_mand=0.00000  ptv=0.0044  smooth=0.0040]
17:00:52    Step 40/55  Loss=0.6871  [mse=0.0641  v_opt=0.00000  v_mand=0.00000  ptv=0.0046  smooth=0.0036]
17:00:56    Step 45/55  Loss=0.1596  [mse=0.0104  v_opt=0.00687  v_mand=0.00002  ptv=0.0041  smooth=0.0039]
17:01:00    Step 50/55  Loss=0.1908  [mse=0.0063  v_opt=0.01494  v_mand=0.00042  ptv=0.0087  smooth=0.0030]
17:01:02    Step 55/55  Loss=0.0892  [mse=0.0047  v_opt=0.00000  v_mand=0.00000  ptv=0.0041  smooth=0.0030]
17:01:19  
Epoch 63/100  (lr=2.90e-04)
17:01:26    Step 5/55  Loss=0.0843  [mse=0.0045  v_opt=0.00000  v_mand=0.00000  ptv=0.0039  smooth=0.0032]
17:01:30    Step 10/55  Loss=0.1608  [mse=0.0103  v_opt=0.00378  v_mand=0.00000  ptv=0.0050  smooth=0.0031]
17:01:32    Step 15/55  Loss=0.0948  [mse=0.0052  v_opt=0.00024  v_mand=0.00000  ptv=0.0042  smooth=0.0027]
17:01:35    Step 20/55  Loss=0.1276  [mse=0.0084  v_opt=0.00061  v_mand=0.00000  ptv=0.0042  smooth=0.0033]
17:01:39    Step 25/55  Loss=0.1053  [mse=0.0063  v_opt=0.00000  v_mand=0.00000  ptv=0.0042  smooth=0.0028]
17:01:43    Step 30/55  Loss=0.1181  [mse=0.0079  v_opt=0.00017  v_mand=0.00000  ptv=0.0039  smooth=0.0030]
17:01:46    Step 35/55  Loss=0.1141  [mse=0.0040  v_opt=0.00000  v_mand=0.00000  ptv=0.0074  smooth=0.0032]
17:01:49    Step 40/55  Loss=0.1213  [mse=0.0078  v_opt=0.00000  v_mand=0.00000  ptv=0.0043  smooth=0.0029]
17:01:54    Step 45/55  Loss=0.1006  [mse=0.0054  v_opt=0.00000  v_mand=0.00000  ptv=0.0046  smooth=0.0031]
17:01:57    Step 50/55  Loss=0.1095  [mse=0.0062  v_opt=0.00002  v_mand=0.00000  ptv=0.0047  smooth=0.0029]
17:02:00    Step 55/55  Loss=0.1079  [mse=0.0059  v_opt=0.00389  v_mand=0.00000  ptv=0.0040  smooth=0.0026]
17:02:16  
Epoch 64/100  (lr=2.88e-04)
17:02:22    Step 5/55  Loss=0.1376  [mse=0.0089  v_opt=0.00001  v_mand=0.00000  ptv=0.0048  smooth=0.0027]
17:02:27    Step 10/55  Loss=0.0946  [mse=0.0054  v_opt=0.00089  v_mand=0.00000  ptv=0.0038  smooth=0.0025]
17:02:30    Step 15/55  Loss=0.1248  [mse=0.0067  v_opt=0.00000  v_mand=0.00000  ptv=0.0057  smooth=0.0026]
17:02:32    Step 20/55  Loss=1.1239  [mse=0.1079  v_opt=0.00055  v_mand=0.00001  ptv=0.0043  smooth=0.0025]
17:02:38    Step 25/55  Loss=0.1167  [mse=0.0061  v_opt=0.00000  v_mand=0.00000  ptv=0.0055  smooth=0.0031]
17:02:41    Step 30/55  Loss=0.1322  [mse=0.0083  v_opt=0.00000  v_mand=0.00000  ptv=0.0049  smooth=0.0030]
17:02:44    Step 35/55  Loss=0.1539  [mse=0.0080  v_opt=0.00107  v_mand=0.00000  ptv=0.0072  smooth=0.0026]
17:02:47    Step 40/55  Loss=0.1037  [mse=0.0049  v_opt=0.00118  v_mand=0.00000  ptv=0.0052  smooth=0.0033]
17:02:52    Step 45/55  Loss=0.0861  [mse=0.0046  v_opt=0.00000  v_mand=0.00000  ptv=0.0040  smooth=0.0026]
17:02:55    Step 50/55  Loss=0.1195  [mse=0.0056  v_opt=0.00448  v_mand=0.00000  ptv=0.0054  smooth=0.0028]
17:02:57    Step 55/55  Loss=0.0877  [mse=0.0042  v_opt=0.00100  v_mand=0.00010  ptv=0.0041  smooth=0.0029]
17:03:14  
Epoch 65/100  (lr=2.86e-04)
17:03:21    Step 5/55  Loss=0.4907  [mse=0.0452  v_opt=0.00000  v_mand=0.00000  ptv=0.0038  smooth=0.0026]
17:03:23    Step 10/55  Loss=0.1297  [mse=0.0086  v_opt=0.00098  v_mand=0.00002  ptv=0.0041  smooth=0.0024]
17:03:26    Step 15/55  Loss=0.1022  [mse=0.0059  v_opt=0.00000  v_mand=0.00000  ptv=0.0043  smooth=0.0033]
17:03:29    Step 20/55  Loss=0.0849  [mse=0.0038  v_opt=0.00000  v_mand=0.00000  ptv=0.0046  smooth=0.0032]
17:03:33    Step 25/55  Loss=0.1005  [mse=0.0058  v_opt=0.00000  v_mand=0.00000  ptv=0.0042  smooth=0.0031]
17:03:37    Step 30/55  Loss=0.1546  [mse=0.0094  v_opt=0.00000  v_mand=0.00000  ptv=0.0060  smooth=0.0034]
17:03:41    Step 35/55  Loss=0.0832  [mse=0.0039  v_opt=0.00005  v_mand=0.00000  ptv=0.0044  smooth=0.0033]
17:03:44    Step 40/55  Loss=0.0974  [mse=0.0052  v_opt=0.00000  v_mand=0.00000  ptv=0.0045  smooth=0.0035]
17:03:47    Step 45/55  Loss=0.0828  [mse=0.0044  v_opt=0.00023  v_mand=0.00000  ptv=0.0038  smooth=0.0026]
17:03:52    Step 50/55  Loss=0.1620  [mse=0.0110  v_opt=0.00000  v_mand=0.00000  ptv=0.0051  smooth=0.0029]
17:03:54    Step 55/55  Loss=0.1073  [mse=0.0063  v_opt=0.00000  v_mand=0.00000  ptv=0.0044  smooth=0.0032]
17:04:11  
Epoch 66/100  (lr=2.84e-04)
17:04:17    Step 5/55  Loss=0.1080  [mse=0.0069  v_opt=0.00000  v_mand=0.00000  ptv=0.0039  smooth=0.0027]
17:04:21    Step 10/55  Loss=0.1179  [mse=0.0073  v_opt=0.00028  v_mand=0.00000  ptv=0.0044  smooth=0.0027]
17:04:24    Step 15/55  Loss=0.0947  [mse=0.0053  v_opt=0.00000  v_mand=0.00000  ptv=0.0041  smooth=0.0030]
17:04:26    Step 20/55  Loss=0.7944  [mse=0.0734  v_opt=0.00000  v_mand=0.00000  ptv=0.0060  smooth=0.0027]
17:04:31    Step 25/55  Loss=0.1556  [mse=0.0080  v_opt=0.01257  v_mand=0.00008  ptv=0.0048  smooth=0.0025]
17:04:35    Step 30/55  Loss=0.1168  [mse=0.0073  v_opt=0.00009  v_mand=0.00000  ptv=0.0043  smooth=0.0023]
17:04:38    Step 35/55  Loss=0.0983  [mse=0.0059  v_opt=0.00072  v_mand=0.00000  ptv=0.0037  smooth=0.0026]
17:04:41    Step 40/55  Loss=0.1285  [mse=0.0085  v_opt=0.00000  v_mand=0.00000  ptv=0.0043  smooth=0.0030]
17:04:46    Step 45/55  Loss=0.5882  [mse=0.0533  v_opt=0.00000  v_mand=0.00000  ptv=0.0055  smooth=0.0032]
17:04:49    Step 50/55  Loss=0.1070  [mse=0.0057  v_opt=0.00000  v_mand=0.00000  ptv=0.0050  smooth=0.0028]
17:04:52    Step 55/55  Loss=0.7848  [mse=0.0609  v_opt=0.02293  v_mand=0.00264  ptv=0.0064  smooth=0.0023]
17:05:08  
Epoch 67/100  (lr=2.82e-04)
17:05:15    Step 5/55  Loss=0.1003  [mse=0.0062  v_opt=0.00000  v_mand=0.00000  ptv=0.0038  smooth=0.0041]
17:05:18    Step 10/55  Loss=0.1029  [mse=0.0056  v_opt=0.00006  v_mand=0.00000  ptv=0.0046  smooth=0.0026]
17:05:21    Step 15/55  Loss=0.1194  [mse=0.0070  v_opt=0.00000  v_mand=0.00000  ptv=0.0049  smooth=0.0036]
17:05:24    Step 20/55  Loss=0.1022  [mse=0.0058  v_opt=0.00000  v_mand=0.00000  ptv=0.0044  smooth=0.0032]
17:05:29    Step 25/55  Loss=0.1038  [mse=0.0052  v_opt=0.00707  v_mand=0.00000  ptv=0.0038  smooth=0.0028]
17:05:32    Step 30/55  Loss=0.1439  [mse=0.0094  v_opt=0.00166  v_mand=0.00000  ptv=0.0046  smooth=0.0031]
17:05:35    Step 35/55  Loss=0.1035  [mse=0.0060  v_opt=0.00000  v_mand=0.00000  ptv=0.0043  smooth=0.0028]
17:05:38    Step 40/55  Loss=0.1286  [mse=0.0070  v_opt=0.00574  v_mand=0.00000  ptv=0.0047  smooth=0.0026]
17:05:43    Step 45/55  Loss=0.1270  [mse=0.0049  v_opt=0.00000  v_mand=0.00000  ptv=0.0077  smooth=0.0026]
17:05:46    Step 50/55  Loss=0.1099  [mse=0.0060  v_opt=0.00090  v_mand=0.00000  ptv=0.0048  smooth=0.0023]
17:05:49    Step 55/55  Loss=0.1309  [mse=0.0088  v_opt=0.00000  v_mand=0.00000  ptv=0.0042  smooth=0.0025]
17:06:05  
Epoch 68/100  (lr=2.79e-04)
17:06:11    Step 5/55  Loss=0.7240  [mse=0.0676  v_opt=0.00029  v_mand=0.00000  ptv=0.0047  smooth=0.0034]
17:06:15    Step 10/55  Loss=0.1547  [mse=0.0080  v_opt=0.00000  v_mand=0.00000  ptv=0.0075  smooth=0.0029]
17:06:18    Step 15/55  Loss=0.1533  [mse=0.0105  v_opt=0.00008  v_mand=0.00000  ptv=0.0048  smooth=0.0025]
17:06:21    Step 20/55  Loss=0.1499  [mse=0.0102  v_opt=0.00095  v_mand=0.00000  ptv=0.0046  smooth=0.0027]
17:06:25    Step 25/55  Loss=0.1167  [mse=0.0066  v_opt=0.00018  v_mand=0.00000  ptv=0.0050  smooth=0.0027]
17:06:29    Step 30/55  Loss=0.0939  [mse=0.0050  v_opt=0.00005  v_mand=0.00000  ptv=0.0044  smooth=0.0023]
17:06:32    Step 35/55  Loss=0.1095  [mse=0.0071  v_opt=0.00002  v_mand=0.00000  ptv=0.0038  smooth=0.0024]
17:06:35    Step 40/55  Loss=0.5616  [mse=0.0521  v_opt=0.00000  v_mand=0.00000  ptv=0.0040  smooth=0.0024]
17:06:40    Step 45/55  Loss=0.1056  [mse=0.0063  v_opt=0.00004  v_mand=0.00000  ptv=0.0042  smooth=0.0026]
17:06:43    Step 50/55  Loss=0.1414  [mse=0.0084  v_opt=0.00000  v_mand=0.00000  ptv=0.0058  smooth=0.0029]
17:06:46    Step 55/55  Loss=0.1332  [mse=0.0065  v_opt=0.01103  v_mand=0.00000  ptv=0.0046  smooth=0.0035]
17:07:03  
Epoch 69/100  (lr=2.77e-04)
17:07:10    Step 5/55  Loss=0.1159  [mse=0.0074  v_opt=0.00000  v_mand=0.00000  ptv=0.0041  smooth=0.0033]
17:07:13    Step 10/55  Loss=0.1014  [mse=0.0063  v_opt=0.00039  v_mand=0.00000  ptv=0.0037  smooth=0.0027]
17:07:15    Step 15/55  Loss=0.1047  [mse=0.0063  v_opt=0.00006  v_mand=0.00000  ptv=0.0041  smooth=0.0029]
17:07:19    Step 20/55  Loss=0.1060  [mse=0.0060  v_opt=0.00000  v_mand=0.00000  ptv=0.0046  smooth=0.0031]
17:07:24    Step 25/55  Loss=0.1328  [mse=0.0087  v_opt=0.00000  v_mand=0.00000  ptv=0.0046  smooth=0.0029]
17:07:26    Step 30/55  Loss=0.1051  [mse=0.0064  v_opt=0.00007  v_mand=0.00000  ptv=0.0041  smooth=0.0035]
17:07:29    Step 35/55  Loss=0.1466  [mse=0.0074  v_opt=0.00000  v_mand=0.00000  ptv=0.0072  smooth=0.0039]
17:07:33    Step 40/55  Loss=0.1511  [mse=0.0105  v_opt=0.00078  v_mand=0.00003  ptv=0.0043  smooth=0.0036]
17:07:37    Step 45/55  Loss=0.1022  [mse=0.0065  v_opt=0.00000  v_mand=0.00000  ptv=0.0037  smooth=0.0035]
17:07:40    Step 50/55  Loss=0.0907  [mse=0.0051  v_opt=0.00000  v_mand=0.00000  ptv=0.0039  smooth=0.0028]
17:07:43    Step 55/55  Loss=0.0927  [mse=0.0050  v_opt=0.00000  v_mand=0.00000  ptv=0.0043  smooth=0.0033]
17:08:00  
Epoch 70/100  (lr=2.74e-04)
17:08:07    Step 5/55  Loss=0.0864  [mse=0.0043  v_opt=0.00001  v_mand=0.00000  ptv=0.0043  smooth=0.0040]
17:08:10    Step 10/55  Loss=0.0933  [mse=0.0049  v_opt=0.00087  v_mand=0.00000  ptv=0.0043  smooth=0.0029]
17:08:13    Step 15/55  Loss=0.1327  [mse=0.0089  v_opt=0.00000  v_mand=0.00000  ptv=0.0043  smooth=0.0027]
17:08:16    Step 20/55  Loss=0.1025  [mse=0.0063  v_opt=0.00008  v_mand=0.00000  ptv=0.0039  smooth=0.0027]
17:08:21    Step 25/55  Loss=0.6140  [mse=0.0531  v_opt=0.01588  v_mand=0.00050  ptv=0.0039  smooth=0.0030]
17:08:24    Step 30/55  Loss=0.1003  [mse=0.0061  v_opt=0.00000  v_mand=0.00000  ptv=0.0039  smooth=0.0033]
17:08:27    Step 35/55  Loss=0.1101  [mse=0.0068  v_opt=0.00004  v_mand=0.00000  ptv=0.0042  smooth=0.0023]
17:08:30    Step 40/55  Loss=0.1081  [mse=0.0055  v_opt=0.00118  v_mand=0.00000  ptv=0.0050  smooth=0.0029]
17:08:35    Step 45/55  Loss=0.1110  [mse=0.0064  v_opt=0.00000  v_mand=0.00000  ptv=0.0047  smooth=0.0026]
17:08:38    Step 50/55  Loss=0.1250  [mse=0.0076  v_opt=0.00000  v_mand=0.00000  ptv=0.0049  smooth=0.0025]
17:08:40    Step 55/55  Loss=0.0970  [mse=0.0050  v_opt=0.00272  v_mand=0.00000  ptv=0.0041  smooth=0.0026]
17:08:57  
Epoch 71/100  (lr=2.71e-04)
17:09:03    Step 5/55  Loss=0.0905  [mse=0.0052  v_opt=0.00000  v_mand=0.00000  ptv=0.0039  smooth=0.0031]
17:09:06    Step 10/55  Loss=0.0872  [mse=0.0046  v_opt=0.00031  v_mand=0.00000  ptv=0.0040  smooth=0.0026]
17:09:09    Step 15/55  Loss=0.1045  [mse=0.0061  v_opt=0.00000  v_mand=0.00000  ptv=0.0044  smooth=0.0025]
17:09:13    Step 20/55  Loss=0.1090  [mse=0.0059  v_opt=0.00030  v_mand=0.00000  ptv=0.0049  smooth=0.0024]
17:09:17    Step 25/55  Loss=0.0801  [mse=0.0040  v_opt=0.00026  v_mand=0.00000  ptv=0.0040  smooth=0.0029]
17:09:20    Step 30/55  Loss=0.1016  [mse=0.0056  v_opt=0.00121  v_mand=0.00004  ptv=0.0042  smooth=0.0029]
17:09:24    Step 35/55  Loss=0.0801  [mse=0.0038  v_opt=0.00022  v_mand=0.00000  ptv=0.0041  smooth=0.0024]
17:09:27    Step 40/55  Loss=0.1586  [mse=0.0119  v_opt=0.00000  v_mand=0.00000  ptv=0.0039  smooth=0.0025]
17:09:31    Step 45/55  Loss=0.5030  [mse=0.0463  v_opt=0.00000  v_mand=0.00000  ptv=0.0040  smooth=0.0029]
17:09:35    Step 50/55  Loss=0.1120  [mse=0.0059  v_opt=0.00439  v_mand=0.00000  ptv=0.0044  smooth=0.0029]
17:09:37    Step 55/55  Loss=0.1167  [mse=0.0070  v_opt=0.00000  v_mand=0.00000  ptv=0.0046  smooth=0.0031]
17:09:54  
Epoch 72/100  (lr=2.69e-04)
17:10:00    Step 5/55  Loss=0.1060  [mse=0.0047  v_opt=0.00252  v_mand=0.00001  ptv=0.0053  smooth=0.0039]
17:10:03    Step 10/55  Loss=0.0808  [mse=0.0039  v_opt=0.00004  v_mand=0.00000  ptv=0.0042  smooth=0.0030]
17:10:07    Step 15/55  Loss=0.0986  [mse=0.0049  v_opt=0.00489  v_mand=0.00001  ptv=0.0040  smooth=0.0025]
17:10:10    Step 20/55  Loss=0.0964  [mse=0.0050  v_opt=0.00065  v_mand=0.00000  ptv=0.0045  smooth=0.0025]
17:10:15    Step 25/55  Loss=0.0965  [mse=0.0052  v_opt=0.00026  v_mand=0.00000  ptv=0.0044  smooth=0.0028]
17:10:18    Step 30/55  Loss=0.1094  [mse=0.0061  v_opt=0.00000  v_mand=0.00000  ptv=0.0048  smooth=0.0032]
17:10:21    Step 35/55  Loss=0.1097  [mse=0.0060  v_opt=0.00214  v_mand=0.00018  ptv=0.0041  smooth=0.0026]
17:10:24    Step 40/55  Loss=0.1073  [mse=0.0062  v_opt=0.00004  v_mand=0.00000  ptv=0.0045  smooth=0.0026]
17:10:29    Step 45/55  Loss=0.5481  [mse=0.0484  v_opt=0.00000  v_mand=0.00000  ptv=0.0064  smooth=0.0025]
17:10:32    Step 50/55  Loss=0.8509  [mse=0.0804  v_opt=0.00026  v_mand=0.00000  ptv=0.0046  smooth=0.0023]
17:10:35    Step 55/55  Loss=0.1093  [mse=0.0065  v_opt=0.00000  v_mand=0.00000  ptv=0.0045  smooth=0.0023]
17:10:51  
Epoch 73/100  (lr=2.66e-04)
17:10:58    Step 5/55  Loss=0.9244  [mse=0.0881  v_opt=0.00000  v_mand=0.00000  ptv=0.0043  smooth=0.0030]
17:11:01    Step 10/55  Loss=0.0890  [mse=0.0049  v_opt=0.00000  v_mand=0.00000  ptv=0.0040  smooth=0.0029]
17:11:04    Step 15/55  Loss=0.1107  [mse=0.0072  v_opt=0.00010  v_mand=0.00000  ptv=0.0038  smooth=0.0031]
17:11:07    Step 20/55  Loss=0.1350  [mse=0.0094  v_opt=0.00006  v_mand=0.00000  ptv=0.0041  smooth=0.0022]
17:11:11    Step 25/55  Loss=0.1350  [mse=0.0082  v_opt=0.00000  v_mand=0.00000  ptv=0.0053  smooth=0.0036]
17:11:14    Step 30/55  Loss=0.1088  [mse=0.0070  v_opt=0.00000  v_mand=0.00000  ptv=0.0039  smooth=0.0027]
17:11:17    Step 35/55  Loss=0.1162  [mse=0.0060  v_opt=0.00000  v_mand=0.00000  ptv=0.0056  smooth=0.0023]
17:11:21    Step 40/55  Loss=0.1021  [mse=0.0063  v_opt=0.00000  v_mand=0.00000  ptv=0.0038  smooth=0.0023]
17:11:25    Step 45/55  Loss=0.0837  [mse=0.0046  v_opt=0.00000  v_mand=0.00000  ptv=0.0037  smooth=0.0028]
17:11:28    Step 50/55  Loss=0.0973  [mse=0.0052  v_opt=0.00000  v_mand=0.00000  ptv=0.0045  smooth=0.0022]
17:11:31    Step 55/55  Loss=0.1090  [mse=0.0066  v_opt=0.00000  v_mand=0.00000  ptv=0.0043  smooth=0.0024]
17:11:48  
Epoch 74/100  (lr=2.63e-04)
17:11:55    Step 5/55  Loss=0.1317  [mse=0.0064  v_opt=0.00013  v_mand=0.00000  ptv=0.0067  smooth=0.0028]
17:11:58    Step 10/55  Loss=0.0995  [mse=0.0037  v_opt=0.00841  v_mand=0.00000  ptv=0.0046  smooth=0.0023]
17:12:01    Step 15/55  Loss=0.1059  [mse=0.0055  v_opt=0.00008  v_mand=0.00000  ptv=0.0050  smooth=0.0029]
17:12:04    Step 20/55  Loss=0.1387  [mse=0.0052  v_opt=0.00000  v_mand=0.00000  ptv=0.0087  smooth=0.0022]
17:12:09    Step 25/55  Loss=0.4829  [mse=0.0435  v_opt=0.00300  v_mand=0.00000  ptv=0.0041  smooth=0.0024]
17:12:12    Step 30/55  Loss=0.0947  [mse=0.0056  v_opt=0.00000  v_mand=0.00000  ptv=0.0038  smooth=0.0024]
17:12:15    Step 35/55  Loss=0.1103  [mse=0.0066  v_opt=0.00000  v_mand=0.00000  ptv=0.0044  smooth=0.0033]
17:12:18    Step 40/55  Loss=0.1085  [mse=0.0071  v_opt=0.00000  v_mand=0.00000  ptv=0.0037  smooth=0.0038]
17:12:22    Step 45/55  Loss=0.1155  [mse=0.0067  v_opt=0.00000  v_mand=0.00000  ptv=0.0048  smooth=0.0031]
17:12:25    Step 50/55  Loss=0.1088  [mse=0.0051  v_opt=0.00421  v_mand=0.00000  ptv=0.0049  smooth=0.0025]
17:12:29    Step 55/55  Loss=0.0930  [mse=0.0055  v_opt=0.00000  v_mand=0.00000  ptv=0.0038  smooth=0.0025]
17:12:45  
Epoch 75/100  (lr=2.59e-04)
17:12:52    Step 5/55  Loss=0.0887  [mse=0.0049  v_opt=0.00005  v_mand=0.00000  ptv=0.0040  smooth=0.0025]
17:12:55    Step 10/55  Loss=0.1270  [mse=0.0075  v_opt=0.00000  v_mand=0.00000  ptv=0.0052  smooth=0.0027]
17:12:58    Step 15/55  Loss=0.0824  [mse=0.0044  v_opt=0.00000  v_mand=0.00000  ptv=0.0038  smooth=0.0025]
17:13:02    Step 20/55  Loss=0.0796  [mse=0.0041  v_opt=0.00023  v_mand=0.00000  ptv=0.0038  smooth=0.0026]
17:13:06    Step 25/55  Loss=0.5146  [mse=0.0477  v_opt=0.00000  v_mand=0.00000  ptv=0.0038  smooth=0.0024]
17:13:10    Step 30/55  Loss=0.1146  [mse=0.0072  v_opt=0.00000  v_mand=0.00000  ptv=0.0042  smooth=0.0023]
17:13:12    Step 35/55  Loss=0.7616  [mse=0.0714  v_opt=0.00385  v_mand=0.00000  ptv=0.0040  smooth=0.0029]
17:13:15    Step 40/55  Loss=0.1260  [mse=0.0077  v_opt=0.00020  v_mand=0.00000  ptv=0.0048  smooth=0.0023]
17:13:20    Step 45/55  Loss=0.0899  [mse=0.0047  v_opt=0.00001  v_mand=0.00000  ptv=0.0043  smooth=0.0027]
17:13:23    Step 50/55  Loss=0.0851  [mse=0.0041  v_opt=0.00236  v_mand=0.00000  ptv=0.0039  smooth=0.0025]
17:13:26    Step 55/55  Loss=0.0965  [mse=0.0056  v_opt=0.00004  v_mand=0.00000  ptv=0.0040  smooth=0.0024]
17:13:43  
Epoch 76/100  (lr=2.56e-04)
17:13:49    Step 5/55  Loss=0.1109  [mse=0.0063  v_opt=0.00003  v_mand=0.00000  ptv=0.0048  smooth=0.0032]
17:13:53    Step 10/55  Loss=0.0917  [mse=0.0053  v_opt=0.00000  v_mand=0.00000  ptv=0.0039  smooth=0.0028]
17:13:55    Step 15/55  Loss=0.5952  [mse=0.0552  v_opt=0.00027  v_mand=0.00000  ptv=0.0042  smooth=0.0035]
17:13:58    Step 20/55  Loss=0.1384  [mse=0.0073  v_opt=0.00000  v_mand=0.00000  ptv=0.0065  smooth=0.0028]
17:14:04    Step 25/55  Loss=0.1323  [mse=0.0078  v_opt=0.00000  v_mand=0.00000  ptv=0.0054  smooth=0.0023]
17:14:07    Step 30/55  Loss=0.1204  [mse=0.0060  v_opt=0.00316  v_mand=0.00000  ptv=0.0054  smooth=0.0023]
17:14:10    Step 35/55  Loss=0.5112  [mse=0.0467  v_opt=0.00006  v_mand=0.00000  ptv=0.0044  smooth=0.0026]
17:14:13    Step 40/55  Loss=0.6929  [mse=0.0652  v_opt=0.00000  v_mand=0.00000  ptv=0.0040  smooth=0.0030]
17:14:18    Step 45/55  Loss=0.1257  [mse=0.0070  v_opt=0.00000  v_mand=0.00000  ptv=0.0056  smooth=0.0036]
17:14:21    Step 50/55  Loss=0.1243  [mse=0.0056  v_opt=0.00000  v_mand=0.00000  ptv=0.0068  smooth=0.0033]
17:14:23    Step 55/55  Loss=0.0949  [mse=0.0051  v_opt=0.00000  v_mand=0.00000  ptv=0.0044  smooth=0.0027]
17:14:40  
Epoch 77/100  (lr=2.53e-04)
17:14:47    Step 5/55  Loss=0.0851  [mse=0.0044  v_opt=0.00021  v_mand=0.00000  ptv=0.0040  smooth=0.0021]
17:14:50    Step 10/55  Loss=0.0934  [mse=0.0054  v_opt=0.00000  v_mand=0.00000  ptv=0.0039  smooth=0.0028]
17:14:53    Step 15/55  Loss=0.1121  [mse=0.0068  v_opt=0.00000  v_mand=0.00000  ptv=0.0044  smooth=0.0027]
17:14:56    Step 20/55  Loss=0.1476  [mse=0.0085  v_opt=0.00070  v_mand=0.00000  ptv=0.0061  smooth=0.0023]
17:15:01    Step 25/55  Loss=0.0867  [mse=0.0048  v_opt=0.00001  v_mand=0.00000  ptv=0.0038  smooth=0.0023]
17:15:03    Step 30/55  Loss=0.0996  [mse=0.0050  v_opt=0.00000  v_mand=0.00000  ptv=0.0050  smooth=0.0024]
17:15:07    Step 35/55  Loss=0.0962  [mse=0.0048  v_opt=0.00000  v_mand=0.00000  ptv=0.0048  smooth=0.0033]
17:15:10    Step 40/55  Loss=0.1057  [mse=0.0056  v_opt=0.00057  v_mand=0.00000  ptv=0.0048  smooth=0.0038]
17:15:15    Step 45/55  Loss=0.0939  [mse=0.0041  v_opt=0.00084  v_mand=0.00000  ptv=0.0051  smooth=0.0039]
17:15:17    Step 50/55  Loss=0.1188  [mse=0.0066  v_opt=0.00000  v_mand=0.00000  ptv=0.0052  smooth=0.0023]
17:15:20    Step 55/55  Loss=0.8521  [mse=0.0805  v_opt=0.00025  v_mand=0.00000  ptv=0.0046  smooth=0.0024]
17:15:37  
Epoch 78/100  (lr=2.49e-04)
17:15:43    Step 5/55  Loss=0.0944  [mse=0.0041  v_opt=0.00166  v_mand=0.00028  ptv=0.0043  smooth=0.0038]
17:15:46    Step 10/55  Loss=0.0967  [mse=0.0058  v_opt=0.00014  v_mand=0.00000  ptv=0.0038  smooth=0.0038]
17:15:49    Step 15/55  Loss=0.1037  [mse=0.0049  v_opt=0.00582  v_mand=0.00000  ptv=0.0043  smooth=0.0047]
17:15:52    Step 20/55  Loss=0.0907  [mse=0.0053  v_opt=0.00000  v_mand=0.00000  ptv=0.0037  smooth=0.0040]
17:15:57    Step 25/55  Loss=0.0984  [mse=0.0055  v_opt=0.00002  v_mand=0.00000  ptv=0.0043  smooth=0.0032]
17:16:00    Step 30/55  Loss=0.0809  [mse=0.0040  v_opt=0.00000  v_mand=0.00000  ptv=0.0040  smooth=0.0023]
17:16:03    Step 35/55  Loss=0.0898  [mse=0.0052  v_opt=0.00000  v_mand=0.00000  ptv=0.0037  smooth=0.0023]
17:16:07    Step 40/55  Loss=0.1129  [mse=0.0047  v_opt=0.00000  v_mand=0.00000  ptv=0.0066  smooth=0.0026]
17:16:10    Step 45/55  Loss=0.1446  [mse=0.0101  v_opt=0.00000  v_mand=0.00000  ptv=0.0043  smooth=0.0025]
17:16:15    Step 50/55  Loss=0.1435  [mse=0.0081  v_opt=0.00932  v_mand=0.00000  ptv=0.0044  smooth=0.0022]
17:16:17    Step 55/55  Loss=0.1002  [mse=0.0059  v_opt=0.00001  v_mand=0.00000  ptv=0.0041  smooth=0.0025]
17:16:34  
Epoch 79/100  (lr=2.46e-04)
17:16:40    Step 5/55  Loss=0.0930  [mse=0.0055  v_opt=0.00000  v_mand=0.00000  ptv=0.0038  smooth=0.0026]
17:16:44    Step 10/55  Loss=0.0807  [mse=0.0036  v_opt=0.00108  v_mand=0.00005  ptv=0.0041  smooth=0.0024]
17:16:46    Step 15/55  Loss=0.1041  [mse=0.0061  v_opt=0.00000  v_mand=0.00000  ptv=0.0043  smooth=0.0020]
17:16:49    Step 20/55  Loss=0.7837  [mse=0.0747  v_opt=0.00000  v_mand=0.00000  ptv=0.0037  smooth=0.0022]
17:16:55    Step 25/55  Loss=0.1413  [mse=0.0073  v_opt=0.00321  v_mand=0.00053  ptv=0.0048  smooth=0.0023]
17:16:58    Step 30/55  Loss=0.1240  [mse=0.0058  v_opt=0.00828  v_mand=0.00000  ptv=0.0049  smooth=0.0025]
17:17:00    Step 35/55  Loss=0.1102  [mse=0.0061  v_opt=0.00000  v_mand=0.00000  ptv=0.0049  smooth=0.0024]
17:17:03    Step 40/55  Loss=0.2288  [mse=0.0184  v_opt=0.00000  v_mand=0.00000  ptv=0.0045  smooth=0.0022]
17:17:09    Step 45/55  Loss=0.1481  [mse=0.0103  v_opt=0.00000  v_mand=0.00000  ptv=0.0045  smooth=0.0025]
17:17:12    Step 50/55  Loss=0.0940  [mse=0.0055  v_opt=0.00094  v_mand=0.00000  ptv=0.0036  smooth=0.0026]
17:17:14    Step 55/55  Loss=0.8128  [mse=0.0775  v_opt=0.00001  v_mand=0.00000  ptv=0.0038  smooth=0.0030]
17:17:31  
Epoch 80/100  (lr=2.42e-04)
17:17:37    Step 5/55  Loss=0.0827  [mse=0.0039  v_opt=0.00000  v_mand=0.00000  ptv=0.0043  smooth=0.0029]
17:17:40    Step 10/55  Loss=0.0985  [mse=0.0055  v_opt=0.00060  v_mand=0.00000  ptv=0.0043  smooth=0.0024]
17:17:43    Step 15/55  Loss=0.0986  [mse=0.0054  v_opt=0.00000  v_mand=0.00000  ptv=0.0045  smooth=0.0027]
17:17:46    Step 20/55  Loss=0.0755  [mse=0.0038  v_opt=0.00000  v_mand=0.00000  ptv=0.0037  smooth=0.0052]
17:17:52    Step 25/55  Loss=0.1206  [mse=0.0080  v_opt=0.00003  v_mand=0.00000  ptv=0.0041  smooth=0.0045]
17:17:55    Step 30/55  Loss=0.1250  [mse=0.0064  v_opt=0.00000  v_mand=0.00000  ptv=0.0060  smooth=0.0034]
17:17:57    Step 35/55  Loss=0.0964  [mse=0.0046  v_opt=0.00409  v_mand=0.00008  ptv=0.0040  smooth=0.0024]
17:18:00    Step 40/55  Loss=0.1072  [mse=0.0063  v_opt=0.00000  v_mand=0.00000  ptv=0.0044  smooth=0.0043]
17:18:06    Step 45/55  Loss=0.1175  [mse=0.0063  v_opt=0.00244  v_mand=0.00000  ptv=0.0049  smooth=0.0049]
17:18:09    Step 50/55  Loss=0.6628  [mse=0.0611  v_opt=0.00000  v_mand=0.00000  ptv=0.0052  smooth=0.0028]
17:18:11    Step 55/55  Loss=0.1325  [mse=0.0075  v_opt=0.00000  v_mand=0.00000  ptv=0.0057  smooth=0.0037]
17:18:28  
Epoch 81/100  (lr=2.38e-04)
17:18:34    Step 5/55  Loss=0.1163  [mse=0.0058  v_opt=0.00000  v_mand=0.00000  ptv=0.0058  smooth=0.0022]
17:18:37    Step 10/55  Loss=0.0873  [mse=0.0047  v_opt=0.00011  v_mand=0.00000  ptv=0.0040  smooth=0.0023]
17:18:40    Step 15/55  Loss=0.0909  [mse=0.0053  v_opt=0.00025  v_mand=0.00000  ptv=0.0037  smooth=0.0022]
17:18:43    Step 20/55  Loss=0.0874  [mse=0.0049  v_opt=0.00015  v_mand=0.00000  ptv=0.0038  smooth=0.0023]
17:18:48    Step 25/55  Loss=0.1127  [mse=0.0076  v_opt=0.00011  v_mand=0.00000  ptv=0.0036  smooth=0.0021]
17:18:52    Step 30/55  Loss=0.8638  [mse=0.0818  v_opt=0.00346  v_mand=0.00000  ptv=0.0039  smooth=0.0023]
17:18:55    Step 35/55  Loss=0.1112  [mse=0.0059  v_opt=0.00292  v_mand=0.00006  ptv=0.0045  smooth=0.0025]
17:18:58    Step 40/55  Loss=0.6593  [mse=0.0613  v_opt=0.00000  v_mand=0.00000  ptv=0.0046  smooth=0.0026]
17:19:03    Step 45/55  Loss=0.1477  [mse=0.0104  v_opt=0.00000  v_mand=0.00000  ptv=0.0043  smooth=0.0024]
17:19:06    Step 50/55  Loss=0.1078  [mse=0.0067  v_opt=0.00000  v_mand=0.00000  ptv=0.0041  smooth=0.0031]
17:19:08    Step 55/55  Loss=0.1242  [mse=0.0078  v_opt=0.00051  v_mand=0.00000  ptv=0.0045  smooth=0.0030]
17:19:25  
Epoch 82/100  (lr=2.35e-04)
17:19:31    Step 5/55  Loss=0.1149  [mse=0.0075  v_opt=0.00004  v_mand=0.00000  ptv=0.0040  smooth=0.0027]
17:19:35    Step 10/55  Loss=0.0975  [mse=0.0053  v_opt=0.00000  v_mand=0.00000  ptv=0.0044  smooth=0.0022]
17:19:38    Step 15/55  Loss=0.0865  [mse=0.0049  v_opt=0.00005  v_mand=0.00000  ptv=0.0037  smooth=0.0022]
17:19:42    Step 20/55  Loss=0.1071  [mse=0.0058  v_opt=0.00000  v_mand=0.00000  ptv=0.0048  smooth=0.0024]
17:19:46    Step 25/55  Loss=0.0759  [mse=0.0038  v_opt=0.00026  v_mand=0.00000  ptv=0.0037  smooth=0.0025]
17:19:49    Step 30/55  Loss=0.6006  [mse=0.0561  v_opt=0.00002  v_mand=0.00000  ptv=0.0040  smooth=0.0026]
17:19:53    Step 35/55  Loss=0.1289  [mse=0.0077  v_opt=0.00000  v_mand=0.00000  ptv=0.0051  smooth=0.0023]
17:19:55    Step 40/55  Loss=0.1473  [mse=0.0099  v_opt=0.00001  v_mand=0.00000  ptv=0.0048  smooth=0.0023]
17:19:59    Step 45/55  Loss=0.0884  [mse=0.0047  v_opt=0.00007  v_mand=0.00000  ptv=0.0041  smooth=0.0028]
17:20:02    Step 50/55  Loss=0.1436  [mse=0.0078  v_opt=0.00433  v_mand=0.00006  ptv=0.0055  smooth=0.0030]
17:20:06    Step 55/55  Loss=0.1327  [mse=0.0087  v_opt=0.00005  v_mand=0.00000  ptv=0.0045  smooth=0.0025]
17:20:23  
Epoch 83/100  (lr=2.31e-04)
17:20:29    Step 5/55  Loss=0.0763  [mse=0.0039  v_opt=0.00000  v_mand=0.00000  ptv=0.0037  smooth=0.0029]
17:20:33    Step 10/55  Loss=0.7498  [mse=0.0709  v_opt=0.00000  v_mand=0.00000  ptv=0.0041  smooth=0.0027]
17:20:35    Step 15/55  Loss=0.1298  [mse=0.0070  v_opt=0.00295  v_mand=0.00000  ptv=0.0053  smooth=0.0029]
17:20:39    Step 20/55  Loss=0.0826  [mse=0.0040  v_opt=0.00009  v_mand=0.00000  ptv=0.0042  smooth=0.0023]
17:20:44    Step 25/55  Loss=0.0800  [mse=0.0037  v_opt=0.00000  v_mand=0.00000  ptv=0.0042  smooth=0.0026]
17:20:47    Step 30/55  Loss=0.0946  [mse=0.0041  v_opt=0.00087  v_mand=0.00000  ptv=0.0051  smooth=0.0032]
17:20:50    Step 35/55  Loss=0.0830  [mse=0.0046  v_opt=0.00000  v_mand=0.00000  ptv=0.0037  smooth=0.0025]
17:20:54    Step 40/55  Loss=0.7099  [mse=0.0672  v_opt=0.00002  v_mand=0.00000  ptv=0.0037  smooth=0.0020]
17:20:58    Step 45/55  Loss=0.0899  [mse=0.0048  v_opt=0.00000  v_mand=0.00000  ptv=0.0042  smooth=0.0021]
17:21:01    Step 50/55  Loss=0.1024  [mse=0.0063  v_opt=0.00000  v_mand=0.00000  ptv=0.0040  smooth=0.0021]
17:21:04    Step 55/55  Loss=0.0906  [mse=0.0047  v_opt=0.00029  v_mand=0.00000  ptv=0.0043  smooth=0.0026]
17:21:20  
Epoch 84/100  (lr=2.27e-04)
17:21:27    Step 5/55  Loss=0.0707  [mse=0.0033  v_opt=0.00000  v_mand=0.00000  ptv=0.0037  smooth=0.0023]
17:21:30    Step 10/55  Loss=0.0703  [mse=0.0032  v_opt=0.00000  v_mand=0.00000  ptv=0.0038  smooth=0.0024]
17:21:33    Step 15/55  Loss=0.0797  [mse=0.0041  v_opt=0.00014  v_mand=0.00000  ptv=0.0038  smooth=0.0022]
17:21:35    Step 20/55  Loss=0.0936  [mse=0.0040  v_opt=0.00047  v_mand=0.00000  ptv=0.0052  smooth=0.0019]
17:21:40    Step 25/55  Loss=0.1008  [mse=0.0058  v_opt=0.00000  v_mand=0.00000  ptv=0.0042  smooth=0.0022]
17:21:43    Step 30/55  Loss=0.1236  [mse=0.0081  v_opt=0.00000  v_mand=0.00000  ptv=0.0043  smooth=0.0021]
17:21:46    Step 35/55  Loss=0.1036  [mse=0.0055  v_opt=0.00497  v_mand=0.00001  ptv=0.0038  smooth=0.0025]
17:21:50    Step 40/55  Loss=0.1039  [mse=0.0059  v_opt=0.00129  v_mand=0.00000  ptv=0.0042  smooth=0.0025]
17:21:55    Step 45/55  Loss=0.1166  [mse=0.0071  v_opt=0.00000  v_mand=0.00000  ptv=0.0045  smooth=0.0021]
17:21:58    Step 50/55  Loss=0.0984  [mse=0.0058  v_opt=0.00001  v_mand=0.00000  ptv=0.0040  smooth=0.0022]
17:22:00    Step 55/55  Loss=0.1291  [mse=0.0076  v_opt=0.00317  v_mand=0.00004  ptv=0.0045  smooth=0.0036]
17:22:17  
Epoch 85/100  (lr=2.23e-04)
17:22:24    Step 5/55  Loss=0.1329  [mse=0.0079  v_opt=0.00000  v_mand=0.00000  ptv=0.0054  smooth=0.0023]
17:22:26    Step 10/55  Loss=0.1118  [mse=0.0054  v_opt=0.00000  v_mand=0.00000  ptv=0.0057  smooth=0.0021]
17:22:30    Step 15/55  Loss=0.0932  [mse=0.0046  v_opt=0.00004  v_mand=0.00000  ptv=0.0047  smooth=0.0023]
17:22:33    Step 20/55  Loss=0.0868  [mse=0.0039  v_opt=0.00070  v_mand=0.00004  ptv=0.0045  smooth=0.0026]
17:22:38    Step 25/55  Loss=0.0803  [mse=0.0034  v_opt=0.00292  v_mand=0.00000  ptv=0.0040  smooth=0.0025]
17:22:41    Step 30/55  Loss=0.5336  [mse=0.0480  v_opt=0.00062  v_mand=0.00000  ptv=0.0052  smooth=0.0027]
17:22:44    Step 35/55  Loss=0.1065  [mse=0.0067  v_opt=0.00000  v_mand=0.00000  ptv=0.0039  smooth=0.0023]
17:22:46    Step 40/55  Loss=0.0978  [mse=0.0048  v_opt=0.00000  v_mand=0.00000  ptv=0.0049  smooth=0.0021]
17:22:52    Step 45/55  Loss=0.7193  [mse=0.0664  v_opt=0.00000  v_mand=0.00000  ptv=0.0055  smooth=0.0024]
17:22:55    Step 50/55  Loss=0.1133  [mse=0.0069  v_opt=0.00391  v_mand=0.00000  ptv=0.0037  smooth=0.0020]
17:22:58    Step 55/55  Loss=0.0974  [mse=0.0055  v_opt=0.00000  v_mand=0.00000  ptv=0.0043  smooth=0.0021]
17:23:14  
Epoch 86/100  (lr=2.18e-04)
17:23:21    Step 5/55  Loss=0.1082  [mse=0.0054  v_opt=0.00000  v_mand=0.00000  ptv=0.0054  smooth=0.0019]
17:23:24    Step 10/55  Loss=0.6922  [mse=0.0647  v_opt=0.00000  v_mand=0.00000  ptv=0.0046  smooth=0.0020]
17:23:27    Step 15/55  Loss=0.0815  [mse=0.0038  v_opt=0.00232  v_mand=0.00008  ptv=0.0036  smooth=0.0026]
17:23:30    Step 20/55  Loss=0.0996  [mse=0.0050  v_opt=0.00000  v_mand=0.00000  ptv=0.0049  smooth=0.0026]
17:23:35    Step 25/55  Loss=0.0909  [mse=0.0045  v_opt=0.00000  v_mand=0.00000  ptv=0.0046  smooth=0.0021]
17:23:38    Step 30/55  Loss=0.0789  [mse=0.0041  v_opt=0.00000  v_mand=0.00000  ptv=0.0037  smooth=0.0026]
17:23:41    Step 35/55  Loss=0.1139  [mse=0.0060  v_opt=0.00005  v_mand=0.00000  ptv=0.0054  smooth=0.0025]
17:23:44    Step 40/55  Loss=0.1017  [mse=0.0052  v_opt=0.00001  v_mand=0.00000  ptv=0.0050  smooth=0.0024]
17:23:49    Step 45/55  Loss=0.0931  [mse=0.0045  v_opt=0.00186  v_mand=0.00001  ptv=0.0044  smooth=0.0020]
17:23:52    Step 50/55  Loss=0.0945  [mse=0.0050  v_opt=0.00151  v_mand=0.00000  ptv=0.0042  smooth=0.0022]
17:23:54    Step 55/55  Loss=0.0730  [mse=0.0032  v_opt=0.00000  v_mand=0.00000  ptv=0.0040  smooth=0.0018]
17:24:11  
Epoch 87/100  (lr=2.14e-04)
17:24:17    Step 5/55  Loss=0.0891  [mse=0.0053  v_opt=0.00000  v_mand=0.00000  ptv=0.0036  smooth=0.0024]
17:24:21    Step 10/55  Loss=0.1019  [mse=0.0055  v_opt=0.00000  v_mand=0.00000  ptv=0.0047  smooth=0.0024]
17:24:23    Step 15/55  Loss=0.0919  [mse=0.0034  v_opt=0.00270  v_mand=0.00000  ptv=0.0053  smooth=0.0021]
17:24:26    Step 20/55  Loss=0.0877  [mse=0.0034  v_opt=0.00000  v_mand=0.00000  ptv=0.0054  smooth=0.0023]
17:24:31    Step 25/55  Loss=0.0866  [mse=0.0046  v_opt=0.00006  v_mand=0.00000  ptv=0.0040  smooth=0.0033]
17:24:34    Step 30/55  Loss=0.1110  [mse=0.0074  v_opt=0.00000  v_mand=0.00000  ptv=0.0037  smooth=0.0026]
17:24:37    Step 35/55  Loss=0.0932  [mse=0.0044  v_opt=0.00000  v_mand=0.00000  ptv=0.0049  smooth=0.0020]
17:24:41    Step 40/55  Loss=0.1080  [mse=0.0062  v_opt=0.00000  v_mand=0.00000  ptv=0.0046  smooth=0.0023]
17:24:45    Step 45/55  Loss=0.0771  [mse=0.0040  v_opt=0.00000  v_mand=0.00000  ptv=0.0036  smooth=0.0021]
17:24:48    Step 50/55  Loss=0.0755  [mse=0.0036  v_opt=0.00000  v_mand=0.00000  ptv=0.0039  smooth=0.0019]
17:24:52    Step 55/55  Loss=0.0915  [mse=0.0051  v_opt=0.00033  v_mand=0.00000  ptv=0.0039  smooth=0.0025]
17:25:09  
Epoch 88/100  (lr=2.10e-04)
17:25:15    Step 5/55  Loss=0.0927  [mse=0.0053  v_opt=0.00003  v_mand=0.00000  ptv=0.0039  smooth=0.0021]
17:25:18    Step 10/55  Loss=0.0860  [mse=0.0043  v_opt=0.00000  v_mand=0.00000  ptv=0.0042  smooth=0.0018]
17:25:21    Step 15/55  Loss=0.0813  [mse=0.0041  v_opt=0.00120  v_mand=0.00000  ptv=0.0038  smooth=0.0021]
17:25:24    Step 20/55  Loss=0.0948  [mse=0.0055  v_opt=0.00000  v_mand=0.00000  ptv=0.0039  smooth=0.0027]
17:25:29    Step 25/55  Loss=0.1211  [mse=0.0052  v_opt=0.01321  v_mand=0.00001  ptv=0.0042  smooth=0.0026]
17:25:32    Step 30/55  Loss=0.0727  [mse=0.0033  v_opt=0.00001  v_mand=0.00000  ptv=0.0039  smooth=0.0021]
17:25:35    Step 35/55  Loss=0.0858  [mse=0.0048  v_opt=0.00000  v_mand=0.00000  ptv=0.0038  smooth=0.0020]
17:25:39    Step 40/55  Loss=0.0898  [mse=0.0052  v_opt=0.00030  v_mand=0.00000  ptv=0.0037  smooth=0.0020]
17:25:44    Step 45/55  Loss=0.0940  [mse=0.0050  v_opt=0.00000  v_mand=0.00000  ptv=0.0044  smooth=0.0023]
17:25:47    Step 50/55  Loss=0.0884  [mse=0.0050  v_opt=0.00026  v_mand=0.00000  ptv=0.0037  smooth=0.0024]
17:25:49    Step 55/55  Loss=0.0781  [mse=0.0040  v_opt=0.00000  v_mand=0.00000  ptv=0.0038  smooth=0.0025]
17:26:06  
Epoch 89/100  (lr=2.06e-04)
17:26:12    Step 5/55  Loss=0.0857  [mse=0.0041  v_opt=0.00116  v_mand=0.00000  ptv=0.0043  smooth=0.0022]
17:26:15    Step 10/55  Loss=0.1070  [mse=0.0063  v_opt=0.00000  v_mand=0.00000  ptv=0.0044  smooth=0.0021]
17:26:18    Step 15/55  Loss=0.0945  [mse=0.0054  v_opt=0.00000  v_mand=0.00000  ptv=0.0040  smooth=0.0022]
17:26:22    Step 20/55  Loss=0.0701  [mse=0.0030  v_opt=0.00047  v_mand=0.00000  ptv=0.0039  smooth=0.0019]
17:26:26    Step 25/55  Loss=0.6174  [mse=0.0579  v_opt=0.00072  v_mand=0.00005  ptv=0.0036  smooth=0.0022]
17:26:30    Step 30/55  Loss=0.1261  [mse=0.0081  v_opt=0.00004  v_mand=0.00000  ptv=0.0045  smooth=0.0023]
17:26:33    Step 35/55  Loss=0.0956  [mse=0.0053  v_opt=0.00000  v_mand=0.00000  ptv=0.0043  smooth=0.0021]
17:26:36    Step 40/55  Loss=0.0796  [mse=0.0043  v_opt=0.00001  v_mand=0.00000  ptv=0.0036  smooth=0.0030]
17:26:41    Step 45/55  Loss=0.0971  [mse=0.0056  v_opt=0.00000  v_mand=0.00000  ptv=0.0040  smooth=0.0027]
17:26:44    Step 50/55  Loss=0.0742  [mse=0.0034  v_opt=0.00097  v_mand=0.00000  ptv=0.0038  smooth=0.0023]
17:26:46    Step 55/55  Loss=0.0798  [mse=0.0041  v_opt=0.00004  v_mand=0.00000  ptv=0.0038  smooth=0.0024]
17:27:03  
Epoch 90/100  (lr=2.01e-04)
17:27:09    Step 5/55  Loss=0.0813  [mse=0.0042  v_opt=0.00009  v_mand=0.00000  ptv=0.0039  smooth=0.0019]
17:27:13    Step 10/55  Loss=0.0803  [mse=0.0040  v_opt=0.00020  v_mand=0.00000  ptv=0.0040  smooth=0.0019]
17:27:16    Step 15/55  Loss=0.8333  [mse=0.0794  v_opt=0.00000  v_mand=0.00000  ptv=0.0039  smooth=0.0023]
17:27:18    Step 20/55  Loss=0.0741  [mse=0.0036  v_opt=0.00000  v_mand=0.00000  ptv=0.0038  smooth=0.0019]
17:27:24    Step 25/55  Loss=0.0911  [mse=0.0036  v_opt=0.00622  v_mand=0.00021  ptv=0.0037  smooth=0.0021]
17:27:27    Step 30/55  Loss=0.0821  [mse=0.0045  v_opt=0.00017  v_mand=0.00000  ptv=0.0036  smooth=0.0026]
17:27:29    Step 35/55  Loss=1.2094  [mse=0.1170  v_opt=0.00000  v_mand=0.00000  ptv=0.0039  smooth=0.0021]
17:27:32    Step 40/55  Loss=0.1089  [mse=0.0069  v_opt=0.00000  v_mand=0.00000  ptv=0.0040  smooth=0.0022]
17:27:37    Step 45/55  Loss=0.4886  [mse=0.0451  v_opt=0.00000  v_mand=0.00000  ptv=0.0037  smooth=0.0030]
17:27:40    Step 50/55  Loss=0.0974  [mse=0.0056  v_opt=0.00037  v_mand=0.00000  ptv=0.0041  smooth=0.0034]
17:27:43    Step 55/55  Loss=0.0786  [mse=0.0042  v_opt=0.00012  v_mand=0.00000  ptv=0.0036  smooth=0.0023]
17:27:59  
Epoch 91/100  (lr=1.97e-04)
17:28:06    Step 5/55  Loss=0.0758  [mse=0.0037  v_opt=0.00021  v_mand=0.00000  ptv=0.0038  smooth=0.0019]
17:28:09    Step 10/55  Loss=0.1028  [mse=0.0065  v_opt=0.00000  v_mand=0.00000  ptv=0.0038  smooth=0.0022]
17:28:12    Step 15/55  Loss=0.0820  [mse=0.0041  v_opt=0.00137  v_mand=0.00000  ptv=0.0038  smooth=0.0023]
17:28:15    Step 20/55  Loss=0.0757  [mse=0.0038  v_opt=0.00000  v_mand=0.00000  ptv=0.0037  smooth=0.0023]
17:28:20    Step 25/55  Loss=0.4530  [mse=0.0408  v_opt=0.00291  v_mand=0.00000  ptv=0.0039  smooth=0.0022]
17:28:23    Step 30/55  Loss=0.4014  [mse=0.0364  v_opt=0.00000  v_mand=0.00000  ptv=0.0037  smooth=0.0021]
17:28:26    Step 35/55  Loss=0.0819  [mse=0.0045  v_opt=0.00000  v_mand=0.00000  ptv=0.0037  smooth=0.0024]
17:28:29    Step 40/55  Loss=0.1223  [mse=0.0062  v_opt=0.00188  v_mand=0.00049  ptv=0.0044  smooth=0.0021]
17:28:34    Step 45/55  Loss=1.2835  [mse=0.1247  v_opt=0.00000  v_mand=0.00000  ptv=0.0036  smooth=0.0021]
17:28:37    Step 50/55  Loss=0.0775  [mse=0.0031  v_opt=0.00334  v_mand=0.00000  ptv=0.0039  smooth=0.0020]
17:28:40    Step 55/55  Loss=0.0813  [mse=0.0039  v_opt=0.00005  v_mand=0.00000  ptv=0.0042  smooth=0.0023]
17:28:56  
Epoch 92/100  (lr=1.92e-04)
17:29:03    Step 5/55  Loss=0.0889  [mse=0.0050  v_opt=0.00005  v_mand=0.00000  ptv=0.0038  smooth=0.0021]
17:29:06    Step 10/55  Loss=0.7929  [mse=0.0754  v_opt=0.00142  v_mand=0.00000  ptv=0.0036  smooth=0.0021]
17:29:09    Step 15/55  Loss=0.0677  [mse=0.0031  v_opt=0.00000  v_mand=0.00000  ptv=0.0036  smooth=0.0023]
17:29:12    Step 20/55  Loss=0.0855  [mse=0.0047  v_opt=0.00073  v_mand=0.00000  ptv=0.0037  smooth=0.0019]
17:29:17    Step 25/55  Loss=0.0752  [mse=0.0039  v_opt=0.00008  v_mand=0.00000  ptv=0.0036  smooth=0.0022]
17:29:20    Step 30/55  Loss=0.0911  [mse=0.0053  v_opt=0.00000  v_mand=0.00000  ptv=0.0038  smooth=0.0019]
17:29:23    Step 35/55  Loss=0.1067  [mse=0.0065  v_opt=0.00006  v_mand=0.00000  ptv=0.0041  smooth=0.0020]
17:29:26    Step 40/55  Loss=0.0763  [mse=0.0034  v_opt=0.00000  v_mand=0.00000  ptv=0.0042  smooth=0.0018]
17:29:32    Step 45/55  Loss=0.0908  [mse=0.0049  v_opt=0.00005  v_mand=0.00000  ptv=0.0042  smooth=0.0020]
17:29:35    Step 50/55  Loss=0.0981  [mse=0.0050  v_opt=0.00008  v_mand=0.00000  ptv=0.0048  smooth=0.0020]
17:29:37    Step 55/55  Loss=0.0780  [mse=0.0039  v_opt=0.00038  v_mand=0.00000  ptv=0.0038  smooth=0.0019]
17:29:54  
Epoch 93/100  (lr=1.88e-04)
17:30:00    Step 5/55  Loss=0.0748  [mse=0.0033  v_opt=0.00007  v_mand=0.00000  ptv=0.0042  smooth=0.0020]
17:30:04    Step 10/55  Loss=0.4827  [mse=0.0446  v_opt=0.00000  v_mand=0.00000  ptv=0.0037  smooth=0.0019]
17:30:07    Step 15/55  Loss=0.1039  [mse=0.0030  v_opt=0.01444  v_mand=0.00001  ptv=0.0045  smooth=0.0020]
17:30:10    Step 20/55  Loss=0.6276  [mse=0.0587  v_opt=0.00006  v_mand=0.00000  ptv=0.0041  smooth=0.0019]
17:30:15    Step 25/55  Loss=0.1173  [mse=0.0072  v_opt=0.00000  v_mand=0.00000  ptv=0.0045  smooth=0.0027]
17:30:18    Step 30/55  Loss=0.0895  [mse=0.0040  v_opt=0.00060  v_mand=0.00000  ptv=0.0048  smooth=0.0023]
17:30:20    Step 35/55  Loss=0.0899  [mse=0.0034  v_opt=0.00000  v_mand=0.00000  ptv=0.0056  smooth=0.0023]
17:30:24    Step 40/55  Loss=0.0749  [mse=0.0038  v_opt=0.00000  v_mand=0.00000  ptv=0.0037  smooth=0.0019]
17:30:29    Step 45/55  Loss=0.0707  [mse=0.0033  v_opt=0.00000  v_mand=0.00000  ptv=0.0038  smooth=0.0025]
17:30:32    Step 50/55  Loss=0.0819  [mse=0.0044  v_opt=0.00000  v_mand=0.00000  ptv=0.0038  smooth=0.0030]
17:30:35    Step 55/55  Loss=0.5663  [mse=0.0527  v_opt=0.00000  v_mand=0.00000  ptv=0.0039  smooth=0.0026]
17:30:51  
Epoch 94/100  (lr=1.83e-04)
17:30:57    Step 5/55  Loss=0.8055  [mse=0.0760  v_opt=0.00000  v_mand=0.00000  ptv=0.0045  smooth=0.0031]
17:31:01    Step 10/55  Loss=0.1097  [mse=0.0072  v_opt=0.00000  v_mand=0.00000  ptv=0.0038  smooth=0.0021]
17:31:04    Step 15/55  Loss=0.0994  [mse=0.0062  v_opt=0.00000  v_mand=0.00000  ptv=0.0038  smooth=0.0025]
17:31:07    Step 20/55  Loss=0.0991  [mse=0.0041  v_opt=0.00830  v_mand=0.00016  ptv=0.0037  smooth=0.0026]
17:31:12    Step 25/55  Loss=0.1039  [mse=0.0063  v_opt=0.00002  v_mand=0.00000  ptv=0.0041  smooth=0.0021]
17:31:15    Step 30/55  Loss=0.0743  [mse=0.0037  v_opt=0.00012  v_mand=0.00000  ptv=0.0037  smooth=0.0019]
17:31:18    Step 35/55  Loss=0.0782  [mse=0.0040  v_opt=0.00018  v_mand=0.00000  ptv=0.0037  smooth=0.0020]
17:31:21    Step 40/55  Loss=0.4954  [mse=0.0459  v_opt=0.00051  v_mand=0.00000  ptv=0.0036  smooth=0.0020]
17:31:26    Step 45/55  Loss=0.0879  [mse=0.0048  v_opt=0.00000  v_mand=0.00000  ptv=0.0040  smooth=0.0021]
17:31:29    Step 50/55  Loss=0.0704  [mse=0.0030  v_opt=0.00095  v_mand=0.00000  ptv=0.0039  smooth=0.0019]
17:31:32    Step 55/55  Loss=0.6769  [mse=0.0639  v_opt=0.00000  v_mand=0.00000  ptv=0.0037  smooth=0.0020]
17:31:48  
Epoch 95/100  (lr=1.79e-04)
17:31:55    Step 5/55  Loss=1.0447  [mse=0.1003  v_opt=0.00000  v_mand=0.00000  ptv=0.0041  smooth=0.0019]
17:31:57    Step 10/55  Loss=0.0818  [mse=0.0046  v_opt=0.00002  v_mand=0.00000  ptv=0.0036  smooth=0.0021]
17:32:01    Step 15/55  Loss=0.0790  [mse=0.0041  v_opt=0.00018  v_mand=0.00000  ptv=0.0037  smooth=0.0025]
17:32:04    Step 20/55  Loss=0.0773  [mse=0.0032  v_opt=0.00073  v_mand=0.00004  ptv=0.0043  smooth=0.0023]
17:32:08    Step 25/55  Loss=0.0699  [mse=0.0032  v_opt=0.00026  v_mand=0.00000  ptv=0.0037  smooth=0.0019]
17:32:12    Step 30/55  Loss=0.0724  [mse=0.0033  v_opt=0.00107  v_mand=0.00000  ptv=0.0037  smooth=0.0019]
17:32:16    Step 35/55  Loss=0.0705  [mse=0.0033  v_opt=0.00000  v_mand=0.00000  ptv=0.0037  smooth=0.0021]
17:32:19    Step 40/55  Loss=0.0807  [mse=0.0044  v_opt=0.00000  v_mand=0.00000  ptv=0.0037  smooth=0.0020]
17:32:24    Step 45/55  Loss=0.0962  [mse=0.0055  v_opt=0.00098  v_mand=0.00000  ptv=0.0039  smooth=0.0022]
17:32:26    Step 50/55  Loss=0.7565  [mse=0.0719  v_opt=0.00015  v_mand=0.00000  ptv=0.0037  smooth=0.0030]
17:32:29    Step 55/55  Loss=0.0891  [mse=0.0049  v_opt=0.00000  v_mand=0.00000  ptv=0.0040  smooth=0.0019]
17:32:46  
Epoch 96/100  (lr=1.74e-04)
17:32:52    Step 5/55  Loss=0.0800  [mse=0.0030  v_opt=0.00001  v_mand=0.00000  ptv=0.0050  smooth=0.0023]
17:32:55    Step 10/55  Loss=0.0809  [mse=0.0037  v_opt=0.00057  v_mand=0.00000  ptv=0.0043  smooth=0.0023]
17:32:58    Step 15/55  Loss=0.8201  [mse=0.0781  v_opt=0.00106  v_mand=0.00000  ptv=0.0037  smooth=0.0019]
17:33:01    Step 20/55  Loss=0.0931  [mse=0.0054  v_opt=0.00000  v_mand=0.00000  ptv=0.0039  smooth=0.0024]
17:33:06    Step 25/55  Loss=1.1547  [mse=0.1118  v_opt=0.00000  v_mand=0.00000  ptv=0.0036  smooth=0.0018]
17:33:09    Step 30/55  Loss=0.0791  [mse=0.0032  v_opt=0.00027  v_mand=0.00000  ptv=0.0046  smooth=0.0020]
17:33:12    Step 35/55  Loss=0.0772  [mse=0.0038  v_opt=0.00000  v_mand=0.00000  ptv=0.0039  smooth=0.0023]
17:33:15    Step 40/55  Loss=0.0772  [mse=0.0027  v_opt=0.00310  v_mand=0.00000  ptv=0.0044  smooth=0.0029]
17:33:20    Step 45/55  Loss=0.0811  [mse=0.0040  v_opt=0.00105  v_mand=0.00000  ptv=0.0039  smooth=0.0025]
17:33:23    Step 50/55  Loss=0.0572  [mse=0.0021  v_opt=0.00000  v_mand=0.00000  ptv=0.0036  smooth=0.0020]
17:33:26    Step 55/55  Loss=0.0931  [mse=0.0054  v_opt=0.00002  v_mand=0.00000  ptv=0.0039  smooth=0.0018]
17:33:43  
Epoch 97/100  (lr=1.69e-04)
17:33:50    Step 5/55  Loss=0.0815  [mse=0.0038  v_opt=0.00000  v_mand=0.00000  ptv=0.0043  smooth=0.0020]
17:33:52    Step 10/55  Loss=0.0886  [mse=0.0047  v_opt=0.00000  v_mand=0.00000  ptv=0.0041  smooth=0.0019]
17:33:55    Step 15/55  Loss=0.0855  [mse=0.0037  v_opt=0.00623  v_mand=0.00000  ptv=0.0036  smooth=0.0021]
17:33:58    Step 20/55  Loss=0.0824  [mse=0.0041  v_opt=0.00000  v_mand=0.00000  ptv=0.0041  smooth=0.0021]
17:34:03    Step 25/55  Loss=0.0759  [mse=0.0031  v_opt=0.00279  v_mand=0.00000  ptv=0.0039  smooth=0.0019]
17:34:07    Step 30/55  Loss=0.0752  [mse=0.0035  v_opt=0.00143  v_mand=0.00000  ptv=0.0037  smooth=0.0019]
17:34:09    Step 35/55  Loss=0.0945  [mse=0.0053  v_opt=0.00000  v_mand=0.00000  ptv=0.0041  smooth=0.0020]
17:34:12    Step 40/55  Loss=0.1086  [mse=0.0065  v_opt=0.00000  v_mand=0.00000  ptv=0.0043  smooth=0.0017]
17:34:16    Step 45/55  Loss=0.0983  [mse=0.0046  v_opt=0.00002  v_mand=0.00000  ptv=0.0052  smooth=0.0020]
17:34:20    Step 50/55  Loss=0.0751  [mse=0.0036  v_opt=0.00025  v_mand=0.00000  ptv=0.0039  smooth=0.0027]
17:34:23    Step 55/55  Loss=0.0740  [mse=0.0036  v_opt=0.00000  v_mand=0.00000  ptv=0.0038  smooth=0.0019]
17:34:40  
Epoch 98/100  (lr=1.65e-04)
17:34:46    Step 5/55  Loss=0.9091  [mse=0.0869  v_opt=0.00000  v_mand=0.00000  ptv=0.0040  smooth=0.0026]
17:34:49    Step 10/55  Loss=0.0821  [mse=0.0042  v_opt=0.00000  v_mand=0.00000  ptv=0.0039  smooth=0.0020]
17:34:52    Step 15/55  Loss=0.0711  [mse=0.0025  v_opt=0.00299  v_mand=0.00000  ptv=0.0040  smooth=0.0020]
17:34:55    Step 20/55  Loss=0.0815  [mse=0.0038  v_opt=0.00000  v_mand=0.00000  ptv=0.0043  smooth=0.0019]
17:34:59    Step 25/55  Loss=0.0741  [mse=0.0034  v_opt=0.00015  v_mand=0.00000  ptv=0.0039  smooth=0.0019]
17:35:03    Step 30/55  Loss=0.0732  [mse=0.0032  v_opt=0.00001  v_mand=0.00000  ptv=0.0041  smooth=0.0018]
17:35:06    Step 35/55  Loss=0.0929  [mse=0.0056  v_opt=0.00022  v_mand=0.00000  ptv=0.0037  smooth=0.0018]
17:35:09    Step 40/55  Loss=0.0846  [mse=0.0046  v_opt=0.00017  v_mand=0.00000  ptv=0.0038  smooth=0.0020]
17:35:13    Step 45/55  Loss=0.0802  [mse=0.0036  v_opt=0.00239  v_mand=0.00000  ptv=0.0039  smooth=0.0020]
17:35:16    Step 50/55  Loss=0.0931  [mse=0.0056  v_opt=0.00000  v_mand=0.00000  ptv=0.0037  smooth=0.0019]
17:35:20    Step 55/55  Loss=0.7490  [mse=0.0709  v_opt=0.00000  v_mand=0.00000  ptv=0.0040  smooth=0.0020]
17:35:36  
Epoch 99/100  (lr=1.60e-04)
17:35:44    Step 5/55  Loss=1.0960  [mse=0.1054  v_opt=0.00000  v_mand=0.00000  ptv=0.0042  smooth=0.0020]
17:35:46    Step 10/55  Loss=0.0886  [mse=0.0050  v_opt=0.00001  v_mand=0.00000  ptv=0.0038  smooth=0.0020]
17:35:49    Step 15/55  Loss=0.0820  [mse=0.0042  v_opt=0.00053  v_mand=0.00000  ptv=0.0038  smooth=0.0019]
17:35:52    Step 20/55  Loss=0.0869  [mse=0.0044  v_opt=0.00022  v_mand=0.00000  ptv=0.0042  smooth=0.0020]
17:35:57    Step 25/55  Loss=0.0830  [mse=0.0044  v_opt=0.00025  v_mand=0.00000  ptv=0.0039  smooth=0.0019]
17:36:00    Step 30/55  Loss=0.0826  [mse=0.0046  v_opt=0.00000  v_mand=0.00000  ptv=0.0036  smooth=0.0024]
17:36:03    Step 35/55  Loss=0.0816  [mse=0.0044  v_opt=0.00042  v_mand=0.00000  ptv=0.0036  smooth=0.0029]
17:36:06    Step 40/55  Loss=0.0854  [mse=0.0047  v_opt=0.00079  v_mand=0.00000  ptv=0.0037  smooth=0.0027]
17:36:11    Step 45/55  Loss=0.0584  [mse=0.0022  v_opt=0.00000  v_mand=0.00000  ptv=0.0036  smooth=0.0023]
17:36:14    Step 50/55  Loss=0.0678  [mse=0.0032  v_opt=0.00013  v_mand=0.00000  ptv=0.0036  smooth=0.0021]
17:36:17    Step 55/55  Loss=0.0674  [mse=0.0029  v_opt=0.00102  v_mand=0.00000  ptv=0.0036  smooth=0.0019]
17:36:34  
Epoch 100/100  (lr=1.55e-04)
17:36:40    Step 5/55  Loss=0.0855  [mse=0.0041  v_opt=0.00174  v_mand=0.00000  ptv=0.0041  smooth=0.0019]
17:36:43    Step 10/55  Loss=0.7216  [mse=0.0682  v_opt=0.00000  v_mand=0.00000  ptv=0.0039  smooth=0.0019]
17:36:47    Step 15/55  Loss=0.0697  [mse=0.0032  v_opt=0.00003  v_mand=0.00000  ptv=0.0038  smooth=0.0020]
17:36:50    Step 20/55  Loss=0.0799  [mse=0.0040  v_opt=0.00000  v_mand=0.00000  ptv=0.0040  smooth=0.0018]
17:36:54    Step 25/55  Loss=0.0965  [mse=0.0048  v_opt=0.00000  v_mand=0.00000  ptv=0.0049  smooth=0.0020]
17:36:58    Step 30/55  Loss=0.4788  [mse=0.0441  v_opt=0.00000  v_mand=0.00000  ptv=0.0038  smooth=0.0020]
17:37:01    Step 35/55  Loss=0.1184  [mse=0.0080  v_opt=0.00000  v_mand=0.00000  ptv=0.0038  smooth=0.0020]
17:37:04    Step 40/55  Loss=0.0886  [mse=0.0050  v_opt=0.00008  v_mand=0.00000  ptv=0.0038  smooth=0.0022]
17:37:09    Step 45/55  Loss=0.0792  [mse=0.0034  v_opt=0.00200  v_mand=0.00000  ptv=0.0041  smooth=0.0024]
17:37:12    Step 50/55  Loss=0.0786  [mse=0.0041  v_opt=0.00000  v_mand=0.00000  ptv=0.0038  smooth=0.0028]
17:37:14    Step 55/55  Loss=0.0918  [mse=0.0055  v_opt=0.00000  v_mand=0.00000  ptv=0.0036  smooth=0.0024]
