2026-06-02 10:27:22 [INFO] Training log started: logs/training_20260602_102722.log
2026-06-02 10:27:22 [INFO] PATCH_SIZE=(128, 128, 64), GRAD_ACCUM_STEPS=2
2026-06-02 10:27:22 [INFO] Loading clinical constraints from ./prostate_prime_constraints_v3.csv ...
2026-06-02 10:27:22 [INFO] Curriculum ramp: lambda_mse=25.0 constant, physics lambdas 0 -> target over 75 epochs
2026-06-02 10:27:22 [INFO] Model ready on cuda, epochs=300, AMP=ON
2026-06-02 10:27:22 [INFO] Epoch 1/300 [RAMP 1/75 (1% of physics)] ramp=0.013 lr=1.00e-04
2026-06-02 10:28:59 [INFO] Step 5/54 Loss=72.3099 mse=1.8346 v_opt=2.76245 v_mand=1.86986 ptv=0.0063 ptv_max=0.17439 global_ceil=12.31866 ring=0.04821 smooth=1.9208 laplacian=7.6439 anticollapse=0.00000 shell_inner=0.00000 shell_outer=0.00000 homogeneity=0.0000 body=0.00000 bowel=0.92975 femur=0.67892 penile=0.04102
2026-06-02 10:30:24 [INFO] Step 10/54 Loss=39.5066 mse=1.1162 v_opt=0.00000 v_mand=0.00000 ptv=0.0000 ptv_max=0.08655 global_ceil=5.71418 ring=0.05275 smooth=2.0324 laplacian=8.1355 anticollapse=0.00000 shell_inner=0.00000 shell_outer=0.00000 homogeneity=0.0000 body=0.00000 bowel=0.00000 femur=0.00000 penile=0.00000
2026-06-02 10:32:08 [INFO] Step 15/54 Loss=74.5844 mse=2.0073 v_opt=2.78594 v_mand=1.91588 ptv=0.0070 ptv_max=0.35220 global_ceil=11.31693 ring=0.12944 smooth=2.1269 laplacian=8.4641 anticollapse=0.00000 shell_inner=0.00000 shell_outer=0.00000 homogeneity=0.0000 body=0.00000 bowel=0.14377 femur=0.43100 penile=0.12164
2026-06-02 10:33:16 [INFO] Step 20/54 Loss=53.3820 mse=1.3824 v_opt=3.25028 v_mand=2.32801 ptv=0.0081 ptv_max=0.14259 global_ceil=8.48855 ring=0.02406 smooth=1.7106 laplacian=6.8084 anticollapse=0.00000 shell_inner=0.00000 shell_outer=0.00000 homogeneity=0.0000 body=0.00000 bowel=0.00000 femur=0.00000 penile=0.24671
2026-06-02 10:35:00 [INFO] Step 25/54 Loss=68.1259 mse=1.9325 v_opt=2.86065 v_mand=1.98598 ptv=0.0081 ptv_max=0.36514 global_ceil=8.97484 ring=0.13396 smooth=2.4530 laplacian=9.7880 anticollapse=0.00000 shell_inner=0.00000 shell_outer=0.00000 homogeneity=0.0000 body=0.00000 bowel=0.18645 femur=0.59809 penile=0.02751
2026-06-02 10:36:12 [INFO] Step 30/54 Loss=78.5104 mse=2.0470 v_opt=2.86841 v_mand=1.99177 ptv=0.0062 ptv_max=0.28713 global_ceil=12.77583 ring=0.10407 smooth=2.2667 laplacian=9.0364 anticollapse=0.00000 shell_inner=0.00000 shell_outer=0.00000 homogeneity=0.0000 body=0.00000 bowel=0.16393 femur=0.41952 penile=0.01667
2026-06-02 10:37:58 [INFO] Step 35/54 Loss=74.4258 mse=2.1533 v_opt=2.94547 v_mand=2.04320 ptv=0.0049 ptv_max=0.29017 global_ceil=9.37008 ring=0.09556 smooth=2.2346 laplacian=8.8980 anticollapse=0.00000 shell_inner=0.00000 shell_outer=0.00000 homogeneity=0.0000 body=0.00000 bowel=0.30023 femur=0.35276 penile=0.16680
2026-06-02 10:39:11 [INFO] Step 40/54 Loss=70.9497 mse=2.1021 v_opt=3.51547 v_mand=2.56518 ptv=0.0039 ptv_max=0.28377 global_ceil=8.09276 ring=0.09649 smooth=1.8735 laplacian=7.4646 anticollapse=0.00000 shell_inner=0.00000 shell_outer=0.00000 homogeneity=0.0000 body=0.00000 bowel=0.15070 femur=0.63105 penile=0.24766
2026-06-02 10:40:49 [INFO] Step 45/54 Loss=62.6480 mse=1.8347 v_opt=3.43445 v_mand=2.48895 ptv=0.0038 ptv_max=0.28225 global_ceil=7.33503 ring=0.08189 smooth=1.7027 laplacian=6.7645 anticollapse=0.00000 shell_inner=0.00000 shell_outer=0.00000 homogeneity=0.0000 body=0.00000 bowel=0.23172 femur=0.33507 penile=0.19130
2026-06-02 10:42:03 [INFO] Step 50/54 Loss=53.3579 mse=1.5920 v_opt=3.32264 v_mand=2.38901 ptv=0.0044 ptv_max=0.23268 global_ceil=5.76454 ring=0.04386 smooth=1.2428 laplacian=4.9276 anticollapse=0.00000 shell_inner=0.00000 shell_outer=0.00000 homogeneity=0.0000 body=0.00000 bowel=0.56577 femur=0.29132 penile=0.08830
2026-06-02 10:43:10 [INFO] Step 54/54 Loss=50.0061 mse=1.5241 v_opt=3.50941 v_mand=2.56699 ptv=0.0033 ptv_max=0.29608 global_ceil=4.89665 ring=0.09364 smooth=1.0511 laplacian=4.1676 anticollapse=0.00000 shell_inner=0.00000 shell_outer=0.00000 homogeneity=0.0000 body=0.00000 bowel=0.28228 femur=0.25069 penile=0.00000
2026-06-02 10:43:10 [INFO] Running validation at epoch 1...
2026-06-02 10:45:38 [INFO] Epoch 1 Summary: Train=70.6061 Val=0.1300 (MSE=0.1300)
          Coverage D95:  PTV60_D95=49.35Gy  PTV44_D95=37.16Gy
          SIB Means:    PTV60=71.80Gy PTV44=61.88Gy
          OAR Metrics:  Bladder=59.49Gy Rectum=64.20Gy Bowel=59.92Gy Femur=59.17Gy Ring=65.45Gy Penile=66.56Gy
          Physics:      Dmax=187.76Gy BG=72.90Gy
2026-06-02 10:45:38 [INFO] [DIAGNOSTIC] Saved fallback model MSE=0.1300
2026-06-02 10:45:38 [INFO] Epoch 2/300 [RAMP 2/75 (3% of physics)] ramp=0.027 lr=1.00e-04
2026-06-02 10:45:49 [INFO] Step 5/54 Loss=58.8971 mse=1.6181 v_opt=3.62348 v_mand=2.67072 ptv=0.0034 ptv_max=0.27771 global_ceil=3.49672 ring=0.05636 smooth=1.1643 laplacian=4.6285 anticollapse=0.00000 shell_inner=0.00000 shell_outer=0.00000 homogeneity=0.0000 body=0.00000 bowel=0.46424 femur=0.26344 penile=0.16547
2026-06-02 10:45:54 [INFO] Step 10/54 Loss=68.0212 mse=1.8966 v_opt=3.95182 v_mand=2.98164 ptv=0.0028 ptv_max=0.35568 global_ceil=3.90855 ring=0.07846 smooth=1.2419 laplacian=4.9319 anticollapse=0.00000 shell_inner=0.00000 shell_outer=0.00000 homogeneity=0.0000 body=0.00000 bowel=0.40941 femur=0.32198 penile=0.17689
2026-06-02 10:46:02 [INFO] Step 15/54 Loss=60.3305 mse=1.7498 v_opt=4.05081 v_mand=3.06859 ptv=0.0031 ptv_max=0.29851 global_ceil=2.86636 ring=0.07274 smooth=0.9970 laplacian=3.9560 anticollapse=0.00000 shell_inner=0.00000 shell_outer=0.00000 homogeneity=0.0000 body=0.00000 bowel=0.65986 femur=0.28728 penile=0.23246
2026-06-02 10:46:07 [INFO] Step 20/54 Loss=34.4384 mse=1.0815 v_opt=0.00000 v_mand=0.00000 ptv=0.0003 ptv_max=0.15680 global_ceil=1.71807 ring=0.04884 smooth=0.6552 laplacian=2.5893 anticollapse=0.00000 shell_inner=0.00000 shell_outer=0.00000 homogeneity=0.0000 body=0.00000 bowel=0.73380 femur=0.00000 penile=0.00000
2026-06-02 10:46:14 [INFO] Step 25/54 Loss=30.6689 mse=0.7436 v_opt=4.55036 v_mand=3.54198 ptv=0.0011 ptv_max=0.07788 global_ceil=1.73361 ring=0.02272 smooth=0.4665 laplacian=1.8302 anticollapse=0.00000 shell_inner=0.00000 shell_outer=0.00000 homogeneity=0.0000 body=0.00000 bowel=0.00000 femur=0.00000 penile=0.17299
2026-06-02 10:46:19 [INFO] Step 30/54 Loss=40.4178 mse=1.0251 v_opt=5.11997 v_mand=4.09939 ptv=0.0008 ptv_max=0.30467 global_ceil=2.08500 ring=0.04595 smooth=0.6563 laplacian=2.5842 anticollapse=0.00000 shell_inner=0.00000 shell_outer=0.00000 homogeneity=0.0000 body=0.00000 bowel=0.69852 femur=0.29366 penile=0.00000
2026-06-02 10:46:25 [INFO] Step 35/54 Loss=53.8970 mse=1.6040 v_opt=4.66732 v_mand=3.66018 ptv=0.0009 ptv_max=0.27446 global_ceil=1.98401 ring=0.03169 smooth=0.6336 laplacian=2.4968 anticollapse=0.00000 shell_inner=0.00000 shell_outer=0.00000 homogeneity=0.0000 body=0.00000 bowel=0.71917 femur=0.31764 penile=0.15632
2026-06-02 10:46:32 [INFO] Step 40/54 Loss=12.8857 mse=0.3421 v_opt=2.73571 v_mand=2.19408 ptv=0.0000 ptv_max=0.00000 global_ceil=0.30166 ring=0.00000 smooth=0.1132 laplacian=0.4293 anticollapse=0.00000 shell_inner=0.00000 shell_outer=0.00000 homogeneity=0.0000 body=0.00000 bowel=0.00000 femur=0.16304 penile=0.00000
2026-06-02 10:46:38 [INFO] Step 45/54 Loss=40.5221 mse=1.1218 v_opt=4.76631 v_mand=3.76434 ptv=0.0010 ptv_max=0.35321 global_ceil=1.62403 ring=0.04558 smooth=0.4263 laplacian=1.6742 anticollapse=0.00000 shell_inner=0.00000 shell_outer=0.00000 homogeneity=0.0000 body=0.00000 bowel=0.70357 femur=0.23313 penile=0.00000
2026-06-02 10:46:43 [INFO] Step 50/54 Loss=48.1707 mse=1.3803 v_opt=4.81332 v_mand=3.79556 ptv=0.0009 ptv_max=0.30074 global_ceil=1.90331 ring=0.03409 smooth=0.4090 laplacian=1.5949 anticollapse=0.00000 shell_inner=0.00000 shell_outer=0.00000 homogeneity=0.0000 body=0.00000 bowel=0.89361 femur=0.23646 penile=0.00000
2026-06-02 10:46:48 [INFO] Step 54/54 Loss=31.7331 mse=0.8871 v_opt=5.02813 v_mand=4.00325 ptv=0.0004 ptv_max=0.20046 global_ceil=0.80516 ring=0.02123 smooth=0.3302 laplacian=1.2859 anticollapse=0.00000 shell_inner=0.00000 shell_outer=0.00000 homogeneity=0.0000 body=0.00000 bowel=1.01816 femur=0.17352 penile=0.23462
2026-06-02 10:46:48 [INFO] Running validation at epoch 2...
2026-06-02 10:47:24 [INFO] Epoch 2 Summary: Train=47.2179 Val=0.1039 (MSE=0.1039)
          Coverage D95:  PTV60_D95=55.96Gy  PTV44_D95=41.13Gy
          SIB Means:    PTV60=72.22Gy PTV44=60.74Gy
          OAR Metrics:  Bladder=59.46Gy Rectum=64.59Gy Bowel=57.74Gy Femur=56.90Gy Ring=64.26Gy Penile=65.34Gy
          Physics:      Dmax=124.90Gy BG=69.20Gy
2026-06-02 10:47:24 [INFO] [DIAGNOSTIC] Saved fallback model MSE=0.1039
2026-06-02 10:47:24 [INFO] Epoch 3/300 [RAMP 3/75 (4% of physics)] ramp=0.040 lr=1.00e-04
2026-06-02 10:47:32 [INFO] Step 5/54 Loss=31.1821 mse=0.7179 v_opt=4.43480 v_mand=3.43910 ptv=0.0006 ptv_max=0.23782 global_ceil=0.81911 ring=0.02541 smooth=0.2051 laplacian=0.8000 anticollapse=0.00000 shell_inner=0.00000 shell_outer=0.00000 homogeneity=0.0000 body=0.00000 bowel=0.92409 femur=0.25319 penile=0.20735
2026-06-02 10:47:37 [INFO] Step 10/54 Loss=35.8067 mse=0.9063 v_opt=4.56724 v_mand=3.55642 ptv=0.0004 ptv_max=0.18417 global_ceil=0.87646 ring=0.01875 smooth=0.2454 laplacian=0.9444 anticollapse=0.00000 shell_inner=0.00000 shell_outer=0.00000 homogeneity=0.0000 body=0.00000 bowel=0.00000 femur=0.15569 penile=0.16917
2026-06-02 10:47:43 [INFO] Step 15/54 Loss=36.6199 mse=0.9998 v_opt=4.11862 v_mand=3.12063 ptv=0.0005 ptv_max=0.11884 global_ceil=0.67337 ring=0.00869 smooth=0.2568 laplacian=0.9945 anticollapse=0.00000 shell_inner=0.00000 shell_outer=0.00000 homogeneity=0.0000 body=0.00000 bowel=1.09110 femur=0.19350 penile=0.21269
2026-06-02 10:47:49 [INFO] Step 20/54 Loss=44.8874 mse=1.2147 v_opt=4.08359 v_mand=3.09477 ptv=0.0005 ptv_max=0.16732 global_ceil=1.17258 ring=0.01459 smooth=0.3238 laplacian=1.2547 anticollapse=0.00000 shell_inner=0.00000 shell_outer=0.00000 homogeneity=0.0000 body=0.00000 bowel=1.00876 femur=0.22425 penile=0.00000
2026-06-02 10:47:55 [INFO] Step 25/54 Loss=37.1119 mse=0.9798 v_opt=3.77658 v_mand=2.80479 ptv=0.0004 ptv_max=0.02987 global_ceil=1.08568 ring=0.00906 smooth=0.3493 laplacian=1.3572 anticollapse=0.00000 shell_inner=0.00000 shell_outer=0.00000 homogeneity=0.0000 body=0.00000 bowel=0.00000 femur=0.00000 penile=0.21172
2026-06-02 10:48:01 [INFO] Step 30/54 Loss=33.3093 mse=0.8722 v_opt=3.54299 v_mand=2.58509 ptv=0.0006 ptv_max=0.14762 global_ceil=0.81060 ring=0.00940 smooth=0.2701 laplacian=1.0444 anticollapse=0.00000 shell_inner=0.00000 shell_outer=0.00000 homogeneity=0.0000 body=0.00000 bowel=1.38412 femur=0.15023 penile=0.15429
2026-06-02 10:48:07 [INFO] Step 35/54 Loss=36.7886 mse=1.0093 v_opt=3.75827 v_mand=2.78934 ptv=0.0004 ptv_max=0.14194 global_ceil=0.77840 ring=0.00965 smooth=0.2731 laplacian=1.0640 anticollapse=0.00000 shell_inner=0.00000 shell_outer=0.00000 homogeneity=0.0000 body=0.00000 bowel=1.09441 femur=0.13842 penile=0.16614
2026-06-02 10:48:13 [INFO] Step 40/54 Loss=37.3724 mse=0.9968 v_opt=3.76658 v_mand=2.79197 ptv=0.0006 ptv_max=0.12602 global_ceil=0.93079 ring=0.01491 smooth=0.2240 laplacian=0.8785 anticollapse=0.00000 shell_inner=0.00000 shell_outer=0.00000 homogeneity=0.0000 body=0.00000 bowel=1.08268 femur=0.12480 penile=0.18713
2026-06-02 10:48:20 [INFO] Step 45/54 Loss=34.2226 mse=0.9654 v_opt=3.44274 v_mand=2.49531 ptv=0.0004 ptv_max=0.12341 global_ceil=0.63558 ring=0.01098 smooth=0.2712 laplacian=1.0573 anticollapse=0.00000 shell_inner=0.00000 shell_outer=0.00000 homogeneity=0.0000 body=0.00000 bowel=1.12248 femur=0.15976 penile=0.15749
2026-06-02 10:48:25 [INFO] Step 50/54 Loss=38.7707 mse=1.0965 v_opt=3.71949 v_mand=2.74911 ptv=0.0007 ptv_max=0.14812 global_ceil=0.75635 ring=0.01442 smooth=0.2547 laplacian=0.9934 anticollapse=0.00000 shell_inner=0.00000 shell_outer=0.00000 homogeneity=0.0000 body=0.00000 bowel=1.06293 femur=0.13468 penile=0.23600
2026-06-02 10:48:30 [INFO] Step 54/54 Loss=33.8575 mse=0.9067 v_opt=3.47818 v_mand=2.51971 ptv=0.0005 ptv_max=0.12425 global_ceil=0.79818 ring=0.00687 smooth=0.2049 laplacian=0.7934 anticollapse=0.00000 shell_inner=0.00000 shell_outer=0.00000 homogeneity=0.0000 body=0.00000 bowel=1.24032 femur=0.19076 penile=0.17697
2026-06-02 10:48:30 [INFO] Running validation at epoch 3...
2026-06-02 10:49:06 [INFO] Epoch 3 Summary: Train=37.0539 Val=0.0938 (MSE=0.0938)
          Coverage D95:  PTV60_D95=56.32Gy  PTV44_D95=43.19Gy
          SIB Means:    PTV60=68.57Gy PTV44=58.10Gy
          OAR Metrics:  Bladder=57.13Gy Rectum=60.05Gy Bowel=55.37Gy Femur=54.59Gy Ring=61.20Gy Penile=61.74Gy
          Physics:      Dmax=115.59Gy BG=66.71Gy
2026-06-02 10:49:06 [INFO] [DIAGNOSTIC] Saved fallback model MSE=0.0938
2026-06-02 10:49:06 [INFO] Epoch 4/300 [RAMP 4/75 (5% of physics)] ramp=0.053 lr=1.00e-04
2026-06-02 10:49:14 [INFO] Step 5/54 Loss=36.9622 mse=0.9222 v_opt=3.55267 v_mand=2.59022 ptv=0.0005 ptv_max=0.11776 global_ceil=0.65268 ring=0.00863 smooth=0.1940 laplacian=0.7466 anticollapse=0.00000 shell_inner=0.00000 shell_outer=0.00000 homogeneity=0.0000 body=0.00000 bowel=1.22210 femur=0.15112 penile=0.17664
2026-06-02 10:49:19 [INFO] Step 10/54 Loss=26.7937 mse=0.5980 v_opt=3.81251 v_mand=2.83213 ptv=0.0015 ptv_max=0.13683 global_ceil=0.33183 ring=0.00362 smooth=0.1331 laplacian=0.4998 anticollapse=0.00000 shell_inner=0.00000 shell_outer=0.00000 homogeneity=0.0000 body=0.00000 bowel=1.14544 femur=0.10282 penile=0.00000
2026-06-02 10:49:27 [INFO] Step 15/54 Loss=32.5991 mse=0.7915 v_opt=3.33106 v_mand=2.39151 ptv=0.0006 ptv_max=0.11529 global_ceil=0.57968 ring=0.00726 smooth=0.1885 laplacian=0.7261 anticollapse=0.00000 shell_inner=0.00000 shell_outer=0.00000 homogeneity=0.0000 body=0.00000 bowel=1.31893 femur=0.11866 penile=0.15893
2026-06-02 10:49:32 [INFO] Step 20/54 Loss=39.1831 mse=1.0369 v_opt=3.88952 v_mand=2.90942 ptv=0.0003 ptv_max=0.08686 global_ceil=0.47442 ring=0.00528 smooth=0.2422 laplacian=0.9512 anticollapse=0.00000 shell_inner=0.00000 shell_outer=0.00000 homogeneity=0.0000 body=0.00000 bowel=1.08906 femur=0.18304 penile=0.22475
2026-06-02 10:49:39 [INFO] Step 25/54 Loss=37.6213 mse=1.0049 v_opt=3.34704 v_mand=2.39970 ptv=0.0006 ptv_max=0.12338 global_ceil=0.56309 ring=0.00848 smooth=0.2059 laplacian=0.7926 anticollapse=0.00000 shell_inner=0.00000 shell_outer=0.00000 homogeneity=0.0000 body=0.00000 bowel=1.10944 femur=0.17364 penile=0.00000
2026-06-02 10:49:44 [INFO] Step 30/54 Loss=37.3510 mse=1.0025 v_opt=3.24272 v_mand=2.30363 ptv=0.0007 ptv_max=0.12971 global_ceil=0.55226 ring=0.00943 smooth=0.2048 laplacian=0.7920 anticollapse=0.00000 shell_inner=0.00000 shell_outer=0.00000 homogeneity=0.0000 body=0.00000 bowel=1.17142 femur=0.15338 penile=0.17489
2026-06-02 10:49:51 [INFO] Step 35/54 Loss=37.1612 mse=1.0316 v_opt=3.29633 v_mand=2.35619 ptv=0.0007 ptv_max=0.14063 global_ceil=0.42176 ring=0.01226 smooth=0.2323 laplacian=0.9114 anticollapse=0.00000 shell_inner=0.00000 shell_outer=0.00000 homogeneity=0.0000 body=0.00000 bowel=1.10122 femur=0.17000 penile=0.17301
2026-06-02 10:49:56 [INFO] Step 40/54 Loss=17.4775 mse=0.5882 v_opt=0.00000 v_mand=0.00000 ptv=0.0000 ptv_max=0.05559 global_ceil=0.22131 ring=0.00359 smooth=0.1648 laplacian=0.6311 anticollapse=0.00000 shell_inner=0.00000 shell_outer=0.00000 homogeneity=0.0000 body=0.00000 bowel=1.08840 femur=0.00000 penile=0.00000
2026-06-02 10:50:04 [INFO] Step 45/54 Loss=34.1691 mse=0.9622 v_opt=3.42509 v_mand=2.46969 ptv=0.0005 ptv_max=0.08683 global_ceil=0.34902 ring=0.00489 smooth=0.2013 laplacian=0.7866 anticollapse=0.00000 shell_inner=0.00000 shell_outer=0.00000 homogeneity=0.0000 body=0.00000 bowel=0.00000 femur=0.15339 penile=0.17620
2026-06-02 10:50:09 [INFO] Step 50/54 Loss=33.5078 mse=0.8991 v_opt=3.23863 v_mand=2.29312 ptv=0.0010 ptv_max=0.07276 global_ceil=0.42345 ring=0.00486 smooth=0.1960 laplacian=0.7570 anticollapse=0.00000 shell_inner=0.00000 shell_outer=0.00000 homogeneity=0.0000 body=0.00000 bowel=1.08946 femur=0.09248 penile=0.17172
2026-06-02 10:50:14 [INFO] Step 54/54 Loss=24.3632 mse=0.5820 v_opt=3.13527 v_mand=2.20531 ptv=0.0013 ptv_max=0.10568 global_ceil=0.27338 ring=0.00445 smooth=0.1271 laplacian=0.4811 anticollapse=0.00000 shell_inner=0.00000 shell_outer=0.00000 homogeneity=0.0000 body=0.00000 bowel=1.31102 femur=0.15674 penile=0.13613
2026-06-02 10:50:14 [INFO] Running validation at epoch 4...
2026-06-02 10:50:50 [INFO] Epoch 4 Summary: Train=35.4715 Val=0.0894 (MSE=0.0894)
          Coverage D95:  PTV60_D95=54.34Gy  PTV44_D95=43.53Gy
          SIB Means:    PTV60=65.69Gy PTV44=56.30Gy
          OAR Metrics:  Bladder=56.20Gy Rectum=57.63Gy Bowel=54.28Gy Femur=53.54Gy Ring=59.66Gy Penile=59.45Gy
          Physics:      Dmax=108.20Gy BG=65.49Gy
2026-06-02 10:50:50 [INFO] [DIAGNOSTIC] Saved fallback model MSE=0.0894
2026-06-02 10:50:50 [INFO] Epoch 5/300 [RAMP 5/75 (7% of physics)] ramp=0.067 lr=1.00e-04
2026-06-02 10:50:57 [INFO] Step 5/54 Loss=37.3170 mse=0.9028 v_opt=3.32237 v_mand=2.38045 ptv=0.0009 ptv_max=0.11583 global_ceil=0.47452 ring=0.00718 smooth=0.1884 laplacian=0.7199 anticollapse=0.00000 shell_inner=0.00000 shell_outer=0.00000 homogeneity=0.0000 body=0.00000 bowel=1.07887 femur=0.17917 penile=0.18841
2026-06-02 10:51:03 [INFO] Step 10/54 Loss=40.0611 mse=1.0445 v_opt=3.26001 v_mand=2.32826 ptv=0.0006 ptv_max=0.09369 global_ceil=0.41463 ring=0.00606 smooth=0.2095 laplacian=0.8180 anticollapse=0.00000 shell_inner=0.00000 shell_outer=0.00000 homogeneity=0.0000 body=0.00000 bowel=1.10766 femur=0.19748 penile=0.16068
2026-06-02 10:51:09 [INFO] Step 15/54 Loss=32.3697 mse=0.7547 v_opt=3.07160 v_mand=2.15366 ptv=0.0016 ptv_max=0.12728 global_ceil=0.43318 ring=0.00725 smooth=0.1419 laplacian=0.5479 anticollapse=0.00000 shell_inner=0.00000 shell_outer=0.00000 homogeneity=0.0000 body=0.00000 bowel=1.04456 femur=0.09272 penile=0.24315
2026-06-02 10:51:15 [INFO] Step 20/54 Loss=18.9652 mse=0.4848 v_opt=1.62578 v_mand=1.16192 ptv=0.0000 ptv_max=0.03130 global_ceil=0.15380 ring=0.00062 smooth=0.0912 laplacian=0.3387 anticollapse=0.00000 shell_inner=0.00000 shell_outer=0.00000 homogeneity=0.0000 body=0.00000 bowel=1.12775 femur=0.00000 penile=0.00000
2026-06-02 10:51:21 [INFO] Step 25/54 Loss=35.0775 mse=0.8924 v_opt=3.04012 v_mand=2.11525 ptv=0.0014 ptv_max=0.10101 global_ceil=0.38667 ring=0.00481 smooth=0.1454 laplacian=0.5531 anticollapse=0.00000 shell_inner=0.00000 shell_outer=0.00000 homogeneity=0.0000 body=0.00000 bowel=1.08708 femur=0.15388 penile=0.00000
2026-06-02 10:51:27 [INFO] Step 30/54 Loss=37.4032 mse=0.9636 v_opt=2.94866 v_mand=2.03049 ptv=0.0012 ptv_max=0.10389 global_ceil=0.44313 ring=0.00448 smooth=0.1675 laplacian=0.6436 anticollapse=0.00000 shell_inner=0.00000 shell_outer=0.00000 homogeneity=0.0000 body=0.00000 bowel=1.22852 femur=0.19747 penile=0.14115
2026-06-02 10:51:33 [INFO] Step 35/54 Loss=34.8484 mse=0.8447 v_opt=3.22573 v_mand=2.29276 ptv=0.0005 ptv_max=0.07109 global_ceil=0.40740 ring=0.00250 smooth=0.1705 laplacian=0.6544 anticollapse=0.00000 shell_inner=0.00000 shell_outer=0.00000 homogeneity=0.0000 body=0.00000 bowel=1.14536 femur=0.22430 penile=0.13914
2026-06-02 10:51:40 [INFO] Step 40/54 Loss=33.5259 mse=0.8602 v_opt=2.87758 v_mand=1.96333 ptv=0.0011 ptv_max=0.07985 global_ceil=0.34088 ring=0.00252 smooth=0.1508 laplacian=0.5779 anticollapse=0.00000 shell_inner=0.00000 shell_outer=0.00000 homogeneity=0.0000 body=0.00000 bowel=1.25870 femur=0.14443 penile=0.17893
2026-06-02 10:51:46 [INFO] Step 45/54 Loss=39.4156 mse=1.0323 v_opt=2.91550 v_mand=1.99995 ptv=0.0009 ptv_max=0.10745 global_ceil=0.49977 ring=0.00461 smooth=0.1627 laplacian=0.6298 anticollapse=0.00000 shell_inner=0.00000 shell_outer=0.00000 homogeneity=0.0000 body=0.00000 bowel=1.14515 femur=0.20812 penile=0.00000
2026-06-02 10:51:52 [INFO] Step 50/54 Loss=29.5789 mse=0.7861 v_opt=2.99935 v_mand=2.07906 ptv=0.0008 ptv_max=0.00950 global_ceil=0.24239 ring=0.00177 smooth=0.1381 laplacian=0.5244 anticollapse=0.00000 shell_inner=0.00000 shell_outer=0.00000 homogeneity=0.0000 body=0.00000 bowel=0.00000 femur=0.00000 penile=0.16153
2026-06-02 10:51:56 [INFO] Step 54/54 Loss=35.4914 mse=0.9654 v_opt=2.78185 v_mand=1.87601 ptv=0.0009 ptv_max=0.07530 global_ceil=0.33329 ring=0.00366 smooth=0.1580 laplacian=0.6106 anticollapse=0.00000 shell_inner=0.00000 shell_outer=0.00000 homogeneity=0.0000 body=0.00000 bowel=1.10398 femur=0.13521 penile=0.00000
2026-06-02 10:51:57 [INFO] Running validation at epoch 5...
2026-06-02 10:52:33 [INFO] Epoch 5 Summary: Train=33.4615 Val=0.0861 (MSE=0.0861)
          Coverage D95:  PTV60_D95=53.46Gy  PTV44_D95=43.32Gy
          SIB Means:    PTV60=65.23Gy PTV44=55.71Gy
          OAR Metrics:  Bladder=55.46Gy Rectum=56.04Gy Bowel=53.43Gy Femur=52.72Gy Ring=58.67Gy Penile=58.15Gy
          Physics:      Dmax=104.80Gy BG=64.49Gy
2026-06-02 10:52:33 [INFO] [DIAGNOSTIC] Saved fallback model MSE=0.0861
2026-06-02 10:52:33 [INFO] Epoch 6/300 [RAMP 6/75 (8% of physics)] ramp=0.080 lr=9.99e-05
2026-06-02 10:52:40 [INFO] Step 5/54 Loss=27.2708 mse=0.6052 v_opt=2.93363 v_mand=2.01048 ptv=0.0018 ptv_max=0.02820 global_ceil=0.17490 ring=0.00011 smooth=0.0877 laplacian=0.3243 anticollapse=0.00000 shell_inner=0.00000 shell_outer=0.00000 homogeneity=0.0000 body=0.00000 bowel=1.13086 femur=0.08691 penile=0.00000
2026-06-02 10:52:46 [INFO] Step 10/54 Loss=34.5576 mse=0.9092 v_opt=2.89265 v_mand=1.98035 ptv=0.0010 ptv_max=0.01190 global_ceil=0.26956 ring=0.00169 smooth=0.1546 laplacian=0.5943 anticollapse=0.00000 shell_inner=0.00000 shell_outer=0.00000 homogeneity=0.0000 body=0.00000 bowel=0.00000 femur=0.00000 penile=0.15011
2026-06-02 10:52:52 [INFO] Step 15/54 Loss=37.3683 mse=0.9617 v_opt=2.92179 v_mand=2.00186 ptv=0.0014 ptv_max=0.07994 global_ceil=0.25907 ring=0.00649 smooth=0.1498 laplacian=0.5824 anticollapse=0.00000 shell_inner=0.00000 shell_outer=0.00000 homogeneity=0.0000 body=0.00000 bowel=1.07599 femur=0.06692 penile=0.16843
2026-06-02 10:52:58 [INFO] Step 20/54 Loss=40.5068 mse=1.0406 v_opt=2.81428 v_mand=1.91275 ptv=0.0016 ptv_max=0.09931 global_ceil=0.37650 ring=0.00540 smooth=0.1618 laplacian=0.6269 anticollapse=0.00000 shell_inner=0.00000 shell_outer=0.00000 homogeneity=0.0000 body=0.00000 bowel=1.06847 femur=0.10869 penile=0.23902
2026-06-02 10:53:05 [INFO] Step 25/54 Loss=40.5539 mse=1.0547 v_opt=2.75691 v_mand=1.86013 ptv=0.0012 ptv_max=0.10108 global_ceil=0.37375 ring=0.00524 smooth=0.1737 laplacian=0.6768 anticollapse=0.00000 shell_inner=0.00000 shell_outer=0.00000 homogeneity=0.0000 body=0.00000 bowel=1.06309 femur=0.12691 penile=0.15472
2026-06-02 10:53:10 [INFO] Step 30/54 Loss=26.9705 mse=0.6354 v_opt=2.69536 v_mand=1.80210 ptv=0.0011 ptv_max=0.06690 global_ceil=0.14415 ring=0.00155 smooth=0.0865 laplacian=0.3215 anticollapse=0.00000 shell_inner=0.00000 shell_outer=0.00000 homogeneity=0.0000 body=0.00000 bowel=1.07593 femur=0.12318 penile=0.16285
2026-06-02 10:53:17 [INFO] Step 35/54 Loss=26.3473 mse=0.9123 v_opt=0.00000 v_mand=0.00000 ptv=0.0000 ptv_max=0.02961 global_ceil=0.17744 ring=0.00014 smooth=0.1639 laplacian=0.6432 anticollapse=0.00000 shell_inner=0.00000 shell_outer=0.00000 homogeneity=0.0000 body=0.00000 bowel=1.06695 femur=0.00000 penile=0.00000
2026-06-02 10:53:22 [INFO] Step 40/54 Loss=28.6450 mse=0.6723 v_opt=2.54837 v_mand=1.68082 ptv=0.0019 ptv_max=0.10590 global_ceil=0.23969 ring=0.00434 smooth=0.1317 laplacian=0.4905 anticollapse=0.00000 shell_inner=0.00000 shell_outer=0.00000 homogeneity=0.0000 body=0.00000 bowel=1.07534 femur=0.13302 penile=0.14900
2026-06-02 10:53:29 [INFO] Step 45/54 Loss=36.6813 mse=0.9756 v_opt=2.53055 v_mand=1.65903 ptv=0.0016 ptv_max=0.10403 global_ceil=0.29644 ring=0.00551 smooth=0.1574 laplacian=0.6039 anticollapse=0.00000 shell_inner=0.00000 shell_outer=0.00000 homogeneity=0.0000 body=0.00000 bowel=1.04562 femur=0.14544 penile=0.00000
2026-06-02 10:53:34 [INFO] Step 50/54 Loss=31.9214 mse=0.8168 v_opt=2.51568 v_mand=1.64519 ptv=0.0014 ptv_max=0.10246 global_ceil=0.21785 ring=0.00397 smooth=0.1430 laplacian=0.5487 anticollapse=0.00000 shell_inner=0.00000 shell_outer=0.00000 homogeneity=0.0000 body=0.00000 bowel=1.10558 femur=0.12455 penile=0.21124
2026-06-02 10:53:39 [INFO] Step 54/54 Loss=21.6550 mse=0.5053 v_opt=2.52242 v_mand=1.65293 ptv=0.0014 ptv_max=0.00629 global_ceil=0.15279 ring=0.00129 smooth=0.0868 laplacian=0.3263 anticollapse=0.00000 shell_inner=0.00000 shell_outer=0.00000 homogeneity=0.0000 body=0.00000 bowel=0.00000 femur=0.00000 penile=0.15111
2026-06-02 10:53:39 [INFO] Running validation at epoch 6...
2026-06-02 10:54:16 [INFO] Epoch 6 Summary: Train=33.3261 Val=0.0838 (MSE=0.0838)
          Coverage D95:  PTV60_D95=52.46Gy  PTV44_D95=42.17Gy
          SIB Means:    PTV60=63.03Gy PTV44=54.31Gy
          OAR Metrics:  Bladder=54.64Gy Rectum=54.39Gy Bowel=52.63Gy Femur=52.02Gy Ring=57.74Gy Penile=57.52Gy
          Physics:      Dmax=99.44Gy BG=63.69Gy
2026-06-02 10:54:16 [INFO] [DIAGNOSTIC] Saved fallback model MSE=0.0838
2026-06-02 10:54:16 [INFO] Epoch 7/300 [RAMP 7/75 (9% of physics)] ramp=0.093 lr=9.99e-05
2026-06-02 10:54:23 [INFO] Step 5/54 Loss=39.5712 mse=1.0441 v_opt=2.50798 v_mand=1.63718 ptv=0.0026 ptv_max=0.06634 global_ceil=0.24628 ring=0.00319 smooth=0.1623 laplacian=0.6296 anticollapse=0.00000 shell_inner=0.00000 shell_outer=0.00000 homogeneity=0.0000 body=0.00000 bowel=1.09368 femur=0.11972 penile=0.00000
2026-06-02 10:54:28 [INFO] Step 10/54 Loss=39.0690 mse=1.0163 v_opt=2.51275 v_mand=1.64176 ptv=0.0018 ptv_max=0.05592 global_ceil=0.25876 ring=0.00195 smooth=0.1617 laplacian=0.6214 anticollapse=0.00000 shell_inner=0.00000 shell_outer=0.00000 homogeneity=0.0000 body=0.00000 bowel=1.08501 femur=0.16549 penile=0.00000
2026-06-02 10:54:35 [INFO] Step 15/54 Loss=34.4393 mse=0.8530 v_opt=2.43518 v_mand=1.57377 ptv=0.0023 ptv_max=0.05902 global_ceil=0.22698 ring=0.00096 smooth=0.1468 laplacian=0.5635 anticollapse=0.00000 shell_inner=0.00000 shell_outer=0.00000 homogeneity=0.0000 body=0.00000 bowel=1.12513 femur=0.13153 penile=0.21763
2026-06-02 10:54:41 [INFO] Step 20/54 Loss=35.8927 mse=0.9117 v_opt=2.54716 v_mand=1.67300 ptv=0.0015 ptv_max=0.05137 global_ceil=0.19929 ring=0.00210 smooth=0.1496 laplacian=0.5744 anticollapse=0.00000 shell_inner=0.00000 shell_outer=0.00000 homogeneity=0.0000 body=0.00000 bowel=1.04945 femur=0.19514 penile=0.17314
2026-06-02 10:54:47 [INFO] Step 25/54 Loss=34.7047 mse=0.8973 v_opt=2.40504 v_mand=1.55083 ptv=0.0033 ptv_max=0.02865 global_ceil=0.19283 ring=0.00017 smooth=0.1692 laplacian=0.6628 anticollapse=0.00000 shell_inner=0.00000 shell_outer=0.00000 homogeneity=0.0000 body=0.00000 bowel=1.05780 femur=0.07611 penile=0.18184
2026-06-02 10:54:53 [INFO] Step 30/54 Loss=40.3896 mse=1.0415 v_opt=2.58769 v_mand=1.71371 ptv=0.0021 ptv_max=0.07481 global_ceil=0.27318 ring=0.00265 smooth=0.1771 laplacian=0.6953 anticollapse=0.00000 shell_inner=0.00000 shell_outer=0.00000 homogeneity=0.0000 body=0.00000 bowel=1.04177 femur=0.17524 penile=0.13754
2026-06-02 10:54:59 [INFO] Step 35/54 Loss=36.2012 mse=1.0214 v_opt=2.40462 v_mand=1.55183 ptv=0.0015 ptv_max=0.00696 global_ceil=0.20634 ring=0.00094 smooth=0.1434 laplacian=0.5451 anticollapse=0.00000 shell_inner=0.00000 shell_outer=0.00000 homogeneity=0.0000 body=0.00000 bowel=0.00000 femur=0.00000 penile=0.00000
2026-06-02 10:55:06 [INFO] Step 40/54 Loss=32.3810 mse=0.8472 v_opt=2.32224 v_mand=1.47701 ptv=0.0022 ptv_max=0.01397 global_ceil=0.25636 ring=0.00125 smooth=0.1520 laplacian=0.5841 anticollapse=0.00000 shell_inner=0.00000 shell_outer=0.00000 homogeneity=0.0000 body=0.00000 bowel=0.00000 femur=0.00000 penile=0.18602
2026-06-02 10:55:12 [INFO] Step 45/54 Loss=29.8127 mse=0.7134 v_opt=2.24515 v_mand=1.42145 ptv=0.0025 ptv_max=0.08974 global_ceil=0.20914 ring=0.00331 smooth=0.1297 laplacian=0.5042 anticollapse=0.00000 shell_inner=0.00000 shell_outer=0.00000 homogeneity=0.0000 body=0.00000 bowel=1.02556 femur=0.11646 penile=0.14007
2026-06-02 10:55:18 [INFO] Step 50/54 Loss=27.2030 mse=0.6559 v_opt=2.20377 v_mand=1.37991 ptv=0.0025 ptv_max=0.04239 global_ceil=0.13162 ring=0.00049 smooth=0.0981 laplacian=0.3740 anticollapse=0.00000 shell_inner=0.00000 shell_outer=0.00000 homogeneity=0.0000 body=0.00000 bowel=1.22953 femur=0.08857 penile=0.14694
2026-06-02 10:55:23 [INFO] Step 54/54 Loss=28.2655 mse=0.6648 v_opt=2.27741 v_mand=1.44329 ptv=0.0013 ptv_max=0.07950 global_ceil=0.18127 ring=0.00407 smooth=0.1082 laplacian=0.4142 anticollapse=0.00000 shell_inner=0.00000 shell_outer=0.00000 homogeneity=0.0000 body=0.00000 bowel=1.04360 femur=0.08418 penile=0.13577
2026-06-02 10:55:23 [INFO] Running validation at epoch 7...
2026-06-02 10:56:00 [INFO] Epoch 7 Summary: Train=32.1278 Val=0.0816 (MSE=0.0816)
          Coverage D95:  PTV60_D95=52.14Gy  PTV44_D95=42.00Gy
          SIB Means:    PTV60=62.65Gy PTV44=53.47Gy
          OAR Metrics:  Bladder=53.95Gy Rectum=53.36Gy Bowel=51.98Gy Femur=51.21Gy Ring=57.21Gy Penile=57.26Gy
          Physics:      Dmax=100.35Gy BG=62.93Gy
2026-06-02 10:56:00 [INFO] [DIAGNOSTIC] Saved fallback model MSE=0.0816
2026-06-02 10:56:00 [INFO] Epoch 8/300 [RAMP 8/75 (11% of physics)] ramp=0.107 lr=9.99e-05
2026-06-02 10:56:07 [INFO] Step 5/54 Loss=28.0629 mse=0.6168 v_opt=2.18289 v_mand=1.36396 ptv=0.0028 ptv_max=0.04437 global_ceil=0.16230 ring=0.00056 smooth=0.0957 laplacian=0.3645 anticollapse=0.00000 shell_inner=0.00000 shell_outer=0.00000 homogeneity=0.0000 body=0.00000 bowel=1.14776 femur=0.10269 penile=0.14854
2026-06-02 10:56:12 [INFO] Step 10/54 Loss=4.9530 mse=0.1688 v_opt=0.00000 v_mand=0.00000 ptv=0.0000 ptv_max=0.00000 global_ceil=0.04481 ring=0.00000 smooth=0.0348 laplacian=0.1298 anticollapse=0.00000 shell_inner=0.00000 shell_outer=0.00000 homogeneity=0.0000 body=0.00000 bowel=0.00000 femur=0.00000 penile=0.00000
2026-06-02 10:56:19 [INFO] Step 15/54 Loss=39.8074 mse=1.0245 v_opt=2.14592 v_mand=1.33918 ptv=0.0015 ptv_max=0.08512 global_ceil=0.27180 ring=0.00319 smooth=0.1763 laplacian=0.6868 anticollapse=0.00000 shell_inner=0.00000 shell_outer=0.00000 homogeneity=0.0000 body=0.00000 bowel=1.07127 femur=0.15068 penile=0.00000
2026-06-02 10:56:24 [INFO] Step 20/54 Loss=34.3000 mse=0.8547 v_opt=2.19107 v_mand=1.37396 ptv=0.0023 ptv_max=0.07358 global_ceil=0.17655 ring=0.00392 smooth=0.1395 laplacian=0.5341 anticollapse=0.00000 shell_inner=0.00000 shell_outer=0.00000 homogeneity=0.0000 body=0.00000 bowel=1.04196 femur=0.09154 penile=0.21190
2026-06-02 10:56:31 [INFO] Step 25/54 Loss=31.2799 mse=0.7194 v_opt=2.24065 v_mand=1.41504 ptv=0.0024 ptv_max=0.08666 global_ceil=0.18333 ring=0.00364 smooth=0.1223 laplacian=0.4740 anticollapse=0.00000 shell_inner=0.00000 shell_outer=0.00000 homogeneity=0.0000 body=0.00000 bowel=1.05776 femur=0.12438 penile=0.14683
2026-06-02 10:56:37 [INFO] Step 30/54 Loss=31.6039 mse=0.7525 v_opt=2.17010 v_mand=1.35379 ptv=0.0022 ptv_max=0.07007 global_ceil=0.18843 ring=0.00293 smooth=0.1140 laplacian=0.4364 anticollapse=0.00000 shell_inner=0.00000 shell_outer=0.00000 homogeneity=0.0000 body=0.00000 bowel=1.03911 femur=0.12778 penile=0.00000
2026-06-02 10:56:43 [INFO] Step 35/54 Loss=33.2798 mse=0.8371 v_opt=2.12674 v_mand=1.32061 ptv=0.0015 ptv_max=0.08680 global_ceil=0.15746 ring=0.00182 smooth=0.1479 laplacian=0.5678 anticollapse=0.00000 shell_inner=0.00000 shell_outer=0.00000 homogeneity=0.0000 body=0.00000 bowel=1.03475 femur=0.16956 penile=0.13250
2026-06-02 10:56:48 [INFO] Step 40/54 Loss=25.5406 mse=0.5762 v_opt=2.16689 v_mand=1.34811 ptv=0.0022 ptv_max=0.03617 global_ceil=0.11943 ring=0.00031 smooth=0.1125 laplacian=0.4148 anticollapse=0.00000 shell_inner=0.00000 shell_outer=0.00000 homogeneity=0.0000 body=0.00000 bowel=0.71646 femur=0.07742 penile=0.15629
2026-06-02 10:56:56 [INFO] Step 45/54 Loss=28.8343 mse=0.6935 v_opt=2.00552 v_mand=1.21960 ptv=0.0031 ptv_max=0.05545 global_ceil=0.13589 ring=0.00082 smooth=0.1056 laplacian=0.4028 anticollapse=0.00000 shell_inner=0.00000 shell_outer=0.00000 homogeneity=0.0000 body=0.00000 bowel=1.15718 femur=0.11516 penile=0.16220
2026-06-02 10:57:01 [INFO] Step 50/54 Loss=32.0235 mse=0.7888 v_opt=2.26285 v_mand=1.42765 ptv=0.0031 ptv_max=0.02737 global_ceil=0.10711 ring=0.00004 smooth=0.1333 laplacian=0.5128 anticollapse=0.00000 shell_inner=0.00000 shell_outer=0.00000 homogeneity=0.0000 body=0.00000 bowel=1.27832 femur=0.10903 penile=0.15761
2026-06-02 10:57:06 [INFO] Step 54/54 Loss=28.8638 mse=0.6917 v_opt=2.18756 v_mand=1.37068 ptv=0.0028 ptv_max=0.03943 global_ceil=0.10600 ring=0.00105 smooth=0.1121 laplacian=0.4247 anticollapse=0.00000 shell_inner=0.00000 shell_outer=0.00000 homogeneity=0.0000 body=0.00000 bowel=1.04819 femur=0.07213 penile=0.14087
2026-06-02 10:57:06 [INFO] Running validation at epoch 8...
2026-06-02 10:57:42 [INFO] Epoch 8 Summary: Train=31.8937 Val=0.0797 (MSE=0.0797)
          Coverage D95:  PTV60_D95=51.68Gy  PTV44_D95=41.10Gy
          SIB Means:    PTV60=61.38Gy PTV44=52.83Gy
          OAR Metrics:  Bladder=53.33Gy Rectum=52.12Gy Bowel=51.44Gy Femur=50.64Gy Ring=56.73Gy Penile=57.08Gy
          Physics:      Dmax=98.76Gy BG=62.25Gy
2026-06-02 10:57:42 [INFO] [DIAGNOSTIC] Saved fallback model MSE=0.0797
2026-06-02 10:57:42 [INFO] Epoch 9/300 [RAMP 9/75 (12% of physics)] ramp=0.120 lr=9.98e-05
2026-06-02 10:57:50 [INFO] Step 5/54 Loss=40.3914 mse=1.0437 v_opt=2.08662 v_mand=1.29669 ptv=0.0027 ptv_max=0.06417 global_ceil=0.20083 ring=0.00182 smooth=0.1753 laplacian=0.6892 anticollapse=0.00000 shell_inner=0.00000 shell_outer=0.00000 homogeneity=0.0000 body=0.00000 bowel=1.02895 femur=0.17244 penile=0.00000
2026-06-02 10:57:55 [INFO] Step 10/54 Loss=33.0451 mse=0.8700 v_opt=1.99599 v_mand=1.21204 ptv=0.0023 ptv_max=0.06776 global_ceil=0.16190 ring=0.00242 smooth=0.1620 laplacian=0.6229 anticollapse=0.00000 shell_inner=0.00000 shell_outer=0.00000 homogeneity=0.0000 body=0.00000 bowel=0.00000 femur=0.09212 penile=0.14228
2026-06-02 10:58:02 [INFO] Step 15/54 Loss=30.0180 mse=0.6738 v_opt=1.98242 v_mand=1.20163 ptv=0.0053 ptv_max=0.13947 global_ceil=0.14852 ring=0.00499 smooth=0.1131 laplacian=0.4290 anticollapse=0.00000 shell_inner=0.00000 shell_outer=0.00000 homogeneity=0.0000 body=0.00000 bowel=1.03772 femur=0.11179 penile=0.17311
2026-06-02 10:58:08 [INFO] Step 20/54 Loss=31.6112 mse=0.7714 v_opt=1.87779 v_mand=1.11519 ptv=0.0031 ptv_max=0.08288 global_ceil=0.14444 ring=0.00334 smooth=0.1528 laplacian=0.5866 anticollapse=0.00000 shell_inner=0.00000 shell_outer=0.00000 homogeneity=0.0000 body=0.00000 bowel=1.02612 femur=0.10899 penile=0.16762
2026-06-02 10:58:15 [INFO] Step 25/54 Loss=26.3609 mse=0.6141 v_opt=1.86854 v_mand=1.11505 ptv=0.0025 ptv_max=0.04890 global_ceil=0.08150 ring=0.00093 smooth=0.0882 laplacian=0.3301 anticollapse=0.00000 shell_inner=0.00000 shell_outer=0.00000 homogeneity=0.0000 body=0.00000 bowel=1.03615 femur=0.07342 penile=0.17632
2026-06-02 10:58:20 [INFO] Step 30/54 Loss=31.9275 mse=0.7882 v_opt=1.90994 v_mand=1.15009 ptv=0.0047 ptv_max=0.04321 global_ceil=0.14946 ring=0.00200 smooth=0.1366 laplacian=0.5273 anticollapse=0.00000 shell_inner=0.00000 shell_outer=0.00000 homogeneity=0.0000 body=0.00000 bowel=1.02924 femur=0.05238 penile=0.00000
2026-06-02 10:58:27 [INFO] Step 35/54 Loss=27.0576 mse=0.6095 v_opt=2.03874 v_mand=1.24606 ptv=0.0027 ptv_max=0.05183 global_ceil=0.08383 ring=0.00089 smooth=0.0868 laplacian=0.3173 anticollapse=0.00000 shell_inner=0.00000 shell_outer=0.00000 homogeneity=0.0000 body=0.00000 bowel=1.01423 femur=0.06782 penile=0.16028
2026-06-02 10:58:32 [INFO] Step 40/54 Loss=32.8931 mse=0.7931 v_opt=1.89478 v_mand=1.12892 ptv=0.0026 ptv_max=0.05706 global_ceil=0.18635 ring=0.00179 smooth=0.1348 laplacian=0.5203 anticollapse=0.00000 shell_inner=0.00000 shell_outer=0.00000 homogeneity=0.0000 body=0.00000 bowel=1.01445 femur=0.14538 penile=0.15499
2026-06-02 10:58:39 [INFO] Step 45/54 Loss=7.4086 mse=0.1979 v_opt=0.00000 v_mand=0.00000 ptv=0.0000 ptv_max=0.00000 global_ceil=0.02622 ring=0.00000 smooth=0.0376 laplacian=0.1403 anticollapse=0.00000 shell_inner=0.00000 shell_outer=0.00000 homogeneity=0.0000 body=0.00000 bowel=1.09413 femur=0.00000 penile=0.00000
2026-06-02 10:58:44 [INFO] Step 50/54 Loss=35.7002 mse=0.9276 v_opt=1.81226 v_mand=1.07431 ptv=0.0032 ptv_max=0.07364 global_ceil=0.17209 ring=0.00300 smooth=0.1707 laplacian=0.6658 anticollapse=0.00000 shell_inner=0.00000 shell_outer=0.00000 homogeneity=0.0000 body=0.00000 bowel=1.00493 femur=0.13718 penile=0.14776
2026-06-02 10:58:49 [INFO] Step 54/54 Loss=26.6619 mse=0.6074 v_opt=2.04584 v_mand=1.26122 ptv=0.0060 ptv_max=0.02521 global_ceil=0.07432 ring=0.00043 smooth=0.1059 laplacian=0.3975 anticollapse=0.00000 shell_inner=0.00000 shell_outer=0.00000 homogeneity=0.0000 body=0.00000 bowel=1.02482 femur=0.04810 penile=0.00000
2026-06-02 10:58:49 [INFO] Running validation at epoch 9...
2026-06-02 10:59:26 [INFO] Epoch 9 Summary: Train=30.2884 Val=0.0781 (MSE=0.0781)
          Coverage D95:  PTV60_D95=50.96Gy  PTV44_D95=40.70Gy
          SIB Means:    PTV60=61.47Gy PTV44=52.88Gy
          OAR Metrics:  Bladder=52.75Gy Rectum=50.51Gy Bowel=50.88Gy Femur=50.06Gy Ring=56.29Gy Penile=57.03Gy
          Physics:      Dmax=101.84Gy BG=61.64Gy
2026-06-02 10:59:26 [INFO] [DIAGNOSTIC] Saved fallback model MSE=0.0781
2026-06-02 10:59:26 [INFO] Epoch 10/300 [RAMP 10/75 (13% of physics)] ramp=0.133 lr=9.98e-05
2026-06-02 10:59:33 [INFO] Step 5/54 Loss=26.3118 mse=0.6373 v_opt=1.76786 v_mand=1.03553 ptv=0.0024 ptv_max=0.00414 global_ceil=0.13460 ring=0.00096 smooth=0.1318 laplacian=0.5003 anticollapse=0.00000 shell_inner=0.00000 shell_outer=0.00000 homogeneity=0.0000 body=0.00000 bowel=0.00000 femur=0.00000 penile=0.15133
2026-06-02 10:59:39 [INFO] Step 10/54 Loss=35.3343 mse=0.8751 v_opt=1.78869 v_mand=1.04717 ptv=0.0025 ptv_max=0.07292 global_ceil=0.16180 ring=0.00247 smooth=0.1547 laplacian=0.5987 anticollapse=0.00000 shell_inner=0.00000 shell_outer=0.00000 homogeneity=0.0000 body=0.00000 bowel=1.01811 femur=0.11011 penile=0.13045
2026-06-02 10:59:46 [INFO] Step 15/54 Loss=39.5310 mse=1.0127 v_opt=1.72572 v_mand=1.00281 ptv=0.0024 ptv_max=0.07416 global_ceil=0.21998 ring=0.00390 smooth=0.1767 laplacian=0.6909 anticollapse=0.00000 shell_inner=0.00000 shell_outer=0.00000 homogeneity=0.0000 body=0.00000 bowel=1.01609 femur=0.15578 penile=0.00000
2026-06-02 10:59:51 [INFO] Step 20/54 Loss=29.7928 mse=0.6738 v_opt=1.83793 v_mand=1.09699 ptv=0.0060 ptv_max=0.05576 global_ceil=0.13271 ring=0.00325 smooth=0.1235 laplacian=0.4753 anticollapse=0.00000 shell_inner=0.00000 shell_outer=0.00000 homogeneity=0.0000 body=0.00000 bowel=1.02308 femur=0.07701 penile=0.00000
2026-06-02 10:59:58 [INFO] Step 25/54 Loss=18.9623 mse=0.6302 v_opt=0.00000 v_mand=0.00000 ptv=0.0000 ptv_max=0.01098 global_ceil=0.05033 ring=0.00000 smooth=0.1226 laplacian=0.4652 anticollapse=0.00000 shell_inner=0.00000 shell_outer=0.00000 homogeneity=0.0000 body=0.00000 bowel=1.04279 femur=0.00000 penile=0.00000
2026-06-02 11:00:04 [INFO] Step 30/54 Loss=33.9906 mse=0.8561 v_opt=1.73011 v_mand=1.00278 ptv=0.0022 ptv_max=0.06534 global_ceil=0.13580 ring=0.00192 smooth=0.1477 laplacian=0.5707 anticollapse=0.00000 shell_inner=0.00000 shell_outer=0.00000 homogeneity=0.0000 body=0.00000 bowel=0.98587 femur=0.13976 penile=0.15103
2026-06-02 11:00:09 [INFO] Step 35/54 Loss=30.6592 mse=0.7235 v_opt=1.54273 v_mand=0.85927 ptv=0.0042 ptv_max=0.09550 global_ceil=0.17909 ring=0.00437 smooth=0.1316 laplacian=0.5067 anticollapse=0.00000 shell_inner=0.00000 shell_outer=0.00000 homogeneity=0.0000 body=0.00000 bowel=0.98946 femur=0.14009 penile=0.14002
2026-06-02 11:00:17 [INFO] Step 40/54 Loss=29.4048 mse=0.7973 v_opt=1.63642 v_mand=0.92883 ptv=0.0026 ptv_max=0.00503 global_ceil=0.12688 ring=0.00079 smooth=0.1378 laplacian=0.5284 anticollapse=0.00000 shell_inner=0.00000 shell_outer=0.00000 homogeneity=0.0000 body=0.00000 bowel=0.00000 femur=0.00000 penile=0.14131
2026-06-02 11:00:22 [INFO] Step 45/54 Loss=31.2369 mse=0.7914 v_opt=1.57048 v_mand=0.88552 ptv=0.0061 ptv_max=0.04319 global_ceil=0.12162 ring=0.00054 smooth=0.1291 laplacian=0.4881 anticollapse=0.00000 shell_inner=0.00000 shell_outer=0.00000 homogeneity=0.0000 body=0.00000 bowel=1.01316 femur=0.12764 penile=0.16238
2026-06-02 11:00:29 [INFO] Step 50/54 Loss=33.2481 mse=0.8401 v_opt=1.81291 v_mand=1.08023 ptv=0.0078 ptv_max=0.04505 global_ceil=0.09631 ring=0.00189 smooth=0.1404 laplacian=0.5439 anticollapse=0.00000 shell_inner=0.00000 shell_outer=0.00000 homogeneity=0.0000 body=0.00000 bowel=1.00608 femur=0.08922 penile=0.14116
2026-06-02 11:00:33 [INFO] Step 54/54 Loss=28.7202 mse=0.7045 v_opt=1.56721 v_mand=0.88838 ptv=0.0040 ptv_max=0.05106 global_ceil=0.11636 ring=0.00123 smooth=0.1092 laplacian=0.4109 anticollapse=0.00000 shell_inner=0.00000 shell_outer=0.00000 homogeneity=0.0000 body=0.00000 bowel=0.99867 femur=0.11105 penile=0.00000
2026-06-02 11:00:33 [INFO] Running validation at epoch 10...
2026-06-02 11:01:09 [INFO] Epoch 10 Summary: Train=30.7803 Val=0.0766 (MSE=0.0766)
          Coverage D95:  PTV60_D95=49.85Gy  PTV44_D95=40.48Gy
          SIB Means:    PTV60=59.84Gy PTV44=51.91Gy
          OAR Metrics:  Bladder=51.94Gy Rectum=49.22Gy Bowel=50.37Gy Femur=49.41Gy Ring=55.65Gy Penile=56.68Gy
          Physics:      Dmax=102.33Gy BG=61.08Gy
2026-06-02 11:01:09 [INFO] [DIAGNOSTIC] Saved fallback model MSE=0.0766
2026-06-02 11:01:09 [INFO] Epoch 11/300 [RAMP 11/75 (15% of physics)] ramp=0.147 lr=9.97e-05
2026-06-02 11:01:17 [INFO] Step 5/54 Loss=39.9229 mse=0.9909 v_opt=1.56407 v_mand=0.87847 ptv=0.0044 ptv_max=0.08313 global_ceil=0.23029 ring=0.00442 smooth=0.1758 laplacian=0.6844 anticollapse=0.00000 shell_inner=0.00000 shell_outer=0.00000 homogeneity=0.0000 body=0.00000 bowel=0.99407 femur=0.12922 penile=0.19165
2026-06-02 11:01:22 [INFO] Step 10/54 Loss=36.1794 mse=0.9155 v_opt=1.54401 v_mand=0.86221 ptv=0.0033 ptv_max=0.07463 global_ceil=0.15794 ring=0.00378 smooth=0.1666 laplacian=0.6448 anticollapse=0.00000 shell_inner=0.00000 shell_outer=0.00000 homogeneity=0.0000 body=0.00000 bowel=0.97575 femur=0.11174 penile=0.17765
2026-06-02 11:01:29 [INFO] Step 15/54 Loss=34.2982 mse=0.8461 v_opt=1.74151 v_mand=1.01275 ptv=0.0048 ptv_max=0.03687 global_ceil=0.10657 ring=0.00171 smooth=0.1554 laplacian=0.6013 anticollapse=0.00000 shell_inner=0.00000 shell_outer=0.00000 homogeneity=0.0000 body=0.00000 bowel=0.99990 femur=0.10234 penile=0.14555
2026-06-02 11:01:34 [INFO] Step 20/54 Loss=15.5496 mse=0.4868 v_opt=0.00000 v_mand=0.00000 ptv=0.0000 ptv_max=0.00611 global_ceil=0.04175 ring=0.00000 smooth=0.1016 laplacian=0.3918 anticollapse=0.00000 shell_inner=0.00000 shell_outer=0.00000 homogeneity=0.0000 body=0.00000 bowel=1.04402 femur=0.04923 penile=0.00000
2026-06-02 11:01:42 [INFO] Step 25/54 Loss=28.1760 mse=0.6689 v_opt=1.46914 v_mand=0.80720 ptv=0.0054 ptv_max=0.04405 global_ceil=0.10502 ring=0.00073 smooth=0.1002 laplacian=0.3746 anticollapse=0.00000 shell_inner=0.00000 shell_outer=0.00000 homogeneity=0.0000 body=0.00000 bowel=0.99352 femur=0.09086 penile=0.12328
2026-06-02 11:01:47 [INFO] Step 30/54 Loss=25.1617 mse=0.5965 v_opt=1.32594 v_mand=0.70238 ptv=0.0050 ptv_max=0.03470 global_ceil=0.08891 ring=0.00051 smooth=0.0875 laplacian=0.3234 anticollapse=0.00000 shell_inner=0.00000 shell_outer=0.00000 homogeneity=0.0000 body=0.00000 bowel=0.98224 femur=0.07564 penile=0.16476
2026-06-02 11:01:54 [INFO] Step 35/54 Loss=36.9606 mse=0.9906 v_opt=1.53559 v_mand=0.86499 ptv=0.0088 ptv_max=0.05883 global_ceil=0.12561 ring=0.00530 smooth=0.1703 laplacian=0.6709 anticollapse=0.00000 shell_inner=0.00000 shell_outer=0.00000 homogeneity=0.0000 body=0.00000 bowel=0.96524 femur=0.04599 penile=0.00000
2026-06-02 11:01:59 [INFO] Step 40/54 Loss=27.5761 mse=0.6341 v_opt=1.28532 v_mand=0.67278 ptv=0.0047 ptv_max=0.07035 global_ceil=0.16204 ring=0.00447 smooth=0.1101 laplacian=0.4243 anticollapse=0.00000 shell_inner=0.00000 shell_outer=0.00000 homogeneity=0.0000 body=0.00000 bowel=0.95634 femur=0.06902 penile=0.14656
2026-06-02 11:02:06 [INFO] Step 45/54 Loss=27.0758 mse=0.6129 v_opt=1.59141 v_mand=0.89241 ptv=0.0057 ptv_max=0.04113 global_ceil=0.08472 ring=0.00126 smooth=0.1017 laplacian=0.3829 anticollapse=0.00000 shell_inner=0.00000 shell_outer=0.00000 homogeneity=0.0000 body=0.00000 bowel=0.98907 femur=0.10939 penile=0.17316
2026-06-02 11:02:12 [INFO] Step 50/54 Loss=37.3507 mse=0.9942 v_opt=1.47105 v_mand=0.80703 ptv=0.0039 ptv_max=0.06617 global_ceil=0.15239 ring=0.00356 smooth=0.1693 laplacian=0.6619 anticollapse=0.00000 shell_inner=0.00000 shell_outer=0.00000 homogeneity=0.0000 body=0.00000 bowel=0.97458 femur=0.14305 penile=0.00000
2026-06-02 11:02:17 [INFO] Step 54/54 Loss=30.6107 mse=0.7790 v_opt=1.33525 v_mand=0.70163 ptv=0.0045 ptv_max=0.06127 global_ceil=0.12842 ring=0.00286 smooth=0.1334 laplacian=0.5143 anticollapse=0.00000 shell_inner=0.00000 shell_outer=0.00000 homogeneity=0.0000 body=0.00000 bowel=0.91406 femur=0.11528 penile=0.13625
2026-06-02 11:02:17 [INFO] Running validation at epoch 11...
2026-06-02 11:02:53 [INFO] Epoch 11 Summary: Train=30.3341 Val=0.0756 (MSE=0.0756)
          Coverage D95:  PTV60_D95=48.15Gy  PTV44_D95=40.17Gy
          SIB Means:    PTV60=58.93Gy PTV44=51.46Gy
          OAR Metrics:  Bladder=51.05Gy Rectum=48.02Gy Bowel=50.10Gy Femur=49.28Gy Ring=55.43Gy Penile=56.42Gy
          Physics:      Dmax=103.84Gy BG=60.71Gy
2026-06-02 11:02:53 [INFO] [DIAGNOSTIC] Saved fallback model MSE=0.0756
2026-06-02 11:02:53 [INFO] Epoch 12/300 [RAMP 12/75 (16% of physics)] ramp=0.160 lr=9.97e-05
2026-06-02 11:03:00 [INFO] Step 5/54 Loss=34.2887 mse=0.8466 v_opt=1.43743 v_mand=0.77967 ptv=0.0036 ptv_max=0.03147 global_ceil=0.15975 ring=0.00073 smooth=0.1319 laplacian=0.5055 anticollapse=0.00000 shell_inner=0.00000 shell_outer=0.00000 homogeneity=0.0000 body=0.00000 bowel=0.89378 femur=0.10969 penile=0.00000
2026-06-02 11:03:06 [INFO] Step 10/54 Loss=34.1411 mse=0.8577 v_opt=1.44202 v_mand=0.78843 ptv=0.0030 ptv_max=0.04982 global_ceil=0.12028 ring=0.00130 smooth=0.1442 laplacian=0.5546 anticollapse=0.00000 shell_inner=0.00000 shell_outer=0.00000 homogeneity=0.0000 body=0.00000 bowel=0.95428 femur=0.13087 penile=0.11057
2026-06-02 11:03:12 [INFO] Step 15/54 Loss=23.9774 mse=0.5612 v_opt=1.23372 v_mand=0.63773 ptv=0.0044 ptv_max=0.03275 global_ceil=0.09356 ring=0.00030 smooth=0.1008 laplacian=0.3823 anticollapse=0.00000 shell_inner=0.00000 shell_outer=0.00000 homogeneity=0.0000 body=0.00000 bowel=0.67940 femur=0.05684 penile=0.14050
2026-06-02 11:03:18 [INFO] Step 20/54 Loss=38.3972 mse=0.9914 v_opt=1.28302 v_mand=0.67065 ptv=0.0046 ptv_max=0.07112 global_ceil=0.19938 ring=0.00227 smooth=0.1697 laplacian=0.6561 anticollapse=0.00000 shell_inner=0.00000 shell_outer=0.00000 homogeneity=0.0000 body=0.00000 bowel=0.98236 femur=0.12021 penile=0.00000
2026-06-02 11:03:24 [INFO] Step 25/54 Loss=30.5697 mse=0.7717 v_opt=1.11915 v_mand=0.55309 ptv=0.0058 ptv_max=0.06785 global_ceil=0.15509 ring=0.00364 smooth=0.1392 laplacian=0.5351 anticollapse=0.00000 shell_inner=0.00000 shell_outer=0.00000 homogeneity=0.0000 body=0.00000 bowel=0.82508 femur=0.07785 penile=0.11782
2026-06-02 11:03:30 [INFO] Step 30/54 Loss=21.7523 mse=0.5302 v_opt=1.13358 v_mand=0.56538 ptv=0.0042 ptv_max=0.03725 global_ceil=0.06837 ring=0.00044 smooth=0.1063 laplacian=0.3982 anticollapse=0.00000 shell_inner=0.00000 shell_outer=0.00000 homogeneity=0.0000 body=0.00000 bowel=0.56199 femur=0.06197 penile=0.14958
2026-06-02 11:03:36 [INFO] Step 35/54 Loss=36.2116 mse=0.9244 v_opt=1.24310 v_mand=0.64248 ptv=0.0068 ptv_max=0.05726 global_ceil=0.19709 ring=0.00443 smooth=0.1587 laplacian=0.6139 anticollapse=0.00000 shell_inner=0.00000 shell_outer=0.00000 homogeneity=0.0000 body=0.00000 bowel=0.91051 femur=0.12270 penile=0.00000
2026-06-02 11:03:42 [INFO] Step 40/54 Loss=28.3952 mse=0.7742 v_opt=1.33785 v_mand=0.70825 ptv=0.0097 ptv_max=0.03799 global_ceil=0.09790 ring=0.00110 smooth=0.1160 laplacian=0.4371 anticollapse=0.00000 shell_inner=0.00000 shell_outer=0.00000 homogeneity=0.0000 body=0.00000 bowel=0.00000 femur=0.06846 penile=0.09428
2026-06-02 11:03:48 [INFO] Step 45/54 Loss=28.0002 mse=0.6604 v_opt=1.18504 v_mand=0.62100 ptv=0.0079 ptv_max=0.05976 global_ceil=0.13520 ring=0.00349 smooth=0.1165 laplacian=0.4458 anticollapse=0.00000 shell_inner=0.00000 shell_outer=0.00000 homogeneity=0.0000 body=0.00000 bowel=0.96028 femur=0.09687 penile=0.00000
2026-06-02 11:03:54 [INFO] Step 50/54 Loss=22.3263 mse=0.5538 v_opt=1.02570 v_mand=0.49172 ptv=0.0050 ptv_max=0.03937 global_ceil=0.09841 ring=0.00090 smooth=0.1052 laplacian=0.3891 anticollapse=0.00000 shell_inner=0.00000 shell_outer=0.00000 homogeneity=0.0000 body=0.00000 bowel=0.49113 femur=0.06834 penile=0.16843
2026-06-02 11:03:59 [INFO] Step 54/54 Loss=36.9015 mse=0.9886 v_opt=1.14664 v_mand=0.57657 ptv=0.0074 ptv_max=0.05961 global_ceil=0.16056 ring=0.00302 smooth=0.1688 laplacian=0.6590 anticollapse=0.00000 shell_inner=0.00000 shell_outer=0.00000 homogeneity=0.0000 body=0.00000 bowel=0.97449 femur=0.09319 penile=0.24705
2026-06-02 11:03:59 [INFO] Running validation at epoch 12...
2026-06-02 11:04:36 [INFO] Epoch 12 Summary: Train=29.8063 Val=0.0746 (MSE=0.0746)
          Coverage D95:  PTV60_D95=48.25Gy  PTV44_D95=40.25Gy
          SIB Means:    PTV60=58.48Gy PTV44=51.41Gy
          OAR Metrics:  Bladder=49.68Gy Rectum=46.44Gy Bowel=49.70Gy Femur=48.79Gy Ring=54.88Gy Penile=56.43Gy
          Physics:      Dmax=105.47Gy BG=60.32Gy
2026-06-02 11:04:36 [INFO] [DIAGNOSTIC] Saved fallback model MSE=0.0746
2026-06-02 11:04:36 [INFO] Epoch 13/300 [RAMP 13/75 (17% of physics)] ramp=0.173 lr=9.96e-05
2026-06-02 11:04:43 [INFO] Step 5/54 Loss=25.3651 mse=0.5646 v_opt=1.32348 v_mand=0.69653 ptv=0.0101 ptv_max=0.02574 global_ceil=0.07646 ring=0.00039 smooth=0.0870 laplacian=0.3158 anticollapse=0.00000 shell_inner=0.00000 shell_outer=0.00000 homogeneity=0.0000 body=0.00000 bowel=0.83325 femur=0.05697 penile=0.13030
2026-06-02 11:04:49 [INFO] Step 10/54 Loss=21.4358 mse=0.4063 v_opt=1.05375 v_mand=0.52674 ptv=0.0073 ptv_max=0.05060 global_ceil=0.13536 ring=0.00179 smooth=0.0756 laplacian=0.2867 anticollapse=0.00000 shell_inner=0.00000 shell_outer=0.00000 homogeneity=0.0000 body=0.00000 bowel=0.78548 femur=0.09879 penile=0.13319
2026-06-02 11:04:55 [INFO] Step 15/54 Loss=26.5860 mse=0.6070 v_opt=1.08632 v_mand=0.52726 ptv=0.0069 ptv_max=0.04301 global_ceil=0.14039 ring=0.00212 smooth=0.0995 laplacian=0.3694 anticollapse=0.00000 shell_inner=0.00000 shell_outer=0.00000 homogeneity=0.0000 body=0.00000 bowel=0.89360 femur=0.07668 penile=0.00000
2026-06-02 11:05:00 [INFO] Step 20/54 Loss=29.4116 mse=0.7502 v_opt=1.00012 v_mand=0.47654 ptv=0.0064 ptv_max=0.03927 global_ceil=0.12198 ring=0.00132 smooth=0.1223 laplacian=0.4620 anticollapse=0.00000 shell_inner=0.00000 shell_outer=0.00000 homogeneity=0.0000 body=0.00000 bowel=0.84055 femur=0.13194 penile=0.14029
2026-06-02 11:05:08 [INFO] Step 25/54 Loss=23.1844 mse=0.5835 v_opt=1.01008 v_mand=0.47787 ptv=0.0077 ptv_max=0.03708 global_ceil=0.09196 ring=0.00108 smooth=0.0937 laplacian=0.3476 anticollapse=0.00000 shell_inner=0.00000 shell_outer=0.00000 homogeneity=0.0000 body=0.00000 bowel=0.40071 femur=0.06459 penile=0.13558
2026-06-02 11:05:13 [INFO] Step 30/54 Loss=20.3670 mse=0.4996 v_opt=0.82550 v_mand=0.35370 ptv=0.0050 ptv_max=0.04077 global_ceil=0.08646 ring=0.00144 smooth=0.0766 laplacian=0.2866 anticollapse=0.00000 shell_inner=0.00000 shell_outer=0.00000 homogeneity=0.0000 body=0.00000 bowel=0.59334 femur=0.05457 penile=0.18814
2026-06-02 11:05:20 [INFO] Step 35/54 Loss=26.0751 mse=0.5889 v_opt=1.09857 v_mand=0.54381 ptv=0.0065 ptv_max=0.04197 global_ceil=0.13304 ring=0.00099 smooth=0.0851 laplacian=0.3098 anticollapse=0.00000 shell_inner=0.00000 shell_outer=0.00000 homogeneity=0.0000 body=0.00000 bowel=0.81314 femur=0.09871 penile=0.10353
2026-06-02 11:05:25 [INFO] Step 40/54 Loss=23.3203 mse=0.5901 v_opt=0.93092 v_mand=0.43087 ptv=0.0065 ptv_max=0.02505 global_ceil=0.09107 ring=0.00021 smooth=0.1007 laplacian=0.3755 anticollapse=0.00000 shell_inner=0.00000 shell_outer=0.00000 homogeneity=0.0000 body=0.00000 bowel=0.58783 femur=0.05233 penile=0.15433
2026-06-02 11:05:33 [INFO] Step 45/54 Loss=31.6962 mse=0.8699 v_opt=0.88507 v_mand=0.39288 ptv=0.0064 ptv_max=0.03518 global_ceil=0.16102 ring=0.00093 smooth=0.1551 laplacian=0.5975 anticollapse=0.00000 shell_inner=0.00000 shell_outer=0.00000 homogeneity=0.0000 body=0.00000 bowel=0.50589 femur=0.06696 penile=0.15252
2026-06-02 11:05:38 [INFO] Step 50/54 Loss=33.1626 mse=0.9041 v_opt=0.92367 v_mand=0.41131 ptv=0.0084 ptv_max=0.04044 global_ceil=0.13698 ring=0.00207 smooth=0.1595 laplacian=0.6223 anticollapse=0.00000 shell_inner=0.00000 shell_outer=0.00000 homogeneity=0.0000 body=0.00000 bowel=0.87331 femur=0.12521 penile=0.12720
2026-06-02 11:05:43 [INFO] Step 54/54 Loss=30.2197 mse=0.7974 v_opt=0.82934 v_mand=0.36618 ptv=0.0088 ptv_max=0.04048 global_ceil=0.14087 ring=0.00279 smooth=0.1265 laplacian=0.4870 anticollapse=0.00000 shell_inner=0.00000 shell_outer=0.00000 homogeneity=0.0000 body=0.00000 bowel=0.90183 femur=0.07757 penile=0.16984
2026-06-02 11:05:43 [INFO] Running validation at epoch 13...
2026-06-02 11:06:19 [INFO] Epoch 13 Summary: Train=27.9991 Val=0.0736 (MSE=0.0736)
          Coverage D95:  PTV60_D95=47.29Gy  PTV44_D95=39.92Gy
          SIB Means:    PTV60=57.66Gy PTV44=51.09Gy
          OAR Metrics:  Bladder=49.42Gy Rectum=44.34Gy Bowel=49.60Gy Femur=48.66Gy Ring=54.49Gy Penile=55.24Gy
          Physics:      Dmax=106.71Gy BG=59.99Gy
2026-06-02 11:06:19 [INFO] [DIAGNOSTIC] Saved fallback model MSE=0.0736
2026-06-02 11:06:19 [INFO] Epoch 14/300 [RAMP 14/75 (19% of physics)] ramp=0.187 lr=9.95e-05
2026-06-02 11:06:27 [INFO] Step 5/54 Loss=27.6123 mse=0.6664 v_opt=0.99169 v_mand=0.47391 ptv=0.0104 ptv_max=0.05229 global_ceil=0.10819 ring=0.00283 smooth=0.1192 laplacian=0.4507 anticollapse=0.00000 shell_inner=0.00000 shell_outer=0.00000 homogeneity=0.0000 body=0.00000 bowel=0.89006 femur=0.07932 penile=0.00000
2026-06-02 11:06:32 [INFO] Step 10/54 Loss=36.7127 mse=0.9157 v_opt=1.06693 v_mand=0.51017 ptv=0.0059 ptv_max=0.04379 global_ceil=0.18661 ring=0.00132 smooth=0.1681 laplacian=0.6522 anticollapse=0.00000 shell_inner=0.00000 shell_outer=0.00000 homogeneity=0.0000 body=0.00000 bowel=0.92708 femur=0.07028 penile=0.14470
2026-06-02 11:06:39 [INFO] Step 15/54 Loss=32.7953 mse=0.8175 v_opt=0.89465 v_mand=0.39523 ptv=0.0048 ptv_max=0.04974 global_ceil=0.18715 ring=0.00333 smooth=0.1327 laplacian=0.5092 anticollapse=0.00000 shell_inner=0.00000 shell_outer=0.00000 homogeneity=0.0000 body=0.00000 bowel=0.78624 femur=0.08672 penile=0.15500
2026-06-02 11:06:44 [INFO] Step 20/54 Loss=38.6467 mse=1.0128 v_opt=0.97537 v_mand=0.46415 ptv=0.0047 ptv_max=0.05505 global_ceil=0.19260 ring=0.00391 smooth=0.1630 laplacian=0.6348 anticollapse=0.00000 shell_inner=0.00000 shell_outer=0.00000 homogeneity=0.0000 body=0.00000 bowel=0.87244 femur=0.15837 penile=0.00000
2026-06-02 11:06:52 [INFO] Step 25/54 Loss=25.7957 mse=0.6161 v_opt=0.97462 v_mand=0.45283 ptv=0.0070 ptv_max=0.04382 global_ceil=0.11216 ring=0.00147 smooth=0.1016 laplacian=0.3823 anticollapse=0.00000 shell_inner=0.00000 shell_outer=0.00000 homogeneity=0.0000 body=0.00000 bowel=0.64376 femur=0.11175 penile=0.13888
2026-06-02 11:06:56 [INFO] Step 30/54 Loss=35.0832 mse=0.9730 v_opt=0.77128 v_mand=0.32563 ptv=0.0056 ptv_max=0.04379 global_ceil=0.14569 ring=0.00366 smooth=0.1680 laplacian=0.6602 anticollapse=0.00000 shell_inner=0.00000 shell_outer=0.00000 homogeneity=0.0000 body=0.00000 bowel=0.79913 femur=0.14284 penile=0.21347
2026-06-02 11:07:04 [INFO] Step 35/54 Loss=24.7425 mse=0.5529 v_opt=1.08297 v_mand=0.52559 ptv=0.0160 ptv_max=0.02527 global_ceil=0.10374 ring=0.00105 smooth=0.0943 laplacian=0.3449 anticollapse=0.00000 shell_inner=0.00000 shell_outer=0.00000 homogeneity=0.0000 body=0.00000 bowel=0.81042 femur=0.04381 penile=0.00000
2026-06-02 11:07:09 [INFO] Step 40/54 Loss=27.4211 mse=0.7099 v_opt=0.88927 v_mand=0.39140 ptv=0.0072 ptv_max=0.03333 global_ceil=0.09709 ring=0.00076 smooth=0.1134 laplacian=0.4245 anticollapse=0.00000 shell_inner=0.00000 shell_outer=0.00000 homogeneity=0.0000 body=0.00000 bowel=0.78246 femur=0.11067 penile=0.12391
2026-06-02 11:07:16 [INFO] Step 45/54 Loss=35.1018 mse=0.9639 v_opt=0.77881 v_mand=0.32947 ptv=0.0079 ptv_max=0.04247 global_ceil=0.16117 ring=0.00243 smooth=0.1668 laplacian=0.6538 anticollapse=0.00000 shell_inner=0.00000 shell_outer=0.00000 homogeneity=0.0000 body=0.00000 bowel=0.77608 femur=0.11266 penile=0.15530
2026-06-02 11:07:21 [INFO] Step 50/54 Loss=25.5861 mse=0.6334 v_opt=0.88654 v_mand=0.39224 ptv=0.0092 ptv_max=0.03183 global_ceil=0.08881 ring=0.00063 smooth=0.1005 laplacian=0.3714 anticollapse=0.00000 shell_inner=0.00000 shell_outer=0.00000 homogeneity=0.0000 body=0.00000 bowel=0.88989 femur=0.09027 penile=0.14693
2026-06-02 11:07:27 [INFO] Step 54/54 Loss=20.4575 mse=0.5242 v_opt=0.85795 v_mand=0.37796 ptv=0.0083 ptv_max=0.02234 global_ceil=0.06146 ring=0.00022 smooth=0.0693 laplacian=0.2530 anticollapse=0.00000 shell_inner=0.00000 shell_outer=0.00000 homogeneity=0.0000 body=0.00000 bowel=0.42020 femur=0.04750 penile=0.14406
2026-06-02 11:07:27 [INFO] Running validation at epoch 14...
2026-06-02 11:08:03 [INFO] Epoch 14 Summary: Train=29.6246 Val=0.0725 (MSE=0.0725)
          Coverage D95:  PTV60_D95=47.00Gy  PTV44_D95=40.16Gy
          SIB Means:    PTV60=57.22Gy PTV44=50.26Gy
          OAR Metrics:  Bladder=48.15Gy Rectum=43.82Gy Bowel=48.98Gy Femur=48.04Gy Ring=53.94Gy Penile=55.20Gy
          Physics:      Dmax=107.01Gy BG=59.59Gy
2026-06-02 11:08:03 [INFO] [DIAGNOSTIC] Saved fallback model MSE=0.0725
2026-06-02 11:08:03 [INFO] Epoch 15/300 [RAMP 15/75 (20% of physics)] ramp=0.200 lr=9.95e-05
2026-06-02 11:08:10 [INFO] Step 5/54 Loss=25.5448 mse=0.6432 v_opt=0.67351 v_mand=0.26383 ptv=0.0002 ptv_max=0.03238 global_ceil=0.13077 ring=0.00287 smooth=0.1156 laplacian=0.4453 anticollapse=0.00000 shell_inner=0.00000 shell_outer=0.00000 homogeneity=0.0000 body=0.00000 bowel=0.77450 femur=0.00000 penile=0.00000
2026-06-02 11:08:15 [INFO] Step 10/54 Loss=21.0424 mse=0.6446 v_opt=0.00000 v_mand=0.00000 ptv=0.0003 ptv_max=0.00865 global_ceil=0.07026 ring=0.00000 smooth=0.1116 laplacian=0.4304 anticollapse=0.00000 shell_inner=0.00000 shell_outer=0.00000 homogeneity=0.0000 body=0.00000 bowel=0.85664 femur=0.04842 penile=0.00000
2026-06-02 11:08:22 [INFO] Step 15/54 Loss=26.2866 mse=0.6984 v_opt=0.71379 v_mand=0.28188 ptv=0.0080 ptv_max=0.02580 global_ceil=0.07978 ring=0.00059 smooth=0.1161 laplacian=0.4512 anticollapse=0.00000 shell_inner=0.00000 shell_outer=0.00000 homogeneity=0.0000 body=0.00000 bowel=0.87536 femur=0.06344 penile=0.12194
2026-06-02 11:08:28 [INFO] Step 20/54 Loss=31.3141 mse=0.8925 v_opt=0.75021 v_mand=0.30827 ptv=0.0074 ptv_max=0.04171 global_ceil=0.15432 ring=0.00280 smooth=0.1373 laplacian=0.5269 anticollapse=0.00000 shell_inner=0.00000 shell_outer=0.00000 homogeneity=0.0000 body=0.00000 bowel=0.00000 femur=0.09512 penile=0.17409
2026-06-02 11:08:34 [INFO] Step 25/54 Loss=26.7043 mse=0.6533 v_opt=0.62496 v_mand=0.24479 ptv=0.0098 ptv_max=0.03827 global_ceil=0.14390 ring=0.00281 smooth=0.1057 laplacian=0.3986 anticollapse=0.00000 shell_inner=0.00000 shell_outer=0.00000 homogeneity=0.0000 body=0.00000 bowel=0.87894 femur=0.10162 penile=0.04719
2026-06-02 11:08:40 [INFO] Step 30/54 Loss=29.3655 mse=0.8627 v_opt=0.65459 v_mand=0.26395 ptv=0.0104 ptv_max=0.00272 global_ceil=0.14644 ring=0.00065 smooth=0.1481 laplacian=0.5761 anticollapse=0.00000 shell_inner=0.00000 shell_outer=0.00000 homogeneity=0.0000 body=0.00000 bowel=0.00000 femur=0.00000 penile=0.12979
2026-06-02 11:08:46 [INFO] Step 35/54 Loss=19.9802 mse=0.5041 v_opt=0.51188 v_mand=0.24367 ptv=0.0073 ptv_max=0.03047 global_ceil=0.05288 ring=0.00041 smooth=0.0639 laplacian=0.2304 anticollapse=0.00000 shell_inner=0.00000 shell_outer=0.00000 homogeneity=0.0000 body=0.00000 bowel=0.77437 femur=0.06514 penile=0.19702
2026-06-02 11:08:52 [INFO] Step 40/54 Loss=26.9124 mse=0.6941 v_opt=0.72981 v_mand=0.28792 ptv=0.0088 ptv_max=0.03709 global_ceil=0.12844 ring=0.00180 smooth=0.0958 laplacian=0.3598 anticollapse=0.00000 shell_inner=0.00000 shell_outer=0.00000 homogeneity=0.0000 body=0.00000 bowel=0.55296 femur=0.07601 penile=0.16643
2026-06-02 11:08:58 [INFO] Step 45/54 Loss=31.6930 mse=0.7998 v_opt=0.67063 v_mand=0.27676 ptv=0.0082 ptv_max=0.03448 global_ceil=0.18598 ring=0.00189 smooth=0.1220 laplacian=0.4594 anticollapse=0.00000 shell_inner=0.00000 shell_outer=0.00000 homogeneity=0.0000 body=0.00000 bowel=0.75162 femur=0.08850 penile=0.12845
2026-06-02 11:09:05 [INFO] Step 50/54 Loss=31.4424 mse=0.7910 v_opt=0.85663 v_mand=0.38179 ptv=0.0077 ptv_max=0.04232 global_ceil=0.13521 ring=0.00236 smooth=0.1137 laplacian=0.4259 anticollapse=0.00000 shell_inner=0.00000 shell_outer=0.00000 homogeneity=0.0000 body=0.00000 bowel=0.83522 femur=0.10457 penile=0.15209
2026-06-02 11:09:10 [INFO] Step 54/54 Loss=26.2432 mse=0.6954 v_opt=0.70911 v_mand=0.27856 ptv=0.0078 ptv_max=0.02483 global_ceil=0.11696 ring=0.00051 smooth=0.1023 laplacian=0.3792 anticollapse=0.00000 shell_inner=0.00000 shell_outer=0.00000 homogeneity=0.0000 body=0.00000 bowel=0.51573 femur=0.08090 penile=0.13216
2026-06-02 11:09:10 [INFO] Running validation at epoch 15...
2026-06-02 11:09:46 [INFO] Epoch 15 Summary: Train=26.7441 Val=0.0720 (MSE=0.0720)
          Coverage D95:  PTV60_D95=46.42Gy  PTV44_D95=39.26Gy
          SIB Means:    PTV60=56.42Gy PTV44=49.67Gy
          OAR Metrics:  Bladder=46.76Gy Rectum=43.07Gy Bowel=48.48Gy Femur=47.63Gy Ring=53.30Gy Penile=54.58Gy
          Physics:      Dmax=109.97Gy BG=59.37Gy
2026-06-02 11:09:46 [INFO] [DIAGNOSTIC] Saved fallback model MSE=0.0720
2026-06-02 11:09:46 [INFO] Epoch 16/300 [RAMP 16/75 (21% of physics)] ramp=0.213 lr=9.94e-05
2026-06-02 11:09:54 [INFO] Step 5/54 Loss=13.3846 mse=0.3572 v_opt=0.00000 v_mand=0.00000 ptv=0.0000 ptv_max=0.00000 global_ceil=0.06418 ring=0.00000 smooth=0.0706 laplacian=0.2544 anticollapse=0.00000 shell_inner=0.00000 shell_outer=0.00000 homogeneity=0.0000 body=0.00000 bowel=0.73123 femur=0.00000 penile=0.00000
2026-06-02 11:09:59 [INFO] Step 10/54 Loss=28.1931 mse=0.6683 v_opt=0.78782 v_mand=0.32562 ptv=0.0049 ptv_max=0.05126 global_ceil=0.13711 ring=0.00212 smooth=0.1015 laplacian=0.3835 anticollapse=0.00000 shell_inner=0.00000 shell_outer=0.00000 homogeneity=0.0000 body=0.00000 bowel=0.78090 femur=0.14568 penile=0.00000
2026-06-02 11:10:06 [INFO] Step 15/54 Loss=27.0554 mse=0.6638 v_opt=0.62910 v_mand=0.25550 ptv=0.0097 ptv_max=0.02206 global_ceil=0.13744 ring=0.00061 smooth=0.1087 laplacian=0.4148 anticollapse=0.00000 shell_inner=0.00000 shell_outer=0.00000 homogeneity=0.0000 body=0.00000 bowel=0.76467 femur=0.06507 penile=0.06783
2026-06-02 11:10:12 [INFO] Step 20/54 Loss=14.8981 mse=0.3069 v_opt=0.97011 v_mand=0.48164 ptv=0.0175 ptv_max=0.00002 global_ceil=0.03962 ring=0.00000 smooth=0.0476 laplacian=0.1686 anticollapse=0.00000 shell_inner=0.00000 shell_outer=0.00000 homogeneity=0.0000 body=0.00000 bowel=0.00000 femur=0.00000 penile=0.09189
2026-06-02 11:10:18 [INFO] Step 25/54 Loss=15.5800 mse=0.5371 v_opt=0.00000 v_mand=0.00000 ptv=0.0000 ptv_max=0.00000 global_ceil=0.06374 ring=0.00000 smooth=0.1222 laplacian=0.4694 anticollapse=0.00000 shell_inner=0.00000 shell_outer=0.00000 homogeneity=0.0000 body=0.00000 bowel=0.00000 femur=0.00000 penile=0.00000
2026-06-02 11:10:24 [INFO] Step 30/54 Loss=12.7934 mse=0.3126 v_opt=0.55368 v_mand=0.30162 ptv=0.0000 ptv_max=0.00000 global_ceil=0.04618 ring=0.00000 smooth=0.0525 laplacian=0.1914 anticollapse=0.00000 shell_inner=0.00000 shell_outer=0.00000 homogeneity=0.0000 body=0.00000 bowel=0.00000 femur=0.00000 penile=0.00000
2026-06-02 11:10:30 [INFO] Step 35/54 Loss=18.9149 mse=0.4373 v_opt=0.69110 v_mand=0.26917 ptv=0.0109 ptv_max=0.02522 global_ceil=0.07530 ring=0.00067 smooth=0.0640 laplacian=0.2306 anticollapse=0.00000 shell_inner=0.00000 shell_outer=0.00000 homogeneity=0.0000 body=0.00000 bowel=0.51406 femur=0.07893 penile=0.12574
2026-06-02 11:10:37 [INFO] Step 40/54 Loss=28.3431 mse=0.7562 v_opt=0.39234 v_mand=0.13066 ptv=0.0075 ptv_max=0.04690 global_ceil=0.15031 ring=0.00498 smooth=0.1318 laplacian=0.5072 anticollapse=0.00000 shell_inner=0.00000 shell_outer=0.00000 homogeneity=0.0000 body=0.00000 bowel=0.72558 femur=0.10473 penile=0.00000
2026-06-02 11:10:42 [INFO] Step 45/54 Loss=30.8771 mse=0.7921 v_opt=0.67602 v_mand=0.26619 ptv=0.0074 ptv_max=0.04060 global_ceil=0.15287 ring=0.00193 smooth=0.1064 laplacian=0.4015 anticollapse=0.00000 shell_inner=0.00000 shell_outer=0.00000 homogeneity=0.0000 body=0.00000 bowel=0.74537 femur=0.10906 penile=0.00000
2026-06-02 11:10:49 [INFO] Step 50/54 Loss=31.1064 mse=0.8496 v_opt=0.59667 v_mand=0.21762 ptv=0.0090 ptv_max=0.03238 global_ceil=0.12596 ring=0.00115 smooth=0.1148 laplacian=0.4382 anticollapse=0.00000 shell_inner=0.00000 shell_outer=0.00000 homogeneity=0.0000 body=0.00000 bowel=0.72118 femur=0.12356 penile=0.13299
2026-06-02 11:10:53 [INFO] Step 54/54 Loss=22.9969 mse=0.6225 v_opt=0.57716 v_mand=0.20908 ptv=0.0097 ptv_max=0.02292 global_ceil=0.08620 ring=0.00059 smooth=0.0771 laplacian=0.2847 anticollapse=0.00000 shell_inner=0.00000 shell_outer=0.00000 homogeneity=0.0000 body=0.00000 bowel=0.53558 femur=0.08113 penile=0.00000
2026-06-02 11:10:54 [INFO] Running validation at epoch 16...
2026-06-02 11:11:30 [INFO] Epoch 16 Summary: Train=25.4084 Val=0.0705 (MSE=0.0705)
          Coverage D95:  PTV60_D95=45.63Gy  PTV44_D95=39.33Gy
          SIB Means:    PTV60=56.93Gy PTV44=49.44Gy
          OAR Metrics:  Bladder=46.01Gy Rectum=41.97Gy Bowel=48.00Gy Femur=47.18Gy Ring=52.92Gy Penile=55.70Gy
          Physics:      Dmax=110.82Gy BG=58.84Gy
2026-06-02 11:11:30 [INFO] [DIAGNOSTIC] Saved fallback model MSE=0.0705
2026-06-02 11:11:30 [INFO] Epoch 17/300 [RAMP 17/75 (23% of physics)] ramp=0.227 lr=9.93e-05
2026-06-02 11:11:38 [INFO] Step 5/54 Loss=31.7018 mse=0.7153 v_opt=0.67085 v_mand=0.26122 ptv=0.0106 ptv_max=0.05349 global_ceil=0.19569 ring=0.00438 smooth=0.0970 laplacian=0.3639 anticollapse=0.00000 shell_inner=0.00000 shell_outer=0.00000 homogeneity=0.0000 body=0.00000 bowel=0.82389 femur=0.08885 penile=0.13562
2026-06-02 11:11:42 [INFO] Step 10/54 Loss=25.6171 mse=0.7338 v_opt=0.56441 v_mand=0.19548 ptv=0.0110 ptv_max=0.00116 global_ceil=0.12767 ring=0.00046 smooth=0.0992 laplacian=0.3723 anticollapse=0.00000 shell_inner=0.00000 shell_outer=0.00000 homogeneity=0.0000 body=0.00000 bowel=0.00000 femur=0.00000 penile=0.10654
2026-06-02 11:11:50 [INFO] Step 15/54 Loss=28.3612 mse=0.7415 v_opt=0.70675 v_mand=0.27312 ptv=0.0120 ptv_max=0.02303 global_ceil=0.11155 ring=0.00056 smooth=0.0892 laplacian=0.3311 anticollapse=0.00000 shell_inner=0.00000 shell_outer=0.00000 homogeneity=0.0000 body=0.00000 bowel=0.52625 femur=0.09103 penile=0.11135
2026-06-02 11:11:55 [INFO] Step 20/54 Loss=18.2782 mse=0.4863 v_opt=0.65017 v_mand=0.25388 ptv=0.0135 ptv_max=0.00017 global_ceil=0.07026 ring=0.00006 smooth=0.0708 laplacian=0.2537 anticollapse=0.00001 shell_inner=0.00000 shell_outer=0.00000 homogeneity=0.0000 body=0.00000 bowel=0.00000 femur=0.00000 penile=0.15648
2026-06-02 11:12:02 [INFO] Step 25/54 Loss=23.3382 mse=0.6210 v_opt=0.47880 v_mand=0.16230 ptv=0.0099 ptv_max=0.03002 global_ceil=0.10294 ring=0.00157 smooth=0.0801 laplacian=0.2918 anticollapse=0.00000 shell_inner=0.00000 shell_outer=0.00000 homogeneity=0.0000 body=0.00000 bowel=0.42975 femur=0.06580 penile=0.11332
2026-06-02 11:12:07 [INFO] Step 30/54 Loss=16.0005 mse=0.4163 v_opt=0.56489 v_mand=0.19327 ptv=0.0116 ptv_max=0.02312 global_ceil=0.04758 ring=0.00048 smooth=0.0598 laplacian=0.2205 anticollapse=0.00000 shell_inner=0.00000 shell_outer=0.00000 homogeneity=0.0000 body=0.00000 bowel=0.23082 femur=0.05033 penile=0.13006
2026-06-02 11:12:14 [INFO] Step 35/54 Loss=28.4329 mse=0.7025 v_opt=0.67127 v_mand=0.25579 ptv=0.0116 ptv_max=0.04311 global_ceil=0.14198 ring=0.00280 smooth=0.0904 laplacian=0.3377 anticollapse=0.00000 shell_inner=0.00000 shell_outer=0.00000 homogeneity=0.0000 body=0.00000 bowel=0.57690 femur=0.09284 penile=0.06805
2026-06-02 11:12:20 [INFO] Step 40/54 Loss=25.3273 mse=0.5927 v_opt=0.71944 v_mand=0.28576 ptv=0.0117 ptv_max=0.03060 global_ceil=0.11355 ring=0.00167 smooth=0.0750 laplacian=0.2728 anticollapse=0.00000 shell_inner=0.00000 shell_outer=0.00000 homogeneity=0.0000 body=0.00000 bowel=0.72868 femur=0.08827 penile=0.00000
2026-06-02 11:12:27 [INFO] Step 45/54 Loss=23.4035 mse=0.5945 v_opt=0.63937 v_mand=0.24338 ptv=0.0130 ptv_max=0.01849 global_ceil=0.08568 ring=0.00019 smooth=0.1007 laplacian=0.3773 anticollapse=0.00000 shell_inner=0.00000 shell_outer=0.00000 homogeneity=0.0000 body=0.00000 bowel=0.55645 femur=0.07251 penile=0.07441
2026-06-02 11:12:33 [INFO] Step 50/54 Loss=27.8652 mse=0.7759 v_opt=0.46350 v_mand=0.13517 ptv=0.0113 ptv_max=0.03164 global_ceil=0.12432 ring=0.00180 smooth=0.0998 laplacian=0.3794 anticollapse=0.00000 shell_inner=0.00000 shell_outer=0.00000 homogeneity=0.0000 body=0.00000 bowel=0.44669 femur=0.12307 penile=0.11616
2026-06-02 11:12:37 [INFO] Step 54/54 Loss=25.8304 mse=0.7627 v_opt=0.44953 v_mand=0.13575 ptv=0.0112 ptv_max=0.02616 global_ceil=0.09291 ring=0.00101 smooth=0.0955 laplacian=0.3600 anticollapse=0.00000 shell_inner=0.00000 shell_outer=0.00000 homogeneity=0.0000 body=0.00000 bowel=0.30544 femur=0.08488 penile=0.10569
2026-06-02 11:12:38 [INFO] Running validation at epoch 17...
2026-06-02 11:13:13 [INFO] Epoch 17 Summary: Train=26.4760 Val=0.0716 (MSE=0.0716)
          Coverage D95:  PTV60_D95=43.95Gy  PTV44_D95=38.50Gy
          SIB Means:    PTV60=53.96Gy PTV44=48.59Gy
          OAR Metrics:  Bladder=45.40Gy Rectum=41.57Gy Bowel=48.23Gy Femur=48.13Gy Ring=52.38Gy Penile=51.83Gy
          Physics:      Dmax=106.05Gy BG=59.26Gy
2026-06-02 11:13:13 [INFO] Epoch 18/300 [RAMP 18/75 (24% of physics)] ramp=0.240 lr=9.92e-05
2026-06-02 11:13:21 [INFO] Step 5/54 Loss=21.9971 mse=0.4741 v_opt=0.52689 v_mand=0.18163 ptv=0.0105 ptv_max=0.03237 global_ceil=0.11978 ring=0.00281 smooth=0.0647 laplacian=0.2410 anticollapse=0.00000 shell_inner=0.00000 shell_outer=0.00000 homogeneity=0.0000 body=0.00000 bowel=0.71966 femur=0.15897 penile=0.00000
2026-06-02 11:13:26 [INFO] Step 10/54 Loss=14.6262 mse=0.4122 v_opt=0.37668 v_mand=0.09270 ptv=0.0136 ptv_max=0.01130 global_ceil=0.05818 ring=0.00009 smooth=0.0507 laplacian=0.1839 anticollapse=0.00000 shell_inner=0.00000 shell_outer=0.00000 homogeneity=0.0000 body=0.00000 bowel=0.11372 femur=0.04666 penile=0.05594
2026-06-02 11:13:33 [INFO] Step 15/54 Loss=32.3868 mse=0.8445 v_opt=0.49611 v_mand=0.15528 ptv=0.0101 ptv_max=0.03218 global_ceil=0.16812 ring=0.00300 smooth=0.1145 laplacian=0.4343 anticollapse=0.00000 shell_inner=0.00000 shell_outer=0.00000 homogeneity=0.0000 body=0.00000 bowel=0.60032 femur=0.11978 penile=0.08076
2026-06-02 11:13:38 [INFO] Step 20/54 Loss=25.3252 mse=0.5263 v_opt=0.80168 v_mand=0.33248 ptv=0.0087 ptv_max=0.02937 global_ceil=0.11783 ring=0.00108 smooth=0.0661 laplacian=0.2412 anticollapse=0.00000 shell_inner=0.00000 shell_outer=0.00000 homogeneity=0.0000 body=0.00000 bowel=0.75372 femur=0.06817 penile=0.12333
2026-06-02 11:13:45 [INFO] Step 25/54 Loss=26.7364 mse=0.6731 v_opt=0.67571 v_mand=0.26462 ptv=0.0095 ptv_max=0.02836 global_ceil=0.09840 ring=0.00073 smooth=0.0740 laplacian=0.2685 anticollapse=0.00000 shell_inner=0.00000 shell_outer=0.00000 homogeneity=0.0000 body=0.00000 bowel=0.57245 femur=0.07112 penile=0.10415
2026-06-02 11:13:51 [INFO] Step 30/54 Loss=33.7778 mse=0.9220 v_opt=0.46801 v_mand=0.15015 ptv=0.0106 ptv_max=0.03400 global_ceil=0.13777 ring=0.00227 smooth=0.1372 laplacian=0.5337 anticollapse=0.00000 shell_inner=0.00000 shell_outer=0.00000 homogeneity=0.0000 body=0.00000 bowel=0.71985 femur=0.14838 penile=0.11558
2026-06-02 11:13:57 [INFO] Step 35/54 Loss=31.9961 mse=0.8391 v_opt=0.44940 v_mand=0.13962 ptv=0.0107 ptv_max=0.03030 global_ceil=0.15575 ring=0.00252 smooth=0.1059 laplacian=0.4023 anticollapse=0.00000 shell_inner=0.00000 shell_outer=0.00000 homogeneity=0.0000 body=0.00000 bowel=0.75831 femur=0.08397 penile=0.05497
2026-06-02 11:14:03 [INFO] Step 40/54 Loss=21.0392 mse=0.4818 v_opt=0.63632 v_mand=0.23137 ptv=0.0108 ptv_max=0.02196 global_ceil=0.06562 ring=0.00053 smooth=0.0559 laplacian=0.2002 anticollapse=0.00000 shell_inner=0.00000 shell_outer=0.00000 homogeneity=0.0000 body=0.00000 bowel=0.79166 femur=0.04852 penile=0.10460
2026-06-02 11:14:10 [INFO] Step 45/54 Loss=26.6766 mse=0.7219 v_opt=0.36562 v_mand=0.10161 ptv=0.0133 ptv_max=0.02669 global_ceil=0.11776 ring=0.00220 smooth=0.0943 laplacian=0.3531 anticollapse=0.00000 shell_inner=0.00000 shell_outer=0.00000 homogeneity=0.0000 body=0.00000 bowel=0.63959 femur=0.06416 penile=0.03878
2026-06-02 11:14:15 [INFO] Step 50/54 Loss=23.7087 mse=0.6798 v_opt=0.48481 v_mand=0.15202 ptv=0.0109 ptv_max=0.02868 global_ceil=0.10559 ring=0.00103 smooth=0.0731 laplacian=0.2708 anticollapse=0.00000 shell_inner=0.00000 shell_outer=0.00000 homogeneity=0.0000 body=0.00000 bowel=0.00000 femur=0.08013 penile=0.10745
2026-06-02 11:14:21 [INFO] Step 54/54 Loss=24.5168 mse=0.6584 v_opt=0.46706 v_mand=0.13934 ptv=0.0111 ptv_max=0.02357 global_ceil=0.08521 ring=0.00074 smooth=0.0885 laplacian=0.3281 anticollapse=0.00000 shell_inner=0.00000 shell_outer=0.00000 homogeneity=0.0000 body=0.00000 bowel=0.60812 femur=0.06122 penile=0.15536
2026-06-02 11:14:21 [INFO] Running validation at epoch 18...
2026-06-02 11:14:57 [INFO] Epoch 18 Summary: Train=25.6765 Val=0.0683 (MSE=0.0683)
          Coverage D95:  PTV60_D95=43.29Gy  PTV44_D95=38.59Gy
          SIB Means:    PTV60=54.33Gy PTV44=48.29Gy
          OAR Metrics:  Bladder=44.95Gy Rectum=40.09Gy Bowel=47.44Gy Femur=46.94Gy Ring=51.73Gy Penile=49.63Gy
          Physics:      Dmax=108.16Gy BG=58.08Gy
2026-06-02 11:14:57 [INFO] [DIAGNOSTIC] Saved fallback model MSE=0.0683
2026-06-02 11:14:57 [INFO] Epoch 19/300 [RAMP 19/75 (25% of physics)] ramp=0.253 lr=9.91e-05
2026-06-02 11:15:04 [INFO] Step 5/54 Loss=26.5331 mse=0.8046 v_opt=0.36547 v_mand=0.11060 ptv=0.0142 ptv_max=0.00149 global_ceil=0.11611 ring=0.00015 smooth=0.0938 laplacian=0.3546 anticollapse=0.00001 shell_inner=0.00000 shell_outer=0.00000 homogeneity=0.0000 body=0.00000 bowel=0.00000 femur=0.00000 penile=0.05651
2026-06-02 11:15:10 [INFO] Step 10/54 Loss=23.0248 mse=0.5852 v_opt=0.13453 v_mand=0.02409 ptv=0.0335 ptv_max=0.01862 global_ceil=0.11370 ring=0.00048 smooth=0.0995 laplacian=0.3731 anticollapse=0.00000 shell_inner=0.00000 shell_outer=0.00000 homogeneity=0.0000 body=0.00000 bowel=0.77926 femur=0.02838 penile=0.01365
2026-06-02 11:15:16 [INFO] Step 15/54 Loss=24.3011 mse=0.6518 v_opt=0.42419 v_mand=0.12193 ptv=0.0119 ptv_max=0.02341 global_ceil=0.11259 ring=0.00060 smooth=0.0716 laplacian=0.2705 anticollapse=0.00000 shell_inner=0.00000 shell_outer=0.00000 homogeneity=0.0000 body=0.00000 bowel=0.34901 femur=0.06975 penile=0.02820
2026-06-02 11:15:22 [INFO] Step 20/54 Loss=29.2621 mse=0.8252 v_opt=0.30802 v_mand=0.06626 ptv=0.0095 ptv_max=0.03050 global_ceil=0.14037 ring=0.00098 smooth=0.1024 laplacian=0.3916 anticollapse=0.00000 shell_inner=0.00000 shell_outer=0.00000 homogeneity=0.0000 body=0.00000 bowel=0.37345 femur=0.08995 penile=0.07756
2026-06-02 11:15:29 [INFO] Step 25/54 Loss=15.3220 mse=0.3653 v_opt=0.62435 v_mand=0.23586 ptv=0.0151 ptv_max=0.01209 global_ceil=0.06523 ring=0.00042 smooth=0.0386 laplacian=0.1353 anticollapse=0.00000 shell_inner=0.00000 shell_outer=0.00000 homogeneity=0.0000 body=0.00000 bowel=0.00000 femur=0.00000 penile=0.03942
2026-06-02 11:15:35 [INFO] Step 30/54 Loss=30.9349 mse=0.8750 v_opt=0.47167 v_mand=0.14066 ptv=0.0113 ptv_max=0.02443 global_ceil=0.10787 ring=0.00095 smooth=0.1142 laplacian=0.4441 anticollapse=0.00000 shell_inner=0.00000 shell_outer=0.00000 homogeneity=0.0000 body=0.00000 bowel=0.56010 femur=0.07661 penile=0.06754
2026-06-02 11:15:41 [INFO] Step 35/54 Loss=30.9326 mse=0.7837 v_opt=0.54323 v_mand=0.17796 ptv=0.0106 ptv_max=0.02865 global_ceil=0.13347 ring=0.00204 smooth=0.0821 laplacian=0.3078 anticollapse=0.00000 shell_inner=0.00000 shell_outer=0.00000 homogeneity=0.0000 body=0.00000 bowel=0.80461 femur=0.08817 penile=0.00747
2026-06-02 11:15:47 [INFO] Step 40/54 Loss=14.8952 mse=0.3983 v_opt=0.06651 v_mand=0.01301 ptv=0.0097 ptv_max=0.00546 global_ceil=0.06376 ring=0.00004 smooth=0.0401 laplacian=0.1370 anticollapse=0.00057 shell_inner=0.00000 shell_outer=0.00000 homogeneity=0.0000 body=0.00000 bowel=0.52691 femur=0.03973 penile=0.00000
2026-06-02 11:15:52 [INFO] Step 45/54 Loss=24.9422 mse=0.6928 v_opt=0.51698 v_mand=0.17057 ptv=0.0180 ptv_max=0.02674 global_ceil=0.08430 ring=0.00075 smooth=0.0719 laplacian=0.2662 anticollapse=0.00000 shell_inner=0.00000 shell_outer=0.00000 homogeneity=0.0000 body=0.00000 bowel=0.31953 femur=0.08598 penile=0.02896
2026-06-02 11:16:00 [INFO] Step 50/54 Loss=30.2202 mse=0.8014 v_opt=0.62869 v_mand=0.24611 ptv=0.0121 ptv_max=0.02722 global_ceil=0.10039 ring=0.00110 smooth=0.0828 laplacian=0.3109 anticollapse=0.00000 shell_inner=0.00000 shell_outer=0.00000 homogeneity=0.0000 body=0.00000 bowel=0.54279 femur=0.11129 penile=0.05884
2026-06-02 11:16:04 [INFO] Step 54/54 Loss=25.9180 mse=0.7240 v_opt=0.49650 v_mand=0.16663 ptv=0.0130 ptv_max=0.02047 global_ceil=0.08794 ring=0.00058 smooth=0.0669 laplacian=0.2504 anticollapse=0.00000 shell_inner=0.00000 shell_outer=0.00000 homogeneity=0.0000 body=0.00000 bowel=0.35783 femur=0.07747 penile=0.07095
2026-06-02 11:16:05 [INFO] Running validation at epoch 19...
2026-06-02 11:16:41 [INFO] Epoch 19 Summary: Train=24.3723 Val=0.0674 (MSE=0.0674)
          Coverage D95:  PTV60_D95=44.14Gy  PTV44_D95=38.47Gy
          SIB Means:    PTV60=54.13Gy PTV44=47.69Gy
          OAR Metrics:  Bladder=44.35Gy Rectum=40.90Gy Bowel=46.45Gy Femur=46.43Gy Ring=51.19Gy Penile=47.98Gy
          Physics:      Dmax=102.67Gy BG=57.75Gy
2026-06-02 11:16:41 [INFO] [DIAGNOSTIC] Saved fallback model MSE=0.0674
2026-06-02 11:16:41 [INFO] Epoch 20/300 [RAMP 20/75 (27% of physics)] ramp=0.267 lr=9.90e-05
2026-06-02 11:16:49 [INFO] Step 5/54 Loss=23.8287 mse=0.6118 v_opt=0.22887 v_mand=0.03664 ptv=0.0109 ptv_max=0.03281 global_ceil=0.14344 ring=0.00217 smooth=0.0808 laplacian=0.2911 anticollapse=0.00000 shell_inner=0.00000 shell_outer=0.00000 homogeneity=0.0000 body=0.00000 bowel=0.30179 femur=0.07376 penile=0.10764
2026-06-02 11:16:54 [INFO] Step 10/54 Loss=28.7371 mse=0.7493 v_opt=0.41812 v_mand=0.11625 ptv=0.0083 ptv_max=0.04059 global_ceil=0.11257 ring=0.00190 smooth=0.0823 laplacian=0.3019 anticollapse=0.00000 shell_inner=0.00000 shell_outer=0.00000 homogeneity=0.0000 body=0.00000 bowel=0.71103 femur=0.09371 penile=0.03996
2026-06-02 11:17:01 [INFO] Step 15/54 Loss=32.8025 mse=0.8660 v_opt=0.41844 v_mand=0.11959 ptv=0.0101 ptv_max=0.03383 global_ceil=0.15435 ring=0.00156 smooth=0.0976 laplacian=0.3711 anticollapse=0.00000 shell_inner=0.00000 shell_outer=0.00000 homogeneity=0.0000 body=0.00000 bowel=0.54745 femur=0.13586 penile=0.03531
2026-06-02 11:17:06 [INFO] Step 20/54 Loss=22.1885 mse=0.6256 v_opt=0.35705 v_mand=0.09492 ptv=0.0163 ptv_max=0.01993 global_ceil=0.08075 ring=0.00044 smooth=0.0590 laplacian=0.2169 anticollapse=0.00000 shell_inner=0.00000 shell_outer=0.00000 homogeneity=0.0000 body=0.00000 bowel=0.28631 femur=0.08223 penile=0.02743
2026-06-02 11:17:13 [INFO] Step 25/54 Loss=21.4919 mse=0.6187 v_opt=0.30433 v_mand=0.07239 ptv=0.0164 ptv_max=0.02721 global_ceil=0.07065 ring=0.00090 smooth=0.0577 laplacian=0.2117 anticollapse=0.00000 shell_inner=0.00000 shell_outer=0.00000 homogeneity=0.0000 body=0.00000 bowel=0.33414 femur=0.06176 penile=0.03189
2026-06-02 11:17:19 [INFO] Step 30/54 Loss=27.6719 mse=0.7139 v_opt=0.43237 v_mand=0.13106 ptv=0.0129 ptv_max=0.03388 global_ceil=0.11689 ring=0.00294 smooth=0.0908 laplacian=0.3378 anticollapse=0.00000 shell_inner=0.00000 shell_outer=0.00000 homogeneity=0.0000 body=0.00000 bowel=0.58229 femur=0.10925 penile=0.00065
2026-06-02 11:17:26 [INFO] Step 35/54 Loss=25.3283 mse=0.6941 v_opt=0.43160 v_mand=0.12520 ptv=0.0136 ptv_max=0.01940 global_ceil=0.06723 ring=0.00037 smooth=0.0710 laplacian=0.2605 anticollapse=0.00000 shell_inner=0.00000 shell_outer=0.00000 homogeneity=0.0000 body=0.00000 bowel=0.69539 femur=0.07097 penile=0.00642
2026-06-02 11:17:31 [INFO] Step 40/54 Loss=28.4818 mse=0.7239 v_opt=0.55196 v_mand=0.18530 ptv=0.0113 ptv_max=0.02559 global_ceil=0.12566 ring=0.00160 smooth=0.1020 laplacian=0.3758 anticollapse=0.00000 shell_inner=0.00000 shell_outer=0.00000 homogeneity=0.0000 body=0.00000 bowel=0.46363 femur=0.10281 penile=0.00000
2026-06-02 11:17:38 [INFO] Step 45/54 Loss=27.8589 mse=0.7292 v_opt=0.40413 v_mand=0.11678 ptv=0.0098 ptv_max=0.03343 global_ceil=0.11716 ring=0.00185 smooth=0.0982 laplacian=0.3687 anticollapse=0.00000 shell_inner=0.00000 shell_outer=0.00000 homogeneity=0.0000 body=0.00000 bowel=0.60830 femur=0.08576 penile=0.00000
2026-06-02 11:17:44 [INFO] Step 50/54 Loss=25.8090 mse=0.6063 v_opt=0.60664 v_mand=0.24017 ptv=0.0095 ptv_max=0.03177 global_ceil=0.09026 ring=0.00071 smooth=0.0775 laplacian=0.2835 anticollapse=0.00000 shell_inner=0.00000 shell_outer=0.00000 homogeneity=0.0000 body=0.00000 bowel=0.65979 femur=0.11049 penile=0.04592
2026-06-02 11:17:48 [INFO] Step 54/54 Loss=15.6064 mse=0.3550 v_opt=0.53276 v_mand=0.26841 ptv=0.0314 ptv_max=0.00379 global_ceil=0.04264 ring=0.00000 smooth=0.0382 laplacian=0.1319 anticollapse=0.00006 shell_inner=0.00000 shell_outer=0.00000 homogeneity=0.0000 body=0.00000 bowel=0.16049 femur=0.02643 penile=0.00000
2026-06-02 11:17:48 [INFO] Running validation at epoch 20...
2026-06-02 11:18:24 [INFO] Epoch 20 Summary: Train=24.2757 Val=0.0661 (MSE=0.0661)
          Coverage D95:  PTV60_D95=45.56Gy  PTV44_D95=39.25Gy
          SIB Means:    PTV60=55.87Gy PTV44=48.39Gy
          OAR Metrics:  Bladder=44.29Gy Rectum=41.38Gy Bowel=46.13Gy Femur=46.03Gy Ring=51.48Gy Penile=48.65Gy
          Physics:      Dmax=108.63Gy BG=57.29Gy
2026-06-02 11:18:24 [INFO] [DIAGNOSTIC] Saved fallback model MSE=0.0661
2026-06-02 11:18:24 [INFO] Epoch 21/300 [RAMP 21/75 (28% of physics)] ramp=0.280 lr=9.89e-05
2026-06-02 11:18:32 [INFO] Step 5/54 Loss=22.5128 mse=0.6964 v_opt=0.48260 v_mand=0.14539 ptv=0.0117 ptv_max=0.00135 global_ceil=0.05876 ring=0.00013 smooth=0.0621 laplacian=0.2253 anticollapse=0.00000 shell_inner=0.00000 shell_outer=0.00000 homogeneity=0.0000 body=0.00000 bowel=0.00000 femur=0.00000 penile=0.03493
2026-06-02 11:18:37 [INFO] Step 10/54 Loss=26.8163 mse=0.6458 v_opt=0.61938 v_mand=0.22354 ptv=0.0111 ptv_max=0.02171 global_ceil=0.09153 ring=0.00084 smooth=0.0566 laplacian=0.2095 anticollapse=0.00000 shell_inner=0.00000 shell_outer=0.00000 homogeneity=0.0000 body=0.00000 bowel=0.62019 femur=0.11181 penile=0.01386
2026-06-02 11:18:44 [INFO] Step 15/54 Loss=30.8238 mse=0.8179 v_opt=0.41797 v_mand=0.12947 ptv=0.0130 ptv_max=0.02077 global_ceil=0.10103 ring=0.00065 smooth=0.0904 laplacian=0.3430 anticollapse=0.00000 shell_inner=0.00000 shell_outer=0.00000 homogeneity=0.0000 body=0.00000 bowel=0.79052 femur=0.11257 penile=0.00000
2026-06-02 11:18:50 [INFO] Step 20/54 Loss=13.8633 mse=0.4231 v_opt=0.33237 v_mand=0.07237 ptv=0.0121 ptv_max=0.01079 global_ceil=0.02672 ring=0.00008 smooth=0.0342 laplacian=0.1194 anticollapse=0.00000 shell_inner=0.00000 shell_outer=0.00000 homogeneity=0.0000 body=0.00000 bowel=0.13177 femur=0.02941 penile=0.01629
2026-06-02 11:18:57 [INFO] Step 25/54 Loss=30.5584 mse=0.8639 v_opt=0.36202 v_mand=0.08974 ptv=0.0081 ptv_max=0.02309 global_ceil=0.09972 ring=0.00096 smooth=0.1002 laplacian=0.3757 anticollapse=0.00000 shell_inner=0.00000 shell_outer=0.00000 homogeneity=0.0000 body=0.00000 bowel=0.61342 femur=0.11292 penile=0.00000
2026-06-02 11:19:02 [INFO] Step 30/54 Loss=20.0065 mse=0.5814 v_opt=0.35864 v_mand=0.09091 ptv=0.0084 ptv_max=0.01607 global_ceil=0.06173 ring=0.00022 smooth=0.0549 laplacian=0.1904 anticollapse=0.00000 shell_inner=0.00000 shell_outer=0.00000 homogeneity=0.0000 body=0.00000 bowel=0.22505 femur=0.05454 penile=0.00109
2026-06-02 11:19:09 [INFO] Step 35/54 Loss=21.5786 mse=0.6629 v_opt=0.40532 v_mand=0.10618 ptv=0.0089 ptv_max=0.02256 global_ceil=0.05879 ring=0.00045 smooth=0.0586 laplacian=0.2145 anticollapse=0.00000 shell_inner=0.00000 shell_outer=0.00000 homogeneity=0.0000 body=0.00000 bowel=0.00000 femur=0.05340 penile=0.10752
2026-06-02 11:19:14 [INFO] Step 40/54 Loss=26.1443 mse=0.7989 v_opt=0.35863 v_mand=0.10369 ptv=0.0129 ptv_max=0.00088 global_ceil=0.09944 ring=0.00012 smooth=0.0763 laplacian=0.2871 anticollapse=0.00000 shell_inner=0.00000 shell_outer=0.00000 homogeneity=0.0000 body=0.00000 bowel=0.00000 femur=0.00000 penile=0.02885
2026-06-02 11:19:21 [INFO] Step 45/54 Loss=27.3131 mse=0.7145 v_opt=0.46713 v_mand=0.13771 ptv=0.0119 ptv_max=0.02862 global_ceil=0.10189 ring=0.00118 smooth=0.0658 laplacian=0.2426 anticollapse=0.00000 shell_inner=0.00000 shell_outer=0.00000 homogeneity=0.0000 body=0.00000 bowel=0.55516 femur=0.06265 penile=0.00001
2026-06-02 11:19:26 [INFO] Step 50/54 Loss=26.7986 mse=0.7177 v_opt=0.43200 v_mand=0.11893 ptv=0.0108 ptv_max=0.02574 global_ceil=0.09708 ring=0.00092 smooth=0.0629 laplacian=0.2342 anticollapse=0.00000 shell_inner=0.00000 shell_outer=0.00000 homogeneity=0.0000 body=0.00000 bowel=0.54619 femur=0.05211 penile=0.00000
2026-06-02 11:19:31 [INFO] Step 54/54 Loss=21.0794 mse=0.6084 v_opt=0.26517 v_mand=0.06297 ptv=0.0141 ptv_max=0.02181 global_ceil=0.05134 ring=0.00045 smooth=0.0517 laplacian=0.1839 anticollapse=0.00000 shell_inner=0.00000 shell_outer=0.00000 homogeneity=0.0000 body=0.00000 bowel=0.49045 femur=0.07105 penile=0.00000
2026-06-02 11:19:32 [INFO] Running validation at epoch 21...
2026-06-02 11:20:08 [INFO] Epoch 21 Summary: Train=24.2023 Val=0.0642 (MSE=0.0642)
          Coverage D95:  PTV60_D95=44.11Gy  PTV44_D95=39.19Gy
          SIB Means:    PTV60=54.79Gy PTV44=47.82Gy
          OAR Metrics:  Bladder=44.26Gy Rectum=39.37Gy Bowel=45.88Gy Femur=45.87Gy Ring=50.71Gy Penile=46.19Gy
          Physics:      Dmax=104.59Gy BG=56.59Gy
2026-06-02 11:20:08 [INFO] [DIAGNOSTIC] Saved fallback model MSE=0.0642
2026-06-02 11:20:08 [INFO] Epoch 22/300 [RAMP 22/75 (29% of physics)] ramp=0.293 lr=9.88e-05
2026-06-02 11:20:15 [INFO] Step 5/54 Loss=19.9210 mse=0.5705 v_opt=0.30515 v_mand=0.07784 ptv=0.0114 ptv_max=0.02021 global_ceil=0.05859 ring=0.00021 smooth=0.0497 laplacian=0.1791 anticollapse=0.00000 shell_inner=0.00000 shell_outer=0.00000 homogeneity=0.0000 body=0.00000 bowel=0.26537 femur=0.05027 penile=0.01831
2026-06-02 11:20:20 [INFO] Step 10/54 Loss=26.9168 mse=0.6611 v_opt=0.46677 v_mand=0.14279 ptv=0.0118 ptv_max=0.02054 global_ceil=0.09250 ring=0.00064 smooth=0.0588 laplacian=0.2153 anticollapse=0.00000 shell_inner=0.00000 shell_outer=0.00000 homogeneity=0.0000 body=0.00000 bowel=0.71674 femur=0.06440 penile=0.06660
2026-06-02 11:20:27 [INFO] Step 15/54 Loss=16.3194 mse=0.5159 v_opt=0.16017 v_mand=0.01633 ptv=0.0143 ptv_max=0.01511 global_ceil=0.05065 ring=0.00040 smooth=0.0448 laplacian=0.1545 anticollapse=0.00000 shell_inner=0.00000 shell_outer=0.00000 homogeneity=0.0000 body=0.00000 bowel=0.07967 femur=0.03941 penile=0.00551
2026-06-02 11:20:33 [INFO] Step 20/54 Loss=25.3211 mse=0.6939 v_opt=0.46151 v_mand=0.13507 ptv=0.0125 ptv_max=0.02383 global_ceil=0.05764 ring=0.00046 smooth=0.0606 laplacian=0.2196 anticollapse=0.00000 shell_inner=0.00000 shell_outer=0.00000 homogeneity=0.0000 body=0.00000 bowel=0.54657 femur=0.09528 penile=0.01689
2026-06-02 11:20:40 [INFO] Step 25/54 Loss=25.1643 mse=0.6361 v_opt=0.49335 v_mand=0.15744 ptv=0.0119 ptv_max=0.02155 global_ceil=0.08096 ring=0.00048 smooth=0.0477 laplacian=0.1711 anticollapse=0.00000 shell_inner=0.00000 shell_outer=0.00000 homogeneity=0.0000 body=0.00000 bowel=0.56257 femur=0.05508 penile=0.01944
2026-06-02 11:20:45 [INFO] Step 30/54 Loss=28.6487 mse=0.7559 v_opt=0.39866 v_mand=0.10786 ptv=0.0100 ptv_max=0.02354 global_ceil=0.09605 ring=0.00101 smooth=0.0649 laplacian=0.2336 anticollapse=0.00000 shell_inner=0.00000 shell_outer=0.00000 homogeneity=0.0000 body=0.00000 bowel=0.68831 femur=0.08754 penile=0.00000
2026-06-02 11:20:52 [INFO] Step 35/54 Loss=29.8867 mse=0.7947 v_opt=0.20133 v_mand=0.04673 ptv=0.0188 ptv_max=0.01959 global_ceil=0.09973 ring=0.00070 smooth=0.0773 laplacian=0.2865 anticollapse=0.00000 shell_inner=0.00000 shell_outer=0.00000 homogeneity=0.0000 body=0.00000 bowel=0.94574 femur=0.04959 penile=0.00000
2026-06-02 11:20:57 [INFO] Step 40/54 Loss=25.8960 mse=0.7543 v_opt=0.30949 v_mand=0.07286 ptv=0.0091 ptv_max=0.02568 global_ceil=0.07719 ring=0.00051 smooth=0.0583 laplacian=0.2141 anticollapse=0.00000 shell_inner=0.00000 shell_outer=0.00000 homogeneity=0.0000 body=0.00000 bowel=0.38117 femur=0.10025 penile=0.00000
2026-06-02 11:21:04 [INFO] Step 45/54 Loss=27.9309 mse=0.6893 v_opt=0.51358 v_mand=0.17044 ptv=0.0091 ptv_max=0.02551 global_ceil=0.08654 ring=0.00077 smooth=0.0535 laplacian=0.1972 anticollapse=0.00000 shell_inner=0.00000 shell_outer=0.00000 homogeneity=0.0000 body=0.00000 bowel=0.74589 femur=0.10757 penile=0.02564
2026-06-02 11:21:10 [INFO] Step 50/54 Loss=30.2219 mse=0.8037 v_opt=0.23495 v_mand=0.04153 ptv=0.0112 ptv_max=0.02796 global_ceil=0.14060 ring=0.00171 smooth=0.0712 laplacian=0.2648 anticollapse=0.00000 shell_inner=0.00000 shell_outer=0.00000 homogeneity=0.0000 body=0.00000 bowel=0.55593 femur=0.08670 penile=0.00000
2026-06-02 11:21:15 [INFO] Step 54/54 Loss=31.3776 mse=0.8148 v_opt=0.46503 v_mand=0.14765 ptv=0.0092 ptv_max=0.02364 global_ceil=0.15005 ring=0.00037 smooth=0.0991 laplacian=0.3789 anticollapse=0.00000 shell_inner=0.00000 shell_outer=0.00000 homogeneity=0.0000 body=0.00000 bowel=0.23690 femur=0.12609 penile=0.03275
2026-06-02 11:21:15 [INFO] Running validation at epoch 22...
2026-06-02 11:21:51 [INFO] Epoch 22 Summary: Train=24.2081 Val=0.0644 (MSE=0.0644)
          Coverage D95:  PTV60_D95=44.93Gy  PTV44_D95=38.95Gy
          SIB Means:    PTV60=54.23Gy PTV44=47.40Gy
          OAR Metrics:  Bladder=43.53Gy Rectum=41.36Gy Bowel=45.33Gy Femur=45.53Gy Ring=50.44Gy Penile=45.48Gy
          Physics:      Dmax=98.57Gy BG=56.71Gy
2026-06-02 11:21:51 [INFO] Epoch 23/300 [RAMP 23/75 (31% of physics)] ramp=0.307 lr=9.87e-05
2026-06-02 11:21:59 [INFO] Step 5/54 Loss=30.8380 mse=0.8570 v_opt=0.23498 v_mand=0.03744 ptv=0.0082 ptv_max=0.03338 global_ceil=0.10721 ring=0.00162 smooth=0.0743 laplacian=0.2816 anticollapse=0.00000 shell_inner=0.00000 shell_outer=0.00000 homogeneity=0.0000 body=0.00000 bowel=0.63272 femur=0.09240 penile=0.01276
2026-06-02 11:22:04 [INFO] Step 10/54 Loss=25.1099 mse=0.6647 v_opt=0.48537 v_mand=0.15749 ptv=0.0095 ptv_max=0.02138 global_ceil=0.06558 ring=0.00046 smooth=0.0445 laplacian=0.1647 anticollapse=0.00000 shell_inner=0.00000 shell_outer=0.00000 homogeneity=0.0000 body=0.00000 bowel=0.45446 femur=0.08651 penile=0.00629
2026-06-02 11:22:11 [INFO] Step 15/54 Loss=14.2730 mse=0.4284 v_opt=0.45004 v_mand=0.13605 ptv=0.0214 ptv_max=0.00008 global_ceil=0.01861 ring=0.00006 smooth=0.0381 laplacian=0.1302 anticollapse=0.00005 shell_inner=0.00000 shell_outer=0.00000 homogeneity=0.0000 body=0.00000 bowel=0.00000 femur=0.00000 penile=0.00000
2026-06-02 11:22:16 [INFO] Step 20/54 Loss=20.0014 mse=0.4910 v_opt=0.37548 v_mand=0.12516 ptv=0.0179 ptv_max=0.01935 global_ceil=0.04926 ring=0.00022 smooth=0.0462 laplacian=0.1590 anticollapse=0.00000 shell_inner=0.00000 shell_outer=0.00000 homogeneity=0.0000 body=0.00000 bowel=0.57845 femur=0.05470 penile=0.00000
2026-06-02 11:22:23 [INFO] Step 25/54 Loss=21.0596 mse=0.4900 v_opt=0.44142 v_mand=0.12602 ptv=0.0103 ptv_max=0.02008 global_ceil=0.06863 ring=0.00027 smooth=0.0402 laplacian=0.1392 anticollapse=0.00000 shell_inner=0.00000 shell_outer=0.00000 homogeneity=0.0000 body=0.00000 bowel=0.64061 femur=0.04049 penile=0.00000
2026-06-02 11:22:28 [INFO] Step 30/54 Loss=22.9577 mse=0.7155 v_opt=0.44690 v_mand=0.13101 ptv=0.0086 ptv_max=0.00160 global_ceil=0.05583 ring=0.00015 smooth=0.0415 laplacian=0.1467 anticollapse=0.00000 shell_inner=0.00000 shell_outer=0.00000 homogeneity=0.0000 body=0.00000 bowel=0.00000 femur=0.00000 penile=0.01115
2026-06-02 11:22:36 [INFO] Step 35/54 Loss=23.6882 mse=0.6180 v_opt=0.43157 v_mand=0.12181 ptv=0.0136 ptv_max=0.02637 global_ceil=0.06401 ring=0.00071 smooth=0.0394 laplacian=0.1410 anticollapse=0.00000 shell_inner=0.00000 shell_outer=0.00000 homogeneity=0.0000 body=0.00000 bowel=0.52262 femur=0.05932 penile=0.02934
2026-06-02 11:22:41 [INFO] Step 40/54 Loss=24.0770 mse=0.6853 v_opt=0.35535 v_mand=0.10232 ptv=0.0124 ptv_max=0.02513 global_ceil=0.07029 ring=0.00047 smooth=0.0549 laplacian=0.1996 anticollapse=0.00000 shell_inner=0.00000 shell_outer=0.00000 homogeneity=0.0000 body=0.00000 bowel=0.25953 femur=0.08136 penile=0.00134
2026-06-02 11:22:48 [INFO] Step 45/54 Loss=27.4080 mse=0.7411 v_opt=0.00000 v_mand=0.00000 ptv=0.0049 ptv_max=0.00572 global_ceil=0.13181 ring=0.00008 smooth=0.1088 laplacian=0.4092 anticollapse=0.00013 shell_inner=0.00000 shell_outer=0.00000 homogeneity=0.0000 body=0.00000 bowel=0.55361 femur=0.00000 penile=0.00000
2026-06-02 11:22:53 [INFO] Step 50/54 Loss=29.0447 mse=0.7685 v_opt=0.39311 v_mand=0.10244 ptv=0.0093 ptv_max=0.03147 global_ceil=0.08873 ring=0.00113 smooth=0.0603 laplacian=0.2147 anticollapse=0.00000 shell_inner=0.00000 shell_outer=0.00000 homogeneity=0.0000 body=0.00000 bowel=0.69294 femur=0.08106 penile=0.00001
2026-06-02 11:22:58 [INFO] Step 54/54 Loss=21.2557 mse=0.4973 v_opt=0.57643 v_mand=0.19956 ptv=0.0113 ptv_max=0.01769 global_ceil=0.06169 ring=0.00022 smooth=0.0467 laplacian=0.1626 anticollapse=0.00000 shell_inner=0.00000 shell_outer=0.00000 homogeneity=0.0000 body=0.00000 bowel=0.43512 femur=0.05089 penile=0.01223
2026-06-02 11:22:58 [INFO] Running validation at epoch 23...
2026-06-02 11:23:34 [INFO] Epoch 23 Summary: Train=24.2891 Val=0.0627 (MSE=0.0627)
          Coverage D95:  PTV60_D95=44.66Gy  PTV44_D95=38.88Gy
          SIB Means:    PTV60=53.53Gy PTV44=47.59Gy
          OAR Metrics:  Bladder=44.10Gy Rectum=38.82Gy Bowel=44.94Gy Femur=45.44Gy Ring=50.27Gy Penile=45.89Gy
          Physics:      Dmax=100.11Gy BG=56.05Gy
2026-06-02 11:23:34 [INFO] [DIAGNOSTIC] Saved fallback model MSE=0.0627
2026-06-02 11:23:34 [INFO] Epoch 24/300 [RAMP 24/75 (32% of physics)] ramp=0.320 lr=9.86e-05
2026-06-02 11:23:42 [INFO] Step 5/54 Loss=14.1870 mse=0.4210 v_opt=0.37657 v_mand=0.09662 ptv=0.0129 ptv_max=0.01089 global_ceil=0.01461 ring=0.00002 smooth=0.0302 laplacian=0.1008 anticollapse=0.00000 shell_inner=0.00000 shell_outer=0.00000 homogeneity=0.0000 body=0.00000 bowel=0.15226 femur=0.03496 penile=0.00125
2026-06-02 11:23:47 [INFO] Step 10/54 Loss=21.9979 mse=0.5681 v_opt=0.46106 v_mand=0.15125 ptv=0.0127 ptv_max=0.01609 global_ceil=0.05081 ring=0.00008 smooth=0.0407 laplacian=0.1427 anticollapse=0.00000 shell_inner=0.00000 shell_outer=0.00000 homogeneity=0.0000 body=0.00000 bowel=0.41180 femur=0.06073 penile=0.02484
2026-06-02 11:23:55 [INFO] Step 15/54 Loss=19.4368 mse=0.5438 v_opt=0.19693 v_mand=0.02673 ptv=0.0117 ptv_max=0.01858 global_ceil=0.06865 ring=0.00012 smooth=0.0474 laplacian=0.1605 anticollapse=0.00000 shell_inner=0.00000 shell_outer=0.00000 homogeneity=0.0000 body=0.00000 bowel=0.29831 femur=0.04816 penile=0.00000
2026-06-02 11:24:00 [INFO] Step 20/54 Loss=23.4193 mse=0.6006 v_opt=0.25082 v_mand=0.04667 ptv=0.0112 ptv_max=0.02387 global_ceil=0.06645 ring=0.00079 smooth=0.0451 laplacian=0.1624 anticollapse=0.00000 shell_inner=0.00000 shell_outer=0.00000 homogeneity=0.0000 body=0.00000 bowel=0.76312 femur=0.05844 penile=0.00000
2026-06-02 11:24:07 [INFO] Step 25/54 Loss=26.6221 mse=0.6432 v_opt=0.60687 v_mand=0.21798 ptv=0.0120 ptv_max=0.02465 global_ceil=0.08067 ring=0.00126 smooth=0.0541 laplacian=0.1957 anticollapse=0.00000 shell_inner=0.00000 shell_outer=0.00000 homogeneity=0.0000 body=0.00000 bowel=0.38563 femur=0.13348 penile=0.00805
2026-06-02 11:24:12 [INFO] Step 30/54 Loss=24.9602 mse=0.6768 v_opt=0.28265 v_mand=0.05604 ptv=0.0130 ptv_max=0.01510 global_ceil=0.05863 ring=0.00055 smooth=0.0450 laplacian=0.1659 anticollapse=0.00000 shell_inner=0.00000 shell_outer=0.00000 homogeneity=0.0000 body=0.00000 bowel=0.75182 femur=0.04485 penile=0.00000
2026-06-02 11:24:19 [INFO] Step 35/54 Loss=15.2822 mse=0.4452 v_opt=0.42600 v_mand=0.11552 ptv=0.0114 ptv_max=0.01274 global_ceil=0.01298 ring=0.00006 smooth=0.0312 laplacian=0.1069 anticollapse=0.00000 shell_inner=0.00000 shell_outer=0.00000 homogeneity=0.0000 body=0.00000 bowel=0.17870 femur=0.06943 penile=0.00002
2026-06-02 11:24:25 [INFO] Step 40/54 Loss=15.5734 mse=0.4626 v_opt=0.00000 v_mand=0.00000 ptv=0.0025 ptv_max=0.00386 global_ceil=0.05133 ring=0.00000 smooth=0.0532 laplacian=0.1842 anticollapse=0.00003 shell_inner=0.00000 shell_outer=0.00000 homogeneity=0.0000 body=0.00000 bowel=0.29210 femur=0.00000 penile=0.00000
2026-06-02 11:24:31 [INFO] Step 45/54 Loss=9.9616 mse=0.2463 v_opt=0.40573 v_mand=0.11502 ptv=0.0104 ptv_max=0.01171 global_ceil=0.01010 ring=0.00006 smooth=0.0168 laplacian=0.0575 anticollapse=0.00000 shell_inner=0.00000 shell_outer=0.00000 homogeneity=0.0000 body=0.00000 bowel=0.16582 femur=0.03972 penile=0.00342
2026-06-02 11:24:37 [INFO] Step 50/54 Loss=25.5964 mse=0.6883 v_opt=0.30402 v_mand=0.07377 ptv=0.0095 ptv_max=0.01968 global_ceil=0.05856 ring=0.00052 smooth=0.0467 laplacian=0.1732 anticollapse=0.00000 shell_inner=0.00000 shell_outer=0.00000 homogeneity=0.0000 body=0.00000 bowel=0.75359 femur=0.04803 penile=0.01241
2026-06-02 11:24:42 [INFO] Step 54/54 Loss=24.9847 mse=0.7384 v_opt=0.23355 v_mand=0.03579 ptv=0.0090 ptv_max=0.02296 global_ceil=0.05930 ring=0.00036 smooth=0.0456 laplacian=0.1669 anticollapse=0.00000 shell_inner=0.00000 shell_outer=0.00000 homogeneity=0.0000 body=0.00000 bowel=0.49789 femur=0.04793 penile=0.00000
2026-06-02 11:24:42 [INFO] Running validation at epoch 24...
2026-06-02 11:25:18 [INFO] Epoch 24 Summary: Train=22.9275 Val=0.0630 (MSE=0.0630)
          Coverage D95:  PTV60_D95=46.03Gy  PTV44_D95=39.50Gy
          SIB Means:    PTV60=55.24Gy PTV44=48.29Gy
          OAR Metrics:  Bladder=43.42Gy Rectum=39.27Gy Bowel=44.88Gy Femur=45.83Gy Ring=50.78Gy Penile=46.46Gy
          Physics:      Dmax=106.48Gy BG=56.25Gy
2026-06-02 11:25:18 [INFO] Epoch 25/300 [RAMP 25/75 (33% of physics)] ramp=0.333 lr=9.84e-05
2026-06-02 11:25:26 [INFO] Step 5/54 Loss=26.3934 mse=0.7470 v_opt=0.25040 v_mand=0.04196 ptv=0.0117 ptv_max=0.03042 global_ceil=0.06322 ring=0.00063 smooth=0.0510 laplacian=0.1821 anticollapse=0.00000 shell_inner=0.00000 shell_outer=0.00000 homogeneity=0.0000 body=0.00000 bowel=0.56349 femur=0.06374 penile=0.03221
2026-06-02 11:25:31 [INFO] Step 10/54 Loss=13.6618 mse=0.3719 v_opt=0.37804 v_mand=0.10278 ptv=0.0107 ptv_max=0.01234 global_ceil=0.02033 ring=0.00003 smooth=0.0292 laplacian=0.0974 anticollapse=0.00000 shell_inner=0.00000 shell_outer=0.00000 homogeneity=0.0000 body=0.00000 bowel=0.17953 femur=0.04377 penile=0.00497
2026-06-02 11:25:38 [INFO] Step 15/54 Loss=29.1447 mse=0.7196 v_opt=0.50292 v_mand=0.17439 ptv=0.0154 ptv_max=0.02133 global_ceil=0.06281 ring=0.00061 smooth=0.0535 laplacian=0.1933 anticollapse=0.00000 shell_inner=0.00000 shell_outer=0.00000 homogeneity=0.0000 body=0.00000 bowel=0.78876 femur=0.09129 penile=0.00000
2026-06-02 11:25:43 [INFO] Step 20/54 Loss=27.5460 mse=0.7720 v_opt=0.15075 v_mand=0.02399 ptv=0.0125 ptv_max=0.01913 global_ceil=0.05859 ring=0.00063 smooth=0.0506 laplacian=0.1839 anticollapse=0.00000 shell_inner=0.00000 shell_outer=0.00000 homogeneity=0.0000 body=0.00000 bowel=0.82917 femur=0.05965 penile=0.00567
2026-06-02 11:25:50 [INFO] Step 25/54 Loss=17.1064 mse=0.4647 v_opt=0.46869 v_mand=0.19772 ptv=0.0235 ptv_max=0.00300 global_ceil=0.02908 ring=0.00017 smooth=0.0338 laplacian=0.1159 anticollapse=0.00001 shell_inner=0.00000 shell_outer=0.00000 homogeneity=0.0000 body=0.00000 bowel=0.00000 femur=0.00000 penile=0.00000
2026-06-02 11:25:56 [INFO] Step 30/54 Loss=17.9633 mse=0.5419 v_opt=0.35249 v_mand=0.08215 ptv=0.0138 ptv_max=0.00982 global_ceil=0.01937 ring=0.00002 smooth=0.0293 laplacian=0.0993 anticollapse=0.00000 shell_inner=0.00000 shell_outer=0.00000 homogeneity=0.0000 body=0.00000 bowel=0.27632 femur=0.03415 penile=0.00110
2026-06-02 11:26:02 [INFO] Step 35/54 Loss=14.8449 mse=0.4231 v_opt=0.33636 v_mand=0.07889 ptv=0.0106 ptv_max=0.01650 global_ceil=0.03069 ring=0.00008 smooth=0.0341 laplacian=0.1174 anticollapse=0.00000 shell_inner=0.00000 shell_outer=0.00000 homogeneity=0.0000 body=0.00000 bowel=0.13027 femur=0.04462 penile=0.00738
2026-06-02 11:26:07 [INFO] Step 40/54 Loss=19.4065 mse=0.5020 v_opt=0.36293 v_mand=0.09666 ptv=0.0087 ptv_max=0.01837 global_ceil=0.03751 ring=0.00015 smooth=0.0342 laplacian=0.1207 anticollapse=0.00000 shell_inner=0.00000 shell_outer=0.00000 homogeneity=0.0000 body=0.00000 bowel=0.48153 femur=0.06283 penile=0.04536
2026-06-02 11:26:14 [INFO] Step 45/54 Loss=18.5848 mse=0.4597 v_opt=0.57309 v_mand=0.19205 ptv=0.0100 ptv_max=0.01597 global_ceil=0.03391 ring=0.00010 smooth=0.0336 laplacian=0.1099 anticollapse=0.00000 shell_inner=0.00000 shell_outer=0.00000 homogeneity=0.0000 body=0.00000 bowel=0.26738 femur=0.03357 penile=0.00393
2026-06-02 11:26:19 [INFO] Step 50/54 Loss=26.2806 mse=0.7738 v_opt=0.24657 v_mand=0.04389 ptv=0.0118 ptv_max=0.02073 global_ceil=0.06244 ring=0.00038 smooth=0.0658 laplacian=0.2417 anticollapse=0.00000 shell_inner=0.00000 shell_outer=0.00000 homogeneity=0.0000 body=0.00000 bowel=0.40378 femur=0.12608 penile=0.00000
2026-06-02 11:26:24 [INFO] Step 54/54 Loss=21.8428 mse=0.6158 v_opt=0.20748 v_mand=0.03224 ptv=0.0161 ptv_max=0.01938 global_ceil=0.05827 ring=0.00026 smooth=0.0286 laplacian=0.1020 anticollapse=0.00000 shell_inner=0.00000 shell_outer=0.00000 homogeneity=0.0000 body=0.00000 bowel=0.43300 femur=0.06528 penile=0.00000
2026-06-02 11:26:24 [INFO] Running validation at epoch 25...
2026-06-02 11:27:01 [INFO] Epoch 25 Summary: Train=23.0210 Val=0.0612 (MSE=0.0612)
          Coverage D95:  PTV60_D95=44.27Gy  PTV44_D95=38.11Gy
          SIB Means:    PTV60=53.34Gy PTV44=47.28Gy
          OAR Metrics:  Bladder=42.51Gy Rectum=39.34Gy Bowel=44.54Gy Femur=45.63Gy Ring=50.20Gy Penile=45.08Gy
          Physics:      Dmax=99.27Gy BG=55.57Gy
2026-06-02 11:27:01 [INFO] [DIAGNOSTIC] Saved fallback model MSE=0.0612
2026-06-02 11:27:01 [INFO] Epoch 26/300 [RAMP 26/75 (35% of physics)] ramp=0.347 lr=9.83e-05
2026-06-02 11:27:08 [INFO] Step 5/54 Loss=27.9135 mse=0.8273 v_opt=0.34421 v_mand=0.07657 ptv=0.0094 ptv_max=0.02781 global_ceil=0.06077 ring=0.00058 smooth=0.0447 laplacian=0.1658 anticollapse=0.00000 shell_inner=0.00000 shell_outer=0.00000 homogeneity=0.0000 body=0.00000 bowel=0.33052 femur=0.08106 penile=0.00000
2026-06-02 11:27:13 [INFO] Step 10/54 Loss=24.4667 mse=0.6391 v_opt=0.35861 v_mand=0.09389 ptv=0.0089 ptv_max=0.02466 global_ceil=0.03755 ring=0.00028 smooth=0.0452 laplacian=0.1601 anticollapse=0.00000 shell_inner=0.00000 shell_outer=0.00000 homogeneity=0.0000 body=0.00000 bowel=0.75141 femur=0.08435 penile=0.00000
2026-06-02 11:27:20 [INFO] Step 15/54 Loss=20.8871 mse=0.5352 v_opt=0.14180 v_mand=0.03013 ptv=0.0318 ptv_max=0.01343 global_ceil=0.06393 ring=0.00015 smooth=0.0482 laplacian=0.1706 anticollapse=0.00000 shell_inner=0.00000 shell_outer=0.00000 homogeneity=0.0000 body=0.00000 bowel=0.54954 femur=0.00000 penile=0.00000
2026-06-02 11:27:26 [INFO] Step 20/54 Loss=22.9097 mse=0.6295 v_opt=0.35578 v_mand=0.09233 ptv=0.0109 ptv_max=0.01183 global_ceil=0.04400 ring=0.00007 smooth=0.0416 laplacian=0.1424 anticollapse=0.00000 shell_inner=0.00000 shell_outer=0.00000 homogeneity=0.0000 body=0.00000 bowel=0.43587 femur=0.12032 penile=0.00081
2026-06-02 11:27:33 [INFO] Step 25/54 Loss=22.4149 mse=0.5772 v_opt=0.60029 v_mand=0.20875 ptv=0.0096 ptv_max=0.01537 global_ceil=0.03019 ring=0.00007 smooth=0.0413 laplacian=0.1436 anticollapse=0.00000 shell_inner=0.00000 shell_outer=0.00000 homogeneity=0.0000 body=0.00000 bowel=0.33569 femur=0.07002 penile=0.00769
2026-06-02 11:27:38 [INFO] Step 30/54 Loss=22.8895 mse=0.6067 v_opt=0.29371 v_mand=0.07270 ptv=0.0091 ptv_max=0.02483 global_ceil=0.04795 ring=0.00049 smooth=0.0455 laplacian=0.1557 anticollapse=0.00000 shell_inner=0.00000 shell_outer=0.00000 homogeneity=0.0000 body=0.00000 bowel=0.53016 femur=0.06905 penile=0.08766
2026-06-02 11:27:46 [INFO] Step 35/54 Loss=30.5222 mse=0.7951 v_opt=0.45770 v_mand=0.14060 ptv=0.0085 ptv_max=0.03065 global_ceil=0.07952 ring=0.00053 smooth=0.0488 laplacian=0.1775 anticollapse=0.00000 shell_inner=0.00000 shell_outer=0.00000 homogeneity=0.0000 body=0.00000 bowel=0.52794 femur=0.11901 penile=0.02104
2026-06-02 11:27:50 [INFO] Step 40/54 Loss=24.4705 mse=0.6547 v_opt=0.28351 v_mand=0.06799 ptv=0.0093 ptv_max=0.01954 global_ceil=0.07159 ring=0.00042 smooth=0.0461 laplacian=0.1640 anticollapse=0.00000 shell_inner=0.00000 shell_outer=0.00000 homogeneity=0.0000 body=0.00000 bowel=0.44985 femur=0.07213 penile=0.00000
2026-06-02 11:27:58 [INFO] Step 45/54 Loss=26.7355 mse=0.7093 v_opt=0.26521 v_mand=0.05260 ptv=0.0125 ptv_max=0.02192 global_ceil=0.08203 ring=0.00046 smooth=0.0466 laplacian=0.1637 anticollapse=0.00000 shell_inner=0.00000 shell_outer=0.00000 homogeneity=0.0000 body=0.00000 bowel=0.55723 femur=0.07189 penile=0.00058
2026-06-02 11:28:03 [INFO] Step 50/54 Loss=15.1836 mse=0.4442 v_opt=0.17059 v_mand=0.02124 ptv=0.0123 ptv_max=0.01990 global_ceil=0.03201 ring=0.00019 smooth=0.0279 laplacian=0.0957 anticollapse=0.00000 shell_inner=0.00000 shell_outer=0.00000 homogeneity=0.0000 body=0.00000 bowel=0.26570 femur=0.02874 penile=0.00247
2026-06-02 11:28:08 [INFO] Step 54/54 Loss=15.9577 mse=0.4351 v_opt=0.37525 v_mand=0.10268 ptv=0.0090 ptv_max=0.01594 global_ceil=0.01842 ring=0.00011 smooth=0.0297 laplacian=0.1021 anticollapse=0.00000 shell_inner=0.00000 shell_outer=0.00000 homogeneity=0.0000 body=0.00000 bowel=0.30270 femur=0.04675 penile=0.00000
2026-06-02 11:28:08 [INFO] Running validation at epoch 26...
2026-06-02 11:28:44 [INFO] Epoch 26 Summary: Train=21.9847 Val=0.0617 (MSE=0.0617)
          Coverage D95:  PTV60_D95=43.83Gy  PTV44_D95=38.07Gy
          SIB Means:    PTV60=54.16Gy PTV44=47.49Gy
          OAR Metrics:  Bladder=42.21Gy Rectum=39.54Gy Bowel=44.46Gy Femur=45.67Gy Ring=50.11Gy Penile=44.72Gy
          Physics:      Dmax=97.36Gy BG=55.69Gy
2026-06-02 11:28:44 [INFO] Epoch 27/300 [RAMP 27/75 (36% of physics)] ramp=0.360 lr=9.82e-05
2026-06-02 11:28:52 [INFO] Step 5/54 Loss=21.0939 mse=0.6373 v_opt=0.53224 v_mand=0.16882 ptv=0.0136 ptv_max=0.00012 global_ceil=0.02698 ring=0.00007 smooth=0.0420 laplacian=0.1488 anticollapse=0.00001 shell_inner=0.00000 shell_outer=0.00000 homogeneity=0.0000 body=0.00000 bowel=0.00000 femur=0.00000 penile=0.00000
2026-06-02 11:28:57 [INFO] Step 10/54 Loss=22.9626 mse=0.6942 v_opt=0.32095 v_mand=0.06958 ptv=0.0098 ptv_max=0.01612 global_ceil=0.06590 ring=0.00023 smooth=0.0400 laplacian=0.1455 anticollapse=0.00000 shell_inner=0.00000 shell_outer=0.00000 homogeneity=0.0000 body=0.00000 bowel=0.00000 femur=0.04325 penile=0.00406
2026-06-02 11:29:04 [INFO] Step 15/54 Loss=24.6407 mse=0.7748 v_opt=0.37224 v_mand=0.09110 ptv=0.0083 ptv_max=0.00065 global_ceil=0.05739 ring=0.00009 smooth=0.0472 laplacian=0.1589 anticollapse=0.00000 shell_inner=0.00000 shell_outer=0.00000 homogeneity=0.0000 body=0.00000 bowel=0.00000 femur=0.00000 penile=0.01559
2026-06-02 11:29:09 [INFO] Step 20/54 Loss=29.6149 mse=0.7408 v_opt=0.57706 v_mand=0.21894 ptv=0.0079 ptv_max=0.02889 global_ceil=0.06819 ring=0.00131 smooth=0.0514 laplacian=0.1853 anticollapse=0.00000 shell_inner=0.00000 shell_outer=0.00000 homogeneity=0.0000 body=0.00000 bowel=0.41889 femur=0.07387 penile=0.00000
2026-06-02 11:29:16 [INFO] Step 25/54 Loss=16.3403 mse=0.5027 v_opt=0.33489 v_mand=0.07570 ptv=0.0206 ptv_max=0.01284 global_ceil=0.01979 ring=0.00004 smooth=0.0304 laplacian=0.1029 anticollapse=0.00000 shell_inner=0.00000 shell_outer=0.00000 homogeneity=0.0000 body=0.00000 bowel=0.07451 femur=0.04731 penile=0.00339
2026-06-02 11:29:22 [INFO] Step 30/54 Loss=17.9723 mse=0.5285 v_opt=0.35031 v_mand=0.07951 ptv=0.0099 ptv_max=0.01671 global_ceil=0.03359 ring=0.00012 smooth=0.0320 laplacian=0.1101 anticollapse=0.00000 shell_inner=0.00000 shell_outer=0.00000 homogeneity=0.0000 body=0.00000 bowel=0.13299 femur=0.04160 penile=0.00193
2026-06-02 11:29:28 [INFO] Step 35/54 Loss=22.9133 mse=0.5350 v_opt=0.48930 v_mand=0.16798 ptv=0.0099 ptv_max=0.01918 global_ceil=0.03438 ring=0.00018 smooth=0.0399 laplacian=0.1405 anticollapse=0.00000 shell_inner=0.00000 shell_outer=0.00000 homogeneity=0.0000 body=0.00000 bowel=0.66503 femur=0.05996 penile=0.02015
2026-06-02 11:29:34 [INFO] Step 40/54 Loss=29.3775 mse=0.7956 v_opt=0.23592 v_mand=0.04117 ptv=0.0097 ptv_max=0.02565 global_ceil=0.06310 ring=0.00076 smooth=0.0554 laplacian=0.2022 anticollapse=0.00000 shell_inner=0.00000 shell_outer=0.00000 homogeneity=0.0000 body=0.00000 bowel=0.78638 femur=0.10691 penile=0.00384
2026-06-02 11:29:41 [INFO] Step 45/54 Loss=7.1326 mse=0.2561 v_opt=0.00000 v_mand=0.00000 ptv=0.0000 ptv_max=0.00000 global_ceil=0.01296 ring=0.00000 smooth=0.0239 laplacian=0.0732 anticollapse=0.00000 shell_inner=0.00000 shell_outer=0.00000 homogeneity=0.0000 body=0.00000 bowel=0.00000 femur=0.00000 penile=0.00000
2026-06-02 11:29:46 [INFO] Step 50/54 Loss=25.3881 mse=0.5926 v_opt=0.50909 v_mand=0.15688 ptv=0.0103 ptv_max=0.01870 global_ceil=0.05906 ring=0.00032 smooth=0.0371 laplacian=0.1333 anticollapse=0.00000 shell_inner=0.00000 shell_outer=0.00000 homogeneity=0.0000 body=0.00000 bowel=0.63814 femur=0.08679 penile=0.00230
2026-06-02 11:29:51 [INFO] Step 54/54 Loss=17.9089 mse=0.5312 v_opt=0.24741 v_mand=0.04550 ptv=0.0116 ptv_max=0.01768 global_ceil=0.02799 ring=0.00028 smooth=0.0339 laplacian=0.1163 anticollapse=0.00000 shell_inner=0.00000 shell_outer=0.00000 homogeneity=0.0000 body=0.00000 bowel=0.24172 femur=0.07173 penile=0.03531
2026-06-02 11:29:51 [INFO] Running validation at epoch 27...
2026-06-02 11:30:27 [INFO] Epoch 27 Summary: Train=21.9317 Val=0.0595 (MSE=0.0595)
          Coverage D95:  PTV60_D95=43.57Gy  PTV44_D95=36.97Gy
          SIB Means:    PTV60=53.88Gy PTV44=46.95Gy
          OAR Metrics:  Bladder=42.27Gy Rectum=37.92Gy Bowel=44.36Gy Femur=45.76Gy Ring=49.93Gy Penile=46.59Gy
          Physics:      Dmax=100.95Gy BG=54.95Gy
2026-06-02 11:30:27 [INFO] [DIAGNOSTIC] Saved fallback model MSE=0.0595
2026-06-02 11:30:27 [INFO] Epoch 28/300 [RAMP 28/75 (37% of physics)] ramp=0.373 lr=9.80e-05
2026-06-02 11:30:35 [INFO] Step 5/54 Loss=24.2058 mse=0.5339 v_opt=0.45196 v_mand=0.16750 ptv=0.0107 ptv_max=0.01976 global_ceil=0.03942 ring=0.00019 smooth=0.0364 laplacian=0.1289 anticollapse=0.00000 shell_inner=0.00000 shell_outer=0.00000 homogeneity=0.0000 body=0.00000 bowel=0.80432 femur=0.06012 penile=0.00000
2026-06-02 11:30:40 [INFO] Step 10/54 Loss=20.1995 mse=0.5710 v_opt=0.51514 v_mand=0.19683 ptv=0.0132 ptv_max=0.00356 global_ceil=0.02584 ring=0.00016 smooth=0.0405 laplacian=0.1400 anticollapse=0.00000 shell_inner=0.00000 shell_outer=0.00000 homogeneity=0.0000 body=0.00000 bowel=0.00000 femur=0.00000 penile=0.02531
2026-06-02 11:30:47 [INFO] Step 15/54 Loss=20.8350 mse=0.6168 v_opt=0.25481 v_mand=0.04147 ptv=0.0116 ptv_max=0.01854 global_ceil=0.03496 ring=0.00014 smooth=0.0417 laplacian=0.1487 anticollapse=0.00000 shell_inner=0.00000 shell_outer=0.00000 homogeneity=0.0000 body=0.00000 bowel=0.31891 femur=0.06394 penile=0.00023
2026-06-02 11:30:53 [INFO] Step 20/54 Loss=30.4987 mse=0.7410 v_opt=0.62214 v_mand=0.22195 ptv=0.0081 ptv_max=0.02600 global_ceil=0.05508 ring=0.00050 smooth=0.0507 laplacian=0.1835 anticollapse=0.00000 shell_inner=0.00000 shell_outer=0.00000 homogeneity=0.0000 body=0.00000 bowel=0.59809 femur=0.11011 penile=0.00282
2026-06-02 11:31:00 [INFO] Step 25/54 Loss=32.6724 mse=0.8837 v_opt=0.42350 v_mand=0.13080 ptv=0.0094 ptv_max=0.03018 global_ceil=0.06245 ring=0.00051 smooth=0.0486 laplacian=0.1820 anticollapse=0.00000 shell_inner=0.00000 shell_outer=0.00000 homogeneity=0.0000 body=0.00000 bowel=0.57026 femur=0.14624 penile=0.00233
2026-06-02 11:31:05 [INFO] Step 30/54 Loss=20.0725 mse=0.5679 v_opt=0.25054 v_mand=0.04967 ptv=0.0108 ptv_max=0.02997 global_ceil=0.04717 ring=0.00057 smooth=0.0428 laplacian=0.1483 anticollapse=0.00000 shell_inner=0.00000 shell_outer=0.00000 homogeneity=0.0000 body=0.00000 bowel=0.20736 femur=0.09962 penile=0.00000
2026-06-02 11:31:12 [INFO] Step 35/54 Loss=34.7035 mse=0.8836 v_opt=0.38348 v_mand=0.10643 ptv=0.0077 ptv_max=0.03188 global_ceil=0.08134 ring=0.00083 smooth=0.0502 laplacian=0.1871 anticollapse=0.00000 shell_inner=0.00000 shell_outer=0.00000 homogeneity=0.0000 body=0.00000 bowel=0.83402 femur=0.14488 penile=0.00000
2026-06-02 11:31:17 [INFO] Step 40/54 Loss=33.0013 mse=0.8722 v_opt=0.14863 v_mand=0.02541 ptv=0.0141 ptv_max=0.02649 global_ceil=0.11508 ring=0.00074 smooth=0.0521 laplacian=0.1881 anticollapse=0.00000 shell_inner=0.00000 shell_outer=0.00000 homogeneity=0.0000 body=0.00000 bowel=0.57405 femur=0.08881 penile=0.00000
2026-06-02 11:31:24 [INFO] Step 45/54 Loss=23.8468 mse=0.5623 v_opt=0.28410 v_mand=0.08330 ptv=0.0084 ptv_max=0.03618 global_ceil=0.06528 ring=0.00201 smooth=0.0389 laplacian=0.1380 anticollapse=0.00000 shell_inner=0.00000 shell_outer=0.00000 homogeneity=0.0000 body=0.00000 bowel=0.58942 femur=0.11813 penile=0.00000
2026-06-02 11:31:29 [INFO] Step 50/54 Loss=20.0764 mse=0.5496 v_opt=0.20806 v_mand=0.02906 ptv=0.0142 ptv_max=0.02511 global_ceil=0.05033 ring=0.00050 smooth=0.0419 laplacian=0.1456 anticollapse=0.00000 shell_inner=0.00000 shell_outer=0.00000 homogeneity=0.0000 body=0.00000 bowel=0.36492 femur=0.05054 penile=0.00070
2026-06-02 11:31:34 [INFO] Step 54/54 Loss=25.2123 mse=0.6243 v_opt=0.35522 v_mand=0.09319 ptv=0.0128 ptv_max=0.02087 global_ceil=0.04210 ring=0.00056 smooth=0.0424 laplacian=0.1533 anticollapse=0.00000 shell_inner=0.00000 shell_outer=0.00000 homogeneity=0.0000 body=0.00000 bowel=0.80972 femur=0.04721 penile=0.00337
2026-06-02 11:31:34 [INFO] Running validation at epoch 28...
2026-06-02 11:32:10 [INFO] Epoch 28 Summary: Train=22.1803 Val=0.0607 (MSE=0.0607)
          Coverage D95:  PTV60_D95=44.66Gy  PTV44_D95=37.42Gy
          SIB Means:    PTV60=54.29Gy PTV44=47.47Gy
          OAR Metrics:  Bladder=41.55Gy Rectum=38.93Gy Bowel=44.57Gy Femur=46.06Gy Ring=50.21Gy Penile=45.91Gy
          Physics:      Dmax=97.83Gy BG=55.38Gy
2026-06-02 11:32:10 [INFO] Epoch 29/300 [RAMP 29/75 (39% of physics)] ramp=0.387 lr=9.79e-05
2026-06-02 11:32:18 [INFO] Step 5/54 Loss=22.7787 mse=0.6280 v_opt=0.21474 v_mand=0.02812 ptv=0.0151 ptv_max=0.00974 global_ceil=0.02387 ring=0.00008 smooth=0.0422 laplacian=0.1442 anticollapse=0.00001 shell_inner=0.00000 shell_outer=0.00000 homogeneity=0.0000 body=0.00000 bowel=0.74163 femur=0.06251 penile=0.00000
2026-06-02 11:32:23 [INFO] Step 10/54 Loss=32.7997 mse=0.8690 v_opt=0.40557 v_mand=0.12469 ptv=0.0083 ptv_max=0.02333 global_ceil=0.06026 ring=0.00104 smooth=0.0537 laplacian=0.2034 anticollapse=0.00000 shell_inner=0.00000 shell_outer=0.00000 homogeneity=0.0000 body=0.00000 bowel=0.66227 femur=0.12958 penile=0.00000
2026-06-02 11:32:30 [INFO] Step 15/54 Loss=19.8894 mse=0.6882 v_opt=0.21727 v_mand=0.04483 ptv=0.0140 ptv_max=0.00004 global_ceil=0.02322 ring=0.00001 smooth=0.0367 laplacian=0.1337 anticollapse=0.00000 shell_inner=0.00000 shell_outer=0.00000 homogeneity=0.0000 body=0.00000 bowel=0.00000 femur=0.00000 penile=0.00000
2026-06-02 11:32:36 [INFO] Step 20/54 Loss=18.6163 mse=0.5367 v_opt=0.35652 v_mand=0.08649 ptv=0.0093 ptv_max=0.01859 global_ceil=0.02085 ring=0.00013 smooth=0.0347 laplacian=0.1240 anticollapse=0.00000 shell_inner=0.00000 shell_outer=0.00000 homogeneity=0.0000 body=0.00000 bowel=0.23620 femur=0.05444 penile=0.00678
2026-06-02 11:32:42 [INFO] Step 25/54 Loss=29.5460 mse=0.6868 v_opt=0.50194 v_mand=0.17034 ptv=0.0068 ptv_max=0.04069 global_ceil=0.06070 ring=0.00072 smooth=0.0483 laplacian=0.1762 anticollapse=0.00000 shell_inner=0.00000 shell_outer=0.00000 homogeneity=0.0000 body=0.00000 bowel=0.70614 femur=0.10384 penile=0.00061
2026-06-02 11:32:48 [INFO] Step 30/54 Loss=25.4638 mse=0.7191 v_opt=0.26545 v_mand=0.05458 ptv=0.0097 ptv_max=0.02160 global_ceil=0.03891 ring=0.00020 smooth=0.0441 laplacian=0.1540 anticollapse=0.00000 shell_inner=0.00000 shell_outer=0.00000 homogeneity=0.0000 body=0.00000 bowel=0.55305 femur=0.07042 penile=0.00000
2026-06-02 11:32:55 [INFO] Step 35/54 Loss=23.5437 mse=0.6900 v_opt=0.16674 v_mand=0.02944 ptv=0.0091 ptv_max=0.02720 global_ceil=0.03793 ring=0.00038 smooth=0.0455 laplacian=0.1613 anticollapse=0.00000 shell_inner=0.00000 shell_outer=0.00000 homogeneity=0.0000 body=0.00000 bowel=0.44429 femur=0.07005 penile=0.00000
2026-06-02 11:33:00 [INFO] Step 40/54 Loss=15.6478 mse=0.4547 v_opt=0.33971 v_mand=0.07349 ptv=0.0086 ptv_max=0.01804 global_ceil=0.01207 ring=0.00007 smooth=0.0317 laplacian=0.1093 anticollapse=0.00000 shell_inner=0.00000 shell_outer=0.00000 homogeneity=0.0000 body=0.00000 bowel=0.21857 femur=0.05674 penile=0.00000
2026-06-02 11:33:07 [INFO] Step 45/54 Loss=27.0330 mse=0.8900 v_opt=0.28382 v_mand=0.05483 ptv=0.0093 ptv_max=0.02045 global_ceil=0.04492 ring=0.00031 smooth=0.0431 laplacian=0.1564 anticollapse=0.00000 shell_inner=0.00000 shell_outer=0.00000 homogeneity=0.0000 body=0.00000 bowel=0.00000 femur=0.10634 penile=0.00385
2026-06-02 11:33:12 [INFO] Step 50/54 Loss=16.6936 mse=0.5359 v_opt=0.29209 v_mand=0.05505 ptv=0.0100 ptv_max=0.01107 global_ceil=0.01388 ring=0.00002 smooth=0.0304 laplacian=0.1081 anticollapse=0.00000 shell_inner=0.00000 shell_outer=0.00000 homogeneity=0.0000 body=0.00000 bowel=0.11023 femur=0.05369 penile=0.00131
2026-06-02 11:33:17 [INFO] Step 54/54 Loss=13.5202 mse=0.4030 v_opt=0.23439 v_mand=0.03819 ptv=0.0082 ptv_max=0.01211 global_ceil=0.01010 ring=0.00002 smooth=0.0306 laplacian=0.1000 anticollapse=0.00000 shell_inner=0.00000 shell_outer=0.00000 homogeneity=0.0000 body=0.00000 bowel=0.24038 femur=0.05653 penile=0.00000
2026-06-02 11:33:17 [INFO] Running validation at epoch 29...
2026-06-02 11:33:53 [INFO] Epoch 29 Summary: Train=21.3581 Val=0.0594 (MSE=0.0594)
          Coverage D95:  PTV60_D95=45.56Gy  PTV44_D95=38.23Gy
          SIB Means:    PTV60=56.05Gy PTV44=47.65Gy
          OAR Metrics:  Bladder=41.93Gy Rectum=37.43Gy Bowel=43.78Gy Femur=45.43Gy Ring=49.92Gy Penile=45.27Gy
          Physics:      Dmax=99.31Gy BG=54.88Gy
2026-06-02 11:33:53 [INFO] [DIAGNOSTIC] Saved fallback model MSE=0.0594
2026-06-02 11:33:53 [INFO] Epoch 30/300 [RAMP 30/75 (40% of physics)] ramp=0.400 lr=9.77e-05
2026-06-02 11:34:00 [INFO] Step 5/54 Loss=26.3744 mse=0.5965 v_opt=0.06281 v_mand=0.00227 ptv=0.0876 ptv_max=0.02143 global_ceil=0.07261 ring=0.00057 smooth=0.0362 laplacian=0.1292 anticollapse=0.00001 shell_inner=0.00000 shell_outer=0.00000 homogeneity=0.0000 body=0.00000 bowel=0.84034 femur=0.01722 penile=0.00000
2026-06-02 11:34:06 [INFO] Step 10/54 Loss=21.9035 mse=0.6094 v_opt=0.17370 v_mand=0.01660 ptv=0.0082 ptv_max=0.01987 global_ceil=0.02767 ring=0.00015 smooth=0.0365 laplacian=0.1295 anticollapse=0.00000 shell_inner=0.00000 shell_outer=0.00000 homogeneity=0.0000 body=0.00000 bowel=0.63127 femur=0.07612 penile=0.00015
2026-06-02 11:34:13 [INFO] Step 15/54 Loss=24.3286 mse=0.6333 v_opt=0.28760 v_mand=0.05665 ptv=0.0127 ptv_max=0.02754 global_ceil=0.04794 ring=0.00083 smooth=0.0395 laplacian=0.1446 anticollapse=0.00000 shell_inner=0.00000 shell_outer=0.00000 homogeneity=0.0000 body=0.00000 bowel=0.56905 femur=0.05204 penile=0.00000
2026-06-02 11:34:18 [INFO] Step 20/54 Loss=21.4474 mse=0.6421 v_opt=0.15273 v_mand=0.01465 ptv=0.0114 ptv_max=0.02269 global_ceil=0.04313 ring=0.00041 smooth=0.0429 laplacian=0.1547 anticollapse=0.00000 shell_inner=0.00000 shell_outer=0.00000 homogeneity=0.0000 body=0.00000 bowel=0.26393 femur=0.06371 penile=0.00000
2026-06-02 11:34:25 [INFO] Step 25/54 Loss=11.4202 mse=0.3993 v_opt=0.15462 v_mand=0.02688 ptv=0.0131 ptv_max=0.00002 global_ceil=0.00822 ring=0.00001 smooth=0.0302 laplacian=0.1032 anticollapse=0.00000 shell_inner=0.00000 shell_outer=0.00000 homogeneity=0.0000 body=0.00000 bowel=0.00000 femur=0.00000 penile=0.00000
2026-06-02 11:34:30 [INFO] Step 30/54 Loss=25.0187 mse=0.7242 v_opt=0.24876 v_mand=0.04412 ptv=0.0094 ptv_max=0.02222 global_ceil=0.03828 ring=0.00032 smooth=0.0458 laplacian=0.1622 anticollapse=0.00000 shell_inner=0.00000 shell_outer=0.00000 homogeneity=0.0000 body=0.00000 bowel=0.43419 femur=0.08646 penile=0.01812
2026-06-02 11:34:38 [INFO] Step 35/54 Loss=31.6265 mse=0.8708 v_opt=0.37962 v_mand=0.10364 ptv=0.0080 ptv_max=0.03141 global_ceil=0.05760 ring=0.00045 smooth=0.0449 laplacian=0.1695 anticollapse=0.00000 shell_inner=0.00000 shell_outer=0.00000 homogeneity=0.0000 body=0.00000 bowel=0.48367 femur=0.12373 penile=0.00640
2026-06-02 11:34:43 [INFO] Step 40/54 Loss=18.2977 mse=0.5144 v_opt=0.30915 v_mand=0.07767 ptv=0.0108 ptv_max=0.02153 global_ceil=0.02022 ring=0.00008 smooth=0.0398 laplacian=0.1389 anticollapse=0.00000 shell_inner=0.00000 shell_outer=0.00000 homogeneity=0.0000 body=0.00000 bowel=0.28902 femur=0.04248 penile=0.00044
2026-06-02 11:34:50 [INFO] Step 45/54 Loss=22.4681 mse=0.7560 v_opt=0.23943 v_mand=0.06737 ptv=0.0096 ptv_max=0.00080 global_ceil=0.02865 ring=0.00009 smooth=0.0403 laplacian=0.1496 anticollapse=0.00000 shell_inner=0.00000 shell_outer=0.00000 homogeneity=0.0000 body=0.00000 bowel=0.00000 femur=0.00000 penile=0.01486
2026-06-02 11:34:55 [INFO] Step 50/54 Loss=22.5256 mse=0.6070 v_opt=0.37070 v_mand=0.09479 ptv=0.0090 ptv_max=0.01874 global_ceil=0.04214 ring=0.00035 smooth=0.0402 laplacian=0.1428 anticollapse=0.00000 shell_inner=0.00000 shell_outer=0.00000 homogeneity=0.0000 body=0.00000 bowel=0.28237 femur=0.06052 penile=0.05949
2026-06-02 11:35:00 [INFO] Step 54/54 Loss=22.9724 mse=0.5871 v_opt=0.04193 v_mand=0.00117 ptv=0.0008 ptv_max=0.01703 global_ceil=0.04392 ring=0.00061 smooth=0.0397 laplacian=0.1428 anticollapse=0.00000 shell_inner=0.00000 shell_outer=0.00000 homogeneity=0.0000 body=0.00000 bowel=0.86841 femur=0.02584 penile=0.00000
2026-06-02 11:35:00 [INFO] Running validation at epoch 30...
2026-06-02 11:35:36 [INFO] Epoch 30 Summary: Train=21.8538 Val=0.0620 (MSE=0.0620)
          Coverage D95:  PTV60_D95=44.15Gy  PTV44_D95=36.62Gy
          SIB Means:    PTV60=53.18Gy PTV44=46.75Gy
          OAR Metrics:  Bladder=40.50Gy Rectum=38.14Gy Bowel=44.69Gy Femur=46.55Gy Ring=49.75Gy Penile=47.04Gy
          Physics:      Dmax=94.40Gy BG=55.87Gy
2026-06-02 11:35:36 [INFO] Epoch 31/300 [RAMP 31/75 (41% of physics)] ramp=0.413 lr=9.76e-05
2026-06-02 11:35:44 [INFO] Step 5/54 Loss=26.5297 mse=0.7831 v_opt=0.37511 v_mand=0.08729 ptv=0.0112 ptv_max=0.01904 global_ceil=0.03455 ring=0.00032 smooth=0.0465 laplacian=0.1662 anticollapse=0.00000 shell_inner=0.00000 shell_outer=0.00000 homogeneity=0.0000 body=0.00000 bowel=0.26528 femur=0.09551 penile=0.03183
2026-06-02 11:35:49 [INFO] Step 10/54 Loss=20.0007 mse=0.6613 v_opt=0.20888 v_mand=0.02703 ptv=0.0144 ptv_max=0.00001 global_ceil=0.03856 ring=0.00000 smooth=0.0428 laplacian=0.1425 anticollapse=0.00000 shell_inner=0.00000 shell_outer=0.00000 homogeneity=0.0000 body=0.00000 bowel=0.00000 femur=0.00000 penile=0.00228
2026-06-02 11:35:57 [INFO] Step 15/54 Loss=27.4420 mse=0.6773 v_opt=0.44842 v_mand=0.17455 ptv=0.0141 ptv_max=0.02625 global_ceil=0.05431 ring=0.00100 smooth=0.0383 laplacian=0.1387 anticollapse=0.00000 shell_inner=0.00000 shell_outer=0.00000 homogeneity=0.0000 body=0.00000 bowel=0.34986 femur=0.07961 penile=0.00033
2026-06-02 11:36:02 [INFO] Step 20/54 Loss=22.0159 mse=0.5635 v_opt=0.20537 v_mand=0.04771 ptv=0.0088 ptv_max=0.02144 global_ceil=0.03080 ring=0.00037 smooth=0.0333 laplacian=0.1166 anticollapse=0.00000 shell_inner=0.00000 shell_outer=0.00000 homogeneity=0.0000 body=0.00000 bowel=0.66354 femur=0.06315 penile=0.00000
2026-06-02 11:36:09 [INFO] Step 25/54 Loss=26.8524 mse=0.5787 v_opt=0.42589 v_mand=0.11198 ptv=0.0074 ptv_max=0.01781 global_ceil=0.12243 ring=0.00005 smooth=0.0637 laplacian=0.2272 anticollapse=0.00000 shell_inner=0.00000 shell_outer=0.00000 homogeneity=0.0000 body=0.00000 bowel=0.21576 femur=0.06359 penile=0.01434
2026-06-02 11:36:14 [INFO] Step 30/54 Loss=18.5056 mse=0.5574 v_opt=0.32716 v_mand=0.06730 ptv=0.0091 ptv_max=0.01449 global_ceil=0.01264 ring=0.00003 smooth=0.0302 laplacian=0.1067 anticollapse=0.00000 shell_inner=0.00000 shell_outer=0.00000 homogeneity=0.0000 body=0.00000 bowel=0.23798 femur=0.05940 penile=0.00114
2026-06-02 11:36:21 [INFO] Step 35/54 Loss=25.1443 mse=0.6770 v_opt=0.30797 v_mand=0.09716 ptv=0.0205 ptv_max=0.02189 global_ceil=0.04739 ring=0.00034 smooth=0.0435 laplacian=0.1572 anticollapse=0.00000 shell_inner=0.00000 shell_outer=0.00000 homogeneity=0.0000 body=0.00000 bowel=0.31381 femur=0.08257 penile=0.00000
2026-06-02 11:36:26 [INFO] Step 40/54 Loss=18.7594 mse=0.5787 v_opt=0.30414 v_mand=0.07757 ptv=0.0154 ptv_max=0.00009 global_ceil=0.03294 ring=0.00006 smooth=0.0457 laplacian=0.1649 anticollapse=0.00002 shell_inner=0.00000 shell_outer=0.00000 homogeneity=0.0000 body=0.00000 bowel=0.00000 femur=0.00000 penile=0.00681
2026-06-02 11:36:33 [INFO] Step 45/54 Loss=16.5293 mse=0.4502 v_opt=0.31489 v_mand=0.06306 ptv=0.0095 ptv_max=0.02420 global_ceil=0.02290 ring=0.00025 smooth=0.0325 laplacian=0.1129 anticollapse=0.00000 shell_inner=0.00000 shell_outer=0.00000 homogeneity=0.0000 body=0.00000 bowel=0.20281 femur=0.08602 penile=0.03477
2026-06-02 11:36:38 [INFO] Step 50/54 Loss=10.8915 mse=0.3190 v_opt=0.00000 v_mand=0.00000 ptv=0.0027 ptv_max=0.00230 global_ceil=0.01395 ring=0.00000 smooth=0.0310 laplacian=0.0986 anticollapse=0.00002 shell_inner=0.00000 shell_outer=0.00000 homogeneity=0.0000 body=0.00000 bowel=0.31038 femur=0.00000 penile=0.00000
2026-06-02 11:36:43 [INFO] Step 54/54 Loss=26.8235 mse=0.6796 v_opt=0.37637 v_mand=0.11501 ptv=0.0060 ptv_max=0.04078 global_ceil=0.05683 ring=0.00202 smooth=0.0447 laplacian=0.1615 anticollapse=0.00000 shell_inner=0.00000 shell_outer=0.00000 homogeneity=0.0000 body=0.00000 bowel=0.39306 femur=0.11376 penile=0.00000
2026-06-02 11:36:43 [INFO] Running validation at epoch 31...
2026-06-02 11:37:20 [INFO] Epoch 31 Summary: Train=21.5040 Val=0.0566 (MSE=0.0566)
          Coverage D95:  PTV60_D95=45.28Gy  PTV44_D95=38.42Gy
          SIB Means:    PTV60=54.58Gy PTV44=47.72Gy
          OAR Metrics:  Bladder=40.86Gy Rectum=39.33Gy Bowel=42.83Gy Femur=44.30Gy Ring=49.65Gy Penile=47.29Gy
          Physics:      Dmax=122.68Gy BG=53.72Gy
2026-06-02 11:37:20 [INFO] [DIAGNOSTIC] Saved fallback model MSE=0.0566
2026-06-02 11:37:20 [INFO] Epoch 32/300 [RAMP 32/75 (43% of physics)] ramp=0.427 lr=9.74e-05
2026-06-02 11:37:27 [INFO] Step 5/54 Loss=21.2916 mse=0.5955 v_opt=0.19012 v_mand=0.02272 ptv=0.0120 ptv_max=0.01390 global_ceil=0.06192 ring=0.00007 smooth=0.0323 laplacian=0.1162 anticollapse=0.00000 shell_inner=0.00000 shell_outer=0.00000 homogeneity=0.0000 body=0.00000 bowel=0.14112 femur=0.06325 penile=0.03607
2026-06-02 11:37:32 [INFO] Step 10/54 Loss=14.1310 mse=0.4318 v_opt=0.21245 v_mand=0.03794 ptv=0.0078 ptv_max=0.01118 global_ceil=0.00825 ring=0.00002 smooth=0.0314 laplacian=0.1086 anticollapse=0.00000 shell_inner=0.00000 shell_outer=0.00000 homogeneity=0.0000 body=0.00000 bowel=0.19785 femur=0.04824 penile=0.00000
2026-06-02 11:37:40 [INFO] Step 15/54 Loss=19.8934 mse=0.4938 v_opt=0.31959 v_mand=0.10884 ptv=0.0111 ptv_max=0.01864 global_ceil=0.01340 ring=0.00008 smooth=0.0361 laplacian=0.1257 anticollapse=0.00000 shell_inner=0.00000 shell_outer=0.00000 homogeneity=0.0000 body=0.00000 bowel=0.52156 femur=0.05712 penile=0.00000
2026-06-02 11:37:45 [INFO] Step 20/54 Loss=32.7111 mse=0.6830 v_opt=0.11807 v_mand=0.00670 ptv=0.0096 ptv_max=0.03208 global_ceil=0.16183 ring=0.00064 smooth=0.0525 laplacian=0.1882 anticollapse=0.00000 shell_inner=0.00000 shell_outer=0.00000 homogeneity=0.0000 body=0.00000 bowel=0.59957 femur=0.11838 penile=0.00000
2026-06-02 11:37:52 [INFO] Step 25/54 Loss=15.2549 mse=0.4974 v_opt=0.16995 v_mand=0.01459 ptv=0.0094 ptv_max=0.01386 global_ceil=0.00766 ring=0.00002 smooth=0.0307 laplacian=0.1088 anticollapse=0.00000 shell_inner=0.00000 shell_outer=0.00000 homogeneity=0.0000 body=0.00000 bowel=0.19147 femur=0.04151 penile=0.01389
2026-06-02 11:37:57 [INFO] Step 30/54 Loss=11.9885 mse=0.3668 v_opt=0.29582 v_mand=0.05512 ptv=0.0098 ptv_max=0.01153 global_ceil=0.00329 ring=0.00001 smooth=0.0285 laplacian=0.0989 anticollapse=0.00000 shell_inner=0.00000 shell_outer=0.00000 homogeneity=0.0000 body=0.00000 bowel=0.09809 femur=0.03915 penile=0.00000
2026-06-02 11:38:05 [INFO] Step 35/54 Loss=17.5063 mse=0.5133 v_opt=0.17752 v_mand=0.01886 ptv=0.0090 ptv_max=0.01260 global_ceil=0.03219 ring=0.00012 smooth=0.0368 laplacian=0.1271 anticollapse=0.00000 shell_inner=0.00000 shell_outer=0.00000 homogeneity=0.0000 body=0.00000 bowel=0.22126 femur=0.05778 penile=0.00000
2026-06-02 11:38:10 [INFO] Step 40/54 Loss=12.6968 mse=0.3602 v_opt=0.39432 v_mand=0.12374 ptv=0.0162 ptv_max=0.00016 global_ceil=0.00546 ring=0.00000 smooth=0.0330 laplacian=0.1109 anticollapse=0.00000 shell_inner=0.00000 shell_outer=0.00000 homogeneity=0.0000 body=0.00000 bowel=0.00000 femur=0.00000 penile=0.00000
2026-06-02 11:38:17 [INFO] Step 45/54 Loss=14.3636 mse=0.4508 v_opt=0.22817 v_mand=0.03389 ptv=0.0126 ptv_max=0.01096 global_ceil=0.00776 ring=0.00001 smooth=0.0302 laplacian=0.0999 anticollapse=0.00000 shell_inner=0.00000 shell_outer=0.00000 homogeneity=0.0000 body=0.00000 bowel=0.17287 femur=0.03278 penile=0.00000
2026-06-02 11:38:23 [INFO] Step 50/54 Loss=13.1638 mse=0.4202 v_opt=0.24654 v_mand=0.03689 ptv=0.0108 ptv_max=0.01159 global_ceil=0.00430 ring=0.00001 smooth=0.0269 laplacian=0.0947 anticollapse=0.00000 shell_inner=0.00000 shell_outer=0.00000 homogeneity=0.0000 body=0.00000 bowel=0.12954 femur=0.03483 penile=0.00131
2026-06-02 11:38:28 [INFO] Step 54/54 Loss=24.5968 mse=0.7360 v_opt=0.28951 v_mand=0.05517 ptv=0.0097 ptv_max=0.02123 global_ceil=0.02987 ring=0.00012 smooth=0.0456 laplacian=0.1630 anticollapse=0.00000 shell_inner=0.00000 shell_outer=0.00000 homogeneity=0.0000 body=0.00000 bowel=0.30321 femur=0.08956 penile=0.00000
2026-06-02 11:38:28 [INFO] Running validation at epoch 32...
2026-06-02 11:39:04 [INFO] Epoch 32 Summary: Train=19.7001 Val=0.0572 (MSE=0.0572)
          Coverage D95:  PTV60_D95=45.46Gy  PTV44_D95=38.65Gy
          SIB Means:    PTV60=55.66Gy PTV44=48.33Gy
          OAR Metrics:  Bladder=41.47Gy Rectum=37.47Gy Bowel=43.21Gy Femur=44.82Gy Ring=49.60Gy Penile=43.76Gy
          Physics:      Dmax=95.56Gy BG=53.93Gy
2026-06-02 11:39:04 [INFO] Epoch 33/300 [RAMP 33/75 (44% of physics)] ramp=0.440 lr=9.72e-05
2026-06-02 11:39:12 [INFO] Step 5/54 Loss=31.8389 mse=0.8433 v_opt=0.00000 v_mand=0.00000 ptv=0.0015 ptv_max=0.03107 global_ceil=0.09071 ring=0.00052 smooth=0.0695 laplacian=0.2599 anticollapse=0.00001 shell_inner=0.00000 shell_outer=0.00000 homogeneity=0.0000 body=0.00000 bowel=0.63524 femur=0.00000 penile=0.00000
2026-06-02 11:39:17 [INFO] Step 10/54 Loss=16.4912 mse=0.5606 v_opt=0.32114 v_mand=0.06493 ptv=0.0074 ptv_max=0.00018 global_ceil=0.00782 ring=0.00002 smooth=0.0321 laplacian=0.1142 anticollapse=0.00000 shell_inner=0.00000 shell_outer=0.00000 homogeneity=0.0000 body=0.00000 bowel=0.00000 femur=0.00000 penile=0.00949
2026-06-02 11:39:24 [INFO] Step 15/54 Loss=12.5123 mse=0.4424 v_opt=0.15430 v_mand=0.01497 ptv=0.0116 ptv_max=0.00926 global_ceil=0.00165 ring=0.00000 smooth=0.0266 laplacian=0.0916 anticollapse=0.00000 shell_inner=0.00000 shell_outer=0.00000 homogeneity=0.0000 body=0.00000 bowel=0.05171 femur=0.02953 penile=0.00223
2026-06-02 11:39:29 [INFO] Step 20/54 Loss=27.5899 mse=0.7098 v_opt=0.33212 v_mand=0.08727 ptv=0.0077 ptv_max=0.02858 global_ceil=0.04107 ring=0.00064 smooth=0.0444 laplacian=0.1617 anticollapse=0.00000 shell_inner=0.00000 shell_outer=0.00000 homogeneity=0.0000 body=0.00000 bowel=0.58019 femur=0.10773 penile=0.00000
2026-06-02 11:39:37 [INFO] Step 25/54 Loss=24.5207 mse=0.5855 v_opt=0.26696 v_mand=0.10434 ptv=0.0023 ptv_max=0.01811 global_ceil=0.04151 ring=0.00045 smooth=0.0387 laplacian=0.1356 anticollapse=0.00002 shell_inner=0.00000 shell_outer=0.00000 homogeneity=0.0000 body=0.00000 bowel=0.64451 femur=0.00000 penile=0.00000
2026-06-02 11:39:41 [INFO] Step 30/54 Loss=17.1234 mse=0.5380 v_opt=0.32472 v_mand=0.06770 ptv=0.0086 ptv_max=0.00012 global_ceil=0.02503 ring=0.00004 smooth=0.0310 laplacian=0.1088 anticollapse=0.00000 shell_inner=0.00000 shell_outer=0.00000 homogeneity=0.0000 body=0.00000 bowel=0.00000 femur=0.00000 penile=0.00416
2026-06-02 11:39:49 [INFO] Step 35/54 Loss=27.6491 mse=0.6717 v_opt=0.11068 v_mand=0.00611 ptv=0.0118 ptv_max=0.01721 global_ceil=0.08374 ring=0.00043 smooth=0.0542 laplacian=0.2026 anticollapse=0.00000 shell_inner=0.00000 shell_outer=0.00000 homogeneity=0.0000 body=0.00000 bowel=0.66511 femur=0.03204 penile=0.00000
2026-06-02 11:39:54 [INFO] Step 40/54 Loss=23.5083 mse=0.6891 v_opt=0.28431 v_mand=0.05017 ptv=0.0068 ptv_max=0.03047 global_ceil=0.03629 ring=0.00063 smooth=0.0464 laplacian=0.1693 anticollapse=0.00000 shell_inner=0.00000 shell_outer=0.00000 homogeneity=0.0000 body=0.00000 bowel=0.20805 femur=0.12056 penile=0.00000
2026-06-02 11:40:01 [INFO] Step 45/54 Loss=23.3917 mse=0.6897 v_opt=0.26587 v_mand=0.04517 ptv=0.0119 ptv_max=0.01997 global_ceil=0.04207 ring=0.00025 smooth=0.0340 laplacian=0.1231 anticollapse=0.00000 shell_inner=0.00000 shell_outer=0.00000 homogeneity=0.0000 body=0.00000 bowel=0.19915 femur=0.06074 penile=0.00000
2026-06-02 11:40:07 [INFO] Step 50/54 Loss=26.6293 mse=0.5630 v_opt=0.67505 v_mand=0.27000 ptv=0.0075 ptv_max=0.02066 global_ceil=0.03916 ring=0.00032 smooth=0.0497 laplacian=0.1787 anticollapse=0.00000 shell_inner=0.00000 shell_outer=0.00000 homogeneity=0.0000 body=0.00000 bowel=0.39197 femur=0.07611 penile=0.00000
2026-06-02 11:40:12 [INFO] Step 54/54 Loss=19.6835 mse=0.6413 v_opt=0.12008 v_mand=0.00838 ptv=0.0093 ptv_max=0.01315 global_ceil=0.03101 ring=0.00011 smooth=0.0410 laplacian=0.1374 anticollapse=0.00000 shell_inner=0.00000 shell_outer=0.00000 homogeneity=0.0000 body=0.00000 bowel=0.09976 femur=0.05176 penile=0.00000
2026-06-02 11:40:12 [INFO] Running validation at epoch 33...
2026-06-02 11:40:48 [INFO] Epoch 33 Summary: Train=20.7727 Val=0.0556 (MSE=0.0556)
          Coverage D95:  PTV60_D95=46.14Gy  PTV44_D95=37.93Gy
          SIB Means:    PTV60=56.93Gy PTV44=48.25Gy
          OAR Metrics:  Bladder=41.28Gy Rectum=36.88Gy Bowel=42.75Gy Femur=44.70Gy Ring=49.83Gy Penile=46.29Gy
          Physics:      Dmax=100.30Gy BG=53.32Gy
2026-06-02 11:40:48 [INFO] [DIAGNOSTIC] Saved fallback model MSE=0.0556
2026-06-02 11:40:48 [INFO] Epoch 34/300 [RAMP 34/75 (45% of physics)] ramp=0.453 lr=9.71e-05
2026-06-02 11:40:55 [INFO] Step 5/54 Loss=22.6529 mse=0.4618 v_opt=0.33132 v_mand=0.09108 ptv=0.0064 ptv_max=0.02606 global_ceil=0.03573 ring=0.00029 smooth=0.0319 laplacian=0.1082 anticollapse=0.00000 shell_inner=0.00000 shell_outer=0.00000 homogeneity=0.0000 body=0.00000 bowel=0.78771 femur=0.09071 penile=0.00000
2026-06-02 11:41:00 [INFO] Step 10/54 Loss=22.6078 mse=0.6211 v_opt=0.15463 v_mand=0.01619 ptv=0.0096 ptv_max=0.01806 global_ceil=0.03247 ring=0.00016 smooth=0.0348 laplacian=0.1253 anticollapse=0.00000 shell_inner=0.00000 shell_outer=0.00000 homogeneity=0.0000 body=0.00000 bowel=0.52518 femur=0.06298 penile=0.00000
2026-06-02 11:41:07 [INFO] Step 15/54 Loss=16.4592 mse=0.3951 v_opt=0.46522 v_mand=0.16804 ptv=0.0135 ptv_max=0.01089 global_ceil=0.00327 ring=0.00001 smooth=0.0366 laplacian=0.1262 anticollapse=0.00000 shell_inner=0.00000 shell_outer=0.00000 homogeneity=0.0000 body=0.00000 bowel=0.19728 femur=0.03847 penile=0.02733
2026-06-02 11:41:13 [INFO] Step 20/54 Loss=18.6006 mse=0.5387 v_opt=0.23258 v_mand=0.03505 ptv=0.0118 ptv_max=0.01727 global_ceil=0.01683 ring=0.00005 smooth=0.0389 laplacian=0.1328 anticollapse=0.00000 shell_inner=0.00000 shell_outer=0.00000 homogeneity=0.0000 body=0.00000 bowel=0.31653 femur=0.06320 penile=0.00000
2026-06-02 11:41:20 [INFO] Step 25/54 Loss=16.6701 mse=0.4198 v_opt=0.41871 v_mand=0.11934 ptv=0.0118 ptv_max=0.01258 global_ceil=0.00742 ring=0.00002 smooth=0.0380 laplacian=0.1340 anticollapse=0.00000 shell_inner=0.00000 shell_outer=0.00000 homogeneity=0.0000 body=0.00000 bowel=0.28034 femur=0.04362 penile=0.00000
2026-06-02 11:41:26 [INFO] Step 30/54 Loss=11.7121 mse=0.3437 v_opt=0.12177 v_mand=0.02184 ptv=0.0437 ptv_max=0.00531 global_ceil=0.01241 ring=0.00001 smooth=0.0274 laplacian=0.0885 anticollapse=0.00001 shell_inner=0.00000 shell_outer=0.00000 homogeneity=0.0000 body=0.00000 bowel=0.07711 femur=0.02996 penile=0.00000
2026-06-02 11:41:32 [INFO] Step 35/54 Loss=16.0014 mse=0.5535 v_opt=0.02589 v_mand=0.00052 ptv=0.0124 ptv_max=0.01573 global_ceil=0.01268 ring=0.00007 smooth=0.0325 laplacian=0.1120 anticollapse=0.00000 shell_inner=0.00000 shell_outer=0.00000 homogeneity=0.0000 body=0.00000 bowel=0.07725 femur=0.04748 penile=0.00000
2026-06-02 11:41:37 [INFO] Step 40/54 Loss=30.8783 mse=0.8705 v_opt=0.20233 v_mand=0.04616 ptv=0.0089 ptv_max=0.02684 global_ceil=0.05019 ring=0.00049 smooth=0.0451 laplacian=0.1635 anticollapse=0.00000 shell_inner=0.00000 shell_outer=0.00000 homogeneity=0.0000 body=0.00000 bowel=0.50013 femur=0.09605 penile=0.00000
2026-06-02 11:41:44 [INFO] Step 45/54 Loss=25.6987 mse=0.7435 v_opt=0.18157 v_mand=0.01653 ptv=0.0083 ptv_max=0.02026 global_ceil=0.03864 ring=0.00015 smooth=0.0368 laplacian=0.1333 anticollapse=0.00000 shell_inner=0.00000 shell_outer=0.00000 homogeneity=0.0000 body=0.00000 bowel=0.45502 femur=0.05916 penile=0.01498
2026-06-02 11:41:49 [INFO] Step 50/54 Loss=24.6886 mse=0.7257 v_opt=0.13696 v_mand=0.01409 ptv=0.0096 ptv_max=0.01260 global_ceil=0.05821 ring=0.00005 smooth=0.0383 laplacian=0.1340 anticollapse=0.00001 shell_inner=0.00000 shell_outer=0.00000 homogeneity=0.0000 body=0.00000 bowel=0.20545 femur=0.06146 penile=0.00688
2026-06-02 11:41:54 [INFO] Step 54/54 Loss=8.4044 mse=0.2773 v_opt=0.00000 v_mand=0.00000 ptv=0.0000 ptv_max=0.00000 global_ceil=0.02100 ring=0.00000 smooth=0.0263 laplacian=0.0817 anticollapse=0.00000 shell_inner=0.00000 shell_outer=0.00000 homogeneity=0.0000 body=0.00000 bowel=0.00000 femur=0.00000 penile=0.00000
2026-06-02 11:41:55 [INFO] Running validation at epoch 34...
2026-06-02 11:42:31 [INFO] Epoch 34 Summary: Train=21.2392 Val=0.0568 (MSE=0.0568)
          Coverage D95:  PTV60_D95=46.30Gy  PTV44_D95=38.20Gy
          SIB Means:    PTV60=55.06Gy PTV44=47.28Gy
          OAR Metrics:  Bladder=40.23Gy Rectum=38.72Gy Bowel=42.14Gy Femur=45.11Gy Ring=49.56Gy Penile=45.31Gy
          Physics:      Dmax=93.40Gy BG=53.78Gy
2026-06-02 11:42:31 [INFO] Epoch 35/300 [RAMP 35/75 (47% of physics)] ramp=0.467 lr=9.69e-05
2026-06-02 11:42:39 [INFO] Step 5/54 Loss=25.6702 mse=0.6715 v_opt=0.32621 v_mand=0.08690 ptv=0.0075 ptv_max=0.02011 global_ceil=0.04806 ring=0.00051 smooth=0.0493 laplacian=0.1776 anticollapse=0.00000 shell_inner=0.00000 shell_outer=0.00000 homogeneity=0.0000 body=0.00000 bowel=0.31641 femur=0.09214 penile=0.00014
2026-06-02 11:42:44 [INFO] Step 10/54 Loss=20.4530 mse=0.5248 v_opt=0.08912 v_mand=0.00353 ptv=0.0084 ptv_max=0.03027 global_ceil=0.04211 ring=0.00066 smooth=0.0315 laplacian=0.1128 anticollapse=0.00000 shell_inner=0.00000 shell_outer=0.00000 homogeneity=0.0000 body=0.00000 bowel=0.43723 femur=0.10533 penile=0.00000
2026-06-02 11:42:51 [INFO] Step 15/54 Loss=24.6645 mse=0.6826 v_opt=0.16002 v_mand=0.02077 ptv=0.0070 ptv_max=0.03013 global_ceil=0.03920 ring=0.00045 smooth=0.0520 laplacian=0.1929 anticollapse=0.00000 shell_inner=0.00000 shell_outer=0.00000 homogeneity=0.0000 body=0.00000 bowel=0.44767 femur=0.08644 penile=0.00181
2026-06-02 11:42:56 [INFO] Step 20/54 Loss=24.2782 mse=0.5979 v_opt=0.07402 v_mand=0.00132 ptv=0.0436 ptv_max=0.02378 global_ceil=0.03261 ring=0.00072 smooth=0.0426 laplacian=0.1446 anticollapse=0.00000 shell_inner=0.00000 shell_outer=0.00000 homogeneity=0.0000 body=0.00000 bowel=0.76668 femur=0.05311 penile=0.00000
2026-06-02 11:43:04 [INFO] Step 25/54 Loss=24.9163 mse=0.6417 v_opt=0.28590 v_mand=0.05378 ptv=0.0118 ptv_max=0.01468 global_ceil=0.05246 ring=0.00005 smooth=0.0437 laplacian=0.1517 anticollapse=0.00000 shell_inner=0.00000 shell_outer=0.00000 homogeneity=0.0000 body=0.00000 bowel=0.41252 femur=0.05546 penile=0.00000
2026-06-02 11:43:08 [INFO] Step 30/54 Loss=26.2448 mse=0.6817 v_opt=0.22678 v_mand=0.04160 ptv=0.0118 ptv_max=0.01743 global_ceil=0.04377 ring=0.00036 smooth=0.0438 laplacian=0.1608 anticollapse=0.00000 shell_inner=0.00000 shell_outer=0.00000 homogeneity=0.0000 body=0.00000 bowel=0.59258 femur=0.04882 penile=0.00000
2026-06-02 11:43:16 [INFO] Step 35/54 Loss=14.3153 mse=0.3614 v_opt=0.15098 v_mand=0.01533 ptv=0.0211 ptv_max=0.00633 global_ceil=0.00990 ring=0.00000 smooth=0.0330 laplacian=0.1115 anticollapse=0.00001 shell_inner=0.00000 shell_outer=0.00000 homogeneity=0.0000 body=0.00000 bowel=0.48222 femur=0.02581 penile=0.00000
2026-06-02 11:43:22 [INFO] Step 40/54 Loss=14.2624 mse=0.4131 v_opt=0.11625 v_mand=0.00651 ptv=0.0107 ptv_max=0.01845 global_ceil=0.00619 ring=0.00003 smooth=0.0337 laplacian=0.1158 anticollapse=0.00000 shell_inner=0.00000 shell_outer=0.00000 homogeneity=0.0000 body=0.00000 bowel=0.35265 femur=0.04851 penile=0.00017
2026-06-02 11:43:29 [INFO] Step 45/54 Loss=17.5743 mse=0.4143 v_opt=0.48685 v_mand=0.15137 ptv=0.0065 ptv_max=0.01935 global_ceil=0.01289 ring=0.00004 smooth=0.0359 laplacian=0.1252 anticollapse=0.00000 shell_inner=0.00000 shell_outer=0.00000 homogeneity=0.0000 body=0.00000 bowel=0.21929 femur=0.06859 penile=0.00000
2026-06-02 11:43:34 [INFO] Step 50/54 Loss=17.9062 mse=0.5170 v_opt=0.20493 v_mand=0.03382 ptv=0.0076 ptv_max=0.01787 global_ceil=0.02234 ring=0.00016 smooth=0.0365 laplacian=0.1317 anticollapse=0.00000 shell_inner=0.00000 shell_outer=0.00000 homogeneity=0.0000 body=0.00000 bowel=0.24607 femur=0.04962 penile=0.00013
2026-06-02 11:43:39 [INFO] Step 54/54 Loss=19.0260 mse=0.5447 v_opt=0.22092 v_mand=0.02559 ptv=0.0050 ptv_max=0.03380 global_ceil=0.03468 ring=0.00067 smooth=0.0405 laplacian=0.1463 anticollapse=0.00000 shell_inner=0.00000 shell_outer=0.00000 homogeneity=0.0000 body=0.00000 bowel=0.14285 femur=0.11030 penile=0.00000
2026-06-02 11:43:40 [INFO] Running validation at epoch 35...
2026-06-02 11:44:16 [INFO] Epoch 35 Summary: Train=20.9188 Val=0.0558 (MSE=0.0558)
          Coverage D95:  PTV60_D95=46.23Gy  PTV44_D95=38.47Gy
          SIB Means:    PTV60=55.62Gy PTV44=48.38Gy
          OAR Metrics:  Bladder=40.03Gy Rectum=36.66Gy Bowel=42.12Gy Femur=44.56Gy Ring=49.76Gy Penile=46.20Gy
          Physics:      Dmax=101.49Gy BG=53.41Gy
2026-06-02 11:44:16 [INFO] Epoch 36/300 [RAMP 36/75 (48% of physics)] ramp=0.480 lr=9.67e-05
2026-06-02 11:44:24 [INFO] Step 5/54 Loss=21.2813 mse=0.5797 v_opt=0.36587 v_mand=0.09114 ptv=0.0092 ptv_max=0.01429 global_ceil=0.01698 ring=0.00007 smooth=0.0388 laplacian=0.1380 anticollapse=0.00000 shell_inner=0.00000 shell_outer=0.00000 homogeneity=0.0000 body=0.00000 bowel=0.29853 femur=0.06969 penile=0.01329
2026-06-02 11:44:29 [INFO] Step 10/54 Loss=15.0137 mse=0.4560 v_opt=0.11327 v_mand=0.01143 ptv=0.0106 ptv_max=0.00762 global_ceil=0.00967 ring=0.00000 smooth=0.0373 laplacian=0.1279 anticollapse=0.00000 shell_inner=0.00000 shell_outer=0.00000 homogeneity=0.0000 body=0.00000 bowel=0.27491 femur=0.03084 penile=0.00000
2026-06-02 11:44:36 [INFO] Step 15/54 Loss=13.9679 mse=0.4439 v_opt=0.15915 v_mand=0.01685 ptv=0.0089 ptv_max=0.00950 global_ceil=0.00439 ring=0.00001 smooth=0.0325 laplacian=0.1114 anticollapse=0.00000 shell_inner=0.00000 shell_outer=0.00000 homogeneity=0.0000 body=0.00000 bowel=0.20110 femur=0.03282 penile=0.00024
2026-06-02 11:44:41 [INFO] Step 20/54 Loss=21.7686 mse=0.7565 v_opt=0.18223 v_mand=0.02366 ptv=0.0079 ptv_max=0.00056 global_ceil=0.02568 ring=0.00008 smooth=0.0421 laplacian=0.1565 anticollapse=0.00000 shell_inner=0.00000 shell_outer=0.00000 homogeneity=0.0000 body=0.00000 bowel=0.00000 femur=0.00000 penile=0.00000
2026-06-02 11:44:48 [INFO] Step 25/54 Loss=17.3908 mse=0.5096 v_opt=0.13798 v_mand=0.00704 ptv=0.0122 ptv_max=0.01540 global_ceil=0.02795 ring=0.00016 smooth=0.0307 laplacian=0.1055 anticollapse=0.00000 shell_inner=0.00000 shell_outer=0.00000 homogeneity=0.0000 body=0.00000 bowel=0.20777 femur=0.04890 penile=0.01263
2026-06-02 11:44:53 [INFO] Step 30/54 Loss=18.8487 mse=0.5264 v_opt=0.12844 v_mand=0.00933 ptv=0.0085 ptv_max=0.00126 global_ceil=0.07032 ring=0.00012 smooth=0.0370 laplacian=0.1387 anticollapse=0.00000 shell_inner=0.00000 shell_outer=0.00000 homogeneity=0.0000 body=0.00000 bowel=0.00000 femur=0.00000 penile=0.00000
2026-06-02 11:45:00 [INFO] Step 35/54 Loss=19.0906 mse=0.5200 v_opt=0.19332 v_mand=0.02327 ptv=0.0081 ptv_max=0.03273 global_ceil=0.03926 ring=0.00097 smooth=0.0384 laplacian=0.1331 anticollapse=0.00000 shell_inner=0.00000 shell_outer=0.00000 homogeneity=0.0000 body=0.00000 bowel=0.20138 femur=0.07068 penile=0.00000
2026-06-02 11:45:06 [INFO] Step 40/54 Loss=29.6896 mse=0.8228 v_opt=0.33687 v_mand=0.08637 ptv=0.0088 ptv_max=0.02492 global_ceil=0.04206 ring=0.00111 smooth=0.0498 laplacian=0.1849 anticollapse=0.00000 shell_inner=0.00000 shell_outer=0.00000 homogeneity=0.0000 body=0.00000 bowel=0.34652 femur=0.10925 penile=0.00269
2026-06-02 11:45:12 [INFO] Step 45/54 Loss=22.6748 mse=0.5997 v_opt=0.04476 v_mand=0.00041 ptv=0.0000 ptv_max=0.02074 global_ceil=0.05065 ring=0.00065 smooth=0.0334 laplacian=0.1197 anticollapse=0.00000 shell_inner=0.00000 shell_outer=0.00000 homogeneity=0.0000 body=0.00000 bowel=0.48583 femur=0.02332 penile=0.00000
2026-06-02 11:45:18 [INFO] Step 50/54 Loss=17.7894 mse=0.4331 v_opt=0.15312 v_mand=0.01652 ptv=0.0120 ptv_max=0.02251 global_ceil=0.02983 ring=0.00043 smooth=0.0374 laplacian=0.1323 anticollapse=0.00000 shell_inner=0.00000 shell_outer=0.00000 homogeneity=0.0000 body=0.00000 bowel=0.42655 femur=0.11244 penile=0.00000
2026-06-02 11:45:23 [INFO] Step 54/54 Loss=8.2802 mse=0.2616 v_opt=0.17183 v_mand=0.01749 ptv=0.0150 ptv_max=0.00733 global_ceil=0.00007 ring=0.00000 smooth=0.0231 laplacian=0.0804 anticollapse=0.00000 shell_inner=0.00000 shell_outer=0.00000 homogeneity=0.0000 body=0.00000 bowel=0.08171 femur=0.01828 penile=0.00000
2026-06-02 11:45:24 [INFO] Running validation at epoch 36...
2026-06-02 11:46:00 [INFO] Epoch 36 Summary: Train=19.7241 Val=0.0544 (MSE=0.0544)
          Coverage D95:  PTV60_D95=44.67Gy  PTV44_D95=38.32Gy
          SIB Means:    PTV60=53.95Gy PTV44=47.51Gy
          OAR Metrics:  Bladder=40.48Gy Rectum=36.30Gy Bowel=41.82Gy Femur=44.09Gy Ring=49.67Gy Penile=41.79Gy
          Physics:      Dmax=95.47Gy BG=52.82Gy
2026-06-02 11:46:00 [INFO] [DIAGNOSTIC] Saved fallback model MSE=0.0544
2026-06-02 11:46:00 [INFO] Epoch 37/300 [RAMP 37/75 (49% of physics)] ramp=0.493 lr=9.65e-05
2026-06-02 11:46:07 [INFO] Step 5/54 Loss=16.2086 mse=0.4602 v_opt=0.25768 v_mand=0.04045 ptv=0.0094 ptv_max=0.00875 global_ceil=0.01511 ring=0.00000 smooth=0.0308 laplacian=0.1049 anticollapse=0.00000 shell_inner=0.00000 shell_outer=0.00000 homogeneity=0.0000 body=0.00000 bowel=0.23880 femur=0.03409 penile=0.00000
2026-06-02 11:46:12 [INFO] Step 10/54 Loss=18.9798 mse=0.2915 v_opt=0.75289 v_mand=0.35429 ptv=0.0663 ptv_max=0.00332 global_ceil=0.00011 ring=0.00000 smooth=0.0251 laplacian=0.0847 anticollapse=0.00004 shell_inner=0.00000 shell_outer=0.00000 homogeneity=0.0000 body=0.00000 bowel=0.07177 femur=0.02000 penile=0.00000
2026-06-02 11:46:20 [INFO] Step 15/54 Loss=28.6374 mse=0.6942 v_opt=0.23870 v_mand=0.04809 ptv=0.0067 ptv_max=0.03142 global_ceil=0.04590 ring=0.00038 smooth=0.0528 laplacian=0.1957 anticollapse=0.00000 shell_inner=0.00000 shell_outer=0.00000 homogeneity=0.0000 body=0.00000 bowel=0.72329 femur=0.07802 penile=0.00000
2026-06-02 11:46:25 [INFO] Step 20/54 Loss=20.9808 mse=0.5549 v_opt=0.29672 v_mand=0.08019 ptv=0.0065 ptv_max=0.03326 global_ceil=0.02873 ring=0.00056 smooth=0.0413 laplacian=0.1483 anticollapse=0.00000 shell_inner=0.00000 shell_outer=0.00000 homogeneity=0.0000 body=0.00000 bowel=0.19959 femur=0.10311 penile=0.00000
2026-06-02 11:46:32 [INFO] Step 25/54 Loss=19.0545 mse=0.6173 v_opt=0.23027 v_mand=0.06364 ptv=0.0149 ptv_max=0.00012 global_ceil=0.01887 ring=0.00002 smooth=0.0367 laplacian=0.1335 anticollapse=0.00002 shell_inner=0.00000 shell_outer=0.00000 homogeneity=0.0000 body=0.00000 bowel=0.00000 femur=0.00000 penile=0.00399
2026-06-02 11:46:38 [INFO] Step 30/54 Loss=11.4548 mse=0.3067 v_opt=0.23175 v_mand=0.05296 ptv=0.0104 ptv_max=0.01164 global_ceil=0.00101 ring=0.00001 smooth=0.0252 laplacian=0.0877 anticollapse=0.00000 shell_inner=0.00000 shell_outer=0.00000 homogeneity=0.0000 body=0.00000 bowel=0.21920 femur=0.02093 penile=0.00000
2026-06-02 11:46:44 [INFO] Step 35/54 Loss=21.7509 mse=0.6508 v_opt=0.24623 v_mand=0.03876 ptv=0.0074 ptv_max=0.02565 global_ceil=0.04384 ring=0.00069 smooth=0.0476 laplacian=0.1763 anticollapse=0.00000 shell_inner=0.00000 shell_outer=0.00000 homogeneity=0.0000 body=0.00000 bowel=0.00000 femur=0.07847 penile=0.00000
2026-06-02 11:46:50 [INFO] Step 40/54 Loss=20.7711 mse=0.6122 v_opt=0.30153 v_mand=0.06752 ptv=0.0096 ptv_max=0.01899 global_ceil=0.02063 ring=0.00007 smooth=0.0412 laplacian=0.1472 anticollapse=0.00000 shell_inner=0.00000 shell_outer=0.00000 homogeneity=0.0000 body=0.00000 bowel=0.13450 femur=0.08095 penile=0.00060
2026-06-02 11:46:56 [INFO] Step 45/54 Loss=18.7899 mse=0.5995 v_opt=0.13920 v_mand=0.01057 ptv=0.0084 ptv_max=0.01826 global_ceil=0.01955 ring=0.00003 smooth=0.0371 laplacian=0.1314 anticollapse=0.00000 shell_inner=0.00000 shell_outer=0.00000 homogeneity=0.0000 body=0.00000 bowel=0.15700 femur=0.05347 penile=0.00000
2026-06-02 11:47:02 [INFO] Step 50/54 Loss=17.4355 mse=0.4650 v_opt=0.28715 v_mand=0.05867 ptv=0.0075 ptv_max=0.02582 global_ceil=0.02133 ring=0.00017 smooth=0.0414 laplacian=0.1498 anticollapse=0.00000 shell_inner=0.00000 shell_outer=0.00000 homogeneity=0.0000 body=0.00000 bowel=0.19183 femur=0.09061 penile=0.00000
2026-06-02 11:47:06 [INFO] Step 54/54 Loss=16.2692 mse=0.4750 v_opt=0.25487 v_mand=0.05673 ptv=0.0080 ptv_max=0.01634 global_ceil=0.01443 ring=0.00004 smooth=0.0348 laplacian=0.1223 anticollapse=0.00000 shell_inner=0.00000 shell_outer=0.00000 homogeneity=0.0000 body=0.00000 bowel=0.12283 femur=0.05627 penile=0.00000
2026-06-02 11:47:06 [INFO] Running validation at epoch 37...
2026-06-02 11:47:43 [INFO] Epoch 37 Summary: Train=19.0798 Val=0.0544 (MSE=0.0544)
          Coverage D95:  PTV60_D95=45.66Gy  PTV44_D95=38.84Gy
          SIB Means:    PTV60=54.77Gy PTV44=47.70Gy
          OAR Metrics:  Bladder=40.18Gy Rectum=35.95Gy Bowel=42.32Gy Femur=44.42Gy Ring=49.28Gy Penile=41.73Gy
          Physics:      Dmax=94.48Gy BG=52.70Gy
2026-06-02 11:47:43 [INFO] [DIAGNOSTIC] Saved fallback model MSE=0.0544
2026-06-02 11:47:43 [INFO] Epoch 38/300 [RAMP 38/75 (51% of physics)] ramp=0.507 lr=9.63e-05
2026-06-02 11:47:50 [INFO] Step 5/54 Loss=26.8262 mse=0.7261 v_opt=0.29379 v_mand=0.05923 ptv=0.0089 ptv_max=0.01993 global_ceil=0.03403 ring=0.00027 smooth=0.0483 laplacian=0.1799 anticollapse=0.00000 shell_inner=0.00000 shell_outer=0.00000 homogeneity=0.0000 body=0.00000 bowel=0.42241 femur=0.08595 penile=0.00613
2026-06-02 11:47:56 [INFO] Step 10/54 Loss=13.8551 mse=0.3961 v_opt=0.27698 v_mand=0.04565 ptv=0.0084 ptv_max=0.01092 global_ceil=0.00273 ring=0.00000 smooth=0.0283 laplacian=0.0995 anticollapse=0.00000 shell_inner=0.00000 shell_outer=0.00000 homogeneity=0.0000 body=0.00000 bowel=0.21891 femur=0.04534 penile=0.00000
2026-06-02 11:48:03 [INFO] Step 15/54 Loss=27.4639 mse=0.6260 v_opt=0.29317 v_mand=0.05077 ptv=0.0085 ptv_max=0.01830 global_ceil=0.04670 ring=0.00019 smooth=0.0460 laplacian=0.1676 anticollapse=0.00000 shell_inner=0.00000 shell_outer=0.00000 homogeneity=0.0000 body=0.00000 bowel=0.77991 femur=0.03210 penile=0.00440
2026-06-02 11:48:08 [INFO] Step 20/54 Loss=12.5761 mse=0.4263 v_opt=0.12479 v_mand=0.01186 ptv=0.0074 ptv_max=0.01018 global_ceil=0.00347 ring=0.00001 smooth=0.0289 laplacian=0.0998 anticollapse=0.00000 shell_inner=0.00000 shell_outer=0.00000 homogeneity=0.0000 body=0.00000 bowel=0.09022 femur=0.03188 penile=0.00000
2026-06-02 11:48:15 [INFO] Step 25/54 Loss=11.1946 mse=0.3781 v_opt=0.02060 v_mand=0.00004 ptv=0.0191 ptv_max=0.00474 global_ceil=0.00560 ring=0.00000 smooth=0.0218 laplacian=0.0696 anticollapse=0.00001 shell_inner=0.00000 shell_outer=0.00000 homogeneity=0.0000 body=0.00000 bowel=0.08403 femur=0.02089 penile=0.00000
2026-06-02 11:48:20 [INFO] Step 30/54 Loss=20.1748 mse=0.5702 v_opt=0.16133 v_mand=0.02538 ptv=0.0083 ptv_max=0.02368 global_ceil=0.03822 ring=0.00055 smooth=0.0314 laplacian=0.1126 anticollapse=0.00000 shell_inner=0.00000 shell_outer=0.00000 homogeneity=0.0000 body=0.00000 bowel=0.13425 femur=0.11183 penile=0.00000
2026-06-02 11:48:27 [INFO] Step 35/54 Loss=26.8612 mse=0.6727 v_opt=0.17524 v_mand=0.02053 ptv=0.0126 ptv_max=0.02172 global_ceil=0.06875 ring=0.00078 smooth=0.0575 laplacian=0.2122 anticollapse=0.00000 shell_inner=0.00000 shell_outer=0.00000 homogeneity=0.0000 body=0.00000 bowel=0.41781 femur=0.03828 penile=0.00044
2026-06-02 11:48:33 [INFO] Step 40/54 Loss=12.2528 mse=0.3353 v_opt=0.25424 v_mand=0.05990 ptv=0.0092 ptv_max=0.01152 global_ceil=0.00200 ring=0.00001 smooth=0.0244 laplacian=0.0810 anticollapse=0.00000 shell_inner=0.00000 shell_outer=0.00000 homogeneity=0.0000 body=0.00000 bowel=0.16391 femur=0.03840 penile=0.01357
2026-06-02 11:48:39 [INFO] Step 45/54 Loss=27.5514 mse=0.8098 v_opt=0.01243 v_mand=0.00031 ptv=0.0071 ptv_max=0.03322 global_ceil=0.03925 ring=0.00084 smooth=0.0444 laplacian=0.1678 anticollapse=0.00000 shell_inner=0.00000 shell_outer=0.00000 homogeneity=0.0000 body=0.00000 bowel=0.40149 femur=0.09178 penile=0.00259
2026-06-02 11:48:45 [INFO] Step 50/54 Loss=12.0796 mse=0.3347 v_opt=0.28691 v_mand=0.05545 ptv=0.0107 ptv_max=0.00931 global_ceil=0.00215 ring=0.00000 smooth=0.0359 laplacian=0.1276 anticollapse=0.00000 shell_inner=0.00000 shell_outer=0.00000 homogeneity=0.0000 body=0.00000 bowel=0.15970 femur=0.03565 penile=0.00001
2026-06-02 11:48:50 [INFO] Step 54/54 Loss=24.8143 mse=0.7327 v_opt=0.11690 v_mand=0.01368 ptv=0.0072 ptv_max=0.03475 global_ceil=0.04946 ring=0.00103 smooth=0.0548 laplacian=0.2068 anticollapse=0.00000 shell_inner=0.00000 shell_outer=0.00000 homogeneity=0.0000 body=0.00000 bowel=0.11708 femur=0.11042 penile=0.00000
2026-06-02 11:48:50 [INFO] Running validation at epoch 38...
2026-06-02 11:49:26 [INFO] Epoch 38 Summary: Train=19.7433 Val=0.0565 (MSE=0.0565)
          Coverage D95:  PTV60_D95=46.08Gy  PTV44_D95=37.98Gy
          SIB Means:    PTV60=55.97Gy PTV44=48.10Gy
          OAR Metrics:  Bladder=39.08Gy Rectum=34.99Gy Bowel=42.21Gy Femur=45.33Gy Ring=48.93Gy Penile=42.47Gy
          Physics:      Dmax=92.73Gy BG=53.56Gy
2026-06-02 11:49:26 [INFO] Epoch 39/300 [RAMP 39/75 (52% of physics)] ramp=0.520 lr=9.61e-05
2026-06-02 11:49:34 [INFO] Step 5/54 Loss=7.2528 mse=0.2471 v_opt=0.00000 v_mand=0.00000 ptv=0.0000 ptv_max=0.00000 global_ceil=0.00602 ring=0.00000 smooth=0.0227 laplacian=0.0711 anticollapse=0.00000 shell_inner=0.00000 shell_outer=0.00000 homogeneity=0.0000 body=0.00000 bowel=0.07222 femur=0.00000 penile=0.00000
2026-06-02 11:49:39 [INFO] Step 10/54 Loss=17.2117 mse=0.5130 v_opt=0.17798 v_mand=0.03611 ptv=0.0116 ptv_max=0.01705 global_ceil=0.01809 ring=0.00006 smooth=0.0394 laplacian=0.1415 anticollapse=0.00000 shell_inner=0.00000 shell_outer=0.00000 homogeneity=0.0000 body=0.00000 bowel=0.11692 femur=0.06129 penile=0.00000
2026-06-02 11:49:46 [INFO] Step 15/54 Loss=30.7551 mse=0.8086 v_opt=0.06124 v_mand=0.00079 ptv=0.0069 ptv_max=0.03617 global_ceil=0.07541 ring=0.00064 smooth=0.0584 laplacian=0.2189 anticollapse=0.00000 shell_inner=0.00000 shell_outer=0.00000 homogeneity=0.0000 body=0.00000 bowel=0.40298 femur=0.10788 penile=0.00102
2026-06-02 11:49:51 [INFO] Step 20/54 Loss=13.4906 mse=0.4086 v_opt=0.20724 v_mand=0.03937 ptv=0.0093 ptv_max=0.01282 global_ceil=0.00428 ring=0.00001 smooth=0.0402 laplacian=0.1407 anticollapse=0.00000 shell_inner=0.00000 shell_outer=0.00000 homogeneity=0.0000 body=0.00000 bowel=0.12943 femur=0.03684 penile=0.00000
2026-06-02 11:49:58 [INFO] Step 25/54 Loss=22.9696 mse=0.6685 v_opt=0.23187 v_mand=0.03150 ptv=0.0074 ptv_max=0.02259 global_ceil=0.02352 ring=0.00013 smooth=0.0465 laplacian=0.1684 anticollapse=0.00000 shell_inner=0.00000 shell_outer=0.00000 homogeneity=0.0000 body=0.00000 bowel=0.30739 femur=0.06522 penile=0.00000
2026-06-02 11:50:04 [INFO] Step 30/54 Loss=11.0867 mse=0.3221 v_opt=0.15704 v_mand=0.05134 ptv=0.0008 ptv_max=0.00796 global_ceil=0.00268 ring=0.00000 smooth=0.0252 laplacian=0.0837 anticollapse=0.00000 shell_inner=0.00000 shell_outer=0.00000 homogeneity=0.0000 body=0.00000 bowel=0.13940 femur=0.00860 penile=0.00000
2026-06-02 11:50:11 [INFO] Step 35/54 Loss=31.1628 mse=0.7524 v_opt=0.03291 v_mand=0.00041 ptv=0.0112 ptv_max=0.02302 global_ceil=0.12312 ring=0.00032 smooth=0.0761 laplacian=0.2804 anticollapse=0.00000 shell_inner=0.00000 shell_outer=0.00000 homogeneity=0.0000 body=0.00000 bowel=0.19305 femur=0.07846 penile=0.00000
2026-06-02 11:50:16 [INFO] Step 40/54 Loss=17.4347 mse=0.5023 v_opt=0.20618 v_mand=0.04167 ptv=0.0102 ptv_max=0.01050 global_ceil=0.01945 ring=0.00001 smooth=0.0359 laplacian=0.1285 anticollapse=0.00000 shell_inner=0.00000 shell_outer=0.00000 homogeneity=0.0000 body=0.00000 bowel=0.16221 femur=0.06123 penile=0.00000
2026-06-02 11:50:23 [INFO] Step 45/54 Loss=8.5041 mse=0.2904 v_opt=0.10894 v_mand=0.01129 ptv=0.0167 ptv_max=0.00468 global_ceil=0.00192 ring=0.00000 smooth=0.0199 laplacian=0.0609 anticollapse=0.00000 shell_inner=0.00000 shell_outer=0.00000 homogeneity=0.0000 body=0.00000 bowel=0.00690 femur=0.02370 penile=0.00218
2026-06-02 11:50:28 [INFO] Step 50/54 Loss=17.2156 mse=0.5744 v_opt=0.00791 v_mand=0.00000 ptv=0.0141 ptv_max=0.01397 global_ceil=0.02112 ring=0.00004 smooth=0.0303 laplacian=0.1027 anticollapse=0.00000 shell_inner=0.00000 shell_outer=0.00000 homogeneity=0.0000 body=0.00000 bowel=0.05181 femur=0.03573 penile=0.00000
2026-06-02 11:50:33 [INFO] Step 54/54 Loss=23.6007 mse=0.6051 v_opt=0.15662 v_mand=0.02274 ptv=0.0073 ptv_max=0.02773 global_ceil=0.04603 ring=0.00098 smooth=0.0387 laplacian=0.1428 anticollapse=0.00000 shell_inner=0.00000 shell_outer=0.00000 homogeneity=0.0000 body=0.00000 bowel=0.38292 femur=0.08488 penile=0.00000
2026-06-02 11:50:34 [INFO] Running validation at epoch 39...
2026-06-02 11:51:09 [INFO] Epoch 39 Summary: Train=19.6675 Val=0.0545 (MSE=0.0545)
          Coverage D95:  PTV60_D95=46.44Gy  PTV44_D95=37.74Gy
          SIB Means:    PTV60=56.46Gy PTV44=48.00Gy
          OAR Metrics:  Bladder=39.14Gy Rectum=34.31Gy Bowel=41.56Gy Femur=44.57Gy Ring=49.04Gy Penile=44.49Gy
          Physics:      Dmax=95.93Gy BG=52.79Gy
2026-06-02 11:51:09 [INFO] Epoch 40/300 [RAMP 40/75 (53% of physics)] ramp=0.533 lr=9.59e-05
2026-06-02 11:51:17 [INFO] Step 5/54 Loss=22.4519 mse=0.6277 v_opt=0.06274 v_mand=0.00126 ptv=0.0123 ptv_max=0.02177 global_ceil=0.04793 ring=0.00034 smooth=0.0408 laplacian=0.1413 anticollapse=0.00000 shell_inner=0.00000 shell_outer=0.00000 homogeneity=0.0000 body=0.00000 bowel=0.18988 femur=0.08279 penile=0.02406
2026-06-02 11:51:22 [INFO] Step 10/54 Loss=19.9152 mse=0.6666 v_opt=0.13326 v_mand=0.00734 ptv=0.0090 ptv_max=0.01694 global_ceil=0.02555 ring=0.00012 smooth=0.0391 laplacian=0.1384 anticollapse=0.00000 shell_inner=0.00000 shell_outer=0.00000 homogeneity=0.0000 body=0.00000 bowel=0.00000 femur=0.05492 penile=0.00071
2026-06-02 11:51:29 [INFO] Step 15/54 Loss=14.4494 mse=0.4594 v_opt=0.09277 v_mand=0.00202 ptv=0.0131 ptv_max=0.00763 global_ceil=0.00881 ring=0.00001 smooth=0.0363 laplacian=0.1192 anticollapse=0.00000 shell_inner=0.00000 shell_outer=0.00000 homogeneity=0.0000 body=0.00000 bowel=0.16719 femur=0.03599 penile=0.01279
2026-06-02 11:51:35 [INFO] Step 20/54 Loss=16.0558 mse=0.4180 v_opt=0.30857 v_mand=0.07274 ptv=0.0092 ptv_max=0.00977 global_ceil=0.00494 ring=0.00001 smooth=0.0350 laplacian=0.1244 anticollapse=0.00000 shell_inner=0.00000 shell_outer=0.00000 homogeneity=0.0000 body=0.00000 bowel=0.28521 femur=0.03923 penile=0.00000
2026-06-02 11:51:41 [INFO] Step 25/54 Loss=15.1365 mse=0.4064 v_opt=0.33694 v_mand=0.06918 ptv=0.0066 ptv_max=0.01759 global_ceil=0.00942 ring=0.00003 smooth=0.0298 laplacian=0.1013 anticollapse=0.00000 shell_inner=0.00000 shell_outer=0.00000 homogeneity=0.0000 body=0.00000 bowel=0.15827 femur=0.04693 penile=0.00000
2026-06-02 11:51:47 [INFO] Step 30/54 Loss=23.9824 mse=0.6725 v_opt=0.10100 v_mand=0.00708 ptv=0.0113 ptv_max=0.02795 global_ceil=0.03880 ring=0.00064 smooth=0.0402 laplacian=0.1441 anticollapse=0.00000 shell_inner=0.00000 shell_outer=0.00000 homogeneity=0.0000 body=0.00000 bowel=0.30171 femur=0.10147 penile=0.00000
2026-06-02 11:51:53 [INFO] Step 35/54 Loss=21.4011 mse=0.6687 v_opt=0.23431 v_mand=0.06629 ptv=0.0126 ptv_max=0.00247 global_ceil=0.02752 ring=0.00015 smooth=0.0556 laplacian=0.1989 anticollapse=0.00000 shell_inner=0.00000 shell_outer=0.00000 homogeneity=0.0000 body=0.00000 bowel=0.00000 femur=0.00000 penile=0.00000
2026-06-02 11:51:58 [INFO] Step 40/54 Loss=24.7965 mse=0.5438 v_opt=0.20603 v_mand=0.05309 ptv=0.0043 ptv_max=0.04245 global_ceil=0.04390 ring=0.00187 smooth=0.0387 laplacian=0.1433 anticollapse=0.00000 shell_inner=0.00000 shell_outer=0.00000 homogeneity=0.0000 body=0.00000 bowel=0.60582 femur=0.05880 penile=0.00000
2026-06-02 11:52:05 [INFO] Step 45/54 Loss=21.9719 mse=0.5750 v_opt=0.23626 v_mand=0.03365 ptv=0.0087 ptv_max=0.02294 global_ceil=0.03248 ring=0.00068 smooth=0.0470 laplacian=0.1710 anticollapse=0.00000 shell_inner=0.00000 shell_outer=0.00000 homogeneity=0.0000 body=0.00000 bowel=0.34196 femur=0.07972 penile=0.00000
2026-06-02 11:52:11 [INFO] Step 50/54 Loss=22.7918 mse=0.6048 v_opt=0.27554 v_mand=0.04853 ptv=0.0123 ptv_max=0.01969 global_ceil=0.04104 ring=0.00074 smooth=0.0434 laplacian=0.1560 anticollapse=0.00000 shell_inner=0.00000 shell_outer=0.00000 homogeneity=0.0000 body=0.00000 bowel=0.20664 femur=0.08126 penile=0.00000
2026-06-02 11:52:15 [INFO] Step 54/54 Loss=174.5628 mse=0.9121 v_opt=0.00000 v_mand=0.00000 ptv=0.0021 ptv_max=0.03000 global_ceil=1.84887 ring=0.00501 smooth=0.1145 laplacian=0.4323 anticollapse=0.00002 shell_inner=0.00000 shell_outer=0.00000 homogeneity=0.0000 body=0.00000 bowel=0.37385 femur=0.00000 penile=0.00000
2026-06-02 11:52:16 [INFO] Running validation at epoch 40...
2026-06-02 11:52:52 [INFO] Epoch 40 Summary: Train=21.9635 Val=0.0522 (MSE=0.0522)
          Coverage D95:  PTV60_D95=45.16Gy  PTV44_D95=38.13Gy
          SIB Means:    PTV60=54.08Gy PTV44=47.10Gy
          OAR Metrics:  Bladder=39.36Gy Rectum=36.59Gy Bowel=41.37Gy Femur=43.67Gy Ring=49.71Gy Penile=44.02Gy
          Physics:      Dmax=112.22Gy BG=51.81Gy
2026-06-02 11:52:52 [INFO] [DIAGNOSTIC] Saved fallback model MSE=0.0522
2026-06-02 11:52:52 [INFO] Epoch 41/300 [RAMP 41/75 (55% of physics)] ramp=0.547 lr=9.57e-05
2026-06-02 11:52:59 [INFO] Step 5/54 Loss=22.8852 mse=0.7734 v_opt=0.24304 v_mand=0.03383 ptv=0.0077 ptv_max=0.00057 global_ceil=0.02156 ring=0.00016 smooth=0.0536 laplacian=0.2025 anticollapse=0.00000 shell_inner=0.00000 shell_outer=0.00000 homogeneity=0.0000 body=0.00000 bowel=0.00000 femur=0.00000 penile=0.04827
2026-06-02 11:53:04 [INFO] Step 10/54 Loss=21.6090 mse=0.5763 v_opt=0.11611 v_mand=0.00777 ptv=0.0086 ptv_max=0.01951 global_ceil=0.03382 ring=0.00047 smooth=0.0444 laplacian=0.1603 anticollapse=0.00000 shell_inner=0.00000 shell_outer=0.00000 homogeneity=0.0000 body=0.00000 bowel=0.38785 femur=0.04845 penile=0.00110
2026-06-02 11:53:11 [INFO] Step 15/54 Loss=14.3067 mse=0.4508 v_opt=0.07483 v_mand=0.00315 ptv=0.0113 ptv_max=0.01362 global_ceil=0.00734 ring=0.00002 smooth=0.0332 laplacian=0.1193 anticollapse=0.00000 shell_inner=0.00000 shell_outer=0.00000 homogeneity=0.0000 body=0.00000 bowel=0.17389 femur=0.04828 penile=0.00000
2026-06-02 11:53:17 [INFO] Step 20/54 Loss=31.2621 mse=0.6334 v_opt=0.08644 v_mand=0.00341 ptv=0.0111 ptv_max=0.01912 global_ceil=0.09371 ring=0.00044 smooth=0.0381 laplacian=0.1422 anticollapse=0.00000 shell_inner=0.00000 shell_outer=0.00000 homogeneity=0.0000 body=0.00000 bowel=0.80334 femur=0.02566 penile=0.02692
2026-06-02 11:53:24 [INFO] Step 25/54 Loss=25.3153 mse=0.6608 v_opt=0.11559 v_mand=0.01527 ptv=0.0114 ptv_max=0.01680 global_ceil=0.05016 ring=0.00023 smooth=0.0570 laplacian=0.2098 anticollapse=0.00000 shell_inner=0.00000 shell_outer=0.00000 homogeneity=0.0000 body=0.00000 bowel=0.35717 femur=0.09396 penile=0.00134
2026-06-02 11:53:29 [INFO] Step 30/54 Loss=10.6201 mse=0.3794 v_opt=0.14961 v_mand=0.01451 ptv=0.0100 ptv_max=0.00003 global_ceil=0.00316 ring=0.00000 smooth=0.0231 laplacian=0.0775 anticollapse=0.00000 shell_inner=0.00000 shell_outer=0.00000 homogeneity=0.0000 body=0.00000 bowel=0.00000 femur=0.00000 penile=0.00374
2026-06-02 11:53:37 [INFO] Step 35/54 Loss=14.6102 mse=0.4280 v_opt=0.26314 v_mand=0.04291 ptv=0.0093 ptv_max=0.00949 global_ceil=0.01591 ring=0.00000 smooth=0.0380 laplacian=0.1305 anticollapse=0.00000 shell_inner=0.00000 shell_outer=0.00000 homogeneity=0.0000 body=0.00000 bowel=0.06154 femur=0.03124 penile=0.00077
2026-06-02 11:53:42 [INFO] Step 40/54 Loss=24.2955 mse=0.6645 v_opt=0.20496 v_mand=0.02447 ptv=0.0120 ptv_max=0.03344 global_ceil=0.03412 ring=0.00050 smooth=0.0396 laplacian=0.1394 anticollapse=0.00000 shell_inner=0.00000 shell_outer=0.00000 homogeneity=0.0000 body=0.00000 bowel=0.33619 femur=0.05439 penile=0.00000
2026-06-02 11:53:49 [INFO] Step 45/54 Loss=23.7385 mse=0.6166 v_opt=0.08995 v_mand=0.00282 ptv=0.0105 ptv_max=0.02101 global_ceil=0.02711 ring=0.00027 smooth=0.0401 laplacian=0.1501 anticollapse=0.00000 shell_inner=0.00000 shell_outer=0.00000 homogeneity=0.0000 body=0.00000 bowel=0.61112 femur=0.03960 penile=0.00000
2026-06-02 11:53:54 [INFO] Step 50/54 Loss=81.0882 mse=0.7359 v_opt=0.15774 v_mand=0.01943 ptv=0.0123 ptv_max=0.03753 global_ceil=0.71281 ring=0.00058 smooth=0.0832 laplacian=0.3136 anticollapse=0.00000 shell_inner=0.00000 shell_outer=0.00000 homogeneity=0.0000 body=0.00000 bowel=0.23750 femur=0.08556 penile=0.00000
2026-06-02 11:53:59 [INFO] Step 54/54 Loss=26.1497 mse=0.6600 v_opt=0.13330 v_mand=0.01299 ptv=0.0065 ptv_max=0.03708 global_ceil=0.06310 ring=0.00103 smooth=0.0649 laplacian=0.2456 anticollapse=0.00000 shell_inner=0.00000 shell_outer=0.00000 homogeneity=0.0000 body=0.00000 bowel=0.34557 femur=0.03778 penile=0.00000
2026-06-02 11:53:59 [INFO] Running validation at epoch 41...
2026-06-02 11:54:35 [INFO] Epoch 41 Summary: Train=22.6232 Val=0.0551 (MSE=0.0551)
          Coverage D95:  PTV60_D95=45.08Gy  PTV44_D95=38.25Gy
          SIB Means:    PTV60=57.59Gy PTV44=49.62Gy
          OAR Metrics:  Bladder=40.42Gy Rectum=34.65Gy Bowel=42.63Gy Femur=45.05Gy Ring=50.17Gy Penile=37.76Gy
          Physics:      Dmax=97.60Gy BG=53.06Gy
2026-06-02 11:54:35 [INFO] Epoch 42/300 [RAMP 42/75 (56% of physics)] ramp=0.560 lr=9.55e-05
2026-06-02 11:54:43 [INFO] Step 5/54 Loss=18.4293 mse=0.6432 v_opt=0.10190 v_mand=0.00626 ptv=0.0104 ptv_max=0.00011 global_ceil=0.02020 ring=0.00006 smooth=0.0419 laplacian=0.1575 anticollapse=0.00000 shell_inner=0.00000 shell_outer=0.00000 homogeneity=0.0000 body=0.00000 bowel=0.00000 femur=0.00000 penile=0.00000
2026-06-02 11:54:48 [INFO] Step 10/54 Loss=13.3900 mse=0.4265 v_opt=0.11892 v_mand=0.00759 ptv=0.0113 ptv_max=0.01319 global_ceil=0.01003 ring=0.00001 smooth=0.0303 laplacian=0.1056 anticollapse=0.00000 shell_inner=0.00000 shell_outer=0.00000 homogeneity=0.0000 body=0.00000 bowel=0.08542 femur=0.04450 penile=0.00000
2026-06-02 11:54:56 [INFO] Step 15/54 Loss=18.7722 mse=0.4805 v_opt=0.19270 v_mand=0.04731 ptv=0.0132 ptv_max=0.01165 global_ceil=0.02189 ring=0.00001 smooth=0.0346 laplacian=0.1181 anticollapse=0.00000 shell_inner=0.00000 shell_outer=0.00000 homogeneity=0.0000 body=0.00000 bowel=0.28730 femur=0.04314 penile=0.02178
2026-06-02 11:55:01 [INFO] Step 20/54 Loss=11.2400 mse=0.3093 v_opt=0.21549 v_mand=0.03312 ptv=0.0115 ptv_max=0.00904 global_ceil=0.00112 ring=0.00000 smooth=0.0289 laplacian=0.0997 anticollapse=0.00000 shell_inner=0.00000 shell_outer=0.00000 homogeneity=0.0000 body=0.00000 bowel=0.18438 femur=0.03422 penile=0.00000
2026-06-02 11:55:08 [INFO] Step 25/54 Loss=22.4139 mse=0.6795 v_opt=0.17968 v_mand=0.01643 ptv=0.0102 ptv_max=0.01233 global_ceil=0.03088 ring=0.00043 smooth=0.0415 laplacian=0.1537 anticollapse=0.00000 shell_inner=0.00000 shell_outer=0.00000 homogeneity=0.0000 body=0.00000 bowel=0.15322 femur=0.05585 penile=0.00071
2026-06-02 11:55:13 [INFO] Step 30/54 Loss=10.3515 mse=0.3416 v_opt=0.12332 v_mand=0.00949 ptv=0.0114 ptv_max=0.00683 global_ceil=0.00014 ring=0.00000 smooth=0.0234 laplacian=0.0839 anticollapse=0.00000 shell_inner=0.00000 shell_outer=0.00000 homogeneity=0.0000 body=0.00000 bowel=0.09517 femur=0.02506 penile=0.00000
2026-06-02 11:55:21 [INFO] Step 35/54 Loss=15.2420 mse=0.4071 v_opt=0.31095 v_mand=0.06184 ptv=0.0103 ptv_max=0.01209 global_ceil=0.00903 ring=0.00002 smooth=0.0425 laplacian=0.1532 anticollapse=0.00000 shell_inner=0.00000 shell_outer=0.00000 homogeneity=0.0000 body=0.00000 bowel=0.17097 femur=0.04100 penile=0.00000
2026-06-02 11:55:26 [INFO] Step 40/54 Loss=16.9206 mse=0.5252 v_opt=0.21574 v_mand=0.02430 ptv=0.0064 ptv_max=0.01538 global_ceil=0.00851 ring=0.00002 smooth=0.0364 laplacian=0.1281 anticollapse=0.00000 shell_inner=0.00000 shell_outer=0.00000 homogeneity=0.0000 body=0.00000 bowel=0.15605 femur=0.04798 penile=0.01304
2026-06-02 11:55:33 [INFO] Step 45/54 Loss=16.0657 mse=0.4330 v_opt=0.25707 v_mand=0.04251 ptv=0.0070 ptv_max=0.02082 global_ceil=0.01262 ring=0.00010 smooth=0.0363 laplacian=0.1262 anticollapse=0.00000 shell_inner=0.00000 shell_outer=0.00000 homogeneity=0.0000 body=0.00000 bowel=0.19111 femur=0.06356 penile=0.02387
2026-06-02 11:55:38 [INFO] Step 50/54 Loss=17.4216 mse=0.4658 v_opt=0.20689 v_mand=0.02921 ptv=0.0077 ptv_max=0.01692 global_ceil=0.01946 ring=0.00006 smooth=0.0461 laplacian=0.1686 anticollapse=0.00000 shell_inner=0.00000 shell_outer=0.00000 homogeneity=0.0000 body=0.00000 bowel=0.26710 femur=0.04714 penile=0.00000
2026-06-02 11:55:43 [INFO] Step 54/54 Loss=20.9171 mse=0.6532 v_opt=0.10123 v_mand=0.00285 ptv=0.0063 ptv_max=0.01958 global_ceil=0.02553 ring=0.00008 smooth=0.0400 laplacian=0.1483 anticollapse=0.00000 shell_inner=0.00000 shell_outer=0.00000 homogeneity=0.0000 body=0.00000 bowel=0.14061 femur=0.05710 penile=0.02964
2026-06-02 11:55:43 [INFO] Running validation at epoch 42...
2026-06-02 11:56:19 [INFO] Epoch 42 Summary: Train=19.3709 Val=0.0549 (MSE=0.0549)
          Coverage D95:  PTV60_D95=46.88Gy  PTV44_D95=38.83Gy
          SIB Means:    PTV60=56.13Gy PTV44=48.46Gy
          OAR Metrics:  Bladder=38.92Gy Rectum=36.28Gy Bowel=42.09Gy Femur=44.73Gy Ring=49.88Gy Penile=45.15Gy
          Physics:      Dmax=94.02Gy BG=52.92Gy
2026-06-02 11:56:19 [INFO] Epoch 43/300 [RAMP 43/75 (57% of physics)] ramp=0.573 lr=9.53e-05
2026-06-02 11:56:27 [INFO] Step 5/54 Loss=24.8923 mse=0.6680 v_opt=0.26377 v_mand=0.04307 ptv=0.0081 ptv_max=0.02298 global_ceil=0.02516 ring=0.00016 smooth=0.0449 laplacian=0.1605 anticollapse=0.00000 shell_inner=0.00000 shell_outer=0.00000 homogeneity=0.0000 body=0.00000 bowel=0.39685 femur=0.06044 penile=0.00372
2026-06-02 11:56:32 [INFO] Step 10/54 Loss=12.3518 mse=0.3428 v_opt=0.25371 v_mand=0.04097 ptv=0.0114 ptv_max=0.01158 global_ceil=0.00181 ring=0.00001 smooth=0.0332 laplacian=0.1164 anticollapse=0.00000 shell_inner=0.00000 shell_outer=0.00000 homogeneity=0.0000 body=0.00000 bowel=0.16984 femur=0.02255 penile=0.00000
2026-06-02 11:56:39 [INFO] Step 15/54 Loss=27.0883 mse=0.7296 v_opt=0.10469 v_mand=0.00975 ptv=0.0073 ptv_max=0.02982 global_ceil=0.04083 ring=0.00066 smooth=0.0620 laplacian=0.2344 anticollapse=0.00000 shell_inner=0.00000 shell_outer=0.00000 homogeneity=0.0000 body=0.00000 bowel=0.40959 femur=0.09630 penile=0.00000
2026-06-02 11:56:44 [INFO] Step 20/54 Loss=31.3824 mse=0.7482 v_opt=0.10454 v_mand=0.01130 ptv=0.0091 ptv_max=0.03709 global_ceil=0.08765 ring=0.00146 smooth=0.0606 laplacian=0.2283 anticollapse=0.00000 shell_inner=0.00000 shell_outer=0.00000 homogeneity=0.0000 body=0.00000 bowel=0.38863 femur=0.05442 penile=0.00000
2026-06-02 11:56:52 [INFO] Step 25/54 Loss=16.5057 mse=0.5359 v_opt=0.12545 v_mand=0.00679 ptv=0.0133 ptv_max=0.01260 global_ceil=0.01284 ring=0.00001 smooth=0.0395 laplacian=0.1359 anticollapse=0.00000 shell_inner=0.00000 shell_outer=0.00000 homogeneity=0.0000 body=0.00000 bowel=0.08692 femur=0.04714 penile=0.00000
2026-06-02 11:56:57 [INFO] Step 30/54 Loss=14.1587 mse=0.4491 v_opt=0.10164 v_mand=0.00794 ptv=0.0103 ptv_max=0.01312 global_ceil=0.00435 ring=0.00001 smooth=0.0361 laplacian=0.1291 anticollapse=0.00000 shell_inner=0.00000 shell_outer=0.00000 homogeneity=0.0000 body=0.00000 bowel=0.16362 femur=0.03524 penile=0.00470
2026-06-02 11:57:04 [INFO] Step 35/54 Loss=16.6158 mse=0.4855 v_opt=0.17398 v_mand=0.02767 ptv=0.0084 ptv_max=0.01359 global_ceil=0.00769 ring=0.00002 smooth=0.0460 laplacian=0.1656 anticollapse=0.00000 shell_inner=0.00000 shell_outer=0.00000 homogeneity=0.0000 body=0.00000 bowel=0.22502 femur=0.05418 penile=0.00339
2026-06-02 11:57:09 [INFO] Step 40/54 Loss=24.5285 mse=0.5575 v_opt=0.18068 v_mand=0.02071 ptv=0.0070 ptv_max=0.02446 global_ceil=0.06490 ring=0.00056 smooth=0.0390 laplacian=0.1413 anticollapse=0.00000 shell_inner=0.00000 shell_outer=0.00000 homogeneity=0.0000 body=0.00000 bowel=0.39513 femur=0.01878 penile=0.00000
2026-06-02 11:57:16 [INFO] Step 45/54 Loss=11.5034 mse=0.3595 v_opt=0.26150 v_mand=0.05469 ptv=0.0069 ptv_max=0.00015 global_ceil=0.00462 ring=0.00001 smooth=0.0313 laplacian=0.1064 anticollapse=0.00000 shell_inner=0.00000 shell_outer=0.00000 homogeneity=0.0000 body=0.00000 bowel=0.00000 femur=0.00000 penile=0.00000
2026-06-02 11:57:22 [INFO] Step 50/54 Loss=14.6159 mse=0.3231 v_opt=0.19846 v_mand=0.06631 ptv=0.0000 ptv_max=0.00000 global_ceil=0.04991 ring=0.00000 smooth=0.0229 laplacian=0.0677 anticollapse=0.00000 shell_inner=0.00000 shell_outer=0.00000 homogeneity=0.0000 body=0.00000 bowel=0.00000 femur=0.01281 penile=0.00000
2026-06-02 11:57:26 [INFO] Step 54/54 Loss=25.1218 mse=0.6632 v_opt=0.03941 v_mand=0.00020 ptv=0.0092 ptv_max=0.02263 global_ceil=0.05310 ring=0.00054 smooth=0.0412 laplacian=0.1506 anticollapse=0.00000 shell_inner=0.00000 shell_outer=0.00000 homogeneity=0.0000 body=0.00000 bowel=0.33598 femur=0.05297 penile=0.00000
2026-06-02 11:57:26 [INFO] Running validation at epoch 43...
2026-06-02 11:58:03 [INFO] Epoch 43 Summary: Train=20.1046 Val=0.0521 (MSE=0.0521)
          Coverage D95:  PTV60_D95=46.22Gy  PTV44_D95=38.44Gy
          SIB Means:    PTV60=55.31Gy PTV44=47.39Gy
          OAR Metrics:  Bladder=39.02Gy Rectum=35.68Gy Bowel=41.24Gy Femur=44.06Gy Ring=49.47Gy Penile=42.11Gy
          Physics:      Dmax=100.58Gy BG=51.66Gy
2026-06-02 11:58:03 [INFO] [DIAGNOSTIC] Saved fallback model MSE=0.0521
2026-06-02 11:58:03 [INFO] Epoch 44/300 [RAMP 44/75 (59% of physics)] ramp=0.587 lr=9.51e-05
2026-06-02 11:58:10 [INFO] Step 5/54 Loss=11.2252 mse=0.3937 v_opt=0.20759 v_mand=0.02598 ptv=0.0090 ptv_max=0.00000 global_ceil=0.00067 ring=0.00000 smooth=0.0287 laplacian=0.1003 anticollapse=0.00000 shell_inner=0.00000 shell_outer=0.00000 homogeneity=0.0000 body=0.00000 bowel=0.00000 femur=0.00000 penile=0.00210
2026-06-02 11:58:15 [INFO] Step 10/54 Loss=20.6747 mse=0.5326 v_opt=0.00119 v_mand=0.00000 ptv=0.0081 ptv_max=0.03151 global_ceil=0.04120 ring=0.00169 smooth=0.0429 laplacian=0.1612 anticollapse=0.00000 shell_inner=0.00000 shell_outer=0.00000 homogeneity=0.0000 body=0.00000 bowel=0.25683 femur=0.09774 penile=0.00000
2026-06-02 11:58:23 [INFO] Step 15/54 Loss=22.8976 mse=0.5544 v_opt=0.12273 v_mand=0.00858 ptv=0.0087 ptv_max=0.02732 global_ceil=0.03264 ring=0.00067 smooth=0.0311 laplacian=0.1119 anticollapse=0.00000 shell_inner=0.00000 shell_outer=0.00000 homogeneity=0.0000 body=0.00000 bowel=0.50653 femur=0.08787 penile=0.00000
2026-06-02 11:58:28 [INFO] Step 20/54 Loss=29.2500 mse=0.6663 v_opt=0.09213 v_mand=0.00110 ptv=0.0088 ptv_max=0.02112 global_ceil=0.10009 ring=0.00010 smooth=0.0458 laplacian=0.1634 anticollapse=0.00000 shell_inner=0.00000 shell_outer=0.00000 homogeneity=0.0000 body=0.00000 bowel=0.28780 femur=0.06744 penile=0.00000
2026-06-02 11:58:35 [INFO] Step 25/54 Loss=11.5486 mse=0.3739 v_opt=0.20222 v_mand=0.02160 ptv=0.0103 ptv_max=0.01016 global_ceil=0.00208 ring=0.00000 smooth=0.0293 laplacian=0.1011 anticollapse=0.00000 shell_inner=0.00000 shell_outer=0.00000 homogeneity=0.0000 body=0.00000 bowel=0.04629 femur=0.03458 penile=0.00286
2026-06-02 11:58:40 [INFO] Step 30/54 Loss=21.1327 mse=0.5183 v_opt=0.34470 v_mand=0.09088 ptv=0.0175 ptv_max=0.00837 global_ceil=0.03131 ring=0.00001 smooth=0.0474 laplacian=0.1689 anticollapse=0.00000 shell_inner=0.00000 shell_outer=0.00000 homogeneity=0.0000 body=0.00000 bowel=0.16231 femur=0.03389 penile=0.00000
2026-06-02 11:58:47 [INFO] Step 35/54 Loss=25.6066 mse=0.5941 v_opt=0.14189 v_mand=0.01231 ptv=0.0077 ptv_max=0.02716 global_ceil=0.02954 ring=0.00070 smooth=0.0346 laplacian=0.1234 anticollapse=0.00000 shell_inner=0.00000 shell_outer=0.00000 homogeneity=0.0000 body=0.00000 bowel=0.74293 femur=0.05382 penile=0.00000
2026-06-02 11:58:53 [INFO] Step 40/54 Loss=22.0792 mse=0.5650 v_opt=0.22731 v_mand=0.05760 ptv=0.0095 ptv_max=0.01918 global_ceil=0.02370 ring=0.00017 smooth=0.0559 laplacian=0.2070 anticollapse=0.00000 shell_inner=0.00000 shell_outer=0.00000 homogeneity=0.0000 body=0.00000 bowel=0.31442 femur=0.07118 penile=0.00000
2026-06-02 11:59:00 [INFO] Step 45/54 Loss=23.7478 mse=0.7091 v_opt=0.10109 v_mand=0.00408 ptv=0.0130 ptv_max=0.01791 global_ceil=0.03737 ring=0.00013 smooth=0.0522 laplacian=0.1953 anticollapse=0.00000 shell_inner=0.00000 shell_outer=0.00000 homogeneity=0.0000 body=0.00000 bowel=0.12748 femur=0.09904 penile=0.00000
2026-06-02 11:59:05 [INFO] Step 50/54 Loss=16.7676 mse=0.5569 v_opt=0.02849 v_mand=0.00000 ptv=0.0100 ptv_max=0.01270 global_ceil=0.01713 ring=0.00003 smooth=0.0315 laplacian=0.1141 anticollapse=0.00000 shell_inner=0.00000 shell_outer=0.00000 homogeneity=0.0000 body=0.00000 bowel=0.05325 femur=0.04650 penile=0.00000
2026-06-02 11:59:09 [INFO] Step 54/54 Loss=20.5462 mse=0.5442 v_opt=0.00843 v_mand=0.00000 ptv=0.0126 ptv_max=0.01559 global_ceil=0.02834 ring=0.00009 smooth=0.0341 laplacian=0.1193 anticollapse=0.00000 shell_inner=0.00000 shell_outer=0.00000 homogeneity=0.0000 body=0.00000 bowel=0.40984 femur=0.02463 penile=0.00000
2026-06-02 11:59:10 [INFO] Running validation at epoch 44...
2026-06-02 11:59:46 [INFO] Epoch 44 Summary: Train=19.3219 Val=0.0519 (MSE=0.0519)
          Coverage D95:  PTV60_D95=46.15Gy  PTV44_D95=38.56Gy
          SIB Means:    PTV60=55.00Gy PTV44=47.62Gy
          OAR Metrics:  Bladder=38.60Gy Rectum=35.23Gy Bowel=41.08Gy Femur=44.09Gy Ring=49.36Gy Penile=45.04Gy
          Physics:      Dmax=95.88Gy BG=51.67Gy
2026-06-02 11:59:46 [INFO] [DIAGNOSTIC] Saved fallback model MSE=0.0519
2026-06-02 11:59:46 [INFO] Epoch 45/300 [RAMP 45/75 (60% of physics)] ramp=0.600 lr=9.48e-05
2026-06-02 11:59:53 [INFO] Step 5/54 Loss=10.8420 mse=0.3614 v_opt=0.15331 v_mand=0.01193 ptv=0.0123 ptv_max=0.00581 global_ceil=0.00072 ring=0.00000 smooth=0.0312 laplacian=0.1070 anticollapse=0.00000 shell_inner=0.00000 shell_outer=0.00000 homogeneity=0.0000 body=0.00000 bowel=0.05825 femur=0.02754 penile=0.00000
2026-06-02 11:59:59 [INFO] Step 10/54 Loss=29.1790 mse=0.8555 v_opt=0.02521 v_mand=0.00014 ptv=0.0095 ptv_max=0.02517 global_ceil=0.03708 ring=0.00047 smooth=0.0531 laplacian=0.1994 anticollapse=0.00000 shell_inner=0.00000 shell_outer=0.00000 homogeneity=0.0000 body=0.00000 bowel=0.33125 femur=0.09794 penile=0.00000
2026-06-02 12:00:05 [INFO] Step 15/54 Loss=7.9254 mse=0.2605 v_opt=0.14463 v_mand=0.00936 ptv=0.0130 ptv_max=0.00563 global_ceil=0.00011 ring=0.00000 smooth=0.0245 laplacian=0.0842 anticollapse=0.00000 shell_inner=0.00000 shell_outer=0.00000 homogeneity=0.0000 body=0.00000 bowel=0.03429 femur=0.02165 penile=0.00000
2026-06-02 12:00:11 [INFO] Step 20/54 Loss=20.2238 mse=0.5010 v_opt=0.04844 v_mand=0.01173 ptv=0.0009 ptv_max=0.01575 global_ceil=0.01478 ring=0.00009 smooth=0.0392 laplacian=0.1373 anticollapse=0.00000 shell_inner=0.00000 shell_outer=0.00000 homogeneity=0.0000 body=0.00000 bowel=0.60723 femur=0.01494 penile=0.00000
2026-06-02 12:00:17 [INFO] Step 25/54 Loss=24.4098 mse=0.7226 v_opt=0.13216 v_mand=0.00818 ptv=0.0070 ptv_max=0.02478 global_ceil=0.03313 ring=0.00012 smooth=0.0440 laplacian=0.1632 anticollapse=0.00000 shell_inner=0.00000 shell_outer=0.00000 homogeneity=0.0000 body=0.00000 bowel=0.18059 femur=0.07936 penile=0.01801
2026-06-02 12:00:23 [INFO] Step 30/54 Loss=22.7500 mse=0.7269 v_opt=0.10512 v_mand=0.00238 ptv=0.0058 ptv_max=0.02029 global_ceil=0.02293 ring=0.00011 smooth=0.0435 laplacian=0.1556 anticollapse=0.00000 shell_inner=0.00000 shell_outer=0.00000 homogeneity=0.0000 body=0.00000 bowel=0.12549 femur=0.09088 penile=0.00171
2026-06-02 12:00:29 [INFO] Step 35/54 Loss=19.1903 mse=0.5326 v_opt=0.13437 v_mand=0.01847 ptv=0.0064 ptv_max=0.02262 global_ceil=0.01909 ring=0.00021 smooth=0.0513 laplacian=0.1887 anticollapse=0.00000 shell_inner=0.00000 shell_outer=0.00000 homogeneity=0.0000 body=0.00000 bowel=0.26321 femur=0.06051 penile=0.00000
2026-06-02 12:00:35 [INFO] Step 40/54 Loss=9.6364 mse=0.2684 v_opt=0.24094 v_mand=0.03429 ptv=0.0084 ptv_max=0.00837 global_ceil=0.00032 ring=0.00000 smooth=0.0252 laplacian=0.0878 anticollapse=0.00000 shell_inner=0.00000 shell_outer=0.00000 homogeneity=0.0000 body=0.00000 bowel=0.11009 femur=0.02516 penile=0.00000
2026-06-02 12:00:41 [INFO] Step 45/54 Loss=19.3980 mse=0.5551 v_opt=0.19897 v_mand=0.02351 ptv=0.0059 ptv_max=0.02040 global_ceil=0.01410 ring=0.00005 smooth=0.0493 laplacian=0.1809 anticollapse=0.00000 shell_inner=0.00000 shell_outer=0.00000 homogeneity=0.0000 body=0.00000 bowel=0.25702 femur=0.05055 penile=0.00678
2026-06-02 12:00:47 [INFO] Step 50/54 Loss=15.0705 mse=0.4672 v_opt=0.19438 v_mand=0.03170 ptv=0.0082 ptv_max=0.01197 global_ceil=0.00317 ring=0.00001 smooth=0.0341 laplacian=0.1225 anticollapse=0.00000 shell_inner=0.00000 shell_outer=0.00000 homogeneity=0.0000 body=0.00000 bowel=0.12332 femur=0.04301 penile=0.00537
2026-06-02 12:00:52 [INFO] Step 54/54 Loss=18.8056 mse=0.5431 v_opt=0.12344 v_mand=0.01085 ptv=0.0070 ptv_max=0.01247 global_ceil=0.03535 ring=0.00005 smooth=0.0347 laplacian=0.1254 anticollapse=0.00000 shell_inner=0.00000 shell_outer=0.00000 homogeneity=0.0000 body=0.00000 bowel=0.08985 femur=0.04231 penile=0.00161
2026-06-02 12:00:52 [INFO] Running validation at epoch 45...
2026-06-02 12:01:28 [INFO] Epoch 45 Summary: Train=18.1891 Val=0.0515 (MSE=0.0515)
          Coverage D95:  PTV60_D95=46.86Gy  PTV44_D95=38.96Gy
          SIB Means:    PTV60=56.14Gy PTV44=47.76Gy
          OAR Metrics:  Bladder=37.98Gy Rectum=35.93Gy Bowel=40.90Gy Femur=43.46Gy Ring=49.70Gy Penile=45.24Gy
          Physics:      Dmax=93.31Gy BG=51.43Gy
2026-06-02 12:01:28 [INFO] [DIAGNOSTIC] Saved fallback model MSE=0.0515
2026-06-02 12:01:28 [INFO] Epoch 46/300 [RAMP 46/75 (61% of physics)] ramp=0.613 lr=9.46e-05
2026-06-02 12:01:36 [INFO] Step 5/54 Loss=17.7234 mse=0.5657 v_opt=0.11109 v_mand=0.00320 ptv=0.0072 ptv_max=0.01649 global_ceil=0.00666 ring=0.00003 smooth=0.0380 laplacian=0.1388 anticollapse=0.00000 shell_inner=0.00000 shell_outer=0.00000 homogeneity=0.0000 body=0.00000 bowel=0.19205 femur=0.04852 penile=0.01128
2026-06-02 12:01:41 [INFO] Step 10/54 Loss=21.7736 mse=0.5667 v_opt=0.15300 v_mand=0.01468 ptv=0.0060 ptv_max=0.02937 global_ceil=0.02705 ring=0.00071 smooth=0.0356 laplacian=0.1265 anticollapse=0.00000 shell_inner=0.00000 shell_outer=0.00000 homogeneity=0.0000 body=0.00000 bowel=0.32391 femur=0.08620 penile=0.02720
2026-06-02 12:01:48 [INFO] Step 15/54 Loss=11.1803 mse=0.3398 v_opt=0.24159 v_mand=0.03429 ptv=0.0072 ptv_max=0.01226 global_ceil=0.00281 ring=0.00000 smooth=0.0261 laplacian=0.0889 anticollapse=0.00000 shell_inner=0.00000 shell_outer=0.00000 homogeneity=0.0000 body=0.00000 bowel=0.04260 femur=0.03255 penile=0.00000
2026-06-02 12:01:54 [INFO] Step 20/54 Loss=12.9466 mse=0.4005 v_opt=0.13681 v_mand=0.00902 ptv=0.0087 ptv_max=0.01333 global_ceil=0.00305 ring=0.00001 smooth=0.0348 laplacian=0.1247 anticollapse=0.00000 shell_inner=0.00000 shell_outer=0.00000 homogeneity=0.0000 body=0.00000 bowel=0.15642 femur=0.03252 penile=0.00000
2026-06-02 12:02:01 [INFO] Step 25/54 Loss=21.3338 mse=0.5243 v_opt=0.28773 v_mand=0.09385 ptv=0.0089 ptv_max=0.01377 global_ceil=0.00647 ring=0.00001 smooth=0.0390 laplacian=0.1367 anticollapse=0.00000 shell_inner=0.00000 shell_outer=0.00000 homogeneity=0.0000 body=0.00000 bowel=0.38103 femur=0.04868 penile=0.00000
2026-06-02 12:02:06 [INFO] Step 30/54 Loss=21.0395 mse=0.5467 v_opt=0.13960 v_mand=0.01201 ptv=0.0074 ptv_max=0.01252 global_ceil=0.01644 ring=0.00002 smooth=0.0484 laplacian=0.1755 anticollapse=0.00000 shell_inner=0.00000 shell_outer=0.00000 homogeneity=0.0000 body=0.00000 bowel=0.48951 femur=0.03977 penile=0.00271
2026-06-02 12:02:13 [INFO] Step 35/54 Loss=11.0999 mse=0.3120 v_opt=0.19097 v_mand=0.05820 ptv=0.0242 ptv_max=0.00000 global_ceil=0.00006 ring=0.00000 smooth=0.0278 laplacian=0.0914 anticollapse=0.00002 shell_inner=0.00000 shell_outer=0.00000 homogeneity=0.0000 body=0.00000 bowel=0.04965 femur=0.01391 penile=0.00000
2026-06-02 12:02:18 [INFO] Step 40/54 Loss=12.6173 mse=0.4104 v_opt=0.25600 v_mand=0.04666 ptv=0.0106 ptv_max=0.00012 global_ceil=0.00271 ring=0.00000 smooth=0.0268 laplacian=0.0939 anticollapse=0.00000 shell_inner=0.00000 shell_outer=0.00000 homogeneity=0.0000 body=0.00000 bowel=0.00000 femur=0.00000 penile=0.00000
2026-06-02 12:02:24 [INFO] Step 45/54 Loss=11.9241 mse=0.4089 v_opt=0.05220 v_mand=0.00274 ptv=0.0159 ptv_max=0.00699 global_ceil=0.00043 ring=0.00000 smooth=0.0256 laplacian=0.0894 anticollapse=0.00000 shell_inner=0.00000 shell_outer=0.00000 homogeneity=0.0000 body=0.00000 bowel=0.08088 femur=0.02280 penile=0.00000
2026-06-02 12:02:30 [INFO] Step 50/54 Loss=18.6211 mse=0.4920 v_opt=0.22453 v_mand=0.05624 ptv=0.0082 ptv_max=0.01446 global_ceil=0.01056 ring=0.00003 smooth=0.0464 laplacian=0.1688 anticollapse=0.00000 shell_inner=0.00000 shell_outer=0.00000 homogeneity=0.0000 body=0.00000 bowel=0.25884 femur=0.05837 penile=0.00000
2026-06-02 12:02:35 [INFO] Step 54/54 Loss=6.1918 mse=0.2437 v_opt=0.00000 v_mand=0.00000 ptv=0.0000 ptv_max=0.00000 global_ceil=0.00047 ring=0.00000 smooth=0.0237 laplacian=0.0782 anticollapse=0.00000 shell_inner=0.00000 shell_outer=0.00000 homogeneity=0.0000 body=0.00000 bowel=0.00000 femur=0.00000 penile=0.00000
2026-06-02 12:02:35 [INFO] Running validation at epoch 46...
2026-06-02 12:03:12 [INFO] Epoch 46 Summary: Train=18.0761 Val=0.0503 (MSE=0.0503)
          Coverage D95:  PTV60_D95=46.62Gy  PTV44_D95=38.80Gy
          SIB Means:    PTV60=57.36Gy PTV44=48.50Gy
          OAR Metrics:  Bladder=38.47Gy Rectum=32.65Gy Bowel=40.81Gy Femur=43.62Gy Ring=48.91Gy Penile=43.67Gy
          Physics:      Dmax=96.89Gy BG=50.79Gy
2026-06-02 12:03:12 [INFO] [DIAGNOSTIC] Saved fallback model MSE=0.0503
2026-06-02 12:03:12 [INFO] Epoch 47/300 [RAMP 47/75 (63% of physics)] ramp=0.627 lr=9.44e-05
2026-06-02 12:03:19 [INFO] Step 5/54 Loss=28.9420 mse=0.7499 v_opt=0.17616 v_mand=0.03703 ptv=0.0040 ptv_max=0.04211 global_ceil=0.03403 ring=0.00078 smooth=0.0523 laplacian=0.1984 anticollapse=0.00000 shell_inner=0.00000 shell_outer=0.00000 homogeneity=0.0000 body=0.00000 bowel=0.41920 femur=0.09357 penile=0.00461
2026-06-02 12:03:24 [INFO] Step 10/54 Loss=14.3946 mse=0.3205 v_opt=0.44128 v_mand=0.14563 ptv=0.0275 ptv_max=0.00001 global_ceil=0.00400 ring=0.00000 smooth=0.0424 laplacian=0.1534 anticollapse=0.00000 shell_inner=0.00000 shell_outer=0.00000 homogeneity=0.0000 body=0.00000 bowel=0.00000 femur=0.00000 penile=0.00074
2026-06-02 12:03:31 [INFO] Step 15/54 Loss=9.7671 mse=0.2915 v_opt=0.15831 v_mand=0.01695 ptv=0.0168 ptv_max=0.00538 global_ceil=0.00005 ring=0.00000 smooth=0.0318 laplacian=0.1141 anticollapse=0.00000 shell_inner=0.00000 shell_outer=0.00000 homogeneity=0.0000 body=0.00000 bowel=0.09331 femur=0.02486 penile=0.00890
2026-06-02 12:03:36 [INFO] Step 20/54 Loss=25.1795 mse=0.7035 v_opt=0.14102 v_mand=0.02499 ptv=0.0094 ptv_max=0.01325 global_ceil=0.03438 ring=0.00027 smooth=0.0609 laplacian=0.2262 anticollapse=0.00000 shell_inner=0.00000 shell_outer=0.00000 homogeneity=0.0000 body=0.00000 bowel=0.22961 femur=0.08995 penile=0.00000
2026-06-02 12:03:43 [INFO] Step 25/54 Loss=25.6405 mse=0.6556 v_opt=0.16914 v_mand=0.02732 ptv=0.0084 ptv_max=0.02891 global_ceil=0.05177 ring=0.00109 smooth=0.0445 laplacian=0.1642 anticollapse=0.00000 shell_inner=0.00000 shell_outer=0.00000 homogeneity=0.0000 body=0.00000 bowel=0.19790 femur=0.08216 penile=0.00434
2026-06-02 12:03:49 [INFO] Step 30/54 Loss=17.7213 mse=0.6190 v_opt=0.08724 v_mand=0.00142 ptv=0.0082 ptv_max=0.00044 global_ceil=0.01788 ring=0.00005 smooth=0.0424 laplacian=0.1577 anticollapse=0.00000 shell_inner=0.00000 shell_outer=0.00000 homogeneity=0.0000 body=0.00000 bowel=0.00000 femur=0.00000 penile=0.00957
2026-06-02 12:03:56 [INFO] Step 35/54 Loss=20.9662 mse=0.5465 v_opt=0.08250 v_mand=0.00075 ptv=0.0118 ptv_max=0.01859 global_ceil=0.02899 ring=0.00031 smooth=0.0559 laplacian=0.2059 anticollapse=0.00000 shell_inner=0.00000 shell_outer=0.00000 homogeneity=0.0000 body=0.00000 bowel=0.35628 femur=0.04307 penile=0.00000
2026-06-02 12:04:01 [INFO] Step 40/54 Loss=25.7175 mse=0.6508 v_opt=0.21804 v_mand=0.02548 ptv=0.0071 ptv_max=0.02793 global_ceil=0.03338 ring=0.00104 smooth=0.0568 laplacian=0.2131 anticollapse=0.00000 shell_inner=0.00000 shell_outer=0.00000 homogeneity=0.0000 body=0.00000 bowel=0.40929 femur=0.07974 penile=0.00000
2026-06-02 12:04:09 [INFO] Step 45/54 Loss=15.8068 mse=0.4512 v_opt=0.21283 v_mand=0.04791 ptv=0.0112 ptv_max=0.01558 global_ceil=0.00319 ring=0.00001 smooth=0.0324 laplacian=0.1156 anticollapse=0.00000 shell_inner=0.00000 shell_outer=0.00000 homogeneity=0.0000 body=0.00000 bowel=0.16573 femur=0.03332 penile=0.00000
2026-06-02 12:04:14 [INFO] Step 50/54 Loss=20.8477 mse=0.4413 v_opt=0.23471 v_mand=0.04119 ptv=0.0094 ptv_max=0.00919 global_ceil=0.06756 ring=0.00000 smooth=0.0366 laplacian=0.1274 anticollapse=0.00000 shell_inner=0.00000 shell_outer=0.00000 homogeneity=0.0000 body=0.00000 bowel=0.11905 femur=0.03698 penile=0.00000
2026-06-02 12:04:19 [INFO] Step 54/54 Loss=0.0000 mse=0.0000 v_opt=0.00000 v_mand=0.00000 ptv=0.0000 ptv_max=0.00000 global_ceil=0.00000 ring=0.00000 smooth=0.0000 laplacian=0.0000 anticollapse=0.00000 shell_inner=0.00000 shell_outer=0.00000 homogeneity=0.0000 body=0.00000 bowel=0.00000 femur=0.00000 penile=0.00000
2026-06-02 12:04:19 [INFO] Running validation at epoch 47...
2026-06-02 12:04:55 [INFO] Epoch 47 Summary: Train=19.0626 Val=0.0539 (MSE=0.0539)
          Coverage D95:  PTV60_D95=46.54Gy  PTV44_D95=38.22Gy
          SIB Means:    PTV60=55.59Gy PTV44=47.60Gy
          OAR Metrics:  Bladder=38.24Gy Rectum=36.88Gy Bowel=41.36Gy Femur=44.75Gy Ring=49.33Gy Penile=42.88Gy
          Physics:      Dmax=91.47Gy BG=52.39Gy
2026-06-02 12:04:55 [INFO] Epoch 48/300 [RAMP 48/75 (64% of physics)] ramp=0.640 lr=9.41e-05
2026-06-02 12:05:03 [INFO] Step 5/54 Loss=26.6385 mse=0.7975 v_opt=0.04201 v_mand=0.00045 ptv=0.0117 ptv_max=0.02051 global_ceil=0.03695 ring=0.00034 smooth=0.0410 laplacian=0.1507 anticollapse=0.00000 shell_inner=0.00000 shell_outer=0.00000 homogeneity=0.0000 body=0.00000 bowel=0.16881 femur=0.09709 penile=0.00000
2026-06-02 12:05:08 [INFO] Step 10/54 Loss=21.0670 mse=0.5328 v_opt=0.00175 v_mand=0.00000 ptv=0.0135 ptv_max=0.02415 global_ceil=0.04255 ring=0.00061 smooth=0.0394 laplacian=0.1462 anticollapse=0.00000 shell_inner=0.00000 shell_outer=0.00000 homogeneity=0.0000 body=0.00000 bowel=0.28040 femur=0.00000 penile=0.00000
2026-06-02 12:05:15 [INFO] Step 15/54 Loss=32.8786 mse=0.7961 v_opt=0.06777 v_mand=0.00161 ptv=0.0060 ptv_max=0.02452 global_ceil=0.03129 ring=0.00029 smooth=0.0438 laplacian=0.1649 anticollapse=0.00000 shell_inner=0.00000 shell_outer=0.00000 homogeneity=0.0000 body=0.00000 bowel=0.88031 femur=0.09633 penile=0.00000
2026-06-02 12:05:20 [INFO] Step 20/54 Loss=20.4636 mse=0.4695 v_opt=0.12254 v_mand=0.01041 ptv=0.0046 ptv_max=0.02643 global_ceil=0.01768 ring=0.00023 smooth=0.0320 laplacian=0.1131 anticollapse=0.00000 shell_inner=0.00000 shell_outer=0.00000 homogeneity=0.0000 body=0.00000 bowel=0.54597 femur=0.08954 penile=0.00000
2026-06-02 12:05:27 [INFO] Step 25/54 Loss=14.5180 mse=0.4485 v_opt=0.19382 v_mand=0.02016 ptv=0.0116 ptv_max=0.01159 global_ceil=0.00201 ring=0.00000 smooth=0.0337 laplacian=0.1142 anticollapse=0.00000 shell_inner=0.00000 shell_outer=0.00000 homogeneity=0.0000 body=0.00000 bowel=0.14327 femur=0.03189 penile=0.00000
2026-06-02 12:05:32 [INFO] Step 30/54 Loss=5.6732 mse=0.2026 v_opt=0.00000 v_mand=0.00000 ptv=0.0000 ptv_max=0.00000 global_ceil=0.00000 ring=0.00000 smooth=0.0226 laplacian=0.0767 anticollapse=0.00000 shell_inner=0.00000 shell_outer=0.00000 homogeneity=0.0000 body=0.00000 bowel=0.05749 femur=0.00000 penile=0.00000
2026-06-02 12:05:40 [INFO] Step 35/54 Loss=22.9257 mse=0.7095 v_opt=0.07028 v_mand=0.00301 ptv=0.0109 ptv_max=0.01296 global_ceil=0.03020 ring=0.00003 smooth=0.0322 laplacian=0.1193 anticollapse=0.00000 shell_inner=0.00000 shell_outer=0.00000 homogeneity=0.0000 body=0.00000 bowel=0.08714 femur=0.09558 penile=0.00069
2026-06-02 12:05:44 [INFO] Step 40/54 Loss=11.9669 mse=0.3675 v_opt=0.02650 v_mand=0.00000 ptv=0.0100 ptv_max=0.01300 global_ceil=0.01861 ring=0.00003 smooth=0.0212 laplacian=0.0718 anticollapse=0.00000 shell_inner=0.00000 shell_outer=0.00000 homogeneity=0.0000 body=0.00000 bowel=0.00000 femur=0.05731 penile=0.00000
2026-06-02 12:05:51 [INFO] Step 45/54 Loss=9.8641 mse=0.2566 v_opt=0.19659 v_mand=0.04425 ptv=0.0115 ptv_max=0.00784 global_ceil=0.00012 ring=0.00000 smooth=0.0307 laplacian=0.1077 anticollapse=0.00000 shell_inner=0.00000 shell_outer=0.00000 homogeneity=0.0000 body=0.00000 bowel=0.10480 femur=0.03159 penile=0.00000
2026-06-02 12:05:57 [INFO] Step 50/54 Loss=21.3487 mse=0.5201 v_opt=0.06057 v_mand=0.00004 ptv=0.0078 ptv_max=0.02360 global_ceil=0.04080 ring=0.00036 smooth=0.0426 laplacian=0.1589 anticollapse=0.00000 shell_inner=0.00000 shell_outer=0.00000 homogeneity=0.0000 body=0.00000 bowel=0.33074 femur=0.05860 penile=0.00000
2026-06-02 12:06:02 [INFO] Step 54/54 Loss=15.5617 mse=0.5435 v_opt=0.12393 v_mand=0.00747 ptv=0.0054 ptv_max=0.00016 global_ceil=0.01356 ring=0.00001 smooth=0.0433 laplacian=0.1591 anticollapse=0.00000 shell_inner=0.00000 shell_outer=0.00000 homogeneity=0.0000 body=0.00000 bowel=0.00000 femur=0.00000 penile=0.00000
2026-06-02 12:06:02 [INFO] Running validation at epoch 48...
2026-06-02 12:06:39 [INFO] Epoch 48 Summary: Train=18.5958 Val=0.0500 (MSE=0.0500)
          Coverage D95:  PTV60_D95=47.97Gy  PTV44_D95=38.60Gy
          SIB Means:    PTV60=57.04Gy PTV44=48.37Gy
          OAR Metrics:  Bladder=37.42Gy Rectum=37.40Gy Bowel=40.89Gy Femur=43.32Gy Ring=49.37Gy Penile=45.38Gy
          Physics:      Dmax=96.03Gy BG=50.63Gy
2026-06-02 12:06:39 [INFO] [DIAGNOSTIC] Saved fallback model MSE=0.0500
2026-06-02 12:06:39 [INFO] Epoch 49/300 [RAMP 49/75 (65% of physics)] ramp=0.653 lr=9.39e-05
2026-06-02 12:06:46 [INFO] Step 5/54 Loss=14.7919 mse=0.4368 v_opt=0.12572 v_mand=0.00707 ptv=0.0093 ptv_max=0.00802 global_ceil=0.01121 ring=0.00000 smooth=0.0383 laplacian=0.1388 anticollapse=0.00000 shell_inner=0.00000 shell_outer=0.00000 homogeneity=0.0000 body=0.00000 bowel=0.16955 femur=0.02794 penile=0.00000
2026-06-02 12:06:51 [INFO] Step 10/54 Loss=30.8723 mse=0.8202 v_opt=0.11700 v_mand=0.01737 ptv=0.0088 ptv_max=0.02610 global_ceil=0.04216 ring=0.00047 smooth=0.0462 laplacian=0.1773 anticollapse=0.00000 shell_inner=0.00000 shell_outer=0.00000 homogeneity=0.0000 body=0.00000 bowel=0.43474 femur=0.05307 penile=0.00022
2026-06-02 12:06:58 [INFO] Step 15/54 Loss=32.7002 mse=0.8140 v_opt=0.08271 v_mand=0.00352 ptv=0.0058 ptv_max=0.02922 global_ceil=0.06349 ring=0.00063 smooth=0.0480 laplacian=0.1820 anticollapse=0.00000 shell_inner=0.00000 shell_outer=0.00000 homogeneity=0.0000 body=0.00000 bowel=0.45375 femur=0.08714 penile=0.00000
2026-06-02 12:07:03 [INFO] Step 20/54 Loss=24.3421 mse=0.5492 v_opt=0.23437 v_mand=0.05970 ptv=0.0106 ptv_max=0.03104 global_ceil=0.04089 ring=0.00087 smooth=0.0385 laplacian=0.1386 anticollapse=0.00000 shell_inner=0.00000 shell_outer=0.00000 homogeneity=0.0000 body=0.00000 bowel=0.30793 femur=0.03855 penile=0.00619
2026-06-02 12:07:10 [INFO] Step 25/54 Loss=21.3986 mse=0.6130 v_opt=0.06913 v_mand=0.00254 ptv=0.0097 ptv_max=0.02219 global_ceil=0.02942 ring=0.00040 smooth=0.0352 laplacian=0.1307 anticollapse=0.00000 shell_inner=0.00000 shell_outer=0.00000 homogeneity=0.0000 body=0.00000 bowel=0.18095 femur=0.05883 penile=0.00561
2026-06-02 12:07:16 [INFO] Step 30/54 Loss=21.7918 mse=0.5717 v_opt=0.09063 v_mand=0.00489 ptv=0.0069 ptv_max=0.02516 global_ceil=0.03459 ring=0.00070 smooth=0.0440 laplacian=0.1639 anticollapse=0.00000 shell_inner=0.00000 shell_outer=0.00000 homogeneity=0.0000 body=0.00000 bowel=0.24145 femur=0.07318 penile=0.02450
2026-06-02 12:07:22 [INFO] Step 35/54 Loss=17.1400 mse=0.5038 v_opt=0.15159 v_mand=0.00938 ptv=0.0068 ptv_max=0.01434 global_ceil=0.01066 ring=0.00002 smooth=0.0451 laplacian=0.1640 anticollapse=0.00000 shell_inner=0.00000 shell_outer=0.00000 homogeneity=0.0000 body=0.00000 bowel=0.21270 femur=0.04733 penile=0.00000
2026-06-02 12:07:28 [INFO] Step 40/54 Loss=20.7426 mse=0.7497 v_opt=0.02735 v_mand=0.00000 ptv=0.0069 ptv_max=0.00005 global_ceil=0.01685 ring=0.00004 smooth=0.0406 laplacian=0.1477 anticollapse=0.00000 shell_inner=0.00000 shell_outer=0.00000 homogeneity=0.0000 body=0.00000 bowel=0.00000 femur=0.00000 penile=0.00000
2026-06-02 12:07:35 [INFO] Step 45/54 Loss=14.0638 mse=0.4881 v_opt=0.03682 v_mand=0.00053 ptv=0.0093 ptv_max=0.01154 global_ceil=0.00197 ring=0.00000 smooth=0.0307 laplacian=0.1066 anticollapse=0.00000 shell_inner=0.00000 shell_outer=0.00000 homogeneity=0.0000 body=0.00000 bowel=0.08160 femur=0.03427 penile=0.00000
2026-06-02 12:07:40 [INFO] Step 50/54 Loss=5.6545 mse=0.2158 v_opt=0.00000 v_mand=0.00000 ptv=0.0000 ptv_max=0.00000 global_ceil=0.00073 ring=0.00000 smooth=0.0208 laplacian=0.0700 anticollapse=0.00000 shell_inner=0.00000 shell_outer=0.00000 homogeneity=0.0000 body=0.00000 bowel=0.00946 femur=0.00649 penile=0.00000
2026-06-02 12:07:45 [INFO] Step 54/54 Loss=25.3989 mse=0.6504 v_opt=0.07995 v_mand=0.00601 ptv=0.0123 ptv_max=0.01366 global_ceil=0.04552 ring=0.00002 smooth=0.0381 laplacian=0.1370 anticollapse=0.00000 shell_inner=0.00000 shell_outer=0.00000 homogeneity=0.0000 body=0.00000 bowel=0.33389 femur=0.05744 penile=0.00000
2026-06-02 12:07:45 [INFO] Running validation at epoch 49...
2026-06-02 12:08:21 [INFO] Epoch 49 Summary: Train=20.4271 Val=0.0498 (MSE=0.0498)
          Coverage D95:  PTV60_D95=46.15Gy  PTV44_D95=38.39Gy
          SIB Means:    PTV60=54.73Gy PTV44=47.63Gy
          OAR Metrics:  Bladder=39.87Gy Rectum=31.53Gy Bowel=40.61Gy Femur=43.72Gy Ring=49.06Gy Penile=39.63Gy
          Physics:      Dmax=100.44Gy BG=50.69Gy
2026-06-02 12:08:21 [INFO] [DIAGNOSTIC] Saved fallback model MSE=0.0498
2026-06-02 12:08:21 [INFO] Epoch 50/300 [RAMP 50/75 (67% of physics)] ramp=0.667 lr=9.36e-05
2026-06-02 12:08:29 [INFO] Step 5/54 Loss=19.4921 mse=0.6694 v_opt=0.14611 v_mand=0.02518 ptv=0.0103 ptv_max=0.00004 global_ceil=0.01312 ring=0.00003 smooth=0.0350 laplacian=0.1315 anticollapse=0.00000 shell_inner=0.00000 shell_outer=0.00000 homogeneity=0.0000 body=0.00000 bowel=0.00000 femur=0.00000 penile=0.00000
2026-06-02 12:08:34 [INFO] Step 10/54 Loss=22.1796 mse=0.6207 v_opt=0.04111 v_mand=0.00051 ptv=0.0089 ptv_max=0.03487 global_ceil=0.02878 ring=0.00089 smooth=0.0365 laplacian=0.1321 anticollapse=0.00000 shell_inner=0.00000 shell_outer=0.00000 homogeneity=0.0000 body=0.00000 bowel=0.22537 femur=0.05703 penile=0.00000
2026-06-02 12:08:41 [INFO] Step 15/54 Loss=8.8466 mse=0.3189 v_opt=0.00461 v_mand=0.00000 ptv=0.0119 ptv_max=0.00619 global_ceil=0.00178 ring=0.00000 smooth=0.0224 laplacian=0.0741 anticollapse=0.00001 shell_inner=0.00000 shell_outer=0.00000 homogeneity=0.0000 body=0.00000 bowel=0.00000 femur=0.02291 penile=0.00000
2026-06-02 12:08:46 [INFO] Step 20/54 Loss=27.4950 mse=0.7932 v_opt=0.04127 v_mand=0.00023 ptv=0.0044 ptv_max=0.03869 global_ceil=0.03121 ring=0.00073 smooth=0.0380 laplacian=0.1445 anticollapse=0.00000 shell_inner=0.00000 shell_outer=0.00000 homogeneity=0.0000 body=0.00000 bowel=0.28249 femur=0.09445 penile=0.00000
2026-06-02 12:08:53 [INFO] Step 25/54 Loss=33.3864 mse=0.8652 v_opt=0.17623 v_mand=0.03166 ptv=0.0023 ptv_max=0.06204 global_ceil=0.05261 ring=0.00184 smooth=0.0459 laplacian=0.1738 anticollapse=0.00000 shell_inner=0.00000 shell_outer=0.00000 homogeneity=0.0000 body=0.00000 bowel=0.28988 femur=0.12498 penile=0.00000
2026-06-02 12:08:58 [INFO] Step 30/54 Loss=28.3634 mse=0.6916 v_opt=0.09437 v_mand=0.00188 ptv=0.0064 ptv_max=0.01799 global_ceil=0.04983 ring=0.00012 smooth=0.0379 laplacian=0.1400 anticollapse=0.00000 shell_inner=0.00000 shell_outer=0.00000 homogeneity=0.0000 body=0.00000 bowel=0.50007 femur=0.03635 penile=0.00000
2026-06-02 12:09:05 [INFO] Step 35/54 Loss=21.5041 mse=0.6198 v_opt=0.21099 v_mand=0.02428 ptv=0.0078 ptv_max=0.01510 global_ceil=0.02005 ring=0.00013 smooth=0.0388 laplacian=0.1414 anticollapse=0.00000 shell_inner=0.00000 shell_outer=0.00000 homogeneity=0.0000 body=0.00000 bowel=0.17674 femur=0.07314 penile=0.00209
2026-06-02 12:09:11 [INFO] Step 40/54 Loss=31.4519 mse=0.8239 v_opt=0.04543 v_mand=0.00070 ptv=0.0075 ptv_max=0.02709 global_ceil=0.03054 ring=0.00106 smooth=0.0470 laplacian=0.1789 anticollapse=0.00000 shell_inner=0.00000 shell_outer=0.00000 homogeneity=0.0000 body=0.00000 bowel=0.61990 femur=0.08964 penile=0.00000
2026-06-02 12:09:18 [INFO] Step 45/54 Loss=17.8000 mse=0.5246 v_opt=0.20522 v_mand=0.02214 ptv=0.0047 ptv_max=0.02164 global_ceil=0.02607 ring=0.00011 smooth=0.0334 laplacian=0.1157 anticollapse=0.00000 shell_inner=0.00000 shell_outer=0.00000 homogeneity=0.0000 body=0.00000 bowel=0.00000 femur=0.06064 penile=0.00000
2026-06-02 12:09:23 [INFO] Step 50/54 Loss=9.7855 mse=0.2624 v_opt=0.24879 v_mand=0.04039 ptv=0.0131 ptv_max=0.00433 global_ceil=0.00004 ring=0.00000 smooth=0.0293 laplacian=0.1057 anticollapse=0.00001 shell_inner=0.00000 shell_outer=0.00000 homogeneity=0.0000 body=0.00000 bowel=0.08415 femur=0.02128 penile=0.00000
2026-06-02 12:09:28 [INFO] Step 54/54 Loss=8.6475 mse=0.2919 v_opt=0.08981 v_mand=0.00690 ptv=0.0123 ptv_max=0.00540 global_ceil=0.00007 ring=0.00000 smooth=0.0237 laplacian=0.0859 anticollapse=0.00000 shell_inner=0.00000 shell_outer=0.00000 homogeneity=0.0000 body=0.00000 bowel=0.03050 femur=0.02202 penile=0.00000
2026-06-02 12:09:28 [INFO] Running validation at epoch 50...
2026-06-02 12:10:05 [INFO] Epoch 50 Summary: Train=18.1852 Val=0.0490 (MSE=0.0490)
          Coverage D95:  PTV60_D95=47.46Gy  PTV44_D95=38.73Gy
          SIB Means:    PTV60=56.52Gy PTV44=47.84Gy
          OAR Metrics:  Bladder=37.52Gy Rectum=35.47Gy Bowel=39.95Gy Femur=43.08Gy Ring=49.09Gy Penile=42.86Gy
          Physics:      Dmax=95.04Gy BG=50.28Gy
2026-06-02 12:10:05 [INFO] [DIAGNOSTIC] Saved fallback model MSE=0.0490
2026-06-02 12:10:05 [INFO] Epoch 51/300 [RAMP 51/75 (68% of physics)] ramp=0.680 lr=9.34e-05
2026-06-02 12:10:11 [INFO] Step 5/54 Loss=11.5338 mse=0.3332 v_opt=0.16485 v_mand=0.02831 ptv=0.0140 ptv_max=0.00686 global_ceil=0.00003 ring=0.00000 smooth=0.0387 laplacian=0.1361 anticollapse=0.00000 shell_inner=0.00000 shell_outer=0.00000 homogeneity=0.0000 body=0.00000 bowel=0.10484 femur=0.02506 penile=0.01482
2026-06-02 12:10:17 [INFO] Step 10/54 Loss=20.0053 mse=0.4805 v_opt=0.00713 v_mand=0.00000 ptv=0.0087 ptv_max=0.02518 global_ceil=0.03926 ring=0.00059 smooth=0.0490 laplacian=0.1835 anticollapse=0.00000 shell_inner=0.00000 shell_outer=0.00000 homogeneity=0.0000 body=0.00000 bowel=0.26564 femur=0.04986 penile=0.00000
2026-06-02 12:10:24 [INFO] Step 15/54 Loss=20.7018 mse=0.6129 v_opt=0.12225 v_mand=0.01398 ptv=0.0067 ptv_max=0.02110 global_ceil=0.01891 ring=0.00031 smooth=0.0404 laplacian=0.1508 anticollapse=0.00000 shell_inner=0.00000 shell_outer=0.00000 homogeneity=0.0000 body=0.00000 bowel=0.15696 femur=0.06591 penile=0.00000
2026-06-02 12:10:28 [INFO] Step 20/54 Loss=5.2207 mse=0.2001 v_opt=0.00000 v_mand=0.00000 ptv=0.0000 ptv_max=0.00000 global_ceil=0.00185 ring=0.00000 smooth=0.0127 laplacian=0.0367 anticollapse=0.00000 shell_inner=0.00000 shell_outer=0.00000 homogeneity=0.0000 body=0.00000 bowel=0.00000 femur=0.00000 penile=0.00000
2026-06-02 12:10:36 [INFO] Step 25/54 Loss=10.4962 mse=0.2762 v_opt=0.18328 v_mand=0.02990 ptv=0.0136 ptv_max=0.00644 global_ceil=0.00012 ring=0.00000 smooth=0.0344 laplacian=0.1224 anticollapse=0.00000 shell_inner=0.00000 shell_outer=0.00000 homogeneity=0.0000 body=0.00000 bowel=0.14656 femur=0.02482 penile=0.00112
2026-06-02 12:10:41 [INFO] Step 30/54 Loss=7.8186 mse=0.2768 v_opt=0.00000 v_mand=0.00000 ptv=0.0028 ptv_max=0.00102 global_ceil=0.00033 ring=0.00000 smooth=0.0328 laplacian=0.1167 anticollapse=0.00004 shell_inner=0.00000 shell_outer=0.00000 homogeneity=0.0000 body=0.00000 bowel=0.06493 femur=0.00000 penile=0.00000
2026-06-02 12:10:48 [INFO] Step 35/54 Loss=17.1125 mse=0.5472 v_opt=0.03935 v_mand=0.00023 ptv=0.0096 ptv_max=0.01352 global_ceil=0.00755 ring=0.00002 smooth=0.0440 laplacian=0.1578 anticollapse=0.00000 shell_inner=0.00000 shell_outer=0.00000 homogeneity=0.0000 body=0.00000 bowel=0.15849 femur=0.04320 penile=0.00000
2026-06-02 12:10:53 [INFO] Step 40/54 Loss=16.4310 mse=0.5231 v_opt=0.04352 v_mand=0.00000 ptv=0.0093 ptv_max=0.01429 global_ceil=0.00853 ring=0.00003 smooth=0.0363 laplacian=0.1304 anticollapse=0.00000 shell_inner=0.00000 shell_outer=0.00000 homogeneity=0.0000 body=0.00000 bowel=0.14398 femur=0.03864 penile=0.00236
2026-06-02 12:11:00 [INFO] Step 45/54 Loss=23.1176 mse=0.6193 v_opt=0.15144 v_mand=0.01105 ptv=0.0063 ptv_max=0.02606 global_ceil=0.02711 ring=0.00076 smooth=0.0380 laplacian=0.1423 anticollapse=0.00000 shell_inner=0.00000 shell_outer=0.00000 homogeneity=0.0000 body=0.00000 bowel=0.29279 femur=0.06703 penile=0.00000
2026-06-02 12:11:06 [INFO] Step 50/54 Loss=19.1733 mse=0.4190 v_opt=0.20311 v_mand=0.02498 ptv=0.0048 ptv_max=0.03480 global_ceil=0.03541 ring=0.00099 smooth=0.0269 laplacian=0.0999 anticollapse=0.00000 shell_inner=0.00000 shell_outer=0.00000 homogeneity=0.0000 body=0.00000 bowel=0.22188 femur=0.10745 penile=0.00215
2026-06-02 12:11:11 [INFO] Step 54/54 Loss=14.7040 mse=0.3922 v_opt=0.12228 v_mand=0.01250 ptv=0.0082 ptv_max=0.00671 global_ceil=0.02434 ring=0.00000 smooth=0.0309 laplacian=0.1091 anticollapse=0.00000 shell_inner=0.00000 shell_outer=0.00000 homogeneity=0.0000 body=0.00000 bowel=0.11591 femur=0.02523 penile=0.00000
2026-06-02 12:11:11 [INFO] Running validation at epoch 51...
2026-06-02 12:11:47 [INFO] Epoch 51 Summary: Train=18.2711 Val=0.0489 (MSE=0.0489)
          Coverage D95:  PTV60_D95=47.76Gy  PTV44_D95=39.59Gy
          SIB Means:    PTV60=56.32Gy PTV44=48.11Gy
          OAR Metrics:  Bladder=38.18Gy Rectum=36.43Gy Bowel=40.27Gy Femur=42.19Gy Ring=49.60Gy Penile=40.78Gy
          Physics:      Dmax=213.62Gy BG=50.15Gy
2026-06-02 12:11:47 [INFO] [DIAGNOSTIC] Saved fallback model MSE=0.0489
2026-06-02 12:11:47 [INFO] Epoch 52/300 [RAMP 52/75 (69% of physics)] ramp=0.693 lr=9.31e-05
2026-06-02 12:11:54 [INFO] Step 5/54 Loss=23.6468 mse=0.6898 v_opt=0.16117 v_mand=0.02469 ptv=0.0055 ptv_max=0.02546 global_ceil=0.02134 ring=0.00015 smooth=0.0461 laplacian=0.1735 anticollapse=0.00000 shell_inner=0.00000 shell_outer=0.00000 homogeneity=0.0000 body=0.00000 bowel=0.17116 femur=0.06964 penile=0.00000
2026-06-02 12:11:59 [INFO] Step 10/54 Loss=12.1632 mse=0.3873 v_opt=0.15413 v_mand=0.00966 ptv=0.0081 ptv_max=0.00920 global_ceil=0.00213 ring=0.00000 smooth=0.0295 laplacian=0.1057 anticollapse=0.00000 shell_inner=0.00000 shell_outer=0.00000 homogeneity=0.0000 body=0.00000 bowel=0.09753 femur=0.02444 penile=0.00000
2026-06-02 12:12:07 [INFO] Step 15/54 Loss=13.5704 mse=0.4022 v_opt=0.20102 v_mand=0.03557 ptv=0.0067 ptv_max=0.01765 global_ceil=0.00403 ring=0.00004 smooth=0.0316 laplacian=0.1139 anticollapse=0.00000 shell_inner=0.00000 shell_outer=0.00000 homogeneity=0.0000 body=0.00000 bowel=0.05177 femur=0.05491 penile=0.00000
2026-06-02 12:12:13 [INFO] Step 20/54 Loss=13.8975 mse=0.4194 v_opt=0.07161 v_mand=0.00268 ptv=0.0143 ptv_max=0.01172 global_ceil=0.00091 ring=0.00001 smooth=0.0324 laplacian=0.1121 anticollapse=0.00000 shell_inner=0.00000 shell_outer=0.00000 homogeneity=0.0000 body=0.00000 bowel=0.19995 femur=0.03836 penile=0.00000
2026-06-02 12:12:19 [INFO] Step 25/54 Loss=11.7353 mse=0.3569 v_opt=0.12546 v_mand=0.01003 ptv=0.0163 ptv_max=0.00597 global_ceil=0.00014 ring=0.00000 smooth=0.0311 laplacian=0.1107 anticollapse=0.00000 shell_inner=0.00000 shell_outer=0.00000 homogeneity=0.0000 body=0.00000 bowel=0.13080 femur=0.02846 penile=0.00000
2026-06-02 12:12:25 [INFO] Step 30/54 Loss=10.3297 mse=0.2977 v_opt=0.20259 v_mand=0.02871 ptv=0.0128 ptv_max=0.00554 global_ceil=0.00172 ring=0.00000 smooth=0.0331 laplacian=0.1149 anticollapse=0.00000 shell_inner=0.00000 shell_outer=0.00000 homogeneity=0.0000 body=0.00000 bowel=0.06343 femur=0.02412 penile=0.00000
2026-06-02 12:12:31 [INFO] Step 35/54 Loss=31.5870 mse=0.7891 v_opt=0.19964 v_mand=0.03054 ptv=0.0095 ptv_max=0.02994 global_ceil=0.03809 ring=0.00089 smooth=0.0581 laplacian=0.2225 anticollapse=0.00000 shell_inner=0.00000 shell_outer=0.00000 homogeneity=0.0000 body=0.00000 bowel=0.45087 femur=0.11014 penile=0.00000
2026-06-02 12:12:37 [INFO] Step 40/54 Loss=18.6016 mse=0.5603 v_opt=0.16804 v_mand=0.01992 ptv=0.0124 ptv_max=0.01530 global_ceil=0.01498 ring=0.00015 smooth=0.0377 laplacian=0.1360 anticollapse=0.00000 shell_inner=0.00000 shell_outer=0.00000 homogeneity=0.0000 body=0.00000 bowel=0.08202 femur=0.06411 penile=0.00000
2026-06-02 12:12:44 [INFO] Step 45/54 Loss=27.8612 mse=0.7818 v_opt=0.23792 v_mand=0.05255 ptv=0.0062 ptv_max=0.02578 global_ceil=0.02602 ring=0.00041 smooth=0.0457 laplacian=0.1678 anticollapse=0.00000 shell_inner=0.00000 shell_outer=0.00000 homogeneity=0.0000 body=0.00000 bowel=0.18686 femur=0.09296 penile=0.00000
2026-06-02 12:12:49 [INFO] Step 50/54 Loss=18.0948 mse=0.5415 v_opt=0.11718 v_mand=0.01628 ptv=0.0061 ptv_max=0.02033 global_ceil=0.01056 ring=0.00005 smooth=0.0597 laplacian=0.2244 anticollapse=0.00000 shell_inner=0.00000 shell_outer=0.00000 homogeneity=0.0000 body=0.00000 bowel=0.15062 femur=0.05427 penile=0.00000
2026-06-02 12:12:54 [INFO] Step 54/54 Loss=12.6230 mse=0.4635 v_opt=0.09427 v_mand=0.00862 ptv=0.0073 ptv_max=0.00005 global_ceil=0.00257 ring=0.00001 smooth=0.0379 laplacian=0.1403 anticollapse=0.00000 shell_inner=0.00000 shell_outer=0.00000 homogeneity=0.0000 body=0.00000 bowel=0.00000 femur=0.00000 penile=0.00000
2026-06-02 12:12:54 [INFO] Running validation at epoch 52...
2026-06-02 12:13:31 [INFO] Epoch 52 Summary: Train=18.6528 Val=0.0498 (MSE=0.0498)
          Coverage D95:  PTV60_D95=47.35Gy  PTV44_D95=39.33Gy
          SIB Means:    PTV60=55.36Gy PTV44=47.57Gy
          OAR Metrics:  Bladder=37.85Gy Rectum=35.17Gy Bowel=40.81Gy Femur=43.02Gy Ring=49.41Gy Penile=43.04Gy
          Physics:      Dmax=89.54Gy BG=50.60Gy
2026-06-02 12:13:31 [INFO] Epoch 53/300 [RAMP 53/75 (71% of physics)] ramp=0.707 lr=9.28e-05
2026-06-02 12:13:38 [INFO] Step 5/54 Loss=21.2211 mse=0.6122 v_opt=0.13929 v_mand=0.00948 ptv=0.0073 ptv_max=0.01864 global_ceil=0.01964 ring=0.00014 smooth=0.0385 laplacian=0.1350 anticollapse=0.00000 shell_inner=0.00000 shell_outer=0.00000 homogeneity=0.0000 body=0.00000 bowel=0.20786 femur=0.05076 penile=0.00000
2026-06-02 12:13:43 [INFO] Step 10/54 Loss=29.1400 mse=0.6327 v_opt=0.26597 v_mand=0.05256 ptv=0.0069 ptv_max=0.01465 global_ceil=0.03100 ring=0.00008 smooth=0.0415 laplacian=0.1541 anticollapse=0.00000 shell_inner=0.00000 shell_outer=0.00000 homogeneity=0.0000 body=0.00000 bowel=0.63792 femur=0.04092 penile=0.01377
2026-06-02 12:13:50 [INFO] Step 15/54 Loss=12.6127 mse=0.4136 v_opt=0.04438 v_mand=0.00000 ptv=0.0092 ptv_max=0.00942 global_ceil=0.00059 ring=0.00000 smooth=0.0260 laplacian=0.0939 anticollapse=0.00000 shell_inner=0.00000 shell_outer=0.00000 homogeneity=0.0000 body=0.00000 bowel=0.13119 femur=0.02687 penile=0.00000
2026-06-02 12:13:56 [INFO] Step 20/54 Loss=13.2373 mse=0.3941 v_opt=0.13286 v_mand=0.00530 ptv=0.0078 ptv_max=0.01179 global_ceil=0.00175 ring=0.00000 smooth=0.0360 laplacian=0.1314 anticollapse=0.00000 shell_inner=0.00000 shell_outer=0.00000 homogeneity=0.0000 body=0.00000 bowel=0.15591 femur=0.03789 penile=0.04239
2026-06-02 12:14:02 [INFO] Step 25/54 Loss=12.6601 mse=0.4693 v_opt=0.09593 v_mand=0.00866 ptv=0.0097 ptv_max=0.00001 global_ceil=0.00069 ring=0.00000 smooth=0.0352 laplacian=0.1292 anticollapse=0.00000 shell_inner=0.00000 shell_outer=0.00000 homogeneity=0.0000 body=0.00000 bowel=0.00000 femur=0.00000 penile=0.00000
2026-06-02 12:14:08 [INFO] Step 30/54 Loss=25.5368 mse=0.7978 v_opt=0.10936 v_mand=0.01534 ptv=0.0080 ptv_max=0.01828 global_ceil=0.02460 ring=0.00020 smooth=0.0348 laplacian=0.1278 anticollapse=0.00000 shell_inner=0.00000 shell_outer=0.00000 homogeneity=0.0000 body=0.00000 bowel=0.09120 femur=0.08112 penile=0.00000
2026-06-02 12:14:15 [INFO] Step 35/54 Loss=18.5058 mse=0.5696 v_opt=0.03419 v_mand=0.00054 ptv=0.0098 ptv_max=0.00963 global_ceil=0.01527 ring=0.00002 smooth=0.0340 laplacian=0.1225 anticollapse=0.00000 shell_inner=0.00000 shell_outer=0.00000 homogeneity=0.0000 body=0.00000 bowel=0.15092 femur=0.05197 penile=0.00000
2026-06-02 12:14:20 [INFO] Step 40/54 Loss=36.4143 mse=0.8695 v_opt=0.24401 v_mand=0.08772 ptv=0.0071 ptv_max=0.03197 global_ceil=0.04397 ring=0.00115 smooth=0.0603 laplacian=0.2337 anticollapse=0.00000 shell_inner=0.00000 shell_outer=0.00000 homogeneity=0.0000 body=0.00000 bowel=0.43769 femur=0.11619 penile=0.00000
2026-06-02 12:14:27 [INFO] Step 45/54 Loss=21.8578 mse=0.5797 v_opt=0.20458 v_mand=0.05613 ptv=0.0073 ptv_max=0.02601 global_ceil=0.02005 ring=0.00025 smooth=0.0313 laplacian=0.1085 anticollapse=0.00000 shell_inner=0.00000 shell_outer=0.00000 homogeneity=0.0000 body=0.00000 bowel=0.13891 femur=0.08740 penile=0.00000
2026-06-02 12:14:32 [INFO] Step 50/54 Loss=19.9633 mse=0.7114 v_opt=0.06810 v_mand=0.00249 ptv=0.0074 ptv_max=0.00024 global_ceil=0.01555 ring=0.00003 smooth=0.0356 laplacian=0.1301 anticollapse=0.00000 shell_inner=0.00000 shell_outer=0.00000 homogeneity=0.0000 body=0.00000 bowel=0.00000 femur=0.00000 penile=0.00000
2026-06-02 12:14:37 [INFO] Step 54/54 Loss=14.1657 mse=0.4369 v_opt=0.05728 v_mand=0.00049 ptv=0.0124 ptv_max=0.01908 global_ceil=0.00747 ring=0.00006 smooth=0.0308 laplacian=0.1096 anticollapse=0.00000 shell_inner=0.00000 shell_outer=0.00000 homogeneity=0.0000 body=0.00000 bowel=0.12188 femur=0.02433 penile=0.00000
2026-06-02 12:14:37 [INFO] Running validation at epoch 53...
2026-06-02 12:15:13 [INFO] Epoch 53 Summary: Train=19.4062 Val=0.0493 (MSE=0.0493)
          Coverage D95:  PTV60_D95=46.77Gy  PTV44_D95=38.21Gy
          SIB Means:    PTV60=55.26Gy PTV44=47.25Gy
          OAR Metrics:  Bladder=37.27Gy Rectum=33.34Gy Bowel=40.26Gy Femur=42.92Gy Ring=48.99Gy Penile=39.82Gy
          Physics:      Dmax=90.79Gy BG=50.38Gy
2026-06-02 12:15:13 [INFO] Epoch 54/300 [RAMP 54/75 (72% of physics)] ramp=0.720 lr=9.26e-05
2026-06-02 12:15:21 [INFO] Step 5/54 Loss=13.0534 mse=0.3913 v_opt=0.19947 v_mand=0.02464 ptv=0.0110 ptv_max=0.00739 global_ceil=0.00176 ring=0.00000 smooth=0.0420 laplacian=0.1517 anticollapse=0.00000 shell_inner=0.00000 shell_outer=0.00000 homogeneity=0.0000 body=0.00000 bowel=0.09431 femur=0.03459 penile=0.00000
2026-06-02 12:15:26 [INFO] Step 10/54 Loss=17.3481 mse=0.4993 v_opt=0.03588 v_mand=0.00029 ptv=0.0152 ptv_max=0.01741 global_ceil=0.01836 ring=0.00021 smooth=0.0349 laplacian=0.1261 anticollapse=0.00000 shell_inner=0.00000 shell_outer=0.00000 homogeneity=0.0000 body=0.00000 bowel=0.14987 femur=0.03147 penile=0.00000
2026-06-02 12:15:32 [INFO] Step 15/54 Loss=13.7654 mse=0.3844 v_opt=0.15346 v_mand=0.02332 ptv=0.0089 ptv_max=0.01045 global_ceil=0.00368 ring=0.00000 smooth=0.0374 laplacian=0.1347 anticollapse=0.00000 shell_inner=0.00000 shell_outer=0.00000 homogeneity=0.0000 body=0.00000 bowel=0.17174 femur=0.03038 penile=0.00000
2026-06-02 12:15:38 [INFO] Step 20/54 Loss=13.9824 mse=0.4722 v_opt=0.13716 v_mand=0.00946 ptv=0.0066 ptv_max=0.01364 global_ceil=0.00732 ring=0.00001 smooth=0.0348 laplacian=0.1227 anticollapse=0.00000 shell_inner=0.00000 shell_outer=0.00000 homogeneity=0.0000 body=0.00000 bowel=0.00000 femur=0.03324 penile=0.00000
2026-06-02 12:15:45 [INFO] Step 25/54 Loss=23.1426 mse=0.4587 v_opt=0.00000 v_mand=0.00000 ptv=0.0300 ptv_max=0.01833 global_ceil=0.08364 ring=0.00003 smooth=0.0594 laplacian=0.2203 anticollapse=0.00001 shell_inner=0.00000 shell_outer=0.00000 homogeneity=0.0000 body=0.00000 bowel=0.10123 femur=0.00000 penile=0.00000
2026-06-02 12:15:50 [INFO] Step 30/54 Loss=19.6302 mse=0.6555 v_opt=0.08023 v_mand=0.00561 ptv=0.0063 ptv_max=0.00110 global_ceil=0.02368 ring=0.00008 smooth=0.0441 laplacian=0.1689 anticollapse=0.00000 shell_inner=0.00000 shell_outer=0.00000 homogeneity=0.0000 body=0.00000 bowel=0.00000 femur=0.00000 penile=0.00000
2026-06-02 12:15:56 [INFO] Step 35/54 Loss=8.3427 mse=0.2819 v_opt=0.03923 v_mand=0.00001 ptv=0.0261 ptv_max=0.00220 global_ceil=0.00008 ring=0.00000 smooth=0.0267 laplacian=0.0907 anticollapse=0.00001 shell_inner=0.00000 shell_outer=0.00000 homogeneity=0.0000 body=0.00000 bowel=0.01078 femur=0.02033 penile=0.00000
2026-06-02 12:16:03 [INFO] Step 40/54 Loss=25.8547 mse=0.7871 v_opt=0.07779 v_mand=0.00484 ptv=0.0077 ptv_max=0.02248 global_ceil=0.02062 ring=0.00063 smooth=0.0456 laplacian=0.1695 anticollapse=0.00000 shell_inner=0.00000 shell_outer=0.00000 homogeneity=0.0000 body=0.00000 bowel=0.19727 femur=0.09009 penile=0.00000
2026-06-02 12:16:08 [INFO] Step 45/54 Loss=12.6808 mse=0.4261 v_opt=0.19468 v_mand=0.03373 ptv=0.0118 ptv_max=0.00023 global_ceil=0.00046 ring=0.00001 smooth=0.0336 laplacian=0.1199 anticollapse=0.00000 shell_inner=0.00000 shell_outer=0.00000 homogeneity=0.0000 body=0.00000 bowel=0.00000 femur=0.00000 penile=0.00001
2026-06-02 12:16:15 [INFO] Step 50/54 Loss=20.3819 mse=0.7038 v_opt=0.14650 v_mand=0.00962 ptv=0.0058 ptv_max=0.00010 global_ceil=0.01527 ring=0.00004 smooth=0.0360 laplacian=0.1322 anticollapse=0.00000 shell_inner=0.00000 shell_outer=0.00000 homogeneity=0.0000 body=0.00000 bowel=0.00000 femur=0.00000 penile=0.03893
2026-06-02 12:16:20 [INFO] Step 54/54 Loss=32.9515 mse=0.8091 v_opt=0.06906 v_mand=0.00307 ptv=0.0052 ptv_max=0.02211 global_ceil=0.06873 ring=0.00062 smooth=0.0505 laplacian=0.1907 anticollapse=0.00000 shell_inner=0.00000 shell_outer=0.00000 homogeneity=0.0000 body=0.00000 bowel=0.32760 femur=0.10278 penile=0.00000
2026-06-02 12:16:20 [INFO] Running validation at epoch 54...
2026-06-02 12:16:56 [INFO] Epoch 54 Summary: Train=21.4020 Val=0.0473 (MSE=0.0473)
          Coverage D95:  PTV60_D95=48.01Gy  PTV44_D95=39.09Gy
          SIB Means:    PTV60=56.31Gy PTV44=47.54Gy
          OAR Metrics:  Bladder=37.24Gy Rectum=35.10Gy Bowel=39.78Gy Femur=42.52Gy Ring=49.41Gy Penile=44.56Gy
          Physics:      Dmax=105.77Gy BG=49.45Gy
2026-06-02 12:16:56 [INFO] [DIAGNOSTIC] Saved fallback model MSE=0.0473
2026-06-02 12:16:56 [INFO] Epoch 55/300 [RAMP 55/75 (73% of physics)] ramp=0.733 lr=9.23e-05
2026-06-02 12:17:04 [INFO] Step 5/54 Loss=12.6718 mse=0.3693 v_opt=0.23279 v_mand=0.03676 ptv=0.0088 ptv_max=0.00704 global_ceil=0.00080 ring=0.00000 smooth=0.0287 laplacian=0.0970 anticollapse=0.00000 shell_inner=0.00000 shell_outer=0.00000 homogeneity=0.0000 body=0.00000 bowel=0.08881 femur=0.02139 penile=0.00000
2026-06-02 12:17:09 [INFO] Step 10/54 Loss=17.6743 mse=0.5087 v_opt=0.12189 v_mand=0.01006 ptv=0.0116 ptv_max=0.02161 global_ceil=0.01774 ring=0.00004 smooth=0.0424 laplacian=0.1507 anticollapse=0.00000 shell_inner=0.00000 shell_outer=0.00000 homogeneity=0.0000 body=0.00000 bowel=0.09967 femur=0.03607 penile=0.01504
2026-06-02 12:17:17 [INFO] Step 15/54 Loss=10.9228 mse=0.3997 v_opt=0.04993 v_mand=0.00050 ptv=0.0117 ptv_max=0.00897 global_ceil=0.00015 ring=0.00000 smooth=0.0271 laplacian=0.0928 anticollapse=0.00000 shell_inner=0.00000 shell_outer=0.00000 homogeneity=0.0000 body=0.00000 bowel=0.00000 femur=0.02186 penile=0.00000
2026-06-02 12:17:22 [INFO] Step 20/54 Loss=9.5549 mse=0.2817 v_opt=0.09127 v_mand=0.01304 ptv=0.0145 ptv_max=0.00687 global_ceil=0.00005 ring=0.00000 smooth=0.0317 laplacian=0.1109 anticollapse=0.00000 shell_inner=0.00000 shell_outer=0.00000 homogeneity=0.0000 body=0.00000 bowel=0.08878 femur=0.02685 penile=0.00000
2026-06-02 12:17:29 [INFO] Step 25/54 Loss=11.6614 mse=0.4366 v_opt=0.06792 v_mand=0.00192 ptv=0.0090 ptv_max=0.00000 global_ceil=0.00158 ring=0.00000 smooth=0.0377 laplacian=0.1227 anticollapse=0.00000 shell_inner=0.00000 shell_outer=0.00000 homogeneity=0.0000 body=0.00000 bowel=0.00000 femur=0.00000 penile=0.00000
2026-06-02 12:17:35 [INFO] Step 30/54 Loss=23.0889 mse=0.5663 v_opt=0.07929 v_mand=0.00249 ptv=0.0080 ptv_max=0.03043 global_ceil=0.02872 ring=0.00061 smooth=0.0488 laplacian=0.1825 anticollapse=0.00000 shell_inner=0.00000 shell_outer=0.00000 homogeneity=0.0000 body=0.00000 bowel=0.36742 femur=0.05794 penile=0.00000
2026-06-02 12:17:42 [INFO] Step 35/54 Loss=20.4464 mse=0.6133 v_opt=0.10877 v_mand=0.00568 ptv=0.0047 ptv_max=0.01949 global_ceil=0.00984 ring=0.00009 smooth=0.0400 laplacian=0.1456 anticollapse=0.00000 shell_inner=0.00000 shell_outer=0.00000 homogeneity=0.0000 body=0.00000 bowel=0.23356 femur=0.05280 penile=0.00000
2026-06-02 12:17:47 [INFO] Step 40/54 Loss=20.6449 mse=0.4128 v_opt=0.00093 v_mand=0.00000 ptv=0.0067 ptv_max=0.02315 global_ceil=0.02571 ring=0.00037 smooth=0.0212 laplacian=0.0806 anticollapse=0.00000 shell_inner=0.00000 shell_outer=0.00000 homogeneity=0.0000 body=0.00000 bowel=0.60824 femur=0.00000 penile=0.00000
2026-06-02 12:17:54 [INFO] Step 45/54 Loss=12.5881 mse=0.4004 v_opt=0.12364 v_mand=0.01556 ptv=0.0098 ptv_max=0.00789 global_ceil=0.00071 ring=0.00000 smooth=0.0328 laplacian=0.1184 anticollapse=0.00000 shell_inner=0.00000 shell_outer=0.00000 homogeneity=0.0000 body=0.00000 bowel=0.08680 femur=0.02681 penile=0.00000
2026-06-02 12:18:00 [INFO] Step 50/54 Loss=36.3711 mse=0.8114 v_opt=0.28424 v_mand=0.11108 ptv=0.0073 ptv_max=0.03049 global_ceil=0.05707 ring=0.00201 smooth=0.0543 laplacian=0.2043 anticollapse=0.00000 shell_inner=0.00000 shell_outer=0.00000 homogeneity=0.0000 body=0.00000 bowel=0.35009 femur=0.04780 penile=0.00000
2026-06-02 12:18:04 [INFO] Step 54/54 Loss=10.3751 mse=0.3731 v_opt=0.03970 v_mand=0.00026 ptv=0.0137 ptv_max=0.00401 global_ceil=0.00121 ring=0.00000 smooth=0.0258 laplacian=0.0849 anticollapse=0.00003 shell_inner=0.00000 shell_outer=0.00000 homogeneity=0.0000 body=0.00000 bowel=0.00000 femur=0.03145 penile=0.00000
2026-06-02 12:18:04 [INFO] Running validation at epoch 55...
2026-06-02 12:18:41 [INFO] Epoch 55 Summary: Train=19.0987 Val=0.0469 (MSE=0.0469)
          Coverage D95:  PTV60_D95=48.30Gy  PTV44_D95=39.48Gy
          SIB Means:    PTV60=57.67Gy PTV44=48.44Gy
          OAR Metrics:  Bladder=37.36Gy Rectum=36.66Gy Bowel=39.77Gy Femur=42.41Gy Ring=49.83Gy Penile=42.58Gy
          Physics:      Dmax=96.68Gy BG=49.24Gy
2026-06-02 12:18:41 [INFO] [DIAGNOSTIC] Saved fallback model MSE=0.0469
2026-06-02 12:18:41 [INFO] Epoch 56/300 [RAMP 56/75 (75% of physics)] ramp=0.747 lr=9.20e-05
2026-06-02 12:18:48 [INFO] Step 5/54 Loss=20.5151 mse=0.5659 v_opt=0.13064 v_mand=0.01443 ptv=0.0061 ptv_max=0.02469 global_ceil=0.02533 ring=0.00048 smooth=0.0434 laplacian=0.1567 anticollapse=0.00000 shell_inner=0.00000 shell_outer=0.00000 homogeneity=0.0000 body=0.00000 bowel=0.13258 femur=0.05529 penile=0.00000
2026-06-02 12:18:53 [INFO] Step 10/54 Loss=17.5505 mse=0.6082 v_opt=0.00034 v_mand=0.00000 ptv=0.0073 ptv_max=0.00970 global_ceil=0.01388 ring=0.00005 smooth=0.0274 laplacian=0.0965 anticollapse=0.00000 shell_inner=0.00000 shell_outer=0.00000 homogeneity=0.0000 body=0.00000 bowel=0.00127 femur=0.02787 penile=0.00314
2026-06-02 12:19:00 [INFO] Step 15/54 Loss=14.2114 mse=0.4520 v_opt=0.16574 v_mand=0.03005 ptv=0.0132 ptv_max=0.00070 global_ceil=0.00862 ring=0.00003 smooth=0.0380 laplacian=0.1366 anticollapse=0.00000 shell_inner=0.00000 shell_outer=0.00000 homogeneity=0.0000 body=0.00000 bowel=0.00000 femur=0.00000 penile=0.00000
2026-06-02 12:19:05 [INFO] Step 20/54 Loss=29.7928 mse=0.7919 v_opt=0.01865 v_mand=0.00000 ptv=0.0112 ptv_max=0.02536 global_ceil=0.02915 ring=0.00086 smooth=0.0456 laplacian=0.1714 anticollapse=0.00000 shell_inner=0.00000 shell_outer=0.00000 homogeneity=0.0000 body=0.00000 bowel=0.43609 femur=0.08955 penile=0.00603
2026-06-02 12:19:13 [INFO] Step 25/54 Loss=10.1016 mse=0.2894 v_opt=0.11312 v_mand=0.01291 ptv=0.0157 ptv_max=0.00524 global_ceil=0.00015 ring=0.00000 smooth=0.0288 laplacian=0.0984 anticollapse=0.00000 shell_inner=0.00000 shell_outer=0.00000 homogeneity=0.0000 body=0.00000 bowel=0.11578 femur=0.02336 penile=0.00000
2026-06-02 12:19:18 [INFO] Step 30/54 Loss=12.0011 mse=0.2403 v_opt=0.19784 v_mand=0.07193 ptv=0.0707 ptv_max=0.00035 global_ceil=0.00000 ring=0.00000 smooth=0.0186 laplacian=0.0628 anticollapse=0.00463 shell_inner=0.00000 shell_outer=0.00000 homogeneity=0.0000 body=0.00000 bowel=0.00000 femur=0.00770 penile=0.00000
2026-06-02 12:19:26 [INFO] Step 35/54 Loss=28.4641 mse=0.6242 v_opt=0.34599 v_mand=0.13815 ptv=0.0042 ptv_max=0.02356 global_ceil=0.02680 ring=0.00094 smooth=0.0461 laplacian=0.1719 anticollapse=0.00000 shell_inner=0.00000 shell_outer=0.00000 homogeneity=0.0000 body=0.00000 bowel=0.23417 femur=0.09754 penile=0.00000
2026-06-02 12:19:31 [INFO] Step 40/54 Loss=9.7419 mse=0.3052 v_opt=0.04319 v_mand=0.00252 ptv=0.0143 ptv_max=0.00605 global_ceil=0.00004 ring=0.00000 smooth=0.0297 laplacian=0.1059 anticollapse=0.00000 shell_inner=0.00000 shell_outer=0.00000 homogeneity=0.0000 body=0.00000 bowel=0.09620 femur=0.02180 penile=0.00000
2026-06-02 12:19:38 [INFO] Step 45/54 Loss=14.5280 mse=0.4492 v_opt=0.16427 v_mand=0.01536 ptv=0.0090 ptv_max=0.01064 global_ceil=0.00659 ring=0.00001 smooth=0.0350 laplacian=0.1274 anticollapse=0.00000 shell_inner=0.00000 shell_outer=0.00000 homogeneity=0.0000 body=0.00000 bowel=0.07049 femur=0.03732 penile=0.00337
2026-06-02 12:19:43 [INFO] Step 50/54 Loss=22.2425 mse=0.5601 v_opt=0.05807 v_mand=0.00086 ptv=0.0114 ptv_max=0.03522 global_ceil=0.03160 ring=0.00102 smooth=0.0399 laplacian=0.1471 anticollapse=0.00000 shell_inner=0.00000 shell_outer=0.00000 homogeneity=0.0000 body=0.00000 bowel=0.26263 femur=0.04346 penile=0.00000
2026-06-02 12:19:48 [INFO] Step 54/54 Loss=18.1043 mse=0.6325 v_opt=0.08378 v_mand=0.00544 ptv=0.0049 ptv_max=0.00089 global_ceil=0.01463 ring=0.00005 smooth=0.0437 laplacian=0.1636 anticollapse=0.00000 shell_inner=0.00000 shell_outer=0.00000 homogeneity=0.0000 body=0.00000 bowel=0.00000 femur=0.00000 penile=0.00000
2026-06-02 12:19:48 [INFO] Running validation at epoch 56...
2026-06-02 12:20:25 [INFO] Epoch 56 Summary: Train=16.7549 Val=0.0463 (MSE=0.0463)
          Coverage D95:  PTV60_D95=48.10Gy  PTV44_D95=40.21Gy
          SIB Means:    PTV60=57.60Gy PTV44=48.94Gy
          OAR Metrics:  Bladder=36.23Gy Rectum=36.09Gy Bowel=39.68Gy Femur=42.05Gy Ring=49.65Gy Penile=43.28Gy
          Physics:      Dmax=104.27Gy BG=49.02Gy
2026-06-02 12:20:25 [INFO] [DIAGNOSTIC] Saved fallback model MSE=0.0463
2026-06-02 12:20:25 [INFO] Epoch 57/300 [RAMP 57/75 (76% of physics)] ramp=0.760 lr=9.17e-05
2026-06-02 12:20:32 [INFO] Step 5/54 Loss=3.1916 mse=0.1215 v_opt=0.00000 v_mand=0.00000 ptv=0.0000 ptv_max=0.00000 global_ceil=0.00106 ring=0.00000 smooth=0.0082 laplacian=0.0257 anticollapse=0.00000 shell_inner=0.00000 shell_outer=0.00000 homogeneity=0.0000 body=0.00000 bowel=0.00095 femur=0.00000 penile=0.00000
2026-06-02 12:20:37 [INFO] Step 10/54 Loss=9.3270 mse=0.2330 v_opt=0.09892 v_mand=0.01217 ptv=0.0111 ptv_max=0.01054 global_ceil=0.00039 ring=0.00000 smooth=0.0242 laplacian=0.0832 anticollapse=0.00000 shell_inner=0.00000 shell_outer=0.00000 homogeneity=0.0000 body=0.00000 bowel=0.17001 femur=0.02799 penile=0.00000
2026-06-02 12:20:45 [INFO] Step 15/54 Loss=25.8044 mse=0.5343 v_opt=0.00290 v_mand=0.00000 ptv=0.0190 ptv_max=0.03321 global_ceil=0.02957 ring=0.00147 smooth=0.0385 laplacian=0.1424 anticollapse=0.00000 shell_inner=0.00000 shell_outer=0.00000 homogeneity=0.0000 body=0.00000 bowel=0.64921 femur=0.01473 penile=0.00000
2026-06-02 12:20:50 [INFO] Step 20/54 Loss=17.7318 mse=0.5112 v_opt=0.00000 v_mand=0.00000 ptv=0.0077 ptv_max=0.02864 global_ceil=0.01848 ring=0.00065 smooth=0.0350 laplacian=0.1290 anticollapse=0.00000 shell_inner=0.00000 shell_outer=0.00000 homogeneity=0.0000 body=0.00000 bowel=0.13120 femur=0.04082 penile=0.00000
2026-06-02 12:20:57 [INFO] Step 25/54 Loss=27.9219 mse=0.5480 v_opt=0.00000 v_mand=0.00000 ptv=0.0027 ptv_max=0.03000 global_ceil=0.06726 ring=0.00090 smooth=0.0349 laplacian=0.1276 anticollapse=0.00004 shell_inner=0.00000 shell_outer=0.00000 homogeneity=0.0000 body=0.00000 bowel=0.49538 femur=0.00000 penile=0.00000
2026-06-02 12:21:02 [INFO] Step 30/54 Loss=15.3955 mse=0.3940 v_opt=0.17721 v_mand=0.02773 ptv=0.0207 ptv_max=0.01202 global_ceil=0.00488 ring=0.00001 smooth=0.0354 laplacian=0.1287 anticollapse=0.00000 shell_inner=0.00000 shell_outer=0.00000 homogeneity=0.0000 body=0.00000 bowel=0.20944 femur=0.02318 penile=0.00104
2026-06-02 12:21:09 [INFO] Step 35/54 Loss=8.9744 mse=0.3380 v_opt=0.03993 v_mand=0.00141 ptv=0.0084 ptv_max=0.00001 global_ceil=0.00047 ring=0.00000 smooth=0.0242 laplacian=0.0780 anticollapse=0.00000 shell_inner=0.00000 shell_outer=0.00000 homogeneity=0.0000 body=0.00000 bowel=0.00000 femur=0.00000 penile=0.00000
2026-06-02 12:21:14 [INFO] Step 40/54 Loss=24.3383 mse=0.6517 v_opt=0.23813 v_mand=0.04407 ptv=0.0066 ptv_max=0.01961 global_ceil=0.03089 ring=0.00053 smooth=0.0490 laplacian=0.1835 anticollapse=0.00000 shell_inner=0.00000 shell_outer=0.00000 homogeneity=0.0000 body=0.00000 bowel=0.10279 femur=0.06238 penile=0.00000
2026-06-02 12:21:22 [INFO] Step 45/54 Loss=21.7536 mse=0.6740 v_opt=0.12877 v_mand=0.00732 ptv=0.0070 ptv_max=0.01271 global_ceil=0.02067 ring=0.00011 smooth=0.0371 laplacian=0.1313 anticollapse=0.00000 shell_inner=0.00000 shell_outer=0.00000 homogeneity=0.0000 body=0.00000 bowel=0.09201 femur=0.04994 penile=0.00000
2026-06-02 12:21:27 [INFO] Step 50/54 Loss=11.9328 mse=0.4079 v_opt=0.05679 v_mand=0.00194 ptv=0.0083 ptv_max=0.00652 global_ceil=0.00073 ring=0.00000 smooth=0.0252 laplacian=0.0898 anticollapse=0.00000 shell_inner=0.00000 shell_outer=0.00000 homogeneity=0.0000 body=0.00000 bowel=0.07142 femur=0.02198 penile=0.00000
2026-06-02 12:21:32 [INFO] Step 54/54 Loss=21.3630 mse=0.5901 v_opt=0.13062 v_mand=0.01679 ptv=0.0055 ptv_max=0.01869 global_ceil=0.01494 ring=0.00022 smooth=0.0368 laplacian=0.1348 anticollapse=0.00000 shell_inner=0.00000 shell_outer=0.00000 homogeneity=0.0000 body=0.00000 bowel=0.26393 femur=0.04329 penile=0.00000
2026-06-02 12:21:32 [INFO] Running validation at epoch 57...
2026-06-02 12:22:08 [INFO] Epoch 57 Summary: Train=18.2315 Val=0.0462 (MSE=0.0462)
          Coverage D95:  PTV60_D95=48.61Gy  PTV44_D95=39.21Gy
          SIB Means:    PTV60=57.15Gy PTV44=47.48Gy
          OAR Metrics:  Bladder=36.67Gy Rectum=35.76Gy Bowel=39.63Gy Femur=41.92Gy Ring=49.40Gy Penile=43.20Gy
          Physics:      Dmax=95.61Gy BG=48.84Gy
2026-06-02 12:22:08 [INFO] [DIAGNOSTIC] Saved fallback model MSE=0.0462
2026-06-02 12:22:08 [INFO] Epoch 58/300 [RAMP 58/75 (77% of physics)] ramp=0.773 lr=9.14e-05
2026-06-02 12:22:16 [INFO] Step 5/54 Loss=37.3626 mse=0.8375 v_opt=0.00945 v_mand=0.00000 ptv=0.0068 ptv_max=0.02338 global_ceil=0.08542 ring=0.00078 smooth=0.0488 laplacian=0.1789 anticollapse=0.00000 shell_inner=0.00000 shell_outer=0.00000 homogeneity=0.0000 body=0.00000 bowel=0.42401 femur=0.08186 penile=0.00000
2026-06-02 12:22:21 [INFO] Step 10/54 Loss=16.3835 mse=0.4618 v_opt=0.02750 v_mand=0.00000 ptv=0.0067 ptv_max=0.01328 global_ceil=0.02621 ring=0.00013 smooth=0.0232 laplacian=0.0790 anticollapse=0.00000 shell_inner=0.00000 shell_outer=0.00000 homogeneity=0.0000 body=0.00000 bowel=0.06822 femur=0.04534 penile=0.00000
2026-06-02 12:22:28 [INFO] Step 15/54 Loss=30.3873 mse=0.6103 v_opt=0.28221 v_mand=0.09064 ptv=0.0095 ptv_max=0.03079 global_ceil=0.04272 ring=0.00195 smooth=0.0423 laplacian=0.1579 anticollapse=0.00000 shell_inner=0.00000 shell_outer=0.00000 homogeneity=0.0000 body=0.00000 bowel=0.38591 femur=0.06934 penile=0.00000
2026-06-02 12:22:33 [INFO] Step 20/54 Loss=23.1475 mse=0.6488 v_opt=0.09319 v_mand=0.00306 ptv=0.0059 ptv_max=0.01527 global_ceil=0.02329 ring=0.00053 smooth=0.0586 laplacian=0.2145 anticollapse=0.00000 shell_inner=0.00000 shell_outer=0.00000 homogeneity=0.0000 body=0.00000 bowel=0.22752 femur=0.07297 penile=0.00000
2026-06-02 12:22:40 [INFO] Step 25/54 Loss=25.6179 mse=0.6675 v_opt=0.03589 v_mand=0.00000 ptv=0.0070 ptv_max=0.01779 global_ceil=0.01880 ring=0.00018 smooth=0.0385 laplacian=0.1442 anticollapse=0.00000 shell_inner=0.00000 shell_outer=0.00000 homogeneity=0.0000 body=0.00000 bowel=0.47994 femur=0.04378 penile=0.00000
2026-06-02 12:22:45 [INFO] Step 30/54 Loss=8.3812 mse=0.2741 v_opt=0.04274 v_mand=0.00539 ptv=0.0004 ptv_max=0.00390 global_ceil=0.00000 ring=0.00000 smooth=0.0272 laplacian=0.0930 anticollapse=0.00000 shell_inner=0.00000 shell_outer=0.00000 homogeneity=0.0000 body=0.00000 bowel=0.07766 femur=0.02174 penile=0.00000
2026-06-02 12:22:52 [INFO] Step 35/54 Loss=10.3013 mse=0.3444 v_opt=0.09651 v_mand=0.00602 ptv=0.0118 ptv_max=0.00688 global_ceil=0.00015 ring=0.00000 smooth=0.0273 laplacian=0.0946 anticollapse=0.00000 shell_inner=0.00000 shell_outer=0.00000 homogeneity=0.0000 body=0.00000 bowel=0.04156 femur=0.01967 penile=0.00000
2026-06-02 12:22:58 [INFO] Step 40/54 Loss=19.6739 mse=0.5668 v_opt=0.08276 v_mand=0.00411 ptv=0.0058 ptv_max=0.02287 global_ceil=0.01444 ring=0.00024 smooth=0.0584 laplacian=0.2207 anticollapse=0.00000 shell_inner=0.00000 shell_outer=0.00000 homogeneity=0.0000 body=0.00000 bowel=0.18253 femur=0.06243 penile=0.00126
2026-06-02 12:23:04 [INFO] Step 45/54 Loss=7.5242 mse=0.2331 v_opt=0.14379 v_mand=0.02175 ptv=0.0107 ptv_max=0.00127 global_ceil=0.00151 ring=0.00001 smooth=0.0191 laplacian=0.0666 anticollapse=0.00000 shell_inner=0.00000 shell_outer=0.00000 homogeneity=0.0000 body=0.00000 bowel=0.00000 femur=0.00000 penile=0.00000
2026-06-02 12:23:10 [INFO] Step 50/54 Loss=16.8279 mse=0.4731 v_opt=0.06506 v_mand=0.00220 ptv=0.0086 ptv_max=0.01562 global_ceil=0.02050 ring=0.00015 smooth=0.0330 laplacian=0.1196 anticollapse=0.00000 shell_inner=0.00000 shell_outer=0.00000 homogeneity=0.0000 body=0.00000 bowel=0.11760 femur=0.03914 penile=0.00000
2026-06-02 12:23:14 [INFO] Step 54/54 Loss=15.4323 mse=0.4736 v_opt=0.14612 v_mand=0.00708 ptv=0.0056 ptv_max=0.01657 global_ceil=0.00447 ring=0.00001 smooth=0.0416 laplacian=0.1507 anticollapse=0.00000 shell_inner=0.00000 shell_outer=0.00000 homogeneity=0.0000 body=0.00000 bowel=0.14065 femur=0.02975 penile=0.00000
2026-06-02 12:23:15 [INFO] Running validation at epoch 58...
2026-06-02 12:23:51 [INFO] Epoch 58 Summary: Train=19.2935 Val=0.0464 (MSE=0.0464)
          Coverage D95:  PTV60_D95=48.17Gy  PTV44_D95=40.16Gy
          SIB Means:    PTV60=57.41Gy PTV44=48.54Gy
          OAR Metrics:  Bladder=36.20Gy Rectum=37.54Gy Bowel=39.50Gy Femur=41.99Gy Ring=49.70Gy Penile=43.10Gy
          Physics:      Dmax=95.73Gy BG=49.03Gy
2026-06-02 12:23:51 [INFO] Epoch 59/300 [RAMP 59/75 (79% of physics)] ramp=0.787 lr=9.11e-05
2026-06-02 12:23:59 [INFO] Step 5/54 Loss=6.8552 mse=0.2333 v_opt=0.05106 v_mand=0.00020 ptv=0.0082 ptv_max=0.00641 global_ceil=0.00003 ring=0.00000 smooth=0.0205 laplacian=0.0708 anticollapse=0.00000 shell_inner=0.00000 shell_outer=0.00000 homogeneity=0.0000 body=0.00000 bowel=0.02441 femur=0.01730 penile=0.00000
2026-06-02 12:24:04 [INFO] Step 10/54 Loss=26.0024 mse=0.6297 v_opt=0.00055 v_mand=0.00018 ptv=0.0004 ptv_max=0.02230 global_ceil=0.02716 ring=0.00076 smooth=0.0438 laplacian=0.1617 anticollapse=0.00000 shell_inner=0.00000 shell_outer=0.00000 homogeneity=0.0000 body=0.00000 bowel=0.52584 femur=0.01802 penile=0.00000
2026-06-02 12:24:11 [INFO] Step 15/54 Loss=16.7086 mse=0.5013 v_opt=0.06688 v_mand=0.00038 ptv=0.0055 ptv_max=0.02570 global_ceil=0.02083 ring=0.00050 smooth=0.0339 laplacian=0.1233 anticollapse=0.00000 shell_inner=0.00000 shell_outer=0.00000 homogeneity=0.0000 body=0.00000 bowel=0.00000 femur=0.08610 penile=0.00000
2026-06-02 12:24:15 [INFO] Step 20/54 Loss=24.3977 mse=0.7437 v_opt=0.07022 v_mand=0.00114 ptv=0.0071 ptv_max=0.02069 global_ceil=0.02128 ring=0.00047 smooth=0.0453 laplacian=0.1729 anticollapse=0.00000 shell_inner=0.00000 shell_outer=0.00000 homogeneity=0.0000 body=0.00000 bowel=0.12667 femur=0.09430 penile=0.00000
2026-06-02 12:24:23 [INFO] Step 25/54 Loss=18.3983 mse=0.5448 v_opt=0.08089 v_mand=0.00530 ptv=0.0138 ptv_max=0.02087 global_ceil=0.01232 ring=0.00028 smooth=0.0337 laplacian=0.1166 anticollapse=0.00000 shell_inner=0.00000 shell_outer=0.00000 homogeneity=0.0000 body=0.00000 bowel=0.12163 femur=0.05886 penile=0.00000
2026-06-02 12:24:28 [INFO] Step 30/54 Loss=18.9094 mse=0.5701 v_opt=0.07570 v_mand=0.00188 ptv=0.0077 ptv_max=0.01640 global_ceil=0.01518 ring=0.00029 smooth=0.0320 laplacian=0.1194 anticollapse=0.00000 shell_inner=0.00000 shell_outer=0.00000 homogeneity=0.0000 body=0.00000 bowel=0.12710 femur=0.05086 penile=0.00000
2026-06-02 12:24:35 [INFO] Step 35/54 Loss=16.6936 mse=0.5771 v_opt=0.02566 v_mand=0.00000 ptv=0.0061 ptv_max=0.01306 global_ceil=0.00739 ring=0.00002 smooth=0.0305 laplacian=0.1064 anticollapse=0.00000 shell_inner=0.00000 shell_outer=0.00000 homogeneity=0.0000 body=0.00000 bowel=0.03691 femur=0.03788 penile=0.00000
2026-06-02 12:24:41 [INFO] Step 40/54 Loss=3.9944 mse=0.1572 v_opt=0.00000 v_mand=0.00000 ptv=0.0000 ptv_max=0.00000 global_ceil=0.00005 ring=0.00000 smooth=0.0189 laplacian=0.0639 anticollapse=0.00000 shell_inner=0.00000 shell_outer=0.00000 homogeneity=0.0000 body=0.00000 bowel=0.00000 femur=0.00000 penile=0.00000
2026-06-02 12:24:47 [INFO] Step 45/54 Loss=20.6795 mse=0.6874 v_opt=0.12699 v_mand=0.00811 ptv=0.0061 ptv_max=0.00033 global_ceil=0.02217 ring=0.00006 smooth=0.0403 laplacian=0.1508 anticollapse=0.00000 shell_inner=0.00000 shell_outer=0.00000 homogeneity=0.0000 body=0.00000 bowel=0.00000 femur=0.00000 penile=0.00000
2026-06-02 12:24:53 [INFO] Step 50/54 Loss=15.1638 mse=0.4905 v_opt=0.13801 v_mand=0.02188 ptv=0.0106 ptv_max=0.00104 global_ceil=0.01111 ring=0.00017 smooth=0.0356 laplacian=0.1246 anticollapse=0.00000 shell_inner=0.00000 shell_outer=0.00000 homogeneity=0.0000 body=0.00000 bowel=0.00000 femur=0.00000 penile=0.00000
2026-06-02 12:24:58 [INFO] Step 54/54 Loss=22.4483 mse=0.6629 v_opt=0.10250 v_mand=0.00360 ptv=0.0108 ptv_max=0.01874 global_ceil=0.01275 ring=0.00009 smooth=0.0363 laplacian=0.1371 anticollapse=0.00000 shell_inner=0.00000 shell_outer=0.00000 homogeneity=0.0000 body=0.00000 bowel=0.22451 femur=0.05997 penile=0.00000
2026-06-02 12:24:58 [INFO] Running validation at epoch 59...
2026-06-02 12:25:34 [INFO] Epoch 59 Summary: Train=18.1198 Val=0.0467 (MSE=0.0467)
          Coverage D95:  PTV60_D95=47.47Gy  PTV44_D95=39.16Gy
          SIB Means:    PTV60=56.17Gy PTV44=47.69Gy
          OAR Metrics:  Bladder=35.93Gy Rectum=33.75Gy Bowel=39.68Gy Femur=42.31Gy Ring=49.15Gy Penile=43.73Gy
          Physics:      Dmax=89.58Gy BG=49.13Gy
2026-06-02 12:25:34 [INFO] Epoch 60/300 [RAMP 60/75 (80% of physics)] ramp=0.800 lr=9.08e-05
2026-06-02 12:25:42 [INFO] Step 5/54 Loss=10.0978 mse=0.3429 v_opt=0.03348 v_mand=0.00031 ptv=0.0073 ptv_max=0.00974 global_ceil=0.00113 ring=0.00000 smooth=0.0306 laplacian=0.1103 anticollapse=0.00000 shell_inner=0.00000 shell_outer=0.00000 homogeneity=0.0000 body=0.00000 bowel=0.04533 femur=0.02265 penile=0.00000
2026-06-02 12:25:47 [INFO] Step 10/54 Loss=12.8451 mse=0.4333 v_opt=0.04531 v_mand=0.00001 ptv=0.0058 ptv_max=0.01102 global_ceil=0.00288 ring=0.00001 smooth=0.0274 laplacian=0.0949 anticollapse=0.00000 shell_inner=0.00000 shell_outer=0.00000 homogeneity=0.0000 body=0.00000 bowel=0.06404 femur=0.03336 penile=0.00000
2026-06-02 12:25:54 [INFO] Step 15/54 Loss=22.3886 mse=0.5602 v_opt=0.17206 v_mand=0.01920 ptv=0.0063 ptv_max=0.01559 global_ceil=0.02691 ring=0.00002 smooth=0.0424 laplacian=0.1556 anticollapse=0.00000 shell_inner=0.00000 shell_outer=0.00000 homogeneity=0.0000 body=0.00000 bowel=0.25585 femur=0.03713 penile=0.00000
2026-06-02 12:26:00 [INFO] Step 20/54 Loss=19.8060 mse=0.5558 v_opt=0.07577 v_mand=0.00076 ptv=0.0064 ptv_max=0.01833 global_ceil=0.02510 ring=0.00046 smooth=0.0356 laplacian=0.1330 anticollapse=0.00000 shell_inner=0.00000 shell_outer=0.00000 homogeneity=0.0000 body=0.00000 bowel=0.11809 femur=0.05255 penile=0.01366
2026-06-02 12:26:07 [INFO] Step 25/54 Loss=28.8885 mse=0.8006 v_opt=0.13060 v_mand=0.01036 ptv=0.0047 ptv_max=0.03352 global_ceil=0.02900 ring=0.00081 smooth=0.0495 laplacian=0.1902 anticollapse=0.00000 shell_inner=0.00000 shell_outer=0.00000 homogeneity=0.0000 body=0.00000 bowel=0.23551 femur=0.09772 penile=0.00000
2026-06-02 12:26:12 [INFO] Step 30/54 Loss=15.2546 mse=0.4377 v_opt=0.07853 v_mand=0.00413 ptv=0.0051 ptv_max=0.02348 global_ceil=0.00883 ring=0.00010 smooth=0.0343 laplacian=0.1254 anticollapse=0.00000 shell_inner=0.00000 shell_outer=0.00000 homogeneity=0.0000 body=0.00000 bowel=0.13597 femur=0.05815 penile=0.00000
2026-06-02 12:26:19 [INFO] Step 35/54 Loss=15.0851 mse=0.5439 v_opt=0.09767 v_mand=0.00220 ptv=0.0046 ptv_max=0.00006 global_ceil=0.00615 ring=0.00002 smooth=0.0273 laplacian=0.0954 anticollapse=0.00000 shell_inner=0.00000 shell_outer=0.00000 homogeneity=0.0000 body=0.00000 bowel=0.00000 femur=0.00000 penile=0.03121
2026-06-02 12:26:24 [INFO] Step 40/54 Loss=15.3490 mse=0.4401 v_opt=0.17725 v_mand=0.02363 ptv=0.0111 ptv_max=0.01180 global_ceil=0.00307 ring=0.00001 smooth=0.0431 laplacian=0.1565 anticollapse=0.00000 shell_inner=0.00000 shell_outer=0.00000 homogeneity=0.0000 body=0.00000 bowel=0.13745 femur=0.03429 penile=0.00000
2026-06-02 12:26:31 [INFO] Step 45/54 Loss=26.1169 mse=0.6315 v_opt=0.14381 v_mand=0.02101 ptv=0.0071 ptv_max=0.01402 global_ceil=0.05355 ring=0.00015 smooth=0.0514 laplacian=0.1930 anticollapse=0.00000 shell_inner=0.00000 shell_outer=0.00000 homogeneity=0.0000 body=0.00000 bowel=0.14906 femur=0.03426 penile=0.00000
2026-06-02 12:26:36 [INFO] Step 50/54 Loss=21.0896 mse=0.6869 v_opt=0.04121 v_mand=0.00027 ptv=0.0051 ptv_max=0.01838 global_ceil=0.01163 ring=0.00017 smooth=0.0361 laplacian=0.1364 anticollapse=0.00000 shell_inner=0.00000 shell_outer=0.00000 homogeneity=0.0000 body=0.00000 bowel=0.09672 femur=0.06638 penile=0.00000
2026-06-02 12:26:41 [INFO] Step 54/54 Loss=11.5813 mse=0.4025 v_opt=0.06468 v_mand=0.00077 ptv=0.0071 ptv_max=0.00970 global_ceil=0.00087 ring=0.00000 smooth=0.0298 laplacian=0.1093 anticollapse=0.00000 shell_inner=0.00000 shell_outer=0.00000 homogeneity=0.0000 body=0.00000 bowel=0.04055 femur=0.02567 penile=0.00000
2026-06-02 12:26:42 [INFO] Running validation at epoch 60...
2026-06-02 12:27:18 [INFO] Epoch 60 Summary: Train=17.0666 Val=0.0446 (MSE=0.0446)
          Coverage D95:  PTV60_D95=48.46Gy  PTV44_D95=40.01Gy
          SIB Means:    PTV60=56.72Gy PTV44=47.49Gy
          OAR Metrics:  Bladder=37.57Gy Rectum=35.84Gy Bowel=39.10Gy Femur=41.81Gy Ring=49.91Gy Penile=42.81Gy
          Physics:      Dmax=103.94Gy BG=48.19Gy
2026-06-02 12:27:18 [INFO] [DIAGNOSTIC] Saved fallback model MSE=0.0446
2026-06-02 12:27:18 [INFO] Epoch 61/300 [RAMP 61/75 (81% of physics)] ramp=0.813 lr=9.05e-05
2026-06-02 12:27:25 [INFO] Step 5/54 Loss=19.0837 mse=0.5713 v_opt=0.09760 v_mand=0.00163 ptv=0.0056 ptv_max=0.01618 global_ceil=0.01228 ring=0.00010 smooth=0.0326 laplacian=0.1204 anticollapse=0.00000 shell_inner=0.00000 shell_outer=0.00000 homogeneity=0.0000 body=0.00000 bowel=0.16017 femur=0.04208 penile=0.00825
2026-06-02 12:27:31 [INFO] Step 10/54 Loss=10.0343 mse=0.3266 v_opt=0.12568 v_mand=0.00857 ptv=0.0092 ptv_max=0.00251 global_ceil=0.00026 ring=0.00000 smooth=0.0271 laplacian=0.0873 anticollapse=0.00000 shell_inner=0.00000 shell_outer=0.00000 homogeneity=0.0000 body=0.00000 bowel=0.05534 femur=0.01593 penile=0.00000
2026-06-02 12:27:38 [INFO] Step 15/54 Loss=12.5578 mse=0.3998 v_opt=0.15464 v_mand=0.01225 ptv=0.0071 ptv_max=0.00823 global_ceil=0.00197 ring=0.00000 smooth=0.0350 laplacian=0.1256 anticollapse=0.00000 shell_inner=0.00000 shell_outer=0.00000 homogeneity=0.0000 body=0.00000 bowel=0.06469 femur=0.02492 penile=0.00027
2026-06-02 12:27:43 [INFO] Step 20/54 Loss=20.9076 mse=0.5261 v_opt=0.12768 v_mand=0.02126 ptv=0.0053 ptv_max=0.02495 global_ceil=0.01552 ring=0.00015 smooth=0.0419 laplacian=0.1523 anticollapse=0.00000 shell_inner=0.00000 shell_outer=0.00000 homogeneity=0.0000 body=0.00000 bowel=0.28872 femur=0.03918 penile=0.00000
2026-06-02 12:27:50 [INFO] Step 25/54 Loss=16.2322 mse=0.4683 v_opt=0.07630 v_mand=0.00668 ptv=0.0056 ptv_max=0.01814 global_ceil=0.01474 ring=0.00008 smooth=0.0174 laplacian=0.0606 anticollapse=0.00000 shell_inner=0.00000 shell_outer=0.00000 homogeneity=0.0000 body=0.00000 bowel=0.10053 femur=0.04928 penile=0.00000
2026-06-02 12:27:55 [INFO] Step 30/54 Loss=7.4100 mse=0.2399 v_opt=0.03508 v_mand=0.00014 ptv=0.0075 ptv_max=0.00560 global_ceil=0.00004 ring=0.00000 smooth=0.0186 laplacian=0.0628 anticollapse=0.00000 shell_inner=0.00000 shell_outer=0.00000 homogeneity=0.0000 body=0.00000 bowel=0.06073 femur=0.01629 penile=0.00000
2026-06-02 12:28:03 [INFO] Step 35/54 Loss=25.9149 mse=0.5912 v_opt=0.15217 v_mand=0.03012 ptv=0.0067 ptv_max=0.01832 global_ceil=0.01926 ring=0.00025 smooth=0.0477 laplacian=0.1775 anticollapse=0.00000 shell_inner=0.00000 shell_outer=0.00000 homogeneity=0.0000 body=0.00000 bowel=0.51126 femur=0.02618 penile=0.00003
2026-06-02 12:28:08 [INFO] Step 40/54 Loss=406.9466 mse=0.6911 v_opt=0.01393 v_mand=0.00000 ptv=0.0055 ptv_max=0.01878 global_ceil=3.16787 ring=0.00015 smooth=0.0606 laplacian=0.2191 anticollapse=0.00000 shell_inner=0.00000 shell_outer=0.00000 homogeneity=0.0000 body=0.00000 bowel=0.14325 femur=0.06801 penile=0.00000
2026-06-02 12:28:14 [INFO] Step 45/54 Loss=39.9212 mse=0.7650 v_opt=0.04687 v_mand=0.00162 ptv=0.0059 ptv_max=0.00010 global_ceil=0.16632 ring=0.00005 smooth=0.0361 laplacian=0.1397 anticollapse=0.00000 shell_inner=0.00000 shell_outer=0.00000 homogeneity=0.0000 body=0.00000 bowel=0.00000 femur=0.00000 penile=0.00176
2026-06-02 12:28:20 [INFO] Step 50/54 Loss=18.9307 mse=0.5424 v_opt=0.02994 v_mand=0.00001 ptv=0.0060 ptv_max=0.01514 global_ceil=0.02406 ring=0.00031 smooth=0.0344 laplacian=0.1293 anticollapse=0.00000 shell_inner=0.00000 shell_outer=0.00000 homogeneity=0.0000 body=0.00000 bowel=0.10254 femur=0.05163 penile=0.00000
2026-06-02 12:28:25 [INFO] Step 54/54 Loss=12.7903 mse=0.3740 v_opt=0.16886 v_mand=0.01833 ptv=0.0073 ptv_max=0.00900 global_ceil=0.00190 ring=0.00000 smooth=0.0368 laplacian=0.1345 anticollapse=0.00000 shell_inner=0.00000 shell_outer=0.00000 homogeneity=0.0000 body=0.00000 bowel=0.06975 femur=0.02845 penile=0.06066
2026-06-02 12:28:25 [INFO] Running validation at epoch 61...
2026-06-02 12:29:02 [INFO] Epoch 61 Summary: Train=24.3755 Val=0.0446 (MSE=0.0446)
          Coverage D95:  PTV60_D95=48.39Gy  PTV44_D95=39.91Gy
          SIB Means:    PTV60=56.70Gy PTV44=47.76Gy
          OAR Metrics:  Bladder=36.64Gy Rectum=35.63Gy Bowel=39.19Gy Femur=42.05Gy Ring=49.93Gy Penile=43.60Gy
          Physics:      Dmax=89.18Gy BG=48.14Gy
2026-06-02 12:29:02 [INFO] [DIAGNOSTIC] Saved fallback model MSE=0.0446
2026-06-02 12:29:02 [INFO] Epoch 62/300 [RAMP 62/75 (83% of physics)] ramp=0.827 lr=9.02e-05
2026-06-02 12:29:10 [INFO] Step 5/54 Loss=9.8322 mse=0.2889 v_opt=0.14617 v_mand=0.01166 ptv=0.0086 ptv_max=0.00493 global_ceil=0.00014 ring=0.00000 smooth=0.0314 laplacian=0.1125 anticollapse=0.00000 shell_inner=0.00000 shell_outer=0.00000 homogeneity=0.0000 body=0.00000 bowel=0.09407 femur=0.01850 penile=0.00000
2026-06-02 12:29:15 [INFO] Step 10/54 Loss=10.5785 mse=0.3170 v_opt=0.04790 v_mand=0.00047 ptv=0.0090 ptv_max=0.00521 global_ceil=0.00005 ring=0.00000 smooth=0.0239 laplacian=0.0834 anticollapse=0.00000 shell_inner=0.00000 shell_outer=0.00000 homogeneity=0.0000 body=0.00000 bowel=0.14879 femur=0.01941 penile=0.00000
2026-06-02 12:29:22 [INFO] Step 15/54 Loss=31.7693 mse=0.6410 v_opt=0.10929 v_mand=0.01514 ptv=0.0062 ptv_max=0.03872 global_ceil=0.05614 ring=0.00123 smooth=0.0447 laplacian=0.1656 anticollapse=0.00000 shell_inner=0.00000 shell_outer=0.00000 homogeneity=0.0000 body=0.00000 bowel=0.49262 femur=0.05989 penile=0.00000
2026-06-02 12:29:27 [INFO] Step 20/54 Loss=18.7625 mse=0.6658 v_opt=0.05409 v_mand=0.00000 ptv=0.0060 ptv_max=0.00019 global_ceil=0.01361 ring=0.00002 smooth=0.0338 laplacian=0.1204 anticollapse=0.00000 shell_inner=0.00000 shell_outer=0.00000 homogeneity=0.0000 body=0.00000 bowel=0.00000 femur=0.00000 penile=0.00000
2026-06-02 12:29:34 [INFO] Step 25/54 Loss=11.4024 mse=0.3807 v_opt=0.02800 v_mand=0.00013 ptv=0.0114 ptv_max=0.00865 global_ceil=0.00056 ring=0.00000 smooth=0.0284 laplacian=0.1034 anticollapse=0.00000 shell_inner=0.00000 shell_outer=0.00000 homogeneity=0.0000 body=0.00000 bowel=0.06626 femur=0.02510 penile=0.00000
2026-06-02 12:29:40 [INFO] Step 30/54 Loss=20.4183 mse=0.5123 v_opt=0.00000 v_mand=0.00000 ptv=0.0007 ptv_max=0.01306 global_ceil=0.02885 ring=0.00024 smooth=0.0363 laplacian=0.1322 anticollapse=0.00000 shell_inner=0.00000 shell_outer=0.00000 homogeneity=0.0000 body=0.00000 bowel=0.28336 femur=0.00487 penile=0.00000
2026-06-02 12:29:47 [INFO] Step 35/54 Loss=20.5937 mse=0.6022 v_opt=0.11371 v_mand=0.01453 ptv=0.0066 ptv_max=0.01732 global_ceil=0.01345 ring=0.00018 smooth=0.0419 laplacian=0.1537 anticollapse=0.00000 shell_inner=0.00000 shell_outer=0.00000 homogeneity=0.0000 body=0.00000 bowel=0.14452 femur=0.05659 penile=0.00000
2026-06-02 12:29:52 [INFO] Step 40/54 Loss=11.5711 mse=0.4133 v_opt=0.11139 v_mand=0.01426 ptv=0.0083 ptv_max=0.00003 global_ceil=0.00065 ring=0.00000 smooth=0.0235 laplacian=0.0790 anticollapse=0.00000 shell_inner=0.00000 shell_outer=0.00000 homogeneity=0.0000 body=0.00000 bowel=0.00000 femur=0.00000 penile=0.00000
2026-06-02 12:29:59 [INFO] Step 45/54 Loss=11.8349 mse=0.4138 v_opt=0.03836 v_mand=0.00087 ptv=0.0064 ptv_max=0.00809 global_ceil=0.00255 ring=0.00000 smooth=0.0273 laplacian=0.0970 anticollapse=0.00000 shell_inner=0.00000 shell_outer=0.00000 homogeneity=0.0000 body=0.00000 bowel=0.03138 femur=0.01902 penile=0.00000
2026-06-02 12:30:04 [INFO] Step 50/54 Loss=9.7250 mse=0.2621 v_opt=0.00000 v_mand=0.00000 ptv=0.0000 ptv_max=0.00000 global_ceil=0.02495 ring=0.00000 smooth=0.0256 laplacian=0.0831 anticollapse=0.00000 shell_inner=0.00000 shell_outer=0.00000 homogeneity=0.0000 body=0.00000 bowel=0.00000 femur=0.00000 penile=0.00000
2026-06-02 12:30:09 [INFO] Step 54/54 Loss=8.9288 mse=0.2948 v_opt=0.03482 v_mand=0.00082 ptv=0.0118 ptv_max=0.00357 global_ceil=0.00011 ring=0.00000 smooth=0.0290 laplacian=0.0962 anticollapse=0.00000 shell_inner=0.00000 shell_outer=0.00000 homogeneity=0.0000 body=0.00000 bowel=0.05772 femur=0.01444 penile=0.00000
2026-06-02 12:30:09 [INFO] Running validation at epoch 62...
2026-06-02 12:30:45 [INFO] Epoch 62 Summary: Train=15.6276 Val=0.0436 (MSE=0.0436)
          Coverage D95:  PTV60_D95=48.13Gy  PTV44_D95=39.67Gy
          SIB Means:    PTV60=55.23Gy PTV44=47.13Gy
          OAR Metrics:  Bladder=35.56Gy Rectum=35.37Gy Bowel=38.49Gy Femur=41.13Gy Ring=49.26Gy Penile=43.08Gy
          Physics:      Dmax=122.21Gy BG=47.60Gy
2026-06-02 12:30:45 [INFO] [DIAGNOSTIC] Saved fallback model MSE=0.0436
2026-06-02 12:30:45 [INFO] Epoch 63/300 [RAMP 63/75 (84% of physics)] ramp=0.840 lr=8.99e-05
2026-06-02 12:30:53 [INFO] Step 5/54 Loss=11.5521 mse=0.3888 v_opt=0.05306 v_mand=0.00072 ptv=0.0082 ptv_max=0.00580 global_ceil=0.00303 ring=0.00000 smooth=0.0290 laplacian=0.1045 anticollapse=0.00000 shell_inner=0.00000 shell_outer=0.00000 homogeneity=0.0000 body=0.00000 bowel=0.04962 femur=0.01779 penile=0.00000
2026-06-02 12:30:58 [INFO] Step 10/54 Loss=11.0397 mse=0.3854 v_opt=0.17803 v_mand=0.01624 ptv=0.0069 ptv_max=0.00002 global_ceil=0.00071 ring=0.00000 smooth=0.0215 laplacian=0.0732 anticollapse=0.00000 shell_inner=0.00000 shell_outer=0.00000 homogeneity=0.0000 body=0.00000 bowel=0.00000 femur=0.00000 penile=0.00000
2026-06-02 12:31:05 [INFO] Step 15/54 Loss=19.6009 mse=0.4828 v_opt=0.04074 v_mand=0.00010 ptv=0.0064 ptv_max=0.02421 global_ceil=0.01684 ring=0.00055 smooth=0.0264 laplacian=0.0933 anticollapse=0.00000 shell_inner=0.00000 shell_outer=0.00000 homogeneity=0.0000 body=0.00000 bowel=0.33142 femur=0.02498 penile=0.00000
2026-06-02 12:31:10 [INFO] Step 20/54 Loss=11.3373 mse=0.3891 v_opt=0.06005 v_mand=0.00167 ptv=0.0071 ptv_max=0.00831 global_ceil=0.00024 ring=0.00000 smooth=0.0274 laplacian=0.0989 anticollapse=0.00000 shell_inner=0.00000 shell_outer=0.00000 homogeneity=0.0000 body=0.00000 bowel=0.04551 femur=0.03123 penile=0.00000
2026-06-02 12:31:17 [INFO] Step 25/54 Loss=9.0260 mse=0.2987 v_opt=0.00000 v_mand=0.00000 ptv=0.0010 ptv_max=0.00541 global_ceil=0.00068 ring=0.00000 smooth=0.0238 laplacian=0.0829 anticollapse=0.00000 shell_inner=0.00000 shell_outer=0.00000 homogeneity=0.0000 body=0.00000 bowel=0.09618 femur=0.00105 penile=0.00000
2026-06-02 12:31:22 [INFO] Step 30/54 Loss=12.6202 mse=0.4290 v_opt=0.00751 v_mand=0.00000 ptv=0.0068 ptv_max=0.01387 global_ceil=0.00279 ring=0.00001 smooth=0.0347 laplacian=0.1248 anticollapse=0.00000 shell_inner=0.00000 shell_outer=0.00000 homogeneity=0.0000 body=0.00000 bowel=0.04163 femur=0.03352 penile=0.00000
2026-06-02 12:31:30 [INFO] Step 35/54 Loss=11.0417 mse=0.3672 v_opt=0.04883 v_mand=0.00181 ptv=0.0092 ptv_max=0.00722 global_ceil=0.00073 ring=0.00000 smooth=0.0305 laplacian=0.1094 anticollapse=0.00000 shell_inner=0.00000 shell_outer=0.00000 homogeneity=0.0000 body=0.00000 bowel=0.06195 femur=0.02342 penile=0.00000
2026-06-02 12:31:35 [INFO] Step 40/54 Loss=9.3790 mse=0.3210 v_opt=0.09009 v_mand=0.00269 ptv=0.0067 ptv_max=0.00979 global_ceil=0.00053 ring=0.00000 smooth=0.0225 laplacian=0.0788 anticollapse=0.00000 shell_inner=0.00000 shell_outer=0.00000 homogeneity=0.0000 body=0.00000 bowel=0.01619 femur=0.02863 penile=0.00000
2026-06-02 12:31:42 [INFO] Step 45/54 Loss=22.2751 mse=0.6292 v_opt=0.08245 v_mand=0.00248 ptv=0.0077 ptv_max=0.01460 global_ceil=0.04123 ring=0.00036 smooth=0.0525 laplacian=0.1996 anticollapse=0.00000 shell_inner=0.00000 shell_outer=0.00000 homogeneity=0.0000 body=0.00000 bowel=0.00000 femur=0.02999 penile=0.00000
2026-06-02 12:31:48 [INFO] Step 50/54 Loss=27.7881 mse=0.7729 v_opt=0.03092 v_mand=0.00000 ptv=0.0094 ptv_max=0.01231 global_ceil=0.03349 ring=0.00017 smooth=0.0348 laplacian=0.1317 anticollapse=0.00000 shell_inner=0.00000 shell_outer=0.00000 homogeneity=0.0000 body=0.00000 bowel=0.24302 femur=0.04034 penile=0.00000
2026-06-02 12:31:53 [INFO] Step 54/54 Loss=8.8728 mse=0.3099 v_opt=0.02589 v_mand=0.00080 ptv=0.0167 ptv_max=0.00207 global_ceil=0.00002 ring=0.00000 smooth=0.0202 laplacian=0.0661 anticollapse=0.00000 shell_inner=0.00000 shell_outer=0.00000 homogeneity=0.0000 body=0.00000 bowel=0.01539 femur=0.01264 penile=0.00000
2026-06-02 12:31:53 [INFO] Running validation at epoch 63...
2026-06-02 12:32:29 [INFO] Epoch 63 Summary: Train=17.5304 Val=0.0449 (MSE=0.0449)
          Coverage D95:  PTV60_D95=47.98Gy  PTV44_D95=39.38Gy
          SIB Means:    PTV60=55.88Gy PTV44=47.31Gy
          OAR Metrics:  Bladder=34.58Gy Rectum=35.27Gy Bowel=39.22Gy Femur=41.82Gy Ring=49.11Gy Penile=43.47Gy
          Physics:      Dmax=93.12Gy BG=48.29Gy
2026-06-02 12:32:29 [INFO] Epoch 64/300 [RAMP 64/75 (85% of physics)] ramp=0.853 lr=8.96e-05
2026-06-02 12:32:36 [INFO] Step 5/54 Loss=6.5408 mse=0.2116 v_opt=0.00021 v_mand=0.00000 ptv=0.0191 ptv_max=0.00529 global_ceil=0.00012 ring=0.00000 smooth=0.0233 laplacian=0.0790 anticollapse=0.00000 shell_inner=0.00000 shell_outer=0.00000 homogeneity=0.0000 body=0.00000 bowel=0.00829 femur=0.02118 penile=0.00000
2026-06-02 12:32:41 [INFO] Step 10/54 Loss=7.3725 mse=0.2728 v_opt=0.01650 v_mand=0.00004 ptv=0.0057 ptv_max=0.00010 global_ceil=0.00158 ring=0.00001 smooth=0.0293 laplacian=0.1036 anticollapse=0.00000 shell_inner=0.00000 shell_outer=0.00000 homogeneity=0.0000 body=0.00000 bowel=0.00000 femur=0.00000 penile=0.00000
2026-06-02 12:32:49 [INFO] Step 15/54 Loss=12.1137 mse=0.3383 v_opt=0.06605 v_mand=0.00180 ptv=0.0074 ptv_max=0.01402 global_ceil=0.00130 ring=0.00000 smooth=0.0233 laplacian=0.0806 anticollapse=0.00000 shell_inner=0.00000 shell_outer=0.00000 homogeneity=0.0000 body=0.00000 bowel=0.16966 femur=0.04731 penile=0.00000
2026-06-02 12:32:54 [INFO] Step 20/54 Loss=134.4470 mse=0.4291 v_opt=0.08200 v_mand=0.00677 ptv=0.0088 ptv_max=0.00564 global_ceil=0.95428 ring=0.00000 smooth=0.0288 laplacian=0.0994 anticollapse=0.00000 shell_inner=0.00000 shell_outer=0.00000 homogeneity=0.0000 body=0.00000 bowel=0.02949 femur=0.02150 penile=0.00000
2026-06-02 12:33:01 [INFO] Step 25/54 Loss=21.7157 mse=0.5606 v_opt=0.04769 v_mand=0.00103 ptv=0.0070 ptv_max=0.01611 global_ceil=0.02616 ring=0.00027 smooth=0.0409 laplacian=0.1530 anticollapse=0.00000 shell_inner=0.00000 shell_outer=0.00000 homogeneity=0.0000 body=0.00000 bowel=0.24441 femur=0.03093 penile=0.00000
2026-06-02 12:33:06 [INFO] Step 30/54 Loss=27.4702 mse=0.6434 v_opt=0.20752 v_mand=0.03510 ptv=0.0050 ptv_max=0.02306 global_ceil=0.03724 ring=0.00116 smooth=0.0463 laplacian=0.1756 anticollapse=0.00000 shell_inner=0.00000 shell_outer=0.00000 homogeneity=0.0000 body=0.00000 bowel=0.26102 femur=0.05256 penile=0.00000
2026-06-02 12:33:14 [INFO] Step 35/54 Loss=8.7746 mse=0.3012 v_opt=0.04833 v_mand=0.00057 ptv=0.0085 ptv_max=0.00489 global_ceil=0.00017 ring=0.00000 smooth=0.0275 laplacian=0.0966 anticollapse=0.00000 shell_inner=0.00000 shell_outer=0.00000 homogeneity=0.0000 body=0.00000 bowel=0.03121 femur=0.01986 penile=0.00000
2026-06-02 12:33:19 [INFO] Step 40/54 Loss=9.8945 mse=0.3352 v_opt=0.07661 v_mand=0.00231 ptv=0.0074 ptv_max=0.00706 global_ceil=0.00038 ring=0.00000 smooth=0.0334 laplacian=0.1182 anticollapse=0.00000 shell_inner=0.00000 shell_outer=0.00000 homogeneity=0.0000 body=0.00000 bowel=0.03599 femur=0.02306 penile=0.00000
2026-06-02 12:33:26 [INFO] Step 45/54 Loss=10.0081 mse=0.3670 v_opt=0.00041 v_mand=0.00000 ptv=0.0090 ptv_max=0.00573 global_ceil=0.00051 ring=0.00000 smooth=0.0201 laplacian=0.0690 anticollapse=0.00000 shell_inner=0.00000 shell_outer=0.00000 homogeneity=0.0000 body=0.00000 bowel=0.00451 femur=0.01771 penile=0.00000
2026-06-02 12:33:31 [INFO] Step 50/54 Loss=26.0438 mse=0.7479 v_opt=0.07376 v_mand=0.00299 ptv=0.0052 ptv_max=0.03049 global_ceil=0.02290 ring=0.00054 smooth=0.0311 laplacian=0.1152 anticollapse=0.00000 shell_inner=0.00000 shell_outer=0.00000 homogeneity=0.0000 body=0.00000 bowel=0.21267 femur=0.03961 penile=0.00000
2026-06-02 12:33:37 [INFO] Step 54/54 Loss=22.7038 mse=0.4817 v_opt=0.33508 v_mand=0.07810 ptv=0.0127 ptv_max=0.04084 global_ceil=0.01892 ring=0.00076 smooth=0.0239 laplacian=0.0873 anticollapse=0.00000 shell_inner=0.00000 shell_outer=0.00000 homogeneity=0.0000 body=0.00000 bowel=0.19339 femur=0.02655 penile=0.00000
2026-06-02 12:33:37 [INFO] Running validation at epoch 64...
2026-06-02 12:34:13 [INFO] Epoch 64 Summary: Train=19.4100 Val=0.0432 (MSE=0.0432)
          Coverage D95:  PTV60_D95=48.54Gy  PTV44_D95=39.09Gy
          SIB Means:    PTV60=57.00Gy PTV44=47.84Gy
          OAR Metrics:  Bladder=34.78Gy Rectum=34.62Gy Bowel=38.29Gy Femur=40.71Gy Ring=48.72Gy Penile=42.75Gy
          Physics:      Dmax=103.38Gy BG=47.42Gy
2026-06-02 12:34:13 [INFO] [DIAGNOSTIC] Saved fallback model MSE=0.0432
2026-06-02 12:34:13 [INFO] Epoch 65/300 [RAMP 65/75 (87% of physics)] ramp=0.867 lr=8.93e-05
2026-06-02 12:34:21 [INFO] Step 5/54 Loss=13.5168 mse=0.2963 v_opt=0.27946 v_mand=0.07371 ptv=0.0031 ptv_max=0.01047 global_ceil=0.00100 ring=0.00001 smooth=0.0258 laplacian=0.0894 anticollapse=0.00000 shell_inner=0.00000 shell_outer=0.00000 homogeneity=0.0000 body=0.00000 bowel=0.11563 femur=0.03651 penile=0.00000
2026-06-02 12:34:26 [INFO] Step 10/54 Loss=12.8652 mse=0.3878 v_opt=0.08266 v_mand=0.00789 ptv=0.0075 ptv_max=0.00774 global_ceil=0.00043 ring=0.00000 smooth=0.0317 laplacian=0.1124 anticollapse=0.00000 shell_inner=0.00000 shell_outer=0.00000 homogeneity=0.0000 body=0.00000 bowel=0.13954 femur=0.02437 penile=0.00000
2026-06-02 12:34:33 [INFO] Step 15/54 Loss=23.8642 mse=0.7436 v_opt=0.01872 v_mand=0.00037 ptv=0.0076 ptv_max=0.01891 global_ceil=0.01725 ring=0.00074 smooth=0.0300 laplacian=0.1092 anticollapse=0.00000 shell_inner=0.00000 shell_outer=0.00000 homogeneity=0.0000 body=0.00000 bowel=0.11948 femur=0.05980 penile=0.00000
2026-06-02 12:34:38 [INFO] Step 20/54 Loss=14.7973 mse=0.3946 v_opt=0.08811 v_mand=0.00846 ptv=0.0097 ptv_max=0.01288 global_ceil=0.00341 ring=0.00002 smooth=0.0317 laplacian=0.1138 anticollapse=0.00000 shell_inner=0.00000 shell_outer=0.00000 homogeneity=0.0000 body=0.00000 bowel=0.21783 femur=0.03605 penile=0.00000
2026-06-02 12:34:46 [INFO] Step 25/54 Loss=22.4875 mse=0.5806 v_opt=0.08178 v_mand=0.00534 ptv=0.0057 ptv_max=0.00990 global_ceil=0.04183 ring=0.00000 smooth=0.0359 laplacian=0.1309 anticollapse=0.00000 shell_inner=0.00000 shell_outer=0.00000 homogeneity=0.0000 body=0.00000 bowel=0.10332 femur=0.02443 penile=0.00000
2026-06-02 12:34:51 [INFO] Step 30/54 Loss=8.4150 mse=0.2743 v_opt=0.06636 v_mand=0.00334 ptv=0.0059 ptv_max=0.00892 global_ceil=0.00051 ring=0.00000 smooth=0.0269 laplacian=0.0941 anticollapse=0.00000 shell_inner=0.00000 shell_outer=0.00000 homogeneity=0.0000 body=0.00000 bowel=0.03241 femur=0.02670 penile=0.00266
2026-06-02 12:34:58 [INFO] Step 35/54 Loss=24.3507 mse=0.6640 v_opt=0.05728 v_mand=0.00020 ptv=0.0030 ptv_max=0.02977 global_ceil=0.02421 ring=0.00051 smooth=0.0469 laplacian=0.1793 anticollapse=0.00000 shell_inner=0.00000 shell_outer=0.00000 homogeneity=0.0000 body=0.00000 bowel=0.22015 femur=0.06416 penile=0.00000
2026-06-02 12:35:03 [INFO] Step 40/54 Loss=24.0622 mse=0.6124 v_opt=0.01635 v_mand=0.00000 ptv=0.0059 ptv_max=0.01694 global_ceil=0.01445 ring=0.00019 smooth=0.0365 laplacian=0.1372 anticollapse=0.00000 shell_inner=0.00000 shell_outer=0.00000 homogeneity=0.0000 body=0.00000 bowel=0.44596 femur=0.02447 penile=0.00290
2026-06-02 12:35:10 [INFO] Step 45/54 Loss=8.6560 mse=0.3112 v_opt=0.05140 v_mand=0.00070 ptv=0.0072 ptv_max=0.00524 global_ceil=0.00092 ring=0.00000 smooth=0.0200 laplacian=0.0620 anticollapse=0.00000 shell_inner=0.00000 shell_outer=0.00000 homogeneity=0.0000 body=0.00000 bowel=0.00019 femur=0.01779 penile=0.00000
2026-06-02 12:35:15 [INFO] Step 50/54 Loss=38.0596 mse=0.4014 v_opt=0.90505 v_mand=0.50827 ptv=0.0098 ptv_max=0.00896 global_ceil=0.01329 ring=0.00002 smooth=0.0553 laplacian=0.2066 anticollapse=0.00000 shell_inner=0.00000 shell_outer=0.00000 homogeneity=0.0000 body=0.00000 bowel=0.13045 femur=0.02163 penile=0.00000
2026-06-02 12:35:20 [INFO] Step 54/54 Loss=6.8737 mse=0.2534 v_opt=0.00000 v_mand=0.00000 ptv=0.0000 ptv_max=0.00000 global_ceil=0.00332 ring=0.00000 smooth=0.0251 laplacian=0.0841 anticollapse=0.00000 shell_inner=0.00000 shell_outer=0.00000 homogeneity=0.0000 body=0.00000 bowel=0.00184 femur=0.00000 penile=0.00000
2026-06-02 12:35:20 [INFO] Running validation at epoch 65...
2026-06-02 12:35:57 [INFO] Epoch 65 Summary: Train=17.3092 Val=0.0483 (MSE=0.0483)
          Coverage D95:  PTV60_D95=46.23Gy  PTV44_D95=36.10Gy
          SIB Means:    PTV60=54.91Gy PTV44=45.79Gy
          OAR Metrics:  Bladder=35.61Gy Rectum=33.71Gy Bowel=40.07Gy Femur=43.18Gy Ring=48.89Gy Penile=37.60Gy
          Physics:      Dmax=101.98Gy BG=49.82Gy
2026-06-02 12:35:57 [INFO] Epoch 66/300 [RAMP 66/75 (88% of physics)] ramp=0.880 lr=8.90e-05
2026-06-02 12:36:04 [INFO] Step 5/54 Loss=27.1076 mse=0.6525 v_opt=0.08681 v_mand=0.00449 ptv=0.0082 ptv_max=0.01389 global_ceil=0.04452 ring=0.00043 smooth=0.0393 laplacian=0.1465 anticollapse=0.00000 shell_inner=0.00000 shell_outer=0.00000 homogeneity=0.0000 body=0.00000 bowel=0.25530 femur=0.03995 penile=0.00000
2026-06-02 12:36:09 [INFO] Step 10/54 Loss=7.1168 mse=0.2059 v_opt=0.00000 v_mand=0.00000 ptv=0.0173 ptv_max=0.00000 global_ceil=0.00000 ring=0.00000 smooth=0.0135 laplacian=0.0422 anticollapse=0.00201 shell_inner=0.00000 shell_outer=0.00000 homogeneity=0.0000 body=0.00000 bowel=0.07373 femur=0.00054 penile=0.00000
2026-06-02 12:36:16 [INFO] Step 15/54 Loss=25.6113 mse=0.6161 v_opt=0.06897 v_mand=0.00354 ptv=0.0075 ptv_max=0.01658 global_ceil=0.04987 ring=0.00011 smooth=0.0421 laplacian=0.1584 anticollapse=0.00000 shell_inner=0.00000 shell_outer=0.00000 homogeneity=0.0000 body=0.00000 bowel=0.15227 femur=0.05040 penile=0.00000
2026-06-02 12:36:22 [INFO] Step 20/54 Loss=25.6113 mse=0.4763 v_opt=0.40672 v_mand=0.13583 ptv=0.0084 ptv_max=0.02028 global_ceil=0.02504 ring=0.00076 smooth=0.0327 laplacian=0.1229 anticollapse=0.00001 shell_inner=0.00000 shell_outer=0.00000 homogeneity=0.0000 body=0.00000 bowel=0.15003 femur=0.08166 penile=0.00000
2026-06-02 12:36:28 [INFO] Step 25/54 Loss=10.1422 mse=0.3579 v_opt=0.06329 v_mand=0.00411 ptv=0.0134 ptv_max=0.00415 global_ceil=0.00024 ring=0.00000 smooth=0.0243 laplacian=0.0835 anticollapse=0.00003 shell_inner=0.00000 shell_outer=0.00000 homogeneity=0.0000 body=0.00000 bowel=0.00143 femur=0.01370 penile=0.00000
2026-06-02 12:36:34 [INFO] Step 30/54 Loss=6.9544 mse=0.2649 v_opt=0.00000 v_mand=0.00000 ptv=0.0046 ptv_max=0.00022 global_ceil=0.00017 ring=0.00000 smooth=0.0199 laplacian=0.0640 anticollapse=0.00010 shell_inner=0.00000 shell_outer=0.00000 homogeneity=0.0000 body=0.00000 bowel=0.00000 femur=0.00489 penile=0.00000
2026-06-02 12:36:41 [INFO] Step 35/54 Loss=29.5793 mse=0.7743 v_opt=0.09182 v_mand=0.01102 ptv=0.0044 ptv_max=0.02927 global_ceil=0.01934 ring=0.00039 smooth=0.0369 laplacian=0.1403 anticollapse=0.00000 shell_inner=0.00000 shell_outer=0.00000 homogeneity=0.0000 body=0.00000 bowel=0.41616 femur=0.04938 penile=0.00000
2026-06-02 12:36:47 [INFO] Step 40/54 Loss=10.1032 mse=0.3494 v_opt=0.04301 v_mand=0.00059 ptv=0.0072 ptv_max=0.00694 global_ceil=0.00068 ring=0.00000 smooth=0.0255 laplacian=0.0923 anticollapse=0.00000 shell_inner=0.00000 shell_outer=0.00000 homogeneity=0.0000 body=0.00000 bowel=0.03268 femur=0.02120 penile=0.00000
2026-06-02 12:36:54 [INFO] Step 45/54 Loss=18.2511 mse=0.4448 v_opt=0.04501 v_mand=0.00021 ptv=0.0106 ptv_max=0.00439 global_ceil=0.04357 ring=0.00000 smooth=0.0299 laplacian=0.0977 anticollapse=0.00000 shell_inner=0.00000 shell_outer=0.00000 homogeneity=0.0000 body=0.00000 bowel=0.03568 femur=0.02081 penile=0.00000
2026-06-02 12:36:59 [INFO] Step 50/54 Loss=34.3319 mse=0.7927 v_opt=0.12139 v_mand=0.02206 ptv=0.0104 ptv_max=0.01531 global_ceil=0.04327 ring=0.00069 smooth=0.0521 laplacian=0.2014 anticollapse=0.00000 shell_inner=0.00000 shell_outer=0.00000 homogeneity=0.0000 body=0.00000 bowel=0.46429 femur=0.05225 penile=0.00000
2026-06-02 12:37:04 [INFO] Step 54/54 Loss=8.7337 mse=0.3009 v_opt=0.08993 v_mand=0.00445 ptv=0.0090 ptv_max=0.00633 global_ceil=0.00026 ring=0.00000 smooth=0.0223 laplacian=0.0771 anticollapse=0.00000 shell_inner=0.00000 shell_outer=0.00000 homogeneity=0.0000 body=0.00000 bowel=0.00178 femur=0.02237 penile=0.00000
2026-06-02 12:37:04 [INFO] Running validation at epoch 66...
2026-06-02 12:37:40 [INFO] Epoch 66 Summary: Train=17.3775 Val=0.0423 (MSE=0.0423)
          Coverage D95:  PTV60_D95=48.04Gy  PTV44_D95=38.27Gy
          SIB Means:    PTV60=54.70Gy PTV44=46.59Gy
          OAR Metrics:  Bladder=35.02Gy Rectum=34.57Gy Bowel=37.74Gy Femur=40.35Gy Ring=48.76Gy Penile=44.50Gy
          Physics:      Dmax=93.55Gy BG=46.94Gy
2026-06-02 12:37:40 [INFO] [DIAGNOSTIC] Saved fallback model MSE=0.0423
2026-06-02 12:37:40 [INFO] Epoch 67/300 [RAMP 67/75 (89% of physics)] ramp=0.893 lr=8.86e-05
2026-06-02 12:37:48 [INFO] Step 5/54 Loss=11.5887 mse=0.3304 v_opt=0.13395 v_mand=0.01126 ptv=0.0067 ptv_max=0.00745 global_ceil=0.00136 ring=0.00000 smooth=0.0293 laplacian=0.1046 anticollapse=0.00000 shell_inner=0.00000 shell_outer=0.00000 homogeneity=0.0000 body=0.00000 bowel=0.12270 femur=0.02090 penile=0.00000
2026-06-02 12:37:53 [INFO] Step 10/54 Loss=15.8417 mse=0.3388 v_opt=0.36197 v_mand=0.09613 ptv=0.0048 ptv_max=0.01728 global_ceil=0.00522 ring=0.00001 smooth=0.0290 laplacian=0.1045 anticollapse=0.00000 shell_inner=0.00000 shell_outer=0.00000 homogeneity=0.0000 body=0.00000 bowel=0.04214 femur=0.04512 penile=0.00000
2026-06-02 12:38:01 [INFO] Step 15/54 Loss=7.7086 mse=0.2795 v_opt=0.02458 v_mand=0.00018 ptv=0.0079 ptv_max=0.00447 global_ceil=0.00020 ring=0.00000 smooth=0.0217 laplacian=0.0765 anticollapse=0.00000 shell_inner=0.00000 shell_outer=0.00000 homogeneity=0.0000 body=0.00000 bowel=0.00000 femur=0.01425 penile=0.00000
2026-06-02 12:38:06 [INFO] Step 20/54 Loss=19.7715 mse=0.4548 v_opt=0.08290 v_mand=0.00508 ptv=0.0131 ptv_max=0.00350 global_ceil=0.04328 ring=0.00000 smooth=0.0593 laplacian=0.2240 anticollapse=0.00000 shell_inner=0.00000 shell_outer=0.00000 homogeneity=0.0000 body=0.00000 bowel=0.09137 femur=0.01704 penile=0.00000
2026-06-02 12:38:13 [INFO] Step 25/54 Loss=15.1936 mse=0.5381 v_opt=0.02788 v_mand=0.00033 ptv=0.0054 ptv_max=0.00005 global_ceil=0.01015 ring=0.00009 smooth=0.0264 laplacian=0.0956 anticollapse=0.00000 shell_inner=0.00000 shell_outer=0.00000 homogeneity=0.0000 body=0.00000 bowel=0.00000 femur=0.00000 penile=0.00000
2026-06-02 12:38:18 [INFO] Step 30/54 Loss=22.7419 mse=0.6067 v_opt=0.02809 v_mand=0.00000 ptv=0.0099 ptv_max=0.01318 global_ceil=0.01581 ring=0.00018 smooth=0.0429 laplacian=0.1603 anticollapse=0.00000 shell_inner=0.00000 shell_outer=0.00000 homogeneity=0.0000 body=0.00000 bowel=0.31494 femur=0.02982 penile=0.00000
2026-06-02 12:38:25 [INFO] Step 35/54 Loss=16.8144 mse=0.5096 v_opt=0.04470 v_mand=0.00146 ptv=0.0110 ptv_max=0.01322 global_ceil=0.00527 ring=0.00004 smooth=0.0410 laplacian=0.1515 anticollapse=0.00000 shell_inner=0.00000 shell_outer=0.00000 homogeneity=0.0000 body=0.00000 bowel=0.14336 femur=0.03914 penile=0.00000
2026-06-02 12:38:31 [INFO] Step 40/54 Loss=3.8794 mse=0.1525 v_opt=0.00000 v_mand=0.00000 ptv=0.0000 ptv_max=0.00000 global_ceil=0.00033 ring=0.00000 smooth=0.0075 laplacian=0.0221 anticollapse=0.00000 shell_inner=0.00000 shell_outer=0.00000 homogeneity=0.0000 body=0.00000 bowel=0.00000 femur=0.00000 penile=0.00000
2026-06-02 12:38:38 [INFO] Step 45/54 Loss=11.6688 mse=0.3540 v_opt=0.08785 v_mand=0.00797 ptv=0.0058 ptv_max=0.01304 global_ceil=0.00321 ring=0.00001 smooth=0.0273 laplacian=0.0965 anticollapse=0.00000 shell_inner=0.00000 shell_outer=0.00000 homogeneity=0.0000 body=0.00000 bowel=0.06926 femur=0.02998 penile=0.00000
2026-06-02 12:38:43 [INFO] Step 50/54 Loss=23.1795 mse=0.7104 v_opt=0.02405 v_mand=0.00034 ptv=0.0039 ptv_max=0.02463 global_ceil=0.01146 ring=0.00012 smooth=0.0296 laplacian=0.1119 anticollapse=0.00000 shell_inner=0.00000 shell_outer=0.00000 homogeneity=0.0000 body=0.00000 bowel=0.17265 femur=0.06509 penile=0.00000
2026-06-02 12:38:48 [INFO] Step 54/54 Loss=7.9399 mse=0.2692 v_opt=0.09209 v_mand=0.00385 ptv=0.0080 ptv_max=0.00395 global_ceil=0.00015 ring=0.00000 smooth=0.0264 laplacian=0.0929 anticollapse=0.00000 shell_inner=0.00000 shell_outer=0.00000 homogeneity=0.0000 body=0.00000 bowel=0.01518 femur=0.01446 penile=0.00000
2026-06-02 12:38:48 [INFO] Running validation at epoch 67...
2026-06-02 12:39:24 [INFO] Epoch 67 Summary: Train=15.5011 Val=0.0422 (MSE=0.0422)
          Coverage D95:  PTV60_D95=48.57Gy  PTV44_D95=39.75Gy
          SIB Means:    PTV60=56.51Gy PTV44=47.84Gy
          OAR Metrics:  Bladder=36.41Gy Rectum=34.51Gy Bowel=37.99Gy Femur=40.96Gy Ring=50.00Gy Penile=40.69Gy
          Physics:      Dmax=99.22Gy BG=46.91Gy
2026-06-02 12:39:24 [INFO] [DIAGNOSTIC] Saved fallback model MSE=0.0422
2026-06-02 12:39:24 [INFO] Epoch 68/300 [RAMP 68/75 (91% of physics)] ramp=0.907 lr=8.83e-05
2026-06-02 12:39:32 [INFO] Step 5/54 Loss=17.2659 mse=0.5249 v_opt=0.11079 v_mand=0.00657 ptv=0.0065 ptv_max=0.01714 global_ceil=0.01371 ring=0.00023 smooth=0.0299 laplacian=0.1028 anticollapse=0.00000 shell_inner=0.00000 shell_outer=0.00000 homogeneity=0.0000 body=0.00000 bowel=0.03719 femur=0.04741 penile=0.00000
2026-06-02 12:39:37 [INFO] Step 10/54 Loss=9.7024 mse=0.3119 v_opt=0.02552 v_mand=0.00019 ptv=0.0084 ptv_max=0.00445 global_ceil=0.00010 ring=0.00000 smooth=0.0264 laplacian=0.0890 anticollapse=0.00000 shell_inner=0.00000 shell_outer=0.00000 homogeneity=0.0000 body=0.00000 bowel=0.07885 femur=0.01704 penile=0.00557
2026-06-02 12:39:44 [INFO] Step 15/54 Loss=16.7038 mse=0.5220 v_opt=0.02995 v_mand=0.00004 ptv=0.0048 ptv_max=0.01123 global_ceil=0.01220 ring=0.00008 smooth=0.0302 laplacian=0.1105 anticollapse=0.00000 shell_inner=0.00000 shell_outer=0.00000 homogeneity=0.0000 body=0.00000 bowel=0.07108 femur=0.03897 penile=0.00000
2026-06-02 12:39:50 [INFO] Step 20/54 Loss=14.5927 mse=0.4807 v_opt=0.00068 v_mand=0.00000 ptv=0.0103 ptv_max=0.01019 global_ceil=0.00877 ring=0.00003 smooth=0.0244 laplacian=0.0838 anticollapse=0.00000 shell_inner=0.00000 shell_outer=0.00000 homogeneity=0.0000 body=0.00000 bowel=0.02755 femur=0.02468 penile=0.00000
2026-06-02 12:39:56 [INFO] Step 25/54 Loss=25.1047 mse=0.5853 v_opt=0.00000 v_mand=0.00000 ptv=0.0056 ptv_max=0.01434 global_ceil=0.02540 ring=0.00028 smooth=0.0305 laplacian=0.1139 anticollapse=0.00000 shell_inner=0.00000 shell_outer=0.00000 homogeneity=0.0000 body=0.00000 bowel=0.44910 femur=0.01826 penile=0.00000
2026-06-02 12:40:02 [INFO] Step 30/54 Loss=17.1841 mse=0.5867 v_opt=0.07678 v_mand=0.01014 ptv=0.0053 ptv_max=0.00011 global_ceil=0.01176 ring=0.00013 smooth=0.0269 laplacian=0.0956 anticollapse=0.00000 shell_inner=0.00000 shell_outer=0.00000 homogeneity=0.0000 body=0.00000 bowel=0.00000 femur=0.00000 penile=0.00000
2026-06-02 12:40:09 [INFO] Step 35/54 Loss=32.0534 mse=0.7616 v_opt=0.27243 v_mand=0.08152 ptv=0.0048 ptv_max=0.02456 global_ceil=0.02212 ring=0.00074 smooth=0.0311 laplacian=0.1158 anticollapse=0.00000 shell_inner=0.00000 shell_outer=0.00000 homogeneity=0.0000 body=0.00000 bowel=0.28888 femur=0.09788 penile=0.00000
2026-06-02 12:40:14 [INFO] Step 40/54 Loss=1.7621 mse=0.0698 v_opt=0.00000 v_mand=0.00000 ptv=0.0000 ptv_max=0.00000 global_ceil=0.00000 ring=0.00000 smooth=0.0056 laplacian=0.0162 anticollapse=0.00000 shell_inner=0.00000 shell_outer=0.00000 homogeneity=0.0000 body=0.00000 bowel=0.00000 femur=0.00000 penile=0.00000
2026-06-02 12:40:22 [INFO] Step 45/54 Loss=6.1974 mse=0.1832 v_opt=0.07941 v_mand=0.00455 ptv=0.0144 ptv_max=0.00308 global_ceil=0.00095 ring=0.00000 smooth=0.0224 laplacian=0.0774 anticollapse=0.00001 shell_inner=0.00000 shell_outer=0.00000 homogeneity=0.0000 body=0.00000 bowel=0.02114 femur=0.01073 penile=0.00000
2026-06-02 12:40:27 [INFO] Step 50/54 Loss=25.9776 mse=0.6604 v_opt=0.10651 v_mand=0.00565 ptv=0.0064 ptv_max=0.01929 global_ceil=0.01697 ring=0.00026 smooth=0.0342 laplacian=0.1284 anticollapse=0.00000 shell_inner=0.00000 shell_outer=0.00000 homogeneity=0.0000 body=0.00000 bowel=0.40686 femur=0.02802 penile=0.00000
2026-06-02 12:40:31 [INFO] Step 54/54 Loss=25.2837 mse=0.6101 v_opt=0.18809 v_mand=0.02457 ptv=0.0075 ptv_max=0.01222 global_ceil=0.01915 ring=0.00006 smooth=0.0390 laplacian=0.1446 anticollapse=0.00000 shell_inner=0.00000 shell_outer=0.00000 homogeneity=0.0000 body=0.00000 bowel=0.36024 femur=0.03103 penile=0.00000
2026-06-02 12:40:32 [INFO] Running validation at epoch 68...
2026-06-02 12:41:08 [INFO] Epoch 68 Summary: Train=17.0534 Val=0.0416 (MSE=0.0416)
          Coverage D95:  PTV60_D95=44.95Gy  PTV44_D95=36.40Gy
          SIB Means:    PTV60=52.99Gy PTV44=45.60Gy
          OAR Metrics:  Bladder=34.01Gy Rectum=35.66Gy Bowel=37.43Gy Femur=40.80Gy Ring=47.81Gy Penile=42.69Gy
          Physics:      Dmax=102.52Gy BG=46.61Gy
2026-06-02 12:41:08 [INFO] [DIAGNOSTIC] Saved fallback model MSE=0.0416
2026-06-02 12:41:08 [INFO] Epoch 69/300 [RAMP 69/75 (92% of physics)] ramp=0.920 lr=8.80e-05
2026-06-02 12:41:15 [INFO] Step 5/54 Loss=9.4648 mse=0.3350 v_opt=0.01864 v_mand=0.00003 ptv=0.0171 ptv_max=0.00260 global_ceil=0.00082 ring=0.00000 smooth=0.0193 laplacian=0.0643 anticollapse=0.00001 shell_inner=0.00000 shell_outer=0.00000 homogeneity=0.0000 body=0.00000 bowel=0.00000 femur=0.01006 penile=0.00000
2026-06-02 12:41:20 [INFO] Step 10/54 Loss=9.7788 mse=0.2879 v_opt=0.08163 v_mand=0.01480 ptv=0.0268 ptv_max=0.00247 global_ceil=0.00000 ring=0.00000 smooth=0.0296 laplacian=0.1032 anticollapse=0.00000 shell_inner=0.00000 shell_outer=0.00000 homogeneity=0.0000 body=0.00000 bowel=0.02542 femur=0.01250 penile=0.00000
2026-06-02 12:41:27 [INFO] Step 15/54 Loss=16.1988 mse=0.4370 v_opt=0.07464 v_mand=0.00315 ptv=0.0077 ptv_max=0.02080 global_ceil=0.01551 ring=0.00045 smooth=0.0301 laplacian=0.1064 anticollapse=0.00000 shell_inner=0.00000 shell_outer=0.00000 homogeneity=0.0000 body=0.00000 bowel=0.11740 femur=0.02357 penile=0.00000
2026-06-02 12:41:32 [INFO] Step 20/54 Loss=16.0444 mse=0.4478 v_opt=0.11857 v_mand=0.00724 ptv=0.0053 ptv_max=0.01433 global_ceil=0.00898 ring=0.00006 smooth=0.0370 laplacian=0.1386 anticollapse=0.00000 shell_inner=0.00000 shell_outer=0.00000 homogeneity=0.0000 body=0.00000 bowel=0.14428 femur=0.03328 penile=0.00000
2026-06-02 12:41:40 [INFO] Step 25/54 Loss=15.9591 mse=0.5269 v_opt=0.04751 v_mand=0.00064 ptv=0.0090 ptv_max=0.00919 global_ceil=0.00831 ring=0.00002 smooth=0.0268 laplacian=0.0943 anticollapse=0.00000 shell_inner=0.00000 shell_outer=0.00000 homogeneity=0.0000 body=0.00000 bowel=0.03459 femur=0.03501 penile=0.00000
2026-06-02 12:41:45 [INFO] Step 30/54 Loss=7.6367 mse=0.2778 v_opt=0.00000 v_mand=0.00000 ptv=0.0000 ptv_max=0.00000 global_ceil=0.00287 ring=0.00000 smooth=0.0261 laplacian=0.0899 anticollapse=0.00000 shell_inner=0.00000 shell_outer=0.00000 homogeneity=0.0000 body=0.00000 bowel=0.01446 femur=0.00000 penile=0.00000
2026-06-02 12:41:53 [INFO] Step 35/54 Loss=11.6640 mse=0.2991 v_opt=0.12961 v_mand=0.02068 ptv=0.0062 ptv_max=0.01689 global_ceil=0.00354 ring=0.00003 smooth=0.0172 laplacian=0.0640 anticollapse=0.00000 shell_inner=0.00000 shell_outer=0.00000 homogeneity=0.0000 body=0.00000 bowel=0.08961 femur=0.05254 penile=0.00000
2026-06-02 12:41:58 [INFO] Step 40/54 Loss=7.3457 mse=0.2308 v_opt=0.09482 v_mand=0.00806 ptv=0.0145 ptv_max=0.00277 global_ceil=0.00002 ring=0.00000 smooth=0.0236 laplacian=0.0813 anticollapse=0.00000 shell_inner=0.00000 shell_outer=0.00000 homogeneity=0.0000 body=0.00000 bowel=0.00798 femur=0.01693 penile=0.00000
2026-06-02 12:42:05 [INFO] Step 45/54 Loss=8.6644 mse=0.3081 v_opt=0.00592 v_mand=0.00000 ptv=0.0187 ptv_max=0.00175 global_ceil=0.00000 ring=0.00000 smooth=0.0166 laplacian=0.0534 anticollapse=0.00002 shell_inner=0.00000 shell_outer=0.00000 homogeneity=0.0000 body=0.00000 bowel=0.00000 femur=0.00759 penile=0.00000
2026-06-02 12:42:10 [INFO] Step 50/54 Loss=7.8126 mse=0.2742 v_opt=0.11860 v_mand=0.00843 ptv=0.0061 ptv_max=0.00000 global_ceil=0.00016 ring=0.00000 smooth=0.0222 laplacian=0.0729 anticollapse=0.00000 shell_inner=0.00000 shell_outer=0.00000 homogeneity=0.0000 body=0.00000 bowel=0.00000 femur=0.00000 penile=0.00000
2026-06-02 12:42:15 [INFO] Step 54/54 Loss=10.1783 mse=0.3337 v_opt=0.13953 v_mand=0.01288 ptv=0.0041 ptv_max=0.00912 global_ceil=0.00184 ring=0.00001 smooth=0.0308 laplacian=0.1099 anticollapse=0.00000 shell_inner=0.00000 shell_outer=0.00000 homogeneity=0.0000 body=0.00000 bowel=0.00000 femur=0.02133 penile=0.00000
2026-06-02 12:42:15 [INFO] Running validation at epoch 69...
2026-06-02 12:42:51 [INFO] Epoch 69 Summary: Train=15.9470 Val=0.0410 (MSE=0.0410)
          Coverage D95:  PTV60_D95=49.09Gy  PTV44_D95=39.52Gy
          SIB Means:    PTV60=58.13Gy PTV44=48.41Gy
          OAR Metrics:  Bladder=35.93Gy Rectum=33.33Gy Bowel=37.14Gy Femur=40.27Gy Ring=49.68Gy Penile=43.16Gy
          Physics:      Dmax=90.30Gy BG=46.29Gy
2026-06-02 12:42:51 [INFO] [DIAGNOSTIC] Saved fallback model MSE=0.0410
2026-06-02 12:42:51 [INFO] Epoch 70/300 [RAMP 70/75 (93% of physics)] ramp=0.933 lr=8.76e-05
2026-06-02 12:42:59 [INFO] Step 5/54 Loss=17.8817 mse=0.4938 v_opt=0.05209 v_mand=0.00164 ptv=0.0054 ptv_max=0.00966 global_ceil=0.03056 ring=0.00001 smooth=0.0246 laplacian=0.0828 anticollapse=0.00000 shell_inner=0.00000 shell_outer=0.00000 homogeneity=0.0000 body=0.00000 bowel=0.02124 femur=0.02151 penile=0.00000
2026-06-02 12:43:05 [INFO] Step 10/54 Loss=11.5436 mse=0.4189 v_opt=0.04972 v_mand=0.00289 ptv=0.0046 ptv_max=0.00012 global_ceil=0.00327 ring=0.00001 smooth=0.0242 laplacian=0.0848 anticollapse=0.00000 shell_inner=0.00000 shell_outer=0.00000 homogeneity=0.0000 body=0.00000 bowel=0.00000 femur=0.00000 penile=0.01072
2026-06-02 12:43:11 [INFO] Step 15/54 Loss=22.3241 mse=0.5638 v_opt=0.13170 v_mand=0.02101 ptv=0.0056 ptv_max=0.02193 global_ceil=0.01189 ring=0.00019 smooth=0.0476 laplacian=0.1802 anticollapse=0.00000 shell_inner=0.00000 shell_outer=0.00000 homogeneity=0.0000 body=0.00000 bowel=0.27524 femur=0.04703 penile=0.00000
2026-06-02 12:43:17 [INFO] Step 20/54 Loss=9.2506 mse=0.2949 v_opt=0.01963 v_mand=0.00023 ptv=0.0064 ptv_max=0.00548 global_ceil=0.00020 ring=0.00000 smooth=0.0246 laplacian=0.0879 anticollapse=0.00000 shell_inner=0.00000 shell_outer=0.00000 homogeneity=0.0000 body=0.00000 bowel=0.08155 femur=0.01545 penile=0.00000
2026-06-02 12:43:24 [INFO] Step 25/54 Loss=10.5065 mse=0.3570 v_opt=0.05138 v_mand=0.00135 ptv=0.0067 ptv_max=0.00594 global_ceil=0.00050 ring=0.00000 smooth=0.0243 laplacian=0.0835 anticollapse=0.00000 shell_inner=0.00000 shell_outer=0.00000 homogeneity=0.0000 body=0.00000 bowel=0.04718 femur=0.01667 penile=0.00000
2026-06-02 12:43:29 [INFO] Step 30/54 Loss=23.6621 mse=0.6215 v_opt=0.08077 v_mand=0.00399 ptv=0.0053 ptv_max=0.02043 global_ceil=0.02543 ring=0.00045 smooth=0.0339 laplacian=0.1262 anticollapse=0.00000 shell_inner=0.00000 shell_outer=0.00000 homogeneity=0.0000 body=0.00000 bowel=0.15008 femur=0.05910 penile=0.06806
2026-06-02 12:43:37 [INFO] Step 35/54 Loss=8.0860 mse=0.2879 v_opt=0.06546 v_mand=0.00602 ptv=0.0087 ptv_max=0.00000 global_ceil=0.00017 ring=0.00000 smooth=0.0248 laplacian=0.0881 anticollapse=0.00000 shell_inner=0.00000 shell_outer=0.00000 homogeneity=0.0000 body=0.00000 bowel=0.00000 femur=0.00000 penile=0.00000
2026-06-02 12:43:41 [INFO] Step 40/54 Loss=17.0249 mse=0.5933 v_opt=0.06433 v_mand=0.00214 ptv=0.0038 ptv_max=0.00012 global_ceil=0.01207 ring=0.00002 smooth=0.0307 laplacian=0.1128 anticollapse=0.00000 shell_inner=0.00000 shell_outer=0.00000 homogeneity=0.0000 body=0.00000 bowel=0.00000 femur=0.00000 penile=0.00000
2026-06-02 12:43:49 [INFO] Step 45/54 Loss=22.4079 mse=0.6195 v_opt=0.01342 v_mand=0.00000 ptv=0.0028 ptv_max=0.03209 global_ceil=0.02331 ring=0.00064 smooth=0.0511 laplacian=0.1959 anticollapse=0.00000 shell_inner=0.00000 shell_outer=0.00000 homogeneity=0.0000 body=0.00000 bowel=0.13478 femur=0.05448 penile=0.00000
2026-06-02 12:43:54 [INFO] Step 50/54 Loss=7.0865 mse=0.2432 v_opt=0.05510 v_mand=0.00209 ptv=0.0049 ptv_max=0.00520 global_ceil=0.00165 ring=0.00000 smooth=0.0237 laplacian=0.0839 anticollapse=0.00001 shell_inner=0.00000 shell_outer=0.00000 homogeneity=0.0000 body=0.00000 bowel=0.00036 femur=0.01396 penile=0.00000
2026-06-02 12:43:59 [INFO] Step 54/54 Loss=17.3759 mse=0.6101 v_opt=0.04771 v_mand=0.00005 ptv=0.0053 ptv_max=0.00005 global_ceil=0.01209 ring=0.00002 smooth=0.0292 laplacian=0.1071 anticollapse=0.00000 shell_inner=0.00000 shell_outer=0.00000 homogeneity=0.0000 body=0.00000 bowel=0.00000 femur=0.00000 penile=0.00000
2026-06-02 12:43:59 [INFO] Running validation at epoch 70...
2026-06-02 12:44:36 [INFO] Epoch 70 Summary: Train=17.8723 Val=0.0430 (MSE=0.0430)
          Coverage D95:  PTV60_D95=48.00Gy  PTV44_D95=38.91Gy
          SIB Means:    PTV60=55.23Gy PTV44=46.61Gy
          OAR Metrics:  Bladder=34.63Gy Rectum=34.65Gy Bowel=36.52Gy Femur=41.26Gy Ring=49.18Gy Penile=42.56Gy
          Physics:      Dmax=104.16Gy BG=47.29Gy
2026-06-02 12:44:36 [INFO] Epoch 71/300 [RAMP 71/75 (95% of physics)] ramp=0.947 lr=8.73e-05
2026-06-02 12:44:43 [INFO] Step 5/54 Loss=19.2292 mse=0.6032 v_opt=0.04617 v_mand=0.00063 ptv=0.0085 ptv_max=0.01049 global_ceil=0.01037 ring=0.00007 smooth=0.0312 laplacian=0.1108 anticollapse=0.00000 shell_inner=0.00000 shell_outer=0.00000 homogeneity=0.0000 body=0.00000 bowel=0.09143 femur=0.05054 penile=0.00000
2026-06-02 12:44:49 [INFO] Step 10/54 Loss=16.6006 mse=0.5378 v_opt=0.00000 v_mand=0.00000 ptv=0.0094 ptv_max=0.00906 global_ceil=0.00362 ring=0.00001 smooth=0.0288 laplacian=0.1022 anticollapse=0.00000 shell_inner=0.00000 shell_outer=0.00000 homogeneity=0.0000 body=0.00000 bowel=0.10430 femur=0.04173 penile=0.00000
2026-06-02 12:44:56 [INFO] Step 15/54 Loss=11.4864 mse=0.3727 v_opt=0.10206 v_mand=0.01443 ptv=0.0081 ptv_max=0.00947 global_ceil=0.00085 ring=0.00000 smooth=0.0280 laplacian=0.0994 anticollapse=0.00000 shell_inner=0.00000 shell_outer=0.00000 homogeneity=0.0000 body=0.00000 bowel=0.01852 femur=0.01971 penile=0.00000
2026-06-02 12:45:01 [INFO] Step 20/54 Loss=21.4960 mse=0.5884 v_opt=0.16614 v_mand=0.03384 ptv=0.0035 ptv_max=0.02490 global_ceil=0.01134 ring=0.00011 smooth=0.0382 laplacian=0.1418 anticollapse=0.00000 shell_inner=0.00000 shell_outer=0.00000 homogeneity=0.0000 body=0.00000 bowel=0.11905 femur=0.05871 penile=0.00000
2026-06-02 12:45:08 [INFO] Step 25/54 Loss=11.4504 mse=0.4238 v_opt=0.04133 v_mand=0.00031 ptv=0.0066 ptv_max=0.00563 global_ceil=0.00077 ring=0.00000 smooth=0.0208 laplacian=0.0724 anticollapse=0.00000 shell_inner=0.00000 shell_outer=0.00000 homogeneity=0.0000 body=0.00000 bowel=0.00000 femur=0.01428 penile=0.00000
2026-06-02 12:45:13 [INFO] Step 30/54 Loss=10.2445 mse=0.3035 v_opt=0.15402 v_mand=0.02082 ptv=0.0081 ptv_max=0.00446 global_ceil=0.00321 ring=0.00000 smooth=0.0232 laplacian=0.0727 anticollapse=0.00000 shell_inner=0.00000 shell_outer=0.00000 homogeneity=0.0000 body=0.00000 bowel=0.01713 femur=0.01364 penile=0.00000
2026-06-02 12:45:20 [INFO] Step 35/54 Loss=11.3271 mse=0.3663 v_opt=0.03696 v_mand=0.00111 ptv=0.0057 ptv_max=0.01239 global_ceil=0.00073 ring=0.00000 smooth=0.0255 laplacian=0.0885 anticollapse=0.00000 shell_inner=0.00000 shell_outer=0.00000 homogeneity=0.0000 body=0.00000 bowel=0.07768 femur=0.01576 penile=0.00000
2026-06-02 12:45:26 [INFO] Step 40/54 Loss=22.4705 mse=0.6721 v_opt=0.04105 v_mand=0.00255 ptv=0.0043 ptv_max=0.02291 global_ceil=0.01192 ring=0.00010 smooth=0.0329 laplacian=0.1249 anticollapse=0.00000 shell_inner=0.00000 shell_outer=0.00000 homogeneity=0.0000 body=0.00000 bowel=0.16305 femur=0.05169 penile=0.00000
2026-06-02 12:45:32 [INFO] Step 45/54 Loss=11.2873 mse=0.3617 v_opt=0.10199 v_mand=0.01303 ptv=0.0076 ptv_max=0.00479 global_ceil=0.00376 ring=0.00000 smooth=0.0265 laplacian=0.0910 anticollapse=0.00000 shell_inner=0.00000 shell_outer=0.00000 homogeneity=0.0000 body=0.00000 bowel=0.01258 femur=0.01733 penile=0.00000
2026-06-02 12:45:37 [INFO] Step 50/54 Loss=19.1919 mse=0.5726 v_opt=0.09763 v_mand=0.01034 ptv=0.0044 ptv_max=0.01708 global_ceil=0.00738 ring=0.00004 smooth=0.0401 laplacian=0.1510 anticollapse=0.00000 shell_inner=0.00000 shell_outer=0.00000 homogeneity=0.0000 body=0.00000 bowel=0.13108 femur=0.04817 penile=0.00000
2026-06-02 12:45:42 [INFO] Step 54/54 Loss=15.0359 mse=0.5507 v_opt=0.06619 v_mand=0.00081 ptv=0.0044 ptv_max=0.00021 global_ceil=0.00566 ring=0.00002 smooth=0.0278 laplacian=0.0996 anticollapse=0.00000 shell_inner=0.00000 shell_outer=0.00000 homogeneity=0.0000 body=0.00000 bowel=0.00000 femur=0.00000 penile=0.00000
2026-06-02 12:45:42 [INFO] Running validation at epoch 71...
2026-06-02 12:46:19 [INFO] Epoch 71 Summary: Train=14.5908 Val=0.0397 (MSE=0.0397)
          Coverage D95:  PTV60_D95=48.20Gy  PTV44_D95=39.41Gy
          SIB Means:    PTV60=56.21Gy PTV44=47.31Gy
          OAR Metrics:  Bladder=33.89Gy Rectum=33.41Gy Bowel=36.71Gy Femur=39.58Gy Ring=48.65Gy Penile=41.95Gy
          Physics:      Dmax=116.17Gy BG=45.58Gy
2026-06-02 12:46:19 [INFO] [DIAGNOSTIC] Saved fallback model MSE=0.0397
2026-06-02 12:46:19 [INFO] Epoch 72/300 [RAMP 72/75 (96% of physics)] ramp=0.960 lr=8.69e-05
2026-06-02 12:46:26 [INFO] Step 5/54 Loss=38.2093 mse=0.7854 v_opt=0.00005 v_mand=0.00000 ptv=0.0067 ptv_max=0.02358 global_ceil=0.08714 ring=0.00050 smooth=0.0404 laplacian=0.1469 anticollapse=0.00000 shell_inner=0.00000 shell_outer=0.00000 homogeneity=0.0000 body=0.00000 bowel=0.31481 femur=0.03658 penile=0.00000
2026-06-02 12:46:31 [INFO] Step 10/54 Loss=5.3476 mse=0.1880 v_opt=0.00944 v_mand=0.00000 ptv=0.0090 ptv_max=0.00269 global_ceil=0.00010 ring=0.00000 smooth=0.0161 laplacian=0.0540 anticollapse=0.00000 shell_inner=0.00000 shell_outer=0.00000 homogeneity=0.0000 body=0.00000 bowel=0.00000 femur=0.00935 penile=0.00000
2026-06-02 12:46:38 [INFO] Step 15/54 Loss=13.9538 mse=0.4511 v_opt=0.06425 v_mand=0.00120 ptv=0.0068 ptv_max=0.00964 global_ceil=0.00686 ring=0.00003 smooth=0.0235 laplacian=0.0862 anticollapse=0.00000 shell_inner=0.00000 shell_outer=0.00000 homogeneity=0.0000 body=0.00000 bowel=0.02490 femur=0.04996 penile=0.00000
2026-06-02 12:46:43 [INFO] Step 20/54 Loss=47.2542 mse=0.6893 v_opt=0.03074 v_mand=0.00192 ptv=0.0072 ptv_max=0.02064 global_ceil=0.18879 ring=0.00068 smooth=0.0441 laplacian=0.1599 anticollapse=0.00000 shell_inner=0.00000 shell_outer=0.00000 homogeneity=0.0000 body=0.00000 bowel=0.05194 femur=0.08754 penile=0.00000
2026-06-02 12:46:50 [INFO] Step 25/54 Loss=11.1521 mse=0.3570 v_opt=0.09568 v_mand=0.01055 ptv=0.0056 ptv_max=0.00785 global_ceil=0.00063 ring=0.00000 smooth=0.0221 laplacian=0.0772 anticollapse=0.00000 shell_inner=0.00000 shell_outer=0.00000 homogeneity=0.0000 body=0.00000 bowel=0.04862 femur=0.02020 penile=0.00000
2026-06-02 12:46:55 [INFO] Step 30/54 Loss=9.7462 mse=0.2934 v_opt=0.04903 v_mand=0.00164 ptv=0.0069 ptv_max=0.00674 global_ceil=0.00063 ring=0.00000 smooth=0.0227 laplacian=0.0799 anticollapse=0.00000 shell_inner=0.00000 shell_outer=0.00000 homogeneity=0.0000 body=0.00000 bowel=0.09822 femur=0.01586 penile=0.00000
2026-06-02 12:47:03 [INFO] Step 35/54 Loss=26.5092 mse=0.5761 v_opt=0.21216 v_mand=0.04248 ptv=0.0045 ptv_max=0.03514 global_ceil=0.03556 ring=0.00166 smooth=0.0356 laplacian=0.1302 anticollapse=0.00000 shell_inner=0.00000 shell_outer=0.00000 homogeneity=0.0000 body=0.00000 bowel=0.20172 femur=0.02545 penile=0.00000
2026-06-02 12:47:08 [INFO] Step 40/54 Loss=9.5947 mse=0.3515 v_opt=0.04368 v_mand=0.00204 ptv=0.0031 ptv_max=0.00020 global_ceil=0.00292 ring=0.00001 smooth=0.0172 laplacian=0.0575 anticollapse=0.00000 shell_inner=0.00000 shell_outer=0.00000 homogeneity=0.0000 body=0.00000 bowel=0.00000 femur=0.00000 penile=0.00000
2026-06-02 12:47:15 [INFO] Step 45/54 Loss=17.4979 mse=0.5183 v_opt=0.01166 v_mand=0.00000 ptv=0.0059 ptv_max=0.01439 global_ceil=0.01110 ring=0.00012 smooth=0.0198 laplacian=0.0718 anticollapse=0.00000 shell_inner=0.00000 shell_outer=0.00000 homogeneity=0.0000 body=0.00000 bowel=0.11412 femur=0.05482 penile=0.00000
2026-06-02 12:47:20 [INFO] Step 50/54 Loss=9.0166 mse=0.3273 v_opt=0.01221 v_mand=0.00000 ptv=0.0071 ptv_max=0.00427 global_ceil=0.00098 ring=0.00000 smooth=0.0198 laplacian=0.0689 anticollapse=0.00000 shell_inner=0.00000 shell_outer=0.00000 homogeneity=0.0000 body=0.00000 bowel=0.00184 femur=0.01419 penile=0.00000
2026-06-02 12:47:25 [INFO] Step 54/54 Loss=10.8579 mse=0.3704 v_opt=0.01884 v_mand=0.00001 ptv=0.0093 ptv_max=0.00680 global_ceil=0.00028 ring=0.00000 smooth=0.0274 laplacian=0.0967 anticollapse=0.00000 shell_inner=0.00000 shell_outer=0.00000 homogeneity=0.0000 body=0.00000 bowel=0.04396 femur=0.01918 penile=0.00000
2026-06-02 12:47:25 [INFO] Running validation at epoch 72...
2026-06-02 12:48:02 [INFO] Epoch 72 Summary: Train=16.0832 Val=0.0402 (MSE=0.0402)
          Coverage D95:  PTV60_D95=47.64Gy  PTV44_D95=38.48Gy
          SIB Means:    PTV60=54.69Gy PTV44=46.40Gy
          OAR Metrics:  Bladder=33.43Gy Rectum=30.65Gy Bowel=36.90Gy Femur=39.61Gy Ring=48.37Gy Penile=43.18Gy
          Physics:      Dmax=89.96Gy BG=45.77Gy
2026-06-02 12:48:02 [INFO] Epoch 73/300 [RAMP 73/75 (97% of physics)] ramp=0.973 lr=8.66e-05
2026-06-02 12:48:10 [INFO] Step 5/54 Loss=21.3240 mse=0.6186 v_opt=0.00004 v_mand=0.00000 ptv=0.0047 ptv_max=0.01660 global_ceil=0.01384 ring=0.00006 smooth=0.0297 laplacian=0.1074 anticollapse=0.00000 shell_inner=0.00000 shell_outer=0.00000 homogeneity=0.0000 body=0.00000 bowel=0.18072 femur=0.03995 penile=0.00000
2026-06-02 12:48:15 [INFO] Step 10/54 Loss=27.1798 mse=0.6635 v_opt=0.05763 v_mand=0.00303 ptv=0.0038 ptv_max=0.01907 global_ceil=0.02293 ring=0.00030 smooth=0.0327 laplacian=0.1221 anticollapse=0.00000 shell_inner=0.00000 shell_outer=0.00000 homogeneity=0.0000 body=0.00000 bowel=0.39598 femur=0.03473 penile=0.00000
2026-06-02 12:48:22 [INFO] Step 15/54 Loss=21.1896 mse=0.5319 v_opt=0.03796 v_mand=0.00041 ptv=0.0056 ptv_max=0.00764 global_ceil=0.04808 ring=0.00004 smooth=0.0184 laplacian=0.0646 anticollapse=0.00000 shell_inner=0.00000 shell_outer=0.00000 homogeneity=0.0000 body=0.00000 bowel=0.00627 femur=0.01502 penile=0.00000
2026-06-02 12:48:27 [INFO] Step 20/54 Loss=19.4713 mse=0.6032 v_opt=0.04810 v_mand=0.00001 ptv=0.0064 ptv_max=0.01343 global_ceil=0.01735 ring=0.00017 smooth=0.0206 laplacian=0.0702 anticollapse=0.00000 shell_inner=0.00000 shell_outer=0.00000 homogeneity=0.0000 body=0.00000 bowel=0.04058 femur=0.04314 penile=0.00000
2026-06-02 12:48:34 [INFO] Step 25/54 Loss=19.5634 mse=0.5361 v_opt=0.04791 v_mand=0.00128 ptv=0.0058 ptv_max=0.01509 global_ceil=0.01818 ring=0.00043 smooth=0.0280 laplacian=0.0987 anticollapse=0.00000 shell_inner=0.00000 shell_outer=0.00000 homogeneity=0.0000 body=0.00000 bowel=0.13627 femur=0.05612 penile=0.00000
2026-06-02 12:48:39 [INFO] Step 30/54 Loss=22.2386 mse=0.5305 v_opt=0.07684 v_mand=0.01205 ptv=0.0134 ptv_max=0.01848 global_ceil=0.02395 ring=0.00067 smooth=0.0394 laplacian=0.1444 anticollapse=0.00000 shell_inner=0.00000 shell_outer=0.00000 homogeneity=0.0000 body=0.00000 bowel=0.22318 femur=0.01893 penile=0.00000
2026-06-02 12:48:46 [INFO] Step 35/54 Loss=12.5033 mse=0.3997 v_opt=0.02386 v_mand=0.00000 ptv=0.0070 ptv_max=0.01081 global_ceil=0.00103 ring=0.00000 smooth=0.0244 laplacian=0.0874 anticollapse=0.00000 shell_inner=0.00000 shell_outer=0.00000 homogeneity=0.0000 body=0.00000 bowel=0.09046 femur=0.02791 penile=0.00000
2026-06-02 12:48:51 [INFO] Step 40/54 Loss=6.8492 mse=0.2371 v_opt=0.03067 v_mand=0.00010 ptv=0.0121 ptv_max=0.00238 global_ceil=0.00003 ring=0.00000 smooth=0.0225 laplacian=0.0767 anticollapse=0.00000 shell_inner=0.00000 shell_outer=0.00000 homogeneity=0.0000 body=0.00000 bowel=0.00626 femur=0.00782 penile=0.00000
2026-06-02 12:48:58 [INFO] Step 45/54 Loss=9.0219 mse=0.2206 v_opt=0.20341 v_mand=0.04764 ptv=0.0096 ptv_max=0.00034 global_ceil=0.00205 ring=0.00001 smooth=0.0155 laplacian=0.0563 anticollapse=0.00000 shell_inner=0.00000 shell_outer=0.00000 homogeneity=0.0000 body=0.00000 bowel=0.00000 femur=0.00000 penile=0.00000
2026-06-02 12:49:04 [INFO] Step 50/54 Loss=7.9376 mse=0.2700 v_opt=0.07723 v_mand=0.00324 ptv=0.0058 ptv_max=0.00603 global_ceil=0.00019 ring=0.00000 smooth=0.0202 laplacian=0.0648 anticollapse=0.00000 shell_inner=0.00000 shell_outer=0.00000 homogeneity=0.0000 body=0.00000 bowel=0.01349 femur=0.01519 penile=0.00058
2026-06-02 12:49:08 [INFO] Step 54/54 Loss=27.2292 mse=0.7482 v_opt=0.06993 v_mand=0.00534 ptv=0.0050 ptv_max=0.00036 global_ceil=0.05355 ring=0.00005 smooth=0.0191 laplacian=0.0717 anticollapse=0.00000 shell_inner=0.00000 shell_outer=0.00000 homogeneity=0.0000 body=0.00000 bowel=0.00000 femur=0.00000 penile=0.00000
2026-06-02 12:49:08 [INFO] Running validation at epoch 73...
2026-06-02 12:49:45 [INFO] Epoch 73 Summary: Train=15.5083 Val=0.0392 (MSE=0.0392)
          Coverage D95:  PTV60_D95=48.54Gy  PTV44_D95=37.98Gy
          SIB Means:    PTV60=56.40Gy PTV44=46.84Gy
          OAR Metrics:  Bladder=33.43Gy Rectum=34.84Gy Bowel=35.52Gy Femur=38.89Gy Ring=48.41Gy Penile=43.07Gy
          Physics:      Dmax=140.38Gy BG=45.31Gy
2026-06-02 12:49:45 [INFO] [DIAGNOSTIC] Saved fallback model MSE=0.0392
2026-06-02 12:49:45 [INFO] Epoch 74/300 [RAMP 74/75 (99% of physics)] ramp=0.987 lr=8.62e-05
2026-06-02 12:49:52 [INFO] Step 5/54 Loss=11.5676 mse=0.3562 v_opt=0.08790 v_mand=0.00449 ptv=0.0054 ptv_max=0.01287 global_ceil=0.00158 ring=0.00001 smooth=0.0251 laplacian=0.0849 anticollapse=0.00000 shell_inner=0.00000 shell_outer=0.00000 homogeneity=0.0000 body=0.00000 bowel=0.08043 femur=0.01264 penile=0.00000
2026-06-02 12:49:57 [INFO] Step 10/54 Loss=8.4609 mse=0.2833 v_opt=0.09842 v_mand=0.00594 ptv=0.0067 ptv_max=0.00374 global_ceil=0.00068 ring=0.00000 smooth=0.0244 laplacian=0.0868 anticollapse=0.00000 shell_inner=0.00000 shell_outer=0.00000 homogeneity=0.0000 body=0.00000 bowel=0.00996 femur=0.01380 penile=0.00000
2026-06-02 12:50:04 [INFO] Step 15/54 Loss=12.7253 mse=0.4323 v_opt=0.00665 v_mand=0.00000 ptv=0.0073 ptv_max=0.00810 global_ceil=0.00097 ring=0.00000 smooth=0.0211 laplacian=0.0712 anticollapse=0.00000 shell_inner=0.00000 shell_outer=0.00000 homogeneity=0.0000 body=0.00000 bowel=0.06340 femur=0.01819 penile=0.00000
2026-06-02 12:50:10 [INFO] Step 20/54 Loss=15.8663 mse=0.4747 v_opt=0.00365 v_mand=0.00000 ptv=0.0054 ptv_max=0.02169 global_ceil=0.00827 ring=0.00009 smooth=0.0157 laplacian=0.0494 anticollapse=0.00000 shell_inner=0.00000 shell_outer=0.00000 homogeneity=0.0000 body=0.00000 bowel=0.11454 femur=0.01331 penile=0.00000
2026-06-02 12:50:16 [INFO] Step 25/54 Loss=25.7835 mse=0.6348 v_opt=0.10739 v_mand=0.01600 ptv=0.0056 ptv_max=0.01944 global_ceil=0.02524 ring=0.00007 smooth=0.0286 laplacian=0.1021 anticollapse=0.00000 shell_inner=0.00000 shell_outer=0.00000 homogeneity=0.0000 body=0.00000 bowel=0.25195 femur=0.05145 penile=0.00000
2026-06-02 12:50:22 [INFO] Step 30/54 Loss=8.9809 mse=0.3315 v_opt=0.02791 v_mand=0.00162 ptv=0.0048 ptv_max=0.00006 global_ceil=0.00184 ring=0.00000 smooth=0.0178 laplacian=0.0631 anticollapse=0.00000 shell_inner=0.00000 shell_outer=0.00000 homogeneity=0.0000 body=0.00000 bowel=0.00000 femur=0.00000 penile=0.00000
2026-06-02 12:50:28 [INFO] Step 35/54 Loss=17.0700 mse=0.5639 v_opt=0.01537 v_mand=0.00000 ptv=0.0067 ptv_max=0.00580 global_ceil=0.01250 ring=0.00001 smooth=0.0210 laplacian=0.0712 anticollapse=0.00000 shell_inner=0.00000 shell_outer=0.00000 homogeneity=0.0000 body=0.00000 bowel=0.00562 femur=0.04635 penile=0.00000
2026-06-02 12:50:35 [INFO] Step 40/54 Loss=22.4327 mse=0.5721 v_opt=0.21296 v_mand=0.05585 ptv=0.0049 ptv_max=0.01395 global_ceil=0.01472 ring=0.00022 smooth=0.0363 laplacian=0.1348 anticollapse=0.00000 shell_inner=0.00000 shell_outer=0.00000 homogeneity=0.0000 body=0.00000 bowel=0.09822 femur=0.05425 penile=0.00000
2026-06-02 12:50:41 [INFO] Step 45/54 Loss=9.8388 mse=0.2738 v_opt=0.08879 v_mand=0.00320 ptv=0.0050 ptv_max=0.00946 global_ceil=0.00097 ring=0.00000 smooth=0.0221 laplacian=0.0770 anticollapse=0.00000 shell_inner=0.00000 shell_outer=0.00000 homogeneity=0.0000 body=0.00000 bowel=0.02142 femur=0.03050 penile=0.13305
2026-06-02 12:50:47 [INFO] Step 50/54 Loss=21.3030 mse=0.7713 v_opt=0.01709 v_mand=0.00000 ptv=0.0047 ptv_max=0.00046 global_ceil=0.01135 ring=0.00012 smooth=0.0206 laplacian=0.0747 anticollapse=0.00000 shell_inner=0.00000 shell_outer=0.00000 homogeneity=0.0000 body=0.00000 bowel=0.00000 femur=0.00000 penile=0.00000
2026-06-02 12:50:52 [INFO] Step 54/54 Loss=15.3105 mse=0.4587 v_opt=0.06356 v_mand=0.00049 ptv=0.0057 ptv_max=0.00961 global_ceil=0.00298 ring=0.00001 smooth=0.0302 laplacian=0.1090 anticollapse=0.00000 shell_inner=0.00000 shell_outer=0.00000 homogeneity=0.0000 body=0.00000 bowel=0.16245 femur=0.01813 penile=0.00094
2026-06-02 12:50:52 [INFO] Running validation at epoch 74...
2026-06-02 12:51:28 [INFO] Epoch 74 Summary: Train=15.9947 Val=0.0384 (MSE=0.0384)
          Coverage D95:  PTV60_D95=48.44Gy  PTV44_D95=39.34Gy
          SIB Means:    PTV60=56.72Gy PTV44=47.26Gy
          OAR Metrics:  Bladder=33.94Gy Rectum=31.50Gy Bowel=36.05Gy Femur=38.64Gy Ring=48.77Gy Penile=42.72Gy
          Physics:      Dmax=112.84Gy BG=44.80Gy
2026-06-02 12:51:28 [INFO] [DIAGNOSTIC] Saved fallback model MSE=0.0384
2026-06-02 12:51:28 [INFO] Epoch 75/300 [RAMP 75/75 (100% of physics)] ramp=1.000 lr=8.59e-05
2026-06-02 12:51:36 [INFO] Step 5/54 Loss=21.1487 mse=0.5650 v_opt=0.12716 v_mand=0.01746 ptv=0.0042 ptv_max=0.01823 global_ceil=0.01420 ring=0.00013 smooth=0.0224 laplacian=0.0805 anticollapse=0.00000 shell_inner=0.00000 shell_outer=0.00000 homogeneity=0.0000 body=0.00000 bowel=0.15123 femur=0.06663 penile=0.00000
2026-06-02 12:51:42 [INFO] Step 10/54 Loss=13.1018 mse=0.4744 v_opt=0.08177 v_mand=0.00517 ptv=0.0035 ptv_max=0.00015 global_ceil=0.00383 ring=0.00000 smooth=0.0212 laplacian=0.0735 anticollapse=0.00000 shell_inner=0.00000 shell_outer=0.00000 homogeneity=0.0000 body=0.00000 bowel=0.00000 femur=0.00000 penile=0.00000
2026-06-02 12:51:48 [INFO] Step 15/54 Loss=13.3945 mse=0.4280 v_opt=0.00012 v_mand=0.00000 ptv=0.0095 ptv_max=0.00971 global_ceil=0.01152 ring=0.00006 smooth=0.0164 laplacian=0.0540 anticollapse=0.00000 shell_inner=0.00000 shell_outer=0.00000 homogeneity=0.0000 body=0.00000 bowel=0.00000 femur=0.01828 penile=0.00000
2026-06-02 12:51:54 [INFO] Step 20/54 Loss=9.8401 mse=0.3506 v_opt=0.04028 v_mand=0.00070 ptv=0.0132 ptv_max=0.00458 global_ceil=0.00009 ring=0.00000 smooth=0.0224 laplacian=0.0748 anticollapse=0.00000 shell_inner=0.00000 shell_outer=0.00000 homogeneity=0.0000 body=0.00000 bowel=0.00000 femur=0.01265 penile=0.00000
2026-06-02 12:52:00 [INFO] Step 25/54 Loss=15.4303 mse=0.4645 v_opt=0.05709 v_mand=0.00063 ptv=0.0121 ptv_max=0.00973 global_ceil=0.00915 ring=0.00012 smooth=0.0220 laplacian=0.0768 anticollapse=0.00000 shell_inner=0.00000 shell_outer=0.00000 homogeneity=0.0000 body=0.00000 bowel=0.05459 femur=0.05512 penile=0.00000
2026-06-02 12:52:06 [INFO] Step 30/54 Loss=11.2745 mse=0.3807 v_opt=0.03642 v_mand=0.00004 ptv=0.0130 ptv_max=0.00427 global_ceil=0.00144 ring=0.00000 smooth=0.0230 laplacian=0.0774 anticollapse=0.00000 shell_inner=0.00000 shell_outer=0.00000 homogeneity=0.0000 body=0.00000 bowel=0.03247 femur=0.01779 penile=0.00000
2026-06-02 12:52:13 [INFO] Step 35/54 Loss=8.9516 mse=0.2980 v_opt=0.08710 v_mand=0.00615 ptv=0.0070 ptv_max=0.00550 global_ceil=0.00133 ring=0.00000 smooth=0.0254 laplacian=0.0895 anticollapse=0.00000 shell_inner=0.00000 shell_outer=0.00000 homogeneity=0.0000 body=0.00000 bowel=0.00584 femur=0.01531 penile=0.00000
2026-06-02 12:52:18 [INFO] Step 40/54 Loss=17.6329 mse=0.4986 v_opt=0.00000 v_mand=0.00000 ptv=0.0276 ptv_max=0.01545 global_ceil=0.01218 ring=0.00016 smooth=0.0221 laplacian=0.0781 anticollapse=0.00000 shell_inner=0.00000 shell_outer=0.00000 homogeneity=0.0000 body=0.00000 bowel=0.08088 femur=0.03313 penile=0.00000
2026-06-02 12:52:26 [INFO] Step 45/54 Loss=13.5500 mse=0.5045 v_opt=0.03464 v_mand=0.00062 ptv=0.0044 ptv_max=0.00005 global_ceil=0.00348 ring=0.00002 smooth=0.0286 laplacian=0.1028 anticollapse=0.00000 shell_inner=0.00000 shell_outer=0.00000 homogeneity=0.0000 body=0.00000 bowel=0.00000 femur=0.00000 penile=0.00000
2026-06-02 12:52:31 [INFO] Step 50/54 Loss=8.8702 mse=0.3275 v_opt=0.00757 v_mand=0.00000 ptv=0.0103 ptv_max=0.00301 global_ceil=0.00007 ring=0.00000 smooth=0.0134 laplacian=0.0408 anticollapse=0.00000 shell_inner=0.00000 shell_outer=0.00000 homogeneity=0.0000 body=0.00000 bowel=0.00032 femur=0.00512 penile=0.00000
2026-06-02 12:52:35 [INFO] Step 54/54 Loss=23.5412 mse=0.6884 v_opt=0.01492 v_mand=0.00000 ptv=0.0049 ptv_max=0.02495 global_ceil=0.01727 ring=0.00019 smooth=0.0262 laplacian=0.0967 anticollapse=0.00000 shell_inner=0.00000 shell_outer=0.00000 homogeneity=0.0000 body=0.00000 bowel=0.14257 femur=0.04890 penile=0.00000
2026-06-02 12:52:36 [INFO] Running validation at epoch 75...
2026-06-02 12:53:12 [INFO] Epoch 75 Summary: Train=17.3899 Val=0.0384 (MSE=0.0384)
          Coverage D95:  PTV60_D95=48.94Gy  PTV44_D95=39.69Gy
          SIB Means:    PTV60=56.27Gy PTV44=47.99Gy
          OAR Metrics:  Bladder=32.61Gy Rectum=32.61Gy Bowel=35.71Gy Femur=39.21Gy Ring=49.21Gy Penile=43.56Gy
          Physics:      Dmax=93.36Gy BG=44.82Gy
2026-06-02 12:53:12 [INFO] Epoch 76/300 [FULL PHYSICS] ramp=1.000 lr=8.55e-05
2026-06-02 12:53:19 [INFO] Step 5/54 Loss=27.1774 mse=0.7161 v_opt=0.00485 v_mand=0.00001 ptv=0.0053 ptv_max=0.02138 global_ceil=0.02135 ring=0.00029 smooth=0.0379 laplacian=0.1395 anticollapse=0.00000 shell_inner=0.00000 shell_outer=0.00000 homogeneity=0.0000 body=0.00000 bowel=0.29950 femur=0.05231 penile=0.00012
2026-06-02 12:53:25 [INFO] Step 10/54 Loss=32.0788 mse=0.7918 v_opt=0.13341 v_mand=0.01142 ptv=0.0031 ptv_max=0.02665 global_ceil=0.02224 ring=0.00064 smooth=0.0310 laplacian=0.1178 anticollapse=0.00000 shell_inner=0.00000 shell_outer=0.00000 homogeneity=0.0000 body=0.00000 bowel=0.40767 femur=0.08432 penile=0.00655
2026-06-02 12:53:32 [INFO] Step 15/54 Loss=8.9336 mse=0.2298 v_opt=0.01296 v_mand=0.00000 ptv=0.0078 ptv_max=0.00282 global_ceil=0.01739 ring=0.00000 smooth=0.0166 laplacian=0.0526 anticollapse=0.00000 shell_inner=0.00000 shell_outer=0.00000 homogeneity=0.0000 body=0.00000 bowel=0.00000 femur=0.00605 penile=0.00000
2026-06-02 12:53:37 [INFO] Step 20/54 Loss=26.5732 mse=0.6095 v_opt=0.00256 v_mand=0.00000 ptv=0.0077 ptv_max=0.02094 global_ceil=0.01562 ring=0.00011 smooth=0.0237 laplacian=0.0809 anticollapse=0.00000 shell_inner=0.00000 shell_outer=0.00000 homogeneity=0.0000 body=0.00000 bowel=0.51833 femur=0.01429 penile=0.00000
2026-06-02 12:53:44 [INFO] Step 25/54 Loss=5.1355 mse=0.1524 v_opt=0.02604 v_mand=0.00085 ptv=0.0251 ptv_max=0.00000 global_ceil=0.00005 ring=0.00000 smooth=0.0233 laplacian=0.0808 anticollapse=0.00000 shell_inner=0.00000 shell_outer=0.00000 homogeneity=0.0000 body=0.00000 bowel=0.00000 femur=0.00000 penile=0.00000
2026-06-02 12:53:49 [INFO] Step 30/54 Loss=5.5892 mse=0.1944 v_opt=0.02809 v_mand=0.00120 ptv=0.0081 ptv_max=0.00285 global_ceil=0.00004 ring=0.00000 smooth=0.0203 laplacian=0.0680 anticollapse=0.00000 shell_inner=0.00000 shell_outer=0.00000 homogeneity=0.0000 body=0.00000 bowel=0.00001 femur=0.00793 penile=0.00000
2026-06-02 12:53:56 [INFO] Step 35/54 Loss=10.1367 mse=0.3661 v_opt=0.04901 v_mand=0.00084 ptv=0.0054 ptv_max=0.00407 global_ceil=0.00135 ring=0.00000 smooth=0.0230 laplacian=0.0808 anticollapse=0.00000 shell_inner=0.00000 shell_outer=0.00000 homogeneity=0.0000 body=0.00000 bowel=0.00000 femur=0.01822 penile=0.00000
2026-06-02 12:54:02 [INFO] Step 40/54 Loss=6.3255 mse=0.2132 v_opt=0.00620 v_mand=0.00000 ptv=0.0197 ptv_max=0.00091 global_ceil=0.00004 ring=0.00000 smooth=0.0112 laplacian=0.0316 anticollapse=0.00001 shell_inner=0.00000 shell_outer=0.00000 homogeneity=0.0000 body=0.00000 bowel=0.00000 femur=0.00258 penile=0.00000
2026-06-02 12:54:08 [INFO] Step 45/54 Loss=10.1799 mse=0.3281 v_opt=0.10112 v_mand=0.00619 ptv=0.0037 ptv_max=0.00399 global_ceil=0.00655 ring=0.00000 smooth=0.0218 laplacian=0.0765 anticollapse=0.00000 shell_inner=0.00000 shell_outer=0.00000 homogeneity=0.0000 body=0.00000 bowel=0.00064 femur=0.00979 penile=0.00000
2026-06-02 12:54:14 [INFO] Step 50/54 Loss=8.7478 mse=0.2404 v_opt=0.15196 v_mand=0.01448 ptv=0.0057 ptv_max=0.00820 global_ceil=0.00095 ring=0.00000 smooth=0.0184 laplacian=0.0625 anticollapse=0.00000 shell_inner=0.00000 shell_outer=0.00000 homogeneity=0.0000 body=0.00000 bowel=0.05404 femur=0.01850 penile=0.00000
2026-06-02 12:54:19 [INFO] Step 54/54 Loss=14.8010 mse=0.4594 v_opt=0.02883 v_mand=0.00015 ptv=0.0097 ptv_max=0.00578 global_ceil=0.00915 ring=0.00000 smooth=0.0232 laplacian=0.0771 anticollapse=0.00000 shell_inner=0.00000 shell_outer=0.00000 homogeneity=0.0000 body=0.00000 bowel=0.06615 femur=0.01891 penile=0.00000
2026-06-02 12:54:19 [INFO] Running validation at epoch 76...
2026-06-02 12:54:55 [INFO] Epoch 76 Summary: Train=15.6351 Val=0.0365 (MSE=0.0365)
          Coverage D95:  PTV60_D95=47.19Gy  PTV44_D95=38.69Gy
          SIB Means:    PTV60=53.84Gy PTV44=46.43Gy
          OAR Metrics:  Bladder=33.00Gy Rectum=32.80Gy Bowel=35.67Gy Femur=38.01Gy Ring=48.21Gy Penile=42.55Gy
          Physics:      Dmax=104.47Gy BG=43.72Gy
2026-06-02 12:54:55 [INFO] [DIAGNOSTIC] Saved fallback model MSE=0.0365
2026-06-02 12:54:55 [INFO] Epoch 77/300 [FULL PHYSICS] ramp=1.000 lr=8.51e-05
2026-06-02 12:55:03 [INFO] Step 5/54 Loss=18.5898 mse=0.5470 v_opt=0.02148 v_mand=0.00000 ptv=0.0070 ptv_max=0.01798 global_ceil=0.01498 ring=0.00024 smooth=0.0214 laplacian=0.0782 anticollapse=0.00000 shell_inner=0.00000 shell_outer=0.00000 homogeneity=0.0000 body=0.00000 bowel=0.08898 femur=0.03397 penile=0.00000
2026-06-02 12:55:08 [INFO] Step 10/54 Loss=16.7765 mse=0.4484 v_opt=0.00013 v_mand=0.00000 ptv=0.0094 ptv_max=0.02337 global_ceil=0.00512 ring=0.00006 smooth=0.0192 laplacian=0.0649 anticollapse=0.00000 shell_inner=0.00000 shell_outer=0.00000 homogeneity=0.0000 body=0.00000 bowel=0.20107 femur=0.05828 penile=0.00000
2026-06-02 12:55:15 [INFO] Step 15/54 Loss=7.5554 mse=0.2613 v_opt=0.00815 v_mand=0.00000 ptv=0.0040 ptv_max=0.00733 global_ceil=0.00310 ring=0.00000 smooth=0.0162 laplacian=0.0540 anticollapse=0.00000 shell_inner=0.00000 shell_outer=0.00000 homogeneity=0.0000 body=0.00000 bowel=0.00000 femur=0.00783 penile=0.00000
2026-06-02 12:55:20 [INFO] Step 20/54 Loss=32.4956 mse=0.7632 v_opt=0.18547 v_mand=0.02837 ptv=0.0014 ptv_max=0.04103 global_ceil=0.02966 ring=0.00109 smooth=0.0303 laplacian=0.1143 anticollapse=0.00000 shell_inner=0.00000 shell_outer=0.00000 homogeneity=0.0000 body=0.00000 bowel=0.32334 femur=0.08764 penile=0.00000
2026-06-02 12:55:27 [INFO] Step 25/54 Loss=19.0669 mse=0.5258 v_opt=0.03113 v_mand=0.00187 ptv=0.0040 ptv_max=0.02858 global_ceil=0.02083 ring=0.00065 smooth=0.0228 laplacian=0.0808 anticollapse=0.00000 shell_inner=0.00000 shell_outer=0.00000 homogeneity=0.0000 body=0.00000 bowel=0.01595 femur=0.10343 penile=0.02234
2026-06-02 12:55:33 [INFO] Step 30/54 Loss=9.4882 mse=0.3224 v_opt=0.08180 v_mand=0.00425 ptv=0.0072 ptv_max=0.00655 global_ceil=0.00103 ring=0.00000 smooth=0.0249 laplacian=0.0863 anticollapse=0.00000 shell_inner=0.00000 shell_outer=0.00000 homogeneity=0.0000 body=0.00000 bowel=0.00878 femur=0.01473 penile=0.00000
2026-06-02 12:55:39 [INFO] Step 35/54 Loss=20.6160 mse=0.5984 v_opt=0.00626 v_mand=0.00000 ptv=0.0054 ptv_max=0.01759 global_ceil=0.01573 ring=0.00013 smooth=0.0339 laplacian=0.1270 anticollapse=0.00000 shell_inner=0.00000 shell_outer=0.00000 homogeneity=0.0000 body=0.00000 bowel=0.11653 femur=0.05862 penile=0.00345
2026-06-02 12:55:45 [INFO] Step 40/54 Loss=15.5539 mse=0.4996 v_opt=0.02399 v_mand=0.00009 ptv=0.0054 ptv_max=0.01287 global_ceil=0.00482 ring=0.00002 smooth=0.0270 laplacian=0.0981 anticollapse=0.00000 shell_inner=0.00000 shell_outer=0.00000 homogeneity=0.0000 body=0.00000 bowel=0.07977 femur=0.03530 penile=0.00000
2026-06-02 12:55:52 [INFO] Step 45/54 Loss=5.2821 mse=0.1824 v_opt=0.01121 v_mand=0.00000 ptv=0.0106 ptv_max=0.00195 global_ceil=0.00035 ring=0.00000 smooth=0.0168 laplacian=0.0540 anticollapse=0.00000 shell_inner=0.00000 shell_outer=0.00000 homogeneity=0.0000 body=0.00000 bowel=0.00003 femur=0.00473 penile=0.00000
2026-06-02 12:55:57 [INFO] Step 50/54 Loss=6.7391 mse=0.2464 v_opt=0.02217 v_mand=0.00000 ptv=0.0067 ptv_max=0.00298 global_ceil=0.00024 ring=0.00000 smooth=0.0129 laplacian=0.0429 anticollapse=0.00000 shell_inner=0.00000 shell_outer=0.00000 homogeneity=0.0000 body=0.00000 bowel=0.00000 femur=0.00607 penile=0.00000
2026-06-02 12:56:02 [INFO] Step 54/54 Loss=25.6611 mse=0.4365 v_opt=0.29541 v_mand=0.07344 ptv=0.0034 ptv_max=0.02830 global_ceil=0.02004 ring=0.00045 smooth=0.0163 laplacian=0.0567 anticollapse=0.00000 shell_inner=0.00000 shell_outer=0.00000 homogeneity=0.0000 body=0.00000 bowel=0.40996 femur=0.02516 penile=0.00000
2026-06-02 12:56:02 [INFO] Running validation at epoch 77...
2026-06-02 12:56:39 [INFO] Epoch 77 Summary: Train=17.5981 Val=0.0380 (MSE=0.0380)
          Coverage D95:  PTV60_D95=49.08Gy  PTV44_D95=39.90Gy
          SIB Means:    PTV60=57.06Gy PTV44=47.51Gy
          OAR Metrics:  Bladder=32.08Gy Rectum=33.05Gy Bowel=36.04Gy Femur=38.23Gy Ring=48.64Gy Penile=42.78Gy
          Physics:      Dmax=97.27Gy BG=44.55Gy
2026-06-02 12:56:39 [INFO] Epoch 78/300 [FULL PHYSICS] ramp=1.000 lr=8.48e-05
2026-06-02 12:56:47 [INFO] Step 5/54 Loss=10.4153 mse=0.3415 v_opt=0.04247 v_mand=0.00039 ptv=0.0042 ptv_max=0.01006 global_ceil=0.00152 ring=0.00000 smooth=0.0242 laplacian=0.0822 anticollapse=0.00000 shell_inner=0.00000 shell_outer=0.00000 homogeneity=0.0000 body=0.00000 bowel=0.05013 femur=0.02084 penile=0.00000
2026-06-02 12:56:52 [INFO] Step 10/54 Loss=8.4320 mse=0.3051 v_opt=0.01172 v_mand=0.00010 ptv=0.0111 ptv_max=0.00330 global_ceil=0.00009 ring=0.00000 smooth=0.0186 laplacian=0.0600 anticollapse=0.00000 shell_inner=0.00000 shell_outer=0.00000 homogeneity=0.0000 body=0.00000 bowel=0.00096 femur=0.00810 penile=0.00000
2026-06-02 12:56:59 [INFO] Step 15/54 Loss=26.8847 mse=0.6780 v_opt=0.13450 v_mand=0.02618 ptv=0.0026 ptv_max=0.02717 global_ceil=0.03181 ring=0.00048 smooth=0.0259 laplacian=0.0939 anticollapse=0.00000 shell_inner=0.00000 shell_outer=0.00000 homogeneity=0.0000 body=0.00000 bowel=0.11241 femur=0.08484 penile=0.00000
2026-06-02 12:57:04 [INFO] Step 20/54 Loss=4.8451 mse=0.1705 v_opt=0.00568 v_mand=0.00000 ptv=0.0087 ptv_max=0.00181 global_ceil=0.00022 ring=0.00000 smooth=0.0131 laplacian=0.0443 anticollapse=0.00001 shell_inner=0.00000 shell_outer=0.00000 homogeneity=0.0000 body=0.00000 bowel=0.00000 femur=0.00383 penile=0.00000
2026-06-02 12:57:11 [INFO] Step 25/54 Loss=5.6195 mse=0.1633 v_opt=0.01709 v_mand=0.00000 ptv=0.0071 ptv_max=0.00315 global_ceil=0.00105 ring=0.00000 smooth=0.0161 laplacian=0.0557 anticollapse=0.00000 shell_inner=0.00000 shell_outer=0.00000 homogeneity=0.0000 body=0.00000 bowel=0.00000 femur=0.00643 penile=0.08010
2026-06-02 12:57:17 [INFO] Step 30/54 Loss=8.3687 mse=0.2771 v_opt=0.08944 v_mand=0.01174 ptv=0.0067 ptv_max=0.00437 global_ceil=0.00028 ring=0.00000 smooth=0.0237 laplacian=0.0830 anticollapse=0.00000 shell_inner=0.00000 shell_outer=0.00000 homogeneity=0.0000 body=0.00000 bowel=0.00000 femur=0.01074 penile=0.00000
2026-06-02 12:57:23 [INFO] Step 35/54 Loss=17.8969 mse=0.4754 v_opt=0.02500 v_mand=0.00069 ptv=0.0045 ptv_max=0.02726 global_ceil=0.01328 ring=0.00035 smooth=0.0175 laplacian=0.0576 anticollapse=0.00000 shell_inner=0.00000 shell_outer=0.00000 homogeneity=0.0000 body=0.00000 bowel=0.15083 femur=0.04559 penile=0.01194
2026-06-02 12:57:29 [INFO] Step 40/54 Loss=18.1660 mse=0.5823 v_opt=0.03991 v_mand=0.00132 ptv=0.0059 ptv_max=0.01239 global_ceil=0.01308 ring=0.00001 smooth=0.0188 laplacian=0.0659 anticollapse=0.00000 shell_inner=0.00000 shell_outer=0.00000 homogeneity=0.0000 body=0.00000 bowel=0.03821 femur=0.02173 penile=0.00000
2026-06-02 12:57:35 [INFO] Step 45/54 Loss=15.6706 mse=0.3423 v_opt=0.00000 v_mand=0.00000 ptv=0.0000 ptv_max=0.00000 global_ceil=0.03489 ring=0.00000 smooth=0.0221 laplacian=0.0724 anticollapse=0.00000 shell_inner=0.00000 shell_outer=0.00000 homogeneity=0.0000 body=0.00000 bowel=0.11970 femur=0.00000 penile=0.00000
2026-06-02 12:57:41 [INFO] Step 50/54 Loss=28.3682 mse=0.6929 v_opt=0.05335 v_mand=0.00038 ptv=0.0032 ptv_max=0.03351 global_ceil=0.02043 ring=0.00021 smooth=0.0364 laplacian=0.1384 anticollapse=0.00000 shell_inner=0.00000 shell_outer=0.00000 homogeneity=0.0000 body=0.00000 bowel=0.39740 femur=0.05818 penile=0.00000
2026-06-02 12:57:47 [INFO] Step 54/54 Loss=14.0890 mse=0.4818 v_opt=0.06369 v_mand=0.00627 ptv=0.0028 ptv_max=0.00084 global_ceil=0.00915 ring=0.00012 smooth=0.0195 laplacian=0.0671 anticollapse=0.00000 shell_inner=0.00000 shell_outer=0.00000 homogeneity=0.0000 body=0.00000 bowel=0.00000 femur=0.00000 penile=0.00000
2026-06-02 12:57:47 [INFO] Running validation at epoch 78...
2026-06-02 12:58:23 [INFO] Epoch 78 Summary: Train=16.2541 Val=0.0361 (MSE=0.0361)
          Coverage D95:  PTV60_D95=48.84Gy  PTV44_D95=40.41Gy
          SIB Means:    PTV60=56.46Gy PTV44=47.67Gy
          OAR Metrics:  Bladder=33.94Gy Rectum=32.73Gy Bowel=35.80Gy Femur=37.69Gy Ring=49.60Gy Penile=43.51Gy
          Physics:      Dmax=87.53Gy BG=43.65Gy
2026-06-02 12:58:23 [INFO] [DIAGNOSTIC] Saved fallback model MSE=0.0361
2026-06-02 12:58:23 [INFO] Epoch 79/300 [FULL PHYSICS] ramp=1.000 lr=8.44e-05
2026-06-02 12:58:30 [INFO] Step 5/54 Loss=12.1501 mse=0.3807 v_opt=0.05759 v_mand=0.00311 ptv=0.0086 ptv_max=0.00759 global_ceil=0.00021 ring=0.00000 smooth=0.0191 laplacian=0.0653 anticollapse=0.00000 shell_inner=0.00000 shell_outer=0.00000 homogeneity=0.0000 body=0.00000 bowel=0.09783 femur=0.01717 penile=0.00000
2026-06-02 12:58:35 [INFO] Step 10/54 Loss=6.1381 mse=0.1977 v_opt=0.07396 v_mand=0.00532 ptv=0.0058 ptv_max=0.00475 global_ceil=0.00096 ring=0.00000 smooth=0.0151 laplacian=0.0466 anticollapse=0.00000 shell_inner=0.00000 shell_outer=0.00000 homogeneity=0.0000 body=0.00000 bowel=0.00567 femur=0.00941 penile=0.00000
2026-06-02 12:58:42 [INFO] Step 15/54 Loss=13.3453 mse=0.4015 v_opt=0.05687 v_mand=0.00204 ptv=0.0067 ptv_max=0.01483 global_ceil=0.00777 ring=0.00013 smooth=0.0279 laplacian=0.0990 anticollapse=0.00000 shell_inner=0.00000 shell_outer=0.00000 homogeneity=0.0000 body=0.00000 bowel=0.04901 femur=0.03302 penile=0.00000
2026-06-02 12:58:48 [INFO] Step 20/54 Loss=20.6388 mse=0.5739 v_opt=0.02767 v_mand=0.00001 ptv=0.0033 ptv_max=0.02717 global_ceil=0.01988 ring=0.00087 smooth=0.0190 laplacian=0.0645 anticollapse=0.00000 shell_inner=0.00000 shell_outer=0.00000 homogeneity=0.0000 body=0.00000 bowel=0.12284 femur=0.03501 penile=0.00000
2026-06-02 12:58:55 [INFO] Step 25/54 Loss=15.6966 mse=0.4890 v_opt=0.01183 v_mand=0.00000 ptv=0.0041 ptv_max=0.01444 global_ceil=0.00731 ring=0.00002 smooth=0.0196 laplacian=0.0687 anticollapse=0.00000 shell_inner=0.00000 shell_outer=0.00000 homogeneity=0.0000 body=0.00000 bowel=0.08597 femur=0.03654 penile=0.00000
2026-06-02 12:59:00 [INFO] Step 30/54 Loss=22.7314 mse=0.5289 v_opt=0.14914 v_mand=0.01789 ptv=0.0073 ptv_max=0.02593 global_ceil=0.01893 ring=0.00129 smooth=0.0205 laplacian=0.0684 anticollapse=0.00000 shell_inner=0.00000 shell_outer=0.00000 homogeneity=0.0000 body=0.00000 bowel=0.24065 femur=0.06489 penile=0.00000
2026-06-02 12:59:07 [INFO] Step 35/54 Loss=11.7284 mse=0.3985 v_opt=0.04221 v_mand=0.00027 ptv=0.0090 ptv_max=0.00736 global_ceil=0.00107 ring=0.00001 smooth=0.0215 laplacian=0.0747 anticollapse=0.00000 shell_inner=0.00000 shell_outer=0.00000 homogeneity=0.0000 body=0.00000 bowel=0.03888 femur=0.02095 penile=0.00000
2026-06-02 12:59:12 [INFO] Step 40/54 Loss=7.0145 mse=0.2451 v_opt=0.04931 v_mand=0.00370 ptv=0.0072 ptv_max=0.00377 global_ceil=0.00009 ring=0.00000 smooth=0.0191 laplacian=0.0626 anticollapse=0.00000 shell_inner=0.00000 shell_outer=0.00000 homogeneity=0.0000 body=0.00000 bowel=0.00000 femur=0.00783 penile=0.00000
2026-06-02 12:59:19 [INFO] Step 45/54 Loss=8.3817 mse=0.2942 v_opt=0.04210 v_mand=0.00097 ptv=0.0068 ptv_max=0.00460 global_ceil=0.00055 ring=0.00000 smooth=0.0170 laplacian=0.0578 anticollapse=0.00000 shell_inner=0.00000 shell_outer=0.00000 homogeneity=0.0000 body=0.00000 bowel=0.00877 femur=0.01717 penile=0.00000
2026-06-02 12:59:25 [INFO] Step 50/54 Loss=110.2776 mse=0.6317 v_opt=0.00000 v_mand=0.00000 ptv=0.0000 ptv_max=0.03756 global_ceil=0.58910 ring=0.00054 smooth=0.0280 laplacian=0.0979 anticollapse=0.00000 shell_inner=0.00000 shell_outer=0.00000 homogeneity=0.0000 body=0.00000 bowel=0.32451 femur=0.00000 penile=0.00000
2026-06-02 12:59:30 [INFO] Step 54/54 Loss=15.2615 mse=0.3528 v_opt=0.12512 v_mand=0.02111 ptv=0.0053 ptv_max=0.01755 global_ceil=0.01004 ring=0.00001 smooth=0.0178 laplacian=0.0583 anticollapse=0.00000 shell_inner=0.00000 shell_outer=0.00000 homogeneity=0.0000 body=0.00000 bowel=0.17275 femur=0.02079 penile=0.00000
2026-06-02 12:59:30 [INFO] Running validation at epoch 79...
2026-06-02 13:00:06 [INFO] Epoch 79 Summary: Train=16.1701 Val=0.0352 (MSE=0.0352)
          Coverage D95:  PTV60_D95=50.42Gy  PTV44_D95=40.08Gy
          SIB Means:    PTV60=60.99Gy PTV44=48.01Gy
          OAR Metrics:  Bladder=35.86Gy Rectum=33.22Gy Bowel=35.45Gy Femur=36.56Gy Ring=48.88Gy Penile=41.41Gy
          Physics:      Dmax=130.91Gy BG=42.88Gy
2026-06-02 13:00:06 [INFO] [DIAGNOSTIC] Saved fallback model MSE=0.0352
2026-06-02 13:00:06 [INFO] Epoch 80/300 [FULL PHYSICS] ramp=1.000 lr=8.40e-05
2026-06-02 13:00:14 [INFO] Step 5/54 Loss=14.1879 mse=0.4195 v_opt=0.07171 v_mand=0.00224 ptv=0.0040 ptv_max=0.01340 global_ceil=0.00591 ring=0.00001 smooth=0.0225 laplacian=0.0796 anticollapse=0.00000 shell_inner=0.00000 shell_outer=0.00000 homogeneity=0.0000 body=0.00000 bowel=0.11347 femur=0.01813 penile=0.00000
2026-06-02 13:00:19 [INFO] Step 10/54 Loss=6.7590 mse=0.2434 v_opt=0.00000 v_mand=0.00000 ptv=0.0000 ptv_max=0.00000 global_ceil=0.00001 ring=0.00000 smooth=0.0132 laplacian=0.0412 anticollapse=0.00000 shell_inner=0.00000 shell_outer=0.00000 homogeneity=0.0000 body=0.00000 bowel=0.04158 femur=0.00009 penile=0.00000
2026-06-02 13:00:26 [INFO] Step 15/54 Loss=8.5047 mse=0.2634 v_opt=0.13132 v_mand=0.01327 ptv=0.0098 ptv_max=0.00302 global_ceil=0.00010 ring=0.00000 smooth=0.0227 laplacian=0.0764 anticollapse=0.00000 shell_inner=0.00000 shell_outer=0.00000 homogeneity=0.0000 body=0.00000 bowel=0.01739 femur=0.00993 penile=0.00000
2026-06-02 13:00:31 [INFO] Step 20/54 Loss=7.0553 mse=0.2027 v_opt=0.14300 v_mand=0.01724 ptv=0.0098 ptv_max=0.00401 global_ceil=0.00016 ring=0.00000 smooth=0.0160 laplacian=0.0510 anticollapse=0.00000 shell_inner=0.00000 shell_outer=0.00000 homogeneity=0.0000 body=0.00000 bowel=0.00499 femur=0.01198 penile=0.00000
2026-06-02 13:00:39 [INFO] Step 25/54 Loss=19.4630 mse=0.3600 v_opt=0.16289 v_mand=0.03916 ptv=0.0033 ptv_max=0.03541 global_ceil=0.01353 ring=0.00032 smooth=0.0203 laplacian=0.0708 anticollapse=0.00000 shell_inner=0.00000 shell_outer=0.00000 homogeneity=0.0000 body=0.00000 bowel=0.26550 femur=0.08670 penile=0.00000
2026-06-02 13:00:44 [INFO] Step 30/54 Loss=14.5260 mse=0.3891 v_opt=0.10932 v_mand=0.01830 ptv=0.0048 ptv_max=0.02497 global_ceil=0.01317 ring=0.00012 smooth=0.0270 laplacian=0.0944 anticollapse=0.00000 shell_inner=0.00000 shell_outer=0.00000 homogeneity=0.0000 body=0.00000 bowel=0.01757 femur=0.03498 penile=0.00000
2026-06-02 13:00:51 [INFO] Step 35/54 Loss=26.9449 mse=0.6323 v_opt=0.00145 v_mand=0.00000 ptv=0.0058 ptv_max=0.01491 global_ceil=0.02767 ring=0.00029 smooth=0.0197 laplacian=0.0700 anticollapse=0.00000 shell_inner=0.00000 shell_outer=0.00000 homogeneity=0.0000 body=0.00000 bowel=0.40181 femur=0.01615 penile=0.00000
2026-06-02 13:00:56 [INFO] Step 40/54 Loss=10.4851 mse=0.3543 v_opt=0.02441 v_mand=0.00070 ptv=0.0054 ptv_max=0.01050 global_ceil=0.00155 ring=0.00000 smooth=0.0190 laplacian=0.0646 anticollapse=0.00000 shell_inner=0.00000 shell_outer=0.00000 homogeneity=0.0000 body=0.00000 bowel=0.03558 femur=0.01462 penile=0.00000
2026-06-02 13:01:04 [INFO] Step 45/54 Loss=20.3826 mse=0.5767 v_opt=0.00002 v_mand=0.00000 ptv=0.0042 ptv_max=0.03042 global_ceil=0.01838 ring=0.00055 smooth=0.0231 laplacian=0.0842 anticollapse=0.00000 shell_inner=0.00000 shell_outer=0.00000 homogeneity=0.0000 body=0.00000 bowel=0.10792 femur=0.03754 penile=0.00000
2026-06-02 13:01:09 [INFO] Step 50/54 Loss=19.5294 mse=0.5776 v_opt=0.02469 v_mand=0.00000 ptv=0.0048 ptv_max=0.01767 global_ceil=0.01259 ring=0.00008 smooth=0.0194 laplacian=0.0615 anticollapse=0.00000 shell_inner=0.00000 shell_outer=0.00000 homogeneity=0.0000 body=0.00000 bowel=0.13126 femur=0.03625 penile=0.00000
2026-06-02 13:01:14 [INFO] Step 54/54 Loss=5.0345 mse=0.1762 v_opt=0.06934 v_mand=0.00170 ptv=0.0058 ptv_max=0.00203 global_ceil=0.00004 ring=0.00000 smooth=0.0118 laplacian=0.0380 anticollapse=0.00000 shell_inner=0.00000 shell_outer=0.00000 homogeneity=0.0000 body=0.00000 bowel=0.00000 femur=0.00320 penile=0.00000
2026-06-02 13:01:14 [INFO] Running validation at epoch 80...
2026-06-02 13:01:50 [INFO] Epoch 80 Summary: Train=15.8572 Val=0.0356 (MSE=0.0356)
          Coverage D95:  PTV60_D95=49.21Gy  PTV44_D95=39.82Gy
          SIB Means:    PTV60=56.39Gy PTV44=47.02Gy
          OAR Metrics:  Bladder=34.46Gy Rectum=36.00Gy Bowel=35.29Gy Femur=37.34Gy Ring=48.81Gy Penile=40.94Gy
          Physics:      Dmax=120.25Gy BG=43.17Gy
2026-06-02 13:01:50 [INFO] Epoch 81/300 [FULL PHYSICS] ramp=1.000 lr=8.36e-05
2026-06-02 13:01:58 [INFO] Step 5/54 Loss=6.8850 mse=0.1976 v_opt=0.15248 v_mand=0.02194 ptv=0.0076 ptv_max=0.00271 global_ceil=0.00011 ring=0.00000 smooth=0.0142 laplacian=0.0460 anticollapse=0.00000 shell_inner=0.00000 shell_outer=0.00000 homogeneity=0.0000 body=0.00000 bowel=0.00000 femur=0.00438 penile=0.00062
2026-06-02 13:02:03 [INFO] Step 10/54 Loss=4.4199 mse=0.1453 v_opt=0.05913 v_mand=0.00074 ptv=0.0104 ptv_max=0.00167 global_ceil=0.00016 ring=0.00000 smooth=0.0156 laplacian=0.0494 anticollapse=0.00000 shell_inner=0.00000 shell_outer=0.00000 homogeneity=0.0000 body=0.00000 bowel=0.00000 femur=0.00327 penile=0.00000
2026-06-02 13:02:10 [INFO] Step 15/54 Loss=21.8544 mse=0.4455 v_opt=0.00000 v_mand=0.00000 ptv=0.0000 ptv_max=0.01767 global_ceil=0.02349 ring=0.00014 smooth=0.0210 laplacian=0.0774 anticollapse=0.00000 shell_inner=0.00000 shell_outer=0.00000 homogeneity=0.0000 body=0.00000 bowel=0.43790 femur=0.00002 penile=0.00000
2026-06-02 13:02:15 [INFO] Step 20/54 Loss=13.1134 mse=0.4145 v_opt=0.00669 v_mand=0.00000 ptv=0.0051 ptv_max=0.01141 global_ceil=0.00185 ring=0.00000 smooth=0.0197 laplacian=0.0694 anticollapse=0.00000 shell_inner=0.00000 shell_outer=0.00000 homogeneity=0.0000 body=0.00000 bowel=0.10547 femur=0.02266 penile=0.00000
2026-06-02 13:02:22 [INFO] Step 25/54 Loss=6.6168 mse=0.2441 v_opt=0.00083 v_mand=0.00000 ptv=0.0068 ptv_max=0.00346 global_ceil=0.00013 ring=0.00000 smooth=0.0112 laplacian=0.0332 anticollapse=0.00000 shell_inner=0.00000 shell_outer=0.00000 homogeneity=0.0000 body=0.00000 bowel=0.00000 femur=0.00461 penile=0.00000
2026-06-02 13:02:28 [INFO] Step 30/54 Loss=16.1962 mse=0.3331 v_opt=0.00002 v_mand=0.00000 ptv=0.0026 ptv_max=0.02828 global_ceil=0.02475 ring=0.00041 smooth=0.0158 laplacian=0.0594 anticollapse=0.00000 shell_inner=0.00000 shell_outer=0.00000 homogeneity=0.0000 body=0.00000 bowel=0.17336 femur=0.05091 penile=0.00000
2026-06-02 13:02:34 [INFO] Step 35/54 Loss=21.8222 mse=0.6639 v_opt=0.05368 v_mand=0.00331 ptv=0.0031 ptv_max=0.02380 global_ceil=0.01310 ring=0.00022 smooth=0.0256 laplacian=0.0907 anticollapse=0.00000 shell_inner=0.00000 shell_outer=0.00000 homogeneity=0.0000 body=0.00000 bowel=0.09929 femur=0.05378 penile=0.00000
2026-06-02 13:02:40 [INFO] Step 40/54 Loss=20.1676 mse=0.5597 v_opt=0.05042 v_mand=0.00018 ptv=0.0043 ptv_max=0.02208 global_ceil=0.01267 ring=0.00025 smooth=0.0238 laplacian=0.0808 anticollapse=0.00000 shell_inner=0.00000 shell_outer=0.00000 homogeneity=0.0000 body=0.00000 bowel=0.19875 femur=0.02294 penile=0.00000
2026-06-02 13:02:46 [INFO] Step 45/54 Loss=7.6201 mse=0.2811 v_opt=0.02245 v_mand=0.00072 ptv=0.0077 ptv_max=0.00171 global_ceil=0.00013 ring=0.00000 smooth=0.0150 laplacian=0.0467 anticollapse=0.00000 shell_inner=0.00000 shell_outer=0.00000 homogeneity=0.0000 body=0.00000 bowel=0.00000 femur=0.00407 penile=0.00000
2026-06-02 13:02:53 [INFO] Step 50/54 Loss=7.0888 mse=0.2292 v_opt=0.08789 v_mand=0.00966 ptv=0.0060 ptv_max=0.00655 global_ceil=0.00025 ring=0.00000 smooth=0.0161 laplacian=0.0525 anticollapse=0.00000 shell_inner=0.00000 shell_outer=0.00000 homogeneity=0.0000 body=0.00000 bowel=0.00265 femur=0.00960 penile=0.00000
2026-06-02 13:02:58 [INFO] Step 54/54 Loss=4.4822 mse=0.1777 v_opt=0.00000 v_mand=0.00000 ptv=0.0000 ptv_max=0.00000 global_ceil=0.00006 ring=0.00000 smooth=0.0096 laplacian=0.0256 anticollapse=0.00000 shell_inner=0.00000 shell_outer=0.00000 homogeneity=0.0000 body=0.00000 bowel=0.00000 femur=0.00000 penile=0.00000
2026-06-02 13:02:58 [INFO] Running validation at epoch 81...
2026-06-02 13:03:34 [INFO] Epoch 81 Summary: Train=17.1234 Val=0.0357 (MSE=0.0357)
          Coverage D95:  PTV60_D95=49.34Gy  PTV44_D95=39.23Gy
          SIB Means:    PTV60=57.21Gy PTV44=46.90Gy
          OAR Metrics:  Bladder=33.95Gy Rectum=35.33Gy Bowel=34.80Gy Femur=37.40Gy Ring=48.90Gy Penile=43.18Gy
          Physics:      Dmax=104.88Gy BG=43.24Gy
2026-06-02 13:03:34 [INFO] Epoch 82/300 [FULL PHYSICS] ramp=1.000 lr=8.32e-05
2026-06-02 13:03:41 [INFO] Step 5/54 Loss=19.4797 mse=0.5229 v_opt=0.22953 v_mand=0.04548 ptv=0.0048 ptv_max=0.01597 global_ceil=0.01679 ring=0.00008 smooth=0.0141 laplacian=0.0450 anticollapse=0.00000 shell_inner=0.00000 shell_outer=0.00000 homogeneity=0.0000 body=0.00000 bowel=0.00000 femur=0.04054 penile=0.00000
2026-06-02 13:03:46 [INFO] Step 10/54 Loss=17.8856 mse=0.4934 v_opt=0.08745 v_mand=0.00865 ptv=0.0049 ptv_max=0.01279 global_ceil=0.01872 ring=0.00017 smooth=0.0213 laplacian=0.0695 anticollapse=0.00000 shell_inner=0.00000 shell_outer=0.00000 homogeneity=0.0000 body=0.00000 bowel=0.07008 femur=0.03934 penile=0.00000
2026-06-02 13:03:53 [INFO] Step 15/54 Loss=16.7954 mse=0.4769 v_opt=0.00029 v_mand=0.00000 ptv=0.0059 ptv_max=0.01978 global_ceil=0.01417 ring=0.00018 smooth=0.0241 laplacian=0.0834 anticollapse=0.00000 shell_inner=0.00000 shell_outer=0.00000 homogeneity=0.0000 body=0.00000 bowel=0.10910 femur=0.01522 penile=0.00000
2026-06-02 13:03:59 [INFO] Step 20/54 Loss=15.8221 mse=0.5113 v_opt=0.02192 v_mand=0.00000 ptv=0.0042 ptv_max=0.01650 global_ceil=0.00591 ring=0.00006 smooth=0.0196 laplacian=0.0648 anticollapse=0.00000 shell_inner=0.00000 shell_outer=0.00000 homogeneity=0.0000 body=0.00000 bowel=0.06764 femur=0.03350 penile=0.00000
2026-06-02 13:04:05 [INFO] Step 25/54 Loss=5.8158 mse=0.2013 v_opt=0.06328 v_mand=0.00214 ptv=0.0039 ptv_max=0.00615 global_ceil=0.00019 ring=0.00000 smooth=0.0152 laplacian=0.0493 anticollapse=0.00000 shell_inner=0.00000 shell_outer=0.00000 homogeneity=0.0000 body=0.00000 bowel=0.00000 femur=0.00930 penile=0.00114
2026-06-02 13:04:11 [INFO] Step 30/54 Loss=14.6168 mse=0.4620 v_opt=0.04296 v_mand=0.00000 ptv=0.0032 ptv_max=0.01309 global_ceil=0.00220 ring=0.00001 smooth=0.0216 laplacian=0.0741 anticollapse=0.00000 shell_inner=0.00000 shell_outer=0.00000 homogeneity=0.0000 body=0.00000 bowel=0.09674 femur=0.03191 penile=0.02563
2026-06-02 13:04:17 [INFO] Step 35/54 Loss=8.3272 mse=0.3001 v_opt=0.09161 v_mand=0.00656 ptv=0.0049 ptv_max=0.00001 global_ceil=0.00029 ring=0.00000 smooth=0.0137 laplacian=0.0421 anticollapse=0.00000 shell_inner=0.00000 shell_outer=0.00000 homogeneity=0.0000 body=0.00000 bowel=0.00000 femur=0.00000 penile=0.00000
2026-06-02 13:04:23 [INFO] Step 40/54 Loss=26.5381 mse=0.6269 v_opt=0.06670 v_mand=0.00211 ptv=0.0044 ptv_max=0.01283 global_ceil=0.02026 ring=0.00016 smooth=0.0194 laplacian=0.0694 anticollapse=0.00000 shell_inner=0.00000 shell_outer=0.00000 homogeneity=0.0000 body=0.00000 bowel=0.44850 femur=0.01949 penile=0.00000
2026-06-02 13:04:30 [INFO] Step 45/54 Loss=12.2835 mse=0.4079 v_opt=0.06000 v_mand=0.00111 ptv=0.0044 ptv_max=0.00587 global_ceil=0.00677 ring=0.00000 smooth=0.0212 laplacian=0.0700 anticollapse=0.00000 shell_inner=0.00000 shell_outer=0.00000 homogeneity=0.0000 body=0.00000 bowel=0.01640 femur=0.01938 penile=0.00000
2026-06-02 13:04:36 [INFO] Step 50/54 Loss=19.2794 mse=0.6759 v_opt=0.08666 v_mand=0.00174 ptv=0.0032 ptv_max=0.00014 global_ceil=0.01241 ring=0.00006 smooth=0.0265 laplacian=0.0956 anticollapse=0.00000 shell_inner=0.00000 shell_outer=0.00000 homogeneity=0.0000 body=0.00000 bowel=0.00000 femur=0.00000 penile=0.00000
2026-06-02 13:04:41 [INFO] Step 54/54 Loss=10.4568 mse=0.3898 v_opt=0.01597 v_mand=0.00000 ptv=0.0052 ptv_max=0.00454 global_ceil=0.00129 ring=0.00000 smooth=0.0137 laplacian=0.0418 anticollapse=0.00000 shell_inner=0.00000 shell_outer=0.00000 homogeneity=0.0000 body=0.00000 bowel=0.00000 femur=0.00658 penile=0.00000
2026-06-02 13:04:41 [INFO] Running validation at epoch 82...
2026-06-02 13:05:17 [INFO] Epoch 82 Summary: Train=14.7649 Val=0.0350 (MSE=0.0350)
          Coverage D95:  PTV60_D95=49.55Gy  PTV44_D95=38.88Gy
          SIB Means:    PTV60=57.71Gy PTV44=46.61Gy
          OAR Metrics:  Bladder=33.21Gy Rectum=34.20Gy Bowel=34.79Gy Femur=37.41Gy Ring=48.77Gy Penile=41.34Gy
          Physics:      Dmax=89.62Gy BG=42.89Gy
2026-06-02 13:05:17 [INFO] [DIAGNOSTIC] Saved fallback model MSE=0.0350
2026-06-02 13:05:17 [INFO] Epoch 83/300 [FULL PHYSICS] ramp=1.000 lr=8.28e-05
2026-06-02 13:05:24 [INFO] Step 5/54 Loss=12.3265 mse=0.4056 v_opt=0.03660 v_mand=0.00003 ptv=0.0058 ptv_max=0.00820 global_ceil=0.00155 ring=0.00000 smooth=0.0167 laplacian=0.0555 anticollapse=0.00000 shell_inner=0.00000 shell_outer=0.00000 homogeneity=0.0000 body=0.00000 bowel=0.07155 femur=0.02373 penile=0.00000
2026-06-02 13:05:30 [INFO] Step 10/54 Loss=27.8190 mse=0.7216 v_opt=0.12531 v_mand=0.01132 ptv=0.0071 ptv_max=0.01929 global_ceil=0.02525 ring=0.00028 smooth=0.0166 laplacian=0.0593 anticollapse=0.00000 shell_inner=0.00000 shell_outer=0.00000 homogeneity=0.0000 body=0.00000 bowel=0.23139 femur=0.07329 penile=0.00000
2026-06-02 13:05:37 [INFO] Step 15/54 Loss=14.9608 mse=0.4461 v_opt=0.07116 v_mand=0.00371 ptv=0.0033 ptv_max=0.01269 global_ceil=0.00615 ring=0.00001 smooth=0.0205 laplacian=0.0736 anticollapse=0.00000 shell_inner=0.00000 shell_outer=0.00000 homogeneity=0.0000 body=0.00000 bowel=0.10937 femur=0.03013 penile=0.00000
2026-06-02 13:05:42 [INFO] Step 20/54 Loss=18.1447 mse=0.4480 v_opt=0.17943 v_mand=0.04713 ptv=0.0056 ptv_max=0.01828 global_ceil=0.01329 ring=0.00032 smooth=0.0136 laplacian=0.0445 anticollapse=0.00000 shell_inner=0.00000 shell_outer=0.00000 homogeneity=0.0000 body=0.00000 bowel=0.05107 femur=0.06083 penile=0.00000
2026-06-02 13:05:49 [INFO] Step 25/54 Loss=11.2852 mse=0.3393 v_opt=0.00689 v_mand=0.00000 ptv=0.0076 ptv_max=0.00160 global_ceil=0.00440 ring=0.00000 smooth=0.0204 laplacian=0.0732 anticollapse=0.00000 shell_inner=0.00000 shell_outer=0.00000 homogeneity=0.0000 body=0.00000 bowel=0.10892 femur=0.00208 penile=0.00000
2026-06-02 13:05:55 [INFO] Step 30/54 Loss=8.3533 mse=0.2590 v_opt=0.10559 v_mand=0.01530 ptv=0.0060 ptv_max=0.01015 global_ceil=0.00036 ring=0.00000 smooth=0.0168 laplacian=0.0533 anticollapse=0.00000 shell_inner=0.00000 shell_outer=0.00000 homogeneity=0.0000 body=0.00000 bowel=0.00000 femur=0.02133 penile=0.00000
2026-06-02 13:06:01 [INFO] Step 35/54 Loss=6.8746 mse=0.2169 v_opt=0.08455 v_mand=0.01105 ptv=0.0070 ptv_max=0.00372 global_ceil=0.00022 ring=0.00000 smooth=0.0160 laplacian=0.0527 anticollapse=0.00000 shell_inner=0.00000 shell_outer=0.00000 homogeneity=0.0000 body=0.00000 bowel=0.00857 femur=0.00827 penile=0.00000
2026-06-02 13:06:07 [INFO] Step 40/54 Loss=7.7750 mse=0.2865 v_opt=0.01054 v_mand=0.00002 ptv=0.0032 ptv_max=0.00016 global_ceil=0.00268 ring=0.00000 smooth=0.0115 laplacian=0.0332 anticollapse=0.00000 shell_inner=0.00000 shell_outer=0.00000 homogeneity=0.0000 body=0.00000 bowel=0.00000 femur=0.00000 penile=0.00000
2026-06-02 13:06:14 [INFO] Step 45/54 Loss=25.1293 mse=0.5237 v_opt=0.15607 v_mand=0.03819 ptv=0.0037 ptv_max=0.01773 global_ceil=0.05383 ring=0.00019 smooth=0.0139 laplacian=0.0464 anticollapse=0.00000 shell_inner=0.00000 shell_outer=0.00000 homogeneity=0.0000 body=0.00000 bowel=0.01240 femur=0.07964 penile=0.00000
2026-06-02 13:06:19 [INFO] Step 50/54 Loss=9.5099 mse=0.3606 v_opt=0.04089 v_mand=0.00036 ptv=0.0052 ptv_max=0.00001 global_ceil=0.00062 ring=0.00000 smooth=0.0146 laplacian=0.0479 anticollapse=0.00000 shell_inner=0.00000 shell_outer=0.00000 homogeneity=0.0000 body=0.00000 bowel=0.00000 femur=0.00000 penile=0.00142
2026-06-02 13:06:24 [INFO] Step 54/54 Loss=19.5795 mse=0.5220 v_opt=0.19077 v_mand=0.04664 ptv=0.0043 ptv_max=0.01159 global_ceil=0.00889 ring=0.00001 smooth=0.0195 laplacian=0.0684 anticollapse=0.00000 shell_inner=0.00000 shell_outer=0.00000 homogeneity=0.0000 body=0.00000 bowel=0.08982 femur=0.05146 penile=0.00000
2026-06-02 13:06:24 [INFO] Running validation at epoch 83...
2026-06-02 13:07:00 [INFO] Epoch 83 Summary: Train=13.0540 Val=0.0348 (MSE=0.0348)
          Coverage D95:  PTV60_D95=48.11Gy  PTV44_D95=38.81Gy
          SIB Means:    PTV60=54.63Gy PTV44=45.64Gy
          OAR Metrics:  Bladder=32.60Gy Rectum=28.58Gy Bowel=34.25Gy Femur=37.91Gy Ring=48.26Gy Penile=43.18Gy
          Physics:      Dmax=99.79Gy BG=42.84Gy
2026-06-02 13:07:00 [INFO] [DIAGNOSTIC] Saved fallback model MSE=0.0348
2026-06-02 13:07:00 [INFO] Epoch 84/300 [FULL PHYSICS] ramp=1.000 lr=8.25e-05
2026-06-02 13:07:07 [INFO] Step 5/54 Loss=7.5056 mse=0.2490 v_opt=0.07464 v_mand=0.00393 ptv=0.0188 ptv_max=0.00009 global_ceil=0.00011 ring=0.00000 smooth=0.0184 laplacian=0.0600 anticollapse=0.00000 shell_inner=0.00000 shell_outer=0.00000 homogeneity=0.0000 body=0.00000 bowel=0.00000 femur=0.00000 penile=0.00000
2026-06-02 13:07:13 [INFO] Step 10/54 Loss=7.5251 mse=0.2704 v_opt=0.07521 v_mand=0.00243 ptv=0.0057 ptv_max=0.00243 global_ceil=0.00025 ring=0.00000 smooth=0.0164 laplacian=0.0538 anticollapse=0.00000 shell_inner=0.00000 shell_outer=0.00000 homogeneity=0.0000 body=0.00000 bowel=0.00003 femur=0.00638 penile=0.00000
2026-06-02 13:07:20 [INFO] Step 15/54 Loss=10.8461 mse=0.3182 v_opt=0.13283 v_mand=0.01801 ptv=0.0044 ptv_max=0.00235 global_ceil=0.00489 ring=0.00000 smooth=0.0156 laplacian=0.0499 anticollapse=0.00000 shell_inner=0.00000 shell_outer=0.00000 homogeneity=0.0000 body=0.00000 bowel=0.04066 femur=0.00560 penile=0.00000
2026-06-02 13:07:25 [INFO] Step 20/54 Loss=8.6613 mse=0.3089 v_opt=0.04452 v_mand=0.00001 ptv=0.0033 ptv_max=0.00796 global_ceil=0.00082 ring=0.00000 smooth=0.0126 laplacian=0.0384 anticollapse=0.00000 shell_inner=0.00000 shell_outer=0.00000 homogeneity=0.0000 body=0.00000 bowel=0.01037 femur=0.01409 penile=0.00000
2026-06-02 13:07:32 [INFO] Step 25/54 Loss=16.8861 mse=0.4398 v_opt=0.03923 v_mand=0.00067 ptv=0.0035 ptv_max=0.01889 global_ceil=0.01084 ring=0.00016 smooth=0.0171 laplacian=0.0574 anticollapse=0.00000 shell_inner=0.00000 shell_outer=0.00000 homogeneity=0.0000 body=0.00000 bowel=0.20436 femur=0.02927 penile=0.00000
2026-06-02 13:07:38 [INFO] Step 30/54 Loss=20.7790 mse=0.5392 v_opt=0.03018 v_mand=0.00002 ptv=0.0029 ptv_max=0.02121 global_ceil=0.02254 ring=0.00047 smooth=0.0254 laplacian=0.0915 anticollapse=0.00000 shell_inner=0.00000 shell_outer=0.00000 homogeneity=0.0000 body=0.00000 bowel=0.19097 femur=0.01079 penile=0.00000
2026-06-02 13:07:44 [INFO] Step 35/54 Loss=16.4057 mse=0.5168 v_opt=0.07159 v_mand=0.00171 ptv=0.0053 ptv_max=0.01653 global_ceil=0.01048 ring=0.00007 smooth=0.0169 laplacian=0.0567 anticollapse=0.00000 shell_inner=0.00000 shell_outer=0.00000 homogeneity=0.0000 body=0.00000 bowel=0.01036 femur=0.07274 penile=0.00000
2026-06-02 13:07:50 [INFO] Step 40/54 Loss=10.9555 mse=0.3780 v_opt=0.10865 v_mand=0.01046 ptv=0.0098 ptv_max=0.00001 global_ceil=0.00174 ring=0.00000 smooth=0.0175 laplacian=0.0525 anticollapse=0.00000 shell_inner=0.00000 shell_outer=0.00000 homogeneity=0.0000 body=0.00000 bowel=0.00000 femur=0.00000 penile=0.00000
2026-06-02 13:07:57 [INFO] Step 45/54 Loss=19.1903 mse=0.4528 v_opt=0.03581 v_mand=0.00060 ptv=0.0122 ptv_max=0.02339 global_ceil=0.01506 ring=0.00018 smooth=0.0236 laplacian=0.0844 anticollapse=0.00000 shell_inner=0.00000 shell_outer=0.00000 homogeneity=0.0000 body=0.00000 bowel=0.27525 femur=0.00280 penile=0.00000
2026-06-02 13:08:02 [INFO] Step 50/54 Loss=3.0494 mse=0.1011 v_opt=0.01955 v_mand=0.00005 ptv=0.0062 ptv_max=0.00258 global_ceil=0.00023 ring=0.00000 smooth=0.0099 laplacian=0.0322 anticollapse=0.00000 shell_inner=0.00000 shell_outer=0.00000 homogeneity=0.0000 body=0.00000 bowel=0.00006 femur=0.00540 penile=0.00000
2026-06-02 13:08:07 [INFO] Step 54/54 Loss=5.8889 mse=0.2108 v_opt=0.02149 v_mand=0.00000 ptv=0.0055 ptv_max=0.00485 global_ceil=0.00029 ring=0.00000 smooth=0.0133 laplacian=0.0433 anticollapse=0.00000 shell_inner=0.00000 shell_outer=0.00000 homogeneity=0.0000 body=0.00000 bowel=0.00321 femur=0.00428 penile=0.00000
2026-06-02 13:08:07 [INFO] Running validation at epoch 84...
2026-06-02 13:08:44 [INFO] Epoch 84 Summary: Train=17.1899 Val=0.0363 (MSE=0.0363)
          Coverage D95:  PTV60_D95=49.43Gy  PTV44_D95=39.39Gy
          SIB Means:    PTV60=57.62Gy PTV44=48.60Gy
          OAR Metrics:  Bladder=30.86Gy Rectum=29.30Gy Bowel=34.31Gy Femur=38.04Gy Ring=48.84Gy Penile=40.16Gy
          Physics:      Dmax=101.93Gy BG=43.55Gy
2026-06-02 13:08:44 [INFO] Epoch 85/300 [FULL PHYSICS] ramp=1.000 lr=8.21e-05
2026-06-02 13:08:51 [INFO] Step 5/54 Loss=21.2824 mse=0.4669 v_opt=0.00328 v_mand=0.00000 ptv=0.0061 ptv_max=0.00373 global_ceil=0.06041 ring=0.00000 smooth=0.0206 laplacian=0.0670 anticollapse=0.00000 shell_inner=0.00000 shell_outer=0.00000 homogeneity=0.0000 body=0.00000 bowel=0.00000 femur=0.00776 penile=0.00000
2026-06-02 13:08:56 [INFO] Step 10/54 Loss=9.3856 mse=0.2288 v_opt=0.10892 v_mand=0.03288 ptv=0.0158 ptv_max=0.00386 global_ceil=0.00001 ring=0.00000 smooth=0.0122 laplacian=0.0374 anticollapse=0.00002 shell_inner=0.00000 shell_outer=0.00000 homogeneity=0.0000 body=0.00000 bowel=0.06184 femur=0.00000 penile=0.00000
2026-06-02 13:09:03 [INFO] Step 15/54 Loss=5.4037 mse=0.1969 v_opt=0.00437 v_mand=0.00000 ptv=0.0079 ptv_max=0.00101 global_ceil=0.00007 ring=0.00000 smooth=0.0142 laplacian=0.0452 anticollapse=0.00000 shell_inner=0.00000 shell_outer=0.00000 homogeneity=0.0000 body=0.00000 bowel=0.00000 femur=0.00257 penile=0.00000
2026-06-02 13:09:09 [INFO] Step 20/54 Loss=16.2675 mse=0.5296 v_opt=0.01955 v_mand=0.00000 ptv=0.0035 ptv_max=0.01434 global_ceil=0.00936 ring=0.00000 smooth=0.0170 laplacian=0.0539 anticollapse=0.00000 shell_inner=0.00000 shell_outer=0.00000 homogeneity=0.0000 body=0.00000 bowel=0.04642 femur=0.02384 penile=0.00000
2026-06-02 13:09:15 [INFO] Step 25/54 Loss=7.4173 mse=0.2763 v_opt=0.01820 v_mand=0.00000 ptv=0.0056 ptv_max=0.00184 global_ceil=0.00008 ring=0.00000 smooth=0.0158 laplacian=0.0516 anticollapse=0.00000 shell_inner=0.00000 shell_outer=0.00000 homogeneity=0.0000 body=0.00000 bowel=0.00000 femur=0.00950 penile=0.00000
2026-06-02 13:09:22 [INFO] Step 30/54 Loss=6.4568 mse=0.2111 v_opt=0.09186 v_mand=0.01045 ptv=0.0066 ptv_max=0.00188 global_ceil=0.00022 ring=0.00000 smooth=0.0164 laplacian=0.0518 anticollapse=0.00000 shell_inner=0.00000 shell_outer=0.00000 homogeneity=0.0000 body=0.00000 bowel=0.00000 femur=0.00266 penile=0.00000
2026-06-02 13:09:27 [INFO] Step 35/54 Loss=6.7497 mse=0.2448 v_opt=0.05219 v_mand=0.00062 ptv=0.0044 ptv_max=0.00216 global_ceil=0.00091 ring=0.00000 smooth=0.0144 laplacian=0.0489 anticollapse=0.00000 shell_inner=0.00000 shell_outer=0.00000 homogeneity=0.0000 body=0.00000 bowel=0.00000 femur=0.00381 penile=0.00000
2026-06-02 13:09:34 [INFO] Step 40/54 Loss=13.6855 mse=0.4613 v_opt=0.03105 v_mand=0.00008 ptv=0.0074 ptv_max=0.01560 global_ceil=0.00479 ring=0.00005 smooth=0.0102 laplacian=0.0322 anticollapse=0.00000 shell_inner=0.00000 shell_outer=0.00000 homogeneity=0.0000 body=0.00000 bowel=0.02118 femur=0.02083 penile=0.00000
2026-06-02 13:09:39 [INFO] Step 45/54 Loss=7.5881 mse=0.2801 v_opt=0.00316 v_mand=0.00000 ptv=0.0079 ptv_max=0.00354 global_ceil=0.00005 ring=0.00000 smooth=0.0106 laplacian=0.0306 anticollapse=0.00000 shell_inner=0.00000 shell_outer=0.00000 homogeneity=0.0000 body=0.00000 bowel=0.00000 femur=0.00755 penile=0.00000
2026-06-02 13:09:46 [INFO] Step 50/54 Loss=10.3438 mse=0.3517 v_opt=0.08773 v_mand=0.00608 ptv=0.0061 ptv_max=0.01012 global_ceil=0.00077 ring=0.00000 smooth=0.0150 laplacian=0.0503 anticollapse=0.00000 shell_inner=0.00000 shell_outer=0.00000 homogeneity=0.0000 body=0.00000 bowel=0.00000 femur=0.03195 penile=0.00000
2026-06-02 13:09:51 [INFO] Step 54/54 Loss=6.6462 mse=0.2328 v_opt=0.00000 v_mand=0.00000 ptv=0.0161 ptv_max=0.00000 global_ceil=0.00046 ring=0.00000 smooth=0.0099 laplacian=0.0258 anticollapse=0.00000 shell_inner=0.00000 shell_outer=0.00000 homogeneity=0.0000 body=0.00000 bowel=0.00000 femur=0.00000 penile=0.00000
2026-06-02 13:09:51 [INFO] Running validation at epoch 85...
2026-06-02 13:10:28 [INFO] Epoch 85 Summary: Train=14.5429 Val=0.0337 (MSE=0.0337)
          Coverage D95:  PTV60_D95=49.16Gy  PTV44_D95=39.88Gy
          SIB Means:    PTV60=57.57Gy PTV44=47.95Gy
          OAR Metrics:  Bladder=31.14Gy Rectum=28.79Gy Bowel=34.21Gy Femur=36.45Gy Ring=47.92Gy Penile=41.46Gy
          Physics:      Dmax=99.21Gy BG=41.96Gy
2026-06-02 13:10:28 [INFO] [DIAGNOSTIC] Saved fallback model MSE=0.0337
2026-06-02 13:10:28 [INFO] Epoch 86/300 [FULL PHYSICS] ramp=1.000 lr=8.17e-05
2026-06-02 13:10:35 [INFO] Step 5/54 Loss=10.7522 mse=0.3553 v_opt=0.08472 v_mand=0.01028 ptv=0.0030 ptv_max=0.01294 global_ceil=0.00251 ring=0.00000 smooth=0.0150 laplacian=0.0511 anticollapse=0.00000 shell_inner=0.00000 shell_outer=0.00000 homogeneity=0.0000 body=0.00000 bowel=0.00925 femur=0.00861 penile=0.00000
2026-06-02 13:10:40 [INFO] Step 10/54 Loss=9.8189 mse=0.2916 v_opt=0.13886 v_mand=0.03473 ptv=0.0046 ptv_max=0.00001 global_ceil=0.00167 ring=0.00000 smooth=0.0165 laplacian=0.0465 anticollapse=0.00000 shell_inner=0.00000 shell_outer=0.00000 homogeneity=0.0000 body=0.00000 bowel=0.00000 femur=0.00000 penile=0.00000
2026-06-02 13:10:48 [INFO] Step 15/54 Loss=5.5116 mse=0.1860 v_opt=0.04411 v_mand=0.00248 ptv=0.0073 ptv_max=0.00256 global_ceil=0.00110 ring=0.00000 smooth=0.0136 laplacian=0.0421 anticollapse=0.00000 shell_inner=0.00000 shell_outer=0.00000 homogeneity=0.0000 body=0.00000 bowel=0.00000 femur=0.00292 penile=0.00000
2026-06-02 13:10:53 [INFO] Step 20/54 Loss=16.8147 mse=0.4985 v_opt=0.01900 v_mand=0.00000 ptv=0.0033 ptv_max=0.02410 global_ceil=0.01466 ring=0.00035 smooth=0.0171 laplacian=0.0581 anticollapse=0.00000 shell_inner=0.00000 shell_outer=0.00000 homogeneity=0.0000 body=0.00000 bowel=0.05416 femur=0.03570 penile=0.00000
2026-06-02 13:11:00 [INFO] Step 25/54 Loss=17.0903 mse=0.4697 v_opt=0.07285 v_mand=0.00183 ptv=0.0028 ptv_max=0.02377 global_ceil=0.01368 ring=0.00036 smooth=0.0232 laplacian=0.0809 anticollapse=0.00000 shell_inner=0.00000 shell_outer=0.00000 homogeneity=0.0000 body=0.00000 bowel=0.11820 femur=0.03440 penile=0.00000
2026-06-02 13:11:06 [INFO] Step 30/54 Loss=17.3170 mse=0.5025 v_opt=0.04370 v_mand=0.00023 ptv=0.0036 ptv_max=0.01619 global_ceil=0.01354 ring=0.00024 smooth=0.0213 laplacian=0.0771 anticollapse=0.00000 shell_inner=0.00000 shell_outer=0.00000 homogeneity=0.0000 body=0.00000 bowel=0.09997 femur=0.03824 penile=0.00000
2026-06-02 13:11:12 [INFO] Step 35/54 Loss=9.7051 mse=0.3366 v_opt=0.07727 v_mand=0.00578 ptv=0.0054 ptv_max=0.00551 global_ceil=0.00025 ring=0.00000 smooth=0.0148 laplacian=0.0501 anticollapse=0.00000 shell_inner=0.00000 shell_outer=0.00000 homogeneity=0.0000 body=0.00000 bowel=0.01611 femur=0.01013 penile=0.00000
2026-06-02 13:11:17 [INFO] Step 40/54 Loss=74.7842 mse=0.7809 v_opt=0.00019 v_mand=0.00001 ptv=0.0001 ptv_max=0.01305 global_ceil=0.32339 ring=0.00032 smooth=0.0449 laplacian=0.1674 anticollapse=0.00000 shell_inner=0.00000 shell_outer=0.00000 homogeneity=0.0000 body=0.00000 bowel=0.41032 femur=0.00000 penile=0.00000
2026-06-02 13:11:24 [INFO] Step 45/54 Loss=6.2346 mse=0.2277 v_opt=0.02050 v_mand=0.00105 ptv=0.0085 ptv_max=0.00000 global_ceil=0.00007 ring=0.00000 smooth=0.0149 laplacian=0.0462 anticollapse=0.00000 shell_inner=0.00000 shell_outer=0.00000 homogeneity=0.0000 body=0.00000 bowel=0.00000 femur=0.00000 penile=0.00000
2026-06-02 13:11:30 [INFO] Step 50/54 Loss=26.7408 mse=0.7135 v_opt=0.11420 v_mand=0.02283 ptv=0.0046 ptv_max=0.01591 global_ceil=0.02705 ring=0.00036 smooth=0.0143 laplacian=0.0469 anticollapse=0.00000 shell_inner=0.00000 shell_outer=0.00000 homogeneity=0.0000 body=0.00000 bowel=0.14686 femur=0.05268 penile=0.00000
2026-06-02 13:11:35 [INFO] Step 54/54 Loss=7.1665 mse=0.2274 v_opt=0.07670 v_mand=0.00423 ptv=0.0034 ptv_max=0.00771 global_ceil=0.00377 ring=0.00000 smooth=0.0161 laplacian=0.0513 anticollapse=0.00000 shell_inner=0.00000 shell_outer=0.00000 homogeneity=0.0000 body=0.00000 bowel=0.00049 femur=0.01008 penile=0.00000
2026-06-02 13:11:35 [INFO] Running validation at epoch 86...
2026-06-02 13:12:11 [INFO] Epoch 86 Summary: Train=19.4918 Val=0.0332 (MSE=0.0332)
          Coverage D95:  PTV60_D95=50.05Gy  PTV44_D95=40.19Gy
          SIB Means:    PTV60=58.42Gy PTV44=47.76Gy
          OAR Metrics:  Bladder=31.83Gy Rectum=27.61Gy Bowel=33.51Gy Femur=36.29Gy Ring=48.54Gy Penile=42.38Gy
          Physics:      Dmax=99.45Gy BG=41.66Gy
2026-06-02 13:12:11 [INFO] [DIAGNOSTIC] Saved fallback model MSE=0.0332
2026-06-02 13:12:11 [INFO] Epoch 87/300 [FULL PHYSICS] ramp=1.000 lr=8.12e-05
2026-06-02 13:12:19 [INFO] Step 5/54 Loss=14.6141 mse=0.4848 v_opt=0.01591 v_mand=0.00000 ptv=0.0085 ptv_max=0.01441 global_ceil=0.00650 ring=0.00006 smooth=0.0158 laplacian=0.0463 anticollapse=0.00000 shell_inner=0.00000 shell_outer=0.00000 homogeneity=0.0000 body=0.00000 bowel=0.00000 femur=0.06163 penile=0.00000
2026-06-02 13:12:24 [INFO] Step 10/54 Loss=8.3995 mse=0.3024 v_opt=0.04347 v_mand=0.00081 ptv=0.0042 ptv_max=0.00558 global_ceil=0.00049 ring=0.00000 smooth=0.0178 laplacian=0.0568 anticollapse=0.00000 shell_inner=0.00000 shell_outer=0.00000 homogeneity=0.0000 body=0.00000 bowel=0.01206 femur=0.00375 penile=0.00000
2026-06-02 13:12:31 [INFO] Step 15/54 Loss=13.5920 mse=0.4341 v_opt=0.10058 v_mand=0.01357 ptv=0.0044 ptv_max=0.00994 global_ceil=0.00308 ring=0.00000 smooth=0.0183 laplacian=0.0604 anticollapse=0.00000 shell_inner=0.00000 shell_outer=0.00000 homogeneity=0.0000 body=0.00000 bowel=0.03812 femur=0.02605 penile=0.00000
2026-06-02 13:12:36 [INFO] Step 20/54 Loss=20.1940 mse=0.4298 v_opt=0.02017 v_mand=0.00000 ptv=0.0095 ptv_max=0.00652 global_ceil=0.04197 ring=0.00001 smooth=0.0151 laplacian=0.0521 anticollapse=0.00000 shell_inner=0.00000 shell_outer=0.00000 homogeneity=0.0000 body=0.00000 bowel=0.16130 femur=0.00108 penile=0.00000
2026-06-02 13:12:44 [INFO] Step 25/54 Loss=17.5409 mse=0.4234 v_opt=0.18217 v_mand=0.03243 ptv=0.0066 ptv_max=0.00803 global_ceil=0.01538 ring=0.00001 smooth=0.0238 laplacian=0.0833 anticollapse=0.00000 shell_inner=0.00000 shell_outer=0.00000 homogeneity=0.0000 body=0.00000 bowel=0.11656 femur=0.02788 penile=0.00000
2026-06-02 13:12:49 [INFO] Step 30/54 Loss=6.0076 mse=0.1898 v_opt=0.11052 v_mand=0.01120 ptv=0.0068 ptv_max=0.00178 global_ceil=0.00011 ring=0.00000 smooth=0.0149 laplacian=0.0521 anticollapse=0.00000 shell_inner=0.00000 shell_outer=0.00000 homogeneity=0.0000 body=0.00000 bowel=0.00180 femur=0.00217 penile=0.00000
2026-06-02 13:12:56 [INFO] Step 35/54 Loss=12.2994 mse=0.3640 v_opt=0.12710 v_mand=0.02344 ptv=0.0035 ptv_max=0.01664 global_ceil=0.00136 ring=0.00001 smooth=0.0161 laplacian=0.0511 anticollapse=0.00000 shell_inner=0.00000 shell_outer=0.00000 homogeneity=0.0000 body=0.00000 bowel=0.03269 femur=0.03639 penile=0.00000
2026-06-02 13:13:01 [INFO] Step 40/54 Loss=33.5635 mse=0.7566 v_opt=0.01531 v_mand=0.00000 ptv=0.0057 ptv_max=0.02199 global_ceil=0.06016 ring=0.00047 smooth=0.0239 laplacian=0.0822 anticollapse=0.00000 shell_inner=0.00000 shell_outer=0.00000 homogeneity=0.0000 body=0.00000 bowel=0.26608 femur=0.03154 penile=0.02664
2026-06-02 13:13:08 [INFO] Step 45/54 Loss=12.5693 mse=0.3294 v_opt=0.04267 v_mand=0.00038 ptv=0.0025 ptv_max=0.01524 global_ceil=0.02271 ring=0.00001 smooth=0.0144 laplacian=0.0456 anticollapse=0.00000 shell_inner=0.00000 shell_outer=0.00000 homogeneity=0.0000 body=0.00000 bowel=0.00000 femur=0.02039 penile=0.00000
2026-06-02 13:13:14 [INFO] Step 50/54 Loss=40.0718 mse=0.4281 v_opt=0.00000 v_mand=0.00000 ptv=0.0000 ptv_max=0.00000 global_ceil=0.18991 ring=0.00000 smooth=0.0490 laplacian=0.1796 anticollapse=0.00000 shell_inner=0.00000 shell_outer=0.00000 homogeneity=0.0000 body=0.00000 bowel=0.04343 femur=0.00284 penile=0.00000
2026-06-02 13:13:18 [INFO] Step 54/54 Loss=8.6780 mse=0.3189 v_opt=0.03001 v_mand=0.00073 ptv=0.0041 ptv_max=0.00690 global_ceil=0.00040 ring=0.00000 smooth=0.0162 laplacian=0.0542 anticollapse=0.00000 shell_inner=0.00000 shell_outer=0.00000 homogeneity=0.0000 body=0.00000 bowel=0.00000 femur=0.00952 penile=0.00000
2026-06-02 13:13:19 [INFO] Running validation at epoch 87...
2026-06-02 13:13:55 [INFO] Epoch 87 Summary: Train=15.2156 Val=0.0341 (MSE=0.0341)
          Coverage D95:  PTV60_D95=49.25Gy  PTV44_D95=39.83Gy
          SIB Means:    PTV60=56.91Gy PTV44=47.55Gy
          OAR Metrics:  Bladder=31.24Gy Rectum=28.80Gy Bowel=33.50Gy Femur=36.88Gy Ring=48.49Gy Penile=41.26Gy
          Physics:      Dmax=94.80Gy BG=42.23Gy
2026-06-02 13:13:55 [INFO] Epoch 88/300 [FULL PHYSICS] ramp=1.000 lr=8.08e-05
2026-06-02 13:14:03 [INFO] Step 5/54 Loss=6.4861 mse=0.2268 v_opt=0.04072 v_mand=0.00179 ptv=0.0088 ptv_max=0.00369 global_ceil=0.00016 ring=0.00000 smooth=0.0130 laplacian=0.0423 anticollapse=0.00000 shell_inner=0.00000 shell_outer=0.00000 homogeneity=0.0000 body=0.00000 bowel=0.00000 femur=0.00658 penile=0.00000
2026-06-02 13:14:08 [INFO] Step 10/54 Loss=13.4425 mse=0.3794 v_opt=0.16783 v_mand=0.02840 ptv=0.0055 ptv_max=0.00525 global_ceil=0.01106 ring=0.00000 smooth=0.0139 laplacian=0.0412 anticollapse=0.00000 shell_inner=0.00000 shell_outer=0.00000 homogeneity=0.0000 body=0.00000 bowel=0.00008 femur=0.00910 penile=0.00000
2026-06-02 13:14:15 [INFO] Step 15/54 Loss=9.9853 mse=0.2247 v_opt=0.23397 v_mand=0.05009 ptv=0.0057 ptv_max=0.00527 global_ceil=0.00437 ring=0.00000 smooth=0.0115 laplacian=0.0351 anticollapse=0.00000 shell_inner=0.00000 shell_outer=0.00000 homogeneity=0.0000 body=0.00000 bowel=0.01684 femur=0.00320 penile=0.00000
2026-06-02 13:14:20 [INFO] Step 20/54 Loss=6.2002 mse=0.2250 v_opt=0.00000 v_mand=0.00000 ptv=0.0000 ptv_max=0.00108 global_ceil=0.00340 ring=0.00000 smooth=0.0100 laplacian=0.0268 anticollapse=0.00000 shell_inner=0.00000 shell_outer=0.00000 homogeneity=0.0000 body=0.00000 bowel=0.00014 femur=0.00000 penile=0.00000
2026-06-02 13:14:27 [INFO] Step 25/54 Loss=25.2831 mse=0.6925 v_opt=0.19016 v_mand=0.03883 ptv=0.0041 ptv_max=0.01945 global_ceil=0.00868 ring=0.00010 smooth=0.0143 laplacian=0.0513 anticollapse=0.00000 shell_inner=0.00000 shell_outer=0.00000 homogeneity=0.0000 body=0.00000 bowel=0.20925 femur=0.03775 penile=0.00000
2026-06-02 13:14:32 [INFO] Step 30/54 Loss=23.8889 mse=0.5271 v_opt=0.00540 v_mand=0.00084 ptv=0.0045 ptv_max=0.01936 global_ceil=0.02822 ring=0.00079 smooth=0.0269 laplacian=0.0995 anticollapse=0.00000 shell_inner=0.00000 shell_outer=0.00000 homogeneity=0.0000 body=0.00000 bowel=0.33788 femur=0.04416 penile=0.00000
2026-06-02 13:14:39 [INFO] Step 35/54 Loss=24.3042 mse=0.5170 v_opt=0.01840 v_mand=0.00001 ptv=0.0042 ptv_max=0.00001 global_ceil=0.07381 ring=0.00000 smooth=0.0209 laplacian=0.0720 anticollapse=0.00000 shell_inner=0.00000 shell_outer=0.00000 homogeneity=0.0000 body=0.00000 bowel=0.00000 femur=0.00000 penile=0.00000
2026-06-02 13:14:45 [INFO] Step 40/54 Loss=18.0015 mse=0.4954 v_opt=0.03624 v_mand=0.00001 ptv=0.0041 ptv_max=0.01735 global_ceil=0.01410 ring=0.00033 smooth=0.0183 laplacian=0.0634 anticollapse=0.00000 shell_inner=0.00000 shell_outer=0.00000 homogeneity=0.0000 body=0.00000 bowel=0.16744 femur=0.01308 penile=0.00000
2026-06-02 13:14:51 [INFO] Step 45/54 Loss=19.6856 mse=0.5688 v_opt=0.10769 v_mand=0.00668 ptv=0.0027 ptv_max=0.02024 global_ceil=0.01000 ring=0.00017 smooth=0.0157 laplacian=0.0539 anticollapse=0.00000 shell_inner=0.00000 shell_outer=0.00000 homogeneity=0.0000 body=0.00000 bowel=0.15110 femur=0.03570 penile=0.00000
2026-06-02 13:14:56 [INFO] Step 50/54 Loss=7.7101 mse=0.2753 v_opt=0.04677 v_mand=0.00100 ptv=0.0043 ptv_max=0.00378 global_ceil=0.00086 ring=0.00000 smooth=0.0168 laplacian=0.0532 anticollapse=0.00000 shell_inner=0.00000 shell_outer=0.00000 homogeneity=0.0000 body=0.00000 bowel=0.00534 femur=0.01048 penile=0.00000
2026-06-02 13:15:01 [INFO] Step 54/54 Loss=6.8384 mse=0.2096 v_opt=0.07521 v_mand=0.00937 ptv=0.0000 ptv_max=0.00643 global_ceil=0.00005 ring=0.00000 smooth=0.0130 laplacian=0.0387 anticollapse=0.00000 shell_inner=0.00000 shell_outer=0.00000 homogeneity=0.0000 body=0.00000 bowel=0.04882 femur=0.00005 penile=0.00000
2026-06-02 13:15:02 [INFO] Running validation at epoch 88...
2026-06-02 13:15:38 [INFO] Epoch 88 Summary: Train=14.4414 Val=0.0324 (MSE=0.0324)
          Coverage D95:  PTV60_D95=50.75Gy  PTV44_D95=39.83Gy
          SIB Means:    PTV60=59.80Gy PTV44=47.49Gy
          OAR Metrics:  Bladder=33.71Gy Rectum=31.99Gy Bowel=34.17Gy Femur=35.55Gy Ring=48.46Gy Penile=42.75Gy
          Physics:      Dmax=176.51Gy BG=41.21Gy
2026-06-02 13:15:38 [INFO] [DIAGNOSTIC] Saved fallback model MSE=0.0324
2026-06-02 13:15:38 [INFO] Epoch 89/300 [FULL PHYSICS] ramp=1.000 lr=8.04e-05
2026-06-02 13:15:45 [INFO] Step 5/54 Loss=5.3972 mse=0.1959 v_opt=0.02553 v_mand=0.00019 ptv=0.0059 ptv_max=0.00248 global_ceil=0.00018 ring=0.00000 smooth=0.0121 laplacian=0.0397 anticollapse=0.00000 shell_inner=0.00000 shell_outer=0.00000 homogeneity=0.0000 body=0.00000 bowel=0.00000 femur=0.00252 penile=0.00000
2026-06-02 13:15:51 [INFO] Step 10/54 Loss=24.1971 mse=0.5132 v_opt=0.02716 v_mand=0.00001 ptv=0.0080 ptv_max=0.01703 global_ceil=0.01834 ring=0.00008 smooth=0.0196 laplacian=0.0657 anticollapse=0.00000 shell_inner=0.00000 shell_outer=0.00000 homogeneity=0.0000 body=0.00000 bowel=0.50643 femur=0.00171 penile=0.00011
2026-06-02 13:15:58 [INFO] Step 15/54 Loss=17.0779 mse=0.4959 v_opt=0.00001 v_mand=0.00000 ptv=0.0044 ptv_max=0.01295 global_ceil=0.01683 ring=0.00019 smooth=0.0147 laplacian=0.0496 anticollapse=0.00000 shell_inner=0.00000 shell_outer=0.00000 homogeneity=0.0000 body=0.00000 bowel=0.09231 femur=0.01224 penile=0.00000
2026-06-02 13:16:03 [INFO] Step 20/54 Loss=21.9874 mse=0.6385 v_opt=0.01973 v_mand=0.00005 ptv=0.0043 ptv_max=0.01240 global_ceil=0.03064 ring=0.00021 smooth=0.0177 laplacian=0.0603 anticollapse=0.00000 shell_inner=0.00000 shell_outer=0.00000 homogeneity=0.0000 body=0.00000 bowel=0.01436 femur=0.04007 penile=0.01323
2026-06-02 13:16:10 [INFO] Step 25/54 Loss=14.5683 mse=0.4387 v_opt=0.05915 v_mand=0.00383 ptv=0.0043 ptv_max=0.01340 global_ceil=0.01459 ring=0.00009 smooth=0.0140 laplacian=0.0446 anticollapse=0.00000 shell_inner=0.00000 shell_outer=0.00000 homogeneity=0.0000 body=0.00000 bowel=0.01786 femur=0.01868 penile=0.00000
2026-06-02 13:16:16 [INFO] Step 30/54 Loss=11.0593 mse=0.4045 v_opt=0.00030 v_mand=0.00000 ptv=0.0060 ptv_max=0.00484 global_ceil=0.00243 ring=0.00000 smooth=0.0132 laplacian=0.0410 anticollapse=0.00000 shell_inner=0.00000 shell_outer=0.00000 homogeneity=0.0000 body=0.00000 bowel=0.00000 femur=0.01179 penile=0.00000
2026-06-02 13:16:23 [INFO] Step 35/54 Loss=8.7343 mse=0.3200 v_opt=0.04442 v_mand=0.00040 ptv=0.0060 ptv_max=0.00553 global_ceil=0.00015 ring=0.00000 smooth=0.0140 laplacian=0.0477 anticollapse=0.00000 shell_inner=0.00000 shell_outer=0.00000 homogeneity=0.0000 body=0.00000 bowel=0.00126 femur=0.00923 penile=0.00000
2026-06-02 13:16:28 [INFO] Step 40/54 Loss=6.9863 mse=0.2742 v_opt=0.02320 v_mand=0.00044 ptv=0.0000 ptv_max=0.00000 global_ceil=0.00005 ring=0.00000 smooth=0.0154 laplacian=0.0481 anticollapse=0.00000 shell_inner=0.00000 shell_outer=0.00000 homogeneity=0.0000 body=0.00000 bowel=0.00000 femur=0.00000 penile=0.00000
2026-06-02 13:16:35 [INFO] Step 45/54 Loss=13.4086 mse=0.4375 v_opt=0.01977 v_mand=0.00000 ptv=0.0043 ptv_max=0.01315 global_ceil=0.00499 ring=0.00001 smooth=0.0159 laplacian=0.0544 anticollapse=0.00000 shell_inner=0.00000 shell_outer=0.00000 homogeneity=0.0000 body=0.00000 bowel=0.04061 femur=0.04227 penile=0.00000
2026-06-02 13:16:40 [INFO] Step 50/54 Loss=5.5708 mse=0.2002 v_opt=0.02156 v_mand=0.00000 ptv=0.0094 ptv_max=0.00099 global_ceil=0.00008 ring=0.00000 smooth=0.0114 laplacian=0.0338 anticollapse=0.00000 shell_inner=0.00000 shell_outer=0.00000 homogeneity=0.0000 body=0.00000 bowel=0.00000 femur=0.00167 penile=0.00000
2026-06-02 13:16:44 [INFO] Step 54/54 Loss=7.6188 mse=0.2788 v_opt=0.04404 v_mand=0.00150 ptv=0.0043 ptv_max=0.00008 global_ceil=0.00160 ring=0.00001 smooth=0.0132 laplacian=0.0414 anticollapse=0.00000 shell_inner=0.00000 shell_outer=0.00000 homogeneity=0.0000 body=0.00000 bowel=0.00000 femur=0.00000 penile=0.00000
2026-06-02 13:16:45 [INFO] Running validation at epoch 89...
2026-06-02 13:17:21 [INFO] Epoch 89 Summary: Train=12.5634 Val=0.0310 (MSE=0.0310)
          Coverage D95:  PTV60_D95=51.34Gy  PTV44_D95=39.86Gy
          SIB Means:    PTV60=60.89Gy PTV44=47.26Gy
          OAR Metrics:  Bladder=31.91Gy Rectum=32.19Gy Bowel=33.71Gy Femur=35.62Gy Ring=48.73Gy Penile=44.87Gy
          Physics:      Dmax=94.19Gy BG=40.38Gy
2026-06-02 13:17:21 [INFO] [DIAGNOSTIC] Saved fallback model MSE=0.0310
2026-06-02 13:17:21 [INFO] Epoch 90/300 [FULL PHYSICS] ramp=1.000 lr=8.00e-05
2026-06-02 13:17:28 [INFO] Step 5/54 Loss=27.2090 mse=0.4541 v_opt=0.12012 v_mand=0.02305 ptv=0.0048 ptv_max=0.02683 global_ceil=0.02111 ring=0.00055 smooth=0.0176 laplacian=0.0562 anticollapse=0.00000 shell_inner=0.00000 shell_outer=0.00000 homogeneity=0.0000 body=0.00000 bowel=0.66208 femur=0.02636 penile=0.00000
2026-06-02 13:17:34 [INFO] Step 10/54 Loss=10.5143 mse=0.3328 v_opt=0.16842 v_mand=0.02043 ptv=0.0056 ptv_max=0.00689 global_ceil=0.00119 ring=0.00000 smooth=0.0133 laplacian=0.0421 anticollapse=0.00000 shell_inner=0.00000 shell_outer=0.00000 homogeneity=0.0000 body=0.00000 bowel=0.00000 femur=0.01495 penile=0.00000
2026-06-02 13:17:40 [INFO] Step 15/54 Loss=20.4100 mse=0.5081 v_opt=0.00943 v_mand=0.00001 ptv=0.0128 ptv_max=0.01045 global_ceil=0.02631 ring=0.00063 smooth=0.0181 laplacian=0.0610 anticollapse=0.00000 shell_inner=0.00000 shell_outer=0.00000 homogeneity=0.0000 body=0.00000 bowel=0.18328 femur=0.00195 penile=0.00000
2026-06-02 13:17:46 [INFO] Step 20/54 Loss=6.2320 mse=0.2157 v_opt=0.01246 v_mand=0.00020 ptv=0.0143 ptv_max=0.00136 global_ceil=0.00003 ring=0.00000 smooth=0.0176 laplacian=0.0559 anticollapse=0.00000 shell_inner=0.00000 shell_outer=0.00000 homogeneity=0.0000 body=0.00000 bowel=0.00000 femur=0.00500 penile=0.00000
2026-06-02 13:17:52 [INFO] Step 25/54 Loss=9.6034 mse=0.3493 v_opt=0.02792 v_mand=0.00035 ptv=0.0022 ptv_max=0.00020 global_ceil=0.00375 ring=0.00001 smooth=0.0135 laplacian=0.0453 anticollapse=0.00000 shell_inner=0.00000 shell_outer=0.00000 homogeneity=0.0000 body=0.00000 bowel=0.00000 femur=0.00000 penile=0.00773
2026-06-02 13:17:58 [INFO] Step 30/54 Loss=19.3220 mse=0.5190 v_opt=0.00044 v_mand=0.00008 ptv=0.0032 ptv_max=0.02790 global_ceil=0.02070 ring=0.00049 smooth=0.0165 laplacian=0.0558 anticollapse=0.00000 shell_inner=0.00000 shell_outer=0.00000 homogeneity=0.0000 body=0.00000 bowel=0.13380 femur=0.01751 penile=0.00000
2026-06-02 13:18:05 [INFO] Step 35/54 Loss=4.7526 mse=0.1713 v_opt=0.00435 v_mand=0.00000 ptv=0.0076 ptv_max=0.00172 global_ceil=0.00008 ring=0.00000 smooth=0.0120 laplacian=0.0375 anticollapse=0.00000 shell_inner=0.00000 shell_outer=0.00000 homogeneity=0.0000 body=0.00000 bowel=0.00000 femur=0.00132 penile=0.00000
2026-06-02 13:18:10 [INFO] Step 40/54 Loss=18.7396 mse=0.4887 v_opt=0.09003 v_mand=0.00466 ptv=0.0042 ptv_max=0.01582 global_ceil=0.02959 ring=0.00014 smooth=0.0159 laplacian=0.0549 anticollapse=0.00000 shell_inner=0.00000 shell_outer=0.00000 homogeneity=0.0000 body=0.00000 bowel=0.04613 femur=0.02477 penile=0.00000
2026-06-02 13:18:17 [INFO] Step 45/54 Loss=14.6834 mse=0.4525 v_opt=0.05624 v_mand=0.00108 ptv=0.0037 ptv_max=0.01016 global_ceil=0.01383 ring=0.00007 smooth=0.0117 laplacian=0.0387 anticollapse=0.00000 shell_inner=0.00000 shell_outer=0.00000 homogeneity=0.0000 body=0.00000 bowel=0.02269 femur=0.02711 penile=0.00000
2026-06-02 13:18:22 [INFO] Step 50/54 Loss=18.0180 mse=0.5225 v_opt=0.06877 v_mand=0.00178 ptv=0.0038 ptv_max=0.01555 global_ceil=0.01452 ring=0.00029 smooth=0.0129 laplacian=0.0434 anticollapse=0.00000 shell_inner=0.00000 shell_outer=0.00000 homogeneity=0.0000 body=0.00000 bowel=0.11115 femur=0.01922 penile=0.00000
2026-06-02 13:18:27 [INFO] Step 54/54 Loss=11.8325 mse=0.3069 v_opt=0.23848 v_mand=0.05227 ptv=0.0032 ptv_max=0.01076 global_ceil=0.00101 ring=0.00000 smooth=0.0137 laplacian=0.0466 anticollapse=0.00000 shell_inner=0.00000 shell_outer=0.00000 homogeneity=0.0000 body=0.00000 bowel=0.00776 femur=0.02806 penile=0.00000
2026-06-02 13:18:27 [INFO] Running validation at epoch 90...
2026-06-02 13:19:04 [INFO] Epoch 90 Summary: Train=13.7451 Val=0.0314 (MSE=0.0314)
          Coverage D95:  PTV60_D95=50.17Gy  PTV44_D95=39.73Gy
          SIB Means:    PTV60=57.98Gy PTV44=47.14Gy
          OAR Metrics:  Bladder=34.82Gy Rectum=31.33Gy Bowel=33.32Gy Femur=35.96Gy Ring=49.18Gy Penile=42.56Gy
          Physics:      Dmax=92.87Gy BG=40.59Gy
2026-06-02 13:19:04 [INFO] Epoch 91/300 [FULL PHYSICS] ramp=1.000 lr=7.96e-05
2026-06-02 13:19:11 [INFO] Step 5/54 Loss=15.4703 mse=0.4795 v_opt=0.01419 v_mand=0.00000 ptv=0.0054 ptv_max=0.00682 global_ceil=0.00798 ring=0.00002 smooth=0.0123 laplacian=0.0381 anticollapse=0.00000 shell_inner=0.00000 shell_outer=0.00000 homogeneity=0.0000 body=0.00000 bowel=0.08182 femur=0.05399 penile=0.00000
2026-06-02 13:19:16 [INFO] Step 10/54 Loss=86.0619 mse=0.7932 v_opt=0.14487 v_mand=0.02408 ptv=0.0026 ptv_max=0.02939 global_ceil=0.37304 ring=0.00089 smooth=0.0462 laplacian=0.1728 anticollapse=0.00000 shell_inner=0.00000 shell_outer=0.00000 homogeneity=0.0000 body=0.00000 bowel=0.44297 femur=0.09196 penile=0.00000
2026-06-02 13:19:24 [INFO] Step 15/54 Loss=6.2439 mse=0.2205 v_opt=0.01713 v_mand=0.00013 ptv=0.0121 ptv_max=0.00169 global_ceil=0.00002 ring=0.00000 smooth=0.0162 laplacian=0.0509 anticollapse=0.00000 shell_inner=0.00000 shell_outer=0.00000 homogeneity=0.0000 body=0.00000 bowel=0.00000 femur=0.00311 penile=0.00000
2026-06-02 13:19:29 [INFO] Step 20/54 Loss=7.2641 mse=0.2677 v_opt=0.00411 v_mand=0.00000 ptv=0.0071 ptv_max=0.00488 global_ceil=0.00006 ring=0.00000 smooth=0.0124 laplacian=0.0359 anticollapse=0.00000 shell_inner=0.00000 shell_outer=0.00000 homogeneity=0.0000 body=0.00000 bowel=0.00000 femur=0.00441 penile=0.00000
2026-06-02 13:19:36 [INFO] Step 25/54 Loss=14.7576 mse=0.5663 v_opt=0.01894 v_mand=0.00007 ptv=0.0025 ptv_max=0.00003 global_ceil=0.00259 ring=0.00002 smooth=0.0152 laplacian=0.0495 anticollapse=0.00000 shell_inner=0.00000 shell_outer=0.00000 homogeneity=0.0000 body=0.00000 bowel=0.00000 femur=0.00000 penile=0.00000
2026-06-02 13:19:41 [INFO] Step 30/54 Loss=5.4466 mse=0.1973 v_opt=0.00511 v_mand=0.00000 ptv=0.0043 ptv_max=0.00400 global_ceil=0.00073 ring=0.00000 smooth=0.0134 laplacian=0.0390 anticollapse=0.00000 shell_inner=0.00000 shell_outer=0.00000 homogeneity=0.0000 body=0.00000 bowel=0.00000 femur=0.00367 penile=0.00000
2026-06-02 13:19:47 [INFO] Step 35/54 Loss=10.1888 mse=0.3507 v_opt=0.05114 v_mand=0.00043 ptv=0.0034 ptv_max=0.01020 global_ceil=0.00288 ring=0.00000 smooth=0.0154 laplacian=0.0513 anticollapse=0.00000 shell_inner=0.00000 shell_outer=0.00000 homogeneity=0.0000 body=0.00000 bowel=0.01471 femur=0.01280 penile=0.00000
2026-06-02 13:19:54 [INFO] Step 40/54 Loss=4.0217 mse=0.1596 v_opt=0.00000 v_mand=0.00000 ptv=0.0000 ptv_max=0.00000 global_ceil=0.00006 ring=0.00000 smooth=0.0071 laplacian=0.0186 anticollapse=0.00000 shell_inner=0.00000 shell_outer=0.00000 homogeneity=0.0000 body=0.00000 bowel=0.00000 femur=0.00001 penile=0.00000
2026-06-02 13:20:00 [INFO] Step 45/54 Loss=4.8552 mse=0.1557 v_opt=0.07149 v_mand=0.00545 ptv=0.0072 ptv_max=0.00307 global_ceil=0.00005 ring=0.00000 smooth=0.0061 laplacian=0.0203 anticollapse=0.00000 shell_inner=0.00000 shell_outer=0.00000 homogeneity=0.0000 body=0.00000 bowel=0.00299 femur=0.00570 penile=0.00000
2026-06-02 13:20:06 [INFO] Step 50/54 Loss=8.0910 mse=0.2973 v_opt=0.03568 v_mand=0.00159 ptv=0.0081 ptv_max=0.00159 global_ceil=0.00016 ring=0.00000 smooth=0.0139 laplacian=0.0461 anticollapse=0.00000 shell_inner=0.00000 shell_outer=0.00000 homogeneity=0.0000 body=0.00000 bowel=0.00000 femur=0.00192 penile=0.00000
2026-06-02 13:20:10 [INFO] Step 54/54 Loss=4.8904 mse=0.1793 v_opt=0.01543 v_mand=0.00013 ptv=0.0054 ptv_max=0.00182 global_ceil=0.00011 ring=0.00000 smooth=0.0106 laplacian=0.0339 anticollapse=0.00000 shell_inner=0.00000 shell_outer=0.00000 homogeneity=0.0000 body=0.00000 bowel=0.00000 femur=0.00176 penile=0.00000
2026-06-02 13:20:11 [INFO] Running validation at epoch 91...
2026-06-02 13:20:47 [INFO] Epoch 91 Summary: Train=12.6781 Val=0.0311 (MSE=0.0311)
          Coverage D95:  PTV60_D95=50.26Gy  PTV44_D95=40.18Gy
          SIB Means:    PTV60=58.77Gy PTV44=48.14Gy
          OAR Metrics:  Bladder=31.96Gy Rectum=31.62Gy Bowel=33.40Gy Femur=36.04Gy Ring=48.49Gy Penile=39.95Gy
          Physics:      Dmax=86.81Gy BG=40.36Gy
2026-06-02 13:20:47 [INFO] Epoch 92/300 [FULL PHYSICS] ramp=1.000 lr=7.92e-05
2026-06-02 13:20:55 [INFO] Step 5/54 Loss=4.9402 mse=0.1566 v_opt=0.02055 v_mand=0.00000 ptv=0.0127 ptv_max=0.00074 global_ceil=0.00236 ring=0.00000 smooth=0.0093 laplacian=0.0258 anticollapse=0.00001 shell_inner=0.00000 shell_outer=0.00000 homogeneity=0.0000 body=0.00000 bowel=0.00000 femur=0.00034 penile=0.00000
2026-06-02 13:21:00 [INFO] Step 10/54 Loss=18.0294 mse=0.4865 v_opt=0.01598 v_mand=0.00000 ptv=0.0039 ptv_max=0.01644 global_ceil=0.02804 ring=0.00014 smooth=0.0107 laplacian=0.0337 anticollapse=0.00000 shell_inner=0.00000 shell_outer=0.00000 homogeneity=0.0000 body=0.00000 bowel=0.00000 femur=0.09158 penile=0.00000
2026-06-02 13:21:08 [INFO] Step 15/54 Loss=20.7728 mse=0.5331 v_opt=0.17464 v_mand=0.02775 ptv=0.0017 ptv_max=0.03621 global_ceil=0.02265 ring=0.00094 smooth=0.0109 laplacian=0.0331 anticollapse=0.00000 shell_inner=0.00000 shell_outer=0.00000 homogeneity=0.0000 body=0.00000 bowel=0.00000 femur=0.10879 penile=0.00000
2026-06-02 13:21:13 [INFO] Step 20/54 Loss=7.7615 mse=0.2849 v_opt=0.02913 v_mand=0.00016 ptv=0.0050 ptv_max=0.00418 global_ceil=0.00032 ring=0.00000 smooth=0.0155 laplacian=0.0489 anticollapse=0.00000 shell_inner=0.00000 shell_outer=0.00000 homogeneity=0.0000 body=0.00000 bowel=0.00000 femur=0.01192 penile=0.00000
2026-06-02 13:21:20 [INFO] Step 25/54 Loss=16.5755 mse=0.3488 v_opt=0.13701 v_mand=0.03051 ptv=0.0035 ptv_max=0.02208 global_ceil=0.02305 ring=0.00008 smooth=0.0137 laplacian=0.0414 anticollapse=0.00000 shell_inner=0.00000 shell_outer=0.00000 homogeneity=0.0000 body=0.00000 bowel=0.09983 femur=0.02285 penile=0.00000
2026-06-02 13:21:25 [INFO] Step 30/54 Loss=15.1015 mse=0.4383 v_opt=0.10359 v_mand=0.01383 ptv=0.0014 ptv_max=0.03103 global_ceil=0.01174 ring=0.00046 smooth=0.0091 laplacian=0.0273 anticollapse=0.00000 shell_inner=0.00000 shell_outer=0.00000 homogeneity=0.0000 body=0.00000 bowel=0.00000 femur=0.04454 penile=0.00000
2026-06-02 13:21:32 [INFO] Step 35/54 Loss=32.0914 mse=0.7336 v_opt=0.27468 v_mand=0.08428 ptv=0.0028 ptv_max=0.02766 global_ceil=0.02094 ring=0.00075 smooth=0.0161 laplacian=0.0549 anticollapse=0.00000 shell_inner=0.00000 shell_outer=0.00000 homogeneity=0.0000 body=0.00000 bowel=0.27961 femur=0.06159 penile=0.00000
2026-06-02 13:21:37 [INFO] Step 40/54 Loss=16.3987 mse=0.5524 v_opt=0.05347 v_mand=0.00088 ptv=0.0071 ptv_max=0.00918 global_ceil=0.00610 ring=0.00002 smooth=0.0127 laplacian=0.0411 anticollapse=0.00000 shell_inner=0.00000 shell_outer=0.00000 homogeneity=0.0000 body=0.00000 bowel=0.03948 femur=0.02887 penile=0.00006
2026-06-02 13:21:43 [INFO] Step 45/54 Loss=4.9548 mse=0.1763 v_opt=0.00393 v_mand=0.00000 ptv=0.0106 ptv_max=0.00028 global_ceil=0.00006 ring=0.00000 smooth=0.0099 laplacian=0.0295 anticollapse=0.00000 shell_inner=0.00000 shell_outer=0.00000 homogeneity=0.0000 body=0.00000 bowel=0.00000 femur=0.00100 penile=0.00000
2026-06-02 13:21:49 [INFO] Step 50/54 Loss=8.5518 mse=0.2925 v_opt=0.02375 v_mand=0.00001 ptv=0.0034 ptv_max=0.00890 global_ceil=0.00116 ring=0.00000 smooth=0.0117 laplacian=0.0363 anticollapse=0.00000 shell_inner=0.00000 shell_outer=0.00000 homogeneity=0.0000 body=0.00000 bowel=0.03408 femur=0.00452 penile=0.00000
2026-06-02 13:21:53 [INFO] Step 54/54 Loss=20.7609 mse=0.4761 v_opt=0.01789 v_mand=0.00001 ptv=0.0031 ptv_max=0.01375 global_ceil=0.01367 ring=0.00007 smooth=0.0119 laplacian=0.0411 anticollapse=0.00000 shell_inner=0.00000 shell_outer=0.00000 homogeneity=0.0000 body=0.00000 bowel=0.41044 femur=0.00111 penile=0.00000
2026-06-02 13:21:54 [INFO] Running validation at epoch 92...
2026-06-02 13:22:30 [INFO] Epoch 92 Summary: Train=12.7641 Val=0.0311 (MSE=0.0311)
          Coverage D95:  PTV60_D95=49.94Gy  PTV44_D95=39.45Gy
          SIB Means:    PTV60=57.84Gy PTV44=47.34Gy
          OAR Metrics:  Bladder=32.42Gy Rectum=34.50Gy Bowel=32.96Gy Femur=34.93Gy Ring=48.69Gy Penile=42.73Gy
          Physics:      Dmax=124.69Gy BG=40.26Gy
2026-06-02 13:22:30 [INFO] Epoch 93/300 [FULL PHYSICS] ramp=1.000 lr=7.88e-05
2026-06-02 13:22:38 [INFO] Step 5/54 Loss=19.3465 mse=0.5308 v_opt=0.00177 v_mand=0.00000 ptv=0.0040 ptv_max=0.01480 global_ceil=0.01779 ring=0.00022 smooth=0.0130 laplacian=0.0378 anticollapse=0.00000 shell_inner=0.00000 shell_outer=0.00000 homogeneity=0.0000 body=0.00000 bowel=0.15375 femur=0.03525 penile=0.00705
2026-06-02 13:22:43 [INFO] Step 10/54 Loss=10.0206 mse=0.3618 v_opt=0.00701 v_mand=0.00000 ptv=0.0055 ptv_max=0.00885 global_ceil=0.00213 ring=0.00000 smooth=0.0131 laplacian=0.0407 anticollapse=0.00000 shell_inner=0.00000 shell_outer=0.00000 homogeneity=0.0000 body=0.00000 bowel=0.00048 femur=0.00752 penile=0.00000
2026-06-02 13:22:50 [INFO] Step 15/54 Loss=26.7261 mse=0.5297 v_opt=0.23857 v_mand=0.05347 ptv=0.0014 ptv_max=0.03135 global_ceil=0.01770 ring=0.00071 smooth=0.0159 laplacian=0.0541 anticollapse=0.00000 shell_inner=0.00000 shell_outer=0.00000 homogeneity=0.0000 body=0.00000 bowel=0.39540 femur=0.06630 penile=0.00000
2026-06-02 13:22:55 [INFO] Step 20/54 Loss=7.2101 mse=0.2626 v_opt=0.00668 v_mand=0.00000 ptv=0.0053 ptv_max=0.00447 global_ceil=0.00075 ring=0.00000 smooth=0.0137 laplacian=0.0440 anticollapse=0.00000 shell_inner=0.00000 shell_outer=0.00000 homogeneity=0.0000 body=0.00000 bowel=0.00200 femur=0.00680 penile=0.00000
2026-06-02 13:23:02 [INFO] Step 25/54 Loss=4.0652 mse=0.1581 v_opt=0.00000 v_mand=0.00000 ptv=0.0000 ptv_max=0.00000 global_ceil=0.00057 ring=0.00000 smooth=0.0079 laplacian=0.0218 anticollapse=0.00000 shell_inner=0.00000 shell_outer=0.00000 homogeneity=0.0000 body=0.00000 bowel=0.00000 femur=0.00000 penile=0.00000
2026-06-02 13:23:07 [INFO] Step 30/54 Loss=6.9050 mse=0.2358 v_opt=0.02574 v_mand=0.00004 ptv=0.0052 ptv_max=0.00689 global_ceil=0.00011 ring=0.00000 smooth=0.0109 laplacian=0.0326 anticollapse=0.00000 shell_inner=0.00000 shell_outer=0.00000 homogeneity=0.0000 body=0.00000 bowel=0.02041 femur=0.01587 penile=0.00000
2026-06-02 13:23:15 [INFO] Step 35/54 Loss=32.2751 mse=0.7557 v_opt=0.15652 v_mand=0.05397 ptv=0.0023 ptv_max=0.03315 global_ceil=0.04495 ring=0.00163 smooth=0.0177 laplacian=0.0593 anticollapse=0.00000 shell_inner=0.00000 shell_outer=0.00000 homogeneity=0.0000 body=0.00000 bowel=0.10373 femur=0.08633 penile=0.00000
2026-06-02 13:23:20 [INFO] Step 40/54 Loss=5.4236 mse=0.2023 v_opt=0.00109 v_mand=0.00000 ptv=0.0047 ptv_max=0.00164 global_ceil=0.00027 ring=0.00000 smooth=0.0110 laplacian=0.0338 anticollapse=0.00000 shell_inner=0.00000 shell_outer=0.00000 homogeneity=0.0000 body=0.00000 bowel=0.00000 femur=0.00221 penile=0.00000
2026-06-02 13:23:26 [INFO] Step 45/54 Loss=22.4398 mse=0.5765 v_opt=0.01057 v_mand=0.00000 ptv=0.0045 ptv_max=0.01892 global_ceil=0.02296 ring=0.00027 smooth=0.0163 laplacian=0.0570 anticollapse=0.00000 shell_inner=0.00000 shell_outer=0.00000 homogeneity=0.0000 body=0.00000 bowel=0.24262 femur=0.00680 penile=0.00151
2026-06-02 13:23:33 [INFO] Step 50/54 Loss=11.8884 mse=0.3951 v_opt=0.05580 v_mand=0.00241 ptv=0.0057 ptv_max=0.01112 global_ceil=0.00637 ring=0.00000 smooth=0.0126 laplacian=0.0359 anticollapse=0.00000 shell_inner=0.00000 shell_outer=0.00000 homogeneity=0.0000 body=0.00000 bowel=0.00006 femur=0.01906 penile=0.00000
2026-06-02 13:23:37 [INFO] Step 54/54 Loss=3.3654 mse=0.1333 v_opt=0.00000 v_mand=0.00000 ptv=0.0000 ptv_max=0.00000 global_ceil=0.00003 ring=0.00000 smooth=0.0090 laplacian=0.0248 anticollapse=0.00000 shell_inner=0.00000 shell_outer=0.00000 homogeneity=0.0000 body=0.00000 bowel=0.00000 femur=0.00000 penile=0.00000
2026-06-02 13:23:38 [INFO] Running validation at epoch 93...
2026-06-02 13:24:14 [INFO] Epoch 93 Summary: Train=13.3013 Val=0.0297 (MSE=0.0297)
          Coverage D95:  PTV60_D95=49.52Gy  PTV44_D95=39.30Gy
          SIB Means:    PTV60=58.06Gy PTV44=46.95Gy
          OAR Metrics:  Bladder=33.01Gy Rectum=33.76Gy Bowel=32.89Gy Femur=34.57Gy Ring=48.21Gy Penile=40.39Gy
          Physics:      Dmax=94.81Gy BG=39.51Gy
2026-06-02 13:24:14 [INFO] [DIAGNOSTIC] Saved fallback model MSE=0.0297
2026-06-02 13:24:14 [INFO] Epoch 94/300 [FULL PHYSICS] ramp=1.000 lr=7.83e-05
2026-06-02 13:24:22 [INFO] Step 5/54 Loss=9.9788 mse=0.3096 v_opt=0.00000 v_mand=0.00000 ptv=0.0000 ptv_max=0.00646 global_ceil=0.00082 ring=0.00000 smooth=0.0107 laplacian=0.0330 anticollapse=0.00000 shell_inner=0.00000 shell_outer=0.00000 homogeneity=0.0000 body=0.00000 bowel=0.12545 femur=0.00000 penile=0.00000
2026-06-02 13:24:27 [INFO] Step 10/54 Loss=16.8446 mse=0.5276 v_opt=0.04269 v_mand=0.00114 ptv=0.0038 ptv_max=0.01172 global_ceil=0.00376 ring=0.00003 smooth=0.0142 laplacian=0.0485 anticollapse=0.00000 shell_inner=0.00000 shell_outer=0.00000 homogeneity=0.0000 body=0.00000 bowel=0.11834 femur=0.05938 penile=0.00000
2026-06-02 13:24:34 [INFO] Step 15/54 Loss=8.1165 mse=0.2978 v_opt=0.02427 v_mand=0.00009 ptv=0.0070 ptv_max=0.00353 global_ceil=0.00080 ring=0.00000 smooth=0.0131 laplacian=0.0401 anticollapse=0.00000 shell_inner=0.00000 shell_outer=0.00000 homogeneity=0.0000 body=0.00000 bowel=0.00000 femur=0.00283 penile=0.00000
2026-06-02 13:24:39 [INFO] Step 20/54 Loss=12.6104 mse=0.4508 v_opt=0.00000 v_mand=0.00000 ptv=0.0127 ptv_max=0.00648 global_ceil=0.00327 ring=0.00001 smooth=0.0114 laplacian=0.0339 anticollapse=0.00000 shell_inner=0.00000 shell_outer=0.00000 homogeneity=0.0000 body=0.00000 bowel=0.00066 femur=0.00344 penile=0.00000
2026-06-02 13:24:46 [INFO] Step 25/54 Loss=12.5544 mse=0.4631 v_opt=0.02612 v_mand=0.00001 ptv=0.0039 ptv_max=0.00003 global_ceil=0.00481 ring=0.00001 smooth=0.0085 laplacian=0.0233 anticollapse=0.00000 shell_inner=0.00000 shell_outer=0.00000 homogeneity=0.0000 body=0.00000 bowel=0.00000 femur=0.00000 penile=0.00000
2026-06-02 13:24:51 [INFO] Step 30/54 Loss=31.7552 mse=0.5008 v_opt=0.07236 v_mand=0.00218 ptv=0.0040 ptv_max=0.00005 global_ceil=0.12495 ring=0.00002 smooth=0.0151 laplacian=0.0500 anticollapse=0.00000 shell_inner=0.00000 shell_outer=0.00000 homogeneity=0.0000 body=0.00000 bowel=0.00000 femur=0.00000 penile=0.00000
2026-06-02 13:24:58 [INFO] Step 35/54 Loss=12.9270 mse=0.4708 v_opt=0.04029 v_mand=0.00006 ptv=0.0028 ptv_max=0.00018 global_ceil=0.00592 ring=0.00001 smooth=0.0145 laplacian=0.0464 anticollapse=0.00000 shell_inner=0.00000 shell_outer=0.00000 homogeneity=0.0000 body=0.00000 bowel=0.00000 femur=0.00000 penile=0.00000
2026-06-02 13:25:04 [INFO] Step 40/54 Loss=18.8945 mse=0.6047 v_opt=0.09161 v_mand=0.00448 ptv=0.0028 ptv_max=0.02019 global_ceil=0.00701 ring=0.00004 smooth=0.0099 laplacian=0.0337 anticollapse=0.00000 shell_inner=0.00000 shell_outer=0.00000 homogeneity=0.0000 body=0.00000 bowel=0.08122 femur=0.03047 penile=0.00257
2026-06-02 13:25:11 [INFO] Step 45/54 Loss=4.5901 mse=0.1624 v_opt=0.03701 v_mand=0.00072 ptv=0.0070 ptv_max=0.00192 global_ceil=0.00002 ring=0.00000 smooth=0.0109 laplacian=0.0323 anticollapse=0.00000 shell_inner=0.00000 shell_outer=0.00000 homogeneity=0.0000 body=0.00000 bowel=0.00000 femur=0.00074 penile=0.00000
2026-06-02 13:25:16 [INFO] Step 50/54 Loss=12.2417 mse=0.3878 v_opt=0.03959 v_mand=0.00028 ptv=0.0070 ptv_max=0.00472 global_ceil=0.00471 ring=0.00001 smooth=0.0164 laplacian=0.0551 anticollapse=0.00000 shell_inner=0.00000 shell_outer=0.00000 homogeneity=0.0000 body=0.00000 bowel=0.07827 femur=0.00535 penile=0.00000
2026-06-02 13:25:21 [INFO] Step 54/54 Loss=18.4533 mse=0.4954 v_opt=0.10881 v_mand=0.01259 ptv=0.0068 ptv_max=0.01382 global_ceil=0.01398 ring=0.00016 smooth=0.0187 laplacian=0.0637 anticollapse=0.00000 shell_inner=0.00000 shell_outer=0.00000 homogeneity=0.0000 body=0.00000 bowel=0.13941 femur=0.02328 penile=0.00000
2026-06-02 13:25:21 [INFO] Running validation at epoch 94...
2026-06-02 13:25:57 [INFO] Epoch 94 Summary: Train=13.7784 Val=0.0306 (MSE=0.0306)
          Coverage D95:  PTV60_D95=47.67Gy  PTV44_D95=39.22Gy
          SIB Means:    PTV60=54.06Gy PTV44=45.85Gy
          OAR Metrics:  Bladder=32.05Gy Rectum=30.35Gy Bowel=33.29Gy Femur=35.24Gy Ring=47.68Gy Penile=39.16Gy
          Physics:      Dmax=86.37Gy BG=40.06Gy
2026-06-02 13:25:57 [INFO] Epoch 95/300 [FULL PHYSICS] ramp=1.000 lr=7.79e-05
2026-06-02 13:26:04 [INFO] Step 5/54 Loss=18.8781 mse=0.3621 v_opt=0.09837 v_mand=0.01888 ptv=0.0036 ptv_max=0.02966 global_ceil=0.01591 ring=0.00059 smooth=0.0123 laplacian=0.0464 anticollapse=0.00000 shell_inner=0.00000 shell_outer=0.00000 homogeneity=0.0000 body=0.00000 bowel=0.31304 femur=0.04815 penile=0.00000
2026-06-02 13:26:10 [INFO] Step 10/54 Loss=14.3750 mse=0.4077 v_opt=0.04487 v_mand=0.00059 ptv=0.0042 ptv_max=0.02928 global_ceil=0.01472 ring=0.00029 smooth=0.0139 laplacian=0.0471 anticollapse=0.00000 shell_inner=0.00000 shell_outer=0.00000 homogeneity=0.0000 body=0.00000 bowel=0.02816 femur=0.03022 penile=0.00000
2026-06-02 13:26:17 [INFO] Step 15/54 Loss=8.0839 mse=0.2965 v_opt=0.00430 v_mand=0.00000 ptv=0.0054 ptv_max=0.00341 global_ceil=0.00174 ring=0.00000 smooth=0.0121 laplacian=0.0302 anticollapse=0.00000 shell_inner=0.00000 shell_outer=0.00000 homogeneity=0.0000 body=0.00000 bowel=0.00000 femur=0.00236 penile=0.00000
2026-06-02 13:26:22 [INFO] Step 20/54 Loss=19.1882 mse=0.4676 v_opt=0.00551 v_mand=0.00000 ptv=0.0063 ptv_max=0.01284 global_ceil=0.02241 ring=0.00001 smooth=0.0133 laplacian=0.0446 anticollapse=0.00000 shell_inner=0.00000 shell_outer=0.00000 homogeneity=0.0000 body=0.00000 bowel=0.20515 femur=0.03267 penile=0.00000
2026-06-02 13:26:29 [INFO] Step 25/54 Loss=5.3267 mse=0.1791 v_opt=0.01927 v_mand=0.00000 ptv=0.0157 ptv_max=0.00090 global_ceil=0.00007 ring=0.00000 smooth=0.0139 laplacian=0.0425 anticollapse=0.00000 shell_inner=0.00000 shell_outer=0.00000 homogeneity=0.0000 body=0.00000 bowel=0.00000 femur=0.00156 penile=0.00000
2026-06-02 13:26:35 [INFO] Step 30/54 Loss=9.5459 mse=0.2972 v_opt=0.07792 v_mand=0.00774 ptv=0.0100 ptv_max=0.00501 global_ceil=0.00113 ring=0.00000 smooth=0.0119 laplacian=0.0397 anticollapse=0.00000 shell_inner=0.00000 shell_outer=0.00000 homogeneity=0.0000 body=0.00000 bowel=0.03843 femur=0.01792 penile=0.00000
2026-06-02 13:26:42 [INFO] Step 35/54 Loss=5.6920 mse=0.2017 v_opt=0.05231 v_mand=0.00078 ptv=0.0079 ptv_max=0.00233 global_ceil=0.00003 ring=0.00000 smooth=0.0090 laplacian=0.0272 anticollapse=0.00000 shell_inner=0.00000 shell_outer=0.00000 homogeneity=0.0000 body=0.00000 bowel=0.00000 femur=0.00453 penile=0.00000
2026-06-02 13:26:47 [INFO] Step 40/54 Loss=6.7751 mse=0.2330 v_opt=0.05658 v_mand=0.00172 ptv=0.0048 ptv_max=0.00705 global_ceil=0.00087 ring=0.00000 smooth=0.0094 laplacian=0.0289 anticollapse=0.00000 shell_inner=0.00000 shell_outer=0.00000 homogeneity=0.0000 body=0.00000 bowel=0.00000 femur=0.01623 penile=0.00000
2026-06-02 13:26:54 [INFO] Step 45/54 Loss=25.4438 mse=0.6201 v_opt=0.12607 v_mand=0.02152 ptv=0.0013 ptv_max=0.03616 global_ceil=0.03272 ring=0.00188 smooth=0.0147 laplacian=0.0514 anticollapse=0.00000 shell_inner=0.00000 shell_outer=0.00000 homogeneity=0.0000 body=0.00000 bowel=0.13077 femur=0.04966 penile=0.00000
2026-06-02 13:26:59 [INFO] Step 50/54 Loss=272.6571 mse=0.4633 v_opt=0.04337 v_mand=0.00006 ptv=0.0041 ptv_max=0.00783 global_ceil=1.73509 ring=0.00003 smooth=0.0119 laplacian=0.0345 anticollapse=0.00000 shell_inner=0.00000 shell_outer=0.00000 homogeneity=0.0000 body=0.00000 bowel=0.00006 femur=0.02599 penile=0.00000
2026-06-02 13:27:04 [INFO] Step 54/54 Loss=18.4849 mse=0.4970 v_opt=0.00221 v_mand=0.00001 ptv=0.0001 ptv_max=0.02078 global_ceil=0.01965 ring=0.00050 smooth=0.0118 laplacian=0.0379 anticollapse=0.00000 shell_inner=0.00000 shell_outer=0.00000 homogeneity=0.0000 body=0.00000 bowel=0.16156 femur=0.00000 penile=0.00000
2026-06-02 13:27:04 [INFO] Running validation at epoch 95...
2026-06-02 13:27:41 [INFO] Epoch 95 Summary: Train=17.9747 Val=0.0299 (MSE=0.0299)
          Coverage D95:  PTV60_D95=49.50Gy  PTV44_D95=39.23Gy
          SIB Means:    PTV60=56.98Gy PTV44=46.60Gy
          OAR Metrics:  Bladder=31.34Gy Rectum=31.02Gy Bowel=32.80Gy Femur=34.19Gy Ring=48.03Gy Penile=41.73Gy
          Physics:      Dmax=95.60Gy BG=39.47Gy
2026-06-02 13:27:41 [INFO] Epoch 96/300 [FULL PHYSICS] ramp=1.000 lr=7.75e-05
2026-06-02 13:27:48 [INFO] Step 5/54 Loss=13.6235 mse=0.4372 v_opt=0.06276 v_mand=0.00343 ptv=0.0054 ptv_max=0.01543 global_ceil=0.00275 ring=0.00001 smooth=0.0114 laplacian=0.0334 anticollapse=0.00000 shell_inner=0.00000 shell_outer=0.00000 homogeneity=0.0000 body=0.00000 bowel=0.06320 femur=0.02923 penile=0.00000
2026-06-02 13:27:54 [INFO] Step 10/54 Loss=7.8753 mse=0.2374 v_opt=0.10967 v_mand=0.01685 ptv=0.0047 ptv_max=0.00853 global_ceil=0.00101 ring=0.00000 smooth=0.0104 laplacian=0.0330 anticollapse=0.00000 shell_inner=0.00000 shell_outer=0.00000 homogeneity=0.0000 body=0.00000 bowel=0.01036 femur=0.00688 penile=0.00000
2026-06-02 13:28:01 [INFO] Step 15/54 Loss=15.6884 mse=0.5553 v_opt=0.08729 v_mand=0.00698 ptv=0.0043 ptv_max=0.00002 global_ceil=0.00695 ring=0.00007 smooth=0.0122 laplacian=0.0394 anticollapse=0.00000 shell_inner=0.00000 shell_outer=0.00000 homogeneity=0.0000 body=0.00000 bowel=0.00000 femur=0.00000 penile=0.00000
2026-06-02 13:28:06 [INFO] Step 20/54 Loss=5.1004 mse=0.1794 v_opt=0.01030 v_mand=0.00000 ptv=0.0081 ptv_max=0.00124 global_ceil=0.00004 ring=0.00000 smooth=0.0096 laplacian=0.0308 anticollapse=0.00000 shell_inner=0.00000 shell_outer=0.00000 homogeneity=0.0000 body=0.00000 bowel=0.00953 femur=0.00063 penile=0.00000
2026-06-02 13:28:13 [INFO] Step 25/54 Loss=24.0881 mse=0.6970 v_opt=0.01968 v_mand=0.00014 ptv=0.0033 ptv_max=0.02319 global_ceil=0.00972 ring=0.00015 smooth=0.0148 laplacian=0.0540 anticollapse=0.00000 shell_inner=0.00000 shell_outer=0.00000 homogeneity=0.0000 body=0.00000 bowel=0.25272 femur=0.04574 penile=0.00000
2026-06-02 13:28:19 [INFO] Step 30/54 Loss=6.0836 mse=0.2267 v_opt=0.00000 v_mand=0.00000 ptv=0.0002 ptv_max=0.00455 global_ceil=0.00001 ring=0.00000 smooth=0.0077 laplacian=0.0218 anticollapse=0.00000 shell_inner=0.00000 shell_outer=0.00000 homogeneity=0.0000 body=0.00000 bowel=0.01618 femur=0.00001 penile=0.00000
2026-06-02 13:28:25 [INFO] Step 35/54 Loss=22.2922 mse=0.5700 v_opt=0.00706 v_mand=0.00000 ptv=0.0044 ptv_max=0.01053 global_ceil=0.04791 ring=0.00002 smooth=0.0129 laplacian=0.0410 anticollapse=0.00000 shell_inner=0.00000 shell_outer=0.00000 homogeneity=0.0000 body=0.00000 bowel=0.00015 femur=0.02765 penile=0.00000
2026-06-02 13:28:31 [INFO] Step 40/54 Loss=8.0329 mse=0.2662 v_opt=0.09130 v_mand=0.01027 ptv=0.0026 ptv_max=0.00670 global_ceil=0.00123 ring=0.00000 smooth=0.0120 laplacian=0.0396 anticollapse=0.00000 shell_inner=0.00000 shell_outer=0.00000 homogeneity=0.0000 body=0.00000 bowel=0.00429 femur=0.00693 penile=0.00000
2026-06-02 13:28:38 [INFO] Step 45/54 Loss=5.4310 mse=0.1975 v_opt=0.03166 v_mand=0.00069 ptv=0.0053 ptv_max=0.00225 global_ceil=0.00018 ring=0.00000 smooth=0.0114 laplacian=0.0356 anticollapse=0.00000 shell_inner=0.00000 shell_outer=0.00000 homogeneity=0.0000 body=0.00000 bowel=0.00000 femur=0.00203 penile=0.00000
2026-06-02 13:28:43 [INFO] Step 50/54 Loss=11.7384 mse=0.4530 v_opt=0.03236 v_mand=0.00018 ptv=0.0055 ptv_max=0.00001 global_ceil=0.00040 ring=0.00000 smooth=0.0094 laplacian=0.0280 anticollapse=0.00000 shell_inner=0.00000 shell_outer=0.00000 homogeneity=0.0000 body=0.00000 bowel=0.00000 femur=0.00000 penile=0.00000
2026-06-02 13:28:48 [INFO] Step 54/54 Loss=2.3863 mse=0.0744 v_opt=0.00298 v_mand=0.00000 ptv=0.0108 ptv_max=0.00023 global_ceil=0.00000 ring=0.00000 smooth=0.0068 laplacian=0.0200 anticollapse=0.00000 shell_inner=0.00000 shell_outer=0.00000 homogeneity=0.0000 body=0.00000 bowel=0.00000 femur=0.00017 penile=0.00000
2026-06-02 13:28:48 [INFO] Running validation at epoch 96...
2026-06-02 13:29:25 [INFO] Epoch 96 Summary: Train=13.8250 Val=0.0285 (MSE=0.0285)
          Coverage D95:  PTV60_D95=50.24Gy  PTV44_D95=39.64Gy
          SIB Means:    PTV60=58.16Gy PTV44=46.87Gy
          OAR Metrics:  Bladder=33.25Gy Rectum=33.55Gy Bowel=32.57Gy Femur=34.70Gy Ring=48.49Gy Penile=40.81Gy
          Physics:      Dmax=88.17Gy BG=38.76Gy
2026-06-02 13:29:25 [INFO] [DIAGNOSTIC] Saved fallback model MSE=0.0285
2026-06-02 13:29:25 [INFO] Epoch 97/300 [FULL PHYSICS] ramp=1.000 lr=7.70e-05
2026-06-02 13:29:33 [INFO] Step 5/54 Loss=9.3820 mse=0.3268 v_opt=0.07240 v_mand=0.00673 ptv=0.0022 ptv_max=0.00655 global_ceil=0.00096 ring=0.00000 smooth=0.0144 laplacian=0.0453 anticollapse=0.00000 shell_inner=0.00000 shell_outer=0.00000 homogeneity=0.0000 body=0.00000 bowel=0.00500 femur=0.01632 penile=0.00000
2026-06-02 13:29:38 [INFO] Step 10/54 Loss=20.7478 mse=0.5200 v_opt=0.09484 v_mand=0.01310 ptv=0.0030 ptv_max=0.03195 global_ceil=0.01410 ring=0.00050 smooth=0.0128 laplacian=0.0416 anticollapse=0.00000 shell_inner=0.00000 shell_outer=0.00000 homogeneity=0.0000 body=0.00000 bowel=0.22034 femur=0.03286 penile=0.00000
2026-06-02 13:29:45 [INFO] Step 15/54 Loss=6.1097 mse=0.2321 v_opt=0.00159 v_mand=0.00000 ptv=0.0043 ptv_max=0.00209 global_ceil=0.00003 ring=0.00000 smooth=0.0080 laplacian=0.0237 anticollapse=0.00000 shell_inner=0.00000 shell_outer=0.00000 homogeneity=0.0000 body=0.00000 bowel=0.00000 femur=0.00141 penile=0.00000
2026-06-02 13:29:51 [INFO] Step 20/54 Loss=7.8450 mse=0.2683 v_opt=0.03489 v_mand=0.00030 ptv=0.0078 ptv_max=0.00589 global_ceil=0.00163 ring=0.00000 smooth=0.0125 laplacian=0.0376 anticollapse=0.00000 shell_inner=0.00000 shell_outer=0.00000 homogeneity=0.0000 body=0.00000 bowel=0.01066 femur=0.00749 penile=0.00000
2026-06-02 13:29:58 [INFO] Step 25/54 Loss=5.2433 mse=0.1916 v_opt=0.03375 v_mand=0.00075 ptv=0.0055 ptv_max=0.00110 global_ceil=0.00013 ring=0.00000 smooth=0.0110 laplacian=0.0323 anticollapse=0.00000 shell_inner=0.00000 shell_outer=0.00000 homogeneity=0.0000 body=0.00000 bowel=0.00000 femur=0.00114 penile=0.00000
2026-06-02 13:30:04 [INFO] Step 30/54 Loss=33.5018 mse=0.6954 v_opt=0.14779 v_mand=0.02640 ptv=0.0042 ptv_max=0.01604 global_ceil=0.01313 ring=0.00010 smooth=0.0128 laplacian=0.0457 anticollapse=0.00000 shell_inner=0.00000 shell_outer=0.00000 homogeneity=0.0000 body=0.00000 bowel=0.76887 femur=0.02751 penile=0.00000
2026-06-02 13:30:10 [INFO] Step 35/54 Loss=5.4578 mse=0.1974 v_opt=0.02863 v_mand=0.00066 ptv=0.0066 ptv_max=0.00185 global_ceil=0.00013 ring=0.00000 smooth=0.0125 laplacian=0.0375 anticollapse=0.00000 shell_inner=0.00000 shell_outer=0.00000 homogeneity=0.0000 body=0.00000 bowel=0.00000 femur=0.00157 penile=0.00000
2026-06-02 13:30:16 [INFO] Step 40/54 Loss=7.4803 mse=0.2735 v_opt=0.05106 v_mand=0.00150 ptv=0.0045 ptv_max=0.00460 global_ceil=0.00011 ring=0.00000 smooth=0.0122 laplacian=0.0372 anticollapse=0.00000 shell_inner=0.00000 shell_outer=0.00000 homogeneity=0.0000 body=0.00000 bowel=0.00000 femur=0.00656 penile=0.00000
2026-06-02 13:30:22 [INFO] Step 45/54 Loss=6.3205 mse=0.2374 v_opt=0.02224 v_mand=0.00000 ptv=0.0040 ptv_max=0.00224 global_ceil=0.00029 ring=0.00000 smooth=0.0096 laplacian=0.0283 anticollapse=0.00000 shell_inner=0.00000 shell_outer=0.00000 homogeneity=0.0000 body=0.00000 bowel=0.00000 femur=0.00176 penile=0.00000
2026-06-02 13:30:29 [INFO] Step 50/54 Loss=4.2998 mse=0.1562 v_opt=0.03100 v_mand=0.00020 ptv=0.0052 ptv_max=0.00122 global_ceil=0.00011 ring=0.00000 smooth=0.0067 laplacian=0.0194 anticollapse=0.00000 shell_inner=0.00000 shell_outer=0.00000 homogeneity=0.0000 body=0.00000 bowel=0.00000 femur=0.00114 penile=0.00000
2026-06-02 13:30:34 [INFO] Step 54/54 Loss=4.0372 mse=0.1603 v_opt=0.00000 v_mand=0.00000 ptv=0.0000 ptv_max=0.00000 global_ceil=0.00004 ring=0.00000 smooth=0.0082 laplacian=0.0199 anticollapse=0.00000 shell_inner=0.00000 shell_outer=0.00000 homogeneity=0.0000 body=0.00000 bowel=0.00000 femur=0.00000 penile=0.00000
2026-06-02 13:30:34 [INFO] Running validation at epoch 97...
2026-06-02 13:31:11 [INFO] Epoch 97 Summary: Train=12.4184 Val=0.0286 (MSE=0.0286)
          Coverage D95:  PTV60_D95=50.12Gy  PTV44_D95=38.79Gy
          SIB Means:    PTV60=58.40Gy PTV44=47.11Gy
          OAR Metrics:  Bladder=32.64Gy Rectum=31.01Gy Bowel=32.27Gy Femur=34.76Gy Ring=48.84Gy Penile=42.13Gy
          Physics:      Dmax=87.22Gy BG=38.77Gy
2026-06-02 13:31:11 [INFO] Epoch 98/300 [FULL PHYSICS] ramp=1.000 lr=7.66e-05
2026-06-02 13:31:18 [INFO] Step 5/54 Loss=18.0211 mse=0.4932 v_opt=0.08120 v_mand=0.01455 ptv=0.0085 ptv_max=0.01651 global_ceil=0.01264 ring=0.00013 smooth=0.0125 laplacian=0.0409 anticollapse=0.00000 shell_inner=0.00000 shell_outer=0.00000 homogeneity=0.0000 body=0.00000 bowel=0.12944 femur=0.00352 penile=0.00000
2026-06-02 13:31:23 [INFO] Step 10/54 Loss=6.2790 mse=0.2170 v_opt=0.05287 v_mand=0.00287 ptv=0.0029 ptv_max=0.00367 global_ceil=0.00155 ring=0.00000 smooth=0.0103 laplacian=0.0304 anticollapse=0.00000 shell_inner=0.00000 shell_outer=0.00000 homogeneity=0.0000 body=0.00000 bowel=0.00000 femur=0.00979 penile=0.00000
2026-06-02 13:31:30 [INFO] Step 15/54 Loss=13.3423 mse=0.3655 v_opt=0.00381 v_mand=0.00000 ptv=0.0044 ptv_max=0.00890 global_ceil=0.00999 ring=0.00000 smooth=0.0104 laplacian=0.0327 anticollapse=0.00000 shell_inner=0.00000 shell_outer=0.00000 homogeneity=0.0000 body=0.00000 bowel=0.13692 femur=0.01410 penile=0.00000
2026-06-02 13:31:36 [INFO] Step 20/54 Loss=9.1240 mse=0.3017 v_opt=0.07881 v_mand=0.00166 ptv=0.0062 ptv_max=0.00489 global_ceil=0.00122 ring=0.00000 smooth=0.0114 laplacian=0.0369 anticollapse=0.00000 shell_inner=0.00000 shell_outer=0.00000 homogeneity=0.0000 body=0.00000 bowel=0.04001 femur=0.00893 penile=0.00000
2026-06-02 13:31:43 [INFO] Step 25/54 Loss=6.8381 mse=0.2538 v_opt=0.03103 v_mand=0.00036 ptv=0.0041 ptv_max=0.00312 global_ceil=0.00058 ring=0.00000 smooth=0.0104 laplacian=0.0299 anticollapse=0.00000 shell_inner=0.00000 shell_outer=0.00000 homogeneity=0.0000 body=0.00000 bowel=0.00000 femur=0.00151 penile=0.00000
2026-06-02 13:31:48 [INFO] Step 30/54 Loss=7.7025 mse=0.2697 v_opt=0.09849 v_mand=0.00768 ptv=0.0043 ptv_max=0.00352 global_ceil=0.00009 ring=0.00000 smooth=0.0093 laplacian=0.0286 anticollapse=0.00000 shell_inner=0.00000 shell_outer=0.00000 homogeneity=0.0000 body=0.00000 bowel=0.00000 femur=0.00332 penile=0.00000
2026-06-02 13:31:56 [INFO] Step 35/54 Loss=8.6151 mse=0.3075 v_opt=0.02379 v_mand=0.00000 ptv=0.0048 ptv_max=0.00333 global_ceil=0.00033 ring=0.00000 smooth=0.0123 laplacian=0.0345 anticollapse=0.00000 shell_inner=0.00000 shell_outer=0.00000 homogeneity=0.0000 body=0.00000 bowel=0.02773 femur=0.00594 penile=0.00000
2026-06-02 13:32:01 [INFO] Step 40/54 Loss=9.1479 mse=0.3243 v_opt=0.03228 v_mand=0.00046 ptv=0.0066 ptv_max=0.00452 global_ceil=0.00030 ring=0.00000 smooth=0.0130 laplacian=0.0392 anticollapse=0.00000 shell_inner=0.00000 shell_outer=0.00000 homogeneity=0.0000 body=0.00000 bowel=0.02347 femur=0.00774 penile=0.00000
2026-06-02 13:32:08 [INFO] Step 45/54 Loss=10.7032 mse=0.2786 v_opt=0.11454 v_mand=0.01781 ptv=0.0042 ptv_max=0.01106 global_ceil=0.01061 ring=0.00001 smooth=0.0099 laplacian=0.0318 anticollapse=0.00000 shell_inner=0.00000 shell_outer=0.00000 homogeneity=0.0000 body=0.00000 bowel=0.01859 femur=0.01851 penile=0.00025
2026-06-02 13:32:13 [INFO] Step 50/54 Loss=8.3235 mse=0.2943 v_opt=0.06425 v_mand=0.00538 ptv=0.0047 ptv_max=0.00595 global_ceil=0.00059 ring=0.00000 smooth=0.0113 laplacian=0.0328 anticollapse=0.00000 shell_inner=0.00000 shell_outer=0.00000 homogeneity=0.0000 body=0.00000 bowel=0.00000 femur=0.00526 penile=0.00000
2026-06-02 13:32:18 [INFO] Step 54/54 Loss=12.0796 mse=0.4460 v_opt=0.06982 v_mand=0.00234 ptv=0.0047 ptv_max=0.00615 global_ceil=0.00032 ring=0.00000 smooth=0.0119 laplacian=0.0381 anticollapse=0.00000 shell_inner=0.00000 shell_outer=0.00000 homogeneity=0.0000 body=0.00000 bowel=0.00000 femur=0.01834 penile=0.00000
2026-06-02 13:32:18 [INFO] Running validation at epoch 98...
2026-06-02 13:32:55 [INFO] Epoch 98 Summary: Train=13.6599 Val=0.0300 (MSE=0.0300)
          Coverage D95:  PTV60_D95=48.58Gy  PTV44_D95=38.74Gy
          SIB Means:    PTV60=55.36Gy PTV44=46.11Gy
          OAR Metrics:  Bladder=30.48Gy Rectum=32.06Gy Bowel=31.76Gy Femur=35.63Gy Ring=48.28Gy Penile=41.12Gy
          Physics:      Dmax=89.21Gy BG=39.71Gy
2026-06-02 13:32:55 [INFO] Epoch 99/300 [FULL PHYSICS] ramp=1.000 lr=7.61e-05
2026-06-02 13:33:02 [INFO] Step 5/54 Loss=13.6110 mse=0.4005 v_opt=0.00000 v_mand=0.00000 ptv=0.0000 ptv_max=0.00000 global_ceil=0.02370 ring=0.00000 smooth=0.0123 laplacian=0.0382 anticollapse=0.00000 shell_inner=0.00000 shell_outer=0.00000 homogeneity=0.0000 body=0.00000 bowel=0.00000 femur=0.00000 penile=0.00000
2026-06-02 13:33:07 [INFO] Step 10/54 Loss=5.7264 mse=0.2036 v_opt=0.06273 v_mand=0.00192 ptv=0.0049 ptv_max=0.00193 global_ceil=0.00042 ring=0.00000 smooth=0.0120 laplacian=0.0379 anticollapse=0.00000 shell_inner=0.00000 shell_outer=0.00000 homogeneity=0.0000 body=0.00000 bowel=0.00000 femur=0.00283 penile=0.00000
2026-06-02 13:33:14 [INFO] Step 15/54 Loss=4.4803 mse=0.1648 v_opt=0.01963 v_mand=0.00008 ptv=0.0042 ptv_max=0.00093 global_ceil=0.00023 ring=0.00000 smooth=0.0092 laplacian=0.0258 anticollapse=0.00000 shell_inner=0.00000 shell_outer=0.00000 homogeneity=0.0000 body=0.00000 bowel=0.00216 femur=0.00014 penile=0.00000
2026-06-02 13:33:20 [INFO] Step 20/54 Loss=20.2997 mse=0.4592 v_opt=0.02431 v_mand=0.00028 ptv=0.0029 ptv_max=0.01026 global_ceil=0.01307 ring=0.00004 smooth=0.0120 laplacian=0.0405 anticollapse=0.00000 shell_inner=0.00000 shell_outer=0.00000 homogeneity=0.0000 body=0.00000 bowel=0.42017 femur=0.00098 penile=0.00000
2026-06-02 13:33:26 [INFO] Step 25/54 Loss=18.4784 mse=0.3877 v_opt=0.00003 v_mand=0.00000 ptv=0.0002 ptv_max=0.00337 global_ceil=0.05516 ring=0.00000 smooth=0.0149 laplacian=0.0467 anticollapse=0.00000 shell_inner=0.00000 shell_outer=0.00000 homogeneity=0.0000 body=0.00000 bowel=0.02318 femur=0.00000 penile=0.00000
2026-06-02 13:33:32 [INFO] Step 30/54 Loss=5.7733 mse=0.2103 v_opt=0.04449 v_mand=0.00351 ptv=0.0020 ptv_max=0.00329 global_ceil=0.00002 ring=0.00000 smooth=0.0127 laplacian=0.0388 anticollapse=0.00000 shell_inner=0.00000 shell_outer=0.00000 homogeneity=0.0000 body=0.00000 bowel=0.00090 femur=0.00000 penile=0.00000
2026-06-02 13:33:38 [INFO] Step 35/54 Loss=10.4898 mse=0.3733 v_opt=0.02134 v_mand=0.00001 ptv=0.0028 ptv_max=0.00955 global_ceil=0.00157 ring=0.00000 smooth=0.0106 laplacian=0.0349 anticollapse=0.00000 shell_inner=0.00000 shell_outer=0.00000 homogeneity=0.0000 body=0.00000 bowel=0.02064 femur=0.01161 penile=0.00000
2026-06-02 13:33:44 [INFO] Step 40/54 Loss=10.9985 mse=0.4279 v_opt=0.01460 v_mand=0.00001 ptv=0.0045 ptv_max=0.00000 global_ceil=0.00024 ring=0.00000 smooth=0.0087 laplacian=0.0261 anticollapse=0.00000 shell_inner=0.00000 shell_outer=0.00000 homogeneity=0.0000 body=0.00000 bowel=0.00000 femur=0.00000 penile=0.00000
2026-06-02 13:33:50 [INFO] Step 45/54 Loss=17.7904 mse=0.5561 v_opt=0.15764 v_mand=0.02166 ptv=0.0040 ptv_max=0.01203 global_ceil=0.00303 ring=0.00001 smooth=0.0111 laplacian=0.0393 anticollapse=0.00000 shell_inner=0.00000 shell_outer=0.00000 homogeneity=0.0000 body=0.00000 bowel=0.06891 femur=0.04163 penile=0.00000
2026-06-02 13:33:56 [INFO] Step 50/54 Loss=8.9342 mse=0.2949 v_opt=0.10568 v_mand=0.01611 ptv=0.0045 ptv_max=0.00431 global_ceil=0.00037 ring=0.00000 smooth=0.0089 laplacian=0.0252 anticollapse=0.00000 shell_inner=0.00000 shell_outer=0.00000 homogeneity=0.0000 body=0.00000 bowel=0.00310 femur=0.00830 penile=0.00000
2026-06-02 13:34:01 [INFO] Step 54/54 Loss=7.6575 mse=0.2802 v_opt=0.02229 v_mand=0.00020 ptv=0.0042 ptv_max=0.00457 global_ceil=0.00077 ring=0.00000 smooth=0.0103 laplacian=0.0327 anticollapse=0.00000 shell_inner=0.00000 shell_outer=0.00000 homogeneity=0.0000 body=0.00000 bowel=0.00131 femur=0.00983 penile=0.00000
2026-06-02 13:34:01 [INFO] Running validation at epoch 99...
2026-06-02 13:34:37 [INFO] Epoch 99 Summary: Train=12.2884 Val=0.0279 (MSE=0.0279)
          Coverage D95:  PTV60_D95=50.63Gy  PTV44_D95=38.82Gy
          SIB Means:    PTV60=59.16Gy PTV44=47.86Gy
          OAR Metrics:  Bladder=29.99Gy Rectum=33.14Gy Bowel=31.81Gy Femur=34.87Gy Ring=48.92Gy Penile=43.12Gy
          Physics:      Dmax=93.26Gy BG=38.26Gy
2026-06-02 13:34:37 [INFO] [DIAGNOSTIC] Saved fallback model MSE=0.0279
2026-06-02 13:34:37 [INFO] Epoch 100/300 [FULL PHYSICS] ramp=1.000 lr=7.57e-05
2026-06-02 13:34:45 [INFO] Step 5/54 Loss=10.8709 mse=0.3418 v_opt=0.12003 v_mand=0.01127 ptv=0.0037 ptv_max=0.00788 global_ceil=0.00462 ring=0.00000 smooth=0.0131 laplacian=0.0409 anticollapse=0.00000 shell_inner=0.00000 shell_outer=0.00000 homogeneity=0.0000 body=0.00000 bowel=0.01502 femur=0.01549 penile=0.00000
2026-06-02 13:34:50 [INFO] Step 10/54 Loss=5.4825 mse=0.1845 v_opt=0.00445 v_mand=0.00000 ptv=0.0036 ptv_max=0.00298 global_ceil=0.00361 ring=0.00000 smooth=0.0112 laplacian=0.0337 anticollapse=0.00000 shell_inner=0.00000 shell_outer=0.00000 homogeneity=0.0000 body=0.00000 bowel=0.00000 femur=0.00308 penile=0.00000
2026-06-02 13:34:57 [INFO] Step 15/54 Loss=16.7892 mse=0.5355 v_opt=0.01101 v_mand=0.00004 ptv=0.0021 ptv_max=0.02700 global_ceil=0.01297 ring=0.00024 smooth=0.0104 laplacian=0.0337 anticollapse=0.00000 shell_inner=0.00000 shell_outer=0.00000 homogeneity=0.0000 body=0.00000 bowel=0.00000 femur=0.04837 penile=0.00000
2026-06-02 13:35:02 [INFO] Step 20/54 Loss=12.3406 mse=0.4292 v_opt=0.00003 v_mand=0.00000 ptv=0.0030 ptv_max=0.00556 global_ceil=0.00748 ring=0.00004 smooth=0.0101 laplacian=0.0293 anticollapse=0.00000 shell_inner=0.00000 shell_outer=0.00000 homogeneity=0.0000 body=0.00000 bowel=0.00000 femur=0.01503 penile=0.00000
2026-06-02 13:35:10 [INFO] Step 25/54 Loss=16.7479 mse=0.4775 v_opt=0.05269 v_mand=0.00106 ptv=0.0059 ptv_max=0.01400 global_ceil=0.01428 ring=0.00012 smooth=0.0096 laplacian=0.0294 anticollapse=0.00000 shell_inner=0.00000 shell_outer=0.00000 homogeneity=0.0000 body=0.00000 bowel=0.09290 femur=0.03967 penile=0.00000
2026-06-02 13:35:15 [INFO] Step 30/54 Loss=6.5663 mse=0.2109 v_opt=0.07426 v_mand=0.00848 ptv=0.0092 ptv_max=0.00546 global_ceil=0.00015 ring=0.00000 smooth=0.0122 laplacian=0.0369 anticollapse=0.00000 shell_inner=0.00000 shell_outer=0.00000 homogeneity=0.0000 body=0.00000 bowel=0.00047 femur=0.00716 penile=0.00000
2026-06-02 13:35:22 [INFO] Step 35/54 Loss=14.2782 mse=0.2668 v_opt=0.05384 v_mand=0.00437 ptv=0.0156 ptv_max=0.00138 global_ceil=0.04308 ring=0.00000 smooth=0.0143 laplacian=0.0410 anticollapse=0.00000 shell_inner=0.00000 shell_outer=0.00000 homogeneity=0.0000 body=0.00000 bowel=0.00000 femur=0.00251 penile=0.00000
2026-06-02 13:35:28 [INFO] Step 40/54 Loss=5.8986 mse=0.1509 v_opt=0.13605 v_mand=0.02605 ptv=0.0084 ptv_max=0.00259 global_ceil=0.00020 ring=0.00000 smooth=0.0109 laplacian=0.0325 anticollapse=0.00000 shell_inner=0.00000 shell_outer=0.00000 homogeneity=0.0000 body=0.00000 bowel=0.00000 femur=0.00292 penile=0.00000
2026-06-02 13:35:34 [INFO] Step 45/54 Loss=4.7379 mse=0.1378 v_opt=0.13006 v_mand=0.01382 ptv=0.0033 ptv_max=0.00277 global_ceil=0.00033 ring=0.00000 smooth=0.0080 laplacian=0.0239 anticollapse=0.00000 shell_inner=0.00000 shell_outer=0.00000 homogeneity=0.0000 body=0.00000 bowel=0.00000 femur=0.00297 penile=0.00000
2026-06-02 13:35:40 [INFO] Step 50/54 Loss=4.6604 mse=0.1619 v_opt=0.02833 v_mand=0.00101 ptv=0.0062 ptv_max=0.00510 global_ceil=0.00015 ring=0.00000 smooth=0.0098 laplacian=0.0284 anticollapse=0.00000 shell_inner=0.00000 shell_outer=0.00000 homogeneity=0.0000 body=0.00000 bowel=0.00000 femur=0.00173 penile=0.00000
2026-06-02 13:35:45 [INFO] Step 54/54 Loss=6.7697 mse=0.2563 v_opt=0.00000 v_mand=0.00000 ptv=0.0054 ptv_max=0.00223 global_ceil=0.00006 ring=0.00000 smooth=0.0092 laplacian=0.0242 anticollapse=0.00000 shell_inner=0.00000 shell_outer=0.00000 homogeneity=0.0000 body=0.00000 bowel=0.00000 femur=0.00156 penile=0.00000
2026-06-02 13:35:45 [INFO] Running validation at epoch 100...
2026-06-02 13:36:22 [INFO] Epoch 100 Summary: Train=11.0718 Val=0.0281 (MSE=0.0281)
          Coverage D95:  PTV60_D95=49.84Gy  PTV44_D95=39.57Gy
          SIB Means:    PTV60=57.24Gy PTV44=47.90Gy
          OAR Metrics:  Bladder=30.02Gy Rectum=28.85Gy Bowel=31.90Gy Femur=34.88Gy Ring=48.26Gy Penile=41.06Gy
          Physics:      Dmax=87.46Gy BG=38.34Gy
2026-06-02 13:36:22 [INFO] Epoch 101/300 [FULL PHYSICS] ramp=1.000 lr=7.52e-05
2026-06-02 13:36:30 [INFO] Step 5/54 Loss=20.0944 mse=0.5788 v_opt=0.00027 v_mand=0.00004 ptv=0.0041 ptv_max=0.02700 global_ceil=0.01437 ring=0.00014 smooth=0.0124 laplacian=0.0350 anticollapse=0.00000 shell_inner=0.00000 shell_outer=0.00000 homogeneity=0.0000 body=0.00000 bowel=0.12315 femur=0.05764 penile=0.00000
2026-06-02 13:36:35 [INFO] Step 10/54 Loss=23.2164 mse=0.6345 v_opt=0.04303 v_mand=0.00091 ptv=0.0040 ptv_max=0.03190 global_ceil=0.01845 ring=0.00042 smooth=0.0127 laplacian=0.0446 anticollapse=0.00000 shell_inner=0.00000 shell_outer=0.00000 homogeneity=0.0000 body=0.00000 bowel=0.18937 femur=0.04157 penile=0.00000
2026-06-02 13:36:43 [INFO] Step 15/54 Loss=14.1147 mse=0.4719 v_opt=0.09711 v_mand=0.00470 ptv=0.0036 ptv_max=0.01133 global_ceil=0.00403 ring=0.00001 smooth=0.0121 laplacian=0.0410 anticollapse=0.00000 shell_inner=0.00000 shell_outer=0.00000 homogeneity=0.0000 body=0.00000 bowel=0.02510 femur=0.03573 penile=0.00000
2026-06-02 13:36:48 [INFO] Step 20/54 Loss=12.1442 mse=0.3633 v_opt=0.13935 v_mand=0.01923 ptv=0.0030 ptv_max=0.00920 global_ceil=0.00519 ring=0.00001 smooth=0.0152 laplacian=0.0513 anticollapse=0.00000 shell_inner=0.00000 shell_outer=0.00000 homogeneity=0.0000 body=0.00000 bowel=0.02105 femur=0.02573 penile=0.00000
2026-06-02 13:36:55 [INFO] Step 25/54 Loss=8.7082 mse=0.3160 v_opt=0.06866 v_mand=0.00289 ptv=0.0048 ptv_max=0.00269 global_ceil=0.00103 ring=0.00000 smooth=0.0086 laplacian=0.0258 anticollapse=0.00000 shell_inner=0.00000 shell_outer=0.00000 homogeneity=0.0000 body=0.00000 bowel=0.00000 femur=0.00462 penile=0.00000
2026-06-02 13:37:00 [INFO] Step 30/54 Loss=6.6161 mse=0.2422 v_opt=0.04422 v_mand=0.00105 ptv=0.0067 ptv_max=0.00090 global_ceil=0.00014 ring=0.00000 smooth=0.0099 laplacian=0.0291 anticollapse=0.00000 shell_inner=0.00000 shell_outer=0.00000 homogeneity=0.0000 body=0.00000 bowel=0.00000 femur=0.00361 penile=0.00000
2026-06-02 13:37:07 [INFO] Step 35/54 Loss=16.3219 mse=0.4570 v_opt=0.02949 v_mand=0.00022 ptv=0.0068 ptv_max=0.01099 global_ceil=0.02495 ring=0.00048 smooth=0.0147 laplacian=0.0408 anticollapse=0.00000 shell_inner=0.00000 shell_outer=0.00000 homogeneity=0.0000 body=0.00000 bowel=0.00615 femur=0.02990 penile=0.00000
2026-06-02 13:37:13 [INFO] Step 40/54 Loss=7.9251 mse=0.3049 v_opt=0.00518 v_mand=0.00000 ptv=0.0055 ptv_max=0.00000 global_ceil=0.00012 ring=0.00000 smooth=0.0073 laplacian=0.0222 anticollapse=0.00000 shell_inner=0.00000 shell_outer=0.00000 homogeneity=0.0000 body=0.00000 bowel=0.00000 femur=0.00000 penile=0.00000
2026-06-02 13:37:19 [INFO] Step 45/54 Loss=12.4420 mse=0.4088 v_opt=0.00149 v_mand=0.00000 ptv=0.0031 ptv_max=0.02367 global_ceil=0.00614 ring=0.00022 smooth=0.0119 laplacian=0.0384 anticollapse=0.00000 shell_inner=0.00000 shell_outer=0.00000 homogeneity=0.0000 body=0.00000 bowel=0.00330 femur=0.03508 penile=0.00000
2026-06-02 13:37:26 [INFO] Step 50/54 Loss=16.4828 mse=0.5045 v_opt=0.00048 v_mand=0.00008 ptv=0.0033 ptv_max=0.01830 global_ceil=0.00835 ring=0.00023 smooth=0.0122 laplacian=0.0379 anticollapse=0.00000 shell_inner=0.00000 shell_outer=0.00000 homogeneity=0.0000 body=0.00000 bowel=0.11606 femur=0.01268 penile=0.00000
2026-06-02 13:37:30 [INFO] Step 54/54 Loss=5.9329 mse=0.2228 v_opt=0.00036 v_mand=0.00000 ptv=0.0039 ptv_max=0.00244 global_ceil=0.00048 ring=0.00000 smooth=0.0086 laplacian=0.0250 anticollapse=0.00000 shell_inner=0.00000 shell_outer=0.00000 homogeneity=0.0000 body=0.00000 bowel=0.00000 femur=0.00148 penile=0.00000
2026-06-02 13:37:30 [INFO] Running validation at epoch 101...
2026-06-02 13:38:07 [INFO] Epoch 101 Summary: Train=13.4271 Val=0.0267 (MSE=0.0267)
          Coverage D95:  PTV60_D95=50.53Gy  PTV44_D95=39.68Gy
          SIB Means:    PTV60=57.85Gy PTV44=46.63Gy
          OAR Metrics:  Bladder=32.17Gy Rectum=29.14Gy Bowel=31.90Gy Femur=33.81Gy Ring=48.53Gy Penile=41.98Gy
          Physics:      Dmax=84.39Gy BG=37.45Gy
2026-06-02 13:38:07 [INFO] [DIAGNOSTIC] Saved fallback model MSE=0.0267
2026-06-02 13:38:07 [INFO] Epoch 102/300 [FULL PHYSICS] ramp=1.000 lr=7.48e-05
2026-06-02 13:38:14 [INFO] Step 5/54 Loss=23.5235 mse=0.5002 v_opt=0.03030 v_mand=0.00051 ptv=0.0038 ptv_max=0.00652 global_ceil=0.06683 ring=0.00000 smooth=0.0219 laplacian=0.0768 anticollapse=0.00000 shell_inner=0.00000 shell_outer=0.00000 homogeneity=0.0000 body=0.00000 bowel=0.02378 femur=0.00981 penile=0.00000
2026-06-02 13:38:19 [INFO] Step 10/54 Loss=6.6344 mse=0.2227 v_opt=0.04453 v_mand=0.00208 ptv=0.0176 ptv_max=0.00002 global_ceil=0.00029 ring=0.00000 smooth=0.0117 laplacian=0.0333 anticollapse=0.00000 shell_inner=0.00000 shell_outer=0.00000 homogeneity=0.0000 body=0.00000 bowel=0.00000 femur=0.00000 penile=0.00000
2026-06-02 13:38:27 [INFO] Step 15/54 Loss=17.2316 mse=0.4689 v_opt=0.04305 v_mand=0.00004 ptv=0.0044 ptv_max=0.01018 global_ceil=0.00482 ring=0.00002 smooth=0.0122 laplacian=0.0421 anticollapse=0.00000 shell_inner=0.00000 shell_outer=0.00000 homogeneity=0.0000 body=0.00000 bowel=0.27320 femur=0.00481 penile=0.00000
2026-06-02 13:38:32 [INFO] Step 20/54 Loss=14.7971 mse=0.4589 v_opt=0.05501 v_mand=0.00262 ptv=0.0032 ptv_max=0.01507 global_ceil=0.01060 ring=0.00017 smooth=0.0108 laplacian=0.0303 anticollapse=0.00000 shell_inner=0.00000 shell_outer=0.00000 homogeneity=0.0000 body=0.00000 bowel=0.03722 femur=0.02998 penile=0.00000
2026-06-02 13:38:39 [INFO] Step 25/54 Loss=8.5734 mse=0.2855 v_opt=0.09290 v_mand=0.00627 ptv=0.0020 ptv_max=0.00498 global_ceil=0.00370 ring=0.00000 smooth=0.0119 laplacian=0.0354 anticollapse=0.00000 shell_inner=0.00000 shell_outer=0.00000 homogeneity=0.0000 body=0.00000 bowel=0.00390 femur=0.00411 penile=0.00000
2026-06-02 13:38:44 [INFO] Step 30/54 Loss=4.4982 mse=0.1676 v_opt=0.02123 v_mand=0.00000 ptv=0.0038 ptv_max=0.00137 global_ceil=0.00016 ring=0.00000 smooth=0.0066 laplacian=0.0188 anticollapse=0.00000 shell_inner=0.00000 shell_outer=0.00000 homogeneity=0.0000 body=0.00000 bowel=0.00000 femur=0.00087 penile=0.00000
2026-06-02 13:38:52 [INFO] Step 35/54 Loss=3.8287 mse=0.1373 v_opt=0.01705 v_mand=0.00000 ptv=0.0067 ptv_max=0.00068 global_ceil=0.00006 ring=0.00000 smooth=0.0077 laplacian=0.0235 anticollapse=0.00000 shell_inner=0.00000 shell_outer=0.00000 homogeneity=0.0000 body=0.00000 bowel=0.00000 femur=0.00051 penile=0.00000
2026-06-02 13:38:57 [INFO] Step 40/54 Loss=16.7080 mse=0.5239 v_opt=0.10017 v_mand=0.00662 ptv=0.0050 ptv_max=0.01649 global_ceil=0.01074 ring=0.00012 smooth=0.0126 laplacian=0.0386 anticollapse=0.00000 shell_inner=0.00000 shell_outer=0.00000 homogeneity=0.0000 body=0.00000 bowel=0.01895 femur=0.04143 penile=0.00000
2026-06-02 13:39:04 [INFO] Step 45/54 Loss=8.0551 mse=0.2944 v_opt=0.01047 v_mand=0.00001 ptv=0.0090 ptv_max=0.00435 global_ceil=0.00040 ring=0.00000 smooth=0.0098 laplacian=0.0289 anticollapse=0.00000 shell_inner=0.00000 shell_outer=0.00000 homogeneity=0.0000 body=0.00000 bowel=0.00000 femur=0.00466 penile=0.00000
2026-06-02 13:39:10 [INFO] Step 50/54 Loss=10.9072 mse=0.3622 v_opt=0.02771 v_mand=0.00001 ptv=0.0021 ptv_max=0.01575 global_ceil=0.00662 ring=0.00004 smooth=0.0088 laplacian=0.0282 anticollapse=0.00000 shell_inner=0.00000 shell_outer=0.00000 homogeneity=0.0000 body=0.00000 bowel=0.00000 femur=0.02041 penile=0.00000
2026-06-02 13:39:15 [INFO] Step 54/54 Loss=22.0725 mse=0.6426 v_opt=0.10373 v_mand=0.00849 ptv=0.0023 ptv_max=0.03512 global_ceil=0.01171 ring=0.00018 smooth=0.0089 laplacian=0.0297 anticollapse=0.00000 shell_inner=0.00000 shell_outer=0.00000 homogeneity=0.0000 body=0.00000 bowel=0.12907 femur=0.04605 penile=0.00256
2026-06-02 13:39:15 [INFO] Running validation at epoch 102...
2026-06-02 13:39:52 [INFO] Epoch 102 Summary: Train=12.3725 Val=0.0260 (MSE=0.0260)
          Coverage D95:  PTV60_D95=51.21Gy  PTV44_D95=40.56Gy
          SIB Means:    PTV60=60.25Gy PTV44=48.44Gy
          OAR Metrics:  Bladder=31.62Gy Rectum=32.52Gy Bowel=31.23Gy Femur=33.64Gy Ring=48.76Gy Penile=41.23Gy
          Physics:      Dmax=84.95Gy BG=36.97Gy
2026-06-02 13:39:52 [INFO] [DIAGNOSTIC] Saved fallback model MSE=0.0260
2026-06-02 13:39:52 [INFO] Epoch 103/300 [FULL PHYSICS] ramp=1.000 lr=7.43e-05
2026-06-02 13:40:00 [INFO] Step 5/54 Loss=8.5357 mse=0.3096 v_opt=0.01011 v_mand=0.00000 ptv=0.0037 ptv_max=0.00730 global_ceil=0.00115 ring=0.00000 smooth=0.0090 laplacian=0.0268 anticollapse=0.00000 shell_inner=0.00000 shell_outer=0.00000 homogeneity=0.0000 body=0.00000 bowel=0.00525 femur=0.01086 penile=0.00000
2026-06-02 13:40:05 [INFO] Step 10/54 Loss=17.1334 mse=0.4294 v_opt=0.27304 v_mand=0.07509 ptv=0.0066 ptv_max=0.01575 global_ceil=0.00538 ring=0.00011 smooth=0.0073 laplacian=0.0204 anticollapse=0.00000 shell_inner=0.00000 shell_outer=0.00000 homogeneity=0.0000 body=0.00000 bowel=0.00000 femur=0.04936 penile=0.00000
2026-06-02 13:40:12 [INFO] Step 15/54 Loss=15.9197 mse=0.4821 v_opt=0.06670 v_mand=0.00388 ptv=0.0100 ptv_max=0.00313 global_ceil=0.01662 ring=0.00007 smooth=0.0096 laplacian=0.0272 anticollapse=0.00000 shell_inner=0.00000 shell_outer=0.00000 homogeneity=0.0000 body=0.00000 bowel=0.00112 femur=0.04534 penile=0.00000
2026-06-02 13:40:17 [INFO] Step 20/54 Loss=11.2147 mse=0.3305 v_opt=0.03295 v_mand=0.00002 ptv=0.0073 ptv_max=0.00396 global_ceil=0.01057 ring=0.00001 smooth=0.0120 laplacian=0.0369 anticollapse=0.00000 shell_inner=0.00000 shell_outer=0.00000 homogeneity=0.0000 body=0.00000 bowel=0.05301 femur=0.00127 penile=0.00000
2026-06-02 13:40:24 [INFO] Step 25/54 Loss=5.1379 mse=0.1897 v_opt=0.00803 v_mand=0.00000 ptv=0.0050 ptv_max=0.00212 global_ceil=0.00026 ring=0.00000 smooth=0.0116 laplacian=0.0333 anticollapse=0.00000 shell_inner=0.00000 shell_outer=0.00000 homogeneity=0.0000 body=0.00000 bowel=0.00000 femur=0.00142 penile=0.00000
2026-06-02 13:40:29 [INFO] Step 30/54 Loss=6.0346 mse=0.2147 v_opt=0.05320 v_mand=0.00273 ptv=0.0034 ptv_max=0.00402 global_ceil=0.00077 ring=0.00000 smooth=0.0071 laplacian=0.0195 anticollapse=0.00000 shell_inner=0.00000 shell_outer=0.00000 homogeneity=0.0000 body=0.00000 bowel=0.00000 femur=0.00098 penile=0.00000
2026-06-02 13:40:37 [INFO] Step 35/54 Loss=14.9759 mse=0.4228 v_opt=0.06875 v_mand=0.00135 ptv=0.0029 ptv_max=0.01027 global_ceil=0.01527 ring=0.00009 smooth=0.0103 laplacian=0.0280 anticollapse=0.00000 shell_inner=0.00000 shell_outer=0.00000 homogeneity=0.0000 body=0.00000 bowel=0.08500 femur=0.01633 penile=0.00000
2026-06-02 13:40:42 [INFO] Step 40/54 Loss=4.5650 mse=0.1640 v_opt=0.04138 v_mand=0.00138 ptv=0.0047 ptv_max=0.00126 global_ceil=0.00012 ring=0.00000 smooth=0.0102 laplacian=0.0291 anticollapse=0.00000 shell_inner=0.00000 shell_outer=0.00000 homogeneity=0.0000 body=0.00000 bowel=0.00000 femur=0.00114 penile=0.00000
2026-06-02 13:40:49 [INFO] Step 45/54 Loss=6.0675 mse=0.2186 v_opt=0.04002 v_mand=0.00125 ptv=0.0081 ptv_max=0.00081 global_ceil=0.00022 ring=0.00000 smooth=0.0117 laplacian=0.0316 anticollapse=0.00000 shell_inner=0.00000 shell_outer=0.00000 homogeneity=0.0000 body=0.00000 bowel=0.00000 femur=0.00000 penile=0.00000
2026-06-02 13:40:54 [INFO] Step 50/54 Loss=15.9247 mse=0.4076 v_opt=0.03394 v_mand=0.00711 ptv=0.0022 ptv_max=0.02492 global_ceil=0.02392 ring=0.00122 smooth=0.0130 laplacian=0.0363 anticollapse=0.00000 shell_inner=0.00000 shell_outer=0.00000 homogeneity=0.0000 body=0.00000 bowel=0.02556 femur=0.04201 penile=0.00000
2026-06-02 13:41:00 [INFO] Step 54/54 Loss=4.9109 mse=0.1763 v_opt=0.03729 v_mand=0.00127 ptv=0.0036 ptv_max=0.00398 global_ceil=0.00023 ring=0.00000 smooth=0.0103 laplacian=0.0304 anticollapse=0.00000 shell_inner=0.00000 shell_outer=0.00000 homogeneity=0.0000 body=0.00000 bowel=0.00000 femur=0.00139 penile=0.00000
2026-06-02 13:41:00 [INFO] Running validation at epoch 103...
2026-06-02 13:41:36 [INFO] Epoch 103 Summary: Train=10.6600 Val=0.0261 (MSE=0.0261)
          Coverage D95:  PTV60_D95=50.72Gy  PTV44_D95=39.64Gy
          SIB Means:    PTV60=58.47Gy PTV44=47.89Gy
          OAR Metrics:  Bladder=33.28Gy Rectum=29.80Gy Bowel=30.99Gy Femur=33.55Gy Ring=49.06Gy Penile=40.89Gy
          Physics:      Dmax=142.90Gy BG=36.88Gy
2026-06-02 13:41:36 [INFO] Epoch 104/300 [FULL PHYSICS] ramp=1.000 lr=7.39e-05
2026-06-02 13:41:44 [INFO] Step 5/54 Loss=3.1837 mse=0.1025 v_opt=0.01510 v_mand=0.00017 ptv=0.0116 ptv_max=0.00053 global_ceil=0.00005 ring=0.00000 smooth=0.0104 laplacian=0.0293 anticollapse=0.00000 shell_inner=0.00000 shell_outer=0.00000 homogeneity=0.0000 body=0.00000 bowel=0.00000 femur=0.00020 penile=0.00000
2026-06-02 13:41:49 [INFO] Step 10/54 Loss=27.9602 mse=0.7035 v_opt=0.21351 v_mand=0.06667 ptv=0.0029 ptv_max=0.02937 global_ceil=0.01829 ring=0.00042 smooth=0.0078 laplacian=0.0258 anticollapse=0.00000 shell_inner=0.00000 shell_outer=0.00000 homogeneity=0.0000 body=0.00000 bowel=0.13897 femur=0.07285 penile=0.00000
2026-06-02 13:41:56 [INFO] Step 15/54 Loss=8.0266 mse=0.2995 v_opt=0.00256 v_mand=0.00000 ptv=0.0051 ptv_max=0.00342 global_ceil=0.00099 ring=0.00000 smooth=0.0104 laplacian=0.0315 anticollapse=0.00000 shell_inner=0.00000 shell_outer=0.00000 homogeneity=0.0000 body=0.00000 bowel=0.00000 femur=0.00191 penile=0.00000
2026-06-02 13:42:02 [INFO] Step 20/54 Loss=22.8473 mse=0.4637 v_opt=0.01205 v_mand=0.00019 ptv=0.0053 ptv_max=0.02667 global_ceil=0.04173 ring=0.00135 smooth=0.0176 laplacian=0.0631 anticollapse=0.00000 shell_inner=0.00000 shell_outer=0.00000 homogeneity=0.0000 body=0.00000 bowel=0.24011 femur=0.02164 penile=0.00000
2026-06-02 13:42:08 [INFO] Step 25/54 Loss=8.2797 mse=0.3002 v_opt=0.03095 v_mand=0.00013 ptv=0.0051 ptv_max=0.00455 global_ceil=0.00139 ring=0.00000 smooth=0.0098 laplacian=0.0294 anticollapse=0.00000 shell_inner=0.00000 shell_outer=0.00000 homogeneity=0.0000 body=0.00000 bowel=0.00149 femur=0.00778 penile=0.00000
2026-06-02 13:42:14 [INFO] Step 30/54 Loss=6.3601 mse=0.2406 v_opt=0.00332 v_mand=0.00000 ptv=0.0058 ptv_max=0.00131 global_ceil=0.00001 ring=0.00000 smooth=0.0097 laplacian=0.0246 anticollapse=0.00000 shell_inner=0.00000 shell_outer=0.00000 homogeneity=0.0000 body=0.00000 bowel=0.00000 femur=0.00057 penile=0.00000
2026-06-02 13:42:20 [INFO] Step 35/54 Loss=9.6935 mse=0.3332 v_opt=0.08144 v_mand=0.00270 ptv=0.0040 ptv_max=0.00958 global_ceil=0.00168 ring=0.00000 smooth=0.0086 laplacian=0.0250 anticollapse=0.00000 shell_inner=0.00000 shell_outer=0.00000 homogeneity=0.0000 body=0.00000 bowel=0.01854 femur=0.00405 penile=0.00000
2026-06-02 13:42:26 [INFO] Step 40/54 Loss=3.5757 mse=0.1284 v_opt=0.01249 v_mand=0.00000 ptv=0.0064 ptv_max=0.00025 global_ceil=0.00009 ring=0.00000 smooth=0.0078 laplacian=0.0230 anticollapse=0.00000 shell_inner=0.00000 shell_outer=0.00000 homogeneity=0.0000 body=0.00000 bowel=0.00000 femur=0.00030 penile=0.00000
2026-06-02 13:42:32 [INFO] Step 45/54 Loss=4.2277 mse=0.1442 v_opt=0.05523 v_mand=0.00290 ptv=0.0071 ptv_max=0.00036 global_ceil=0.00006 ring=0.00000 smooth=0.0076 laplacian=0.0208 anticollapse=0.00000 shell_inner=0.00000 shell_outer=0.00000 homogeneity=0.0000 body=0.00000 bowel=0.00000 femur=0.00034 penile=0.00000
2026-06-02 13:42:38 [INFO] Step 50/54 Loss=13.5060 mse=0.4596 v_opt=0.05281 v_mand=0.00054 ptv=0.0052 ptv_max=0.00764 global_ceil=0.00667 ring=0.00002 smooth=0.0093 laplacian=0.0280 anticollapse=0.00000 shell_inner=0.00000 shell_outer=0.00000 homogeneity=0.0000 body=0.00000 bowel=0.00467 femur=0.03161 penile=0.00000
2026-06-02 13:42:43 [INFO] Step 54/54 Loss=16.0051 mse=0.5312 v_opt=0.06542 v_mand=0.00606 ptv=0.0029 ptv_max=0.01012 global_ceil=0.00640 ring=0.00003 smooth=0.0070 laplacian=0.0223 anticollapse=0.00000 shell_inner=0.00000 shell_outer=0.00000 homogeneity=0.0000 body=0.00000 bowel=0.03605 femur=0.02123 penile=0.01155
2026-06-02 13:42:43 [INFO] Running validation at epoch 104...
2026-06-02 13:43:20 [INFO] Epoch 104 Summary: Train=10.3884 Val=0.0260 (MSE=0.0260)
          Coverage D95:  PTV60_D95=49.89Gy  PTV44_D95=38.79Gy
          SIB Means:    PTV60=57.19Gy PTV44=45.87Gy
          OAR Metrics:  Bladder=31.58Gy Rectum=29.84Gy Bowel=31.40Gy Femur=33.16Gy Ring=47.78Gy Penile=41.77Gy
          Physics:      Dmax=96.54Gy BG=36.82Gy
2026-06-02 13:43:20 [INFO] Epoch 105/300 [FULL PHYSICS] ramp=1.000 lr=7.34e-05
2026-06-02 13:43:27 [INFO] Step 5/54 Loss=115.0860 mse=0.3692 v_opt=0.06294 v_mand=0.00336 ptv=0.0035 ptv_max=0.00643 global_ceil=0.69888 ring=0.00000 smooth=0.0113 laplacian=0.0326 anticollapse=0.00000 shell_inner=0.00000 shell_outer=0.00000 homogeneity=0.0000 body=0.00000 bowel=0.01362 femur=0.01379 penile=0.00000
2026-06-02 13:43:33 [INFO] Step 10/54 Loss=10.2321 mse=0.2997 v_opt=0.00636 v_mand=0.00000 ptv=0.0046 ptv_max=0.00390 global_ceil=0.01500 ring=0.00000 smooth=0.0095 laplacian=0.0279 anticollapse=0.00000 shell_inner=0.00000 shell_outer=0.00000 homogeneity=0.0000 body=0.00000 bowel=0.00000 femur=0.01218 penile=0.00000
2026-06-02 13:43:40 [INFO] Step 15/54 Loss=7.3953 mse=0.2630 v_opt=0.00949 v_mand=0.00000 ptv=0.0036 ptv_max=0.00611 global_ceil=0.00089 ring=0.00000 smooth=0.0093 laplacian=0.0289 anticollapse=0.00000 shell_inner=0.00000 shell_outer=0.00000 homogeneity=0.0000 body=0.00000 bowel=0.01370 femur=0.00809 penile=0.00000
2026-06-02 13:43:45 [INFO] Step 20/54 Loss=8.5218 mse=0.3034 v_opt=0.01131 v_mand=0.00000 ptv=0.0062 ptv_max=0.00822 global_ceil=0.00135 ring=0.00000 smooth=0.0102 laplacian=0.0322 anticollapse=0.00000 shell_inner=0.00000 shell_outer=0.00000 homogeneity=0.0000 body=0.00000 bowel=0.00000 femur=0.01481 penile=0.00000
2026-06-02 13:43:52 [INFO] Step 25/54 Loss=7.8232 mse=0.2431 v_opt=0.02161 v_mand=0.00000 ptv=0.0049 ptv_max=0.01056 global_ceil=0.00089 ring=0.00000 smooth=0.0044 laplacian=0.0146 anticollapse=0.00000 shell_inner=0.00000 shell_outer=0.00000 homogeneity=0.0000 body=0.00000 bowel=0.05288 femur=0.02216 penile=0.00000
2026-06-02 13:43:58 [INFO] Step 30/54 Loss=14.0984 mse=0.4903 v_opt=0.00841 v_mand=0.00000 ptv=0.0034 ptv_max=0.00002 global_ceil=0.01096 ring=0.00001 smooth=0.0080 laplacian=0.0223 anticollapse=0.00000 shell_inner=0.00000 shell_outer=0.00000 homogeneity=0.0000 body=0.00000 bowel=0.00000 femur=0.00000 penile=0.00000
2026-06-02 13:44:04 [INFO] Step 35/54 Loss=17.3151 mse=0.4182 v_opt=0.06242 v_mand=0.00541 ptv=0.0021 ptv_max=0.00032 global_ceil=0.04221 ring=0.00006 smooth=0.0093 laplacian=0.0218 anticollapse=0.00000 shell_inner=0.00000 shell_outer=0.00000 homogeneity=0.0000 body=0.00000 bowel=0.00000 femur=0.00000 penile=0.00000
2026-06-02 13:44:10 [INFO] Step 40/54 Loss=1.8433 mse=0.0708 v_opt=0.00517 v_mand=0.00002 ptv=0.0007 ptv_max=0.00030 global_ceil=0.00000 ring=0.00000 smooth=0.0066 laplacian=0.0178 anticollapse=0.00000 shell_inner=0.00000 shell_outer=0.00000 homogeneity=0.0000 body=0.00000 bowel=0.00000 femur=0.00000 penile=0.00000
2026-06-02 13:44:16 [INFO] Step 45/54 Loss=13.8774 mse=0.4686 v_opt=0.01808 v_mand=0.00011 ptv=0.0022 ptv_max=0.01389 global_ceil=0.00913 ring=0.00007 smooth=0.0098 laplacian=0.0256 anticollapse=0.00000 shell_inner=0.00000 shell_outer=0.00000 homogeneity=0.0000 body=0.00000 bowel=0.00220 femur=0.01697 penile=0.00000
2026-06-02 13:44:23 [INFO] Step 50/54 Loss=1.9826 mse=0.0534 v_opt=0.02734 v_mand=0.00260 ptv=0.0083 ptv_max=0.00179 global_ceil=0.00004 ring=0.00000 smooth=0.0054 laplacian=0.0153 anticollapse=0.00000 shell_inner=0.00000 shell_outer=0.00000 homogeneity=0.0000 body=0.00000 bowel=0.00000 femur=0.00103 penile=0.00000
2026-06-02 13:44:28 [INFO] Step 54/54 Loss=7.6232 mse=0.2617 v_opt=0.03919 v_mand=0.00028 ptv=0.0029 ptv_max=0.00592 global_ceil=0.00141 ring=0.00000 smooth=0.0097 laplacian=0.0311 anticollapse=0.00000 shell_inner=0.00000 shell_outer=0.00000 homogeneity=0.0000 body=0.00000 bowel=0.02366 femur=0.00787 penile=0.00000
2026-06-02 13:44:28 [INFO] Running validation at epoch 105...
2026-06-02 13:45:05 [INFO] Epoch 105 Summary: Train=12.9994 Val=0.0255 (MSE=0.0255)
          Coverage D95:  PTV60_D95=50.38Gy  PTV44_D95=39.08Gy
          SIB Means:    PTV60=57.97Gy PTV44=46.39Gy
          OAR Metrics:  Bladder=33.93Gy Rectum=31.79Gy Bowel=31.06Gy Femur=32.85Gy Ring=48.59Gy Penile=39.98Gy
          Physics:      Dmax=87.87Gy BG=36.65Gy
2026-06-02 13:45:05 [INFO] [DIAGNOSTIC] Saved fallback model MSE=0.0255
2026-06-02 13:45:05 [INFO] Epoch 106/300 [FULL PHYSICS] ramp=1.000 lr=7.30e-05
2026-06-02 13:45:12 [INFO] Step 5/54 Loss=4.5726 mse=0.1688 v_opt=0.00628 v_mand=0.00000 ptv=0.0058 ptv_max=0.00105 global_ceil=0.00012 ring=0.00000 smooth=0.0082 laplacian=0.0232 anticollapse=0.00000 shell_inner=0.00000 shell_outer=0.00000 homogeneity=0.0000 body=0.00000 bowel=0.00000 femur=0.00030 penile=0.00000
2026-06-02 13:45:17 [INFO] Step 10/54 Loss=6.8207 mse=0.2520 v_opt=0.06202 v_mand=0.00068 ptv=0.0041 ptv_max=0.00311 global_ceil=0.00019 ring=0.00000 smooth=0.0104 laplacian=0.0281 anticollapse=0.00000 shell_inner=0.00000 shell_outer=0.00000 homogeneity=0.0000 body=0.00000 bowel=0.00000 femur=0.00219 penile=0.00000
2026-06-02 13:45:24 [INFO] Step 15/54 Loss=7.1390 mse=0.2647 v_opt=0.04102 v_mand=0.00048 ptv=0.0026 ptv_max=0.00501 global_ceil=0.00067 ring=0.00000 smooth=0.0103 laplacian=0.0289 anticollapse=0.00000 shell_inner=0.00000 shell_outer=0.00000 homogeneity=0.0000 body=0.00000 bowel=0.00010 femur=0.00148 penile=0.00000
2026-06-02 13:45:29 [INFO] Step 20/54 Loss=20.2123 mse=0.5615 v_opt=0.07531 v_mand=0.00246 ptv=0.0027 ptv_max=0.01977 global_ceil=0.00762 ring=0.00006 smooth=0.0076 laplacian=0.0230 anticollapse=0.00000 shell_inner=0.00000 shell_outer=0.00000 homogeneity=0.0000 body=0.00000 bowel=0.15082 femur=0.03317 penile=0.14224
2026-06-02 13:45:37 [INFO] Step 25/54 Loss=8.6246 mse=0.2870 v_opt=0.09592 v_mand=0.00793 ptv=0.0048 ptv_max=0.00750 global_ceil=0.00160 ring=0.00000 smooth=0.0088 laplacian=0.0265 anticollapse=0.00000 shell_inner=0.00000 shell_outer=0.00000 homogeneity=0.0000 body=0.00000 bowel=0.00076 femur=0.01358 penile=0.00000
2026-06-02 13:45:42 [INFO] Step 30/54 Loss=10.7302 mse=0.3624 v_opt=0.05260 v_mand=0.00166 ptv=0.0038 ptv_max=0.00777 global_ceil=0.00125 ring=0.00000 smooth=0.0090 laplacian=0.0262 anticollapse=0.00000 shell_inner=0.00000 shell_outer=0.00000 homogeneity=0.0000 body=0.00000 bowel=0.05039 femur=0.01047 penile=0.00000
2026-06-02 13:45:48 [INFO] Step 35/54 Loss=5.8080 mse=0.2148 v_opt=0.01619 v_mand=0.00000 ptv=0.0036 ptv_max=0.00356 global_ceil=0.00034 ring=0.00000 smooth=0.0071 laplacian=0.0214 anticollapse=0.00000 shell_inner=0.00000 shell_outer=0.00000 homogeneity=0.0000 body=0.00000 bowel=0.00166 femur=0.00342 penile=0.00000
2026-06-02 13:45:54 [INFO] Step 40/54 Loss=2.8436 mse=0.0985 v_opt=0.00146 v_mand=0.00000 ptv=0.0060 ptv_max=0.00182 global_ceil=0.00013 ring=0.00000 smooth=0.0083 laplacian=0.0226 anticollapse=0.00000 shell_inner=0.00000 shell_outer=0.00000 homogeneity=0.0000 body=0.00000 bowel=0.00000 femur=0.00062 penile=0.00000
2026-06-02 13:46:01 [INFO] Step 45/54 Loss=7.5824 mse=0.2692 v_opt=0.00668 v_mand=0.00000 ptv=0.0038 ptv_max=0.00511 global_ceil=0.00073 ring=0.00000 smooth=0.0091 laplacian=0.0260 anticollapse=0.00000 shell_inner=0.00000 shell_outer=0.00000 homogeneity=0.0000 body=0.00000 bowel=0.01581 femur=0.01399 penile=0.00000
2026-06-02 13:46:07 [INFO] Step 50/54 Loss=5.2500 mse=0.1828 v_opt=0.03676 v_mand=0.00352 ptv=0.0057 ptv_max=0.00267 global_ceil=0.00018 ring=0.00000 smooth=0.0095 laplacian=0.0258 anticollapse=0.00000 shell_inner=0.00000 shell_outer=0.00000 homogeneity=0.0000 body=0.00000 bowel=0.00000 femur=0.00381 penile=0.00000
2026-06-02 13:46:12 [INFO] Step 54/54 Loss=6.2552 mse=0.2345 v_opt=0.02092 v_mand=0.00041 ptv=0.0047 ptv_max=0.00147 global_ceil=0.00022 ring=0.00000 smooth=0.0090 laplacian=0.0249 anticollapse=0.00000 shell_inner=0.00000 shell_outer=0.00000 homogeneity=0.0000 body=0.00000 bowel=0.00000 femur=0.00104 penile=0.00000
2026-06-02 13:46:12 [INFO] Running validation at epoch 106...
2026-06-02 13:46:48 [INFO] Epoch 106 Summary: Train=8.6699 Val=0.0247 (MSE=0.0247)
          Coverage D95:  PTV60_D95=51.90Gy  PTV44_D95=38.15Gy
          SIB Means:    PTV60=59.93Gy PTV44=45.89Gy
          OAR Metrics:  Bladder=31.13Gy Rectum=30.86Gy Bowel=30.25Gy Femur=32.25Gy Ring=47.92Gy Penile=39.62Gy
          Physics:      Dmax=111.17Gy BG=35.80Gy
2026-06-02 13:46:48 [INFO] [DIAGNOSTIC] Saved fallback model MSE=0.0247
2026-06-02 13:46:48 [INFO] Epoch 107/300 [FULL PHYSICS] ramp=1.000 lr=7.25e-05
2026-06-02 13:46:56 [INFO] Step 5/54 Loss=5.9684 mse=0.2198 v_opt=0.00486 v_mand=0.00000 ptv=0.0044 ptv_max=0.00303 global_ceil=0.00088 ring=0.00000 smooth=0.0098 laplacian=0.0260 anticollapse=0.00000 shell_inner=0.00000 shell_outer=0.00000 homogeneity=0.0000 body=0.00000 bowel=0.00000 femur=0.00096 penile=0.00000
2026-06-02 13:47:01 [INFO] Step 10/54 Loss=11.8420 mse=0.3856 v_opt=0.01141 v_mand=0.00001 ptv=0.0023 ptv_max=0.00739 global_ceil=0.00911 ring=0.00004 smooth=0.0082 laplacian=0.0218 anticollapse=0.00000 shell_inner=0.00000 shell_outer=0.00000 homogeneity=0.0000 body=0.00000 bowel=0.02332 femur=0.01115 penile=0.00000
2026-06-02 13:47:07 [INFO] Step 15/54 Loss=18.2588 mse=0.5299 v_opt=0.08304 v_mand=0.00445 ptv=0.0050 ptv_max=0.00974 global_ceil=0.00762 ring=0.00011 smooth=0.0095 laplacian=0.0310 anticollapse=0.00000 shell_inner=0.00000 shell_outer=0.00000 homogeneity=0.0000 body=0.00000 bowel=0.19109 femur=0.00550 penile=0.00000
